sample,method,Method,preprocess_method,True vectors,Predicted vectors,Vector count error,Engineering score,Line geometry score,Total length score,Junction angle score,Vector count score,True junctions,Predicted junctions,tp,fp,fn,tn,sample_precision,sample_recall,sample_f1,sample_accuracy,sample_iou
0,cnn_direct_vector_regression__distance_transform,CNN + Distance-to-stroke,distance_transform,1,1,0,0.51,0.0,0.8,1.0,1.0,0,0,0,25,65,16294,0.0,0.0,0.0,0.9945068359374393,0.0
0,cnn_direct_vector_regression__local_density,CNN + Local density blur,local_density,1,1,0,0.5038461538461538,0.0,0.7692307692307692,1.0,1.0,0,0,0,26,65,16293,0.0,0.0,0.0,0.9944458007811893,0.0
1,cnn_direct_vector_regression__distance_transform,CNN + Distance-to-stroke,distance_transform,4,4,0,0.5500313845050215,0.07327235772357724,0.8352941176470589,1.0,1.0,0,0,11,126,297,15950,0.08029197080233365,0.03571428571416976,0.049438201820800415,0.9741821289061905,0.02534562211975727
1,cnn_direct_vector_regression__local_density,CNN + Local density blur,local_density,4,4,0,0.3452318866571019,0.12404471544715448,0.9470588235294117,0.0,1.0,0,2,5,150,303,15926,0.03225806451592092,0.016233766233713528,0.021598271692735434,0.9723510742186906,0.010917030567661754
2,cnn_direct_vector_regression__distance_transform,CNN + Distance-to-stroke,distance_transform,5,5,0,0.3606431034482759,0.15966666666666668,0.9439655172413793,0.0,1.0,2,1,9,175,444,15756,0.04891304347799504,0.019867549668830316,0.028257456417961953,0.9622192382811913,0.014331210191059983
2,cnn_direct_vector_regression__local_density,CNN + Local density blur,local_density,5,5,0,0.3045349453322119,0.09628455284552845,0.8060344827586207,0.0,1.0,2,0,13,172,440,15759,0.07027027026989044,0.028697571743866012,0.04075235068527727,0.9626464843749413,0.02079999999996672
3,cnn_direct_vector_regression__distance_transform,CNN + Distance-to-stroke,distance_transform,1,1,0,0.6878749999999999,0.3341666666666666,0.9375,1.0,1.0,0,0,23,23,130,16208,0.4999999999891305,0.1503267973846384,0.23115577853670363,0.9906616210936895,0.1306818181810757
3,cnn_direct_vector_regression__local_density,CNN + Local density blur,local_density,1,1,0,0.8091666666666667,0.65,0.8333333333333334,1.0,1.0,0,0,0,41,153,16190,0.0,0.0,0.0,0.9881591796874397,0.0
4,cnn_direct_vector_regression__distance_transform,CNN + Distance-to-stroke,distance_transform,2,2,0,0.6233653846153846,0.163034188034188,1.0,1.0,1.0,0,0,20,32,140,16192,0.38461538460798816,0.12499999999921876,0.18867924491100038,0.9895019531249396,0.10416666666612413
4,cnn_direct_vector_regression__local_density,CNN + Local density blur,local_density,2,2,0,0.5112903225806451,0.0,0.8064516129032258,1.0,1.0,0,0,4,57,156,16167,0.06557377049072831,0.02499999999984375,0.036199094622632634,0.9869995117186897,0.018433179723417358
5,cnn_direct_vector_regression__distance_transform,CNN + Distance-to-stroke,distance_transform,4,4,0,0.32996456371324234,0.07393410852713177,0.9834710743801653,0.0,1.0,1,1,9,218,522,15635,0.03964757709233636,0.016949152542340962,0.02374670142732577,0.9548339843749417,0.012016021361799712
5,cnn_direct_vector_regression__local_density,CNN + Local density blur,local_density,4,4,0,0.3240402892561983,0.0975,0.9008264462809917,0.0,1.0,1,0,3,211,528,15642,0.01401869158871954,0.005649717514113654,0.008053690865672739,0.9548950195311917,0.00404312668463067
6,cnn_direct_vector_regression__distance_transform,CNN + Distance-to-stroke,distance_transform,1,1,0,0.9801587301587301,0.962962962962963,0.9841269841269842,1.0,1.0,0,0,0,63,64,16257,0.0,0.0,0.0,0.9922485351561894,0.0
6,cnn_direct_vector_regression__local_density,CNN + Local density blur,local_density,1,1,0,0.6288930348258707,0.2018518518518518,0.9402985074626866,1.0,1.0,0,0,6,61,58,16259,0.08955223880463355,0.09374999999853516,0.09160305293397822,0.9927368164061894,0.047999999999615996
7,cnn_direct_vector_regression__distance_transform,CNN + Distance-to-stroke,distance_transform,5,4,1,0.6323221400922003,0.24813480331773016,0.9533073929961089,1.0,0.8,0,0,25,229,552,15578,0.09842519685000621,0.04332755632574813,0.06016847129621279,0.9523315429686918,0.031017369727008665
7,cnn_direct_vector_regression__local_density,CNN + Local density blur,local_density,5,4,1,0.5330753499747006,0.12293388429752067,0.7387755102040816,1.0,0.8,0,0,22,151,555,15656,0.1271676300570684,0.038128249566658355,0.05866666631159111,0.9569091796874416,0.030219780219738708
8,cnn_direct_vector_regression__distance_transform,CNN + Distance-to-stroke,distance_transform,1,1,0,0.572602564102564,0.12999999999999998,0.8205128205128205,1.0,1.0,0,0,16,17,24,16327,0.4848484848337925,0.39999999999,0.4383561638761494,0.997497558593689,0.28070175438104034
8,cnn_direct_vector_regression__local_density,CNN + Local density blur,local_density,1,1,0,0.9680769230769231,0.9401709401709402,0.975,1.0,1.0,0,0,0,41,40,16303,0.0,0.0,0.0,0.9950561523436893,0.0
9,cnn_direct_vector_regression__distance_transform,CNN + Distance-to-stroke,distance_transform,4,4,0,0.37331046544831525,0.20606209150326796,0.9029126213592233,0.0,1.0,0,1,13,167,587,15617,0.072222222221821,0.021666666666630557,0.033333332978218284,0.9539794921874417,0.016949152542350784
9,cnn_direct_vector_regression__local_density,CNN + Local density blur,local_density,4,4,0,0.5665304746494066,0.041049382716049375,0.9902912621359223,1.0,1.0,0,0,8,179,592,15605,0.04278074866287283,0.01333333333331111,0.020330368125572967,0.9529418945311918,0.010269576379961143
10,cnn_direct_vector_regression__distance_transform,CNN + Distance-to-stroke,distance_transform,3,3,0,0.5918936825885979,0.17595959595959595,0.8135593220338984,1.0,1.0,0,0,0,134,506,15744,0.0,0.0,0.0,0.9609374999999413,0.0
10,cnn_direct_vector_regression__local_density,CNN + Local density blur,local_density,3,3,0,0.3077608047690015,0.031818181818181815,0.9672131147540983,0.0,1.0,0,3,5,163,501,15715,0.02976190476172761,0.009881422924881658,0.014836794877924445,0.9594726562499414,0.007473841554547872
11,cnn_direct_vector_regression__distance_transform,CNN + Distance-to-stroke,distance_transform,1,1,0,0.52,0.0,0.85,1.0,1.0,0,0,13,30,62,16279,0.30232558138831805,0.17333333333102222,0.2203389825838839,0.9943847656249393,0.12380952380834467
11,cnn_direct_vector_regression__local_density,CNN + Local density blur,local_density,1,1,0,0.625,0.19444444444444445,0.9375,1.0,1.0,0,0,0,49,75,16260,0.0,0.0,0.0,0.9924316406249394,0.0
12,cnn_direct_vector_regression__distance_transform,CNN + Distance-to-stroke,distance_transform,3,4,1,0.3815667903525047,0.24286195286195286,0.9863945578231292,0.0,0.75,0,1,4,133,216,16031,0.029197080291757688,0.01818181818173554,0.02240896311233514,0.9786987304686903,0.011331444759174698
12,cnn_direct_vector_regression__local_density,CNN + Local density blur,local_density,3,4,1,0.5797300670931502,0.12775263951734536,0.9862068965517241,1.0,0.75,0,0,15,125,205,16039,0.10714285714209185,0.06818181818150827,0.08333333285756173,0.9798583984374402,0.04347826086943919
13,cnn_direct_vector_regression__distance_transform,CNN + Distance-to-stroke,distance_transform,1,1,0,0.734,0.52,0.75,1.0,1.0,0,0,0,67,89,16228,0.0,0.0,0.0,0.9904785156249395,0.0
13,cnn_direct_vector_regression__local_density,CNN + Local density blur,local_density,1,1,0,0.7203636363636364,0.52,0.6818181818181819,1.0,1.0,0,0,31,30,58,16265,0.5081967213031443,0.34831460673765935,0.4133333328452444,0.9946289062499393,0.26050420167848315
14,cnn_direct_vector_regression__distance_transform,CNN + Distance-to-stroke,distance_transform,3,4,1,0.3110006128776408,0.12643585614600106,0.8955223880597015,0.0,0.75,1,2,22,166,410,15786,0.11702127659512224,0.050925925925808045,0.07096774151269511,0.964843749999941,0.03678929765880136
14,cnn_direct_vector_regression__local_density,CNN + Local density blur,local_density,3,4,1,0.3338624222798899,0.14744234065762815,0.9625668449197861,0.0,0.75,1,1,33,119,399,15833,0.21710526315646642,0.07638888888871206,0.11301369824468709,0.9683837890624408,0.05989110707793123
15,cnn_direct_vector_regression__distance_transform,CNN + Distance-to-stroke,distance_transform,3,4,1,0.2923319023936578,0.10268646164722517,0.8556149732620321,0.0,0.75,0,2,15,125,505,15739,0.10714285714209185,0.028846153846098375,0.04545454512015611,0.9615478515624413,0.023255813953452317
15,cnn_direct_vector_regression__local_density,CNN + Local density blur,local_density,3,4,1,0.34039319759524367,0.178592132505176,0.9251336898395722,0.0,0.75,0,1,14,141,506,15723,0.09032258064457857,0.02692307692302515,0.04148148112755886,0.9605102539061914,0.02118003025715404
16,cnn_direct_vector_regression__distance_transform,CNN + Distance-to-stroke,distance_transform,2,2,0,0.3993712514994002,0.2426829268292683,0.9508196721311475,0.0,1.0,1,0,3,51,149,16181,0.05555555555452675,0.019736842105133313,0.029126213205108876,0.9877929687499397,0.014778325123079911
16,cnn_direct_vector_regression__local_density,CNN + Local density blur,local_density,2,1,1,0.2537834866053579,0.16869918699186992,0.639344262295082,0.0,0.5,1,0,2,35,150,16197,0.054054054052593135,0.013157894736755542,0.02116402084891241,0.9887084960936896,0.010695187165718208
17,cnn_direct_vector_regression__distance_transform,CNN + Distance-to-stroke,distance_transform,2,1,1,0.4020408163265306,0.0,0.5102040816326531,1.0,0.5,0,0,3,16,152,16213,0.157894736833795,0.01935483870955255,0.03448275842574978,0.9897460937499396,0.01754385964902021
17,cnn_direct_vector_regression__local_density,CNN + Local density blur,local_density,2,1,1,0.40204931972789115,0.04537037037037035,0.40816326530612246,1.0,0.5,0,0,0,20,155,16209,0.0,0.0,0.0,0.9893188476561896,0.0
18,cnn_direct_vector_regression__distance_transform,CNN + Distance-to-stroke,distance_transform,3,4,1,0.33380710095982935,0.1535919540229885,0.9484536082474226,0.0,0.75,1,1,46,138,416,15784,0.2499999999986413,0.09956709956688406,0.14241486027327013,0.966186523437441,0.07666666666653889
18,cnn_direct_vector_regression__local_density,CNN + Local density blur,local_density,3,4,1,0.3354518365817092,0.1415837914376145,0.9836956521739131,0.0,0.75,1,1,6,157,456,15765,0.03680981595069442,0.012987012986984877,0.01919999961437185,0.9625854492186913,0.009693053311777555
19,cnn_direct_vector_regression__distance_transform,CNN + Distance-to-stroke,distance_transform,1,1,0,0.5182926829268293,0.0,0.8414634146341463,1.0,1.0,0,0,8,51,171,16154,0.13559322033668486,0.04469273742991792,0.06722689038284725,0.9864501953124397,0.03478260869550095
19,cnn_direct_vector_regression__local_density,CNN + Local density blur,local_density,1,1,0,0.8092854833970026,0.5815447154471545,0.9879518072289156,1.0,1.0,0,0,0,63,179,16142,0.0,0.0,0.0,0.9852294921874398,0.0
20,cnn_direct_vector_regression__distance_transform,CNN + Distance-to-stroke,distance_transform,5,5,0,0.32246825396825396,0.12047619047619049,0.8412698412698413,0.0,1.0,1,0,23,158,401,15802,0.12707182320371785,0.05424528301873999,0.07603305743165086,0.965881347656191,0.03951890034357471
20,cnn_direct_vector_regression__local_density,CNN + Local density blur,local_density,5,5,0,0.26492770167427704,0.043827160493827164,0.726027397260274,0.0,1.0,1,0,18,187,406,15773,0.08780487804835217,0.04245283018857912,0.05723370385295762,0.9638061523436912,0.029459901800279117
21,cnn_direct_vector_regression__distance_transform,CNN + Distance-to-stroke,distance_transform,1,1,0,0.4810344827586207,0.0,0.6551724137931034,1.0,1.0,0,0,2,25,18,16339,0.07407407407133058,0.099999999995,0.08510638248619286,0.997375488281189,0.04444444444345679
21,cnn_direct_vector_regression__local_density,CNN + Local density blur,local_density,1,1,0,0.502,0.0,0.76,1.0,1.0,0,0,2,20,18,16344,0.09090909090495868,0.099999999995,0.09523809473469388,0.997680664062439,0.04999999999875
22,cnn_direct_vector_regression__distance_transform,CNN + Distance-to-stroke,distance_transform,3,3,0,0.5565714285714286,0.17333333333333334,0.6428571428571428,1.0,1.0,0,0,22,40,79,16243,0.3548387096716962,0.21782178217606116,0.2699386498320599,0.9927368164061894,0.15602836879321966
22,cnn_direct_vector_regression__local_density,CNN + Local density blur,local_density,3,3,0,0.595,0.12962962962962965,0.9333333333333333,1.0,1.0,0,0,0,104,101,16179,0.0,0.0,0.0,0.9874877929686897,0.0
23,cnn_direct_vector_regression__distance_transform,CNN + Distance-to-stroke,distance_transform,3,3,0,0.47571428571428576,0.0,0.6285714285714286,1.0,1.0,0,0,0,40,177,16167,0.0,0.0,0.0,0.9867553710936897,0.0
23,cnn_direct_vector_regression__local_density,CNN + Local density blur,local_density,3,3,0,0.5245279720279721,0.04595959595959595,0.7692307692307692,1.0,1.0,0,0,1,86,176,16121,0.0114942528734311,0.005649717514092375,0.007575757133809715,0.9840087890624399,0.0038022813688068356
24,cnn_direct_vector_regression__distance_transform,CNN + Distance-to-stroke,distance_transform,5,5,0,0.3188750380054728,0.1507246376811594,0.7552447552447552,0.0,1.0,0,1,13,265,520,15586,0.04676258992788934,0.024390243902393263,0.032059185739242026,0.9520874023436918,0.01629072681702219
24,cnn_direct_vector_regression__local_density,CNN + Local density blur,local_density,5,5,0,0.33771351612329426,0.1214725970348159,0.9152542372881356,0.0,1.0,0,2,30,197,503,15654,0.13215859030778784,0.05628517823629215,0.07894736800190097,0.9572753906249415,0.04109589041090261
25,cnn_direct_vector_regression__distance_transform,CNN + Distance-to-stroke,distance_transform,2,2,0,0.554207085726005,0.09320652173913044,0.8113207547169812,1.0,1.0,0,0,0,55,118,16211,0.0,0.0,0.0,0.9894409179686896,0.0
25,cnn_direct_vector_regression__local_density,CNN + Local density blur,local_density,2,2,0,0.5744471153846153,0.13124999999999998,0.8269230769230769,1.0,1.0,0,0,3,45,115,16221,0.062499999998697923,0.025423728813343868,0.0361445779017274,0.9902343749999395,0.01840490797534721
26,cnn_direct_vector_regression__distance_transform,CNN + Distance-to-stroke,distance_transform,5,5,0,0.3431884795371395,0.11391780821917806,0.9596273291925466,0.0,1.0,0,1,53,246,708,15377,0.1772575250830192,0.06964520367927773,0.09999999959479353,0.9417724609374425,0.052631578947316154
26,cnn_direct_vector_regression__local_density,CNN + Local density blur,local_density,5,5,0,0.36842370916754474,0.1561552511415525,0.9907692307692307,0.0,1.0,0,2,45,273,716,15350,0.14150943396181917,0.05913272010504713,0.08341056492240352,0.9396362304686926,0.043520309477714195
27,cnn_direct_vector_regression__distance_transform,CNN + Distance-to-stroke,distance_transform,4,3,1,0.3532612612612613,0.26,0.8063063063063063,0.0,0.75,0,1,10,168,389,15817,0.056179775280583266,0.025062656641541198,0.03466204463388892,0.966003417968691,0.017636684303319865
27,cnn_direct_vector_regression__local_density,CNN + Local density blur,local_density,4,4,0,0.33997434722858455,0.16090395480225989,0.8378378378378378,0.0,1.0,0,1,11,167,388,15818,0.06179775280864159,0.027568922305695315,0.038128249139942755,0.966125488281191,0.01943462897523068
28,cnn_direct_vector_regression__distance_transform,CNN + Distance-to-stroke,distance_transform,4,4,0,0.3057171052631579,0.06416666666666666,0.8842105263157894,0.0,1.0,0,2,3,146,495,15740,0.020134228187784334,0.006024096385530072,0.009273569970029325,0.9608764648436914,0.004658385093160468
28,cnn_direct_vector_regression__local_density,CNN + Local density blur,local_density,4,4,0,0.32954476692066337,0.07481884057971014,0.979381443298969,0.0,1.0,0,2,0,159,498,15727,0.0,0.0,0.0,0.9598999023436914,0.0
29,cnn_direct_vector_regression__distance_transform,CNN + Distance-to-stroke,distance_transform,2,2,0,0.43000000000000005,0.0,0.4,1.0,1.0,0,0,3,35,99,16247,0.07894736841897508,0.029411764705594,0.04285714246102041,0.9918212890624394,0.021897810218818266
29,cnn_direct_vector_regression__local_density,CNN + Local density blur,local_density,2,2,0,0.5442584745762712,0.07612994350282486,0.8,1.0,1.0,0,0,9,72,93,16210,0.11111111110973937,0.088235294116782,0.0983606552432142,0.9899291992186896,0.05172413793073722
30,cnn_direct_vector_regression__distance_transform,CNN + Distance-to-stroke,distance_transform,2,2,0,0.5376338582677165,0.13,0.6456692913385826,1.0,1.0,0,0,0,84,215,16085,0.0,0.0,0.0,0.98175048828119,0.0
30,cnn_direct_vector_regression__local_density,CNN + Local density blur,local_density,2,3,1,0.5436706036745407,0.13,0.8425196850393701,1.0,0.6666666666666667,0,0,14,96,201,16073,0.12727272727157024,0.06511627906946457,0.08615384570550531,0.98187255859369,0.04501607717027326
31,cnn_direct_vector_regression__distance_transform,CNN + Distance-to-stroke,distance_transform,5,5,0,0.2997461202836036,0.06710843373493974,0.8477366255144033,0.0,1.0,0,2,3,181,703,15497,0.016304347825998346,0.0042492917846965305,0.0067415727056937425,0.9460449218749423,0.0033821871476850257
31,cnn_direct_vector_regression__local_density,CNN + Local density blur,local_density,5,5,0,0.26993006993006996,0.0,0.8496503496503497,0.0,1.0,0,2,14,249,692,15429,0.053231939163295695,0.01983002832858381,0.028895768438292967,0.9425659179686925,0.014659685863858995
32,cnn_direct_vector_regression__distance_transform,CNN + Distance-to-stroke,distance_transform,3,3,0,0.4607438016528925,0.0,0.5537190082644627,1.0,1.0,0,0,12,55,286,16031,0.1791044776092671,0.040268456375703796,0.06575342435744042,0.9791870117186902,0.033994334277524095
32,cnn_direct_vector_regression__local_density,CNN + Local density blur,local_density,3,3,0,0.3407422123331214,0.1346153846153846,0.9008264462809917,0.0,1.0,0,1,5,90,293,15996,0.0526315789468144,0.016778523489876584,0.02544529225414215,0.9766235351561904,0.012886597938111118
33,cnn_direct_vector_regression__distance_transform,CNN + Distance-to-stroke,distance_transform,2,2,0,0.502542372881356,0.0,0.7627118644067796,1.0,1.0,0,0,6,40,65,16273,0.1304347826058601,0.08450704225233088,0.10256410208517788,0.9935913085936894,0.05405405405356708
33,cnn_direct_vector_regression__local_density,CNN + Local density blur,local_density,2,2,0,0.5560750605326876,0.11142857142857143,0.7796610169491526,1.0,1.0,0,0,0,45,71,16268,0.0,0.0,0.0,0.9929199218749394,0.0
34,cnn_direct_vector_regression__distance_transform,CNN + Distance-to-stroke,distance_transform,1,1,0,0.4948275862068966,0.0,0.7241379310344828,1.0,1.0,0,0,0,22,30,16332,0.0,0.0,0.0,0.9968261718749392,0.0
34,cnn_direct_vector_regression__local_density,CNN + Local density blur,local_density,1,1,0,0.48793103448275865,0.0,0.6896551724137931,1.0,1.0,0,0,2,17,28,16337,0.10526315788919667,0.06666666666444444,0.08163265258309038,0.9972534179686892,0.04255319148845632
35,cnn_direct_vector_regression__distance_transform,CNN + Distance-to-stroke,distance_transform,1,1,0,0.4603448275862069,0.0,0.5517241379310345,1.0,1.0,0,0,17,13,36,16318,0.5666666666477778,0.3207547169750801,0.4096385537453912,0.9970092773436892,0.2575757575718549
35,cnn_direct_vector_regression__local_density,CNN + Local density blur,local_density,1,1,0,0.55125,0.05833333333333331,0.875,1.0,1.0,0,0,3,11,50,16320,0.21428571427040816,0.05660377358383767,0.08955223847271107,0.9962768554686892,0.04687499999926758
36,cnn_direct_vector_regression__distance_transform,CNN + Distance-to-stroke,distance_transform,2,2,0,0.6065277777777778,0.175,0.8888888888888888,1.0,1.0,0,0,3,57,71,16253,0.04999999999916667,0.040540540539992696,0.044776118907774574,0.9921874999999394,0.022900763358603814
36,cnn_direct_vector_regression__local_density,CNN + Local density blur,local_density,2,2,0,0.5136363636363637,0.0,0.8181818181818181,1.0,1.0,0,0,5,82,69,16228,0.0574712643671555,0.06756756756665448,0.062111800744724346,0.9907836914061895,0.032051282051076595
37,cnn_direct_vector_regression__distance_transform,CNN + Distance-to-stroke,distance_transform,3,3,0,0.4793333333333334,0.0,0.6466666666666667,1.0,1.0,0,0,6,90,193,16095,0.06249999999934896,0.030150753768692713,0.04067796566237288,0.98272705078119,0.02076124567466865
37,cnn_direct_vector_regression__local_density,CNN + Local density blur,local_density,3,3,0,0.5271666666666667,0.13,0.5933333333333333,1.0,1.0,0,0,7,83,192,16102,0.07777777777691358,0.03517587939680816,0.048442906145185045,0.9832153320311899,0.02482269503537297
38,cnn_direct_vector_regression__distance_transform,CNN + Distance-to-stroke,distance_transform,3,3,0,0.5191428571428571,0.0,0.8457142857142858,1.0,1.0,0,0,4,138,439,15803,0.02816901408430867,0.009029345372440115,0.013675213307537449,0.964782714843691,0.0068846815834649145
38,cnn_direct_vector_regression__local_density,CNN + Local density blur,local_density,3,3,0,0.26457142857142857,0.0,0.8228571428571428,0.0,1.0,0,2,51,86,392,15855,0.3722627737199105,0.11512415349861146,0.17586206860408443,0.9708251953124407,0.09640831758015803
39,cnn_direct_vector_regression__distance_transform,CNN + Distance-to-stroke,distance_transform,4,5,1,0.3473333333333334,0.16666666666666669,0.5866666666666667,0.3,0.8,2,1,4,172,396,15812,0.022727272727143595,0.009999999999975001,0.013888888464457962,0.965332031249941,0.0069930069929947675
39,cnn_direct_vector_regression__local_density,CNN + Local density blur,local_density,4,5,1,0.2652664884135473,0.03096256684491978,0.8566666666666667,0.0,0.8,2,2,20,215,380,15769,0.08510638297836125,0.049999999999875,0.06299212551781265,0.9636840820311912,0.032520325203199155
40,cnn_direct_vector_regression__distance_transform,CNN + Distance-to-stroke,distance_transform,1,1,0,0.43965517241379315,0.0,0.4482758620689655,1.0,1.0,0,0,6,20,42,16316,0.23076923076035502,0.12499999999739585,0.16216216170197226,0.9962158203124392,0.08823529411634948
40,cnn_direct_vector_regression__local_density,CNN + Local density blur,local_density,1,1,0,0.5029411764705882,0.0,0.7647058823529411,1.0,1.0,0,0,0,17,48,16319,0.0,0.0,0.0,0.9960327148436892,0.0
41,cnn_direct_vector_regression__distance_transform,CNN + Distance-to-stroke,distance_transform,1,1,0,0.7675,0.65,0.625,1.0,1.0,0,0,0,11,17,16356,0.0,0.0,0.0,0.998291015624939,0.0
41,cnn_direct_vector_regression__local_density,CNN + Local density blur,local_density,1,1,0,0.42500000000000004,0.0,0.375,1.0,1.0,0,0,0,6,17,16361,0.0,0.0,0.0,0.998596191406189,0.0
42,cnn_direct_vector_regression__distance_transform,CNN + Distance-to-stroke,distance_transform,4,4,0,0.3385688956433638,0.2701058201058201,0.5851063829787234,0.0,1.0,1,0,5,102,404,15873,0.0467289719621801,0.012224938875275733,0.019379844632436458,0.9691162109374408,0.009784735812113924
42,cnn_direct_vector_regression__local_density,CNN + Local density blur,local_density,4,4,0,0.3982144026186579,0.2986324786324786,0.8191489361702128,0.0,1.0,1,0,5,122,404,15853,0.03937007873984748,0.012224938875275733,0.018656716056241654,0.9678955078124409,0.00941619585685609
43,cnn_direct_vector_regression__distance_transform,CNN + Distance-to-stroke,distance_transform,2,2,0,0.5392546193643755,0.08090909090909089,0.7642276422764227,1.0,1.0,0,0,4,90,121,16169,0.04255319148890901,0.031999999999744,0.03652967987498176,0.9871215820311897,0.018604651162704166
43,cnn_direct_vector_regression__local_density,CNN + Local density blur,local_density,2,2,0,0.5891412987547597,0.18092827004219408,0.7886178861788617,1.0,1.0,0,0,3,94,122,16165,0.030927835051227547,0.023999999999807998,0.027027026534737448,0.9868164062499397,0.013698630136923752
44,cnn_direct_vector_regression__distance_transform,CNN + Distance-to-stroke,distance_transform,4,5,1,0.6743778566808123,0.41154262935872127,0.7959183673469388,1.0,0.8,0,0,86,153,459,15686,0.359832635981758,0.15779816513732514,0.21938775467765065,0.9626464843749413,0.12320916905426474
44,cnn_direct_vector_regression__local_density,CNN + Local density blur,local_density,4,5,1,0.5749160964483546,0.2159751638246262,0.7386363636363636,1.0,0.8,0,0,57,204,488,15635,0.2183908045968644,0.10458715596311086,0.14143920551706185,0.9577636718749415,0.07610146862473151
45,cnn_direct_vector_regression__distance_transform,CNN + Distance-to-stroke,distance_transform,2,2,0,0.6367282608695652,0.31833333333333336,0.7173913043478262,1.0,1.0,0,0,12,126,253,15993,0.08695652173850033,0.04528301886775365,0.05955334942529047,0.9768676757811904,0.030690537084320485
45,cnn_direct_vector_regression__local_density,CNN + Local density blur,local_density,2,2,0,0.547979797979798,0.0,0.98989898989899,1.0,1.0,0,0,19,81,246,16038,0.1899999999981,0.07169811320727662,0.10410958864270219,0.9800415039061902,0.054913294797529155
46,cnn_direct_vector_regression__distance_transform,CNN + Distance-to-stroke,distance_transform,4,4,0,0.5872135416666667,0.15677083333333333,0.8333333333333334,1.0,1.0,0,0,0,174,254,15956,0.0,0.0,0.0,0.9738769531249405,0.0
46,cnn_direct_vector_regression__local_density,CNN + Local density blur,local_density,4,4,0,0.38655424528301885,0.21749999999999997,0.9433962264150944,0.0,1.0,0,1,0,161,254,15969,0.0,0.0,0.0,0.9746704101561905,0.0
47,cnn_direct_vector_regression__distance_transform,CNN + Distance-to-stroke,distance_transform,5,5,0,0.276326434385547,0.05495169082125604,0.7579908675799087,0.0,1.0,1,1,9,137,399,15839,0.06164383561601614,0.0220588235293577,0.03249097434095323,0.9672851562499409,0.016513761467859607
47,cnn_direct_vector_regression__local_density,CNN + Local density blur,local_density,5,5,0,0.3616924756799682,0.16956521739130437,0.9269406392694064,0.0,1.0,1,3,21,167,387,15809,0.11170212765898031,0.051470588235167966,0.07046979822560921,0.966186523437441,0.03652173913037127
48,cnn_direct_vector_regression__distance_transform,CNN + Distance-to-stroke,distance_transform,2,2,0,0.49515909090909094,0.06499999999999999,0.5795454545454546,1.0,1.0,0,0,0,53,278,16053,0.0,0.0,0.0,0.9797973632811902,0.0
48,cnn_direct_vector_regression__local_density,CNN + Local density blur,local_density,2,2,0,0.2931818181818182,0.0,0.9659090909090909,0.0,1.0,0,1,25,57,253,16049,0.30487804877676977,0.08992805755363335,0.13888888853632714,0.98107910156244,0.07462686567141903
49,cnn_direct_vector_regression__distance_transform,CNN + Distance-to-stroke,distance_transform,3,3,0,0.36408403072337503,0.19369100844510678,0.8846153846153846,0.0,1.0,0,1,7,120,270,15987,0.05511811023578647,0.02527075812265245,0.03465346491529018,0.9761962890624404,0.017632241813557603
49,cnn_direct_vector_regression__local_density,CNN + Local density blur,local_density,3,4,1,0.26720838587641865,0.059608378870673946,0.8269230769230769,0.0,0.75,0,1,1,119,276,15988,0.008333333333263889,0.0036101083032360646,0.005037782953486195,0.9758911132811904,0.0025252525252461486
50,cnn_direct_vector_regression__distance_transform,CNN + Distance-to-stroke,distance_transform,5,5,0,0.35455775254126554,0.1569377990430622,0.9196787148594378,0.0,1.0,1,3,10,196,570,15608,0.048543689320152704,0.0172413793103151,0.025445292234006052,0.9532470703124418,0.012886597938127724
50,cnn_direct_vector_regression__local_density,CNN + Local density blur,local_density,5,4,1,0.26064968005995276,0.03732057416267942,0.8192771084337349,0.0,0.8,1,2,15,177,565,15627,0.0781249999995931,0.02586206896547265,0.03886010325314103,0.9547119140624417,0.01981505944515216
51,cnn_direct_vector_regression__distance_transform,CNN + Distance-to-stroke,distance_transform,2,1,1,0.34705882352941175,0.0,0.23529411764705888,1.0,0.5,0,0,1,11,128,16244,0.08333333332638888,0.007751937984436032,0.0141843970071928,0.9915161132811895,0.007142857142806123
51,cnn_direct_vector_regression__local_density,CNN + Local density blur,local_density,2,1,1,0.4329595588235294,0.03402777777777777,0.5882352941176471,1.0,0.5,0,0,6,24,123,16231,0.19999999999333334,0.04651162790661619,0.07547169780609944,0.9910278320311895,0.039215686274253495
52,cnn_direct_vector_regression__distance_transform,CNN + Distance-to-stroke,distance_transform,4,5,1,0.5949492699008503,0.19228007419183887,0.892116182572614,1.0,0.8,0,0,18,219,655,15492,0.07594936708828713,0.0267459138186824,0.03956043917513103,0.9466552734374422,0.020179372197286796
52,cnn_direct_vector_regression__local_density,CNN + Local density blur,local_density,4,5,1,0.5628962464495014,0.11773317435082138,0.899581589958159,1.0,0.8,0,0,12,215,661,15496,0.05286343612311514,0.017830609212454933,0.026666666289395066,0.9465332031249422,0.013513513513498296
53,cnn_direct_vector_regression__distance_transform,CNN + Distance-to-stroke,distance_transform,1,1,0,0.44756097560975605,0.0,0.4878048780487805,1.0,1.0,0,0,10,30,59,16285,0.24999999999375003,0.14492753622978366,0.18348623806413597,0.9945678710936893,0.1010101010090807
53,cnn_direct_vector_regression__local_density,CNN + Local density blur,local_density,1,1,0,0.5239130434782608,0.0,0.8695652173913043,1.0,1.0,0,0,0,24,69,16291,0.0,0.0,0.0,0.9943237304686893,0.0
54,cnn_direct_vector_regression__distance_transform,CNN + Distance-to-stroke,distance_transform,1,1,0,0.708,0.4066666666666666,0.875,1.0,1.0,0,0,11,38,120,16215,0.22448979591378593,0.08396946564821398,0.12222222182462962,0.9903564453124395,0.06508875739606457
54,cnn_direct_vector_regression__local_density,CNN + Local density blur,local_density,1,1,0,0.5370714285714285,0.12999999999999998,0.6428571428571428,1.0,1.0,0,0,7,21,124,16232,0.24999999999107142,0.0534351145034089,0.08805031417412287,0.9911499023436895,0.04605263157864439
55,cnn_direct_vector_regression__distance_transform,CNN + Distance-to-stroke,distance_transform,1,1,0,0.6506818181818183,0.24393939393939396,0.9545454545454546,1.0,1.0,0,0,3,15,68,16298,0.1666666666574074,0.04225352112616544,0.06741573001287716,0.9949340820311893,0.03488372092982693
55,cnn_direct_vector_regression__local_density,CNN + Local density blur,local_density,1,1,0,0.7708787878787878,0.5278787878787878,0.9166666666666666,1.0,1.0,0,0,12,13,59,16300,0.4799999999808,0.16901408450466177,0.24999999960959204,0.9956054687499392,0.14285714285544218
56,cnn_direct_vector_regression__distance_transform,CNN + Distance-to-stroke,distance_transform,2,2,0,0.6146538461538461,0.2503418803418803,0.76,1.0,1.0,0,0,12,89,230,16053,0.11881188118694246,0.04958677685929923,0.06997084506513443,0.9805297851561902,0.03625377643493579
56,cnn_direct_vector_regression__local_density,CNN + Local density blur,local_density,2,2,0,0.5508666711265722,0.11193693693693692,0.7524752475247525,1.0,1.0,0,0,11,84,231,16058,0.11578947368299168,0.04545454545435763,0.06528189870454086,0.9807739257811902,0.03374233128824006
57,cnn_direct_vector_regression__distance_transform,CNN + Distance-to-stroke,distance_transform,5,5,0,0.355271952929908,0.1445067788686302,0.9512195121951219,0.0,1.0,0,2,4,232,416,15732,0.016949152542301064,0.009523809523786848,0.012195121490519054,0.9604492187499414,0.006134969325143965
57,cnn_direct_vector_regression__local_density,CNN + Local density blur,local_density,5,5,0,0.3283377866484458,0.12755025712949977,0.8547008547008547,0.0,1.0,0,1,3,175,417,15789,0.016853932584174978,0.007142857142840136,0.010033444397903846,0.9638671874999412,0.005042016806714215
58,cnn_direct_vector_regression__distance_transform,CNN + Distance-to-stroke,distance_transform,2,3,1,0.5200141364769024,0.10053191489361704,0.7905405405405406,1.0,0.6666666666666667,0,0,6,133,257,15988,0.04316546762558874,0.022813688212841014,0.029850745816081298,0.9761962890624404,0.015151515151476891
58,cnn_direct_vector_regression__local_density,CNN + Local density blur,local_density,2,3,1,0.5541489361702128,0.14255319148936169,0.8666666666666667,1.0,0.6666666666666667,0,0,7,121,256,16000,0.05468749999957276,0.026615969581647848,0.035805626157887516,0.9769897460936904,0.018229166666619195
59,cnn_direct_vector_regression__distance_transform,CNN + Distance-to-stroke,distance_transform,4,4,0,0.3500491616001239,0.1520366856419987,0.9081632653061225,0.0,1.0,1,1,8,157,497,15722,0.04848484848455464,0.01584158415838447,0.023880596643613285,0.9600830078124414,0.012084592144996851
59,cnn_direct_vector_regression__local_density,CNN + Local density blur,local_density,4,5,1,0.43554275556376404,0.1347662141779789,0.9744897959183674,0.4,0.8,1,2,17,155,488,15724,0.09883720930175095,0.033663366336567004,0.05022156535198952,0.9607543945311914,0.025757575757536733
60,cnn_direct_vector_regression__distance_transform,CNN + Distance-to-stroke,distance_transform,1,1,0,0.6073648648648649,0.16081081081081078,0.925,1.0,1.0,0,0,9,30,107,16238,0.23076923076331363,0.07758620689588287,0.11612903187995838,0.9916381835936895,0.06164383561601614
60,cnn_direct_vector_regression__local_density,CNN + Local density blur,local_density,1,1,0,0.7231486486486486,0.42081081081081073,0.9189189189189189,1.0,1.0,0,0,0,35,116,16233,0.0,0.0,0.0,0.9907836914061895,0.0
61,cnn_direct_vector_regression__distance_transform,CNN + Distance-to-stroke,distance_transform,4,3,1,0.4949180327868853,0.14444444444444446,0.5245901639344263,1.0,0.75,0,0,18,98,404,15864,0.15517241379176575,0.04265402843591788,0.06691449780276669,0.9693603515624408,0.034615384615318046
61,cnn_direct_vector_regression__local_density,CNN + Local density blur,local_density,4,5,1,0.357308743169399,0.2756223436551306,0.7663934426229508,0.0,0.8,0,1,2,178,420,15784,0.011111111111049383,0.004739336492879765,0.006644517853202531,0.9635009765624412,0.0033333333333277777
62,cnn_direct_vector_regression__distance_transform,CNN + Distance-to-stroke,distance_transform,1,1,0,0.6484090909090908,0.23888888888888887,0.9545454545454546,1.0,1.0,0,0,0,22,72,16290,0.0,0.0,0.0,0.9942626953124393,0.0
62,cnn_direct_vector_regression__local_density,CNN + Local density blur,local_density,1,1,0,0.5115384615384615,0.0,0.8076923076923077,1.0,1.0,0,0,0,27,72,16285,0.0,0.0,0.0,0.9939575195311893,0.0
63,cnn_direct_vector_regression__distance_transform,CNN + Distance-to-stroke,distance_transform,2,2,0,0.4140304232804233,0.315952380952381,0.8592592592592593,0.0,1.0,1,0,1,136,116,16131,0.007299270072939422,0.008547008546935495,0.007874015251069535,0.9846191406249398,0.003952569169944852
63,cnn_direct_vector_regression__local_density,CNN + Local density blur,local_density,2,2,0,0.2784502085505735,0.02023809523809522,0.8467153284671532,0.0,1.0,1,0,9,129,108,16138,0.06521739130387524,0.07692307692241945,0.07058823479695503,0.9855346679686898,0.03658536585350982
64,cnn_direct_vector_regression__distance_transform,CNN + Distance-to-stroke,distance_transform,1,1,0,0.7304139784946236,0.4343727598566309,0.9247311827956989,1.0,1.0,0,0,0,65,203,16116,0.0,0.0,0.0,0.9836425781249399,0.0
64,cnn_direct_vector_regression__local_density,CNN + Local density blur,local_density,1,2,1,0.7150772495755517,0.5598207885304659,0.8157894736842105,1.0,0.5,0,0,0,87,203,16094,0.0,0.0,0.0,0.98229980468744,0.0
65,cnn_direct_vector_regression__distance_transform,CNN + Distance-to-stroke,distance_transform,1,1,0,0.4884615384615385,0.0,0.6923076923076923,1.0,1.0,0,0,2,24,38,16320,0.07692307692011835,0.04999999999875,0.060606060126721775,0.9962158203124392,0.031249999999511717
65,cnn_direct_vector_regression__local_density,CNN + Local density blur,local_density,1,1,0,0.46794871794871795,0.0,0.5897435897435898,1.0,1.0,0,0,1,18,39,16326,0.052631578944598335,0.024999999999375,0.03389830464694054,0.9965209960936892,0.017241379310047565
66,cnn_direct_vector_regression__distance_transform,CNN + Distance-to-stroke,distance_transform,2,2,0,0.5931492537313433,0.1622222222222222,0.8507462686567164,1.0,1.0,0,0,0,65,181,16138,0.0,0.0,0.0,0.9849853515624398,0.0
66,cnn_direct_vector_regression__local_density,CNN + Local density blur,local_density,2,2,0,0.6743750000000001,0.325,0.890625,1.0,1.0,0,0,0,66,181,16137,0.0,0.0,0.0,0.9849243164061898,0.0
67,cnn_direct_vector_regression__distance_transform,CNN + Distance-to-stroke,distance_transform,1,1,0,0.44850746268656716,0.0,0.4925373134328358,1.0,1.0,0,0,0,33,68,16283,0.0,0.0,0.0,0.9938354492186893,0.0
67,cnn_direct_vector_regression__local_density,CNN + Local density blur,local_density,1,1,0,0.47835820895522385,0.0,0.6417910447761195,1.0,1.0,0,0,0,44,68,16272,0.0,0.0,0.0,0.9931640624999394,0.0
68,cnn_direct_vector_regression__distance_transform,CNN + Distance-to-stroke,distance_transform,3,3,0,0.7148010610079576,0.38461538461538464,0.9586206896551724,1.0,1.0,0,0,1,132,165,16086,0.007518796992424671,0.0060240963855058794,0.006688962716748172,0.98187255859369,0.0033557046979753166
68,cnn_direct_vector_regression__local_density,CNN + Local density blur,local_density,3,3,0,0.5491206896551725,0.09,0.7931034482758621,1.0,1.0,0,0,0,99,166,16119,0.0,0.0,0.0,0.9838256835936899,0.0
69,cnn_direct_vector_regression__distance_transform,CNN + Distance-to-stroke,distance_transform,2,2,0,0.2991671562867215,0.12427536231884058,0.7162162162162162,0.0,1.0,0,1,0,48,182,16154,0.0,0.0,0.0,0.9859619140624398,0.0
69,cnn_direct_vector_regression__local_density,CNN + Local density blur,local_density,2,2,0,0.5512857710651828,0.01486928104575162,0.972972972972973,1.0,1.0,0,0,0,72,182,16130,0.0,0.0,0.0,0.9844970703124399,0.0
70,cnn_direct_vector_regression__distance_transform,CNN + Distance-to-stroke,distance_transform,3,3,0,0.3287828947368421,0.14583333333333334,0.8157894736842105,0.0,1.0,0,1,5,177,301,15901,0.027472527472376527,0.016339869280992354,0.02049180281088754,0.9708251953124407,0.010351966873684572
70,cnn_direct_vector_regression__local_density,CNN + Local density blur,local_density,3,3,0,0.6146174242424242,0.14359427609427608,1.0,1.0,1.0,0,0,0,139,306,15939,0.0,0.0,0.0,0.9728393554686906,0.0
71,cnn_direct_vector_regression__distance_transform,CNN + Distance-to-stroke,distance_transform,2,3,1,0.5951760316875461,0.19455314009661834,0.9548022598870056,1.0,0.6666666666666667,0,0,32,123,398,15831,0.20645161290189387,0.07441860465098972,0.10940170901182554,0.9682006835936908,0.05786618444835829
71,cnn_direct_vector_regression__local_density,CNN + Local density blur,local_density,2,3,1,0.6008595692907983,0.1976147342995169,0.9763313609467456,1.0,0.6666666666666667,0,0,17,137,413,15817,0.11038961038889358,0.03953488372083829,0.05821917769366907,0.9664306640624409,0.02998236331564377
72,cnn_direct_vector_regression__distance_transform,CNN + Distance-to-stroke,distance_transform,5,5,0,0.22794543290314498,0.03840579710144927,0.5533141210374639,0.0,1.0,3,4,14,154,501,15715,0.08333333333283731,0.02718446601936469,0.04099560724240872,0.9600219726561914,0.02092675635273404
72,cnn_direct_vector_regression__local_density,CNN + Local density blur,local_density,5,5,0,0.343424660564145,0.18242090222494384,0.723342939481268,0.06666666666666665,1.0,3,1,17,194,498,15675,0.08056872037876509,0.03300970873779998,0.046831955510404574,0.9577636718749415,0.023977433004197492
73,cnn_direct_vector_regression__distance_transform,CNN + Distance-to-stroke,distance_transform,2,2,0,0.5736295254403131,0.11339285714285713,0.863013698630137,1.0,1.0,0,0,6,62,147,16169,0.08823529411634948,0.039215686274253495,0.054298642107409756,0.9872436523436897,0.027906976744056247
73,cnn_direct_vector_regression__local_density,CNN + Local density blur,local_density,2,2,0,0.49,0.0,0.7,1.0,1.0,0,0,12,66,141,16165,0.15384615384418146,0.07843137254850699,0.1038961034479114,0.9873657226561897,0.05479452054769501
74,cnn_direct_vector_regression__distance_transform,CNN + Distance-to-stroke,distance_transform,3,3,0,0.5293814432989691,0.0,0.8969072164948454,1.0,1.0,0,0,2,83,220,16079,0.023529411764429065,0.009009009008968429,0.013029315560398531,0.98150634765619,0.006557377049158829
74,cnn_direct_vector_regression__local_density,CNN + Local density blur,local_density,3,3,0,0.33078282828282835,0.07345679012345678,0.9886363636363636,0.0,1.0,0,1,0,79,222,16083,0.0,0.0,0.0,0.98162841796869,0.0
75,cnn_direct_vector_regression__distance_transform,CNN + Distance-to-stroke,distance_transform,2,1,1,0.5522380952380953,0.26,0.6761904761904762,1.0,0.5,0,0,0,72,175,16137,0.0,0.0,0.0,0.9849243164061898,0.0
75,cnn_direct_vector_regression__local_density,CNN + Local density blur,local_density,2,1,1,0.5965873015873016,0.4135802469135802,0.5523809523809524,1.0,0.5,0,0,0,59,175,16150,0.0,0.0,0.0,0.9857177734374398,0.0
76,cnn_direct_vector_regression__distance_transform,CNN + Distance-to-stroke,distance_transform,4,4,0,0.6440447737746124,0.229469696969697,0.9539170506912442,1.0,1.0,0,0,0,197,463,15724,0.0,0.0,0.0,0.9597167968749414,0.0
76,cnn_direct_vector_regression__local_density,CNN + Local density blur,local_density,4,4,0,0.5532954545454546,0.02121212121212121,0.96875,1.0,1.0,0,0,47,165,416,15756,0.22169811320650143,0.10151187904945679,0.13925925882798354,0.9645385742186912,0.07484076433109102
77,cnn_direct_vector_regression__distance_transform,CNN + Distance-to-stroke,distance_transform,5,5,0,0.37675773726040207,0.2757101449275362,0.7634408602150538,0.0,1.0,0,2,22,243,558,15561,0.08301886792421502,0.03793103448269322,0.05207100548651938,0.9511108398436919,0.026731470230830216
77,cnn_direct_vector_regression__local_density,CNN + Local density blur,local_density,5,5,0,0.34473596837944664,0.16968115942028983,0.841897233201581,0.0,1.0,0,1,31,221,549,15583,0.12301587301538486,0.05344827586197681,0.07451923034676058,0.9530029296874418,0.038701622971237574
78,cnn_direct_vector_regression__distance_transform,CNN + Distance-to-stroke,distance_transform,4,4,0,0.5694501133786848,0.0734567901234568,0.9319727891156463,1.0,1.0,0,0,2,133,256,15993,0.014814814814705077,0.007751937984466078,0.010178116597271612,0.9762573242186904,0.005115089514053414
78,cnn_direct_vector_regression__local_density,CNN + Local density blur,local_density,4,4,0,0.35244897959183674,0.14074074074074075,0.9455782312925171,0.0,1.0,0,1,10,109,248,16017,0.08403361344467199,0.03875968992233039,0.0530503974456726,0.9782104492186903,0.027247956403195512
79,cnn_direct_vector_regression__distance_transform,CNN + Distance-to-stroke,distance_transform,5,5,0,0.5493273393273393,0.2833536833536833,0.8590909090909091,0.6,1.0,1,1,19,191,449,15725,0.09047619047575964,0.04059829059820385,0.05604719721235457,0.9609374999999413,0.028831562974159588
79,cnn_direct_vector_regression__local_density,CNN + Local density blur,local_density,5,5,0,0.36910760428202294,0.20731922398589064,0.8790697674418605,0.0,1.0,1,2,4,206,464,15710,0.019047619047528344,0.008547008546990285,0.011799409601865646,0.9591064453124414,0.0059347181008814025
80,cnn_direct_vector_regression__distance_transform,CNN + Distance-to-stroke,distance_transform,1,1,0,0.475,0.0,0.625,1.0,1.0,0,0,10,15,119,16240,0.399999999984,0.07751937984436032,0.12987012959647495,0.9918212890624394,0.0694444444439622
80,cnn_direct_vector_regression__local_density,CNN + Local density blur,local_density,1,1,0,0.5843181818181818,0.11666666666666667,0.9090909090909091,1.0,1.0,0,0,0,44,129,16211,0.0,0.0,0.0,0.9894409179686896,0.0
81,cnn_direct_vector_regression__distance_transform,CNN + Distance-to-stroke,distance_transform,5,5,0,0.3165726654298083,0.10787878787878787,0.8401360544217686,0.0,1.0,4,2,20,207,772,15385,0.08810572687185857,0.025252525252493368,0.03925417040928155,0.9402465820311926,0.02002002001999998
81,cnn_direct_vector_regression__local_density,CNN + Local density blur,local_density,5,5,0,0.288286046526928,0.11607027724049,0.6802721088435374,0.0,1.0,4,1,23,152,769,15440,0.1314285714278204,0.029040404040367375,0.047569803219488206,0.9437866210936924,0.02436440677963521
82,cnn_direct_vector_regression__distance_transform,CNN + Distance-to-stroke,distance_transform,1,1,0,0.4795774647887324,0.0,0.647887323943662,1.0,1.0,0,0,0,46,218,16120,0.0,0.0,0.0,0.9838867187499399,0.0
82,cnn_direct_vector_regression__local_density,CNN + Local density blur,local_density,1,1,0,0.6832464788732394,0.39,0.7887323943661972,1.0,1.0,0,0,0,57,218,16109,0.0,0.0,0.0,0.9832153320311899,0.0
83,cnn_direct_vector_regression__distance_transform,CNN + Distance-to-stroke,distance_transform,5,4,1,0.5707800777365994,0.1326644370122631,0.9054054054054054,1.0,0.8,0,0,0,132,228,16024,0.0,0.0,0.0,0.9780273437499403,0.0
83,cnn_direct_vector_regression__local_density,CNN + Local density blur,local_density,5,5,0,0.5516915522902693,0.08277135076849974,0.8222222222222222,1.0,1.0,0,0,24,150,204,16006,0.13793103448196592,0.10526315789427516,0.11940298458305489,0.9783935546874403,0.06349206349189553
84,cnn_direct_vector_regression__distance_transform,CNN + Distance-to-stroke,distance_transform,1,1,0,0.45333333333333337,0.0,0.5166666666666666,1.0,1.0,0,0,6,22,183,16173,0.21428571427806123,0.03174603174586378,0.055299538945231375,0.9874877929686897,0.028436018957211207
84,cnn_direct_vector_regression__local_density,CNN + Local density blur,local_density,1,1,0,0.43999999999999995,0.0,0.44999999999999996,1.0,1.0,0,0,13,14,176,16181,0.48148148146364883,0.06878306878270486,0.12037037015050586,0.9884033203124396,0.06403940886667961
85,cnn_direct_vector_regression__distance_transform,CNN + Distance-to-stroke,distance_transform,1,1,0,0.55125,0.05833333333333331,0.875,1.0,1.0,0,0,5,18,76,16285,0.21739130433837428,0.061728395060966314,0.09615384580750737,0.9942626953124393,0.05050505050454035
85,cnn_direct_vector_regression__local_density,CNN + Local density blur,local_density,1,1,0,0.6357499999999999,0.26,0.84375,1.0,1.0,0,0,0,24,81,16279,0.0,0.0,0.0,0.9935913085936894,0.0
86,cnn_direct_vector_regression__distance_transform,CNN + Distance-to-stroke,distance_transform,1,1,0,0.5539912280701754,0.0634502923976608,0.8771929824561404,1.0,1.0,0,0,5,45,53,16281,0.09999999999800001,0.08620689655023782,0.0925925920936214,0.9940185546874393,0.04854368931991705
86,cnn_direct_vector_regression__local_density,CNN + Local density blur,local_density,1,1,0,0.6207010353753235,0.18625730994152043,0.9344262295081968,1.0,1.0,0,0,0,61,58,16265,0.0,0.0,0.0,0.9927368164061894,0.0
87,cnn_direct_vector_regression__distance_transform,CNN + Distance-to-stroke,distance_transform,2,1,1,0.378125,0.0,0.390625,1.0,0.5,0,0,0,22,141,16221,0.0,0.0,0.0,0.9900512695311895,0.0
87,cnn_direct_vector_regression__local_density,CNN + Local density blur,local_density,2,2,0,0.530281690140845,0.0,0.9014084507042254,1.0,1.0,0,0,4,58,137,16185,0.06451612903121749,0.02836879432603994,0.03940886657040939,0.9880981445311897,0.02010050251246181
88,cnn_direct_vector_regression__distance_transform,CNN + Distance-to-stroke,distance_transform,2,3,1,0.5258922518159806,0.14483992467043313,0.7202380952380952,1.0,0.6666666666666667,0,0,4,112,383,15885,0.034482758620392386,0.010335917312634791,0.015904572209684248,0.9697875976561908,0.008016032064112192
88,cnn_direct_vector_regression__local_density,CNN + Local density blur,local_density,2,3,1,0.5598571428571428,0.26,0.6309523809523809,1.0,0.6666666666666667,0,0,6,90,381,15907,0.06249999999934896,0.015503875968952186,0.024844720178285304,0.9712524414061907,0.012578616352174887
89,cnn_direct_vector_regression__distance_transform,CNN + Distance-to-stroke,distance_transform,4,4,0,0.3029990875912409,0.0975,0.7956204379562044,0.0,1.0,0,1,35,101,268,15980,0.2573529411745783,0.11551155115473428,0.15945330253290507,0.9774780273436903,0.0866336633661222
89,cnn_direct_vector_regression__local_density,CNN + Local density blur,local_density,4,4,0,0.5554338650479955,0.15562252964426876,0.6770186335403727,1.0,1.0,0,0,14,142,289,15939,0.08974358974301447,0.04620462046189371,0.061002178200255365,0.9736938476561905,0.03146067415723267
90,cnn_direct_vector_regression__distance_transform,CNN + Distance-to-stroke,distance_transform,4,4,0,0.32655146107810684,0.126955496610669,0.8471074380165289,0.0,1.0,1,1,13,199,435,15737,0.061320754716691885,0.029017857142792373,0.03939393895775024,0.9613037109374413,0.020092735703214695
90,cnn_direct_vector_regression__local_density,CNN + Local density blur,local_density,4,4,0,0.3301675077095599,0.10389527458492974,0.9170731707317074,0.0,1.0,1,1,6,155,442,15781,0.03726708074511015,0.013392857142827248,0.019704433108517296,0.9635620117186912,0.009950248756202405
91,cnn_direct_vector_regression__distance_transform,CNN + Distance-to-stroke,distance_transform,1,1,0,0.48114754098360657,0.0,0.6557377049180328,1.0,1.0,0,0,0,41,62,16281,0.0,0.0,0.0,0.9937133789061893,0.0
91,cnn_direct_vector_regression__local_density,CNN + Local density blur,local_density,1,1,0,0.5640573770491804,0.08224043715846996,0.8852459016393442,1.0,1.0,0,0,5,49,57,16273,0.09259259259087792,0.08064516128902185,0.08620689605261594,0.9935302734374394,0.045045045044639236
92,cnn_direct_vector_regression__distance_transform,CNN + Distance-to-stroke,distance_transform,3,3,0,0.5725815850815851,0.1074203574203574,0.8712121212121212,1.0,1.0,0,0,2,108,320,15954,0.018181818181652893,0.006211180124204314,0.009259258879629646,0.9738769531249405,0.0046511627906868575
92,cnn_direct_vector_regression__local_density,CNN + Local density blur,local_density,3,3,0,0.5300626030889188,0.05705919594808484,0.7719298245614035,1.0,1.0,0,0,0,157,322,15905,0.0,0.0,0.0,0.9707641601561907,0.0
93,cnn_direct_vector_regression__distance_transform,CNN + Distance-to-stroke,distance_transform,3,4,1,0.3092365696584332,0.07986377181779479,0.9914893617021276,0.0,0.75,1,2,23,186,484,15691,0.11004784688942561,0.0453648915186482,0.06424580964229816,0.9591064453124414,0.0331890331889853
93,cnn_direct_vector_regression__local_density,CNN + Local density blur,local_density,3,4,1,0.2981985815602837,0.1725925925925926,0.7276595744680852,0.0,0.75,1,1,19,145,488,15732,0.11585365853587895,0.037475345167578944,0.05663189232794881,0.9613647460936913,0.029141104294433832
94,cnn_direct_vector_regression__distance_transform,CNN + Distance-to-stroke,distance_transform,4,5,1,0.4052441342629057,0.3086578031022476,0.931740614334471,0.0,0.8,1,0,82,177,587,15538,0.3166023166010942,0.1225710014945851,0.17672413752825178,0.9533691406249418,0.09692671394787597
94,cnn_direct_vector_regression__local_density,CNN + Local density blur,local_density,4,5,1,0.29950622550878525,0.12829218106995885,0.8088737201365188,0.0,0.8,1,0,26,207,643,15508,0.11158798283213911,0.038863976083648936,0.05764966702246056,0.9481201171874422,0.029680365296769772
95,cnn_direct_vector_regression__distance_transform,CNN + Distance-to-stroke,distance_transform,4,4,0,0.4861245598591549,0.036458333333333336,0.5985915492957746,1.0,1.0,0,0,3,80,367,15934,0.03614457831281753,0.008108108108086194,0.013245032813219699,0.9727172851561906,0.006666666666651852
95,cnn_direct_vector_regression__local_density,CNN + Local density blur,local_density,4,4,0,0.35417962409003434,0.1384171826625387,0.9594594594594594,0.0,1.0,0,2,7,120,363,15894,0.05511811023578647,0.018918918918867787,0.028169013703921726,0.9705200195311907,0.014285714285685132
96,cnn_direct_vector_regression__distance_transform,CNN + Distance-to-stroke,distance_transform,1,1,0,0.6529313725490196,0.2897385620915032,0.8627450980392157,1.0,1.0,0,0,12,33,146,16193,0.26666666666074074,0.07594936708812691,0.11822660063898664,0.9890747070311896,0.06282722513056112
96,cnn_direct_vector_regression__local_density,CNN + Local density blur,local_density,1,1,0,0.6588333333333334,0.39,0.6666666666666667,1.0,1.0,0,0,35,0,123,16226,0.9999999999714286,0.22151898734037015,0.36269430021745547,0.9924926757811894,0.22151898734037015
97,cnn_direct_vector_regression__distance_transform,CNN + Distance-to-stroke,distance_transform,4,4,0,0.542172619047619,0.1625,0.5952380952380952,1.0,1.0,0,0,0,91,268,16025,0.0,0.0,0.0,0.9780883789061903,0.0
97,cnn_direct_vector_regression__local_density,CNN + Local density blur,local_density,4,5,1,0.5152083333333333,0.004166666666666661,0.9166666666666666,1.0,0.8,0,0,1,151,267,15965,0.006578947368377771,0.0037313432835681666,0.00476190430002272,0.9744873046874405,0.0023866348448630392
98,cnn_direct_vector_regression__distance_transform,CNN + Distance-to-stroke,distance_transform,3,3,0,0.5656578947368421,0.11666666666666667,0.8157894736842105,1.0,1.0,0,0,3,60,106,16215,0.04761904761829176,0.02752293577956401,0.03488372046558951,0.9898681640624396,0.01775147928983579
98,cnn_direct_vector_regression__local_density,CNN + Local density blur,local_density,3,3,0,0.6084999999999999,0.13,1.0,1.0,1.0,0,0,2,75,107,16200,0.02597402597368865,0.018348623853042673,0.02150537585865419,0.9888916015624396,0.010869565217332232
99,cnn_direct_vector_regression__distance_transform,CNN + Distance-to-stroke,distance_transform,2,2,0,0.6369121312837557,0.2299196787148594,0.9172413793103449,1.0,1.0,0,0,0,143,416,15825,0.0,0.0,0.0,0.965881347656191,0.0
99,cnn_direct_vector_regression__local_density,CNN + Local density blur,local_density,2,3,1,0.5417274569402228,0.18571428571428572,0.7074468085106382,1.0,0.6666666666666667,0,0,0,185,416,15783,0.0,0.0,0.0,0.9633178710936912,0.0
100,cnn_direct_vector_regression__distance_transform,CNN + Distance-to-stroke,distance_transform,1,1,0,0.5444565217391304,0.045652173913043444,0.8695652173913043,1.0,1.0,0,0,0,21,24,16339,0.0,0.0,0.0,0.9972534179686892,0.0
100,cnn_direct_vector_regression__local_density,CNN + Local density blur,local_density,1,1,0,0.49838709677419357,0.0,0.7419354838709677,1.0,1.0,0,0,6,26,18,16334,0.18749999999414066,0.24999999998958333,0.2142857137882653,0.997314453124939,0.11999999999760001
101,cnn_direct_vector_regression__distance_transform,CNN + Distance-to-stroke,distance_transform,4,5,1,0.5164089144179822,0.16889261021995025,0.5520361990950227,1.0,0.8,0,0,42,183,321,15838,0.18666666666583703,0.11570247933852423,0.14285714238419756,0.9692382812499408,0.07692307692293604
101,cnn_direct_vector_regression__local_density,CNN + Local density blur,local_density,4,5,1,0.5625210084033614,0.2888888888888889,0.5126050420168067,1.0,0.8,0,0,17,217,346,15804,0.07264957264926218,0.046831955922736,0.05695142330874922,0.965637207031191,0.029310344827535674
102,cnn_direct_vector_regression__distance_transform,CNN + Distance-to-stroke,distance_transform,2,2,0,0.4125,0.0,0.3125,1.0,1.0,0,0,4,21,254,16105,0.1599999999936,0.015503875968932155,0.028268551075478533,0.9832153320311899,0.014336917562672628
102,cnn_direct_vector_regression__local_density,CNN + Local density blur,local_density,2,2,0,0.5650735294117647,0.08349673202614379,0.8875,1.0,1.0,0,0,0,66,258,16060,0.0,0.0,0.0,0.9802246093749402,0.0
103,cnn_direct_vector_regression__distance_transform,CNN + Distance-to-stroke,distance_transform,2,2,0,0.5586538461538462,0.02777777777777778,0.9807692307692307,1.0,1.0,0,0,1,50,102,16231,0.019607843136870435,0.00970873786398341,0.012987012543852266,0.9907226562499395,0.006535947712375582
103,cnn_direct_vector_regression__local_density,CNN + Local density blur,local_density,2,2,0,0.5723774509803922,0.11944444444444444,0.8431372549019608,1.0,1.0,0,0,0,38,103,16243,0.0,0.0,0.0,0.9913940429686895,0.0
104,cnn_direct_vector_regression__distance_transform,CNN + Distance-to-stroke,distance_transform,1,1,0,0.49782608695652175,0.0,0.7391304347826086,1.0,1.0,0,0,2,14,22,16346,0.1249999999921875,0.0833333333298611,0.099999999515,0.997802734374939,0.05263157894598339
104,cnn_direct_vector_regression__local_density,CNN + Local density blur,local_density,1,1,0,0.5474665551839465,0.045652173913043444,0.8846153846153846,1.0,1.0,0,0,2,20,22,16340,0.09090909090495868,0.0833333333298611,0.0869565212362949,0.997436523437439,0.0454545454535124
105,cnn_direct_vector_regression__distance_transform,CNN + Distance-to-stroke,distance_transform,3,3,0,0.5901818181818181,0.08929292929292927,1.0,1.0,1.0,0,0,5,82,157,16140,0.0574712643671555,0.030864197530673678,0.04016064211532073,0.9854125976561898,0.02049180327860454
105,cnn_direct_vector_regression__local_density,CNN + Local density blur,local_density,3,3,0,0.5320224719101123,0.0,0.9101123595505618,1.0,1.0,0,0,2,74,160,16148,0.026315789473337948,0.012345679012269472,0.016806722254219347,0.9857177734374398,0.008474576271150532
106,cnn_direct_vector_regression__distance_transform,CNN + Distance-to-stroke,distance_transform,3,4,1,0.30383492822966507,0.13,0.8516746411483254,0.0,0.75,2,0,7,171,429,15777,0.039325842696408285,0.01605504587152281,0.02280130251980393,0.9633789062499412,0.01153212520591181
106,cnn_direct_vector_regression__local_density,CNN + Local density blur,local_density,3,4,1,0.27124413145539905,0.0,0.9812206572769953,0.0,0.75,2,1,21,180,415,15768,0.10447761193977873,0.04816513761456843,0.06593406550190872,0.9636840820311912,0.03409090909085375
107,cnn_direct_vector_regression__distance_transform,CNN + Distance-to-stroke,distance_transform,1,1,0,0.5125,0.0,0.8125,1.0,1.0,0,0,11,42,54,16277,0.20754716980740479,0.16923076922816568,0.1864406774681126,0.9941406249999393,0.10280373831679622
107,cnn_direct_vector_regression__local_density,CNN + Local density blur,local_density,1,1,0,0.47187500000000004,0.0,0.609375,1.0,1.0,0,0,0,39,65,16280,0.0,0.0,0.0,0.9936523437499393,0.0
108,cnn_direct_vector_regression__distance_transform,CNN + Distance-to-stroke,distance_transform,4,4,0,0.2679491032715806,0.07761299435028249,0.6651162790697674,0.0,1.0,0,1,0,210,335,15839,0.0,0.0,0.0,0.9667358398436909,0.0
108,cnn_direct_vector_regression__local_density,CNN + Local density blur,local_density,4,5,1,0.2899661388641095,0.18783898305084745,0.6271929824561404,0.0,0.8,0,1,5,218,330,15831,0.022421524663576588,0.014925373134283805,0.017921146473484424,0.9665527343749409,0.009041591320055983
109,cnn_direct_vector_regression__distance_transform,CNN + Distance-to-stroke,distance_transform,4,3,1,0.594791827852998,0.2383080808080808,0.8127659574468085,1.0,0.75,0,0,19,175,710,15480,0.09793814432939207,0.02606310013713846,0.041170097176022886,0.9459838867186923,0.021017699115020997
109,cnn_direct_vector_regression__local_density,CNN + Local density blur,local_density,4,5,1,0.6534770411707498,0.37299533799533796,0.7781456953642384,1.0,0.8,0,0,49,257,680,15398,0.16013071895372508,0.06721536351156761,0.09468598992149735,0.9428100585936924,0.049695740365061164
110,cnn_direct_vector_regression__distance_transform,CNN + Distance-to-stroke,distance_transform,2,2,0,0.565324171686747,0.11437499999999998,0.8192771084337349,1.0,1.0,0,0,2,54,191,16137,0.03571428571364796,0.010362694300464442,0.01606425667934389,0.9850463867186898,0.008097165991870053
110,cnn_direct_vector_regression__local_density,CNN + Local density blur,local_density,2,2,0,0.42469879518072284,0.0,0.37349397590361444,1.0,1.0,0,0,1,29,192,16162,0.03333333333222222,0.005181347150232221,0.00896860963252831,0.9865112304686897,0.004504504504484214
111,cnn_direct_vector_regression__distance_transform,CNN + Distance-to-stroke,distance_transform,3,3,0,0.5515406643757159,0.09506172839506172,0.7938144329896908,1.0,1.0,0,0,12,81,118,16173,0.12903225806312868,0.09230769230698226,0.10762331789844959,0.9878540039061897,0.05687203791442241
111,cnn_direct_vector_regression__local_density,CNN + Local density blur,local_density,3,2,1,0.48777777777777775,0.0,0.8555555555555556,1.0,0.6666666666666667,0,0,7,83,123,16171,0.07777777777691358,0.05384615384573965,0.06363636315231407,0.9874267578124397,0.032863849765103925
112,cnn_direct_vector_regression__distance_transform,CNN + Distance-to-stroke,distance_transform,4,4,0,0.5122925419506943,0.09738045415794774,0.5923566878980892,1.0,1.0,0,0,3,86,412,15883,0.033707865168160586,0.007228915662633183,0.011904761613906217,0.9696044921874408,0.0059880239520838565
112,cnn_direct_vector_regression__local_density,CNN + Local density blur,local_density,4,4,0,0.5468970744183145,0.09716965046888318,0.7658536585365854,1.0,1.0,0,0,9,185,406,15784,0.046391752577080454,0.02168674698789955,0.02955664981205293,0.9639282226561912,0.014999999999975
113,cnn_direct_vector_regression__distance_transform,CNN + Distance-to-stroke,distance_transform,1,1,0,0.859,0.7144444444444444,0.9375,1.0,1.0,0,0,0,49,46,16289,0.0,0.0,0.0,0.9942016601561893,0.0
113,cnn_direct_vector_regression__local_density,CNN + Local density blur,local_density,1,1,0,0.8581666666666666,0.7144444444444444,0.9333333333333333,1.0,1.0,0,0,0,43,46,16295,0.0,0.0,0.0,0.9945678710936893,0.0
114,cnn_direct_vector_regression__distance_transform,CNN + Distance-to-stroke,distance_transform,4,4,0,0.25245901639344265,0.0,0.7622950819672132,0.0,1.0,2,2,6,165,454,15759,0.03508771929804042,0.01304347826084121,0.019017432251415892,0.9622192382811913,0.00959999999998464
114,cnn_direct_vector_regression__local_density,CNN + Local density blur,local_density,4,5,1,0.44681825081415244,0.25231013842124955,0.7663934426229508,0.4,0.8,2,2,34,148,426,15776,0.1868131868121604,0.0739130434781002,0.10591900270868877,0.964965820312441,0.05592105263148697
115,cnn_direct_vector_regression__distance_transform,CNN + Distance-to-stroke,distance_transform,3,3,0,0.6732296049555867,0.3655998389694042,0.7935483870967742,1.0,1.0,0,0,0,117,431,15836,0.0,0.0,0.0,0.9665527343749409,0.0
115,cnn_direct_vector_regression__local_density,CNN + Local density blur,local_density,3,4,1,0.35210993213710606,0.25130837359098224,0.8201058201058201,0.0,0.75,0,1,8,173,423,15780,0.04419889502738012,0.018561484918750436,0.026143790433022566,0.9636230468749412,0.013245033112560853
116,cnn_direct_vector_regression__distance_transform,CNN + Distance-to-stroke,distance_transform,1,1,0,0.4136363636363637,0.0,0.31818181818181823,1.0,1.0,0,0,0,8,23,16353,0.0,0.0,0.0,0.998107910156189,0.0
116,cnn_direct_vector_regression__local_density,CNN + Local density blur,local_density,1,1,0,0.4954545454545455,0.0,0.7272727272727273,1.0,1.0,0,0,0,15,23,16346,0.0,0.0,0.0,0.997680664062439,0.0
117,cnn_direct_vector_regression__distance_transform,CNN + Distance-to-stroke,distance_transform,5,5,0,0.360407952669235,0.1679951690821256,0.9240506329113924,0.0,1.0,1,0,51,245,866,15222,0.17229729729671522,0.05561613958554459,0.08408903508020898,0.932189941406193,0.0438898450946266
117,cnn_direct_vector_regression__local_density,CNN + Local density blur,local_density,5,5,0,0.31192291813899786,0.10807061977442552,0.8164556962025317,0.0,1.0,1,1,66,184,851,15283,0.263999999998944,0.07197382769894005,0.11311053950889975,0.9368286132811928,0.059945504087139015
118,cnn_direct_vector_regression__distance_transform,CNN + Distance-to-stroke,distance_transform,2,2,0,0.5388111888111888,0.0,0.9440559440559441,1.0,1.0,0,0,13,108,210,16053,0.1074380165280377,0.058295964125299124,0.07558139489235735,0.9805908203124402,0.03927492447118044
118,cnn_direct_vector_regression__local_density,CNN + Local density blur,local_density,2,2,0,0.5304195804195804,0.0,0.9020979020979021,1.0,1.0,0,0,5,118,218,16043,0.04065040650373455,0.022421524663576588,0.0289017336456447,0.9794921874999402,0.01466275659819747
119,cnn_direct_vector_regression__distance_transform,CNN + Distance-to-stroke,distance_transform,3,3,0,0.5185714285714286,0.11666666666666667,0.5803571428571428,1.0,1.0,0,0,13,87,139,16145,0.1299999999987,0.08552631578891101,0.10317460269507432,0.9862060546874398,0.05439330543910296
119,cnn_direct_vector_regression__local_density,CNN + Local density blur,local_density,3,3,0,0.31147518610421837,0.12806451612903225,0.7692307692307692,0.0,1.0,0,1,1,46,151,16186,0.02127659574422816,0.006578947368377771,0.010050250895381444,0.9879760742186897,0.0050505050504795436
120,cnn_direct_vector_regression__distance_transform,CNN + Distance-to-stroke,distance_transform,3,4,1,0.5984615384615384,0.21666666666666667,0.8798076923076923,1.0,0.75,0,0,14,165,327,15878,0.07821229050235635,0.041055718474952915,0.053846153394474856,0.9699707031249408,0.02766798418966864
120,cnn_direct_vector_regression__local_density,CNN + Local density blur,local_density,3,3,0,0.25630769230769235,0.08666666666666667,0.5865384615384616,0.0,1.0,0,1,20,100,321,15943,0.16666666666527777,0.05865102639278988,0.08676789549305715,0.9743041992186905,0.04535147392279966
121,cnn_direct_vector_regression__distance_transform,CNN + Distance-to-stroke,distance_transform,5,5,0,0.42365379152529004,0.29011187388761756,0.9655172413793104,0.0,1.0,1,0,47,198,511,15628,0.19183673469309456,0.08422939068085264,0.1170610207462861,0.9567260742186916,0.06216931216922993
121,cnn_direct_vector_regression__local_density,CNN + Local density blur,local_density,5,5,0,0.3256197556652386,0.1574010747435271,0.7739463601532567,0.0,1.0,1,0,20,183,538,15643,0.0985221674871994,0.0358422939067458,0.05256241747989108,0.9559936523436916,0.026990553306306356
122,cnn_direct_vector_regression__distance_transform,CNN + Distance-to-stroke,distance_transform,5,5,0,0.34094951350615776,0.14346805470504184,0.8819444444444444,0.0,1.0,0,1,24,261,544,15555,0.084210526315494,0.04225352112668617,0.05627198079757672,0.9508666992186919,0.028950542822643005
122,cnn_direct_vector_regression__local_density,CNN + Local density blur,local_density,5,4,1,0.3427775690096582,0.17975067828917926,0.9094488188976377,0.0,0.8,0,2,28,168,540,15648,0.14285714285641402,0.049295774647800536,0.07329842893772101,0.9567871093749416,0.03804347826081787
123,cnn_direct_vector_regression__distance_transform,CNN + Distance-to-stroke,distance_transform,5,5,0,0.3364004763877382,0.12010563380281689,0.9117647058823529,0.0,1.0,2,1,9,304,565,15506,0.028753993610131777,0.015679442508683486,0.0202931224293789,0.9469604492186922,0.01025056947607033
123,cnn_direct_vector_regression__local_density,CNN + Local density blur,local_density,5,5,0,0.3380533091019233,0.10427617076413079,0.5806451612903225,0.3,1.0,2,1,15,157,559,15653,0.08720930232507437,0.026132404181139143,0.04021447685688103,0.9562988281249416,0.020519835841285198
124,cnn_direct_vector_regression__distance_transform,CNN + Distance-to-stroke,distance_transform,5,4,1,0.5172857142857143,0.07333333333333333,0.7714285714285715,1.0,0.8,0,0,0,109,292,15983,0.0,0.0,0.0,0.9755249023436904,0.0
124,cnn_direct_vector_regression__local_density,CNN + Local density blur,local_density,5,3,2,0.5360370976849238,0.13722529644268774,0.8214285714285714,1.0,0.6,0,0,1,110,291,15982,0.009009009008927846,0.003424657534234847,0.004962778757162505,0.9755249023436904,0.0024875621890485386
125,cnn_direct_vector_regression__distance_transform,CNN + Distance-to-stroke,distance_transform,3,3,0,0.4940860215053764,0.0,0.7204301075268817,1.0,1.0,0,0,0,65,168,16151,0.0,0.0,0.0,0.9857788085936898,0.0
125,cnn_direct_vector_regression__local_density,CNN + Local density blur,local_density,3,3,0,0.6474318813150585,0.22124342419894785,0.9893617021276596,1.0,1.0,0,0,0,97,168,16119,0.0,0.0,0.0,0.9838256835936899,0.0
126,cnn_direct_vector_regression__distance_transform,CNN + Distance-to-stroke,distance_transform,2,2,0,0.6010270445134576,0.28693840579710145,0.6095238095238096,1.0,1.0,0,0,3,50,246,16085,0.05660377358383767,0.012048192771035951,0.0198675493793474,0.98193359374994,0.010033444816019955
126,cnn_direct_vector_regression__local_density,CNN + Local density blur,local_density,2,3,1,0.44471544715447153,0.0,0.6402439024390244,1.0,0.6666666666666667,0,0,17,138,232,15997,0.10967741935413113,0.06827309236920373,0.08415841536823597,0.9774169921874403,0.04392764857869786
127,cnn_direct_vector_regression__distance_transform,CNN + Distance-to-stroke,distance_transform,2,2,0,0.5580778529980658,0.12196969696969698,0.7659574468085106,1.0,1.0,0,0,17,27,73,16267,0.3863636363548554,0.18888888888679012,0.2537313428387169,0.9938964843749393,0.14529914529790341
127,cnn_direct_vector_regression__local_density,CNN + Local density blur,local_density,2,2,0,0.5048863636363636,0.12196969696969698,0.5,1.0,1.0,0,0,0,69,90,16225,0.0,0.0,0.0,0.9902954101561895,0.0
128,cnn_direct_vector_regression__distance_transform,CNN + Distance-to-stroke,distance_transform,3,3,0,0.5483409387222946,0.0038461538461538503,0.9830508474576272,1.0,1.0,0,0,1,56,147,16180,0.01754385964881502,0.0067567567567111035,0.009756097159405133,0.9876098632811897,0.004901960784289697
128,cnn_direct_vector_regression__local_density,CNN + Local density blur,local_density,3,2,1,0.53741341991342,0.15000000000000002,0.7662337662337663,1.0,0.6666666666666667,0,0,0,71,148,16165,0.0,0.0,0.0,0.9866333007811897,0.0
129,cnn_direct_vector_regression__distance_transform,CNN + Distance-to-stroke,distance_transform,3,4,1,0.6154815884598495,0.28051195717862387,0.821256038647343,1.0,0.75,0,0,3,169,399,15813,0.017441860465014874,0.007462686567145616,0.010452961252716452,0.965332031249941,0.005253940455332305
129,cnn_direct_vector_regression__local_density,CNN + Local density blur,local_density,3,4,1,0.581036462008939,0.14695156695156697,0.9495412844036697,1.0,0.75,0,0,6,192,396,15790,0.03030303030287726,0.014925373134291231,0.019999999557733347,0.9641113281249412,0.010101010100993096
130,cnn_direct_vector_regression__distance_transform,CNN + Distance-to-stroke,distance_transform,5,5,0,0.4057098488427019,0.17453692172870253,0.8025078369905956,0.26666666666666666,1.0,3,3,48,178,708,15450,0.21238938053003367,0.06349206349197951,0.09775967377986651,0.9459228515624423,0.051391862954977094
130,cnn_direct_vector_regression__local_density,CNN + Local density blur,local_density,5,5,0,0.3677102925809822,0.18947811447811447,0.9122257053291536,0.0,1.0,3,6,33,210,723,15418,0.13580246913524363,0.04365079365073591,0.06606606569778187,0.9430541992186924,0.03416149068319445
131,cnn_direct_vector_regression__distance_transform,CNN + Distance-to-stroke,distance_transform,4,5,1,0.4213862559241706,0.35,0.919431279620853,0.0,0.8,0,1,1,192,368,15823,0.005181347150232221,0.0027100271002636588,0.0035587184102342235,0.965820312499941,0.0017825311942927227
131,cnn_direct_vector_regression__local_density,CNN + Local density blur,local_density,4,4,0,0.34458304043323185,0.1113622096672944,0.9723502304147466,0.0,1.0,0,3,5,192,364,15823,0.025380710659769642,0.013550135501318292,0.01766784406907941,0.966064453124941,0.008912655971463615
132,cnn_direct_vector_regression__distance_transform,CNN + Distance-to-stroke,distance_transform,3,3,0,0.3647114317425083,0.18301886792452832,0.9117647058823529,0.0,1.0,1,0,9,97,276,16002,0.08490566037655749,0.03157894736831025,0.04603580523115365,0.9772338867186904,0.023560209424022094
132,cnn_direct_vector_regression__local_density,CNN + Local density blur,local_density,3,3,0,0.2845302452964992,0.014642375168690953,0.8897058823529411,0.0,1.0,1,0,0,104,285,15995,0.0,0.0,0.0,0.9762573242186904,0.0
133,cnn_direct_vector_regression__distance_transform,CNN + Distance-to-stroke,distance_transform,2,2,0,0.539795918367347,0.0,0.9489795918367347,1.0,1.0,0,0,9,81,299,15995,0.09999999999888888,0.029220779220684348,0.0452261303030479,0.9768066406249404,0.023136246786572914
133,cnn_direct_vector_regression__local_density,CNN + Local density blur,local_density,2,2,0,0.7038145161290322,0.43499999999999994,0.7903225806451613,1.0,1.0,0,0,0,122,308,15954,0.0,0.0,0.0,0.9737548828124405,0.0
134,cnn_direct_vector_regression__distance_transform,CNN + Distance-to-stroke,distance_transform,5,5,0,0.3450980533525595,0.11543859649122806,0.9657534246575342,0.0,1.0,0,1,6,126,247,16005,0.045454545454201106,0.02371541501966911,0.031168830718057015,0.9772338867186904,0.01583113456460203
134,cnn_direct_vector_regression__local_density,CNN + Local density blur,local_density,5,4,1,0.41811038961038965,0.33,0.948051948051948,0.0,0.8,0,2,13,137,240,15994,0.0866666666660889,0.05138339920928307,0.06451612856459926,0.9769897460936904,0.033333333333247867
135,cnn_direct_vector_regression__distance_transform,CNN + Distance-to-stroke,distance_transform,3,4,1,0.38069355500821017,0.2639750957854406,0.9345238095238095,0.0,0.75,0,1,47,103,259,15975,0.31333333333124447,0.15359477124132812,0.20614035043480683,0.9779052734374403,0.11491442542759189
135,cnn_direct_vector_regression__local_density,CNN + Local density blur,local_density,3,4,1,0.542560069699193,0.11230842911877392,0.8351063829787234,1.0,0.75,0,0,15,160,291,15918,0.08571428571379593,0.04901960784297706,0.06237006190689011,0.9724731445311906,0.03218884120164767
136,cnn_direct_vector_regression__distance_transform,CNN + Distance-to-stroke,distance_transform,4,5,1,0.33173277079621877,0.29510198604401505,0.5946843853820598,0.0,0.8,5,1,7,165,267,15945,0.04069767441836804,0.025547445255381215,0.03139013405515897,0.9736328124999406,0.015945330296091242
136,cnn_direct_vector_regression__local_density,CNN + Local density blur,local_density,4,5,1,0.37103024720983563,0.2626807265423441,0.7641196013289037,0.08,0.8,5,4,11,200,263,15910,0.05213270142155388,0.04014598540131334,0.0453608242505176,0.9717407226561907,0.02320675105480336
137,cnn_direct_vector_regression__distance_transform,CNN + Distance-to-stroke,distance_transform,2,3,1,0.5695062893081762,0.13,0.9716981132075472,1.0,0.6666666666666667,0,0,0,104,217,16063,0.0,0.0,0.0,0.9804077148436902,0.0
137,cnn_direct_vector_regression__local_density,CNN + Local density blur,local_density,2,2,0,0.7350028005974608,0.43269230769230765,0.9514563106796117,1.0,1.0,0,0,0,98,217,16069,0.0,0.0,0.0,0.9807739257811902,0.0
138,cnn_direct_vector_regression__distance_transform,CNN + Distance-to-stroke,distance_transform,1,1,0,0.5204918032786885,0.0,0.8524590163934427,1.0,1.0,0,0,0,62,161,16161,0.0,0.0,0.0,0.9863891601561897,0.0
138,cnn_direct_vector_regression__local_density,CNN + Local density blur,local_density,1,1,0,0.5,0.0,0.75,1.0,1.0,0,0,15,25,146,16198,0.37499999999062505,0.09316770186277536,0.14925373102299447,0.9895629882811896,0.08064516128988901
139,cnn_direct_vector_regression__distance_transform,CNN + Distance-to-stroke,distance_transform,3,2,1,0.5445360360360361,0.13,0.8468468468468469,1.0,0.6666666666666667,0,0,11,101,156,16116,0.0982142857134088,0.06586826347265948,0.07885304611384746,0.9843139648436899,0.04104477611924984
139,cnn_direct_vector_regression__local_density,CNN + Local density blur,local_density,3,3,0,0.6825241104090456,0.30824372759856633,0.9690721649484536,1.0,1.0,0,0,5,94,162,16123,0.05050505050454035,0.029940119760299762,0.03759398449479904,0.9843749999999399,0.019157088122531966
140,cnn_direct_vector_regression__distance_transform,CNN + Distance-to-stroke,distance_transform,4,5,1,0.25369433198380564,0.0423076923076923,0.7732793522267206,0.0,0.8,2,0,3,188,317,15876,0.01570680628264028,0.009374999999970704,0.01174168250637829,0.9691772460936908,0.005905511811011997
140,cnn_direct_vector_regression__local_density,CNN + Local density blur,local_density,4,5,1,0.37338056680161946,0.21538461538461537,0.6072874493927125,0.3,0.8,2,1,12,133,308,15931,0.08275862068908443,0.037499999999882815,0.051612902796401905,0.9730834960936906,0.026490066225107085
141,cnn_direct_vector_regression__distance_transform,CNN + Distance-to-stroke,distance_transform,3,4,1,0.30288674033149177,0.21666666666666667,0.6519337016574586,0.0,0.75,0,1,14,93,552,15725,0.1308411214941043,0.024734982332111775,0.04160475456157588,0.9606323242186914,0.021244309559907065
141,cnn_direct_vector_regression__local_density,CNN + Local density blur,local_density,3,4,1,0.3039502762430939,0.08888888888888886,0.9447513812154696,0.0,0.75,0,1,6,143,560,15675,0.04026845637556867,0.01060070671376219,0.016783216453240754,0.9570922851561916,0.008462623413246174
142,cnn_direct_vector_regression__distance_transform,CNN + Distance-to-stroke,distance_transform,5,5,0,0.2961767510215786,0.12471933471933472,0.7002652519893899,0.0,1.0,4,3,40,212,762,15370,0.15873015872952886,0.04987531172063606,0.07590132790924967,0.9405517578124426,0.03944773175538516
142,cnn_direct_vector_regression__local_density,CNN + Local density blur,local_density,5,5,0,0.2632023872679045,0.09977777777777778,0.5915119363395225,0.0,1.0,4,1,25,180,777,15402,0.12195121951160025,0.031172069825397542,0.04965243264485247,0.9415893554686925,0.025458248472479166
143,cnn_direct_vector_regression__distance_transform,CNN + Distance-to-stroke,distance_transform,1,1,0,0.4833333333333334,0.0,0.6666666666666667,1.0,1.0,0,0,0,20,31,16333,0.0,0.0,0.0,0.9968872070311892,0.0
143,cnn_direct_vector_regression__local_density,CNN + Local density blur,local_density,1,1,0,0.5147058823529411,0.0,0.8235294117647058,1.0,1.0,0,0,4,14,27,16339,0.22222222220987653,0.1290322580603538,0.16326530565097874,0.997497558593689,0.08888888888691358
144,cnn_direct_vector_regression__distance_transform,CNN + Distance-to-stroke,distance_transform,2,2,0,0.6533739406779661,0.29374999999999996,0.8559322033898304,1.0,1.0,0,0,0,92,106,16186,0.0,0.0,0.0,0.9879150390624397,0.0
144,cnn_direct_vector_regression__local_density,CNN + Local density blur,local_density,2,2,0,0.6787727112676056,0.31105046948356807,0.944,1.0,1.0,0,0,2,102,104,16176,0.019230769230584317,0.018867924528123886,0.019047618547483006,0.9874267578124397,0.009615384615338387
145,cnn_direct_vector_regression__distance_transform,CNN + Distance-to-stroke,distance_transform,1,1,0,0.5035353535353535,0.0,0.7676767676767677,1.0,1.0,0,0,16,60,290,16018,0.21052631578670358,0.05228758169917553,0.08376963318867355,0.9786376953124403,0.04371584699441608
145,cnn_direct_vector_regression__local_density,CNN + Local density blur,local_density,1,1,0,0.6770151515151516,0.39,0.7575757575757576,1.0,1.0,0,0,63,13,243,16065,0.8289473684101454,0.20588235294050367,0.3298429316167046,0.9843749999999399,0.1974921630087853
146,cnn_direct_vector_regression__distance_transform,CNN + Distance-to-stroke,distance_transform,3,3,0,0.370482905982906,0.19461538461538463,0.9145299145299145,0.0,1.0,1,0,2,94,337,15951,0.02083333333311632,0.00589970501473186,0.009195401954836847,0.9736938476561905,0.0046189376443311345
146,cnn_direct_vector_regression__local_density,CNN + Local density blur,local_density,3,3,0,0.2948717948717949,0.0,0.9743589743589743,0.0,1.0,1,0,11,98,328,15947,0.1009174311917347,0.03244837758102523,0.049107142488709746,0.9739990234374405,0.02517162471390121
147,cnn_direct_vector_regression__distance_transform,CNN + Distance-to-stroke,distance_transform,5,5,0,0.2915487420898287,0.10548843271423917,0.7203947368421053,0.0,1.0,1,0,24,179,846,15335,0.11822660098463929,0.027586206896520016,0.044734389255099115,0.9374389648436927,0.022878932316470087
147,cnn_direct_vector_regression__local_density,CNN + Local density blur,local_density,5,5,0,0.27640526315789476,0.10400000000000001,0.6480263157894737,0.0,1.0,1,0,17,174,853,15340,0.08900523560162825,0.01954022988503501,0.032045240044018014,0.9373168945311927,0.016283524904198963
148,cnn_direct_vector_regression__distance_transform,CNN + Distance-to-stroke,distance_transform,2,2,0,0.5015151515151515,0.0,0.7575757575757576,1.0,1.0,0,0,0,100,243,16041,0.0,0.0,0.0,0.9790649414061903,0.0
148,cnn_direct_vector_regression__local_density,CNN + Local density blur,local_density,2,2,0,0.5570238095238096,0.14259259259259258,0.7142857142857143,1.0,1.0,0,0,23,82,220,16059,0.21904761904553288,0.09465020576092736,0.13218390762384397,0.98156738281244,0.07076923076901302
149,cnn_direct_vector_regression__distance_transform,CNN + Distance-to-stroke,distance_transform,3,3,0,0.6192662337662338,0.28090909090909094,0.7142857142857143,1.0,1.0,0,0,0,93,337,15954,0.0,0.0,0.0,0.9737548828124405,0.0
149,cnn_direct_vector_regression__local_density,CNN + Local density blur,local_density,3,3,0,0.5832142857142857,0.15,0.8285714285714285,1.0,1.0,0,0,3,110,334,15937,0.026548672566136737,0.008902077151308896,0.01333333295716544,0.9729003906249406,0.00671140939595814
150,cnn_direct_vector_regression__distance_transform,CNN + Distance-to-stroke,distance_transform,5,5,0,0.34018643985182295,0.15108695652173912,0.8609865470852018,0.0,1.0,0,1,3,184,539,15658,0.01604278074857731,0.005535055350543294,0.008230452293443694,0.9558715820311916,0.004132231404952986
150,cnn_direct_vector_regression__local_density,CNN + Local density blur,local_density,5,5,0,0.6276893643985183,0.18659420289855075,0.968609865470852,1.0,1.0,0,0,11,203,531,15639,0.051401869158638314,0.020295202951992077,0.029100528694570426,0.9552001953124417,0.01476510067112112
151,cnn_direct_vector_regression__distance_transform,CNN + Distance-to-stroke,distance_transform,5,5,0,0.34554054294456704,0.10333795868023435,0.9951923076923077,0.0,1.0,1,2,8,189,572,15615,0.04060913705563143,0.01379310344825208,0.020592020213453393,0.9535522460936918,0.010403120936267357
151,cnn_direct_vector_regression__local_density,CNN + Local density blur,local_density,5,5,0,0.28554420532208813,0.031978575929426586,0.8557692307692308,0.0,1.0,1,1,26,149,554,15655,0.1485714285705796,0.044827586206819266,0.0688741718291233,0.9570922851561916,0.035665294924505264
152,cnn_direct_vector_regression__distance_transform,CNN + Distance-to-stroke,distance_transform,3,2,1,0.6578571428571428,0.3222222222222222,0.9809523809523809,1.0,0.6666666666666667,0,0,11,92,316,15965,0.10679611650381751,0.03363914373078398,0.051162790333120614,0.9750976562499405,0.02625298329349343
152,cnn_direct_vector_regression__local_density,CNN + Local density blur,local_density,3,2,1,0.6049675324675324,0.26818181818181813,0.8380952380952381,1.0,0.6666666666666667,0,0,0,85,327,15972,0.0,0.0,0.0,0.9748535156249405,0.0
153,cnn_direct_vector_regression__distance_transform,CNN + Distance-to-stroke,distance_transform,4,4,0,0.2370678932921599,0.05252234993614303,0.5671641791044777,0.0,1.0,1,0,7,67,381,15929,0.09459459459331629,0.018041237113355563,0.030303030033863684,0.9726562499999406,0.015384615384581572
153,cnn_direct_vector_regression__local_density,CNN + Local density blur,local_density,4,4,0,0.24262645107794364,0.015123456790123458,0.6791044776119404,0.0,1.0,1,0,9,83,379,15913,0.09782608695545841,0.023195876288600013,0.03749999968998265,0.9718017578124407,0.0191082802547365
154,cnn_direct_vector_regression__distance_transform,CNN + Distance-to-stroke,distance_transform,1,1,0,0.5026315789473684,0.0,0.7631578947368421,1.0,1.0,0,0,0,26,39,16319,0.0,0.0,0.0,0.9960327148436892,0.0
154,cnn_direct_vector_regression__local_density,CNN + Local density blur,local_density,1,1,0,0.5184210526315789,0.0,0.8421052631578947,1.0,1.0,0,0,0,31,39,16314,0.0,0.0,0.0,0.9957275390624392,0.0
155,cnn_direct_vector_regression__distance_transform,CNN + Distance-to-stroke,distance_transform,3,2,1,0.3995495495495496,0.0,0.4144144144144144,1.0,0.6666666666666667,0,0,2,76,223,16083,0.02564102564069691,0.008888888888849382,0.013201319749610616,0.98175048828119,0.006644518272403175
155,cnn_direct_vector_regression__local_density,CNN + Local density blur,local_density,3,2,1,0.4238738738738739,0.0,0.5360360360360361,1.0,0.6666666666666667,0,0,4,100,221,16059,0.038461538461168635,0.017777777777698765,0.02431610898997608,0.9804077148436902,0.012307692307654439
156,cnn_direct_vector_regression__distance_transform,CNN + Distance-to-stroke,distance_transform,2,2,0,0.540264705882353,0.13,0.6588235294117647,1.0,1.0,0,0,1,52,178,16153,0.01886792452794589,0.00558659217873974,0.00862068930257879,0.9859619140624398,0.004329004328985589
156,cnn_direct_vector_regression__local_density,CNN + Local density blur,local_density,2,2,0,0.4582352941176471,0.0,0.5411764705882354,1.0,1.0,0,0,0,47,179,16158,0.0,0.0,0.0,0.9862060546874398,0.0
157,cnn_direct_vector_regression__distance_transform,CNN + Distance-to-stroke,distance_transform,5,5,0,0.3415718725054168,0.13926426426426428,0.8945147679324894,0.0,1.0,2,0,13,183,419,15769,0.0663265306119065,0.030092592592522935,0.041401273455829855,0.9632568359374412,0.021138211382079452
157,cnn_direct_vector_regression__local_density,CNN + Local density blur,local_density,5,5,0,0.33386066359800537,0.07712121212121212,0.9957805907172996,0.0,1.0,2,6,30,180,402,15772,0.1428571428564626,0.0694444444442837,0.0934579434847294,0.9644775390624412,0.04901960784305716
158,cnn_direct_vector_regression__distance_transform,CNN + Distance-to-stroke,distance_transform,3,3,0,0.2717955494118285,0.07200357781753132,0.696969696969697,0.0,1.0,1,0,16,96,425,15847,0.14285714285586734,0.03628117913823973,0.057866184125228495,0.9682006835936908,0.029795158286722915
158,cnn_direct_vector_regression__local_density,CNN + Local density blur,local_density,3,4,1,0.2504020979020979,0.0423076923076923,0.7818181818181819,0.0,0.75,1,2,13,99,428,15844,0.11607142857039221,0.029478458049819776,0.04701627454118094,0.9678344726561909,0.02407407407402949
159,cnn_direct_vector_regression__distance_transform,CNN + Distance-to-stroke,distance_transform,5,4,1,0.30681128496917975,0.19369369369369369,0.6982456140350877,0.0,0.8,1,0,11,185,366,15822,0.0561224489793055,0.029177718832813854,0.03839441490752264,0.9663696289061909,0.019572953736619977
159,cnn_direct_vector_regression__local_density,CNN + Local density blur,local_density,5,5,0,0.2872495126705653,0.1120164609053498,0.6842105263157895,0.0,1.0,1,0,11,172,366,15835,0.06010928961715788,0.029177718832813854,0.03928571384558036,0.9671630859374409,0.02003642987245895
160,cnn_direct_vector_regression__distance_transform,CNN + Distance-to-stroke,distance_transform,2,2,0,0.4603448275862069,0.0,0.5517241379310345,1.0,1.0,0,0,1,62,231,16090,0.01587301587276392,0.004310344827567628,0.00677966068099973,0.98211669921869,0.003401360544206118
160,cnn_direct_vector_regression__local_density,CNN + Local density blur,local_density,2,3,1,0.5963712121212121,0.21878787878787875,0.90625,1.0,0.6666666666666667,0,0,14,116,218,16036,0.1076923076914793,0.060344827585946795,0.07734806583761182,0.9796142578124402,0.04022988505735566
161,cnn_direct_vector_regression__distance_transform,CNN + Distance-to-stroke,distance_transform,3,3,0,0.5345156851139391,0.1531541218637993,0.5779816513761468,1.0,1.0,0,0,0,63,342,15979,0.0,0.0,0.0,0.9752807617186905,0.0
161,cnn_direct_vector_regression__local_density,CNN + Local density blur,local_density,3,3,0,0.6007337662337663,0.12464646464646464,0.9732142857142857,1.0,1.0,0,0,11,104,331,15938,0.09565217391221172,0.032163742689964435,0.04814004338682972,0.9734497070311906,0.024663677129989545
162,cnn_direct_vector_regression__distance_transform,CNN + Distance-to-stroke,distance_transform,3,5,2,0.21098814229249013,0.0,0.7549407114624506,0.0,0.6,2,1,7,162,247,15968,0.04142011834295018,0.027559055118001736,0.03309692623398108,0.9750366210936905,0.01682692307688263
162,cnn_direct_vector_regression__local_density,CNN + Local density blur,local_density,3,5,2,0.23578528249244363,0.07091503267973855,0.7193675889328064,0.0,0.6,2,1,6,166,248,15964,0.03488372093002975,0.02362204724400149,0.02816901360290067,0.9747314453124405,0.014285714285680273
163,cnn_direct_vector_regression__distance_transform,CNN + Distance-to-stroke,distance_transform,2,3,1,0.5216136204481793,0.07448529411764702,0.8571428571428572,1.0,0.6666666666666667,0,0,0,111,146,16127,0.0,0.0,0.0,0.9843139648436899,0.0
163,cnn_direct_vector_regression__local_density,CNN + Local density blur,local_density,2,2,0,0.4598039215686275,0.0,0.5490196078431373,1.0,1.0,0,0,0,45,146,16193,0.0,0.0,0.0,0.9883422851561896,0.0
164,cnn_direct_vector_regression__distance_transform,CNN + Distance-to-stroke,distance_transform,5,5,0,0.5030211352695872,0.5365768304622793,0.8078078078078078,0.0,1.0,4,0,81,169,655,15479,0.323999999998704,0.11005434782593743,0.1643002024608988,0.949707031249942,0.08950276243084034
164,cnn_direct_vector_regression__local_density,CNN + Local density blur,local_density,5,5,0,0.4237927441611652,0.32180836707152494,0.8948948948948949,0.0,1.0,4,1,20,255,716,15393,0.07272727272700827,0.02717391304344134,0.03956478694315057,0.9407348632811926,0.02018163471239134
165,cnn_direct_vector_regression__distance_transform,CNN + Distance-to-stroke,distance_transform,1,1,0,0.494,0.0,0.72,1.0,1.0,0,0,0,14,26,16344,0.0,0.0,0.0,0.997558593749939,0.0
165,cnn_direct_vector_regression__local_density,CNN + Local density blur,local_density,1,1,0,0.502,0.0,0.76,1.0,1.0,0,0,0,19,26,16339,0.0,0.0,0.0,0.9972534179686892,0.0
166,cnn_direct_vector_regression__distance_transform,CNN + Distance-to-stroke,distance_transform,4,5,1,0.31132902298850573,0.0875,0.9597701149425287,0.0,0.8,1,0,27,146,497,15714,0.15606936416094758,0.05152671755715357,0.0774748920225603,0.9607543945311914,0.04029850746262642
166,cnn_direct_vector_regression__local_density,CNN + Local density blur,local_density,4,5,1,0.3196126648657238,0.1668458781362007,0.8226600985221675,0.0,0.8,1,2,25,163,499,15697,0.132978723403548,0.04770992366403109,0.07022471871227591,0.9595947265624414,0.03639010189223233
167,cnn_direct_vector_regression__distance_transform,CNN + Distance-to-stroke,distance_transform,5,4,1,0.3239611633577151,0.14707419017763843,0.8888888888888888,0.0,0.8,1,0,5,241,461,15677,0.0203252032519499,0.010729613733882554,0.01404494336792231,0.9571533203124416,0.007072135784997069
167,cnn_direct_vector_regression__local_density,CNN + Local density blur,local_density,5,5,0,0.3542156190512269,0.178216649251132,0.8700906344410876,0.0,1.0,1,0,6,307,460,15611,0.019169329073421185,0.012875536480659066,0.015404364089209543,0.9531860351561918,0.007761966364802378
168,cnn_direct_vector_regression__distance_transform,CNN + Distance-to-stroke,distance_transform,1,1,0,0.6410805084745762,0.22499999999999995,0.9491525423728814,1.0,1.0,0,0,0,59,173,16152,0.0,0.0,0.0,0.9858398437499398,0.0
168,cnn_direct_vector_regression__local_density,CNN + Local density blur,local_density,1,1,0,0.5325,0.016666666666666684,0.875,1.0,1.0,0,0,11,54,162,16157,0.16923076922816568,0.0635838150285342,0.09243697439209804,0.9868164062499397,0.04845814977952221
169,cnn_direct_vector_regression__distance_transform,CNN + Distance-to-stroke,distance_transform,3,3,0,0.5294236928497078,0.037761674718196456,0.8121546961325967,1.0,1.0,0,0,1,125,419,15839,0.007936507936444948,0.002380952380946712,0.003663003307960694,0.9667968749999409,0.0018348623853177341
169,cnn_direct_vector_regression__local_density,CNN + Local density blur,local_density,3,3,0,0.5597211946512931,0.11491143317230273,0.7900552486187845,1.0,1.0,0,0,6,125,414,15839,0.04580152671720763,0.014285714285680273,0.021778584029486077,0.9671020507811909,0.011009174311906405
170,cnn_direct_vector_regression__distance_transform,CNN + Distance-to-stroke,distance_transform,1,1,0,0.6684374999999999,0.2770833333333333,0.96875,1.0,1.0,0,0,4,25,101,16254,0.13793103447800237,0.038095238094875285,0.059701492197259974,0.9923095703124394,0.030769230768994085
170,cnn_direct_vector_regression__local_density,CNN + Local density blur,local_density,1,1,0,0.44375,0.0,0.46875,1.0,1.0,0,0,3,12,102,16267,0.19999999998666668,0.028571428571156462,0.049999999780416665,0.9930419921874394,0.025641025640806486
171,cnn_direct_vector_regression__distance_transform,CNN + Distance-to-stroke,distance_transform,2,2,0,0.4918181818181818,0.0,0.7090909090909091,1.0,1.0,0,0,12,25,171,16176,0.32432432431555885,0.06557377049144496,0.10909090881012397,0.9880371093749397,0.05769230769203033
171,cnn_direct_vector_regression__local_density,CNN + Local density blur,local_density,2,2,0,0.5027272727272727,0.0,0.7636363636363637,1.0,1.0,0,0,6,34,177,16167,0.14999999999625002,0.03278688524572248,0.053811658897946875,0.9871215820311897,0.02764976958512604
172,cnn_direct_vector_regression__distance_transform,CNN + Distance-to-stroke,distance_transform,5,4,1,0.4969181484085549,0.08326291160189464,0.6472491909385114,1.0,0.8,0,0,21,175,584,15604,0.1071428571423105,0.03471074380159552,0.052434456559070204,0.9536743164061917,0.026923076923042407
172,cnn_direct_vector_regression__local_density,CNN + Local density blur,local_density,5,5,0,0.5756463371579876,0.185003367003367,0.7119741100323624,1.0,1.0,0,0,71,148,534,15631,0.3242009132405288,0.11735537190063247,0.17233009669668148,0.9583740234374415,0.0942895086320129
173,cnn_direct_vector_regression__distance_transform,CNN + Distance-to-stroke,distance_transform,2,2,0,0.5958887365650362,0.15237588652482265,0.8865979381443299,1.0,1.0,0,0,6,81,195,16102,0.0689655172405866,0.029850746268508206,0.04166666624471933,0.9831542968749399,0.021276595744605404
173,cnn_direct_vector_regression__local_density,CNN + Local density blur,local_density,2,3,1,0.2509448742746615,0.08290780141843972,0.7348484848484849,0.0,0.6666666666666667,0,1,26,99,175,16084,0.207999999998336,0.12935323383020222,0.15950920198018365,0.9832763671874399,0.08666666666637778
174,cnn_direct_vector_regression__distance_transform,CNN + Distance-to-stroke,distance_transform,4,4,0,0.27901234567901234,0.0,0.8950617283950617,0.0,1.0,1,1,46,88,393,15857,0.34328358208699045,0.10478359908859959,0.16055846386448958,0.9706420898436907,0.08728652751406588
174,cnn_direct_vector_regression__local_density,CNN + Local density blur,local_density,4,4,0,0.3580552749719417,0.15095959595959596,0.9506172839506173,0.0,1.0,1,2,11,132,428,15813,0.07692307692253901,0.02505694760814338,0.03780068691442591,0.965820312499941,0.019264448336218452
175,cnn_direct_vector_regression__distance_transform,CNN + Distance-to-stroke,distance_transform,4,3,1,0.30191560159826414,0.10399698340874812,0.9005847953216375,0.0,0.75,1,0,13,160,153,16058,0.07514450867008587,0.07831325301157643,0.07669616469150113,0.9808959960936902,0.03987730061337461
175,cnn_direct_vector_regression__local_density,CNN + Local density blur,local_density,4,3,1,0.32286541889483067,0.14340463458110517,0.9166666666666666,0.0,0.75,1,0,13,141,153,16077,0.08441558441503627,0.07831325301157643,0.08124999950019532,0.98205566406244,0.042345276872826236
176,cnn_direct_vector_regression__distance_transform,CNN + Distance-to-stroke,distance_transform,5,5,0,0.592163113604488,0.2065990338164251,0.7459677419354839,1.0,1.0,0,0,31,146,304,15903,0.17514124293686362,0.0925373134325596,0.12109374954714203,0.9725341796874406,0.06444906444893046
176,cnn_direct_vector_regression__local_density,CNN + Local density blur,local_density,5,5,0,0.6406967871485943,0.2033333333333333,0.9959839357429718,1.0,1.0,0,0,22,222,313,15827,0.09016393442585999,0.06567164179084874,0.0759930910492213,0.9673461914061909,0.03949730700172442
177,cnn_direct_vector_regression__distance_transform,CNN + Distance-to-stroke,distance_transform,3,4,1,0.4037748691099477,0.3466666666666667,0.8638743455497382,0.0,0.75,0,1,54,139,398,15793,0.27979274611253996,0.11946902654840826,0.16744186004521844,0.9672241210936909,0.09137055837547992
177,cnn_direct_vector_regression__local_density,CNN + Local density blur,local_density,3,5,2,0.24745597073425657,0.14191214470284236,0.6179775280898876,0.0,0.6,0,1,38,224,414,15708,0.14503816793837773,0.08407079645999099,0.1064425765659205,0.9610595703124413,0.05621301775139614
178,cnn_direct_vector_regression__distance_transform,CNN + Distance-to-stroke,distance_transform,3,3,0,0.29821244812098474,0.0914206164206164,0.7853658536585366,0.0,1.0,0,1,8,143,369,15864,0.05298013244998027,0.021220159151137348,0.030303029894520495,0.9687499999999408,0.0153846153845858
178,cnn_direct_vector_regression__local_density,CNN + Local density blur,local_density,3,3,0,0.2395121951219512,0.0,0.697560975609756,0.0,1.0,0,1,12,125,365,15882,0.08759124087527306,0.03183023872670602,0.046692606612719345,0.9700927734374407,0.023904382470071903
179,cnn_direct_vector_regression__distance_transform,CNN + Distance-to-stroke,distance_transform,1,1,0,0.5144444444444445,0.0,0.8222222222222222,1.0,1.0,0,0,0,38,144,16202,0.0,0.0,0.0,0.9888916015624396,0.0
179,cnn_direct_vector_regression__local_density,CNN + Local density blur,local_density,1,1,0,0.47,0.0,0.6,1.0,1.0,0,0,0,26,144,16214,0.0,0.0,0.0,0.9896240234374396,0.0
180,cnn_direct_vector_regression__distance_transform,CNN + Distance-to-stroke,distance_transform,4,4,0,0.31405106433867497,0.0725225225225225,0.9070796460176991,0.0,1.0,1,2,6,186,619,15573,0.03124999999983724,0.00959999999998464,0.01468788213734759,0.9508666992186919,0.007398273736119115
180,cnn_direct_vector_regression__local_density,CNN + Local density blur,local_density,4,4,0,0.3810559690931734,0.20950913242009134,0.9338842975206612,0.0,1.0,1,0,1,242,624,15517,0.004115226337431625,0.00159999999999744,0.0023041470622731067,0.9471435546874422,0.0011534025374842522
181,cnn_direct_vector_regression__distance_transform,CNN + Distance-to-stroke,distance_transform,3,3,0,0.29102069286212506,0.14879227053140096,0.6203208556149733,0.0,1.0,1,0,26,92,285,15981,0.22033898304898017,0.08360128617336463,0.12121212081275368,0.9769897460936904,0.06451612903209798
181,cnn_direct_vector_regression__local_density,CNN + Local density blur,local_density,3,3,0,0.2827500502445234,0.08287889953328419,0.7272727272727273,0.0,1.0,1,0,27,109,284,15964,0.19852941176324612,0.08681672025695558,0.12080536870361196,0.9760131835936904,0.06428571428556122
182,cnn_direct_vector_regression__distance_transform,CNN + Distance-to-stroke,distance_transform,4,4,0,0.6986566955549343,0.36118721461187214,0.9306122448979592,1.0,1.0,0,0,0,213,452,15719,0.0,0.0,0.0,0.9594116210936914,0.0
182,cnn_direct_vector_regression__local_density,CNN + Local density blur,local_density,4,5,1,0.6310691093520406,0.29226430298146655,0.8477508650519031,1.0,0.8,0,0,0,278,452,15654,0.0,0.0,0.0,0.9554443359374417,0.0
183,cnn_direct_vector_regression__distance_transform,CNN + Distance-to-stroke,distance_transform,3,3,0,0.6208590909090909,0.1859090909090909,0.9359999999999999,1.0,1.0,0,0,8,105,294,15977,0.07079646017636464,0.02649006622507785,0.038554216470988535,0.9756469726561904,0.01965601965597136
183,cnn_direct_vector_regression__local_density,CNN + Local density blur,local_density,3,4,1,0.6258896103896103,0.27181818181818185,0.8928571428571429,1.0,0.75,0,0,0,126,302,15956,0.0,0.0,0.0,0.9738769531249405,0.0
184,cnn_direct_vector_regression__distance_transform,CNN + Distance-to-stroke,distance_transform,3,3,0,0.6034345680906,0.1990950226244344,0.8192090395480226,1.0,1.0,0,0,6,141,417,15820,0.04081632653033459,0.014184397163087035,0.021052631196103424,0.965942382812441,0.010638297872321564
184,cnn_direct_vector_regression__local_density,CNN + Local density blur,local_density,3,3,0,0.5403065472266577,0.013612791702679346,0.9209039548022598,1.0,1.0,0,0,2,149,421,15812,0.013245033112495067,0.004728132387695678,0.006968640727233568,0.965209960937441,0.0034965034964973838
185,cnn_direct_vector_regression__distance_transform,CNN + Distance-to-stroke,distance_transform,3,4,1,0.2708132530120482,0.03888888888888889,0.891566265060241,0.0,0.75,1,0,5,158,168,16053,0.030674846625578685,0.02890173410387918,0.029761904262170503,0.9801025390624402,0.015105740181223246
185,cnn_direct_vector_regression__local_density,CNN + Local density blur,local_density,3,3,0,0.3602195945945946,0.14583333333333334,0.972972972972973,0.0,1.0,1,1,5,127,168,16084,0.03787878787850092,0.02890173410387918,0.032786884754721864,0.98199462890619,0.01666666666661111
186,cnn_direct_vector_regression__distance_transform,CNN + Distance-to-stroke,distance_transform,1,1,0,0.5017241379310344,0.0,0.7586206896551724,1.0,1.0,0,0,0,30,23,16331,0.0,0.0,0.0,0.9967651367186892,0.0
186,cnn_direct_vector_regression__local_density,CNN + Local density blur,local_density,1,1,0,0.7075,0.35,1.0,1.0,1.0,0,0,7,16,16,16345,0.304347826073724,0.304347826073724,0.30434782557372403,0.998046874999939,0.17948717948257728
187,cnn_direct_vector_regression__distance_transform,CNN + Distance-to-stroke,distance_transform,2,2,0,0.4196629213483146,0.0,0.348314606741573,1.0,1.0,0,0,6,24,271,16083,0.19999999999333334,0.02166064981941639,0.03908794770614012,0.98199462890619,0.019933554817209525
187,cnn_direct_vector_regression__local_density,CNN + Local density blur,local_density,2,2,0,0.586088056680162,0.1442982456140351,0.8557692307692308,1.0,1.0,0,0,12,84,265,16023,0.12499999999869792,0.04332129963883278,0.06434316315626505,0.9786987304686903,0.03324099722982482
188,cnn_direct_vector_regression__distance_transform,CNN + Distance-to-stroke,distance_transform,2,2,0,0.2759763313609468,0.1333333333333333,0.5798816568047338,0.0,1.0,1,0,5,87,165,16127,0.054347826086365784,0.029411764705709345,0.03816793847532196,0.9846191406249398,0.019455252918212238
188,cnn_direct_vector_regression__local_density,CNN + Local density blur,local_density,2,2,0,0.22791789940828405,0.02916666666666668,0.5739644970414202,0.0,1.0,1,0,4,79,166,16135,0.04819277108375671,0.023529411764567475,0.03162055291855834,0.9850463867186898,0.016064257028047934
189,cnn_direct_vector_regression__distance_transform,CNN + Distance-to-stroke,distance_transform,5,5,0,0.41784029588076776,0.30273577884104197,0.9080459770114943,0.0,1.0,0,2,31,226,399,15728,0.12062256809291587,0.0720930232556463,0.09024745222431135,0.9618530273436913,0.04725609756090357
189,cnn_direct_vector_regression__local_density,CNN + Local density blur,local_density,5,5,0,0.3976650385500473,0.24514057754204632,0.9367588932806324,0.0,1.0,0,1,22,216,408,15738,0.09243697478952757,0.05116279069755544,0.0658682630141633,0.9619140624999413,0.03405572755412685
190,cnn_direct_vector_regression__distance_transform,CNN + Distance-to-stroke,distance_transform,4,4,0,0.5316479714357937,0.12459239130434781,0.627906976744186,1.0,1.0,0,0,14,64,393,15913,0.17948717948487836,0.03439803439794988,0.05773195849272824,0.9721069335936906,0.02972399150736789
190,cnn_direct_vector_regression__local_density,CNN + Local density blur,local_density,4,4,0,0.5823842592592593,0.1625,0.7962962962962963,1.0,1.0,0,0,18,141,389,15836,0.11320754716909934,0.04422604422593556,0.06360423987845397,0.9676513671874409,0.03284671532840722
191,cnn_direct_vector_regression__distance_transform,CNN + Distance-to-stroke,distance_transform,5,4,1,0.5520238095238095,0.08333333333333333,0.9226190476190477,1.0,0.8,0,0,9,147,394,15834,0.05769230769193787,0.02233250620341853,0.03220035737925827,0.9669799804686909,0.01636363636360661
191,cnn_direct_vector_regression__local_density,CNN + Local density blur,local_density,5,5,0,0.2896289198606272,0.17536585365853657,0.5535714285714286,0.0,1.0,0,2,10,243,393,15738,0.039525691699448515,0.024813895781576147,0.030487804404098203,0.9611816406249413,0.01547987616096675
192,cnn_direct_vector_regression__distance_transform,CNN + Distance-to-stroke,distance_transform,4,4,0,0.3246964285714286,0.11583333333333333,0.8628571428571429,0.0,1.0,0,2,3,119,356,15906,0.02459016393422467,0.008356545960979508,0.012474012095348838,0.9710083007811907,0.0062761506276019325
192,cnn_direct_vector_regression__local_density,CNN + Local density blur,local_density,4,4,0,0.3682321428571429,0.29638888888888887,0.6742857142857143,0.0,1.0,0,1,0,101,359,15924,0.0,0.0,0.0,0.9719238281249406,0.0
193,cnn_direct_vector_regression__distance_transform,CNN + Distance-to-stroke,distance_transform,2,2,0,0.3773830561330561,0.18397435897435896,0.972972972972973,0.0,1.0,1,0,3,34,94,16253,0.08108108107888971,0.030927835051227547,0.04477611900256182,0.9921874999999394,0.022900763358603814
193,cnn_direct_vector_regression__local_density,CNN + Local density blur,local_density,2,1,1,0.18333333333333335,0.0,0.6666666666666667,0.0,0.5,1,0,8,15,89,16272,0.3478260869413989,0.08247422680327346,0.13333333302124997,0.9936523437499393,0.07142857142793367
194,cnn_direct_vector_regression__distance_transform,CNN + Distance-to-stroke,distance_transform,3,4,1,0.5510421016987415,0.11151118385160938,0.8793103448275862,1.0,0.75,0,0,33,136,468,15747,0.1952662721881937,0.06586826347292242,0.09850746230904434,0.9631347656249412,0.05180533751954191
194,cnn_direct_vector_regression__local_density,CNN + Local density blur,local_density,3,3,0,0.3847712418300654,0.2,0.9738562091503268,0.0,1.0,0,1,8,136,493,15747,0.05555555555516976,0.015968063872223617,0.02480620120348537,0.9616088867186913,0.012558869701707128
195,cnn_direct_vector_regression__distance_transform,CNN + Distance-to-stroke,distance_transform,4,4,0,0.36837446351931336,0.18055555555555555,0.9356223175965666,0.0,1.0,0,3,3,211,646,15524,0.01401869158871954,0.004622496147912754,0.006952490936405806,0.9476928710936922,0.0034883720930191995
195,cnn_direct_vector_regression__local_density,CNN + Local density blur,local_density,4,4,0,0.648963598791925,0.2847736625514403,0.8540772532188841,1.0,1.0,0,0,9,189,640,15546,0.04545454545431589,0.013867488443738262,0.021251475438641,0.949401855468692,0.010739856801896493
196,cnn_direct_vector_regression__distance_transform,CNN + Distance-to-stroke,distance_transform,5,4,1,0.32201795099310626,0.12965440356744704,0.9183673469387755,0.0,0.8,1,0,1,169,328,15886,0.005882352941141869,0.0030395136778023114,0.004008015582812971,0.9696655273436908,0.002008032128510024
196,cnn_direct_vector_regression__local_density,CNN + Local density blur,local_density,5,5,0,0.34988499078561197,0.20836120401337793,0.7806122448979592,0.0,1.0,1,1,0,152,329,15903,0.0,0.0,0.0,0.9706420898436907,0.0
197,cnn_direct_vector_regression__distance_transform,CNN + Distance-to-stroke,distance_transform,5,5,0,0.2982951473701352,0.037826086956521725,0.9063670411985019,0.0,1.0,0,4,23,189,799,15373,0.10849056603722411,0.027980535279771315,0.044487427140080596,0.9396972656249426,0.022749752720056627
197,cnn_direct_vector_regression__local_density,CNN + Local density blur,local_density,5,5,0,0.5864572336904451,0.08767441860465117,0.9850187265917603,1.0,1.0,0,0,0,256,822,15306,0.0,0.0,0.0,0.9342041015624429,0.0
198,cnn_direct_vector_regression__distance_transform,CNN + Distance-to-stroke,distance_transform,3,3,0,0.35589163938897983,0.15730056980056978,0.925531914893617,0.0,1.0,1,0,17,70,177,16120,0.19540229884832871,0.08762886597892976,0.12099644085277542,0.9849243164061898,0.06439393939369548
198,cnn_direct_vector_regression__local_density,CNN + Local density blur,local_density,3,2,1,0.2626507092198582,0.019444444444444438,0.9361702127659575,0.0,0.6666666666666667,1,0,1,86,193,16104,0.0114942528734311,0.005154639175231162,0.007117437294867113,0.9829711914061899,0.0035714285714158163
199,cnn_direct_vector_regression__distance_transform,CNN + Distance-to-stroke,distance_transform,2,2,0,0.5919908575031526,0.11517094017094016,0.9508196721311475,1.0,1.0,0,0,3,55,142,16184,0.05172413793014269,0.02068965517227111,0.02955664983785096,0.9879760742186897,0.014999999999925
199,cnn_direct_vector_regression__local_density,CNN + Local density blur,local_density,2,2,0,0.6046712626995646,0.31017094017094016,0.5754716981132075,1.0,1.0,0,0,0,107,145,16132,0.0,0.0,0.0,0.9846191406249398,0.0
200,cnn_direct_vector_regression__distance_transform,CNN + Distance-to-stroke,distance_transform,5,5,0,0.3204732890704801,0.10044569288389513,0.8763636363636363,0.0,1.0,2,2,16,221,742,15405,0.0675105485229219,0.02110817941949722,0.032160803657123815,0.9412231445311925,0.016343207354426615
200,cnn_direct_vector_regression__local_density,CNN + Local density blur,local_density,5,5,0,0.3769088806578528,0.22979400749063675,0.8675078864353312,0.0,1.0,2,0,31,288,727,15338,0.0971786833852753,0.04089709762527586,0.05756731620320899,0.9380493164061927,0.02963671128104241
201,cnn_direct_vector_regression__distance_transform,CNN + Distance-to-stroke,distance_transform,4,5,1,0.29872903378218757,0.19869281045751633,0.6465863453815262,0.0,0.8,3,2,23,138,500,15723,0.14285714285625556,0.043977055449246696,0.06725146162815483,0.9610595703124413,0.034795763993895924
201,cnn_direct_vector_regression__local_density,CNN + Local density blur,local_density,4,5,1,0.35146949141102224,0.07492997198879552,0.8554216867469879,0.26666666666666666,0.8,3,2,17,167,506,15694,0.09239130434732397,0.032504780114660604,0.048090522952867774,0.9589233398436915,0.024637681159384583
202,cnn_direct_vector_regression__distance_transform,CNN + Distance-to-stroke,distance_transform,1,1,0,0.5014285714285714,0.0,0.7571428571428571,1.0,1.0,0,0,0,54,71,16259,0.0,0.0,0.0,0.9923706054686894,0.0
202,cnn_direct_vector_regression__local_density,CNN + Local density blur,local_density,1,1,0,0.5042857142857143,0.0,0.7714285714285715,1.0,1.0,0,0,6,48,65,16265,0.1111111111090535,0.08450704225233088,0.095999999507712,0.9931030273436894,0.05042016806680319
203,cnn_direct_vector_regression__distance_transform,CNN + Distance-to-stroke,distance_transform,5,5,0,0.2820268414481898,0.032469135802469136,0.8370786516853932,0.0,1.0,1,2,20,149,358,15857,0.11834319526557194,0.052910052909912936,0.07312614216870482,0.9690551757811908,0.03795066413655038
203,cnn_direct_vector_regression__local_density,CNN + Local density blur,local_density,5,5,0,0.48602535421327375,0.2012345679012346,0.8523489932885906,0.5,1.0,1,2,9,108,369,15898,0.07692307692241945,0.02380952380946082,0.03636363600249771,0.9708862304686907,0.018518518518480416
204,cnn_direct_vector_regression__distance_transform,CNN + Distance-to-stroke,distance_transform,1,1,0,0.5633387096774194,0.12999999999999998,0.7741935483870968,1.0,1.0,0,0,23,9,54,16298,0.7187499999775392,0.29870129869741946,0.42201834820132983,0.9961547851561892,0.26744186046200646
204,cnn_direct_vector_regression__local_density,CNN + Local density blur,local_density,1,1,0,0.4,0.0,0.25,1.0,1.0,0,0,3,2,74,16305,0.59999999988,0.03896103896053297,0.07317073159101725,0.9953613281249393,0.03797468354382311
205,cnn_direct_vector_regression__distance_transform,CNN + Distance-to-stroke,distance_transform,3,4,1,0.41400229621125145,0.3244495471361143,0.965,0.0,0.75,1,0,22,170,541,15651,0.11458333333273656,0.03907637655410466,0.05827814531594229,0.9566040039061916,0.030013642564761238
205,cnn_direct_vector_regression__local_density,CNN + Local density blur,local_density,3,5,2,0.39702660964371844,0.4348530076888286,0.7067137809187279,0.0,0.6,1,1,79,182,484,15639,0.30268199233600507,0.14031971580792127,0.19174757238223145,0.9593505859374414,0.1060402684562335
206,cnn_direct_vector_regression__distance_transform,CNN + Distance-to-stroke,distance_transform,4,4,0,0.61125,0.18055555555555555,0.9,1.0,1.0,0,0,31,88,344,15921,0.26050420167848315,0.08266666666644623,0.12550607250826107,0.9736328124999406,0.0669546436283651
206,cnn_direct_vector_regression__local_density,CNN + Local density blur,local_density,4,4,0,0.30250653594771243,0.043333333333333335,0.9150326797385621,0.0,1.0,0,2,7,125,368,15884,0.05303030302990129,0.01866666666661689,0.027613411843547344,0.9699096679686908,0.013999999999972
207,cnn_direct_vector_regression__distance_transform,CNN + Distance-to-stroke,distance_transform,3,4,1,0.5649549069261184,0.1381713981074237,0.8888888888888888,1.0,0.75,0,0,7,135,383,15859,0.049295774647540175,0.017948717948671925,0.026315789082240384,0.9683837890624408,0.013333333333307936
207,cnn_direct_vector_regression__local_density,CNN + Local density blur,local_density,3,3,0,0.2990295753043812,0.07841530054644809,0.8187134502923976,0.0,1.0,0,1,25,110,365,15884,0.18518518518381347,0.06410256410239974,0.09523809485569161,0.9710083007811907,0.0499999999999
208,cnn_direct_vector_regression__distance_transform,CNN + Distance-to-stroke,distance_transform,5,5,0,0.35775048917839347,0.20821153253160654,0.8202764976958525,0.0,1.0,1,0,6,160,370,15848,0.036144578313035275,0.0159574468084682,0.02214022097719259,0.9676513671874409,0.011194029850725384
208,cnn_direct_vector_regression__local_density,CNN + Local density blur,local_density,5,4,1,0.2836139351532059,0.12272630750891621,0.7419354838709677,0.0,0.8,1,0,8,148,368,15860,0.05128205128172256,0.021276595744624264,0.030075187555316872,0.9685058593749408,0.015267175572489949
209,cnn_direct_vector_regression__distance_transform,CNN + Distance-to-stroke,distance_transform,1,1,0,0.6510770750988143,0.24393939393939396,0.9565217391304348,1.0,1.0,0,0,5,16,66,16297,0.23809523808390023,0.07042253521027574,0.10869565181923439,0.9949951171874393,0.0574712643671555
209,cnn_direct_vector_regression__local_density,CNN + Local density blur,local_density,1,1,0,0.7108636363636364,0.39787878787878783,0.9090909090909091,1.0,1.0,0,0,20,1,51,16312,0.9523809523356009,0.28169014084110294,0.4347826083338846,0.9968261718749392,0.27777777777391977
210,cnn_direct_vector_regression__distance_transform,CNN + Distance-to-stroke,distance_transform,5,5,0,0.5671160939834307,0.08493693693693695,0.8944723618090452,1.0,1.0,0,0,7,176,250,15951,0.03825136612000956,0.027237354085497132,0.03181818133217976,0.9739990234374405,0.01616628175515897
210,cnn_direct_vector_regression__local_density,CNN + Local density blur,local_density,5,5,0,0.5865351655025812,0.14610810810810812,0.8539325842696629,1.0,1.0,0,0,5,134,252,15993,0.03597122302132395,0.019455252918212238,0.02525252479679371,0.9764404296874404,0.012787723785133535
211,cnn_direct_vector_regression__distance_transform,CNN + Distance-to-stroke,distance_transform,4,3,1,0.5055714285714286,0.0,0.9028571428571428,1.0,0.75,0,0,26,133,410,15815,0.16352201257758792,0.05963302752279901,0.08739495759126616,0.9668579101561909,0.04569420035141354
211,cnn_direct_vector_regression__local_density,CNN + Local density blur,local_density,4,4,0,0.341006114852889,0.1012834298318169,0.9771428571428571,0.0,1.0,0,1,8,143,428,15805,0.05298013244998027,0.018348623853168926,0.027257239822201077,0.965148925781191,0.013816925734000316
212,cnn_direct_vector_regression__distance_transform,CNN + Distance-to-stroke,distance_transform,2,2,0,0.5085,0.13,0.5,1.0,1.0,0,0,1,53,271,16059,0.018518518518175583,0.003676470588221778,0.006134969048703389,0.9802246093749402,0.0030769230769136097
212,cnn_direct_vector_regression__local_density,CNN + Local density blur,local_density,2,2,0,0.4613207547169811,0.0,0.5566037735849056,1.0,1.0,0,0,3,57,269,16055,0.04999999999916667,0.011029411764665334,0.018072288860393387,0.9801025390624402,0.009118541033406934
213,cnn_direct_vector_regression__distance_transform,CNN + Distance-to-stroke,distance_transform,4,5,1,0.34234762807631286,0.16398986560916498,0.9427609427609428,0.0,0.8,0,2,5,249,368,15762,0.01968503937000124,0.013404825737229478,0.015948962835344135,0.9623413085936913,0.008038585208990291
213,cnn_direct_vector_regression__local_density,CNN + Local density blur,local_density,4,5,1,0.364545457227835,0.21962482558566498,0.9285714285714286,0.0,0.8,0,2,3,233,370,15778,0.012711864406725797,0.008042895442337687,0.009852216274039406,0.9631958007811912,0.004950495049496782
214,cnn_direct_vector_regression__distance_transform,CNN + Distance-to-stroke,distance_transform,3,3,0,0.6228441558441559,0.26,0.7792207792207793,1.0,1.0,0,0,0,122,367,15895,0.0,0.0,0.0,0.9701538085936907,0.0
214,cnn_direct_vector_regression__local_density,CNN + Local density blur,local_density,3,3,0,0.48128024606971975,0.425933014354067,0.948051948051948,0.0,1.0,0,1,0,139,367,15878,0.0,0.0,0.0,0.9691162109374408,0.0
215,cnn_direct_vector_regression__distance_transform,CNN + Distance-to-stroke,distance_transform,1,1,0,0.4676470588235294,0.0,0.5882352941176471,1.0,1.0,0,0,0,11,18,16355,0.0,0.0,0.0,0.998229980468689,0.0
215,cnn_direct_vector_regression__local_density,CNN + Local density blur,local_density,1,1,0,0.49782608695652175,0.0,0.7391304347826086,1.0,1.0,0,0,0,23,18,16343,0.0,0.0,0.0,0.997497558593689,0.0
216,cnn_direct_vector_regression__distance_transform,CNN + Distance-to-stroke,distance_transform,1,1,0,0.5289285714285714,0.016666666666666646,0.8571428571428572,1.0,1.0,0,0,20,52,237,16075,0.27777777777391977,0.07782101167284895,0.1215805467698192,0.98236083984369,0.06472491909364167
216,cnn_direct_vector_regression__local_density,CNN + Local density blur,local_density,1,1,0,0.5394523809523809,0.12999999999999998,0.6547619047619048,1.0,1.0,0,0,19,37,238,16090,0.33928571427965565,0.0739299610892065,0.12140575050413906,0.9832153320311899,0.06462585033991625
217,cnn_direct_vector_regression__distance_transform,CNN + Distance-to-stroke,distance_transform,2,2,0,0.5375,0.0,0.9375,1.0,1.0,0,0,0,89,126,16169,0.0,0.0,0.0,0.9868774414061897,0.0
217,cnn_direct_vector_regression__local_density,CNN + Local density blur,local_density,2,2,0,0.57725,0.13,0.84375,1.0,1.0,0,0,0,83,126,16175,0.0,0.0,0.0,0.9872436523436897,0.0
218,cnn_direct_vector_regression__distance_transform,CNN + Distance-to-stroke,distance_transform,3,3,0,0.6011380368098159,0.13,0.9631901840490797,1.0,1.0,0,0,8,146,398,15832,0.051948051947714624,0.019704433497488412,0.02857142817257654,0.9667968749999409,0.014492753623162151
218,cnn_direct_vector_regression__local_density,CNN + Local density blur,local_density,3,4,1,0.5710412371134022,0.17333333333333334,0.8402061855670103,1.0,0.75,0,0,64,122,342,15856,0.34408602150352646,0.1576354679799073,0.2162162157845371,0.9716796874999407,0.12121212121189165
219,cnn_direct_vector_regression__distance_transform,CNN + Distance-to-stroke,distance_transform,4,5,1,0.4753075103140524,0.3274054054054054,0.9065420560747663,0.26666666666666666,0.8,2,3,27,221,746,15390,0.10887096774149649,0.0349288486416107,0.05288932382406679,0.9409790039061925,0.02716297786717589
219,cnn_direct_vector_regression__local_density,CNN + Local density blur,local_density,4,5,1,0.4082481503115265,0.26145833333333335,0.719626168224299,0.26666666666666666,0.8,2,6,38,159,735,15452,0.1928934010142493,0.04915912031041506,0.07835051514006378,0.9454345703124423,0.04077253218879746
220,cnn_direct_vector_regression__distance_transform,CNN + Distance-to-stroke,distance_transform,4,4,0,0.3476927474722542,0.1650116610494538,0.8671875,0.0,1.0,0,1,14,205,490,15675,0.06392694063897751,0.027777777777722664,0.03872752378228873,0.9575805664061915,0.019746121297574408
220,cnn_direct_vector_regression__local_density,CNN + Local density blur,local_density,4,4,0,0.3087091946014495,0.09426013282219743,0.8314606741573034,0.0,1.0,0,1,23,222,481,15658,0.093877551020025,0.045634920634830094,0.061415219853347865,0.9570922851561916,0.031680440771306224
221,cnn_direct_vector_regression__distance_transform,CNN + Distance-to-stroke,distance_transform,4,4,0,0.5602330043859649,0.06562499999999999,0.9035087719298246,1.0,1.0,0,0,2,87,242,16053,0.022471910112107057,0.008196721311441817,0.012012011620268931,0.9799194335936902,0.006042296072489298
221,cnn_direct_vector_regression__local_density,CNN + Local density blur,local_density,4,4,0,0.5695098684210527,0.09013888888888888,0.8947368421052632,1.0,1.0,0,0,5,83,239,16057,0.05681818181753615,0.02049180327860454,0.030120481537922784,0.9803466796874402,0.015290519877629081
222,cnn_direct_vector_regression__distance_transform,CNN + Distance-to-stroke,distance_transform,1,1,0,0.6737162162162161,0.2869369369369369,0.972972972972973,1.0,1.0,0,0,5,32,115,16232,0.13513513513148284,0.04166666666631944,0.06369426715485416,0.9910278320311895,0.03289473684188885
222,cnn_direct_vector_regression__local_density,CNN + Local density blur,local_density,1,1,0,0.5067567567567568,0.0,0.7837837837837838,1.0,1.0,0,0,9,21,111,16243,0.29999999999,0.074999999999375,0.11999999967839999,0.9919433593749394,0.06382978723358987
223,cnn_direct_vector_regression__distance_transform,CNN + Distance-to-stroke,distance_transform,2,2,0,0.6276270767055496,0.2230917874396135,0.8861788617886179,1.0,1.0,0,0,0,125,195,16064,0.0,0.0,0.0,0.9804687499999402,0.0
223,cnn_direct_vector_regression__local_density,CNN + Local density blur,local_density,2,2,0,0.7452663043478261,0.4339251207729469,1.0,1.0,1.0,0,0,10,101,185,16088,0.09009009008927847,0.0512820512817883,0.06535947666143366,0.98254394531244,0.03378378378366965
224,cnn_direct_vector_regression__distance_transform,CNN + Distance-to-stroke,distance_transform,4,5,1,0.2198496240601504,0.0,0.6992481203007519,0.0,0.8,2,0,15,159,541,15669,0.0862068965512287,0.02697841726613853,0.04109589004776131,0.9572753906249415,0.02097902097899164
224,cnn_direct_vector_regression__local_density,CNN + Local density blur,local_density,4,5,1,0.26525845864661657,0.07083333333333333,0.7669172932330828,0.0,0.8,2,1,35,166,521,15662,0.17412935323296455,0.06294964028765657,0.09247027702054798,0.9580688476561915,0.04847645429356167
225,cnn_direct_vector_regression__distance_transform,CNN + Distance-to-stroke,distance_transform,2,2,0,0.5570343137254902,0.08425925925925926,0.8455882352941176,1.0,1.0,0,0,27,90,395,15872,0.2307692307672584,0.06398104265387683,0.10018552841668588,0.9703979492186907,0.052734374999897006
225,cnn_direct_vector_regression__local_density,CNN + Local density blur,local_density,2,2,0,0.6020291986359761,0.14503220611916262,0.9338235294117647,1.0,1.0,0,0,42,80,380,15882,0.3442622950791454,0.09952606635047506,0.15441176435737455,0.9719238281249406,0.08366533864525166
226,cnn_direct_vector_regression__distance_transform,CNN + Distance-to-stroke,distance_transform,4,5,1,0.5800267226613782,0.13508678777765137,0.9461883408071748,1.0,0.8,0,0,17,201,344,15822,0.07798165137578908,0.04709141274225183,0.05872193389989888,0.9667358398436909,0.030249110320230876
226,cnn_direct_vector_regression__local_density,CNN + Local density blur,local_density,4,4,0,0.7278227403975289,0.4113970588235294,0.9634703196347032,1.0,1.0,0,0,32,186,329,15837,0.14678899082501473,0.08864265927953285,0.11053540540231059,0.9685668945311908,0.0585009140766755
227,cnn_direct_vector_regression__distance_transform,CNN + Distance-to-stroke,distance_transform,1,1,0,0.4884615384615385,0.0,0.6923076923076923,1.0,1.0,0,0,4,11,79,16290,0.2666666666488889,0.04819277108375671,0.08163265280029154,0.9945068359374393,0.04255319148890901
227,cnn_direct_vector_regression__local_density,CNN + Local density blur,local_density,1,1,0,0.6932419354838709,0.39,0.8387096774193549,1.0,1.0,0,0,0,32,83,16269,0.0,0.0,0.0,0.9929809570311894,0.0
228,cnn_direct_vector_regression__distance_transform,CNN + Distance-to-stroke,distance_transform,2,2,0,0.5138095238095238,0.0,0.819047619047619,1.0,1.0,0,0,1,92,92,16199,0.01075268817192739,0.01075268817192739,0.010752687671927413,0.9887695312499396,0.005405405405376187
228,cnn_direct_vector_regression__local_density,CNN + Local density blur,local_density,2,2,0,0.35755481727574756,0.14857142857142858,0.9534883720930233,0.0,1.0,0,1,0,75,93,16216,0.0,0.0,0.0,0.9897460937499396,0.0
229,cnn_direct_vector_regression__distance_transform,CNN + Distance-to-stroke,distance_transform,1,1,0,0.46111111111111114,0.0,0.5555555555555556,1.0,1.0,0,0,2,18,35,16329,0.099999999995,0.054054054052593135,0.07017543813850416,0.9967651367186892,0.03636363636297521
229,cnn_direct_vector_regression__local_density,CNN + Local density blur,local_density,1,1,0,0.5338888888888889,0.025925925925925887,0.8611111111111112,1.0,1.0,0,0,1,27,36,16320,0.035714285713010205,0.027027027026296568,0.03076923027786983,0.9961547851561892,0.015624999999755858
230,cnn_direct_vector_regression__distance_transform,CNN + Distance-to-stroke,distance_transform,1,1,0,0.5401455696202532,0.12999999999999998,0.6582278481012658,1.0,1.0,0,0,0,53,80,16251,0.0,0.0,0.0,0.9918823242186894,0.0
230,cnn_direct_vector_regression__local_density,CNN + Local density blur,local_density,1,1,0,0.7485569620253164,0.52,0.8227848101265822,1.0,1.0,0,0,0,66,80,16238,0.0,0.0,0.0,0.9910888671874395,0.0
231,cnn_direct_vector_regression__distance_transform,CNN + Distance-to-stroke,distance_transform,1,1,0,0.5439485981308411,0.04470404984423676,0.8691588785046729,1.0,1.0,0,0,21,54,368,15941,0.2799999999962667,0.0539845758353368,0.09051724110789797,0.9742431640624405,0.0474040632053106
231,cnn_direct_vector_regression__local_density,CNN + Local density blur,local_density,1,1,0,0.49579439252336455,0.0,0.7289719626168225,1.0,1.0,0,0,0,62,389,15933,0.0,0.0,0.0,0.9724731445311906,0.0
232,cnn_direct_vector_regression__distance_transform,CNN + Distance-to-stroke,distance_transform,4,4,0,0.2883896609227349,0.07428571428571429,0.6498054474708171,0.09999999999999998,1.0,2,1,32,131,648,15573,0.19631901840370358,0.04705882352934256,0.07591933539369225,0.9524536132811918,0.03945745992596861
232,cnn_direct_vector_regression__local_density,CNN + Local density blur,local_density,4,5,1,0.5122532174726822,0.5662695796842138,0.8871595330739299,0.0,0.8,2,1,22,197,658,15507,0.1004566210041075,0.03235294117642301,0.04894326993170263,0.9478149414061922,0.025085518814110506
233,cnn_direct_vector_regression__distance_transform,CNN + Distance-to-stroke,distance_transform,4,4,0,0.27303370786516856,0.0,0.8651685393258427,0.0,1.0,1,1,17,120,459,15788,0.12408759123997018,0.03571428571421068,0.0554649262432718,0.964660644531191,0.02852348993283805
233,cnn_direct_vector_regression__local_density,CNN + Local density blur,local_density,4,4,0,0.28755056179775285,0.062222222222222234,0.797752808988764,0.0,1.0,1,1,12,101,464,15807,0.10619469026454695,0.025210084033560485,0.04074702855225254,0.965515136718691,0.020797227036359105
234,cnn_direct_vector_regression__distance_transform,CNN + Distance-to-stroke,distance_transform,3,3,0,0.2536746361746362,0.06282051282051282,0.6270270270270271,0.0,1.0,1,0,27,80,364,15913,0.25233644859577253,0.0690537084397211,0.10843373460193385,0.9729003906249406,0.0573248407642095
234,cnn_direct_vector_regression__local_density,CNN + Local density blur,local_density,3,4,1,0.26471845935003835,0.11408906882591094,0.6918918918918919,0.0,0.75,1,0,12,97,379,15896,0.11009174311825604,0.030690537084320485,0.047999999658856,0.9709472656249407,0.02459016393437584
235,cnn_direct_vector_regression__distance_transform,CNN + Distance-to-stroke,distance_transform,4,4,0,0.6454481658692185,0.29964912280701755,0.803030303030303,1.0,1.0,0,0,7,121,307,15949,0.05468749999957276,0.02229299363050225,0.03167420773319548,0.9738769531249405,0.016091954022951514
235,cnn_direct_vector_regression__local_density,CNN + Local density blur,local_density,4,4,0,0.594566037735849,0.12,0.9528301886792453,1.0,1.0,0,0,32,72,282,15998,0.3076923076893491,0.10191082802515315,0.15311004747235638,0.9783935546874403,0.08290155440393031
236,cnn_direct_vector_regression__distance_transform,CNN + Distance-to-stroke,distance_transform,4,5,1,0.4071481587918396,0.28767091790678034,0.863481228668942,0.1,0.8,1,4,24,246,651,15463,0.08888888888855967,0.03555555555550288,0.050793650385380036,0.9452514648436923,0.026058631921795812
236,cnn_direct_vector_regression__local_density,CNN + Local density blur,local_density,4,4,0,0.37675044960722714,0.19866371322466803,0.9367588932806324,0.0,1.0,1,2,66,142,609,15567,0.3173076923061668,0.09777777777763293,0.14949037336545212,0.9541625976561917,0.08078335373307126
237,cnn_direct_vector_regression__distance_transform,CNN + Distance-to-stroke,distance_transform,1,1,0,0.4136363636363637,0.0,0.31818181818181823,1.0,1.0,0,0,0,15,94,16275,0.0,0.0,0.0,0.9933471679686894,0.0
237,cnn_direct_vector_regression__local_density,CNN + Local density blur,local_density,1,1,0,0.49090909090909096,0.0,0.7045454545454546,1.0,1.0,0,0,0,29,94,16261,0.0,0.0,0.0,0.9924926757811894,0.0
238,cnn_direct_vector_regression__distance_transform,CNN + Distance-to-stroke,distance_transform,1,1,0,0.47631578947368425,0.0,0.631578947368421,1.0,1.0,0,0,0,19,13,16352,0.0,0.0,0.0,0.998046874999939,0.0
238,cnn_direct_vector_regression__local_density,CNN + Local density blur,local_density,1,1,0,0.5933157894736842,0.26,0.631578947368421,1.0,1.0,0,0,0,20,13,16351,0.0,0.0,0.0,0.997985839843689,0.0
239,cnn_direct_vector_regression__distance_transform,CNN + Distance-to-stroke,distance_transform,3,3,0,0.2585079575596817,0.1346153846153846,0.4896551724137931,0.0,1.0,2,0,0,63,152,16169,0.0,0.0,0.0,0.9868774414061897,0.0
239,cnn_direct_vector_regression__local_density,CNN + Local density blur,local_density,3,4,1,0.3675344827586207,0.27,0.8551724137931034,0.0,0.75,2,0,1,107,151,16125,0.009259259259173525,0.006578947368377771,0.007692307206568079,0.9842529296874399,0.0038610038609889537
240,cnn_direct_vector_regression__distance_transform,CNN + Distance-to-stroke,distance_transform,2,2,0,0.5123565573770492,0.175,0.4180327868852459,1.0,1.0,0,0,17,36,275,16056,0.3207547169750801,0.0582191780819924,0.09855072437706364,0.98101806640619,0.05182926829252491
240,cnn_direct_vector_regression__local_density,CNN + Local density blur,local_density,2,2,0,0.4223395522388059,0.31166666666666665,0.9104477611940298,0.0,1.0,0,1,10,121,282,15971,0.07633587786201271,0.03424657534234847,0.047281323449278774,0.9754028320311905,0.02421307506047406
241,cnn_direct_vector_regression__distance_transform,CNN + Distance-to-stroke,distance_transform,5,5,0,0.2757115458381281,0.03222094361334868,0.806060606060606,0.0,1.0,2,0,14,250,770,15350,0.05303030303010216,0.01785714285712008,0.026717556874956302,0.9377441406249427,0.013539651837511083
241,cnn_direct_vector_regression__local_density,CNN + Local density blur,local_density,5,5,0,0.29087279428188517,0.10901024991934083,0.7090909090909091,0.0,1.0,2,3,20,201,764,15399,0.09049773755615159,0.025510204081600114,0.039800994681707884,0.9411010742186925,0.020304568527898168
242,cnn_direct_vector_regression__distance_transform,CNN + Distance-to-stroke,distance_transform,2,2,0,0.55,0.0,1.0,1.0,1.0,0,0,0,86,127,16171,0.0,0.0,0.0,0.9869995117186897,0.0
242,cnn_direct_vector_regression__local_density,CNN + Local density blur,local_density,2,2,0,0.5424528301886793,0.0,0.9622641509433962,1.0,1.0,0,0,6,95,121,16162,0.05940594059347123,0.047244094487816975,0.052631578453408746,0.9868164062499397,0.027027027026905286
243,cnn_direct_vector_regression__distance_transform,CNN + Distance-to-stroke,distance_transform,4,4,0,0.30686974789915966,0.08809523809523809,0.8361344537815126,0.0,1.0,2,0,19,178,589,15598,0.09644670050712464,0.031249999999948604,0.04720496857431736,0.9531860351561918,0.024173027989791127
243,cnn_direct_vector_regression__local_density,CNN + Local density blur,local_density,4,4,0,0.4091063742570199,0.35076860012297606,0.7563025210084033,0.0,1.0,2,0,6,174,602,15602,0.03333333333314815,0.009868421052615348,0.015228426043404889,0.9526367187499418,0.007672634271089933
244,cnn_direct_vector_regression__distance_transform,CNN + Distance-to-stroke,distance_transform,5,4,1,0.2938173981729515,0.10442834138486312,0.8341232227488151,0.0,0.8,0,1,14,154,610,15606,0.08333333333283731,0.022435897435861482,0.03535353501919448,0.9533691406249418,0.017994858611802063
244,cnn_direct_vector_regression__local_density,CNN + Local density blur,local_density,5,5,0,0.3481944294920103,0.18664909969257798,0.8210116731517509,0.0,1.0,0,2,6,238,618,15522,0.024590163934325452,0.009615384615369206,0.01382488438842406,0.9477539062499422,0.006960556844539489
245,cnn_direct_vector_regression__distance_transform,CNN + Distance-to-stroke,distance_transform,5,5,0,0.5603279304674653,0.10150392817059484,0.8232558139534883,1.0,1.0,0,0,11,196,315,15862,0.05314009661810078,0.03374233128824006,0.04127579689812701,0.9688110351561908,0.02107279693482553
245,cnn_direct_vector_regression__local_density,CNN + Local density blur,local_density,5,5,0,0.5721468531468532,0.11545454545454546,0.8509615384615384,1.0,1.0,0,0,8,189,318,15869,0.04060913705563143,0.02453987730053822,0.030592733755923505,0.9690551757811908,0.01553398058249411
246,cnn_direct_vector_regression__distance_transform,CNN + Distance-to-stroke,distance_transform,3,3,0,0.6031425304878049,0.166875,0.8902439024390244,1.0,1.0,0,0,0,146,299,15939,0.0,0.0,0.0,0.9728393554686906,0.0
246,cnn_direct_vector_regression__local_density,CNN + Local density blur,local_density,3,4,1,0.6227041025980913,0.2740307971014493,0.8719512195121951,1.0,0.75,0,0,14,117,285,15968,0.1068702290068178,0.046822742474759795,0.06511627864578692,0.9754638671874404,0.03365384615376526
247,cnn_direct_vector_regression__distance_transform,CNN + Distance-to-stroke,distance_transform,4,4,0,0.6498174572010164,0.24548521061106868,0.9467455621301775,1.0,1.0,0,0,3,154,238,15989,0.01910828025465536,0.012448132780031335,0.015075376406618535,0.9760742187499404,0.007594936708841532
247,cnn_direct_vector_regression__local_density,CNN + Local density blur,local_density,4,5,1,0.5884461538461538,0.23244444444444445,0.7692307692307692,1.0,0.8,0,0,8,114,233,16029,0.06557377049126578,0.03319502074675023,0.04407713453971723,0.9788208007811903,0.022535211267542155
248,cnn_direct_vector_regression__distance_transform,CNN + Distance-to-stroke,distance_transform,2,2,0,0.5877932350681775,0.11548102981029809,0.9291338582677166,1.0,1.0,0,0,3,106,177,16098,0.02752293577956401,0.016666666666574074,0.020761245204774858,0.98272705078119,0.010489510489473813
248,cnn_direct_vector_regression__local_density,CNN + Local density blur,local_density,2,3,1,0.54405593832021,0.09236111111111112,0.9291338582677166,1.0,0.6666666666666667,0,0,2,112,178,16092,0.017543859648968912,0.011111111111049383,0.013605441701976046,0.98229980468744,0.006849315068469694
249,cnn_direct_vector_regression__distance_transform,CNN + Distance-to-stroke,distance_transform,2,1,1,0.2078947368421053,0.0,0.7894736842105263,0.0,0.5,1,0,0,30,68,16286,0.0,0.0,0.0,0.9940185546874393,0.0
249,cnn_direct_vector_regression__local_density,CNN + Local density blur,local_density,2,1,1,0.21370888157894735,0.09479166666666666,0.6052631578947368,0.0,0.5,1,0,1,21,67,16295,0.04545454545247934,0.014705882352724913,0.022222221852345684,0.9946289062499393,0.011235955056053529
250,cnn_direct_vector_regression__distance_transform,CNN + Distance-to-stroke,distance_transform,4,5,1,0.2944595927288235,0.04659659659659659,0.9674556213017751,0.0,0.8,2,2,31,275,1011,15067,0.10130718954215259,0.029750479846420586,0.04599406493088563,0.9215087890624437,0.023538344722837102
250,cnn_direct_vector_regression__local_density,CNN + Local density blur,local_density,4,5,1,0.28432796925365733,0.07757557557557557,0.8470948012232415,0.0,0.8,2,0,46,196,996,15146,0.19008264462731372,0.04414587332049506,0.07165109003666502,0.9272460937499434,0.03715670436184398
251,cnn_direct_vector_regression__distance_transform,CNN + Distance-to-stroke,distance_transform,4,4,0,0.6308999862571291,0.2614104002992892,0.8163265306122449,1.0,1.0,0,0,2,156,452,15774,0.012658227848021151,0.004405286343602632,0.006535947329360526,0.9628906249999412,0.003278688524584789
251,cnn_direct_vector_regression__local_density,CNN + Local density blur,local_density,4,5,1,0.30596164799696224,0.1217391304347826,0.8558951965065502,0.0,0.8,0,1,4,201,450,15729,0.01951219512185604,0.008810572687205264,0.012139605034169136,0.9602661132811914,0.00610687022899831
252,cnn_direct_vector_regression__distance_transform,CNN + Distance-to-stroke,distance_transform,3,5,2,0.3050665456745312,0.21968810916179338,0.7310344827586207,0.0,0.6,1,0,48,239,598,15499,0.16724738675899914,0.0743034055726404,0.10289389024904852,0.948913574218692,0.054237288135531934
252,cnn_direct_vector_regression__local_density,CNN + Local density blur,local_density,3,5,2,0.3313245614035088,0.18968810916179338,0.9298245614035088,0.0,0.6,1,0,20,199,626,15539,0.091324200912825,0.0309597523219335,0.0462427741882081,0.949645996093692,0.02366863905322643
253,cnn_direct_vector_regression__distance_transform,CNN + Distance-to-stroke,distance_transform,5,5,0,0.3890080060237261,0.221760710553814,0.946078431372549,0.0,1.0,2,1,10,177,402,15795,0.05347593582859104,0.024271844660135263,0.03338898120649609,0.964660644531191,0.016977928692670667
253,cnn_direct_vector_regression__local_density,CNN + Local density blur,local_density,5,5,0,0.269934023492847,0.041828694181635345,0.7555555555555555,0.0,1.0,2,2,20,221,392,15751,0.08298755186687558,0.048543689320270526,0.06125574225998045,0.9625854492186913,0.03159557661922339
254,cnn_direct_vector_regression__distance_transform,CNN + Distance-to-stroke,distance_transform,3,3,0,0.42878791924802395,0.40098566308243727,0.7417218543046358,0.0,1.0,2,1,46,63,346,15929,0.42201834861998144,0.11734693877521085,0.18363273418974427,0.9750366210936905,0.1010989010986789
254,cnn_direct_vector_regression__local_density,CNN + Local density blur,local_density,3,3,0,0.3322215181119529,0.16284693502435435,0.794701986754967,0.0,1.0,2,1,27,92,365,15900,0.22689075630061437,0.06887755102023246,0.10567514641333328,0.9721069335936906,0.05578512396682689
255,cnn_direct_vector_regression__distance_transform,CNN + Distance-to-stroke,distance_transform,2,2,0,0.47916666666666663,0.0,0.6458333333333333,1.0,1.0,0,0,2,46,69,16267,0.041666666665798616,0.028169014084110294,0.033613444896264395,0.9929809570311894,0.01709401709387099
255,cnn_direct_vector_regression__local_density,CNN + Local density blur,local_density,2,2,0,0.5963175675675676,0.175,0.8378378378378378,1.0,1.0,0,0,0,38,71,16275,0.0,0.0,0.0,0.9933471679686894,0.0
256,cnn_direct_vector_regression__distance_transform,CNN + Distance-to-stroke,distance_transform,1,1,0,0.51875,0.0,0.84375,1.0,1.0,0,0,0,50,218,16116,0.0,0.0,0.0,0.9836425781249399,0.0
256,cnn_direct_vector_regression__local_density,CNN + Local density blur,local_density,1,1,0,0.5540277777777778,0.05833333333333331,0.8888888888888888,1.0,1.0,0,0,0,55,218,16111,0.0,0.0,0.0,0.9833374023436899,0.0
257,cnn_direct_vector_regression__distance_transform,CNN + Distance-to-stroke,distance_transform,5,4,1,0.40171033257171873,0.28586894586894585,0.9653465346534653,0.0,0.8,1,1,3,185,543,15653,0.01595744680842576,0.005494505494495432,0.008174386539903055,0.9555664062499416,0.004103967168257039
257,cnn_direct_vector_regression__local_density,CNN + Local density blur,local_density,5,4,1,0.30516265690376576,0.12472222222222222,0.8451882845188284,0.0,0.8,1,2,17,216,529,15622,0.0729613733902448,0.031135531135474112,0.04364569919549932,0.9545288085936917,0.02230971128605996
258,cnn_direct_vector_regression__distance_transform,CNN + Distance-to-stroke,distance_transform,4,4,0,0.5802646188008882,0.15476190476190477,0.8031088082901554,1.0,1.0,0,0,10,145,439,15790,0.06451612903184184,0.022271714921999395,0.03311258239981252,0.9643554687499412,0.016835016834988493
258,cnn_direct_vector_regression__local_density,CNN + Local density blur,local_density,4,4,0,0.6053756476683938,0.19444444444444445,0.8393782383419689,1.0,1.0,0,0,11,143,438,15792,0.07142857142810762,0.024498886414199336,0.0364842450590167,0.9645385742186912,0.018581081081049694
259,cnn_direct_vector_regression__distance_transform,CNN + Distance-to-stroke,distance_transform,2,2,0,0.4437931034482758,0.0,0.46896551724137936,1.0,1.0,0,0,5,63,252,16064,0.07352941176362457,0.019455252918212238,0.03076923043813492,0.9807739257811902,0.015624999999951173
259,cnn_direct_vector_regression__local_density,CNN + Local density blur,local_density,2,3,1,0.6886139283299527,0.47712418300653603,0.7862068965517242,1.0,0.6666666666666667,0,0,14,103,243,16024,0.11965811965709694,0.054474708170994264,0.07486630973008951,0.9788818359374403,0.038888888888780865
260,cnn_direct_vector_regression__distance_transform,CNN + Distance-to-stroke,distance_transform,5,5,0,0.4016920760399021,0.36066252587991715,0.696969696969697,0.0,1.0,1,0,13,258,844,15269,0.04797047970462004,0.015169194865793269,0.023049645024972032,0.932739257812443,0.01165919282510165
260,cnn_direct_vector_regression__local_density,CNN + Local density blur,local_density,5,5,0,0.3768817052512704,0.25165631469979294,0.8181818181818181,0.0,1.0,1,0,110,218,747,15309,0.33536585365751415,0.1283547257874815,0.18565400803814772,0.9411010742186925,0.10232558139525365
261,cnn_direct_vector_regression__distance_transform,CNN + Distance-to-stroke,distance_transform,3,3,0,0.5752777777777778,0.09074074074074073,0.9222222222222223,1.0,1.0,0,0,1,74,180,16129,0.013333333333155555,0.005524861878422515,0.007812499585662865,0.9844970703124399,0.003921568627435602
261,cnn_direct_vector_regression__local_density,CNN + Local density blur,local_density,3,3,0,0.5688888888888889,0.15555555555555556,0.7444444444444445,1.0,1.0,0,0,5,61,176,16142,0.07575757575642791,0.027624309392112575,0.040485829567572004,0.9855346679686898,0.020661157024708013
262,cnn_direct_vector_regression__distance_transform,CNN + Distance-to-stroke,distance_transform,2,2,0,0.5107185314685314,0.06499999999999999,0.6573426573426573,1.0,1.0,0,0,3,92,436,15853,0.03157894736808864,0.006833712984039103,0.011235954763631142,0.9677734374999409,0.005649717514113654
262,cnn_direct_vector_regression__local_density,CNN + Local density blur,local_density,2,2,0,0.5728059440559441,0.175,0.7202797202797202,1.0,1.0,0,0,0,98,439,15847,0.0,0.0,0.0,0.9672241210936909,0.0
263,cnn_direct_vector_regression__distance_transform,CNN + Distance-to-stroke,distance_transform,2,2,0,0.573125,0.13124999999999998,0.8203125,1.0,1.0,0,0,0,109,174,16101,0.0,0.0,0.0,0.98272705078119,0.0
263,cnn_direct_vector_regression__local_density,CNN + Local density blur,local_density,2,2,0,0.29626168224299065,0.0,0.9813084112149533,0.0,1.0,0,1,0,92,174,16118,0.0,0.0,0.0,0.9837646484374399,0.0
264,cnn_direct_vector_regression__distance_transform,CNN + Distance-to-stroke,distance_transform,3,3,0,0.3238378378378378,0.05777777777777778,0.9891891891891892,0.0,1.0,0,1,6,142,361,15875,0.04054054054026662,0.016348773841917307,0.02330097046411161,0.9692993164061908,0.011787819253414955
264,cnn_direct_vector_regression__local_density,CNN + Local density blur,local_density,3,4,1,0.263659793814433,0.0,0.9432989690721649,0.0,0.75,0,1,12,165,355,15852,0.0677966101691085,0.032697547683834614,0.044117646619654255,0.9682617187499408,0.02255639097740121
265,cnn_direct_vector_regression__distance_transform,CNN + Distance-to-stroke,distance_transform,3,4,1,0.46252777777777776,0.4383333333333333,0.9513888888888888,0.0,0.75,0,1,0,132,290,15962,0.0,0.0,0.0,0.9742431640624405,0.0
265,cnn_direct_vector_regression__local_density,CNN + Local density blur,local_density,3,4,1,0.21757425742574257,0.0,0.7128712871287128,0.0,0.75,0,2,3,193,287,15901,0.0153061224489015,0.010344827586171225,0.012345678530999698,0.9707031249999407,0.006211180124210743
266,cnn_direct_vector_regression__distance_transform,CNN + Distance-to-stroke,distance_transform,5,4,1,0.285808677844254,0.1558450797432334,0.6783919597989949,0.0,0.8,1,0,15,121,529,15719,0.11029411764624784,0.02757352941171402,0.044117646738693776,0.9603271484374414,0.02255639097740969
266,cnn_direct_vector_regression__local_density,CNN + Local density blur,local_density,5,5,0,0.372728607163334,0.18288441145281017,0.9521531100478469,0.0,1.0,1,2,42,155,502,15685,0.213197969542065,0.07720588235279925,0.11336032349597963,0.9598999023436914,0.060085836909785285
267,cnn_direct_vector_regression__distance_transform,CNN + Distance-to-stroke,distance_transform,2,2,0,0.5897272727272728,0.26,0.6136363636363636,1.0,1.0,0,0,6,73,250,16055,0.07594936708764621,0.023437499999908448,0.035820895161755406,0.9802856445311902,0.01823708206681387
267,cnn_direct_vector_regression__local_density,CNN + Local density blur,local_density,2,3,1,0.5619473684210526,0.13766081871345026,0.9166666666666666,1.0,0.6666666666666667,0,0,22,93,234,16035,0.19130434782442343,0.08593749999966431,0.11859838232090728,0.9800415039061902,0.063037249283487
268,cnn_direct_vector_regression__distance_transform,CNN + Distance-to-stroke,distance_transform,4,4,0,0.6749995002248989,0.32139037433155077,0.9018691588785047,1.0,1.0,0,0,9,186,388,15801,0.04615384615360947,0.022670025188859775,0.030405404963516947,0.964965820312441,0.015437392795856883
268,cnn_direct_vector_regression__local_density,CNN + Local density blur,local_density,4,5,1,0.3256417101355137,0.11936324225430534,0.9596412556053812,0.0,0.8,0,1,12,206,385,15781,0.055045871559380524,0.03022670025181303,0.0390243897861326,0.9639282226561912,0.01990049751240481
269,cnn_direct_vector_regression__distance_transform,CNN + Distance-to-stroke,distance_transform,3,3,0,0.5615156562291805,0.03684210526315789,0.9746835443037974,1.0,1.0,0,0,4,69,142,16169,0.054794520547194595,0.027397260273784953,0.03652967992051876,0.9871215820311897,0.018604651162704166
269,cnn_direct_vector_regression__local_density,CNN + Local density blur,local_density,3,3,0,0.3369622120903605,0.12300670375124802,0.9080459770114943,0.0,1.0,0,1,0,75,146,16163,0.0,0.0,0.0,0.9865112304686897,0.0
270,cnn_direct_vector_regression__distance_transform,CNN + Distance-to-stroke,distance_transform,4,4,0,0.6147697368421052,0.19717348927875245,0.8802083333333334,1.0,1.0,0,0,28,159,524,15673,0.1497326203200549,0.05072463768106753,0.07577807810620724,0.9583129882811915,0.03938115330514855
270,cnn_direct_vector_regression__local_density,CNN + Local density blur,local_density,4,5,1,0.6536676094441711,0.3682748538011696,0.7897196261682243,1.0,0.8,0,0,9,190,543,15642,0.04522613065303907,0.01630434782605742,0.023968042220258483,0.9552612304686917,0.01212938005389201
271,cnn_direct_vector_regression__distance_transform,CNN + Distance-to-stroke,distance_transform,2,2,0,0.5973626154826378,0.14786821705426353,0.904109589041096,1.0,1.0,0,0,27,47,95,16215,0.36486486485993425,0.22131147540802204,0.27551020360880885,0.9913330078124395,0.1597633136085221
271,cnn_direct_vector_regression__local_density,CNN + Local density blur,local_density,2,2,0,0.5735621645796064,0.12073643410852712,0.8461538461538461,1.0,1.0,0,0,11,68,111,16194,0.13924050632735138,0.09016393442549046,0.10945273584020199,0.9890747070311896,0.057894736841800555
272,cnn_direct_vector_regression__distance_transform,CNN + Distance-to-stroke,distance_transform,3,4,1,0.2753260869565217,0.005555555555555562,0.9891304347826086,0.0,0.75,0,1,3,88,289,16004,0.03296703296667069,0.010273972602704542,0.015665795982275434,0.9769897460936904,0.007894736842084488
272,cnn_direct_vector_regression__local_density,CNN + Local density blur,local_density,3,3,0,0.6217149758454106,0.16419753086419753,0.9891304347826086,1.0,1.0,0,0,14,79,278,16013,0.15053763440698345,0.047945205479287864,0.07272727236047902,0.9782104492186903,0.03773584905650206
273,cnn_direct_vector_regression__distance_transform,CNN + Distance-to-stroke,distance_transform,1,1,0,0.7672592592592592,0.5239506172839505,0.9074074074074074,1.0,1.0,0,0,0,50,55,16279,0.0,0.0,0.0,0.9935913085936894,0.0
273,cnn_direct_vector_regression__local_density,CNN + Local density blur,local_density,1,1,0,0.5454629629629629,0.04753086419753084,0.8703703703703703,1.0,1.0,0,0,3,43,52,16286,0.06521739130293006,0.054545454544462815,0.05940594009685325,0.9942016601561893,0.03061224489764681
274,cnn_direct_vector_regression__distance_transform,CNN + Distance-to-stroke,distance_transform,3,3,0,0.5674607658505963,0.2045267489711934,0.6271186440677966,1.0,1.0,0,0,2,70,119,16193,0.027777777777391974,0.01652892561969811,0.02072538813305056,0.9884643554686896,0.010471204188426854
274,cnn_direct_vector_regression__local_density,CNN + Local density blur,local_density,3,3,0,0.5328028876333961,0.13127572016460906,0.6186440677966102,1.0,1.0,0,0,0,76,121,16187,0.0,0.0,0.0,0.9879760742186897,0.0
275,cnn_direct_vector_regression__distance_transform,CNN + Distance-to-stroke,distance_transform,2,2,0,0.2498633069828722,0.12427536231884058,0.4696969696969697,0.0,1.0,1,0,1,26,66,16291,0.03703703703566529,0.01492537313410559,0.021276595334766873,0.9943847656249393,0.01075268817192739
275,cnn_direct_vector_regression__local_density,CNN + Local density blur,local_density,2,2,0,0.20303030303030303,0.0,0.5151515151515151,0.0,1.0,1,0,1,33,66,16284,0.029411764705017305,0.01492537313410559,0.019801979751004815,0.9939575195311893,0.0099999999999
276,cnn_direct_vector_regression__distance_transform,CNN + Distance-to-stroke,distance_transform,3,3,0,0.6434429590017825,0.27876213111507225,0.84,1.0,1.0,0,0,26,94,369,15895,0.21666666666486112,0.06582278480995994,0.10097087342858325,0.9717407226561907,0.05316973415122051
276,cnn_direct_vector_regression__local_density,CNN + Local density blur,local_density,3,3,0,0.36433540372670814,0.17333333333333334,0.9316770186335404,0.0,1.0,0,1,9,146,386,15843,0.05806451612865765,0.022784810126524595,0.032727272322360335,0.9675292968749409,0.016635859519377752
277,cnn_direct_vector_regression__distance_transform,CNN + Distance-to-stroke,distance_transform,3,4,1,0.48695454545454553,0.5366666666666667,0.8522727272727273,0.0,0.75,1,0,38,137,430,15779,0.21714285714161635,0.0811965811964077,0.1181959560575742,0.965393066406191,0.06280991735526809
277,cnn_direct_vector_regression__local_density,CNN + Local density blur,local_density,3,4,1,0.3206231884057971,0.14879227053140096,0.8933333333333333,0.0,0.75,1,1,30,104,438,15812,0.22388059701325463,0.06410256410242714,0.09966777373995872,0.9669189453124409,0.05244755244746076
278,cnn_direct_vector_regression__distance_transform,CNN + Distance-to-stroke,distance_transform,5,4,1,0.37590233158632397,0.1482752474030364,0.6458923512747876,0.4,0.8,1,2,14,211,708,15451,0.062222222221945685,0.01939058171742467,0.029567053491929726,0.9439086914061924,0.01500535905678992
278,cnn_direct_vector_regression__local_density,CNN + Local density blur,local_density,5,5,0,0.4710617935673208,0.30789935869854734,0.7875354107648725,0.3,1.0,1,2,13,257,709,15405,0.048148148147969826,0.01800554016618005,0.026209677023108263,0.9410400390624425,0.013278855975471626
279,cnn_direct_vector_regression__distance_transform,CNN + Distance-to-stroke,distance_transform,2,2,0,0.6557365642487594,0.2698907776956557,0.9214285714285715,1.0,1.0,0,0,0,130,344,15910,0.0,0.0,0.0,0.9710693359374407,0.0
279,cnn_direct_vector_regression__local_density,CNN + Local density blur,local_density,2,2,0,0.5824130434782608,0.13,0.8695652173913043,1.0,1.0,0,0,32,125,312,15915,0.2038216560496572,0.09302325581368308,0.12774451054719305,0.9733276367186906,0.06823027718535558
280,cnn_direct_vector_regression__distance_transform,CNN + Distance-to-stroke,distance_transform,4,5,1,0.4202166666666667,0.381037037037037,0.84375,0.0,0.8,1,0,2,169,459,15754,0.011695906432680142,0.0043383947939168365,0.006329113529307228,0.9616699218749413,0.0031746031745981357
280,cnn_direct_vector_regression__local_density,CNN + Local density blur,local_density,4,5,1,0.27480654761904766,0.09560185185185184,0.7589285714285714,0.0,0.8,1,0,11,148,450,15775,0.06918238993667182,0.023861171366542602,0.03548387058625911,0.9635009765624412,0.018062397372712542
281,cnn_direct_vector_regression__distance_transform,CNN + Distance-to-stroke,distance_transform,1,1,0,0.5047169811320755,0.0,0.7735849056603774,1.0,1.0,0,0,15,26,149,16194,0.36585365852766216,0.09146341463358865,0.14634146309320642,0.9893188476561896,0.07894736842063713
281,cnn_direct_vector_regression__local_density,CNN + Local density blur,local_density,1,1,0,0.519811320754717,0.0,0.8490566037735849,1.0,1.0,0,0,16,29,148,16191,0.35555555554765433,0.09756097560916122,0.1531100475075204,0.9891967773436896,0.08290155440371554
282,cnn_direct_vector_regression__distance_transform,CNN + Distance-to-stroke,distance_transform,2,2,0,0.5461538461538461,0.0,0.9807692307692307,1.0,1.0,0,0,1,44,58,16281,0.022222222221728396,0.016949152542085608,0.019230768739460072,0.9937744140624393,0.00970873786398341
282,cnn_direct_vector_regression__local_density,CNN + Local density blur,local_density,2,2,0,0.2692540494458653,0.041176470588235294,0.7536231884057971,0.0,1.0,0,1,0,58,59,16267,0.0,0.0,0.0,0.9928588867186894,0.0
283,cnn_direct_vector_regression__distance_transform,CNN + Distance-to-stroke,distance_transform,3,3,0,0.47929738562091506,0.04041394335511982,0.5555555555555556,1.0,1.0,0,0,18,83,375,15908,0.17821782178041368,0.04580152671744071,0.07287449360152602,0.9720458984374406,0.03781512605034072
283,cnn_direct_vector_regression__local_density,CNN + Local density blur,local_density,3,3,0,0.29513220439691024,0.10141612200435729,0.7474747474747474,0.0,1.0,0,1,10,127,383,15864,0.07299270072939422,0.025445292620800395,0.037735848673115,0.9688720703124408,0.019230769230732248
284,cnn_direct_vector_regression__distance_transform,CNN + Distance-to-stroke,distance_transform,3,3,0,0.29733511586452765,0.09865319865319863,0.7647058823529411,0.0,1.0,0,1,0,111,186,16087,0.0,0.0,0.0,0.98187255859369,0.0
284,cnn_direct_vector_regression__local_density,CNN + Local density blur,local_density,3,3,0,0.5825053475935829,0.21929292929292926,0.6691176470588236,1.0,1.0,0,0,2,129,184,16069,0.015267175572402541,0.010752688171985202,0.012618296044940263,0.9808959960936902,0.0063492063491861934
285,cnn_direct_vector_regression__distance_transform,CNN + Distance-to-stroke,distance_transform,4,5,1,0.26532112467628566,0.03446623093681918,0.8490566037735849,0.0,0.8,0,1,1,121,445,15817,0.008196721311408223,0.0022421524663626857,0.0035211264232419487,0.965454101562441,0.0017636684303319865
285,cnn_direct_vector_regression__local_density,CNN + Local density blur,local_density,4,5,1,0.3087155279503106,0.06933333333333332,0.9875776397515528,0.0,0.8,0,3,0,138,446,15800,0.0,0.0,0.0,0.9643554687499412,0.0
286,cnn_direct_vector_regression__distance_transform,CNN + Distance-to-stroke,distance_transform,2,2,0,0.5214285714285715,0.0,0.8571428571428572,1.0,1.0,0,0,3,35,175,16171,0.07894736841897508,0.016853932584174978,0.027777777487568593,0.9871826171874397,0.014084507042187397
286,cnn_direct_vector_regression__local_density,CNN + Local density blur,local_density,2,2,0,0.5035714285714286,0.0,0.7678571428571428,1.0,1.0,0,0,0,45,178,16161,0.0,0.0,0.0,0.9863891601561897,0.0
287,cnn_direct_vector_regression__distance_transform,CNN + Distance-to-stroke,distance_transform,4,4,0,0.30448287703675636,0.13297782198644267,0.7232142857142857,0.0,1.0,2,0,4,71,342,15967,0.05333333333262222,0.011560693641585086,0.01900237500400021,0.9747924804686905,0.009592326139065726
287,cnn_direct_vector_regression__local_density,CNN + Local density blur,local_density,4,4,0,0.33677974199713334,0.11744704570791527,0.9196428571428571,0.0,1.0,2,0,11,86,335,15952,0.11340206185450101,0.03179190751435899,0.049661399206273674,0.9743041992186905,0.025462962962904023
288,cnn_direct_vector_regression__distance_transform,CNN + Distance-to-stroke,distance_transform,2,2,0,0.5073177218474312,0.061178861788617867,0.648936170212766,1.0,1.0,0,0,13,45,283,16043,0.22413793103061833,0.04391891891877055,0.07344632740920552,0.9799804687499402,0.03812316715531342
288,cnn_direct_vector_regression__local_density,CNN + Local density blur,local_density,2,3,1,0.49743589743589745,0.0,0.9038461538461539,1.0,0.6666666666666667,0,0,7,96,289,15992,0.06796116504788387,0.023648648648568756,0.03508771891505707,0.9765014648436904,0.017857142857097302
289,cnn_direct_vector_regression__distance_transform,CNN + Distance-to-stroke,distance_transform,3,4,1,0.6209394904458598,0.25,0.9171974522292994,1.0,0.75,0,0,3,154,217,16010,0.01910828025465536,0.013636363636301654,0.01591511887727348,0.9773559570311903,0.008021390374310104
289,cnn_direct_vector_regression__local_density,CNN + Local density blur,local_density,3,3,0,0.5459939759036144,0.049999999999999996,0.8674698795180723,1.0,1.0,0,0,8,156,212,16008,0.04878048780458061,0.03636363636347108,0.04166666617708334,0.9775390624999403,0.021276595744624264
290,cnn_direct_vector_regression__distance_transform,CNN + Distance-to-stroke,distance_transform,2,2,0,0.4950980392156863,0.0,0.7254901960784313,1.0,1.0,0,0,6,46,100,16232,0.11538461538239646,0.05660377358437166,0.07594936664605031,0.9910888671874395,0.039473684210266625
290,cnn_direct_vector_regression__local_density,CNN + Local density blur,local_density,2,2,0,0.4572463768115942,0.0,0.536231884057971,1.0,1.0,0,0,0,65,106,16213,0.0,0.0,0.0,0.9895629882811896,0.0
291,cnn_direct_vector_regression__distance_transform,CNN + Distance-to-stroke,distance_transform,4,5,1,0.3662860431521499,0.20506345003432383,0.9700374531835206,0.0,0.8,1,1,21,228,518,15617,0.08433734939725165,0.03896103896096668,0.053299491953371005,0.9544677734374417,0.027379400260720495
291,cnn_direct_vector_regression__local_density,CNN + Local density blur,local_density,4,4,0,0.4527518787518787,0.10435638435638435,0.528957528957529,0.8,1.0,1,1,10,122,529,15723,0.07575757575700184,0.01855287569569842,0.029806258998323128,0.9602661132811914,0.015128593040824314
292,cnn_direct_vector_regression__distance_transform,CNN + Distance-to-stroke,distance_transform,5,5,0,0.370731813289358,0.07728047740835463,0.9922779922779923,0.15,1.0,1,4,19,216,673,15476,0.0808510638294432,0.027456647398804254,0.04099244838086927,0.9457397460936923,0.020925110132135546
292,cnn_direct_vector_regression__local_density,CNN + Local density blur,local_density,5,5,0,0.3671095380071101,0.15084170839186867,0.9961538461538462,0.0,1.0,1,2,13,207,679,15485,0.0590909090906405,0.01878612716760291,0.028508771563687873,0.9459228515624423,0.014460511679627964
293,cnn_direct_vector_regression__distance_transform,CNN + Distance-to-stroke,distance_transform,4,4,0,0.6436504570728488,0.2352537722908093,0.9389312977099237,1.0,1.0,0,0,6,125,318,15935,0.04580152671720763,0.018518518518461362,0.026373625963473018,0.9729614257811906,0.013363028953199638
293,cnn_direct_vector_regression__local_density,CNN + Local density blur,local_density,4,5,1,0.34312224061810154,0.2226851851851852,0.814569536423841,0.0,0.8,0,1,15,130,309,15930,0.10344827586135553,0.04629629629615341,0.06396588443396783,0.9732055664061906,0.033039647577019736
294,cnn_direct_vector_regression__distance_transform,CNN + Distance-to-stroke,distance_transform,3,3,0,0.6643963585434173,0.4404575163398693,0.5809523809523809,1.0,1.0,0,0,0,63,262,16059,0.0,0.0,0.0,0.9801635742186902,0.0
294,cnn_direct_vector_regression__local_density,CNN + Local density blur,local_density,3,4,1,0.5846998126492471,0.29081212626894726,0.6441717791411044,1.0,0.75,0,0,14,145,248,15977,0.08805031446485503,0.053435114503612845,0.06650831306880463,0.9760131835936904,0.03439803439794988
295,cnn_direct_vector_regression__distance_transform,CNN + Distance-to-stroke,distance_transform,4,4,0,0.3520531788472965,0.20994982504786422,0.7878787878787878,0.0,1.0,1,0,41,113,364,15866,0.2662337662320375,0.1012345679009846,0.14669051838382494,0.9708862304686907,0.07915057915042635
295,cnn_direct_vector_regression__local_density,CNN + Local density blur,local_density,4,5,1,0.31633986928104574,0.17952069716775598,0.7777777777777778,0.0,0.8,1,0,54,96,351,15883,0.3599999999976,0.13333333333300412,0.19459459419944483,0.9727172851561906,0.10778443113750942
296,cnn_direct_vector_regression__distance_transform,CNN + Distance-to-stroke,distance_transform,3,2,1,0.4454166666666667,0.019444444444444438,0.6,1.0,0.6666666666666667,0,0,0,49,234,16101,0.0,0.0,0.0,0.98272705078119,0.0
296,cnn_direct_vector_regression__local_density,CNN + Local density blur,local_density,3,3,0,0.6068980963045912,0.23404255319148934,0.7578947368421053,1.0,1.0,0,0,0,74,234,16076,0.0,0.0,0.0,0.98120117187494,0.0
297,cnn_direct_vector_regression__distance_transform,CNN + Distance-to-stroke,distance_transform,1,1,0,0.7075,0.35,1.0,1.0,1.0,0,0,0,30,95,16259,0.0,0.0,0.0,0.9923706054686894,0.0
297,cnn_direct_vector_regression__local_density,CNN + Local density blur,local_density,1,1,0,0.6208461538461538,0.26,0.7692307692307692,1.0,1.0,0,0,0,40,95,16249,0.0,0.0,0.0,0.9917602539061895,0.0
298,cnn_direct_vector_regression__distance_transform,CNN + Distance-to-stroke,distance_transform,4,4,0,0.32903641679957474,0.1623456790123457,0.7799043062200957,0.0,1.0,1,1,11,153,528,15692,0.06707317073129834,0.02040816326526826,0.0312944519892677,0.9584350585936915,0.01589595375720246
298,cnn_direct_vector_regression__local_density,CNN + Local density blur,local_density,4,5,1,0.33591586921850086,0.14977582846003898,0.9425837320574163,0.0,0.8,1,0,23,144,516,15701,0.1377245508973789,0.042671614100106364,0.06515580700407274,0.9597167968749414,0.03367496339672961
299,cnn_direct_vector_regression__distance_transform,CNN + Distance-to-stroke,distance_transform,3,3,0,0.31764497041420114,0.17333333333333334,0.6982248520710059,0.0,1.0,1,0,6,112,325,15941,0.050847457626687735,0.018126888217467895,0.02672605751886152,0.9733276367186906,0.013544018058660172
299,cnn_direct_vector_regression__local_density,CNN + Local density blur,local_density,3,4,1,0.4655959425190195,0.30158730158730157,0.8994082840236687,0.3,0.75,1,2,20,117,311,15936,0.14598540145878844,0.060422960724892984,0.08547008505563775,0.9738769531249405,0.044642857142757494
300,cnn_direct_vector_regression__distance_transform,CNN + Distance-to-stroke,distance_transform,3,3,0,0.26363636363636367,0.0,0.8181818181818181,0.0,1.0,1,1,6,78,299,16001,0.07142857142772109,0.019672131147476485,0.030848328710066684,0.9769897460936904,0.015665796344606617
300,cnn_direct_vector_regression__local_density,CNN + Local density blur,local_density,3,4,1,0.2289756834075016,0.02628205128205128,0.7107438016528926,0.0,0.75,1,0,3,75,302,16004,0.038461538461045365,0.009836065573738242,0.01566579602020602,0.9769897460936904,0.007894736842084488
301,cnn_direct_vector_regression__distance_transform,CNN + Distance-to-stroke,distance_transform,3,4,1,0.6563888888888889,0.3074074074074074,0.9652777777777778,1.0,0.75,0,0,15,120,440,15809,0.11111111111028807,0.03296703296696051,0.05084745727403046,0.965820312499941,0.026086956521693763
301,cnn_direct_vector_regression__local_density,CNN + Local density blur,local_density,3,4,1,0.303914201183432,0.13,0.8520710059171598,0.0,0.75,0,2,14,152,441,15777,0.08433734939708232,0.030769230769163144,0.045088566435840596,0.9638061523436912,0.02306425041182362
302,cnn_direct_vector_regression__distance_transform,CNN + Distance-to-stroke,distance_transform,2,2,0,0.5953733766233766,0.13257575757575757,0.9285714285714286,1.0,1.0,0,0,3,57,221,16103,0.04999999999916667,0.013392857142797353,0.0211267602299643,0.9830322265624399,0.0106761565835919
302,cnn_direct_vector_regression__local_density,CNN + Local density blur,local_density,2,2,0,0.5945580808080808,0.11136363636363636,0.9722222222222222,1.0,1.0,0,0,3,55,221,16105,0.05172413793014269,0.013392857142797353,0.021276595417785833,0.9831542968749399,0.010752688172004471
303,cnn_direct_vector_regression__distance_transform,CNN + Distance-to-stroke,distance_transform,2,2,0,0.540389254385965,0.24375000000000002,0.4035087719298246,1.0,1.0,0,0,1,35,205,16143,0.027777777777006175,0.00485436893201527,0.008264462556587672,0.9853515624999398,0.004149377593343779
303,cnn_direct_vector_regression__local_density,CNN + Local density blur,local_density,2,2,0,0.541998106060606,0.13036616161616163,0.6666666666666667,1.0,1.0,0,0,8,64,198,16114,0.1111111111095679,0.03883495145612216,0.057553956450287255,0.9840087890624399,0.029629629629519892
304,cnn_direct_vector_regression__distance_transform,CNN + Distance-to-stroke,distance_transform,2,3,1,0.35216707221821675,0.1987728310502283,0.9802631578947368,0.0,0.6666666666666667,1,0,17,123,259,15985,0.1214285714277041,0.06159420289832756,0.08173076878381566,0.9766845703124404,0.04260651629062003
304,cnn_direct_vector_regression__local_density,CNN + Local density blur,local_density,2,3,1,0.46537560343812556,0.46842105263157896,0.9395973154362416,0.0,0.6666666666666667,1,0,0,138,276,15970,0.0,0.0,0.0,0.9747314453124405,0.0
305,cnn_direct_vector_regression__distance_transform,CNN + Distance-to-stroke,distance_transform,2,2,0,0.5244807692307693,0.011666666666666664,0.8461538461538461,1.0,1.0,0,0,0,66,144,16174,0.0,0.0,0.0,0.9871826171874397,0.0
305,cnn_direct_vector_regression__local_density,CNN + Local density blur,local_density,2,2,0,0.5974935897435897,0.12833333333333333,0.9487179487179487,1.0,1.0,0,0,4,65,140,16175,0.05797101449191346,0.02777777777758488,0.0375586850076484,0.9874877929686897,0.01913875598076967
306,cnn_direct_vector_regression__distance_transform,CNN + Distance-to-stroke,distance_transform,2,2,0,0.5430434782608695,0.0,0.9652173913043478,1.0,1.0,0,0,0,103,359,15922,0.0,0.0,0.0,0.9718017578124407,0.0
306,cnn_direct_vector_regression__local_density,CNN + Local density blur,local_density,2,2,0,0.28260869565217395,0.0,0.9130434782608696,0.0,1.0,0,1,0,92,359,15933,0.0,0.0,0.0,0.9724731445311906,0.0
307,cnn_direct_vector_regression__distance_transform,CNN + Distance-to-stroke,distance_transform,3,4,1,0.4576794854155201,0.2078867791842475,0.9456521739130435,0.4,0.75,1,2,24,146,433,15781,0.14117647058740485,0.05251641137844088,0.07655502352796156,0.964660644531191,0.03980099502480962
307,cnn_direct_vector_regression__local_density,CNN + Local density blur,local_density,3,4,1,0.45582334416903697,0.2071256038647343,0.8130841121495327,0.5,0.75,1,2,37,161,420,15766,0.1868686868677431,0.08096280087509636,0.11297709881447465,0.9645385742186912,0.05987055016171542
308,cnn_direct_vector_regression__distance_transform,CNN + Distance-to-stroke,distance_transform,3,3,0,0.35095187991021326,0.12837791495198903,0.9659090909090909,0.0,1.0,0,2,6,143,505,15730,0.04026845637556867,0.01174168297453671,0.018181817832180907,0.9604492187499414,0.009174311926591476
308,cnn_direct_vector_regression__local_density,CNN + Local density blur,local_density,3,3,0,0.4207122507122507,0.27812598923710036,0.9777777777777777,0.0,1.0,0,3,17,144,494,15729,0.10559006211114541,0.033268101761187344,0.05059523773072121,0.9610595703124413,0.025954198473242818
309,cnn_direct_vector_regression__distance_transform,CNN + Distance-to-stroke,distance_transform,4,5,1,0.43742451557915846,0.3581864757231089,0.981203007518797,0.0,0.8,1,1,6,260,586,15532,0.02255639097735881,0.010135135135118016,0.013986013558163686,0.948364257812442,0.007042253521118495
309,cnn_direct_vector_regression__local_density,CNN + Local density blur,local_density,4,4,0,0.3203491379310345,0.1525,0.7586206896551724,0.0,1.0,1,1,52,138,540,15654,0.27368421052487535,0.08783783783768946,0.13299232699752092,0.9586181640624415,0.07123287671223119
310,cnn_direct_vector_regression__distance_transform,CNN + Distance-to-stroke,distance_transform,1,1,0,0.6931241830065359,0.34274509803921555,0.9444444444444444,1.0,1.0,0,0,8,7,29,16340,0.5333333332977778,0.21621621621037254,0.30769230726997043,0.997802734374939,0.1818181818140496
310,cnn_direct_vector_regression__local_density,CNN + Local density blur,local_density,1,1,0,0.9271241830065359,0.8627450980392157,0.9444444444444444,1.0,1.0,0,0,0,14,37,16333,0.0,0.0,0.0,0.9968872070311892,0.0
311,cnn_direct_vector_regression__distance_transform,CNN + Distance-to-stroke,distance_transform,3,3,0,0.30181881677644384,0.1281399391568883,0.7207792207792207,0.0,1.0,0,1,5,101,195,16083,0.047169811320309715,0.024999999999875,0.03267973810906063,0.98193359374994,0.016611295681007936
311,cnn_direct_vector_regression__local_density,CNN + Local density blur,local_density,3,4,1,0.6028018404535944,0.21940460669274225,0.8953488372093024,1.0,0.75,0,0,7,164,193,16020,0.040935672514380496,0.034999999999825004,0.03773584855945541,0.9782104492186903,0.0192307692307164
312,cnn_direct_vector_regression__distance_transform,CNN + Distance-to-stroke,distance_transform,3,3,0,0.32788809523809526,0.11699999999999999,0.8761904761904762,0.0,1.0,1,1,14,143,496,15731,0.08917197452172503,0.027450980392103037,0.0419790101346718,0.9609985351561913,0.02143950995402536
312,cnn_direct_vector_regression__local_density,CNN + Local density blur,local_density,3,3,0,0.37332857142857145,0.182,0.9571428571428572,0.0,1.0,1,1,10,148,500,15726,0.06329113924010575,0.019607843137216457,0.029940119399225504,0.9604492187499414,0.015197568389034655
313,cnn_direct_vector_regression__distance_transform,CNN + Distance-to-stroke,distance_transform,1,1,0,0.494,0.0,0.72,1.0,1.0,0,0,0,24,44,16316,0.0,0.0,0.0,0.9958496093749392,0.0
313,cnn_direct_vector_regression__local_density,CNN + Local density blur,local_density,1,1,0,0.46612903225806446,0.0,0.5806451612903225,1.0,1.0,0,0,3,26,41,16314,0.10344827585850179,0.0681818181802686,0.0821917803407769,0.9959106445311892,0.04285714285653061
314,cnn_direct_vector_regression__distance_transform,CNN + Distance-to-stroke,distance_transform,1,1,0,0.9382716049382716,0.8847736625514402,0.9506172839506173,1.0,1.0,0,0,0,78,248,16058,0.0,0.0,0.0,0.9801025390624402,0.0
314,cnn_direct_vector_regression__local_density,CNN + Local density blur,local_density,1,1,0,0.7075,0.35,1.0,1.0,1.0,0,0,0,81,248,16055,0.0,0.0,0.0,0.9799194335936902,0.0
315,cnn_direct_vector_regression__distance_transform,CNN + Distance-to-stroke,distance_transform,4,4,0,0.6840619119064949,0.34354273621806625,0.8973384030418251,1.0,1.0,0,0,4,211,641,15528,0.018604651162704166,0.0062015503875872844,0.00930232520637373,0.9479980468749422,0.004672897196256224
315,cnn_direct_vector_regression__local_density,CNN + Local density blur,local_density,4,5,1,0.32631139100126744,0.15023148148148147,0.8935361216730038,0.0,0.8,0,3,14,216,631,15523,0.06086956521712666,0.021705426356555497,0.03199999961240033,0.948303222656192,0.01626016260160713
316,cnn_direct_vector_regression__distance_transform,CNN + Distance-to-stroke,distance_transform,3,4,1,0.2814065479974571,0.09871794871794871,0.8099173553719008,0.0,0.75,1,0,28,207,425,15724,0.11914893616970576,0.06181015452524987,0.08139534838717298,0.9614257812499413,0.042424242424178145
316,cnn_direct_vector_regression__local_density,CNN + Local density blur,local_density,3,3,0,0.3606034899166767,0.22310979618671925,0.8010204081632653,0.0,1.0,1,0,7,151,446,15780,0.04430379746807403,0.015452538631312468,0.022913256572290343,0.9635620117186912,0.011589403973490746
317,cnn_direct_vector_regression__distance_transform,CNN + Distance-to-stroke,distance_transform,4,3,1,0.4812985188968335,0.09015151515151514,0.5786516853932584,1.0,0.75,0,0,9,81,313,15981,0.09999999999888888,0.02795031055891941,0.043689320046682065,0.9759521484374404,0.02233250620341853
317,cnn_direct_vector_regression__local_density,CNN + Local density blur,local_density,4,4,0,0.5744383149071682,0.09675430778371955,0.9044943820224719,1.0,1.0,0,0,6,143,316,15919,0.04026845637556867,0.01863354037261294,0.02547770657371722,0.9719848632811906,0.012903225806423864
318,cnn_direct_vector_regression__distance_transform,CNN + Distance-to-stroke,distance_transform,2,2,0,0.6750111601814276,0.2965819209039548,0.9577464788732395,1.0,1.0,0,0,0,67,199,16118,0.0,0.0,0.0,0.9837646484374399,0.0
318,cnn_direct_vector_regression__local_density,CNN + Local density blur,local_density,2,2,0,0.5133802816901408,0.0,0.8169014084507042,1.0,1.0,0,0,10,45,189,16140,0.18181818181487605,0.05025125628115452,0.0787401571403993,0.9857177734374398,0.04098360655720908
319,cnn_direct_vector_regression__distance_transform,CNN + Distance-to-stroke,distance_transform,2,2,0,0.5763152173913043,0.08166666666666667,0.9478260869565217,1.0,1.0,0,0,9,96,212,16067,0.08571428571346938,0.04072398190026822,0.05521472348934849,0.98120117187494,0.028391167192339462
319,cnn_direct_vector_regression__local_density,CNN + Local density blur,local_density,2,2,0,0.5386195652173913,0.195,0.5043478260869565,1.0,1.0,0,0,8,50,213,16113,0.13793103448038052,0.03619909502246064,0.05734766992114696,0.9839477539061899,0.0295202952028431
320,cnn_direct_vector_regression__distance_transform,CNN + Distance-to-stroke,distance_transform,2,2,0,0.3666922268907563,0.21916666666666665,0.8403361344537815,0.0,1.0,0,1,11,103,299,15971,0.09649122806932903,0.03548387096762747,0.05188679205942951,0.9754638671874404,0.026634382566521467
320,cnn_direct_vector_regression__local_density,CNN + Local density blur,local_density,2,2,0,0.836003367003367,0.6684848484848483,0.9259259259259259,1.0,1.0,0,0,0,110,310,15964,0.0,0.0,0.0,0.9743652343749405,0.0
321,cnn_direct_vector_regression__distance_transform,CNN + Distance-to-stroke,distance_transform,1,1,0,0.6033333333333334,0.15555555555555553,0.9166666666666666,1.0,1.0,0,0,16,45,107,16216,0.26229508196291323,0.13008130081195055,0.17391304303314037,0.9907226562499395,0.09523809523752835
321,cnn_direct_vector_regression__local_density,CNN + Local density blur,local_density,1,1,0,0.5859722222222222,0.1231481481481481,0.9027777777777778,1.0,1.0,0,0,9,53,114,16208,0.14516129032023933,0.07317073170672218,0.09729729685060629,0.9898071289061896,0.051136363636073094
322,cnn_direct_vector_regression__distance_transform,CNN + Distance-to-stroke,distance_transform,3,4,1,0.2751646903820817,0.08454106280193237,0.8106060606060606,0.0,0.75,1,0,19,80,386,15899,0.19191919191725335,0.046913580246797745,0.07539682508083743,0.9715576171874407,0.03917525773187799
322,cnn_direct_vector_regression__local_density,CNN + Local density blur,local_density,3,3,0,0.31784832015810277,0.12047101449275362,0.8181818181818181,0.0,1.0,1,0,36,70,369,15909,0.33962264150622995,0.08888888888866942,0.14090019536535167,0.9732055664061906,0.07578947368405096
323,cnn_direct_vector_regression__distance_transform,CNN + Distance-to-stroke,distance_transform,1,1,0,0.6059830508474576,0.26,0.6949152542372881,1.0,1.0,0,0,0,42,60,16282,0.0,0.0,0.0,0.9937744140624393,0.0
323,cnn_direct_vector_regression__local_density,CNN + Local density blur,local_density,1,1,0,0.485593220338983,0.0,0.6779661016949152,1.0,1.0,0,0,0,41,60,16283,0.0,0.0,0.0,0.9938354492186893,0.0
324,cnn_direct_vector_regression__distance_transform,CNN + Distance-to-stroke,distance_transform,2,2,0,0.5616194331983806,0.10769230769230771,0.8157894736842105,1.0,1.0,0,0,3,86,113,16182,0.033707865168160586,0.02586206896529429,0.0292682921913147,0.9878540039061897,0.01485148514844133
324,cnn_direct_vector_regression__local_density,CNN + Local density blur,local_density,2,2,0,0.5685632427843803,0.09973118279569891,0.868421052631579,1.0,1.0,0,0,10,83,106,16185,0.1075268817192739,0.08620689655098097,0.09569377940944575,0.9884643554686896,0.05025125628115452
325,cnn_direct_vector_regression__distance_transform,CNN + Distance-to-stroke,distance_transform,5,5,0,0.34573434343434345,0.11743434343434345,0.9644444444444444,0.0,1.0,0,1,21,191,440,15732,0.09905660377311766,0.04555314533612678,0.06240713181194403,0.9614868164061913,0.03220858895700582
325,cnn_direct_vector_regression__local_density,CNN + Local density blur,local_density,5,5,0,0.596488888888889,0.20800000000000002,0.7644444444444445,1.0,1.0,0,0,27,134,434,15789,0.16770186335299564,0.058568329717877295,0.08681671987326951,0.965332031249941,0.045378151260427935
326,cnn_direct_vector_regression__distance_transform,CNN + Distance-to-stroke,distance_transform,2,2,0,0.43616935483870967,0.01944444444444445,0.3870967741935484,1.0,1.0,0,0,1,22,63,16298,0.04347826086767486,0.015624999999755858,0.022988505357643022,0.9948120117186893,0.011627906976608978
326,cnn_direct_vector_regression__local_density,CNN + Local density blur,local_density,2,2,0,0.4813306451612903,0.01944444444444445,0.6129032258064516,1.0,1.0,0,0,0,37,64,16283,0.0,0.0,0.0,0.9938354492186893,0.0
327,cnn_direct_vector_regression__distance_transform,CNN + Distance-to-stroke,distance_transform,3,3,0,0.5590217391304347,0.0611111111111111,0.907608695652174,1.0,1.0,0,0,16,164,466,15738,0.08888888888839507,0.0331950207468191,0.048338368183970574,0.9615478515624413,0.0247678018575468
327,cnn_direct_vector_regression__local_density,CNN + Local density blur,local_density,3,4,1,0.2428391959798995,0.0,0.8391959798994975,0.0,0.75,0,1,16,168,466,15734,0.08695652173865785,0.0331950207468191,0.04804804764800837,0.9613037109374413,0.024615384615346746
328,cnn_direct_vector_regression__distance_transform,CNN + Distance-to-stroke,distance_transform,1,1,0,0.5166666666666667,0.0,0.8333333333333334,1.0,1.0,0,0,0,11,13,16360,0.0,0.0,0.0,0.998535156249939,0.0
328,cnn_direct_vector_regression__local_density,CNN + Local density blur,local_density,1,1,0,0.4590909090909091,0.0,0.5454545454545454,1.0,1.0,0,0,8,15,5,16356,0.3478260869413989,0.6153846153372781,0.4444444439583334,0.998779296874939,0.28571428570408164
329,cnn_direct_vector_regression__distance_transform,CNN + Distance-to-stroke,distance_transform,4,4,0,0.594810650887574,0.26,0.6390532544378698,1.0,1.0,0,0,41,70,435,15838,0.3693693693660417,0.08613445378133165,0.13969335574054542,0.9691772460936908,0.07509157509143756
329,cnn_direct_vector_regression__local_density,CNN + Local density blur,local_density,4,4,0,0.5712382297551789,0.06728395061728394,0.9548022598870056,1.0,1.0,0,0,7,166,469,15742,0.04046242774543086,0.014705882352910283,0.021571648299211075,0.9612426757811913,0.010903426791260275
330,cnn_direct_vector_regression__distance_transform,CNN + Distance-to-stroke,distance_transform,4,4,0,0.650148762918885,0.2311827956989247,0.9805825242718447,1.0,1.0,0,0,0,101,257,16026,0.0,0.0,0.0,0.9781494140624403,0.0
330,cnn_direct_vector_regression__local_density,CNN + Local density blur,local_density,4,5,1,0.4815322580645161,0.041397849462365584,0.6645161290322581,1.0,0.8,0,0,3,147,254,15980,0.01999999999986667,0.011673151750927343,0.014742014276500327,0.9755249023436904,0.007425742574239045
331,cnn_direct_vector_regression__distance_transform,CNN + Distance-to-stroke,distance_transform,4,4,0,0.663265625,0.2828125,0.9299999999999999,1.0,1.0,0,0,13,82,190,16099,0.13684210526171744,0.06403940886667961,0.08724832171273818,0.9833984374999399,0.04561403508755925
331,cnn_direct_vector_regression__local_density,CNN + Local density blur,local_density,4,4,0,0.5937869623655914,0.10208333333333333,0.989247311827957,1.0,1.0,0,0,7,83,196,16098,0.07777777777691358,0.03448275862051979,0.04778156953991311,0.9829711914061899,0.0244755244754389
332,cnn_direct_vector_regression__distance_transform,CNN + Distance-to-stroke,distance_transform,1,2,1,0.5345000000000001,0.12999999999999998,0.88,1.0,0.5,0,0,29,81,187,16087,0.2636363636339669,0.1342592592586377,0.17791410998121868,0.9836425781249399,0.09764309764276888
332,cnn_direct_vector_regression__local_density,CNN + Local density blur,local_density,1,2,1,0.488034188034188,0.0,0.9401709401709402,1.0,0.5,0,0,0,106,216,16062,0.0,0.0,0.0,0.9803466796874402,0.0
333,cnn_direct_vector_regression__distance_transform,CNN + Distance-to-stroke,distance_transform,4,5,1,0.3105357017791721,0.07310315430520034,0.821529745042493,0.13333333333333333,0.8,3,2,17,243,687,15437,0.06538461538436391,0.024147727272692973,0.035269709149562685,0.9432373046874424,0.017951425554363305
333,cnn_direct_vector_regression__local_density,CNN + Local density blur,local_density,4,5,1,0.33129947050985575,0.18702368958123436,0.8356940509915014,0.0,0.8,3,2,17,253,687,15427,0.06296296296272977,0.024147727272692973,0.034907597135135714,0.9426269531249425,0.017763845350033686
334,cnn_direct_vector_regression__distance_transform,CNN + Distance-to-stroke,distance_transform,1,1,0,0.744,0.52,0.8,1.0,1.0,0,0,54,12,107,16211,0.8181818181694215,0.3354037267059913,0.4757709246935123,0.9927368164061894,0.31213872832189515
334,cnn_direct_vector_regression__local_density,CNN + Local density blur,local_density,1,1,0,0.811513986013986,0.6053846153846154,0.9454545454545454,1.0,1.0,0,0,0,56,161,16167,0.0,0.0,0.0,0.9867553710936897,0.0
335,cnn_direct_vector_regression__distance_transform,CNN + Distance-to-stroke,distance_transform,3,3,0,0.29891447368421054,0.006944444444444436,0.9789473684210527,0.0,1.0,0,1,0,87,195,16102,0.0,0.0,0.0,0.9827880859374399,0.0
335,cnn_direct_vector_regression__local_density,CNN + Local density blur,local_density,3,3,0,0.306665583562124,0.06931974544203644,0.8773584905660378,0.0,1.0,0,1,1,91,194,16098,0.010869565217273157,0.00512820512817883,0.006968640679333272,0.98260498046869,0.003496503496491271
336,cnn_direct_vector_regression__distance_transform,CNN + Distance-to-stroke,distance_transform,4,4,0,0.30480686475409835,0.08354166666666665,0.8360655737704918,0.0,1.0,2,1,25,125,530,15704,0.16666666666555557,0.045045045044963886,0.07092198548040844,0.9600219726561914,0.036764705882298875
336,cnn_direct_vector_regression__local_density,CNN + Local density blur,local_density,4,4,0,0.3699607420189819,0.2356140350877193,0.819672131147541,0.0,1.0,2,1,21,124,534,15705,0.14482758620589775,0.037837837837769665,0.05999999967135919,0.9598388671874414,0.030927835051500843
337,cnn_direct_vector_regression__distance_transform,CNN + Distance-to-stroke,distance_transform,2,3,1,0.5337060755336618,0.11142857142857143,0.8344827586206897,1.0,0.6666666666666667,0,0,0,127,247,16010,0.0,0.0,0.0,0.9771728515624404,0.0
337,cnn_direct_vector_regression__local_density,CNN + Local density blur,local_density,2,2,0,0.5451612903225806,0.0,0.9758064516129032,1.0,1.0,0,0,0,113,247,16024,0.0,0.0,0.0,0.9780273437499403,0.0
338,cnn_direct_vector_regression__distance_transform,CNN + Distance-to-stroke,distance_transform,5,5,0,0.34015114463906015,0.1517858606837373,0.8592375366568915,0.0,1.0,1,0,56,236,648,15444,0.19178082191715146,0.07954545454534155,0.1124497987821164,0.9460449218749423,0.059574468085043006
338,cnn_direct_vector_regression__local_density,CNN + Local density blur,local_density,5,5,0,0.28731140427769986,0.18685688405797102,0.5161290322580645,0.0,1.0,1,0,20,143,684,15537,0.12269938650231474,0.028409090909050555,0.046136101193999114,0.949523925781192,0.02361275088545028
339,cnn_direct_vector_regression__distance_transform,CNN + Distance-to-stroke,distance_transform,5,4,1,0.319375,0.19861111111111107,0.75,0.0,0.8,2,0,5,140,353,15886,0.034482758620451845,0.013966480446888363,0.019880715295345235,0.9699096679686908,0.01004016064255012
339,cnn_direct_vector_regression__local_density,CNN + Local density blur,local_density,5,4,1,0.3233876811594203,0.17512077294685985,0.8229166666666666,0.0,0.8,2,1,23,122,335,15904,0.1586206896540785,0.06424581005568647,0.09145129183581613,0.9721069335936906,0.04791666666656684
340,cnn_direct_vector_regression__distance_transform,CNN + Distance-to-stroke,distance_transform,5,5,0,0.36484554238032496,0.1669382716049383,0.9486166007905138,0.0,1.0,2,0,68,160,292,15864,0.29824561403377964,0.1888888888883642,0.23129251653121383,0.9724121093749406,0.13076923076897928
340,cnn_direct_vector_regression__local_density,CNN + Local density blur,local_density,5,4,1,0.2156536561264822,0.08537878787878786,0.4861660079051383,0.0,0.8,2,0,11,102,349,15922,0.09734513274250137,0.03055555555547068,0.04651162754312584,0.9724731445311906,0.023809523809472273
341,cnn_direct_vector_regression__distance_transform,CNN + Distance-to-stroke,distance_transform,1,1,0,0.6847727272727272,0.30757575757575756,0.9818181818181818,1.0,1.0,0,0,20,22,98,16244,0.47619047617913834,0.16949152542229243,0.24999999960968752,0.9926757812499394,0.14285714285612247
341,cnn_direct_vector_regression__local_density,CNN + Local density blur,local_density,1,1,0,0.8738824451410658,0.7427272727272727,0.9482758620689655,1.0,1.0,0,0,0,43,118,16223,0.0,0.0,0.0,0.9901733398436895,0.0
342,cnn_direct_vector_regression__distance_transform,CNN + Distance-to-stroke,distance_transform,4,4,0,0.6441152982819649,0.23478613293428108,0.9423076923076923,1.0,1.0,0,0,4,146,304,15930,0.02666666666648889,0.012987012986970822,0.017467248467725648,0.9725341796874406,0.008810572687205264
342,cnn_direct_vector_regression__local_density,CNN + Local density blur,local_density,4,4,0,0.5761123619055346,0.1088976181568774,0.8855421686746988,1.0,1.0,0,0,11,144,297,15932,0.07096774193502602,0.03571428571416976,0.047516198258498205,0.9730834960936906,0.02433628318578687
343,cnn_direct_vector_regression__distance_transform,CNN + Distance-to-stroke,distance_transform,5,5,0,0.36816327625888234,0.22137173820800093,0.8427299703264095,0.0,1.0,1,1,16,259,727,15382,0.058181818181606615,0.02153432032298582,0.03143418428144673,0.9398193359374426,0.015968063872239553
343,cnn_direct_vector_regression__local_density,CNN + Local density blur,local_density,5,5,0,0.3550267661642378,0.22646897591393425,0.7655786350148368,0.0,1.0,1,0,8,234,735,15407,0.03305785123953282,0.01076716016149291,0.016243654451654006,0.9408569335936926,0.00818833162742253
344,cnn_direct_vector_regression__distance_transform,CNN + Distance-to-stroke,distance_transform,2,2,0,0.5413043478260869,0.0,0.9565217391304348,1.0,1.0,0,0,6,42,56,16280,0.12499999999739585,0.09677419354682623,0.1090909085970248,0.9940185546874393,0.05769230769175296
344,cnn_direct_vector_regression__local_density,CNN + Local density blur,local_density,2,2,0,0.4586419753086419,0.0,0.5432098765432098,1.0,1.0,0,0,6,74,56,16248,0.0749999999990625,0.09677419354682623,0.08450704176036501,0.9920654296874394,0.04411764705849914
345,cnn_direct_vector_regression__distance_transform,CNN + Distance-to-stroke,distance_transform,2,3,1,0.6183706692989587,0.252262996941896,0.9409282700421941,1.0,0.6666666666666667,0,0,34,203,653,15494,0.14345991561120905,0.049490538573435966,0.07359307321150513,0.9477539062499422,0.03820224719096831
345,cnn_direct_vector_regression__local_density,CNN + Local density blur,local_density,2,3,1,0.3003090670797093,0.09015290519877672,0.9653679653679653,0.0,0.6666666666666667,0,1,17,215,670,15482,0.07327586206864968,0.024745269286717983,0.03699673520463768,0.9459838867186923,0.018847006651863805
346,cnn_direct_vector_regression__distance_transform,CNN + Distance-to-stroke,distance_transform,1,1,0,0.5125,0.0,0.8125,1.0,1.0,0,0,1,10,26,16347,0.09090909090082644,0.03703703703566529,0.05263157853324099,0.997802734374939,0.027027027026296568
346,cnn_direct_vector_regression__local_density,CNN + Local density blur,local_density,1,1,0,0.4125,0.0,0.3125,1.0,1.0,0,0,2,3,25,16354,0.39999999992,0.07407407407133058,0.12499999972851561,0.998291015624939,0.06666666666444444
347,cnn_direct_vector_regression__distance_transform,CNN + Distance-to-stroke,distance_transform,5,5,0,0.375038529067499,0.17247474747474748,0.9871244635193133,0.0,1.0,1,1,24,197,515,15648,0.10859728506738192,0.044526901669676204,0.063157894324214,0.9565429687499416,0.03260869565212961
347,cnn_direct_vector_regression__local_density,CNN + Local density blur,local_density,5,5,0,0.3306647725149602,0.09364484966894603,0.9426229508196722,0.0,1.0,1,0,32,187,507,15658,0.14611872146052002,0.059369202226234936,0.08443271726698853,0.9576416015624415,0.04407713498616518
348,cnn_direct_vector_regression__distance_transform,CNN + Distance-to-stroke,distance_transform,3,4,1,0.5805620689655173,0.22302681992337164,0.776,1.0,0.75,0,0,0,94,246,16044,0.0,0.0,0.0,0.9792480468749402,0.0
348,cnn_direct_vector_regression__local_density,CNN + Local density blur,local_density,3,4,1,0.3179,0.11666666666666667,0.952,0.0,0.75,0,2,6,104,240,16034,0.054545454544958676,0.02439024390233988,0.033707864741320544,0.9790039062499403,0.017142857142808162
349,cnn_direct_vector_regression__distance_transform,CNN + Distance-to-stroke,distance_transform,2,2,0,0.649298076923077,0.22750000000000004,0.9846153846153847,1.0,1.0,0,0,0,60,121,16203,0.0,0.0,0.0,0.9889526367186896,0.0
349,cnn_direct_vector_regression__local_density,CNN + Local density blur,local_density,2,2,0,0.6913446969696969,0.32083333333333336,0.9848484848484849,1.0,1.0,0,0,0,62,121,16201,0.0,0.0,0.0,0.9888305664061896,0.0
350,cnn_direct_vector_regression__distance_transform,CNN + Distance-to-stroke,distance_transform,1,1,0,0.4817073170731707,0.0,0.6585365853658536,1.0,1.0,0,0,0,26,92,16266,0.0,0.0,0.0,0.9927978515624394,0.0
350,cnn_direct_vector_regression__local_density,CNN + Local density blur,local_density,1,1,0,0.5872831978319784,0.12235772357723573,0.9111111111111111,1.0,1.0,0,0,5,33,87,16259,0.13157894736495845,0.054347826086365784,0.07692307650816568,0.9926757812499394,0.03999999999968
351,cnn_direct_vector_regression__distance_transform,CNN + Distance-to-stroke,distance_transform,2,2,0,0.5650331858407079,0.175,0.6814159292035398,1.0,1.0,0,0,7,62,194,16121,0.10144927536084855,0.034825870646592906,0.051851851470973945,0.9843749999999399,0.026615969581647848
351,cnn_direct_vector_regression__local_density,CNN + Local density blur,local_density,2,3,1,0.6853581905075807,0.4799751580849142,0.7635135135135135,1.0,0.6666666666666667,0,0,16,126,185,16057,0.11267605633723468,0.07960199004935521,0.09329446015564943,0.98101806640619,0.04892966360841306
352,cnn_direct_vector_regression__distance_transform,CNN + Distance-to-stroke,distance_transform,5,5,0,0.332966184284303,0.13793480421387394,0.8544776119402985,0.0,1.0,2,1,26,191,603,15564,0.11981566820221283,0.04133545310009327,0.06146572065862717,0.9515380859374419,0.03170731707313206
352,cnn_direct_vector_regression__local_density,CNN + Local density blur,local_density,5,5,0,0.2576492537313433,0.08333333333333333,0.6007462686567164,0.0,1.0,2,1,12,139,617,15616,0.0794701986749704,0.019077901430812276,0.030769230456926366,0.9538574218749417,0.015624999999979655
353,cnn_direct_vector_regression__distance_transform,CNN + Distance-to-stroke,distance_transform,4,5,1,0.541365075825156,0.2625438596491228,0.9661016949152542,0.6,0.8,1,1,5,234,382,15763,0.020920502091962678,0.01291989664079349,0.015974440422465284,0.9624023437499413,0.00805152979064726
353,cnn_direct_vector_regression__local_density,CNN + Local density blur,local_density,4,5,1,0.2937171052631579,0.07726608187134502,0.8947368421052632,0.0,0.8,1,1,14,175,373,15822,0.07407407407368215,0.03617571059422177,0.04861111067002436,0.9665527343749409,0.024911032028425425
354,cnn_direct_vector_regression__distance_transform,CNN + Distance-to-stroke,distance_transform,1,1,0,0.6339705882352941,0.21274509803921568,0.9411764705882353,1.0,1.0,0,0,1,13,36,16334,0.07142857142346938,0.027027027026296568,0.03921568587466359,0.9970092773436892,0.0199999999996
354,cnn_direct_vector_regression__local_density,CNN + Local density blur,local_density,1,1,0,0.5147058823529411,0.0,0.8235294117647058,1.0,1.0,0,0,0,14,37,16333,0.0,0.0,0.0,0.9968872070311892,0.0
355,cnn_direct_vector_regression__distance_transform,CNN + Distance-to-stroke,distance_transform,4,5,1,0.34403081272762126,0.22787628053585499,0.8074324324324325,0.0,0.8,1,0,46,183,728,15427,0.20087336244453768,0.059431524547726836,0.09172482517087223,0.9443969726561924,0.048066875653032325
355,cnn_direct_vector_regression__local_density,CNN + Local density blur,local_density,4,5,1,0.35276284262986396,0.26830181245074863,0.7601351351351351,0.0,0.8,1,0,30,188,744,15422,0.1376146788984513,0.03875968992243054,0.060483870624691086,0.9431152343749424,0.031185031184998768
356,cnn_direct_vector_regression__distance_transform,CNN + Distance-to-stroke,distance_transform,4,4,0,0.5768196202531646,0.18055555555555555,0.7278481012658228,1.0,1.0,0,0,16,138,304,15926,0.10389610389542925,0.04999999999984375,0.06751054808424577,0.9730224609374406,0.03493449781651761
356,cnn_direct_vector_regression__local_density,CNN + Local density blur,local_density,4,4,0,0.5597353119413386,0.20125406107862248,0.5958549222797928,1.0,1.0,0,0,29,152,291,15912,0.16022099447425292,0.0906249999997168,0.11576846261187802,0.9729614257811906,0.061440677965971524
357,cnn_direct_vector_regression__distance_transform,CNN + Distance-to-stroke,distance_transform,4,5,1,0.6020229594322419,0.16192631397507118,0.9957805907172996,1.0,0.8,0,0,15,216,491,15662,0.06493506493478383,0.02964426877464497,0.04070556266312695,0.9568481445311916,0.020775623268669285
357,cnn_direct_vector_regression__local_density,CNN + Local density blur,local_density,4,5,1,0.3489709498597596,0.18625488857724357,0.92578125,0.0,0.8,0,1,24,223,482,15655,0.09716599190244063,0.04743083003943196,0.0637450194793028,0.9569702148436916,0.032921810699543315
358,cnn_direct_vector_regression__distance_transform,CNN + Distance-to-stroke,distance_transform,2,2,0,0.5916168831168831,0.12999999999999998,0.9155844155844156,1.0,1.0,0,0,63,93,370,15858,0.4038461538435651,0.14549653579643074,0.21392190113787293,0.9717407226561907,0.11977186311764303
358,cnn_direct_vector_regression__local_density,CNN + Local density blur,local_density,2,2,0,0.6084999999999999,0.13,1.0,1.0,1.0,0,0,41,101,392,15850,0.28873239436416387,0.09468822170878825,0.14260869527973988,0.9699096679686908,0.07677902621708468
359,cnn_direct_vector_regression__distance_transform,CNN + Distance-to-stroke,distance_transform,3,4,1,0.2780125800044141,0.10144927536231885,0.7868020304568528,0.0,0.75,1,1,17,133,447,15787,0.11333333333257778,0.0366379310344038,0.05537459246446116,0.964599609374941,0.02847571189274962
359,cnn_direct_vector_regression__local_density,CNN + Local density blur,local_density,3,5,2,0.4274209151769293,0.3923510466988728,0.9543147208121827,0.0,0.6,1,2,26,140,438,15780,0.15662650602315287,0.056034482758499926,0.08253968215129252,0.964721679687441,0.043046357615822775
360,cnn_direct_vector_regression__distance_transform,CNN + Distance-to-stroke,distance_transform,5,5,0,0.3247428571428571,0.07809523809523809,0.948,0.0,1.0,0,1,18,194,425,15747,0.084905660376958,0.040632054175980516,0.05496183162308957,0.9622192382811913,0.02825745682884104
360,cnn_direct_vector_regression__local_density,CNN + Local density blur,local_density,5,5,0,0.6766001161440186,0.29200025809781904,0.976,1.0,1.0,0,0,27,191,416,15750,0.12385321100860619,0.06094808126397077,0.08169440197826151,0.9629516601561912,0.042586750788576364
361,cnn_direct_vector_regression__distance_transform,CNN + Distance-to-stroke,distance_transform,4,4,0,0.5506785714285715,0.065,0.8571428571428572,1.0,1.0,0,0,3,139,554,15688,0.021126760563231504,0.005385996409326058,0.008583690663342905,0.9577026367186915,0.004310344827580014
361,cnn_direct_vector_regression__local_density,CNN + Local density blur,local_density,4,4,0,0.6007195945945946,0.13673423423423423,0.9459459459459459,1.0,1.0,0,0,32,148,525,15679,0.17777777777679013,0.05745062836614461,0.0868385342303261,0.9589233398436915,0.04539007092192143
362,cnn_direct_vector_regression__distance_transform,CNN + Distance-to-stroke,distance_transform,1,1,0,0.6454761904761904,0.23333333333333334,0.9523809523809523,1.0,1.0,0,0,4,13,72,16295,0.235294117633218,0.052631578946675896,0.08602150507573128,0.9948120117186893,0.044943820224214115
362,cnn_direct_vector_regression__local_density,CNN + Local density blur,local_density,1,1,0,0.5166666666666667,0.0,0.8333333333333334,1.0,1.0,0,0,10,13,66,16295,0.43478260867674856,0.13157894736668974,0.2020202016594225,0.9951782226561893,0.11235955056053529
363,cnn_direct_vector_regression__distance_transform,CNN + Distance-to-stroke,distance_transform,5,4,1,0.2884267379679145,0.052000000000000005,0.9251336898395722,0.0,0.8,0,2,11,150,455,15768,0.06832298136603526,0.02360515021454162,0.03508771891644727,0.9630737304686912,0.01785714285711387
363,cnn_direct_vector_regression__local_density,CNN + Local density blur,local_density,5,5,0,0.3648582927908005,0.19091316526610638,0.8947368421052632,0.0,1.0,0,2,8,188,458,15730,0.040816326530404,0.01716738197421209,0.024169183873130044,0.9605712890624414,0.012232415902121969
364,cnn_direct_vector_regression__distance_transform,CNN + Distance-to-stroke,distance_transform,2,2,0,0.29670007479431565,0.14857142857142858,0.6492146596858639,0.0,1.0,1,0,2,112,443,15827,0.017543859648968912,0.00449438202246181,0.007155634737894477,0.966125488281191,0.003590664272884038
364,cnn_direct_vector_regression__local_density,CNN + Local density blur,local_density,2,3,1,0.38358738469209674,0.33428571428571424,0.8324607329842932,0.0,0.6666666666666667,1,0,14,135,431,15804,0.09395973154299357,0.03146067415723267,0.047138046762048094,0.965454101562441,0.024137931034441142
365,cnn_direct_vector_regression__distance_transform,CNN + Distance-to-stroke,distance_transform,3,3,0,0.5999025974025974,0.11666666666666667,0.987012987012987,1.0,1.0,0,0,1,71,115,16197,0.013888888888695987,0.008620689655098096,0.010638297399615231,0.9886474609374396,0.005347593582859104
365,cnn_direct_vector_regression__local_density,CNN + Local density blur,local_density,3,3,0,0.34211038961038964,0.11666666666666667,0.948051948051948,0.0,1.0,0,1,5,66,111,16202,0.07042253521027574,0.04310344827549049,0.05347593535725929,0.9891967773436896,0.027472527472376527
366,cnn_direct_vector_regression__distance_transform,CNN + Distance-to-stroke,distance_transform,4,5,1,0.292273932908132,0.11008064516129032,0.8136882129277566,0.0,0.8,2,2,25,214,542,15603,0.10460251045981338,0.044091710758299665,0.06203473903674366,0.9538574218749417,0.03201024327780792
366,cnn_direct_vector_regression__local_density,CNN + Local density blur,local_density,4,4,0,0.35104828281423806,0.1479233870967742,0.9224137931034483,0.0,1.0,2,3,27,182,540,15635,0.1291866028701953,0.047619047618963635,0.06958762847221743,0.9559326171874416,0.03604806408539914
367,cnn_direct_vector_regression__distance_transform,CNN + Distance-to-stroke,distance_transform,5,5,0,0.29832558029404477,0.08952762923351158,0.7901907356948229,0.0,1.0,1,1,18,260,780,15326,0.06474820143861601,0.022556390977415342,0.0334572486873454,0.9365234374999428,0.017013232514161612
367,cnn_direct_vector_regression__local_density,CNN + Local density blur,local_density,5,5,0,0.28480970143816753,0.1285204991087344,0.6348773841961852,0.0,1.0,1,0,20,202,778,15384,0.09009009008968429,0.025062656641572603,0.039215685933879287,0.9401855468749426,0.01999999999998
368,cnn_direct_vector_regression__distance_transform,CNN + Distance-to-stroke,distance_transform,5,5,0,0.29908599124452784,0.0341025641025641,0.9186991869918699,0.0,1.0,1,0,27,196,489,15672,0.12107623318331356,0.052325581395247435,0.07307171811696676,0.9581909179686915,0.03792134831455348
368,cnn_direct_vector_regression__local_density,CNN + Local density blur,local_density,5,5,0,0.2949146341463415,0.07,0.8170731707317074,0.0,1.0,1,0,7,186,509,15682,0.03626943005162555,0.013565891472841927,0.019746120901319136,0.9575805664061915,0.009971509971495767
369,cnn_direct_vector_regression__distance_transform,CNN + Distance-to-stroke,distance_transform,4,5,1,0.33748363874345555,0.13472222222222222,0.9842931937172775,0.0,0.8,0,1,1,186,493,15704,0.005347593582859104,0.0020242914979716107,0.002936857164013414,0.9585571289061915,0.001470588235291955
369,cnn_direct_vector_regression__local_density,CNN + Local density blur,local_density,4,5,1,0.31816870273414777,0.13135802469135804,0.8952879581151832,0.0,0.8,0,2,7,139,487,15751,0.04794520547912367,0.014170040485801276,0.02187499964776368,0.9617919921874413,0.011058451816728185
370,cnn_direct_vector_regression__distance_transform,CNN + Distance-to-stroke,distance_transform,3,3,0,0.6675503597122302,0.29,0.935251798561151,1.0,1.0,0,0,1,137,314,15932,0.007246376811541694,0.0031746031745930967,0.004415010613842514,0.9724731445311906,0.002212389380526079
370,cnn_direct_vector_regression__local_density,CNN + Local density blur,local_density,3,3,0,0.6522391304347827,0.252962962962963,0.9420289855072463,1.0,1.0,0,0,12,128,303,15941,0.08571428571367348,0.03809523809511716,0.05274725232098539,0.9736938476561905,0.027088036117320344
371,cnn_direct_vector_regression__distance_transform,CNN + Distance-to-stroke,distance_transform,5,5,0,0.31575744893906166,0.06536885672095007,0.9317073170731707,0.0,1.0,0,1,2,187,418,15777,0.010582010581954593,0.004761904761893424,0.006568144071095609,0.9630737304686912,0.0032948929159748027
371,cnn_direct_vector_regression__local_density,CNN + Local density blur,local_density,5,5,0,0.3370104196403083,0.15107526881720432,0.8451327433628318,0.0,1.0,0,2,5,182,415,15782,0.02673796791429552,0.01190476190473356,0.016474464153519223,0.9635620117186912,0.008305647840517764
372,cnn_direct_vector_regression__distance_transform,CNN + Distance-to-stroke,distance_transform,3,4,1,0.306319018404908,0.07777777777777778,0.9815950920245399,0.0,0.75,1,1,10,143,522,15709,0.06535947712375582,0.018796992481167674,0.029197079944947524,0.9594116210936914,0.014814814814792868
372,cnn_direct_vector_regression__local_density,CNN + Local density blur,local_density,3,4,1,0.3262857142857143,0.14444444444444446,0.9314285714285714,0.0,0.75,1,1,3,157,529,15695,0.018749999999882815,0.005639097744350303,0.008670519875680793,0.9581298828124415,0.004354136429601808
373,cnn_direct_vector_regression__distance_transform,CNN + Distance-to-stroke,distance_transform,1,1,0,0.5166666666666667,0.0,0.8333333333333334,1.0,1.0,0,0,18,7,51,16308,0.7199999999712,0.2608695652136106,0.38297872300565866,0.9964599609374392,0.23684210526004154
373,cnn_direct_vector_regression__local_density,CNN + Local density blur,local_density,1,1,0,0.5166666666666667,0.0,0.8333333333333334,1.0,1.0,0,0,4,16,65,16299,0.19999999999,0.05797101449191346,0.0898876400989774,0.9950561523436893,0.04705882352885813
374,cnn_direct_vector_regression__distance_transform,CNN + Distance-to-stroke,distance_transform,4,5,1,0.24609522058823532,0.006433823529411764,0.8160000000000001,0.0,0.8,2,0,10,176,695,15503,0.05376344085992601,0.014184397163100448,0.02244668878295362,0.9468383789061922,0.011350737797943983
374,cnn_direct_vector_regression__local_density,CNN + Local density blur,local_density,4,5,1,0.39030815508021394,0.1317959001782531,0.88,0.3,0.8,2,1,31,180,674,15499,0.14691943127892457,0.043971631205611386,0.06768558916492581,0.9478759765624422,0.03502824858753104
375,cnn_direct_vector_regression__distance_transform,CNN + Distance-to-stroke,distance_transform,1,1,0,0.7511232876712329,0.52,0.8356164383561644,1.0,1.0,0,0,31,31,43,16279,0.4999999999919355,0.41891891891325783,0.455882352438365,0.9954833984374392,0.29523809523528344
375,cnn_direct_vector_regression__local_density,CNN + Local density blur,local_density,1,1,0,0.746013698630137,0.4842922374429223,0.8904109589041096,1.0,1.0,0,0,0,66,74,16244,0.0,0.0,0.0,0.9914550781249395,0.0
376,cnn_direct_vector_regression__distance_transform,CNN + Distance-to-stroke,distance_transform,1,1,0,0.6565344827586207,0.39,0.6551724137931034,1.0,1.0,0,0,0,30,62,16292,0.0,0.0,0.0,0.9943847656249393,0.0
376,cnn_direct_vector_regression__local_density,CNN + Local density blur,local_density,1,1,0,0.6397272727272727,0.26,0.8636363636363636,1.0,1.0,0,0,0,23,62,16299,0.0,0.0,0.0,0.9948120117186893,0.0
377,cnn_direct_vector_regression__distance_transform,CNN + Distance-to-stroke,distance_transform,1,1,0,0.7699385964912281,0.5433333333333333,0.8771929824561404,1.0,1.0,0,0,4,46,106,16228,0.0799999999984,0.036363636363305786,0.0499999995696875,0.9907226562499395,0.02564102564086128
377,cnn_direct_vector_regression__local_density,CNN + Local density blur,local_density,1,1,0,0.5166666666666667,0.0,0.8333333333333334,1.0,1.0,0,0,6,50,104,16224,0.10714285714094389,0.054545454544958676,0.0722891561785455,0.9906005859374395,0.03749999999976563
378,cnn_direct_vector_regression__distance_transform,CNN + Distance-to-stroke,distance_transform,3,3,0,0.6019631901840491,0.2,0.8098159509202454,1.0,1.0,0,0,4,162,421,15797,0.024096385542023518,0.009411764705860208,0.013536378614593994,0.9644165039061912,0.006814310051095717
378,cnn_direct_vector_regression__local_density,CNN + Local density blur,local_density,3,4,1,0.5308158508158508,0.13076923076923075,0.7348484848484849,1.0,0.75,0,0,6,92,419,15867,0.06122448979529362,0.014117647058790312,0.02294455036459023,0.9688110351561908,0.011605415860712563
379,cnn_direct_vector_regression__distance_transform,CNN + Distance-to-stroke,distance_transform,2,2,0,0.5660603448275863,0.08166666666666667,0.896551724137931,1.0,1.0,0,0,27,60,221,16076,0.3103448275826397,0.10887096774149649,0.16119402946527064,0.9828491210936899,0.08766233766205304
379,cnn_direct_vector_regression__local_density,CNN + Local density blur,local_density,2,2,0,0.5920294117647059,0.13,0.9176470588235294,1.0,1.0,0,0,54,33,194,16103,0.6206896551652794,0.21774193548299298,0.32238805931505454,0.9861450195311898,0.1921708185046542
380,cnn_direct_vector_regression__distance_transform,CNN + Distance-to-stroke,distance_transform,3,3,0,0.6009294871794871,0.1724358974358974,0.8666666666666667,1.0,1.0,0,0,14,89,250,16031,0.13592233009576773,0.05303030303010216,0.07629427752496491,0.9793090820311902,0.03966005665711145
380,cnn_direct_vector_regression__local_density,CNN + Local density blur,local_density,3,3,0,0.5191694027517197,0.04711538461538461,0.7398373983739837,1.0,1.0,0,0,6,116,258,16004,0.04918032786844934,0.02272727272718664,0.03108808246905958,0.9771728515624404,0.015789473684168977
381,cnn_direct_vector_regression__distance_transform,CNN + Distance-to-stroke,distance_transform,2,2,0,0.6650885780885781,0.2842424242424243,0.9358974358974359,1.0,1.0,0,0,0,75,244,16065,0.0,0.0,0.0,0.9805297851561902,0.0
381,cnn_direct_vector_regression__local_density,CNN + Local density blur,local_density,2,2,0,0.5012820512820513,0.0,0.7564102564102564,1.0,1.0,0,0,15,40,229,16100,0.27272727272231406,0.06147540983581363,0.10033444785964363,0.9835815429686899,0.052816901408264734
382,cnn_direct_vector_regression__distance_transform,CNN + Distance-to-stroke,distance_transform,5,5,0,0.6027743591050205,0.16909498834498835,0.8834080717488789,1.0,1.0,0,0,3,186,391,15804,0.01587301587293189,0.007614213197950218,0.010291594759041943,0.964782714843691,0.00517241379309453
382,cnn_direct_vector_regression__local_density,CNN + Local density blur,local_density,5,5,0,0.33315991701683967,0.14145153457653456,0.8475336322869955,0.0,1.0,0,1,5,174,389,15816,0.0279329608936987,0.01269035532991703,0.01745200655113622,0.965637207031191,0.008802816901392953
383,cnn_direct_vector_regression__distance_transform,CNN + Distance-to-stroke,distance_transform,3,3,0,0.6459056603773584,0.24666666666666665,0.9245283018867925,1.0,1.0,0,0,11,148,235,15990,0.06918238993667182,0.044715447154289774,0.05432098717712544,0.9766235351561904,0.027918781725817465
383,cnn_direct_vector_regression__local_density,CNN + Local density blur,local_density,3,4,1,0.4719387755102041,0.0,0.7346938775510203,1.0,0.75,0,0,9,95,237,16043,0.08653846153762944,0.03658536585350982,0.051428571010579606,0.9797363281249402,0.026392961876755446
384,cnn_direct_vector_regression__distance_transform,CNN + Distance-to-stroke,distance_transform,1,1,0,0.8532380952380952,0.6844444444444444,0.9761904761904762,1.0,1.0,0,0,0,83,257,16044,0.0,0.0,0.0,0.9792480468749402,0.0
384,cnn_direct_vector_regression__local_density,CNN + Local density blur,local_density,1,1,0,0.773452380952381,0.65,0.6547619047619048,1.0,1.0,0,0,56,0,201,16127,0.999999999982143,0.21789883268397706,0.357827475742245,0.9877319335936897,0.21789883268397706
385,cnn_direct_vector_regression__distance_transform,CNN + Distance-to-stroke,distance_transform,2,2,0,0.5330188679245284,0.0,0.9150943396226415,1.0,1.0,0,0,0,105,131,16148,0.0,0.0,0.0,0.9855957031249398,0.0
385,cnn_direct_vector_regression__local_density,CNN + Local density blur,local_density,2,2,0,0.5247747747747747,0.0,0.8738738738738738,1.0,1.0,0,0,0,109,131,16144,0.0,0.0,0.0,0.9853515624999398,0.0
386,cnn_direct_vector_regression__distance_transform,CNN + Distance-to-stroke,distance_transform,2,2,0,0.5365277777777778,0.0638888888888889,0.7888888888888889,1.0,1.0,0,0,10,80,155,16139,0.11111111110987654,0.0606060606056933,0.07843137209165707,0.9856567382811898,0.04081632653044565
386,cnn_direct_vector_regression__local_density,CNN + Local density blur,local_density,2,2,0,0.8328687739463602,0.6347701149425287,0.9861111111111112,1.0,1.0,0,0,1,61,164,16158,0.016129032257804373,0.00606060606056933,0.008810572290089096,0.9862670898436898,0.004424778761042369
387,cnn_direct_vector_regression__distance_transform,CNN + Distance-to-stroke,distance_transform,4,5,1,0.3367641117052882,0.20470588235294118,0.8232323232323232,0.0,0.8,0,2,26,150,462,15746,0.14772727272643338,0.053278688524480984,0.0783132526222057,0.9626464843749413,0.04075235109711481
387,cnn_direct_vector_regression__local_density,CNN + Local density blur,local_density,4,4,0,0.497239263803681,0.0,0.7361963190184049,1.0,1.0,0,0,6,106,482,15790,0.05357142857095026,0.01229508196718792,0.019999999696288892,0.9641113281249412,0.010101010100993096
388,cnn_direct_vector_regression__distance_transform,CNN + Distance-to-stroke,distance_transform,3,4,1,0.30014488643927895,0.147258626147515,0.794392523364486,0.0,0.75,1,0,2,164,214,16004,0.012048192771011759,0.009259259259216392,0.010471203696992979,0.9769287109374404,0.005263157894722992
388,cnn_direct_vector_regression__local_density,CNN + Local density blur,local_density,3,3,0,0.1785046728971963,0.0,0.39252336448598135,0.0,1.0,1,0,3,70,213,16098,0.04109589041039594,0.013888888888824589,0.02076124529701513,0.98272705078119,0.010489510489473813
389,cnn_direct_vector_regression__distance_transform,CNN + Distance-to-stroke,distance_transform,5,5,0,0.3501969696969697,0.11154882154882155,1.0,0.0,1.0,1,1,14,162,457,15751,0.07954545454500259,0.02972399150736789,0.04327666111849483,0.9622192382811913,0.02211690363345637
389,cnn_direct_vector_regression__local_density,CNN + Local density blur,local_density,5,5,0,0.26349446239040153,0.0813131313131313,0.6345177664974619,0.0,1.0,1,0,7,103,464,15810,0.06363636363578512,0.014861995753683944,0.02409638523511899,0.965393066406191,0.012195121951198266
390,cnn_direct_vector_regression__distance_transform,CNN + Distance-to-stroke,distance_transform,2,2,0,0.2870967741935484,0.0,0.935483870967742,0.0,1.0,0,1,0,104,290,15990,0.0,0.0,0.0,0.9759521484374404,0.0
390,cnn_direct_vector_regression__local_density,CNN + Local density blur,local_density,2,3,1,0.5007936507936508,0.0,0.9206349206349207,1.0,0.6666666666666667,0,0,0,122,290,15972,0.0,0.0,0.0,0.9748535156249405,0.0
391,cnn_direct_vector_regression__distance_transform,CNN + Distance-to-stroke,distance_transform,3,3,0,0.5302574257425743,0.013333333333333338,0.8712871287128713,1.0,1.0,0,0,2,83,206,16093,0.023529411764429065,0.009615384615338387,0.013651876721126641,0.98236083984369,0.006872852233653358
391,cnn_direct_vector_regression__local_density,CNN + Local density blur,local_density,3,4,1,0.24517734553775744,0.08285024154589372,0.6644736842105263,0.0,0.75,0,1,4,129,204,16047,0.030075187969698686,0.019230769230676775,0.02346041008123426,0.9796752929686902,0.011869436201745196
392,cnn_direct_vector_regression__distance_transform,CNN + Distance-to-stroke,distance_transform,4,4,0,0.31328726073893454,0.09504296100462656,0.852589641434263,0.0,1.0,0,2,17,227,342,15798,0.06967213114725544,0.04735376044555055,0.056384742469905866,0.965270996093691,0.029010238907800325
392,cnn_direct_vector_regression__local_density,CNN + Local density blur,local_density,4,4,0,0.573821892507922,0.21700815157523684,0.6308411214953271,1.0,1.0,0,0,26,107,333,15918,0.19548872180304144,0.07242339832848907,0.10569105651564047,0.9731445312499406,0.055793991416189286
393,cnn_direct_vector_regression__distance_transform,CNN + Distance-to-stroke,distance_transform,1,1,0,0.5901086956521739,0.1277777777777778,0.9130434782608696,1.0,1.0,0,0,5,16,63,16300,0.23809523808390023,0.07352941176362457,0.11235955019871229,0.9951782226561893,0.05952380952310091
393,cnn_direct_vector_regression__local_density,CNN + Local density blur,local_density,1,1,0,0.628904761904762,0.26,0.8095238095238095,1.0,1.0,0,0,18,0,50,16316,0.9999999999444444,0.2647058823490484,0.4186046508220659,0.9969482421874392,0.2647058823490484
394,cnn_direct_vector_regression__distance_transform,CNN + Distance-to-stroke,distance_transform,3,3,0,0.6448148868320759,0.23243887895050686,0.9510869565217391,1.0,1.0,0,0,0,183,555,15646,0.0,0.0,0.0,0.9549560546874417,0.0
394,cnn_direct_vector_regression__local_density,CNN + Local density blur,local_density,3,3,0,0.5789555170856541,0.16085353003161224,0.7828571428571429,1.0,1.0,0,0,6,125,549,15704,0.04580152671720763,0.010810810810791332,0.017492711061220245,0.9588623046874415,0.00882352941175173
395,cnn_direct_vector_regression__distance_transform,CNN + Distance-to-stroke,distance_transform,5,5,0,0.4416146617713894,0.2270105143506678,0.8222996515679443,0.3,1.0,1,2,26,197,632,15529,0.11659192825059825,0.0395136778114901,0.05902383617113976,0.949401855468692,0.030409356725110633
395,cnn_direct_vector_regression__local_density,CNN + Local density blur,local_density,5,5,0,0.3054049167724547,0.11731483634296935,0.7630662020905923,0.0,1.0,1,2,24,177,634,15549,0.11940298507403282,0.03647416413368317,0.05587892862858375,0.9505004882811919,0.02874251497002546
396,cnn_direct_vector_regression__distance_transform,CNN + Distance-to-stroke,distance_transform,3,4,1,0.5085443037974684,0.0,0.9177215189873418,1.0,0.75,0,0,11,121,326,15926,0.08333333333270203,0.032640949554799285,0.04690831516036026,0.9727172851561906,0.024017467248855857
396,cnn_direct_vector_regression__local_density,CNN + Local density blur,local_density,3,3,0,0.6133227848101266,0.21666666666666667,0.8291139240506329,1.0,1.0,0,0,4,128,333,15919,0.030303030302800738,0.011869436201745196,0.017057568891830837,0.9718627929686906,0.00860215053761591
397,cnn_direct_vector_regression__distance_transform,CNN + Distance-to-stroke,distance_transform,1,1,0,0.4642857142857143,0.0,0.5714285714285714,1.0,1.0,0,0,4,14,41,16325,0.22222222220987653,0.08888888888691358,0.12698412657193248,0.9966430664061892,0.06779661016834243
397,cnn_direct_vector_regression__local_density,CNN + Local density blur,local_density,1,1,0,0.6046153846153847,0.15555555555555553,0.9230769230769231,1.0,1.0,0,0,0,12,45,16327,0.0,0.0,0.0,0.9965209960936892,0.0
398,cnn_direct_vector_regression__distance_transform,CNN + Distance-to-stroke,distance_transform,2,1,1,0.551491546702377,0.2740804597701149,0.6407766990291262,1.0,0.5,0,0,0,67,237,16080,0.0,0.0,0.0,0.98144531249994,0.0
398,cnn_direct_vector_regression__local_density,CNN + Local density blur,local_density,2,2,0,0.5296885113268608,0.12314814814814815,0.6213592233009708,1.0,1.0,0,0,0,61,237,16086,0.0,0.0,0.0,0.98181152343744,0.0
399,cnn_direct_vector_regression__distance_transform,CNN + Distance-to-stroke,distance_transform,5,5,0,0.424444924069066,0.2853162055335968,0.9802631578947368,0.0,1.0,0,1,0,141,216,16027,0.0,0.0,0.0,0.9782104492186903,0.0
399,cnn_direct_vector_regression__local_density,CNN + Local density blur,local_density,5,5,0,0.6349703557312253,0.18882301273605623,1.0,1.0,1.0,0,0,3,136,213,16032,0.02158273381279437,0.013888888888824589,0.01690140797413213,0.9786987304686903,0.00852272727270306
400,cnn_direct_vector_regression__distance_transform,CNN + Distance-to-stroke,distance_transform,2,2,0,0.591866213683224,0.11136363636363636,0.9587628865979382,1.0,1.0,0,0,0,95,209,16080,0.0,0.0,0.0,0.98144531249994,0.0
400,cnn_direct_vector_regression__local_density,CNN + Local density blur,local_density,2,2,0,0.7075,0.35,1.0,1.0,1.0,0,0,0,89,209,16086,0.0,0.0,0.0,0.98181152343744,0.0
401,cnn_direct_vector_regression__distance_transform,CNN + Distance-to-stroke,distance_transform,4,4,0,0.6606361936883939,0.264996964177292,0.9569377990430622,1.0,1.0,0,0,9,185,340,15850,0.046391752577080454,0.025787965615971953,0.033149170811337336,0.9679565429686909,0.0168539325842381
401,cnn_direct_vector_regression__local_density,CNN + Local density blur,local_density,4,5,1,0.6831352459016395,0.458819064966606,0.7333333333333334,1.0,0.8,0,0,81,206,268,15829,0.28222996515581106,0.2320916905437476,0.25471698063602605,0.9710693359374407,0.14594594594568297
402,cnn_direct_vector_regression__distance_transform,CNN + Distance-to-stroke,distance_transform,2,2,0,0.5808573717948718,0.13125,0.858974358974359,1.0,1.0,0,0,0,66,160,16158,0.0,0.0,0.0,0.9862060546874398,0.0
402,cnn_direct_vector_regression__local_density,CNN + Local density blur,local_density,2,2,0,0.5685267857142857,0.07291666666666667,0.9285714285714286,1.0,1.0,0,0,10,69,150,16155,0.12658227847941034,0.06249999999960938,0.0836820079249313,0.9866333007811897,0.04366812227055167
403,cnn_direct_vector_regression__distance_transform,CNN + Distance-to-stroke,distance_transform,2,2,0,0.5147058823529411,0.0,0.8235294117647058,1.0,1.0,0,0,4,67,119,16194,0.05633802816822059,0.032520325202987636,0.04123711293755978,0.9886474609374396,0.021052631578836568
403,cnn_direct_vector_regression__local_density,CNN + Local density blur,local_density,2,2,0,0.7604705882352941,0.52,0.8823529411764706,1.0,1.0,0,0,41,36,82,16225,0.5324675324606173,0.3333333333306233,0.40999999952235006,0.9927978515624394,0.257861635218504
404,cnn_direct_vector_regression__distance_transform,CNN + Distance-to-stroke,distance_transform,3,3,0,0.5882258064516129,0.30000000000000004,0.5161290322580645,1.0,1.0,0,0,7,86,134,16157,0.07526881720349173,0.049645390070569895,0.059829059349587266,0.9865722656249397,0.030837004405150498
404,cnn_direct_vector_regression__local_density,CNN + Local density blur,local_density,3,3,0,0.5291025641025642,0.10170940170940171,0.6666666666666667,1.0,1.0,0,0,7,60,134,16183,0.10447761193873914,0.049645390070569895,0.067307691870331,0.9881591796874397,0.034825870646592906
405,cnn_direct_vector_regression__distance_transform,CNN + Distance-to-stroke,distance_transform,4,5,1,0.3952043041223244,0.1487134273772205,0.9914163090128756,0.2,0.8,2,4,15,194,451,15724,0.07177033492788627,0.03218884120164767,0.04444444401679452,0.9606323242186914,0.022727272727238294
405,cnn_direct_vector_regression__local_density,CNN + Local density blur,local_density,4,5,1,0.321875721474027,0.13120689655172413,0.9141630901287554,0.0,0.8,2,4,9,172,457,15746,0.049723756905802635,0.0193133047209886,0.02782071057065663,0.9616088867186913,0.014106583072078203
406,cnn_direct_vector_regression__distance_transform,CNN + Distance-to-stroke,distance_transform,1,1,0,0.6011648351648352,0.17230769230769227,0.8681318681318682,1.0,1.0,0,0,22,50,148,16164,0.3055555555513117,0.1294117647051211,0.18181818139867495,0.9879150390624397,0.09999999999954545
406,cnn_direct_vector_regression__local_density,CNN + Local density blur,local_density,1,1,0,0.6800274725274725,0.2987179487179487,0.978021978021978,1.0,1.0,0,0,11,73,159,16141,0.13095238095082198,0.06470588235256056,0.08661417278498358,0.9858398437499398,0.04526748971174787
407,cnn_direct_vector_regression__distance_transform,CNN + Distance-to-stroke,distance_transform,2,2,0,0.5613089887640449,0.13,0.7640449438202247,1.0,1.0,0,0,4,63,125,16192,0.05970149253642236,0.03100775193774413,0.04081632608022699,0.9885253906249396,0.02083333333322483
407,cnn_direct_vector_regression__local_density,CNN + Local density blur,local_density,2,2,0,0.48932584269662915,0.0,0.696629213483146,1.0,1.0,0,0,1,58,128,16197,0.016949152542085608,0.007751937984436032,0.010638297441545966,0.9886474609374396,0.005347593582859104
408,cnn_direct_vector_regression__distance_transform,CNN + Distance-to-stroke,distance_transform,2,2,0,0.634375,0.18749999999999997,1.0,1.0,1.0,0,0,16,75,193,16100,0.1758241758222437,0.07655502392307868,0.1066666662433111,0.9836425781249399,0.05633802816881572
408,cnn_direct_vector_regression__local_density,CNN + Local density blur,local_density,2,2,0,0.5895741758241758,0.14166666666666666,0.8791208791208791,1.0,1.0,0,0,10,70,199,16105,0.1249999999984375,0.04784688995192418,0.06920415184827769,0.9835815429686899,0.03584229390668157
409,cnn_direct_vector_regression__distance_transform,CNN + Distance-to-stroke,distance_transform,4,4,0,0.5288545783926218,0.02386363636363636,0.8405797101449275,1.0,1.0,0,0,0,138,292,15954,0.0,0.0,0.0,0.9737548828124405,0.0
409,cnn_direct_vector_regression__local_density,CNN + Local density blur,local_density,4,4,0,0.5330651457321305,0.013257575757575754,0.8854961832061069,1.0,1.0,0,0,20,103,272,15989,0.1626016260149382,0.06849315068469694,0.09638554175112789,0.9771118164061904,0.05063291139227688
410,cnn_direct_vector_regression__distance_transform,CNN + Distance-to-stroke,distance_transform,5,5,0,0.6978378079212072,0.3300050216632216,0.9966777408637874,1.0,1.0,0,0,34,268,492,15590,0.11258278145658085,0.06463878326983909,0.08212560340112955,0.9536132812499418,0.042821158690122395
410,cnn_direct_vector_regression__local_density,CNN + Local density blur,local_density,5,5,0,0.3160139353400223,0.0370680044593088,0.9966666666666667,0.0,1.0,0,1,33,260,493,15598,0.11262798634773848,0.06273764258543206,0.08058608012635202,0.9540405273436917,0.041984732824374066
411,cnn_direct_vector_regression__distance_transform,CNN + Distance-to-stroke,distance_transform,4,4,0,0.3737254923778791,0.19573235414116688,0.9282296650717703,0.0,1.0,1,0,25,171,321,15867,0.1275510204075125,0.07225433525990678,0.09225092204718073,0.9699707031249408,0.048355899419635674
411,cnn_direct_vector_regression__local_density,CNN + Local density blur,local_density,4,5,1,0.41493655737194785,0.3122621171573,0.9720930232558139,0.0,0.8,1,0,0,210,346,15828,0.0,0.0,0.0,0.966064453124941,0.0
412,cnn_direct_vector_regression__distance_transform,CNN + Distance-to-stroke,distance_transform,2,2,0,0.6882232811436351,0.3504273504273504,0.9026548672566371,1.0,1.0,0,0,0,112,156,16116,0.0,0.0,0.0,0.9836425781249399,0.0
412,cnn_direct_vector_regression__local_density,CNN + Local density blur,local_density,2,3,1,0.6450595238095238,0.325,0.9107142857142857,1.0,0.6666666666666667,0,0,0,115,156,16113,0.0,0.0,0.0,0.9834594726561899,0.0
413,cnn_direct_vector_regression__distance_transform,CNN + Distance-to-stroke,distance_transform,2,3,1,0.7364171739531452,0.4947293447293447,0.9856115107913669,1.0,0.6666666666666667,0,0,0,131,200,16053,0.0,0.0,0.0,0.9797973632811902,0.0
413,cnn_direct_vector_regression__local_density,CNN + Local density blur,local_density,2,3,1,0.489878896882494,0.029999999999999992,0.7985611510791367,1.0,0.6666666666666667,0,0,6,99,194,16085,0.057142857142312924,0.02999999999985,0.039344261843332444,0.98211669921869,0.02006688963203991
414,cnn_direct_vector_regression__distance_transform,CNN + Distance-to-stroke,distance_transform,3,4,1,0.37121319321406737,0.3117355329427485,0.7796610169491526,0.0,0.75,1,1,6,222,537,15619,0.02631578947356879,0.011049723756885729,0.015564201918050753,0.9536743164061917,0.007843137254891708
414,cnn_direct_vector_regression__local_density,CNN + Local density blur,local_density,3,4,1,0.3595852091684654,0.2373498475348614,0.8888888888888888,0.0,0.75,1,1,7,197,536,15644,0.034313725490027876,0.012891344383033349,0.0187416328023885,0.9552612304686917,0.009459459459446677
415,cnn_direct_vector_regression__distance_transform,CNN + Distance-to-stroke,distance_transform,5,5,0,0.4169333074703291,0.2728689956802292,0.9707112970711297,0.0,1.0,1,0,17,218,651,15498,0.07234042553160706,0.025449101796369087,0.037652269825292586,0.9469604492186922,0.019187358916456898
415,cnn_direct_vector_regression__local_density,CNN + Local density blur,local_density,5,5,0,0.3109344827586207,0.122,0.7801724137931034,0.0,1.0,1,0,5,170,663,15546,0.02857142857126531,0.007485029940108555,0.011862395875010034,0.949157714843692,0.005966587112164717
416,cnn_direct_vector_regression__distance_transform,CNN + Distance-to-stroke,distance_transform,2,2,0,0.3072319734345351,0.09973118279569891,0.8117647058823529,0.0,1.0,0,1,9,59,257,16059,0.1323529411745242,0.033834586466038215,0.053892215244254006,0.9807128906249402,0.027692307692222487
416,cnn_direct_vector_regression__local_density,CNN + Local density blur,local_density,2,2,0,0.481008064516129,0.024462365591397823,0.6,1.0,1.0,0,0,9,40,257,16078,0.18367346938400667,0.033834586466038215,0.05714285687977829,0.98187255859369,0.02941176470578624
417,cnn_direct_vector_regression__distance_transform,CNN + Distance-to-stroke,distance_transform,5,5,0,0.3180762430939227,0.15066666666666667,0.7513812154696132,0.0,1.0,0,2,8,127,226,16023,0.05925925925882031,0.034188034187888086,0.04336043314009151,0.9784545898436903,0.022160664819883213
417,cnn_direct_vector_regression__local_density,CNN + Local density blur,local_density,5,5,0,0.3599895596360091,0.17259803921568626,0.9116022099447514,0.0,1.0,0,1,6,137,228,16013,0.04195804195774855,0.025641025640916065,0.03183023825575358,0.9777221679686903,0.01617250673850088
418,cnn_direct_vector_regression__distance_transform,CNN + Distance-to-stroke,distance_transform,1,1,0,0.5670000000000001,0.26,0.5,1.0,1.0,0,0,0,27,68,16289,0.0,0.0,0.0,0.9942016601561893,0.0
418,cnn_direct_vector_regression__local_density,CNN + Local density blur,local_density,1,1,0,0.49827586206896557,0.0,0.7413793103448276,1.0,1.0,0,0,5,29,63,16287,0.1470588235250865,0.07352941176362457,0.09803921523990773,0.9943847656249393,0.05154639175204591
419,cnn_direct_vector_regression__distance_transform,CNN + Distance-to-stroke,distance_transform,3,4,1,0.5404861111111112,0.05416666666666666,0.9555555555555556,1.0,0.75,0,0,0,159,317,15908,0.0,0.0,0.0,0.9709472656249407,0.0
419,cnn_direct_vector_regression__local_density,CNN + Local density blur,local_density,3,4,1,0.568240291262136,0.16944444444444448,0.8349514563106796,1.0,0.75,0,0,5,188,312,15879,0.025906735751161106,0.01577287066241081,0.019607842666735882,0.9694824218749408,0.009900990098990295
420,cnn_direct_vector_regression__distance_transform,CNN + Distance-to-stroke,distance_transform,2,3,1,0.33764247311827955,0.195,0.9161290322580645,0.0,0.6666666666666667,0,1,14,138,336,15896,0.09210526315728879,0.03999999999988572,0.05577689200784116,0.9710693359374407,0.02868852459010515
420,cnn_direct_vector_regression__local_density,CNN + Local density blur,local_density,2,2,0,0.5901901408450704,0.13,0.9084507042253521,1.0,1.0,0,0,0,131,350,15903,0.0,0.0,0.0,0.9706420898436907,0.0
421,cnn_direct_vector_regression__distance_transform,CNN + Distance-to-stroke,distance_transform,3,3,0,0.5178568075117371,0.04333333333333333,0.7417840375586855,1.0,1.0,0,0,2,206,263,15913,0.009615384615338387,0.007547169811292275,0.008456659126675606,0.9713745117186907,0.004246284501052556
421,cnn_direct_vector_regression__local_density,CNN + Local density blur,local_density,3,4,1,0.6076829268292683,0.2,0.9634146341463414,1.0,0.75,0,0,11,153,254,15966,0.06707317073129834,0.04150943396210751,0.05128205080952614,0.9751586914061905,0.026315789473621256
422,cnn_direct_vector_regression__distance_transform,CNN + Distance-to-stroke,distance_transform,1,1,0,0.4772727272727273,0.0,0.6363636363636364,1.0,1.0,0,0,2,31,66,16285,0.06060606060422406,0.029411764705449827,0.0396039599552985,0.9940795898436893,0.02020202020181614
422,cnn_direct_vector_regression__local_density,CNN + Local density blur,local_density,1,1,0,0.5325,0.016666666666666646,0.875,1.0,1.0,0,0,4,17,64,16299,0.1904761904671202,0.058823529410899654,0.08988764008685772,0.9950561523436893,0.04705882352885813
423,cnn_direct_vector_regression__distance_transform,CNN + Distance-to-stroke,distance_transform,4,4,0,0.5078130592514783,0.31428112139917697,0.8319327731092436,0.4,1.0,2,1,14,174,486,15710,0.07446808510598688,0.027999999999944,0.0406976740213122,0.9597167968749414,0.02077151335308491
423,cnn_direct_vector_regression__local_density,CNN + Local density blur,local_density,4,4,0,0.3762425595238096,0.18530092592592592,0.7142857142857143,0.2,1.0,2,2,4,154,496,15730,0.025316455696042302,0.007999999999984,0.012158054346282846,0.9603271484374414,0.0061162079510609845
424,cnn_direct_vector_regression__distance_transform,CNN + Distance-to-stroke,distance_transform,1,1,0,0.5214285714285715,0.0,0.8571428571428572,1.0,1.0,0,0,0,12,13,16359,0.0,0.0,0.0,0.998474121093689,0.0
424,cnn_direct_vector_regression__local_density,CNN + Local density blur,local_density,1,1,0,0.4642857142857143,0.0,0.5714285714285714,1.0,1.0,0,0,0,17,13,16354,0.0,0.0,0.0,0.998168945312439,0.0
425,cnn_direct_vector_regression__distance_transform,CNN + Distance-to-stroke,distance_transform,2,2,0,0.5475308641975308,0.0,0.9876543209876543,1.0,1.0,0,0,0,65,158,16161,0.0,0.0,0.0,0.9863891601561897,0.0
425,cnn_direct_vector_regression__local_density,CNN + Local density blur,local_density,2,2,0,0.5325,0.0,0.9125,1.0,1.0,0,0,0,61,158,16165,0.0,0.0,0.0,0.9866333007811897,0.0
426,cnn_direct_vector_regression__distance_transform,CNN + Distance-to-stroke,distance_transform,4,4,0,0.36778304747054746,0.16023860398860398,0.9783783783783784,0.0,1.0,1,0,13,166,383,15822,0.07262569832361662,0.03282828282819993,0.045217390875402656,0.9664916992186909,0.02313167259782361
426,cnn_direct_vector_regression__local_density,CNN + Local density blur,local_density,4,4,0,0.3172278225806452,0.050231481481481474,0.9731182795698925,0.0,1.0,1,0,23,154,373,15834,0.12994350282412462,0.05808080808066141,0.08027923168445067,0.9678344726561909,0.04181818181810579
427,cnn_direct_vector_regression__distance_transform,CNN + Distance-to-stroke,distance_transform,5,5,0,0.5430515216585297,0.0281726441840639,0.9018691588785047,1.0,1.0,0,0,6,207,527,15644,0.028169014084374795,0.01125703564725843,0.016085790476676333,0.9552001953124417,0.008108108108097152
427,cnn_direct_vector_regression__local_density,CNN + Local density blur,local_density,5,5,0,0.6312307685004533,0.22224469160768454,0.9061032863849765,1.0,1.0,0,0,0,216,533,15635,0.0,0.0,0.0,0.9542846679686917,0.0
428,cnn_direct_vector_regression__distance_transform,CNN + Distance-to-stroke,distance_transform,3,3,0,0.7072547681983642,0.3553809663667352,0.9866666666666667,1.0,1.0,0,0,11,130,332,15911,0.07801418439660983,0.032069970845387555,0.04545454504145039,0.9718017578124407,0.023255813953439206
428,cnn_direct_vector_regression__local_density,CNN + Local density blur,local_density,3,3,0,0.3754849756522428,0.22904707233065438,0.8620689655172413,0.0,1.0,0,1,8,159,335,15882,0.047904191616479616,0.023323615160281856,0.031372548579031156,0.9698486328124408,0.015936254980047936
429,cnn_direct_vector_regression__distance_transform,CNN + Distance-to-stroke,distance_transform,5,5,0,0.590342985020095,0.1239648033126294,0.9227941176470589,1.0,1.0,0,0,40,220,683,15441,0.15384615384556213,0.055325034578070094,0.08138351944799124,0.9448852539061923,0.04241781548245767
429,cnn_direct_vector_regression__local_density,CNN + Local density blur,local_density,5,5,0,0.5483821430767509,0.04244283233523216,0.896414342629482,1.0,1.0,0,0,22,198,701,15463,0.09999999999954545,0.03042876901793855,0.04665959667291389,0.9451293945311923,0.023887079261646158
430,cnn_direct_vector_regression__distance_transform,CNN + Distance-to-stroke,distance_transform,5,4,1,0.3316751525471832,0.21177011494252873,0.7818930041152263,0.0,0.8,3,1,12,167,375,15830,0.06703910614487688,0.031007751937904372,0.04240282642249873,0.9669189453124409,0.021660649819455487
430,cnn_direct_vector_regression__local_density,CNN + Local density blur,local_density,5,5,0,0.3573494778303208,0.13475924200062128,0.9835390946502057,0.0,1.0,3,2,14,215,373,15782,0.06113537117877234,0.03617571059422177,0.045454544987292345,0.9641113281249412,0.023255813953449743
431,cnn_direct_vector_regression__distance_transform,CNN + Distance-to-stroke,distance_transform,2,2,0,0.8244521276595745,0.6950000000000001,0.8085106382978724,1.0,1.0,0,0,0,78,198,16108,0.0,0.0,0.0,0.9831542968749399,0.0
431,cnn_direct_vector_regression__local_density,CNN + Local density blur,local_density,2,2,0,0.5568989361702128,0.195,0.5957446808510638,1.0,1.0,0,0,10,48,188,16138,0.17241379310047564,0.05050505050479543,0.07812499964892579,0.9855957031249398,0.0406504065038998
432,cnn_direct_vector_regression__distance_transform,CNN + Distance-to-stroke,distance_transform,5,5,0,0.3296871501364268,0.12648266018840792,0.863849765258216,0.0,1.0,0,2,8,168,508,15700,0.04545454545428719,0.015503875968962202,0.023121386903872505,0.9587402343749415,0.011695906432731438
432,cnn_direct_vector_regression__local_density,CNN + Local density blur,local_density,5,4,1,0.29578539697375716,0.1268887799208165,0.7934272300469484,0.0,0.8,0,2,3,158,513,15710,0.018633540372555074,0.005813953488360826,0.008862628884133465,0.9590454101561915,0.004451038575661052
433,cnn_direct_vector_regression__distance_transform,CNN + Distance-to-stroke,distance_transform,3,3,0,0.41154385964912277,0.2800389863547758,0.9276315789473684,0.0,1.0,1,0,7,125,357,15895,0.05303030302990129,0.0192307692307164,0.028225806060890354,0.9705810546874407,0.0143149284253286
433,cnn_direct_vector_regression__local_density,CNN + Local density blur,local_density,3,3,0,0.4074561403508772,0.2651072124756335,0.9407894736842105,0.0,1.0,1,0,12,133,352,15887,0.08275862068908443,0.0329670329669424,0.04715127660612706,0.9703979492186907,0.02414486921524317
434,cnn_direct_vector_regression__distance_transform,CNN + Distance-to-stroke,distance_transform,5,4,1,0.20380952380952383,0.0,0.6190476190476191,0.0,0.8,1,0,4,129,569,15682,0.030075187969698686,0.006980802792308934,0.011331444453382187,0.9573974609374415,0.0056980056979975815
434,cnn_direct_vector_regression__local_density,CNN + Local density blur,local_density,5,5,0,0.28101148121315594,0.0665163211611299,0.7553956834532374,0.0,1.0,1,2,33,232,540,15579,0.12452830188632254,0.05759162303654871,0.07875894944802377,0.9528808593749418,0.04099378881982485
435,cnn_direct_vector_regression__distance_transform,CNN + Distance-to-stroke,distance_transform,1,1,0,0.446969696969697,0.0,0.48484848484848486,1.0,1.0,0,0,6,24,28,16326,0.19999999999333334,0.17647058823010384,0.18749999949609375,0.9968261718749392,0.10344827586028538
435,cnn_direct_vector_regression__local_density,CNN + Local density blur,local_density,1,1,0,0.5540277777777778,0.05833333333333331,0.8888888888888888,1.0,1.0,0,0,0,18,34,16332,0.0,0.0,0.0,0.9968261718749392,0.0
436,cnn_direct_vector_regression__distance_transform,CNN + Distance-to-stroke,distance_transform,2,2,0,0.5277814960629921,0.0661111111111111,0.7401574803149606,1.0,1.0,0,0,4,89,125,16166,0.04301075268770956,0.03100775193774413,0.03603603554885968,0.9869384765624397,0.01834862385312684
436,cnn_direct_vector_regression__local_density,CNN + Local density blur,local_density,2,2,0,0.4807086614173228,0.0,0.6535433070866141,1.0,1.0,0,0,6,75,123,16180,0.07407407407315958,0.04651162790661619,0.057142856668435375,0.9879150390624397,0.02941176470573818
437,cnn_direct_vector_regression__distance_transform,CNN + Distance-to-stroke,distance_transform,1,1,0,0.4833333333333334,0.0,0.6666666666666667,1.0,1.0,0,0,8,27,73,16276,0.22857142856489798,0.0987654320975461,0.13793103405900714,0.9938964843749393,0.0740740740733882
437,cnn_direct_vector_regression__local_density,CNN + Local density blur,local_density,1,1,0,0.5,0.0,0.75,1.0,1.0,0,0,4,11,77,16292,0.2666666666488889,0.04938271604877305,0.08333333306792534,0.9946289062499393,0.04347826086909263
438,cnn_direct_vector_regression__distance_transform,CNN + Distance-to-stroke,distance_transform,5,5,0,0.3288368457554599,0.07699105419147836,0.970954356846473,0.0,1.0,1,1,34,192,676,15482,0.15044247787544052,0.047887323943594524,0.07264957228311053,0.9470214843749422,0.03769401330372761
438,cnn_direct_vector_regression__local_density,CNN + Local density blur,local_density,5,5,0,0.2878691936083241,0.04521739130434782,0.8376068376068376,0.0,1.0,1,2,10,163,700,15511,0.05780346820775836,0.014084507042233683,0.022650056310015917,0.9473266601561922,0.01145475372278184
439,cnn_direct_vector_regression__distance_transform,CNN + Distance-to-stroke,distance_transform,1,1,0,0.5233333333333333,0.0,0.8666666666666667,1.0,1.0,0,0,0,27,83,16274,0.0,0.0,0.0,0.9932861328124394,0.0
439,cnn_direct_vector_regression__local_density,CNN + Local density blur,local_density,1,1,0,0.4905405405405405,0.0,0.7027027027027026,1.0,1.0,0,0,0,38,83,16263,0.0,0.0,0.0,0.9926147460936894,0.0
440,cnn_direct_vector_regression__distance_transform,CNN + Distance-to-stroke,distance_transform,4,4,0,0.2751466414641207,0.04624164871275924,0.771689497716895,0.0,1.0,1,0,1,156,516,15711,0.006369426751551788,0.0019342359767854271,0.002967358693080902,0.9589843749999415,0.0014858841010379111
440,cnn_direct_vector_regression__local_density,CNN + Local density blur,local_density,4,4,0,0.3337778393695796,0.12544423143757216,0.8866396761133604,0.0,1.0,1,3,15,213,502,15654,0.06578947368392198,0.029013539651781405,0.04026845595097159,0.9563598632811916,0.020547945205451303
441,cnn_direct_vector_regression__distance_transform,CNN + Distance-to-stroke,distance_transform,1,1,0,0.5708333333333333,0.09074074074074075,0.9,1.0,1.0,0,0,0,51,144,16189,0.0,0.0,0.0,0.9880981445311897,0.0
441,cnn_direct_vector_regression__local_density,CNN + Local density blur,local_density,1,1,0,0.5963888888888889,0.1425925925925926,0.9111111111111111,1.0,1.0,0,0,16,26,128,16214,0.3809523809433107,0.11111111111033951,0.17204301040120248,0.9906005859374395,0.0941176470582699
442,cnn_direct_vector_regression__distance_transform,CNN + Distance-to-stroke,distance_transform,3,3,0,0.3100371145793681,0.0536036036036036,0.9295774647887324,0.0,1.0,0,1,9,118,190,16067,0.07086614173172547,0.04522613065303907,0.055214723450430964,0.98120117187494,0.028391167192339462
442,cnn_direct_vector_regression__local_density,CNN + Local density blur,local_density,3,3,0,0.3637210655235763,0.18855072463768116,0.8943661971830986,0.0,1.0,0,2,35,78,164,16107,0.30973451327159524,0.17587939698404081,0.22435897389552514,0.9852294921874398,0.12635379061326227
443,cnn_direct_vector_regression__distance_transform,CNN + Distance-to-stroke,distance_transform,3,4,1,0.27751724137931033,0.08222222222222222,0.8275862068965517,0.0,0.75,1,2,18,123,514,15729,0.12765957446717974,0.03383458646610182,0.0534918273060546,0.9611206054686913,0.027480916030492394
443,cnn_direct_vector_regression__local_density,CNN + Local density blur,local_density,3,4,1,0.3197651933701658,0.11666666666666667,0.9613259668508287,0.0,0.75,1,3,24,146,508,15706,0.14117647058740485,0.04511278195480242,0.0683760680088311,0.9600830078124414,0.035398230088443366
444,cnn_direct_vector_regression__distance_transform,CNN + Distance-to-stroke,distance_transform,3,5,2,0.38057279053858334,0.2883557104233929,0.9540636042402827,0.0,0.6,0,4,11,240,468,15665,0.04382470119504452,0.022964509394524085,0.030136985850061936,0.9567871093749416,0.015299026425569821
444,cnn_direct_vector_regression__local_density,CNN + Local density blur,local_density,3,5,2,0.2741693031117275,0.04427710843373494,0.9712230215827338,0.0,0.6,0,4,5,255,474,15650,0.019230769230695267,0.01043841336114731,0.013531799273237999,0.9555053710936916,0.006811989100808158
445,cnn_direct_vector_regression__distance_transform,CNN + Distance-to-stroke,distance_transform,3,3,0,0.48218421052631577,0.4633333333333333,0.868421052631579,0.0,1.0,1,0,1,101,247,16035,0.009803921568531333,0.00403225806449987,0.005714285301257172,0.9787597656249403,0.0028653295128857727
445,cnn_direct_vector_regression__local_density,CNN + Local density blur,local_density,3,2,1,0.3012817982456141,0.178287037037037,0.7719298245614035,0.0,0.6666666666666667,1,0,1,87,247,16049,0.011363636363507231,0.00403225806449987,0.0059523805657242315,0.9796142578124402,0.0029850746268567613
446,cnn_direct_vector_regression__distance_transform,CNN + Distance-to-stroke,distance_transform,4,4,0,0.26113093789298614,0.024289188178077056,0.751004016064257,0.0,1.0,2,0,8,179,414,15783,0.04278074866287283,0.01895734597151906,0.02627257757108076,0.9638061523436912,0.013311148086500314
446,cnn_direct_vector_regression__local_density,CNN + Local density blur,local_density,4,5,1,0.2578447121820616,0.08641975308641975,0.6947791164658634,0.0,0.8,2,0,9,159,413,15803,0.0535714285711097,0.02132701421795894,0.030508474168836546,0.965087890624941,0.015490533562796057
447,cnn_direct_vector_regression__distance_transform,CNN + Distance-to-stroke,distance_transform,3,3,0,0.2836559734513274,0.006944444444444436,0.9026548672566371,0.0,1.0,1,0,5,98,329,15952,0.04854368931991705,0.014970059880194701,0.022883294834114443,0.9739379882811905,0.011574074074047282
447,cnn_direct_vector_regression__local_density,CNN + Local density blur,local_density,3,3,0,0.2253650442477876,0.05833333333333333,0.49557522123893805,0.0,1.0,1,0,9,44,325,16006,0.169811320751513,0.02694610778435046,0.04651162767034567,0.9774780273436903,0.02380952380946082
448,cnn_direct_vector_regression__distance_transform,CNN + Distance-to-stroke,distance_transform,1,1,0,0.5152173913043478,0.0,0.8260869565217391,1.0,1.0,0,0,3,20,17,16344,0.13043478260302457,0.1499999999925,0.13953488321687396,0.997741699218689,0.07499999999812501
448,cnn_direct_vector_regression__local_density,CNN + Local density blur,local_density,1,1,0,0.5453421052631579,0.12999999999999998,0.6842105263157895,1.0,1.0,0,0,7,7,13,16357,0.49999999996428574,0.3499999999825,0.41176470537370236,0.998779296874939,0.25925925924965704
449,cnn_direct_vector_regression__distance_transform,CNN + Distance-to-stroke,distance_transform,3,3,0,0.5767700600919052,0.08478260869565218,0.943089430894309,1.0,1.0,0,0,44,71,310,15959,0.38260869564884686,0.12429378531038335,0.18763326188917126,0.9767456054686904,0.10352941176446229
449,cnn_direct_vector_regression__local_density,CNN + Local density blur,local_density,3,4,1,0.26833333333333337,0.0,0.9666666666666667,0.0,0.75,0,1,3,102,351,15928,0.028571428571156462,0.008474576271162501,0.013071895071923913,0.9723510742186906,0.0065789473684066254
450,cnn_direct_vector_regression__distance_transform,CNN + Distance-to-stroke,distance_transform,4,5,1,0.29715686274509806,0.07647058823529412,0.9137254901960784,0.0,0.8,2,3,16,198,279,15891,0.07476635513983755,0.054237288135409366,0.06286836886408498,0.9708862304686907,0.032454361054700905
450,cnn_direct_vector_regression__local_density,CNN + Local density blur,local_density,4,5,1,0.25190671856978086,0.0770040369088812,0.6862745098039216,0.0,0.8,2,0,10,153,285,15936,0.06134969325115737,0.033898305084630855,0.04366812181208406,0.9732666015624406,0.022321428571378747
451,cnn_direct_vector_regression__distance_transform,CNN + Distance-to-stroke,distance_transform,2,2,0,0.6758416491596638,0.346875,0.8487394957983193,1.0,1.0,0,0,1,97,113,16173,0.010204081632548937,0.008771929824484456,0.009433961766909959,0.9871826171874397,0.004739336492868534
451,cnn_direct_vector_regression__local_density,CNN + Local density blur,local_density,2,2,0,0.5237486869747899,0.09479166666666666,0.6554621848739496,1.0,1.0,0,0,2,65,112,16205,0.02985074626821118,0.017543859648968912,0.02209944704728184,0.9891967773436896,0.01117318435747948
452,cnn_direct_vector_regression__distance_transform,CNN + Distance-to-stroke,distance_transform,4,5,1,0.2620483533219113,0.11328976034858387,0.6553398058252426,0.0,0.8,2,2,17,100,488,15779,0.14529914529790341,0.033663366336567004,0.054662379115605716,0.9641113281249412,0.028099173553672564
452,cnn_direct_vector_regression__local_density,CNN + Local density blur,local_density,4,4,0,0.29809196332254584,0.05401234567901234,0.8689320388349515,0.0,1.0,2,1,20,134,485,15745,0.12987012986928656,0.03960396039596118,0.06069802695577288,0.9622192382811913,0.03129890453829218
453,cnn_direct_vector_regression__distance_transform,CNN + Distance-to-stroke,distance_transform,2,2,0,0.5431034482758621,0.0,0.9655172413793104,1.0,1.0,0,0,6,71,146,16161,0.07792207792106594,0.039473684210266625,0.052401746278064876,0.9867553710936897,0.026905829596291904
453,cnn_direct_vector_regression__local_density,CNN + Local density blur,local_density,2,2,0,0.5499097542242704,0.13736559139784946,0.6904761904761905,1.0,1.0,0,0,1,51,151,16181,0.01923076923039941,0.006578947368377771,0.009803921188677449,0.9876708984374397,0.00492610837435997
454,cnn_direct_vector_regression__distance_transform,CNN + Distance-to-stroke,distance_transform,4,4,0,0.3397938509362469,0.10150267528316309,0.9705882352941176,0.0,1.0,1,1,2,197,260,15925,0.010050251256230904,0.007633587786230406,0.00867678909715278,0.9721069335936906,0.004357298474936041
454,cnn_direct_vector_regression__local_density,CNN + Local density blur,local_density,4,5,1,0.43448147182006586,0.34778149742281733,0.98989898989899,0.0,0.8,1,0,5,172,257,15950,0.028248587570461874,0.019083969465576014,0.022779042798823177,0.9738159179686905,0.011520737327162394
455,cnn_direct_vector_regression__distance_transform,CNN + Distance-to-stroke,distance_transform,5,5,0,0.3539246933073783,0.169889534615562,0.8873720136518771,0.0,1.0,1,3,26,220,721,15417,0.10569105691013947,0.03480589022753038,0.052366565588902785,0.9425659179686925,0.026887280248162476
455,cnn_direct_vector_regression__local_density,CNN + Local density blur,local_density,5,5,0,0.33472049304132057,0.0860752688172043,0.979933110367893,0.0,1.0,1,1,27,246,720,15391,0.09890109890073663,0.036144578313204626,0.05294117607846021,0.9410400390624425,0.027190332326256606
456,cnn_direct_vector_regression__distance_transform,CNN + Distance-to-stroke,distance_transform,1,1,0,0.7075,0.35,1.0,1.0,1.0,0,0,1,12,26,16345,0.07692307691715976,0.03703703703566529,0.04999999955875,0.997680664062439,0.02564102564036818
456,cnn_direct_vector_regression__local_density,CNN + Local density blur,local_density,1,1,0,0.5151666666666667,0.12999999999999998,0.5333333333333333,1.0,1.0,0,0,10,18,17,16339,0.357142857130102,0.37037037035665293,0.3636363631233058,0.997863769531189,0.22222222221728397
457,cnn_direct_vector_regression__distance_transform,CNN + Distance-to-stroke,distance_transform,4,5,1,0.32520219728845257,0.11956521739130434,0.956989247311828,0.0,0.8,2,1,26,238,554,15566,0.09848484848447545,0.044827586206819266,0.06161137397752747,0.9516601562499419,0.031784841075755764
457,cnn_direct_vector_regression__local_density,CNN + Local density blur,local_density,4,5,1,0.3949463826554465,0.2602153784219002,0.989247311827957,0.0,0.8,2,2,34,219,546,15585,0.13438735177812497,0.05862068965507135,0.081632652638079,0.9533081054686918,0.042553191489308445
458,cnn_direct_vector_regression__distance_transform,CNN + Distance-to-stroke,distance_transform,2,2,0,0.575625,0.175,0.734375,1.0,1.0,0,0,0,62,113,16209,0.0,0.0,0.0,0.9893188476561896,0.0
458,cnn_direct_vector_regression__local_density,CNN + Local density blur,local_density,2,2,0,0.5307692307692308,0.0,0.9038461538461539,1.0,1.0,0,0,0,53,113,16218,0.0,0.0,0.0,0.9898681640624396,0.0
459,cnn_direct_vector_regression__distance_transform,CNN + Distance-to-stroke,distance_transform,1,1,0,0.49634146341463414,0.0,0.7317073170731707,1.0,1.0,0,0,6,31,58,16289,0.16216216215777943,0.09374999999853516,0.1188118807214979,0.9945678710936893,0.06315789473617728
459,cnn_direct_vector_regression__local_density,CNN + Local density blur,local_density,1,1,0,0.51,0.0,0.8,1.0,1.0,0,0,5,18,59,16302,0.21739130433837428,0.0781249999987793,0.11494252834403487,0.9953002929686893,0.06097560975535395
460,cnn_direct_vector_regression__distance_transform,CNN + Distance-to-stroke,distance_transform,1,1,0,0.6131603773584905,0.17389937106918238,0.9245283018867925,1.0,1.0,0,0,5,44,49,16286,0.10204081632444816,0.09259259259087792,0.09708737814006976,0.9943237304686893,0.05102040816274469
460,cnn_direct_vector_regression__local_density,CNN + Local density blur,local_density,1,1,0,0.6131603773584905,0.17389937106918238,0.9245283018867925,1.0,1.0,0,0,0,49,54,16281,0.0,0.0,0.0,0.9937133789061893,0.0
461,cnn_direct_vector_regression__distance_transform,CNN + Distance-to-stroke,distance_transform,2,2,0,0.582244623655914,0.11944444444444444,0.8924731182795699,1.0,1.0,0,0,3,86,82,16213,0.033707865168160586,0.0352941176466436,0.034482758120557545,0.9897460937499396,0.01754385964902021
461,cnn_direct_vector_regression__local_density,CNN + Local density blur,local_density,2,2,0,0.5324175824175824,0.0,0.9120879120879121,1.0,1.0,0,0,2,78,83,16221,0.024999999999687498,0.023529411764429065,0.024242423742589538,0.9901733398436895,0.012269938650231474
462,cnn_direct_vector_regression__distance_transform,CNN + Distance-to-stroke,distance_transform,4,4,0,0.3605186934458303,0.17609355044699873,0.9063829787234042,0.0,1.0,0,1,48,182,609,15545,0.20869565217300567,0.0730593607304824,0.10822998834167079,0.9517211914061919,0.057210965434973525
462,cnn_direct_vector_regression__local_density,CNN + Local density blur,local_density,4,5,1,0.3083341030377668,0.08479007024265643,0.9508928571428571,0.0,0.8,0,3,41,180,616,15547,0.18552036199011077,0.06240487062395372,0.09339407707183182,0.9514160156249419,0.04898446833924853
463,cnn_direct_vector_regression__distance_transform,CNN + Distance-to-stroke,distance_transform,2,2,0,0.5402097902097902,0.0,0.951048951048951,1.0,1.0,0,0,3,104,354,15923,0.02803738317730806,0.008403361344514276,0.012931034127851898,0.9720458984374406,0.006507592190875255
463,cnn_direct_vector_regression__local_density,CNN + Local density blur,local_density,2,3,1,0.28717010900745843,0.10714285714285714,0.8614457831325302,0.0,0.6666666666666667,0,2,16,134,341,15893,0.10666666666595556,0.04481792717074281,0.06311637039177745,0.9710083007811907,0.03258655804474015
464,cnn_direct_vector_regression__distance_transform,CNN + Distance-to-stroke,distance_transform,3,3,0,0.6281495098039216,0.18935185185185185,0.9647058823529412,1.0,1.0,0,0,0,165,384,15835,0.0,0.0,0.0,0.9664916992186909,0.0
464,cnn_direct_vector_regression__local_density,CNN + Local density blur,local_density,3,3,0,0.5556952519379845,0.01782407407407407,0.9883720930232558,1.0,1.0,0,0,0,173,384,15827,0.0,0.0,0.0,0.966003417968691,0.0
465,cnn_direct_vector_regression__distance_transform,CNN + Distance-to-stroke,distance_transform,1,1,0,0.6358888888888888,0.26,0.8444444444444444,1.0,1.0,0,0,29,10,111,16234,0.7435897435706772,0.20714285714137756,0.32402234602428137,0.9926147460936894,0.19333333333204447
465,cnn_direct_vector_regression__local_density,CNN + Local density blur,local_density,1,1,0,0.8026111111111112,0.6107407407407408,0.8888888888888888,1.0,1.0,0,0,0,41,140,16203,0.0,0.0,0.0,0.9889526367186896,0.0
466,cnn_direct_vector_regression__distance_transform,CNN + Distance-to-stroke,distance_transform,1,1,0,0.48043478260869565,0.0,0.6521739130434783,1.0,1.0,0,0,0,22,16,16346,0.0,0.0,0.0,0.997680664062439,0.0
466,cnn_direct_vector_regression__local_density,CNN + Local density blur,local_density,1,1,0,0.6609705882352941,0.2988888888888889,0.8823529411764706,1.0,1.0,0,0,0,18,16,16350,0.0,0.0,0.0,0.997924804687439,0.0
467,cnn_direct_vector_regression__distance_transform,CNN + Distance-to-stroke,distance_transform,4,4,0,0.423399486656744,0.274221081459431,1.0,0.0,1.0,1,1,1,158,272,15953,0.006289308176061074,0.0036630036629902453,0.004629629164426916,0.9737548828124405,0.0023201856148438046
467,cnn_direct_vector_regression__local_density,CNN + Local density blur,local_density,4,4,0,0.31407379518072287,0.0875,0.8734939759036144,0.0,1.0,1,2,4,117,269,15994,0.03305785123939622,0.014652014651960981,0.02030456810223145,0.9764404296874404,0.010256410256383958
468,cnn_direct_vector_regression__distance_transform,CNN + Distance-to-stroke,distance_transform,5,4,1,0.5509321678321679,0.11800000000000001,0.8391608391608392,1.0,0.8,0,0,6,135,339,15904,0.04255319148905991,0.01739130434777568,0.024691357612686083,0.9710693359374407,0.012499999999973959
468,cnn_direct_vector_regression__local_density,CNN + Local density blur,local_density,5,5,0,0.6303824817518248,0.2337777777777778,0.8759124087591241,1.0,1.0,0,0,21,116,324,15923,0.15328467153172787,0.06086956521721487,0.0871369290533307,0.9731445312499406,0.04555314533612678
469,cnn_direct_vector_regression__distance_transform,CNN + Distance-to-stroke,distance_transform,3,4,1,0.4008736996834012,0.31786195286195285,0.914179104477612,0.0,0.75,1,1,16,223,612,15533,0.06694560669428057,0.025477707006328856,0.0369088808001075,0.949035644531192,0.018801410105735838
469,cnn_direct_vector_regression__local_density,CNN + Local density blur,local_density,3,4,1,0.3141940298507463,0.17333333333333334,0.8059701492537313,0.0,0.75,1,0,6,197,622,15559,0.029556650246159822,0.009554140127373321,0.014440432843742995,0.9500122070311919,0.007272727272718458
470,cnn_direct_vector_regression__distance_transform,CNN + Distance-to-stroke,distance_transform,3,3,0,0.5575632530120482,0.06499999999999999,0.891566265060241,1.0,1.0,0,0,2,82,102,16198,0.02380952380924036,0.019230769230584317,0.021276595250113182,0.9887695312499396,0.010752688171985202
470,cnn_direct_vector_regression__local_density,CNN + Local density blur,local_density,3,3,0,0.5409697478991596,0.148,0.6218487394957983,1.0,1.0,0,0,6,104,98,16176,0.054545454544958676,0.05769230769175296,0.05607476585500917,0.9876708984374397,0.028846153846015164
471,cnn_direct_vector_regression__distance_transform,CNN + Distance-to-stroke,distance_transform,5,5,0,0.3675787102892366,0.13315789473684211,0.954954954954955,0.06666666666666665,1.0,1,3,12,182,429,15761,0.061855670102773944,0.027210884353679795,0.037795275166083456,0.9627075195311913,0.019261637239134412
471,cnn_direct_vector_regression__local_density,CNN + Local density blur,local_density,5,5,0,0.4431873247208221,0.1905252096192562,0.8705882352941177,0.3333333333333333,1.0,1,3,4,233,437,15710,0.016877637130730476,0.009070294784559932,0.011799409574729617,0.9591064453124414,0.0059347181008814025
472,cnn_direct_vector_regression__distance_transform,CNN + Distance-to-stroke,distance_transform,5,5,0,0.3720736754966888,0.2263888888888889,0.8509933774834437,0.0,1.0,2,2,14,236,742,15392,0.055999999999776,0.018518518518494023,0.027833001614511747,0.9403076171874426,0.014112903225792225
472,cnn_direct_vector_regression__local_density,CNN + Local density blur,local_density,5,5,0,0.38709775737507524,0.22739898989898988,0.923841059602649,0.0,1.0,2,0,86,191,670,15437,0.3104693140783016,0.11375661375646329,0.16650532390534623,0.9474487304686922,0.09081309398089671
473,cnn_direct_vector_regression__distance_transform,CNN + Distance-to-stroke,distance_transform,4,4,0,0.5786174654150198,0.16460446859903383,0.7727272727272727,1.0,1.0,0,0,21,143,443,15777,0.1280487804870241,0.04525862068955763,0.06687898050560875,0.9642333984374412,0.034596375617735424
473,cnn_direct_vector_regression__local_density,CNN + Local density blur,local_density,4,4,0,0.2847289907473949,0.024833937198067632,0.8677685950413223,0.0,1.0,0,1,11,189,453,15731,0.054999999999725005,0.023706896551673046,0.03313252969942118,0.9608154296874414,0.016845329249591354
474,cnn_direct_vector_regression__distance_transform,CNN + Distance-to-stroke,distance_transform,3,3,0,0.5117550576668558,0.021815718157181564,0.7596899224806202,1.0,1.0,0,0,3,97,185,16099,0.0299999999997,0.01595744680842576,0.02083333287987077,0.9827880859374399,0.01052631578943675
474,cnn_direct_vector_regression__local_density,CNN + Local density blur,local_density,3,4,1,0.31243962219033955,0.10607497741644083,0.9485294117647058,0.0,0.75,0,1,6,126,182,16070,0.045454545454201106,0.03191489361685152,0.03749999951507814,0.98120117187494,0.019108280254716215
475,cnn_direct_vector_regression__distance_transform,CNN + Distance-to-stroke,distance_transform,5,5,0,0.3685316636851521,0.22066865434307295,0.8461538461538461,0.0,1.0,0,2,15,270,500,15599,0.05263157894718375,0.029126213592176455,0.03749999954123438,0.9530029296874418,0.019108280254752728
475,cnn_direct_vector_regression__local_density,CNN + Local density blur,local_density,5,5,0,0.3192547935935033,0.1084449958643507,0.8522727272727273,0.0,1.0,0,3,9,197,506,15672,0.043689320388137436,0.01747572815530587,0.024965325527967215,0.9570922851561916,0.012640449438184494
476,cnn_direct_vector_regression__distance_transform,CNN + Distance-to-stroke,distance_transform,2,3,1,0.5231282051282051,0.6410256410256411,0.84,0.0,0.6666666666666667,1,1,18,82,200,16084,0.1799999999982,0.0825688073390708,0.11320754673794549,0.9827880859374399,0.059999999999800005
476,cnn_direct_vector_regression__local_density,CNN + Local density blur,local_density,2,3,1,0.32103589743589744,0.3128205128205128,0.5680000000000001,0.0,0.6666666666666667,1,0,3,68,215,16098,0.04225352112616544,0.013761467889845131,0.020761245303959494,0.98272705078119,0.010489510489473813
477,cnn_direct_vector_regression__distance_transform,CNN + Distance-to-stroke,distance_transform,4,5,1,0.2687132934266998,0.037865497076023394,0.8583690987124464,0.0,0.8,1,0,15,176,426,15767,0.0785340314132014,0.03401360544209974,0.04746835400846719,0.9632568359374412,0.024311183144206952
477,cnn_direct_vector_regression__local_density,CNN + Local density blur,local_density,4,5,1,0.31031527733422654,0.13985178463399878,0.8369098712446352,0.0,0.8,1,1,3,184,438,15759,0.01604278074857731,0.006802721088419949,0.009554139709151506,0.9620361328124413,0.00479999999999232
478,cnn_direct_vector_regression__distance_transform,CNN + Distance-to-stroke,distance_transform,4,4,0,0.6086959822725951,0.17165415415415414,0.907258064516129,1.0,1.0,0,0,19,216,567,15582,0.0808510638294432,0.03242320819107095,0.046285017861679045,0.9522094726561918,0.02369077306730213
478,cnn_direct_vector_regression__local_density,CNN + Local density blur,local_density,4,3,1,0.30974735166200684,0.138519019019019,0.8620689655172413,0.0,0.75,0,1,1,234,585,15564,0.004255319148918062,0.001706484641635313,0.002436053184563025,0.9500122070311919,0.0012195121951204641
479,cnn_direct_vector_regression__distance_transform,CNN + Distance-to-stroke,distance_transform,2,2,0,0.679382530120482,0.325,0.9156626506024097,1.0,1.0,0,0,40,21,243,16080,0.655737704907283,0.14134275618324615,0.23255813924176924,0.9838867187499399,0.13157894736798822
479,cnn_direct_vector_regression__local_density,CNN + Local density blur,local_density,2,2,0,0.5700545977011494,0.06499999999999999,0.9540229885057472,1.0,1.0,0,0,0,73,283,16028,0.0,0.0,0.0,0.9782714843749403,0.0
480,cnn_direct_vector_regression__distance_transform,CNN + Distance-to-stroke,distance_transform,4,5,1,0.3419166666666667,0.17907407407407408,0.9066666666666666,0.0,0.8,2,0,10,179,484,15711,0.052910052909772964,0.020242914979716108,0.029282576466386132,0.9595336914061914,0.01485884101037911
480,cnn_direct_vector_regression__local_density,CNN + Local density blur,local_density,4,5,1,0.3307845188284519,0.13888888888888887,0.9414225941422594,0.0,0.8,2,2,24,198,470,15692,0.10810810810762114,0.04858299595131866,0.0670391057172217,0.9592285156249414,0.034682080924805375
481,cnn_direct_vector_regression__distance_transform,CNN + Distance-to-stroke,distance_transform,5,5,0,0.29237001344688485,0.10217391304347824,0.731958762886598,0.0,1.0,0,2,24,249,329,15782,0.0879120879117659,0.06798866855504819,0.07667731580185058,0.964721679687441,0.039867109634485275
481,cnn_direct_vector_regression__local_density,CNN + Local density blur,local_density,5,4,1,0.2903651487316521,0.0272068511198946,0.9906103286384976,0.0,0.8,0,1,14,169,339,15862,0.07650273224001912,0.03966005665711145,0.052238805520250904,0.9689941406249408,0.02681992337159613
482,cnn_direct_vector_regression__distance_transform,CNN + Distance-to-stroke,distance_transform,3,4,1,0.35875596302921886,0.21919929768766977,0.9255813953488372,0.0,0.75,1,1,42,151,630,15561,0.21761658030975328,0.062499999999907,0.09710982624269436,0.9523315429686918,0.051032806804312235
482,cnn_direct_vector_regression__local_density,CNN + Local density blur,local_density,3,4,1,0.23170505366726296,0.10844017094017094,0.5395348837209302,0.0,0.75,1,0,7,86,665,15626,0.07526881720349173,0.010416666666651166,0.018300653381144005,0.9541625976561917,0.009234828496030034
483,cnn_direct_vector_regression__distance_transform,CNN + Distance-to-stroke,distance_transform,1,1,0,0.4833333333333334,0.0,0.6666666666666667,1.0,1.0,0,0,1,11,13,16359,0.08333333332638888,0.07142857142346938,0.07692307642011834,0.998535156249939,0.0399999999984
483,cnn_direct_vector_regression__local_density,CNN + Local density blur,local_density,1,1,0,0.8829999999999999,0.7399999999999999,1.0,1.0,1.0,0,0,0,14,14,16356,0.0,0.0,0.0,0.998291015624939,0.0
484,cnn_direct_vector_regression__distance_transform,CNN + Distance-to-stroke,distance_transform,1,1,0,0.48750000000000004,0.0,0.6875,1.0,1.0,0,0,13,19,58,16294,0.4062499999873047,0.1830985915467169,0.25242718403280234,0.9953002929686893,0.1444444444428395
484,cnn_direct_vector_regression__local_density,CNN + Local density blur,local_density,1,1,0,0.5045454545454545,0.0,0.7727272727272727,1.0,1.0,0,0,5,12,66,16301,0.2941176470415225,0.07042253521027574,0.11363636332205578,0.9952392578124393,0.06024096385469589
485,cnn_direct_vector_regression__distance_transform,CNN + Distance-to-stroke,distance_transform,5,5,0,0.32061305361305364,0.13749287749287747,0.7937062937062938,0.0,1.0,1,0,26,198,490,15670,0.1160714285709104,0.050387596899127154,0.07027026984793282,0.9580078124999415,0.036414565826279534
485,cnn_direct_vector_regression__local_density,CNN + Local density blur,local_density,5,5,0,0.32676247401247405,0.07448717948717949,0.9662162162162162,0.0,1.0,1,0,20,273,496,15595,0.06825938566529605,0.038759689922405506,0.049443757263456095,0.9530639648436918,0.02534854245877649
486,cnn_direct_vector_regression__distance_transform,CNN + Distance-to-stroke,distance_transform,5,5,0,0.3165128205128205,0.09743589743589742,0.8633333333333333,0.0,1.0,0,2,3,279,399,15703,0.010638297872302702,0.007462686567145616,0.008771929339925133,0.9586181640624415,0.004405286343605866
486,cnn_direct_vector_regression__local_density,CNN + Local density blur,local_density,5,5,0,0.3509312185204011,0.20124378109452734,0.8018575851393188,0.0,1.0,0,2,6,313,396,15669,0.018808777429408122,0.014925373134291231,0.01664355013071306,0.9567260742186916,0.008391608391596654
487,cnn_direct_vector_regression__distance_transform,CNN + Distance-to-stroke,distance_transform,2,2,0,0.5283409090909091,0.06499999999999999,0.7454545454545455,1.0,1.0,0,0,0,43,137,16204,0.0,0.0,0.0,0.9890136718749396,0.0
487,cnn_direct_vector_regression__local_density,CNN + Local density blur,local_density,2,2,0,0.822546992481203,0.6135964912280703,0.9821428571428571,1.0,1.0,0,0,2,55,135,16192,0.03508771929763004,0.014598540145878844,0.020618556285843352,0.9884033203124396,0.010416666666612414
488,cnn_direct_vector_regression__distance_transform,CNN + Distance-to-stroke,distance_transform,1,1,0,0.4913793103448276,0.0,0.7068965517241379,1.0,1.0,0,0,3,37,56,16288,0.07499999999812501,0.05084745762625682,0.060606060123252745,0.9943237304686893,0.03124999999967448
488,cnn_direct_vector_regression__local_density,CNN + Local density blur,local_density,1,1,0,0.47758620689655173,0.0,0.6379310344827587,1.0,1.0,0,0,7,31,52,16294,0.18421052631094184,0.11864406779459925,0.14432989642767563,0.9949340820311893,0.07777777777691358
489,cnn_direct_vector_regression__distance_transform,CNN + Distance-to-stroke,distance_transform,2,2,0,0.4779992492492492,0.0021604938271604836,0.6351351351351351,1.0,1.0,0,0,3,64,46,16271,0.04477611940231677,0.06122448979466889,0.05172413744218193,0.9932861328124394,0.026548672566136737
489,cnn_direct_vector_regression__local_density,CNN + Local density blur,local_density,2,2,0,0.5457959770114943,0.195,0.5402298850574713,1.0,1.0,0,0,1,83,48,16252,0.01190476190462018,0.02040816326488963,0.01503759351936233,0.9920043945311894,0.007575757575700184
490,cnn_direct_vector_regression__distance_transform,CNN + Distance-to-stroke,distance_transform,5,5,0,0.3369587380300958,0.08419771241830064,0.9953488372093023,0.0,1.0,1,1,12,198,649,15525,0.05714285714258504,0.018154311648989178,0.02755453465121448,0.948303222656192,0.01396973224678234
490,cnn_direct_vector_regression__local_density,CNN + Local density blur,local_density,5,5,0,0.4161395821880154,0.2705490196078431,0.9719626168224299,0.0,1.0,1,1,9,196,652,15527,0.043902439024176086,0.013615733736741882,0.020785219038122242,0.948242187499942,0.010501750291703032
491,cnn_direct_vector_regression__distance_transform,CNN + Distance-to-stroke,distance_transform,4,4,0,0.5267681258549932,0.08790849673202615,0.686046511627907,1.0,1.0,0,0,6,106,357,15915,0.05357142857095026,0.016528925619789178,0.025263157534244886,0.9717407226561907,0.012793176972254173
491,cnn_direct_vector_regression__local_density,CNN + Local density blur,local_density,4,5,1,0.48581395348837214,0.0,0.7790697674418605,1.0,0.8,0,0,7,122,356,15899,0.054263565891052225,0.019283746556420706,0.028455284165832186,0.9708251953124407,0.014432989690691891
492,cnn_direct_vector_regression__distance_transform,CNN + Distance-to-stroke,distance_transform,5,5,0,0.31462227807265974,0.09356265356265356,0.8625954198473282,0.0,1.0,2,0,2,321,634,15427,0.006191950464377115,0.0031446540880453702,0.004171011023535383,0.9417114257811925,0.0020898641588274923
492,cnn_direct_vector_regression__local_density,CNN + Local density blur,local_density,5,5,0,0.33247900231946037,0.17508763308763306,0.7684478371501272,0.0,1.0,2,1,1,270,635,15478,0.0036900369003553873,0.0015723270440226851,0.0022050712457974972,0.9447631835936923,0.0011037527593806802
493,cnn_direct_vector_regression__distance_transform,CNN + Distance-to-stroke,distance_transform,1,1,0,0.6353846153846153,0.21538461538461542,0.9423076923076923,1.0,1.0,0,0,12,37,149,16186,0.24489795917867557,0.0745341614902203,0.1142857139268481,0.9886474609374396,0.06060606060575452
493,cnn_direct_vector_regression__local_density,CNN + Local density blur,local_density,1,1,0,0.5632692307692307,0.08076923076923075,0.8846153846153846,1.0,1.0,0,0,12,35,149,16188,0.2553191489307379,0.0745341614902203,0.11538461503370008,0.9887695312499396,0.061224489795606
494,cnn_direct_vector_regression__distance_transform,CNN + Distance-to-stroke,distance_transform,1,1,0,0.5158536585365854,0.0,0.8292682926829268,1.0,1.0,0,0,11,23,121,16229,0.32352941175519034,0.08333333333270203,0.13253012015459428,0.9912109374999395,0.07096774193502602
494,cnn_direct_vector_regression__local_density,CNN + Local density blur,local_density,1,1,0,0.5548414634146341,0.12999999999999998,0.7317073170731707,1.0,1.0,0,0,23,8,109,16244,0.7419354838470343,0.17424242424110423,0.28220858864556436,0.9928588867186894,0.16428571428454083
495,cnn_direct_vector_regression__distance_transform,CNN + Distance-to-stroke,distance_transform,3,3,0,0.5327956989247312,0.0,0.9139784946236559,1.0,1.0,0,0,15,63,291,16015,0.19230769230522682,0.04901960784297706,0.07812499967586263,0.9783935546874403,0.04065040650395488
495,cnn_direct_vector_regression__local_density,CNN + Local density blur,local_density,3,2,1,0.5254166666666666,0.01944444444444445,1.0,1.0,0.6666666666666667,0,0,5,84,301,15994,0.056179775280267644,0.016339869280992354,0.02531645534697645,0.9765014648436904,0.012820512820479947
496,cnn_direct_vector_regression__distance_transform,CNN + Distance-to-stroke,distance_transform,3,3,0,0.4727208419599723,0.015217391304347815,0.5793650793650793,1.0,1.0,0,0,0,121,126,16137,0.0,0.0,0.0,0.9849243164061898,0.0
496,cnn_direct_vector_regression__local_density,CNN + Local density blur,local_density,3,4,1,0.5761842105263157,0.21666666666666667,0.7684210526315789,1.0,0.75,0,0,2,88,124,16170,0.02222222222197531,0.015873015872889897,0.018518518032235955,0.9870605468749397,0.009345794392479694
497,cnn_direct_vector_regression__distance_transform,CNN + Distance-to-stroke,distance_transform,3,2,1,0.5441666666666667,0.07222222222222223,0.975,1.0,0.6666666666666667,0,0,9,65,244,16066,0.12162162161997808,0.03557312252950366,0.055045871209120065,0.98114013671869,0.028301886792363833
497,cnn_direct_vector_regression__local_density,CNN + Local density blur,local_density,3,3,0,0.5383974358974359,0.11666666666666667,0.6794871794871795,1.0,1.0,0,0,18,34,235,16097,0.34615384614718936,0.07114624505900732,0.1180327866016232,0.9835815429686899,0.06271777003462468
498,cnn_direct_vector_regression__distance_transform,CNN + Distance-to-stroke,distance_transform,1,1,0,0.6775,0.39,0.76,1.0,1.0,0,0,0,58,234,16092,0.0,0.0,0.0,0.98217773437494,0.0
498,cnn_direct_vector_regression__local_density,CNN + Local density blur,local_density,1,1,0,0.5241666666666667,0.007777777777777789,0.8533333333333333,1.0,1.0,0,0,21,43,213,16107,0.32812499999487305,0.08974358974320623,0.14093959697720823,0.9843749999999399,0.07581227436795736
499,cnn_direct_vector_regression__distance_transform,CNN + Distance-to-stroke,distance_transform,5,4,1,0.5638279833417916,0.18228760486825002,0.7589928057553956,1.0,0.8,0,0,103,94,579,15608,0.5228426395912547,0.15102639296165538,0.23435722377000445,0.9589233398436915,0.13273195876271554
499,cnn_direct_vector_regression__local_density,CNN + Local density blur,local_density,5,5,0,0.3040334545550373,0.1016890516890517,0.7913669064748201,0.0,1.0,0,1,34,176,648,15526,0.16190476190399095,0.0498533724339445,0.07623318349633011,0.949707031249942,0.03962703962699344
500,cnn_direct_vector_regression__distance_transform,CNN + Distance-to-stroke,distance_transform,2,2,0,0.5279527559055118,0.0,0.889763779527559,1.0,1.0,0,0,6,107,263,16008,0.053097345132273474,0.02230483271367173,0.031413612148666434,0.9774169921874403,0.0159574468084682
500,cnn_direct_vector_regression__local_density,CNN + Local density blur,local_density,2,2,0,0.5075221238938054,0.0,0.7876106194690266,1.0,1.0,0,0,10,76,259,16039,0.11627906976608977,0.037174721189452885,0.05633802780156318,0.9795532226561902,0.028985507246292796
501,cnn_direct_vector_regression__distance_transform,CNN + Distance-to-stroke,distance_transform,4,5,1,0.28645406599350887,0.102854609929078,0.8008474576271186,0.0,0.8,2,2,18,160,700,15506,0.10112359550504987,0.02506963788297344,0.04017857111009247,0.9475097656249422,0.02050113895214066
501,cnn_direct_vector_regression__local_density,CNN + Local density blur,local_density,4,5,1,0.30712482393061014,0.13925531914893616,0.8222996515679443,0.0,0.8,2,3,47,228,671,15438,0.17090909090846942,0.06545961002776399,0.09466263806860714,0.9451293945311923,0.04968287526421809
502,cnn_direct_vector_regression__distance_transform,CNN + Distance-to-stroke,distance_transform,3,4,1,0.5690200617283951,0.09782235939643347,1.0,1.0,0.75,0,0,3,181,421,15779,0.016304347825998346,0.0070754716980965205,0.009868420630507723,0.9632568359374412,0.004958677685942217
502,cnn_direct_vector_regression__local_density,CNN + Local density blur,local_density,3,4,1,0.39273118471035146,0.308633401920439,0.8942307692307693,0.0,0.75,0,1,35,158,389,15802,0.18134715025812775,0.08254716981112607,0.11345218757619999,0.9666137695311909,0.060137457044570214
503,cnn_direct_vector_regression__distance_transform,CNN + Distance-to-stroke,distance_transform,4,4,0,0.31868767759373484,0.14721040189125295,0.762214983713355,0.0,1.0,1,1,35,186,595,15568,0.1583710407232653,0.05555555555546737,0.08225616882799112,0.9523315429686918,0.042892156862692536
503,cnn_direct_vector_regression__local_density,CNN + Local density blur,local_density,4,4,0,0.37162703583061885,0.32999999999999996,0.6156351791530945,0.0,1.0,1,0,16,174,614,15580,0.08421052631534627,0.025396825396785085,0.03902438988776919,0.9519042968749418,0.01990049751241306
504,cnn_direct_vector_regression__distance_transform,CNN + Distance-to-stroke,distance_transform,5,5,0,0.30363775510204083,0.060238095238095236,0.8826530612244898,0.0,1.0,1,0,16,156,549,15663,0.09302325581341266,0.02831858407074634,0.04341926694192047,0.9569702148436916,0.022191400832146754
504,cnn_direct_vector_regression__local_density,CNN + Local density blur,local_density,5,5,0,0.3269708994708995,0.14841269841269844,0.8009259259259259,0.0,1.0,1,1,25,174,540,15645,0.1256281407028863,0.044247787610541156,0.06544502579258725,0.9564208984374416,0.03382949932336424
505,cnn_direct_vector_regression__distance_transform,CNN + Distance-to-stroke,distance_transform,4,4,0,0.3877145438121048,0.20576131687242802,0.975609756097561,0.0,1.0,0,1,27,200,444,15713,0.11894273127700906,0.0573248407642095,0.07736389640901553,0.9606933593749414,0.04023845007445568
505,cnn_direct_vector_regression__local_density,CNN + Local density blur,local_density,4,5,1,0.35160628019323675,0.19616210413311863,0.9166666666666666,0.0,0.8,0,2,3,203,468,15710,0.01456310679604581,0.006369426751578834,0.00886262882326017,0.9590454101561915,0.004451038575661052
506,cnn_direct_vector_regression__distance_transform,CNN + Distance-to-stroke,distance_transform,1,1,0,0.6276368523949168,0.19946236559139782,0.9393939393939394,1.0,1.0,0,0,3,29,29,16323,0.09374999999707033,0.09374999999707033,0.09374999949707034,0.9964599609374392,0.04918032786804623
506,cnn_direct_vector_regression__local_density,CNN + Local density blur,local_density,1,1,0,0.5462096774193548,0.04892473118279565,0.8709677419354839,1.0,1.0,0,0,3,24,29,16328,0.11111111110699588,0.09374999999707033,0.10169491475438093,0.9967651367186892,0.053571428570471945
507,cnn_direct_vector_regression__distance_transform,CNN + Distance-to-stroke,distance_transform,2,2,0,0.6046044546850998,0.14523809523809522,0.946236559139785,1.0,1.0,0,0,28,60,185,16111,0.31818181817820246,0.1314553990604157,0.1860465112129005,0.9850463867186898,0.10256410256372687
507,cnn_direct_vector_regression__local_density,CNN + Local density blur,local_density,2,2,0,0.7446753246753247,0.5285714285714286,0.7840909090909091,1.0,1.0,0,0,39,30,174,16141,0.5652173912961562,0.18309859154843616,0.2765957443092651,0.9875488281249397,0.16049382715983337
508,cnn_direct_vector_regression__distance_transform,CNN + Distance-to-stroke,distance_transform,1,1,0,0.5708333333333333,0.0907407407407407,0.9,1.0,1.0,0,0,0,20,19,16345,0.0,0.0,0.0,0.997619628906189,0.0
508,cnn_direct_vector_regression__local_density,CNN + Local density blur,local_density,1,1,0,0.46111111111111114,0.0,0.5555555555555556,1.0,1.0,0,0,0,11,19,16354,0.0,0.0,0.0,0.998168945312439,0.0
509,cnn_direct_vector_regression__distance_transform,CNN + Distance-to-stroke,distance_transform,5,5,0,0.23658011272141707,0.05495169082125604,0.5592592592592592,0.0,1.0,2,1,13,131,743,15497,0.09027777777715086,0.01719576719574445,0.028888888620024693,0.9466552734374422,0.01465614430663511
509,cnn_direct_vector_regression__local_density,CNN + Local density blur,local_density,5,5,0,0.39095058373590985,0.07207125603864734,0.7925925925925926,0.4,1.0,2,1,29,176,727,15452,0.1414634146334563,0.03835978835973762,0.060353797791196956,0.9448852539061923,0.031115879828292795
510,cnn_direct_vector_regression__distance_transform,CNN + Distance-to-stroke,distance_transform,2,3,1,0.28083612975391503,0.058333333333333334,0.9395973154362416,0.0,0.6666666666666667,0,2,0,122,151,16111,0.0,0.0,0.0,0.9833374023436899,0.0
510,cnn_direct_vector_regression__local_density,CNN + Local density blur,local_density,2,3,1,0.3112480276134123,0.15166666666666667,0.8816568047337279,0.0,0.6666666666666667,0,1,5,159,146,16074,0.03048780487786288,0.033112582781237666,0.031746031246681794,0.98138427734369,0.016129032258012488
511,cnn_direct_vector_regression__distance_transform,CNN + Distance-to-stroke,distance_transform,4,5,1,0.4510828877005348,0.39634581105169336,0.9636363636363636,0.0,0.8,1,2,19,241,538,15586,0.07307692307664201,0.034111310592398365,0.04651162747293814,0.9524536132811918,0.023809523809493974
511,cnn_direct_vector_regression__local_density,CNN + Local density blur,local_density,4,5,1,0.4505581017206988,0.2708419031948444,0.7433962264150944,0.4,0.8,1,1,0,194,557,15633,0.0,0.0,0.0,0.9541625976561917,0.0
512,cnn_direct_vector_regression__distance_transform,CNN + Distance-to-stroke,distance_transform,3,4,1,0.24361234294161127,0.02239057239057239,0.7926829268292683,0.0,0.75,1,1,10,114,362,15898,0.08064516128967221,0.026881720430035266,0.04032258026999871,0.9709472656249407,0.02057613168720046
512,cnn_direct_vector_regression__local_density,CNN + Local density blur,local_density,3,5,2,0.4234756097560976,0.005555555555555562,0.8048780487804879,0.8,0.6,1,1,7,110,365,15902,0.05982905982854847,0.018817204301024685,0.028629856486565384,0.9710083007811907,0.014522821576733356
513,cnn_direct_vector_regression__distance_transform,CNN + Distance-to-stroke,distance_transform,5,5,0,0.3519651986148167,0.1877886247877759,0.8373015873015873,0.0,1.0,1,0,8,190,674,15512,0.04040404040383635,0.011730205278575176,0.018181817833026866,0.9472656249999422,0.009174311926594984
513,cnn_direct_vector_regression__local_density,CNN + Local density blur,local_density,5,5,0,0.3556887740183793,0.20488157894736841,0.8174603174603174,0.0,1.0,1,0,6,187,676,15515,0.031088082901393328,0.008797653958931381,0.013714285370415028,0.9473266601561922,0.0069044879171381995
514,cnn_direct_vector_regression__distance_transform,CNN + Distance-to-stroke,distance_transform,5,5,0,0.28455318687671627,0.10654188948306595,0.683046683046683,0.0,1.0,4,0,32,223,866,15263,0.12549019607793926,0.03563474387523871,0.0555073717282582,0.933532714843693,0.028545941123970967
514,cnn_direct_vector_regression__local_density,CNN + Local density blur,local_density,5,5,0,0.3110781904899552,0.1622103386809269,0.6904176904176904,0.0,1.0,4,0,32,231,866,15255,0.12167300380181874,0.03563474387523871,0.055124891983672625,0.933044433593693,0.028343666961888093
515,cnn_direct_vector_regression__distance_transform,CNN + Distance-to-stroke,distance_transform,2,2,0,0.32105862403100777,0.08124999999999999,0.9224806201550387,0.0,1.0,1,0,11,120,355,15898,0.08396946564821398,0.030054644808661053,0.04426559317297751,0.9710083007811907,0.02263374485592051
515,cnn_direct_vector_regression__local_density,CNN + Local density blur,local_density,2,2,0,0.2983193277310925,0.0,0.9915966386554622,0.0,1.0,1,0,15,105,351,15913,0.12499999999895833,0.04098360655726507,0.061728394689579844,0.9721679687499406,0.03184713375789417
516,cnn_direct_vector_regression__distance_transform,CNN + Distance-to-stroke,distance_transform,1,1,0,0.5018987341772152,0.0,0.759493670886076,1.0,1.0,0,0,19,41,223,16101,0.31666666666138893,0.07851239669389044,0.12582781425029604,0.9838867187499399,0.06713780918704192
516,cnn_direct_vector_regression__local_density,CNN + Local density blur,local_density,1,1,0,0.7283037974683545,0.52,0.7215189873417722,1.0,1.0,0,0,0,58,242,16084,0.0,0.0,0.0,0.98168945312494,0.0
517,cnn_direct_vector_regression__distance_transform,CNN + Distance-to-stroke,distance_transform,4,4,0,0.37400408812173525,0.2018018018018018,0.9159663865546218,0.0,1.0,1,1,2,97,198,16087,0.02020202020181614,0.00999999999995,0.013377925978367148,0.98199462890619,0.006734006733984061
517,cnn_direct_vector_regression__local_density,CNN + Local density blur,local_density,4,4,0,0.4528372068530987,0.36951685556524266,0.9327731092436975,0.0,1.0,1,1,1,112,199,16072,0.00884955752204558,0.004999999999975,0.006389775896416247,0.98101806640619,0.0032051282051179324
518,cnn_direct_vector_regression__distance_transform,CNN + Distance-to-stroke,distance_transform,2,2,0,0.5279527559055118,0.0,0.889763779527559,1.0,1.0,0,0,1,113,128,16142,0.008771929824484456,0.007751937984436032,0.008230452176734607,0.9852905273436898,0.004132231404941603
518,cnn_direct_vector_regression__local_density,CNN + Local density blur,local_density,2,2,0,0.5153543307086614,0.0,0.8267716535433071,1.0,1.0,0,0,3,98,126,16157,0.029702970296735614,0.023255813953308096,0.026086956028922505,0.9863281249999398,0.013215859030778786
519,cnn_direct_vector_regression__distance_transform,CNN + Distance-to-stroke,distance_transform,2,2,0,0.516235294117647,0.10274509803921565,0.6,1.0,1.0,0,0,3,28,161,16192,0.09677419354526536,0.018292682926717728,0.03076923050151217,0.9884643554686896,0.01562499999991862
519,cnn_direct_vector_regression__local_density,CNN + Local density blur,local_density,2,2,0,0.5534365203761755,0.06893939393939393,0.8620689655172413,1.0,1.0,0,0,28,31,136,16189,0.474576271178397,0.17073170731603213,0.2511210758417825,0.9898071289061896,0.14358974358900725
520,cnn_direct_vector_regression__distance_transform,CNN + Distance-to-stroke,distance_transform,1,1,0,0.40490196078431373,0.0,0.27450980392156865,1.0,1.0,0,0,0,14,37,16333,0.0,0.0,0.0,0.9968872070311892,0.0
520,cnn_direct_vector_regression__local_density,CNN + Local density blur,local_density,1,2,1,0.556049556809025,0.2584967320261438,0.6986301369863014,1.0,0.5,0,0,0,72,37,16275,0.0,0.0,0.0,0.9933471679686894,0.0
521,cnn_direct_vector_regression__distance_transform,CNN + Distance-to-stroke,distance_transform,1,1,0,0.5432826086956521,0.12999999999999998,0.6739130434782609,1.0,1.0,0,0,0,32,47,16305,0.0,0.0,0.0,0.9951782226561893,0.0
521,cnn_direct_vector_regression__local_density,CNN + Local density blur,local_density,1,1,0,0.49782608695652175,0.0,0.7391304347826086,1.0,1.0,0,0,0,35,47,16302,0.0,0.0,0.0,0.9949951171874393,0.0
522,cnn_direct_vector_regression__distance_transform,CNN + Distance-to-stroke,distance_transform,2,2,0,0.5141952054794521,0.036111111111111094,0.7397260273972603,1.0,1.0,0,0,9,42,224,16109,0.17647058823183392,0.038626609441894305,0.06338028139503571,0.9837646484374399,0.03272727272715372
522,cnn_direct_vector_regression__local_density,CNN + Local density blur,local_density,2,2,0,0.55,0.0,1.0,1.0,1.0,0,0,12,56,221,16095,0.17647058823269896,0.05150214592252574,0.07973421891881988,0.9830932617186899,0.0415224913493373
523,cnn_direct_vector_regression__distance_transform,CNN + Distance-to-stroke,distance_transform,3,2,1,0.47383333333333333,0.13,0.4933333333333333,1.0,0.6666666666666667,0,0,5,68,339,15972,0.06849315068399324,0.01453488372088798,0.02398081505877888,0.9751586914061905,0.012135922330067632
523,cnn_direct_vector_regression__local_density,CNN + Local density blur,local_density,3,2,1,0.47383333333333333,0.08555555555555555,0.5933333333333333,1.0,0.6666666666666667,0,0,3,86,341,15954,0.033707865168160586,0.008720930232532788,0.013856812606371584,0.9739379882811905,0.006976744186030287
524,cnn_direct_vector_regression__distance_transform,CNN + Distance-to-stroke,distance_transform,1,1,0,0.772581081081081,0.5546846846846847,0.8648648648648649,1.0,1.0,0,0,37,48,348,15951,0.4352941176419377,0.09610389610364649,0.15744680821368043,0.9758300781249404,0.08545034642012599
524,cnn_direct_vector_regression__local_density,CNN + Local density blur,local_density,1,2,1,0.3193520159503766,0.328978978978979,0.6065573770491803,0.0,0.5,0,1,10,141,375,15858,0.06622516556247533,0.02597402597395851,0.037313432430977116,0.9685058593749408,0.019011406844070322
525,cnn_direct_vector_regression__distance_transform,CNN + Distance-to-stroke,distance_transform,4,4,0,0.6148626373626374,0.16794871794871793,0.9464285714285714,1.0,1.0,0,0,6,136,484,15758,0.04225352112646301,0.012244897959158684,0.01898734142369012,0.9621582031249413,0.009584664536725903
525,cnn_direct_vector_regression__local_density,CNN + Local density blur,local_density,4,4,0,0.5411805555555556,0.07916666666666668,0.7777777777777778,1.0,1.0,0,0,35,159,455,15735,0.18041237113309067,0.07142857142842565,0.1023391808798861,0.9625244140624413,0.0539291217256488
526,cnn_direct_vector_regression__distance_transform,CNN + Distance-to-stroke,distance_transform,3,5,2,0.26231505336768496,0.01414141414141414,0.979757085020243,0.0,0.6,1,1,22,211,323,15828,0.09442060085796386,0.06376811594184416,0.07612456699255876,0.9674072265624409,0.03956834532366984
526,cnn_direct_vector_regression__local_density,CNN + Local density blur,local_density,3,4,1,0.328698347107438,0.21666666666666667,0.78099173553719,0.0,0.75,1,1,21,156,324,15883,0.11864406779593988,0.06086956521721487,0.08045976966642444,0.9707031249999407,0.041916167664586994
527,cnn_direct_vector_regression__distance_transform,CNN + Distance-to-stroke,distance_transform,3,4,1,0.3308563049853373,0.1620039100684262,0.9147727272727273,0.0,0.75,0,2,0,144,294,15946,0.0,0.0,0.0,0.9732666015624406,0.0
527,cnn_direct_vector_regression__local_density,CNN + Local density blur,local_density,3,4,1,0.31770325326847065,0.15286713286713285,0.8695652173913043,0.0,0.75,0,1,28,91,266,15999,0.23529411764508157,0.0952380952377713,0.13559321992809947,0.9782104492186903,0.07272727272708383
528,cnn_direct_vector_regression__distance_transform,CNN + Distance-to-stroke,distance_transform,3,3,0,0.28955511917659804,0.011217948717948711,0.9225352112676056,0.0,1.0,1,0,7,119,143,16115,0.055555555555114634,0.04666666666635556,0.05072463718457257,0.9840087890624399,0.02602230483261702
528,cnn_direct_vector_regression__local_density,CNN + Local density blur,local_density,3,3,0,0.22816901408450707,0.0,0.6408450704225352,0.0,1.0,1,0,2,89,148,16145,0.02197802197778046,0.013333333333244445,0.01659750990327303,0.9855346679686898,0.008368200836785071
529,cnn_direct_vector_regression__distance_transform,CNN + Distance-to-stroke,distance_transform,1,1,0,0.6317424242424242,0.2085858585858586,0.9393939393939394,1.0,1.0,0,0,0,51,204,16129,0.0,0.0,0.0,0.9844360351561899,0.0
529,cnn_direct_vector_regression__local_density,CNN + Local density blur,local_density,1,1,0,0.6921666666666667,0.39,0.8333333333333334,1.0,1.0,0,0,0,50,204,16130,0.0,0.0,0.0,0.9844970703124399,0.0
530,cnn_direct_vector_regression__distance_transform,CNN + Distance-to-stroke,distance_transform,3,3,0,0.5461666666666667,0.04333333333333333,0.8833333333333333,1.0,1.0,0,0,20,77,179,16108,0.20618556700818363,0.10050251256230903,0.13513513469359478,0.9843749999999399,0.07246376811567948
530,cnn_direct_vector_regression__local_density,CNN + Local density blur,local_density,3,3,0,0.7141180555555555,0.3824845679012345,0.96,1.0,1.0,0,0,63,59,136,16126,0.5163934426187181,0.31658291457127347,0.39252336401230586,0.9880981445311897,0.24418604651068146
531,cnn_direct_vector_regression__distance_transform,CNN + Distance-to-stroke,distance_transform,5,5,0,0.3464223938223938,0.1168888888888889,0.9691119691119691,0.0,1.0,1,0,13,213,524,15634,0.05752212389355079,0.02420856610796237,0.03407601531037208,0.9550170898436917,0.017333333333310223
531,cnn_direct_vector_regression__local_density,CNN + Local density blur,local_density,5,5,0,0.37533585146608406,0.19315302899799022,0.9420849420849421,0.0,1.0,1,3,21,207,516,15640,0.09210526315749078,0.039106145251323825,0.054901960365746516,0.9558715820311916,0.028225806451574964
532,cnn_direct_vector_regression__distance_transform,CNN + Distance-to-stroke,distance_transform,5,5,0,0.354374636023129,0.14010690091307587,0.7066326530612245,0.2,1.0,4,4,35,212,705,15432,0.14170040485772592,0.047297297297233386,0.07092198544020596,0.9440307617186924,0.03676470588231432
532,cnn_direct_vector_regression__local_density,CNN + Local density blur,local_density,5,5,0,0.34946366869449036,0.07874012544353864,0.7576530612244898,0.25,1.0,4,2,24,243,716,15401,0.08988764044910155,0.03243243243238861,0.047666335260666895,0.9414672851561925,0.02441505595114505
533,cnn_direct_vector_regression__distance_transform,CNN + Distance-to-stroke,distance_transform,2,2,0,0.6183055555555556,0.195,0.9027777777777778,1.0,1.0,0,0,4,69,63,16248,0.054794520547194595,0.05970149253642236,0.057142856642959185,0.9919433593749394,0.02941176470566609
533,cnn_direct_vector_regression__local_density,CNN + Local density blur,local_density,2,2,0,0.4734528985507246,0.06499999999999999,0.47101449275362317,1.0,1.0,0,0,16,124,51,16193,0.11428571428489796,0.23880597014568944,0.15458937154136618,0.9893188476561896,0.08376963350741483
534,cnn_direct_vector_regression__distance_transform,CNN + Distance-to-stroke,distance_transform,4,4,0,0.3628120323606435,0.15970117845117845,0.9547325102880658,0.0,1.0,0,1,22,204,397,15761,0.0973451327429321,0.05250596658698686,0.06821705380812212,0.9633178710936912,0.035313001605079754
534,cnn_direct_vector_regression__local_density,CNN + Local density blur,local_density,4,4,0,0.5528195613542836,0.16172979797979797,0.6502057613168724,1.0,1.0,0,0,15,141,404,15824,0.09615384615322979,0.03579952267294559,0.0521739126479002,0.9667358398436909,0.026785714285666454
535,cnn_direct_vector_regression__distance_transform,CNN + Distance-to-stroke,distance_transform,4,4,0,0.38088879475883886,0.2384900284900285,0.8678414096916299,0.0,1.0,1,2,14,154,594,15622,0.08333333333283731,0.023026315789435814,0.03608247388746148,0.9543457031249417,0.01837270341204938
535,cnn_direct_vector_regression__local_density,CNN + Local density blur,local_density,4,4,0,0.31429896645205013,0.14337606837606834,0.748898678414097,0.0,1.0,1,0,31,126,577,15650,0.1974522292981054,0.0509868421051793,0.08104575130755523,0.9570922851561916,0.04223433242501058
536,cnn_direct_vector_regression__distance_transform,CNN + Distance-to-stroke,distance_transform,2,2,0,0.6025,0.325,0.53125,1.0,1.0,0,0,0,36,100,16248,0.0,0.0,0.0,0.9916992187499395,0.0
536,cnn_direct_vector_regression__local_density,CNN + Local density blur,local_density,2,2,0,0.5739959758551307,0.09714285714285713,0.9014084507042254,1.0,1.0,0,0,1,60,99,16224,0.016393442622682077,0.0099999999999,0.012422359777632055,0.9902954101561895,0.006249999999960938
537,cnn_direct_vector_regression__distance_transform,CNN + Distance-to-stroke,distance_transform,1,1,0,0.3933333333333333,0.0,0.21666666666666667,1.0,1.0,0,0,10,4,175,16195,0.7142857142346939,0.054054054053761874,0.10050251243099924,0.9890747070311896,0.052910052909772964
537,cnn_direct_vector_regression__local_density,CNN + Local density blur,local_density,1,1,0,0.6454761904761904,0.23333333333333334,0.9523809523809523,1.0,1.0,0,0,0,64,185,16135,0.0,0.0,0.0,0.9848022460936898,0.0
538,cnn_direct_vector_regression__distance_transform,CNN + Distance-to-stroke,distance_transform,2,2,0,0.6605563909774436,0.29714285714285715,0.8842105263157894,1.0,1.0,0,0,0,79,291,16014,0.0,0.0,0.0,0.9774169921874403,0.0
538,cnn_direct_vector_regression__local_density,CNN + Local density blur,local_density,2,2,0,0.5508423913043479,0.07916666666666665,0.8260869565217391,1.0,1.0,0,0,13,79,278,16014,0.14130434782455104,0.04467353951874683,0.06788511712810096,0.9782104492186903,0.03513513513504018
539,cnn_direct_vector_regression__distance_transform,CNN + Distance-to-stroke,distance_transform,3,3,0,0.6761233799821834,0.30524296675191814,0.9438202247191011,1.0,1.0,0,0,4,76,181,16123,0.049999999999374996,0.021621621621504748,0.03018867882355287,0.9843139648436899,0.015325670498025573
539,cnn_direct_vector_regression__local_density,CNN + Local density blur,local_density,3,3,0,0.5806675450153711,0.11304347826086956,0.898989898989899,1.0,1.0,0,0,3,95,182,16104,0.03061224489764681,0.01621621621612856,0.021201412974665695,0.9830932617186899,0.01071428571424745
540,cnn_direct_vector_regression__distance_transform,CNN + Distance-to-stroke,distance_transform,5,5,0,0.39951195862960565,0.2838827838827839,0.8588235294117648,0.0,1.0,0,1,68,136,561,15619,0.33333333333169934,0.10810810810793624,0.16326530575221107,0.9574584960936915,0.0888888888887727
540,cnn_direct_vector_regression__local_density,CNN + Local density blur,local_density,5,5,0,0.6244004698653655,0.21065028161802357,0.8980392156862745,1.0,1.0,0,0,17,193,612,15562,0.08095238095199547,0.02702702702698406,0.04052443347442682,0.9508666992186919,0.020681265206787494
541,cnn_direct_vector_regression__distance_transform,CNN + Distance-to-stroke,distance_transform,1,1,0,0.8245,0.61,1.0,1.0,1.0,0,0,0,48,234,16102,0.0,0.0,0.0,0.9827880859374399,0.0
541,cnn_direct_vector_regression__local_density,CNN + Local density blur,local_density,1,1,0,0.6684374999999999,0.2770833333333333,0.96875,1.0,1.0,0,0,16,35,218,16115,0.31372549018992696,0.06837606837577617,0.1122807014597476,0.9845581054686898,0.059479553903124614
542,cnn_direct_vector_regression__distance_transform,CNN + Distance-to-stroke,distance_transform,5,5,0,0.34407954545454544,0.1302777777777778,0.9272727272727272,0.0,1.0,0,2,3,186,542,15653,0.01587301587293189,0.005504587155953203,0.008174386538577778,0.9555664062499416,0.004103967168257039
542,cnn_direct_vector_regression__local_density,CNN + Local density blur,local_density,5,4,1,0.5098573426573427,0.08266666666666665,0.7132867132867133,1.0,0.8,0,0,10,254,535,15585,0.0378787878786444,0.018348623853177343,0.024721878423055833,0.9518432617186918,0.012515644555678954
543,cnn_direct_vector_regression__distance_transform,CNN + Distance-to-stroke,distance_transform,1,1,0,0.6684374999999999,0.2770833333333333,0.96875,1.0,1.0,0,0,1,30,28,16325,0.03225806451508845,0.03448275861950059,0.033333332832777784,0.9964599609374392,0.016949152542085608
543,cnn_direct_vector_regression__local_density,CNN + Local density blur,local_density,1,1,0,0.7295277777777778,0.4483333333333333,0.8888888888888888,1.0,1.0,0,0,0,33,29,16322,0.0,0.0,0.0,0.9962158203124392,0.0
544,cnn_direct_vector_regression__distance_transform,CNN + Distance-to-stroke,distance_transform,4,3,1,0.48530534351145044,0.0,0.8015267175572519,1.0,0.75,0,0,9,123,275,15977,0.06818181818130166,0.03169014084495884,0.043269230335775705,0.9757080078124404,0.02211302211296778
544,cnn_direct_vector_regression__local_density,CNN + Local density blur,local_density,4,3,1,0.22564547966837742,0.021568627450980392,0.7046979865771812,0.0,0.75,0,2,8,137,276,15963,0.05517241379272295,0.02816901408440786,0.037296036848354454,0.9747924804686905,0.019002375296866977
545,cnn_direct_vector_regression__distance_transform,CNN + Distance-to-stroke,distance_transform,4,5,1,0.3638717532467533,0.29027777777777775,0.7662337662337663,0.0,0.8,1,1,22,240,1041,15081,0.08396946564853447,0.020696142991513927,0.03320754685248843,0.9218139648436937,0.01688411358402388
545,cnn_direct_vector_regression__local_density,CNN + Local density blur,local_density,4,5,1,0.3532656926406927,0.19398148148148148,0.9298701298701298,0.0,0.8,1,1,20,310,1043,15011,0.060606060605876956,0.018814675446830843,0.02871500322777873,0.9174194335936939,0.014566642388918742
546,cnn_direct_vector_regression__distance_transform,CNN + Distance-to-stroke,distance_transform,1,1,0,0.4807692307692307,0.0,0.6538461538461539,1.0,1.0,0,0,8,9,75,16292,0.470588235266436,0.09638554216751342,0.15999999971460002,0.9948730468749393,0.08695652173818526
546,cnn_direct_vector_regression__local_density,CNN + Local density blur,local_density,1,1,0,0.4807692307692307,0.0,0.6538461538461539,1.0,1.0,0,0,0,18,83,16283,0.0,0.0,0.0,0.9938354492186893,0.0
547,cnn_direct_vector_regression__distance_transform,CNN + Distance-to-stroke,distance_transform,2,2,0,0.3591421568627451,0.175,0.9019607843137255,0.0,1.0,1,1,8,74,187,16115,0.09756097560856633,0.04102564102543064,0.05776173243477695,0.9840698242186899,0.029739776951562307
547,cnn_direct_vector_regression__local_density,CNN + Local density blur,local_density,2,2,0,0.30328560371517027,0.07266081871345027,0.8529411764705882,0.0,1.0,1,0,6,77,189,16112,0.07228915662563506,0.03076923076907298,0.04316546720674396,0.9837646484374399,0.022058823529330668
548,cnn_direct_vector_regression__distance_transform,CNN + Distance-to-stroke,distance_transform,4,4,0,0.5607667328534789,0.160822463068678,0.6919831223628692,1.0,1.0,0,0,0,231,254,15899,0.0,0.0,0.0,0.9703979492186907,0.0
548,cnn_direct_vector_regression__local_density,CNN + Local density blur,local_density,4,5,1,0.5384849726775957,0.065,0.8961748633879781,1.0,0.8,0,0,0,179,254,15951,0.0,0.0,0.0,0.9735717773436906,0.0
549,cnn_direct_vector_regression__distance_transform,CNN + Distance-to-stroke,distance_transform,3,2,1,0.47850301659125183,0.08076923076923076,0.6274509803921569,1.0,0.6666666666666667,0,0,1,30,127,16226,0.03225806451508845,0.0078124999999389655,0.012578616038131412,0.9904174804686895,0.0063291139240105754
549,cnn_direct_vector_regression__local_density,CNN + Local density blur,local_density,3,2,1,0.5367986425339366,0.14059829059829057,0.7843137254901961,1.0,0.6666666666666667,0,0,1,40,127,16216,0.024390243901844143,0.0078124999999389655,0.011834319158993044,0.9898071289061896,0.005952380952345522
550,cnn_direct_vector_regression__distance_transform,CNN + Distance-to-stroke,distance_transform,1,1,0,0.5632692307692307,0.08076923076923075,0.8846153846153846,1.0,1.0,0,0,9,37,152,16186,0.1956521739087902,0.055900621117665215,0.08695652139261126,0.9884643554686896,0.04545454545431589
550,cnn_direct_vector_regression__local_density,CNN + Local density blur,local_density,1,1,0,0.4653846153846154,0.0,0.5769230769230769,1.0,1.0,0,0,7,22,154,16201,0.24137931033650417,0.04347826086929517,0.0736842102668698,0.9892578124999396,0.03825136612000956
551,cnn_direct_vector_regression__distance_transform,CNN + Distance-to-stroke,distance_transform,3,3,0,0.2987012987012987,0.0,0.9935064935064936,0.0,1.0,1,2,11,134,236,16003,0.07586206896499406,0.04453441295528529,0.05612244851315859,0.9774169921874403,0.02887139107603971
551,cnn_direct_vector_regression__local_density,CNN + Local density blur,local_density,3,4,1,0.34250278862242056,0.17727272727272728,0.9386503067484663,0.0,0.75,1,0,4,158,243,15979,0.024691358024538944,0.016194331983740106,0.019559901721988765,0.9755249023436904,0.009876543209852156
552,cnn_direct_vector_regression__distance_transform,CNN + Distance-to-stroke,distance_transform,4,4,0,0.3685793324932528,0.196072248186676,0.9017341040462428,0.0,1.0,1,0,3,145,381,15855,0.02027027027013331,0.007812499999979655,0.011278195087073901,0.9678955078124409,0.005671077504715178
552,cnn_direct_vector_regression__local_density,CNN + Local density blur,local_density,4,4,0,0.3613205756991884,0.17480359147025812,0.9132947976878613,0.0,1.0,1,0,9,149,375,15851,0.056962025316095184,0.023437499999938965,0.033210331690132225,0.9680175781249409,0.016885553470887646
553,cnn_direct_vector_regression__distance_transform,CNN + Distance-to-stroke,distance_transform,3,4,1,0.6079571567672835,0.2910159039272963,0.76,1.0,0.75,0,0,0,136,142,16106,0.0,0.0,0.0,0.9830322265624399,0.0
553,cnn_direct_vector_regression__local_density,CNN + Local density blur,local_density,3,4,1,0.271234180159029,0.10053511705685618,0.7549668874172185,0.0,0.75,0,1,4,131,138,16111,0.029629629629410154,0.02816901408430867,0.02888086592610357,0.9835815429686899,0.014652014651960981
554,cnn_direct_vector_regression__distance_transform,CNN + Distance-to-stroke,distance_transform,4,4,0,0.376909940154722,0.23074003795066414,0.8653846153846154,0.0,1.0,2,1,12,163,321,15888,0.06857142857103674,0.036036036035927824,0.04724409403637084,0.9704589843749407,0.024193548387047997
554,cnn_direct_vector_regression__local_density,CNN + Local density blur,local_density,4,5,1,0.3904162895927602,0.2688738059326295,0.9471153846153846,0.0,0.8,2,1,10,173,323,15878,0.054644808742870796,0.030030030029939852,0.03875968946458296,0.9697265624999408,0.019762845849763316
555,cnn_direct_vector_regression__distance_transform,CNN + Distance-to-stroke,distance_transform,4,4,0,0.2824519230769231,0.0875,0.7153846153846154,0.0,1.0,1,0,0,94,261,16029,0.0,0.0,0.0,0.9783325195311903,0.0
555,cnn_direct_vector_regression__local_density,CNN + Local density blur,local_density,4,4,0,0.3169986007462687,0.051041666666666666,0.9701492537313433,0.0,1.0,1,0,2,129,259,15994,0.015267175572402541,0.007662835249012787,0.010204081187591127,0.9763183593749404,0.005128205128191979
556,cnn_direct_vector_regression__distance_transform,CNN + Distance-to-stroke,distance_transform,4,4,0,0.5920350241545894,0.12304079441760601,0.9333333333333333,1.0,1.0,0,0,0,133,245,16006,0.0,0.0,0.0,0.9769287109374404,0.0
556,cnn_direct_vector_regression__local_density,CNN + Local density blur,local_density,4,4,0,0.4915368506223079,0.032339385862624234,0.6349206349206349,1.0,1.0,0,0,3,78,242,16061,0.03703703703657979,0.012244897959133695,0.018404907601885668,0.9804687499999402,0.009287925696565672
557,cnn_direct_vector_regression__distance_transform,CNN + Distance-to-stroke,distance_transform,4,4,0,0.26205856643356645,0.06098484848484849,0.6730769230769231,0.0,1.0,2,0,2,100,248,16034,0.019607843137062667,0.007999999999968,0.011363635951962825,0.9787597656249403,0.005714285714269388
557,cnn_direct_vector_regression__local_density,CNN + Local density blur,local_density,4,4,0,0.2633429487179487,0.032499999999999994,0.7435897435897436,0.0,1.0,2,0,4,99,246,16035,0.03883495145593364,0.015999999999936,0.02266288910499242,0.9789428710936903,0.01146131805154309
558,cnn_direct_vector_regression__distance_transform,CNN + Distance-to-stroke,distance_transform,5,5,0,0.5579940298507463,0.10400000000000001,0.8059701492537313,1.0,1.0,0,0,6,195,319,15864,0.029850746268508206,0.018461538461481658,0.022813687740628037,0.9686279296874408,0.011538461538439349
558,cnn_direct_vector_regression__local_density,CNN + Local density blur,local_density,5,5,0,0.36411369315342335,0.23909323116219666,0.782608695652174,0.0,1.0,0,1,1,197,324,15862,0.0050505050504795436,0.0030769230769136097,0.0038240913076712743,0.9682006835936908,0.0019157088122568665
559,cnn_direct_vector_regression__distance_transform,CNN + Distance-to-stroke,distance_transform,2,2,0,0.26610169491525426,0.0,0.8305084745762712,0.0,1.0,1,0,40,81,368,15895,0.33057851239396213,0.09803921568603421,0.15122873310595658,0.9725952148436906,0.08179959100187771
559,cnn_direct_vector_regression__local_density,CNN + Local density blur,local_density,2,3,1,0.2945296610169492,0.195,0.7005649717514124,0.0,0.6666666666666667,1,1,58,39,350,15937,0.5979381443237326,0.14215686274474962,0.22970296998575046,0.9762573242186904,0.12975391498852404
560,cnn_direct_vector_regression__distance_transform,CNN + Distance-to-stroke,distance_transform,2,3,1,0.4960863095238095,0.08124999999999999,0.7142857142857143,1.0,0.6666666666666667,0,0,5,102,393,15884,0.0467289719621801,0.012562814070320194,0.019801979863966285,0.9697875976561908,0.00999999999998
560,cnn_direct_vector_regression__local_density,CNN + Local density blur,local_density,2,2,0,0.4961647727272728,0.04198232323232323,0.6363636363636364,1.0,1.0,0,0,14,77,384,15909,0.15384615384446323,0.035175879396896544,0.05725971339827118,0.9718627929686906,0.029473684210464268
561,cnn_direct_vector_regression__distance_transform,CNN + Distance-to-stroke,distance_transform,3,3,0,0.3077211347047114,0.06257575757575758,0.8978102189781022,0.0,1.0,1,1,13,102,413,15856,0.11304347825988657,0.030516431924810995,0.04805914938779081,0.9685668945311908,0.02462121212116549
561,cnn_direct_vector_regression__local_density,CNN + Local density blur,local_density,3,3,0,0.2678832116788321,0.0,0.8394160583941606,0.0,1.0,1,0,5,100,421,15858,0.047619047618594104,0.011737089201850383,0.0188323913963988,0.9682006835936908,0.009505703422035161
562,cnn_direct_vector_regression__distance_transform,CNN + Distance-to-stroke,distance_transform,3,3,0,0.5177419354838709,0.0,0.8387096774193549,1.0,1.0,0,0,1,73,271,16039,0.013513513513330898,0.003676470588221778,0.005780346484513369,0.9790039062499403,0.0028985507246292795
562,cnn_direct_vector_regression__local_density,CNN + Local density blur,local_density,3,2,1,0.5373978587668398,0.0507974481658692,0.9893617021276596,1.0,0.6666666666666667,0,0,6,78,266,16034,0.07142857142772109,0.022058823529330668,0.03370786480778943,0.9790039062499403,0.017142857142808162
563,cnn_direct_vector_regression__distance_transform,CNN + Distance-to-stroke,distance_transform,2,2,0,0.5564949091909741,0.04818840579710143,0.9240506329113924,1.0,1.0,0,0,6,140,258,15980,0.041095890410677426,0.02272727272718664,0.02926829222419989,0.9757080078124404,0.01485148514847809
563,cnn_direct_vector_regression__local_density,CNN + Local density blur,local_density,2,3,1,0.2721480213089802,0.06697530864197529,0.8767123287671232,0.0,0.6666666666666667,0,2,9,102,255,16018,0.08108108108035061,0.03409090909077996,0.04799999958297601,0.9782104492186903,0.024590163934359043
564,cnn_direct_vector_regression__distance_transform,CNN + Distance-to-stroke,distance_transform,1,1,0,0.5476304347826086,0.12999999999999998,0.6956521739130435,1.0,1.0,0,0,0,18,38,16328,0.0,0.0,0.0,0.9965820312499392,0.0
564,cnn_direct_vector_regression__local_density,CNN + Local density blur,local_density,1,1,0,0.5184210526315789,0.0,0.8421052631578947,1.0,1.0,0,0,4,15,34,16331,0.21052631577839334,0.10526315789196677,0.1403508767436134,0.9970092773436892,0.07547169811178356
565,cnn_direct_vector_regression__distance_transform,CNN + Distance-to-stroke,distance_transform,4,4,0,0.26,0.0,0.8,0.0,1.0,1,1,8,172,352,15852,0.04444444444419753,0.022222222222160495,0.029629629185075456,0.9680175781249409,0.01503759398493414
565,cnn_direct_vector_regression__local_density,CNN + Local density blur,local_density,4,4,0,0.34140586419753083,0.0975,0.9876543209876543,0.0,1.0,1,3,6,186,354,15838,0.03124999999983724,0.01666666666662037,0.021739129981017652,0.9670410156249409,0.010989010988990864
566,cnn_direct_vector_regression__distance_transform,CNN + Distance-to-stroke,distance_transform,3,3,0,0.2764680679096456,0.06105506515342581,0.7449664429530201,0.0,1.0,1,0,12,100,187,16085,0.10714285714190051,0.060301507537385425,0.07717041754506261,0.98248291015619,0.04013377926407982
566,cnn_direct_vector_regression__local_density,CNN + Local density blur,local_density,3,3,0,0.3735515031066824,0.20896317959450156,0.8975903614457832,0.0,1.0,1,1,14,153,185,16032,0.08383233532883934,0.07035175879361633,0.07650273174384128,0.9793701171874402,0.039772727272614286
567,cnn_direct_vector_regression__distance_transform,CNN + Distance-to-stroke,distance_transform,2,2,0,0.5551875,0.08263888888888887,0.84,1.0,1.0,0,0,1,39,46,16298,0.024999999999375,0.02127659574422816,0.022988505249834867,0.9948120117186893,0.011627906976608978
567,cnn_direct_vector_regression__local_density,CNN + Local density blur,local_density,2,2,0,0.5771834188432836,0.17317708333333331,0.7462686567164178,1.0,1.0,0,0,0,68,47,16269,0.0,0.0,0.0,0.9929809570311894,0.0
568,cnn_direct_vector_regression__distance_transform,CNN + Distance-to-stroke,distance_transform,2,2,0,0.5549150421496312,0.1144230769230769,0.7671232876712328,1.0,1.0,0,0,5,49,133,16197,0.09259259259087792,0.03623188405770847,0.05208333292849394,0.9888916015624396,0.02673796791429552
568,cnn_direct_vector_regression__local_density,CNN + Local density blur,local_density,2,2,0,0.5363013698630137,0.0,0.9315068493150684,1.0,1.0,0,0,5,60,133,16186,0.07692307692189349,0.03623188405770847,0.04926108330801525,0.9882202148436896,0.025252525252397715
569,cnn_direct_vector_regression__distance_transform,CNN + Distance-to-stroke,distance_transform,4,5,1,0.5346345524017468,0.09569444444444444,0.8078602620087336,1.0,0.8,0,0,7,220,524,15633,0.030837004405150498,0.013182674199598527,0.018469656572458432,0.9545898437499417,0.009320905459375072
569,cnn_direct_vector_regression__local_density,CNN + Local density blur,local_density,4,5,1,0.5973616504854369,0.195,0.8980582524271845,1.0,0.8,0,0,50,159,481,15694,0.2392344497596209,0.0941619585685609,0.1351351347294412,0.9609374999999413,0.072463768115837
570,cnn_direct_vector_regression__distance_transform,CNN + Distance-to-stroke,distance_transform,2,2,0,0.27944385593220344,0.014583333333333339,0.864406779661017,0.0,1.0,1,0,13,88,355,15928,0.12871287128585432,0.035326086956425744,0.05543709987503238,0.9729614257811906,0.028508771929762044
570,cnn_direct_vector_regression__local_density,CNN + Local density blur,local_density,2,3,1,0.2596698446327684,0.014583333333333339,0.9322033898305084,0.0,0.6666666666666667,1,0,24,83,344,15933,0.22429906541846448,0.0652173913041706,0.10105263122948253,0.9739379882811905,0.05321507760520352
571,cnn_direct_vector_regression__distance_transform,CNN + Distance-to-stroke,distance_transform,4,4,0,0.30400000000000005,0.06444444444444444,0.875,0.0,1.0,1,0,2,199,391,15792,0.009950248756169401,0.005089058524160079,0.006734006286223658,0.9639892578124412,0.0033783783783726718
571,cnn_direct_vector_regression__local_density,CNN + Local density blur,local_density,4,4,0,0.2492461215255333,0.009313725490196084,0.7252747252747253,0.0,1.0,1,0,7,112,386,15879,0.05882352941127039,0.017811704834560276,0.027343749643089298,0.9696044921874408,0.013861386138586413
572,cnn_direct_vector_regression__distance_transform,CNN + Distance-to-stroke,distance_transform,5,4,1,0.30642544671782634,0.13727618650473036,0.8232558139534883,0.0,0.8,1,0,14,160,331,15879,0.08045977011448012,0.04057971014480991,0.05394990321495688,0.9700317382811907,0.027722772277172826
572,cnn_direct_vector_regression__local_density,CNN + Local density blur,local_density,5,5,0,0.258607793840352,0.0981981981981982,0.5720930232558139,0.0,1.0,1,0,10,111,335,15928,0.08264462809849053,0.028985507246292796,0.042918454550967974,0.9727783203124406,0.021929824561355418
573,cnn_direct_vector_regression__distance_transform,CNN + Distance-to-stroke,distance_transform,3,3,0,0.3373672856207103,0.08544081489286967,0.9945945945945946,0.0,1.0,1,0,18,149,407,15810,0.10778443113707914,0.04235294117637094,0.060810810405570896,0.966064453124941,0.03135888501736697
573,cnn_direct_vector_regression__local_density,CNN + Local density blur,local_density,3,3,0,0.48083967104961745,0.08544081489286967,0.9619565217391304,0.6,1.0,1,1,20,145,405,15814,0.1212121212113866,0.04705882352930104,0.06779660976636025,0.9664306640624409,0.03508771929818406
574,cnn_direct_vector_regression__distance_transform,CNN + Distance-to-stroke,distance_transform,5,5,0,0.6273108974358974,0.25157407407407406,0.8205128205128205,1.0,1.0,0,0,8,106,273,15997,0.07017543859587565,0.0284697508895784,0.04050632870309246,0.9768676757811904,0.020671834625269583
574,cnn_direct_vector_regression__local_density,CNN + Local density blur,local_density,5,4,1,0.5111702127659574,0.1,0.6808510638297872,1.0,0.8,0,0,5,127,276,15976,0.03787878787850092,0.0177935943059865,0.024213074625494678,0.9754028320311905,0.012254901960754277
575,cnn_direct_vector_regression__distance_transform,CNN + Distance-to-stroke,distance_transform,3,3,0,0.520940170940171,0.0,0.8547008547008547,1.0,1.0,0,0,0,98,322,15964,0.0,0.0,0.0,0.9743652343749405,0.0
575,cnn_direct_vector_regression__local_density,CNN + Local density blur,local_density,3,3,0,0.5231631715327367,0.12269878574226398,0.5897435897435898,1.0,1.0,0,0,4,60,318,16002,0.062499999999023434,0.012422360248408627,0.02072538832430401,0.9769287109374404,0.010471204188454264
576,cnn_direct_vector_regression__distance_transform,CNN + Distance-to-stroke,distance_transform,1,1,0,0.6917337662337663,0.39,0.8311688311688312,1.0,1.0,0,0,2,53,92,16237,0.03636363636297521,0.021276595744454504,0.026845637117787494,0.9911499023436895,0.013605442176778195
576,cnn_direct_vector_regression__local_density,CNN + Local density blur,local_density,1,1,0,0.5110389610389611,0.0,0.8051948051948052,1.0,1.0,0,0,8,51,86,16239,0.13559322033668486,0.08510638297781802,0.10457516292349095,0.9916381835936895,0.05517241379272295
577,cnn_direct_vector_regression__distance_transform,CNN + Distance-to-stroke,distance_transform,5,5,0,0.3511328842620943,0.14492753623188404,0.9295774647887324,0.0,1.0,1,2,22,158,525,15679,0.12222222222154322,0.040219378427714406,0.06052269563825637,0.9583129882811915,0.031205673758820985
577,cnn_direct_vector_regression__local_density,CNN + Local density blur,local_density,5,5,0,0.35980477065290295,0.16211180124223604,0.9342723004694835,0.0,1.0,1,2,15,171,532,15666,0.08064516128988901,0.027422303473441642,0.040927694027713214,0.9570922851561916,0.020891364902477866
578,cnn_direct_vector_regression__distance_transform,CNN + Distance-to-stroke,distance_transform,1,1,0,0.4340579710144927,0.0,0.42028985507246375,1.0,1.0,0,0,2,25,48,16309,0.07407407407133058,0.0399999999992,0.05194805149131389,0.9955444335936892,0.02666666666631111
578,cnn_direct_vector_regression__local_density,CNN + Local density blur,local_density,1,1,0,0.5065217391304347,0.0,0.782608695652174,1.0,1.0,0,0,3,43,47,16291,0.06521739130293006,0.059999999998800006,0.06249999949956598,0.9945068359374393,0.03225806451578217
579,cnn_direct_vector_regression__distance_transform,CNN + Distance-to-stroke,distance_transform,5,5,0,0.3415809716599191,0.22555555555555556,0.7004048582995952,0.0,1.0,0,1,5,161,557,15661,0.030120481927529398,0.00889679715300908,0.013736263384170097,0.9561767578124416,0.006915629322258762
579,cnn_direct_vector_regression__local_density,CNN + Local density blur,local_density,5,5,0,0.2766032388663968,0.09555555555555556,0.6680161943319838,0.0,1.0,0,1,23,130,539,15692,0.1503267973846384,0.040925266903841774,0.06433566399909238,0.9591674804686914,0.03323699421960515
580,cnn_direct_vector_regression__distance_transform,CNN + Distance-to-stroke,distance_transform,5,5,0,0.30619215686274515,0.109760348583878,0.784,0.0,1.0,2,1,15,266,652,15451,0.0533807829179595,0.02248875562215519,0.031645569203081335,0.9439697265624424,0.0160771704179892
580,cnn_direct_vector_regression__local_density,CNN + Local density blur,local_density,5,5,0,0.3234095238095238,0.11142857142857142,0.7413333333333334,0.09999999999999998,1.0,2,1,20,239,647,15478,0.07722007721977908,0.02998500749620692,0.043196543873430866,0.9459228515624423,0.022075055187613605
581,cnn_direct_vector_regression__distance_transform,CNN + Distance-to-stroke,distance_transform,3,3,0,0.3401902748414376,0.22626262626262628,0.6918604651162791,0.0,1.0,1,0,9,101,265,16009,0.08181818181743801,0.03284671532834728,0.04687499959095596,0.9776611328124403,0.023999999999936
581,cnn_direct_vector_regression__local_density,CNN + Local density blur,local_density,3,4,1,0.34133756166314305,0.27144781144781144,0.7209302325581395,0.0,0.75,1,1,1,108,273,16002,0.009174311926521336,0.0036496350364830306,0.00522193170765364,0.9767456054686904,0.002617801047113566
582,cnn_direct_vector_regression__distance_transform,CNN + Distance-to-stroke,distance_transform,3,3,0,0.5643589743589743,0.08888888888888886,0.8717948717948718,1.0,1.0,0,0,0,77,179,16128,0.0,0.0,0.0,0.9843749999999399,0.0
582,cnn_direct_vector_regression__local_density,CNN + Local density blur,local_density,3,3,0,0.6475,0.21666666666666667,1.0,1.0,1.0,0,0,0,68,179,16137,0.0,0.0,0.0,0.9849243164061898,0.0
583,cnn_direct_vector_regression__distance_transform,CNN + Distance-to-stroke,distance_transform,1,1,0,0.38829787234042556,0.0,0.19148936170212771,1.0,1.0,0,0,4,4,146,16230,0.4999999999375,0.02666666666648889,0.05063291129562571,0.9908447265624395,0.025974025973857312
583,cnn_direct_vector_regression__local_density,CNN + Local density blur,local_density,1,1,0,0.4478723404255319,0.0,0.4893617021276596,1.0,1.0,0,0,3,14,147,16220,0.1764705882249135,0.01999999999986667,0.03592814352927678,0.9901733398436895,0.018292682926717728
584,cnn_direct_vector_regression__distance_transform,CNN + Distance-to-stroke,distance_transform,4,4,0,0.49522362385321106,0.05972222222222222,0.591743119266055,1.0,1.0,0,0,8,121,464,15791,0.06201550387548826,0.016949152542336973,0.026622295835814415,0.9642944335936912,0.013490725126452798
584,cnn_direct_vector_regression__local_density,CNN + Local density blur,local_density,4,4,0,0.3228696033459255,0.22207516339869277,0.6146788990825688,0.0,1.0,0,1,39,85,433,15827,0.31451612902972165,0.08262711864389274,0.13087248289150263,0.9683837890624408,0.07001795332123875
585,cnn_direct_vector_regression__distance_transform,CNN + Distance-to-stroke,distance_transform,4,5,1,0.3283020600645321,0.18610021786492373,0.8227848101265822,0.0,0.8,1,0,24,170,547,15643,0.12371134020554789,0.04203152364265844,0.06274509766048272,0.9562377929686916,0.03238866396756763
585,cnn_direct_vector_regression__local_density,CNN + Local density blur,local_density,4,4,0,0.47028149777747696,0.12758288770053475,0.8143459915611815,0.6,1.0,1,1,27,150,544,15663,0.15254237288049413,0.04728546409799075,0.07219251300751738,0.9576416015624415,0.037447988904247644
586,cnn_direct_vector_regression__distance_transform,CNN + Distance-to-stroke,distance_transform,5,4,1,0.2985261053865521,0.1696017382058572,0.7110266159695817,0.0,0.8,2,0,28,138,695,15523,0.16867469879416463,0.03872752420464906,0.06299212568039063,0.949157714843692,0.03252032520321426
586,cnn_direct_vector_regression__local_density,CNN + Local density blur,local_density,5,5,0,0.328998796463877,0.15907632843261207,0.7870722433460076,0.0,1.0,2,0,37,158,686,15503,0.1897435897426167,0.05117565698471483,0.08061002145172322,0.948486328124942,0.04199772985239274
587,cnn_direct_vector_regression__distance_transform,CNN + Distance-to-stroke,distance_transform,2,2,0,0.648132075471698,0.26,0.9056603773584906,1.0,1.0,0,0,0,53,162,16169,0.0,0.0,0.0,0.9868774414061897,0.0
587,cnn_direct_vector_regression__local_density,CNN + Local density blur,local_density,2,2,0,0.2846153846153846,0.0,0.9230769230769231,0.0,1.0,0,1,3,47,159,16175,0.059999999998800006,0.018518518518404206,0.02830188643173728,0.9874267578124397,0.014354066985577254
588,cnn_direct_vector_regression__distance_transform,CNN + Distance-to-stroke,distance_transform,3,3,0,0.5444512195121951,0.01296296296296297,0.943089430894309,1.0,1.0,0,0,1,111,118,16154,0.008928571428491709,0.008403361344467198,0.008658008158392863,0.9860229492186898,0.0043478260869376185
588,cnn_direct_vector_regression__local_density,CNN + Local density blur,local_density,3,3,0,0.260828764619883,0.05590277777777777,0.6783625730994152,0.0,1.0,0,1,1,151,118,16114,0.006578947368377771,0.008403361344467198,0.00738007330809769,0.9835815429686899,0.0037037037036899865
589,cnn_direct_vector_regression__distance_transform,CNN + Distance-to-stroke,distance_transform,3,3,0,0.5907283464566929,0.15000000000000002,0.8661417322834646,1.0,1.0,0,0,3,124,146,16111,0.023622047243908487,0.020134228187784334,0.021739129937801943,0.9835205078124399,0.010989010988970737
589,cnn_direct_vector_regression__local_density,CNN + Local density blur,local_density,3,3,0,0.5280944055944056,0.0038461538461538503,0.8818181818181818,1.0,1.0,0,0,9,88,140,16147,0.09278350515368264,0.06040268456335301,0.0731707312290634,0.9860839843749398,0.037974683544143566
590,cnn_direct_vector_regression__distance_transform,CNN + Distance-to-stroke,distance_transform,2,2,0,0.5149122807017544,0.0,0.8245614035087719,1.0,1.0,0,0,12,83,104,16185,0.12631578947235456,0.10344827586117716,0.11374407533325846,0.9885864257811896,0.060301507537385425
590,cnn_direct_vector_regression__local_density,CNN + Local density blur,local_density,2,2,0,0.6921503327283727,0.3431800766283525,0.9385964912280702,1.0,1.0,0,0,15,92,101,16176,0.1401869158865403,0.12931034482647147,0.13452914748167064,0.9882202148436896,0.07211538461503791
591,cnn_direct_vector_regression__distance_transform,CNN + Distance-to-stroke,distance_transform,5,5,0,0.40947977786433143,0.07615224501932798,0.926056338028169,0.36,1.0,5,4,22,224,602,15536,0.08943089430857955,0.03525641025635376,0.050574712237949536,0.949584960937442,0.025943396226384502
591,cnn_direct_vector_regression__local_density,CNN + Local density blur,local_density,5,5,0,0.4238078206078577,0.23850877192982453,0.9823943661971831,0.08,1.0,5,5,34,211,590,15549,0.1387755102035152,0.05448717948709217,0.07825086265591576,0.9511108398436919,0.04071856287420273
592,cnn_direct_vector_regression__distance_transform,CNN + Distance-to-stroke,distance_transform,3,3,0,0.6067857142857143,0.25,0.7214285714285714,1.0,1.0,0,0,20,83,385,15896,0.1941747572796682,0.04938271604926078,0.07874015715671308,0.9714355468749407,0.040983606557293065
592,cnn_direct_vector_regression__local_density,CNN + Local density blur,local_density,3,3,0,0.3930681818181818,0.24722222222222223,0.9090909090909091,0.0,1.0,0,1,45,101,360,15878,0.3082191780800807,0.11111111111083677,0.1633393825499916,0.9718627929686906,0.08893280632393492
593,cnn_direct_vector_regression__distance_transform,CNN + Distance-to-stroke,distance_transform,5,5,0,0.3164932740960138,0.08738738738738737,0.8858447488584476,0.0,1.0,1,1,29,139,551,15665,0.17261904761802013,0.049999999999913794,0.07754010660335582,0.9578857421874415,0.04033379694013862
593,cnn_direct_vector_regression__local_density,CNN + Local density blur,local_density,5,5,0,0.3488945452301617,0.17562562562562561,0.8493150684931507,0.0,1.0,1,1,24,143,556,15661,0.14371257484943886,0.04137931034475624,0.0642570277651149,0.9573364257811915,0.03319502074684205
594,cnn_direct_vector_regression__distance_transform,CNN + Distance-to-stroke,distance_transform,3,3,0,0.26812500000000006,0.1625,0.475,0.0,1.0,1,0,3,50,256,16075,0.05660377358383767,0.011583011582966861,0.019230768948615223,0.98132324218744,0.00970873786404625
594,cnn_direct_vector_regression__local_density,CNN + Local density blur,local_density,3,3,0,0.23833333333333334,0.0,0.6916666666666667,0.0,1.0,1,1,1,69,258,16056,0.014285714285510204,0.0038610038609889537,0.006079027020592954,0.9800415039061902,0.003048780487795583
595,cnn_direct_vector_regression__distance_transform,CNN + Distance-to-stroke,distance_transform,4,5,1,0.45528762975778553,0.1625,0.8858131487889274,0.5,0.8,2,2,20,231,511,15622,0.07968127490008095,0.03766478342742436,0.05115089470463629,0.9547119140624417,0.026246719160070542
595,cnn_direct_vector_regression__local_density,CNN + Local density blur,local_density,4,5,1,0.32613538062283737,0.1625,0.8650519031141868,0.0,0.8,2,2,6,238,525,15615,0.024590163934325452,0.011299435028227308,0.015483870536271396,0.9534301757811918,0.007802340702200517
596,cnn_direct_vector_regression__distance_transform,CNN + Distance-to-stroke,distance_transform,2,3,1,0.5089743589743589,0.0,0.9615384615384616,1.0,0.6666666666666667,0,0,4,66,235,16079,0.057142857142040815,0.016736401673570142,0.025889967286936676,0.98162841796869,0.013114754098317657
596,cnn_direct_vector_regression__local_density,CNN + Local density blur,local_density,2,2,0,0.5338736559139785,0.005645161290322556,0.9066666666666666,1.0,1.0,0,0,12,54,227,16091,0.181818181815427,0.050209205020710426,0.0786885242505133,0.9828491210936899,0.04095563139917763
597,cnn_direct_vector_regression__distance_transform,CNN + Distance-to-stroke,distance_transform,4,4,0,0.3284130434782609,0.07666666666666666,0.9695652173913043,0.0,1.0,1,0,5,207,427,15745,0.02358490566026611,0.011574074074047282,0.015527949868861166,0.9613037109374413,0.007824726134573044
597,cnn_direct_vector_regression__local_density,CNN + Local density blur,local_density,4,5,1,0.36203346323280244,0.1901282051282051,0.9823788546255506,0.0,0.8,1,1,92,131,340,15821,0.4125560538098092,0.21296296296247,0.2809160300844007,0.9712524414061907,0.16341030195352857
598,cnn_direct_vector_regression__distance_transform,CNN + Distance-to-stroke,distance_transform,5,5,0,0.29747887323943667,0.11333333333333334,0.7323943661971831,0.0,1.0,1,0,11,124,444,15805,0.08148148148087792,0.024175824175771042,0.037288135240178114,0.965332031249941,0.018998272884250437
598,cnn_direct_vector_regression__local_density,CNN + Local density blur,local_density,5,5,0,0.355883450446276,0.1402739321128909,0.9638009049773756,0.0,1.0,1,1,10,190,445,15739,0.04999999999975,0.021978021977973675,0.030534350720727233,0.9612426757811913,0.015503875968968212
599,cnn_direct_vector_regression__distance_transform,CNN + Distance-to-stroke,distance_transform,4,4,0,0.6015358554488989,0.1476504172156346,0.9254658385093167,1.0,1.0,0,0,20,125,367,15872,0.13793103448180738,0.05167958656317396,0.07518796952799058,0.9699707031249408,0.03906249999992371
599,cnn_direct_vector_regression__local_density,CNN + Local density blur,local_density,4,4,0,0.5391844297007341,0.06982323232323231,0.7888198757763976,1.0,1.0,0,0,11,115,376,15882,0.08730158730089443,0.028423772609745677,0.042884989882668555,0.9700317382811907,0.02191235059756591
600,cnn_direct_vector_regression__distance_transform,CNN + Distance-to-stroke,distance_transform,4,4,0,0.3146765410751122,0.12327235772357721,0.7960199004975125,0.0,1.0,0,1,22,170,454,15738,0.11458333333273656,0.04621848739486089,0.06586826306323283,0.9619140624999413,0.03405572755412685
600,cnn_direct_vector_regression__local_density,CNN + Local density blur,local_density,4,4,0,0.38123510923815807,0.30750659195781144,0.7142857142857143,0.0,1.0,0,1,55,160,421,15748,0.2558139534871823,0.11554621848715221,0.15918957988925214,0.9645385742186912,0.08647798742124768
601,cnn_direct_vector_regression__distance_transform,CNN + Distance-to-stroke,distance_transform,1,2,1,0.7329255319148937,0.65,0.7021276595744681,1.0,0.5,0,0,0,72,48,16264,0.0,0.0,0.0,0.9926757812499394,0.0
601,cnn_direct_vector_regression__local_density,CNN + Local density blur,local_density,1,1,0,0.5166666666666667,0.0,0.8333333333333334,1.0,1.0,0,0,0,49,48,16287,0.0,0.0,0.0,0.9940795898436893,0.0
602,cnn_direct_vector_regression__distance_transform,CNN + Distance-to-stroke,distance_transform,5,4,1,0.3059042292579201,0.17335890878090368,0.7394636015325671,0.0,0.8,4,1,13,167,495,15709,0.072222222221821,0.02559055118105199,0.037790697287951265,0.9595947265624414,0.019259259259230728
602,cnn_direct_vector_regression__local_density,CNN + Local density blur,local_density,5,5,0,0.4488074743116246,0.38017242056478534,0.7011494252873562,0.15,1.0,4,1,25,144,483,15732,0.14792899408196492,0.04921259842509998,0.07385524334745565,0.9617309570311913,0.03834355828214978
603,cnn_direct_vector_regression__distance_transform,CNN + Distance-to-stroke,distance_transform,5,5,0,0.31346554005904514,0.07232108317214701,0.9046052631578947,0.0,1.0,1,3,24,215,747,15398,0.10041841004142085,0.031128404669220327,0.04752475211387708,0.9412841796874425,0.024340770791050365
603,cnn_direct_vector_regression__local_density,CNN + Local density blur,local_density,5,5,0,0.3644940832630904,0.1754839277191483,0.9276315789473684,0.0,1.0,1,1,8,235,763,15378,0.032921810699453,0.010376134889740108,0.015779092337707995,0.9390869140624427,0.007952286282298259
604,cnn_direct_vector_regression__distance_transform,CNN + Distance-to-stroke,distance_transform,2,2,0,0.2995543024227235,0.08719298245614034,0.8015873015873016,0.0,1.0,1,1,24,65,355,15940,0.2696629213452847,0.06332453825840811,0.10256410225565234,0.9743652343749405,0.054054054053932314
604,cnn_direct_vector_regression__local_density,CNN + Local density blur,local_density,2,2,0,0.45962732919254656,0.38647342995169087,0.9285714285714286,0.0,1.0,1,0,0,106,379,15899,0.0,0.0,0.0,0.9703979492186907,0.0
605,cnn_direct_vector_regression__distance_transform,CNN + Distance-to-stroke,distance_transform,2,2,0,0.5862777777777778,0.13,0.8888888888888888,1.0,1.0,0,0,0,80,130,16174,0.0,0.0,0.0,0.9871826171874397,0.0
605,cnn_direct_vector_regression__local_density,CNN + Local density blur,local_density,2,3,1,0.2354515503875969,0.06499999999999999,0.6976744186046512,0.0,0.6666666666666667,0,1,0,127,130,16127,0.0,0.0,0.0,0.9843139648436899,0.0
606,cnn_direct_vector_regression__distance_transform,CNN + Distance-to-stroke,distance_transform,1,1,0,0.6995,0.3766666666666667,0.9,1.0,1.0,0,0,3,52,182,16147,0.054545454544462815,0.01621621621612856,0.024999999646493062,0.9857177734374398,0.012658227848047857
606,cnn_direct_vector_regression__local_density,CNN + Local density blur,local_density,1,1,0,0.6821666666666667,0.39,0.7833333333333333,1.0,1.0,0,0,0,48,185,16151,0.0,0.0,0.0,0.9857788085936898,0.0
607,cnn_direct_vector_regression__distance_transform,CNN + Distance-to-stroke,distance_transform,5,5,0,0.5382865644009521,0.04543859649122806,0.8391959798994975,1.0,1.0,0,0,8,145,354,15877,0.05228758169900466,0.02209944751375111,0.031067960747274966,0.9695434570311908,0.0157790927021385
607,cnn_direct_vector_regression__local_density,CNN + Local density blur,local_density,5,5,0,0.2581384554350701,0.020877192982456143,0.7437185929648241,0.0,1.0,0,2,8,132,354,15890,0.05714285714244898,0.02209944751375111,0.03187250955781655,0.9703369140624407,0.016194331983772885
608,cnn_direct_vector_regression__distance_transform,CNN + Distance-to-stroke,distance_transform,1,1,0,0.5136363636363637,0.0,0.8181818181818181,1.0,1.0,0,0,0,34,28,16322,0.0,0.0,0.0,0.9962158203124392,0.0
608,cnn_direct_vector_regression__local_density,CNN + Local density blur,local_density,1,1,0,0.5285,0.12999999999999998,0.6,1.0,1.0,0,0,0,46,28,16310,0.0,0.0,0.0,0.9954833984374392,0.0
609,cnn_direct_vector_regression__distance_transform,CNN + Distance-to-stroke,distance_transform,3,4,1,0.6793646063281824,0.4460493827160494,0.7682119205298014,1.0,0.75,0,0,0,151,367,15866,0.0,0.0,0.0,0.9683837890624408,0.0
609,cnn_direct_vector_regression__local_density,CNN + Local density blur,local_density,3,4,1,0.6041379310344828,0.1796934865900383,0.9913793103448276,1.0,0.75,0,0,13,91,354,15926,0.12499999999879807,0.035422343324154164,0.055201698169463714,0.9728393554686906,0.02838427947592056
610,cnn_direct_vector_regression__distance_transform,CNN + Distance-to-stroke,distance_transform,4,4,0,0.4818449248120301,0.0975,0.4398496240601504,1.0,1.0,0,0,5,109,297,15973,0.04385964912242228,0.016556291390673654,0.024038461140463208,0.9752197265624405,0.012165450121624902
610,cnn_direct_vector_regression__local_density,CNN + Local density blur,local_density,4,4,0,0.43007048872180453,0.004166666666666671,0.39097744360902253,1.0,1.0,0,0,3,98,299,15984,0.029702970296735614,0.009933774834404193,0.014888337093289175,0.9757690429686904,0.00749999999998125
611,cnn_direct_vector_regression__distance_transform,CNN + Distance-to-stroke,distance_transform,4,4,0,0.35187220049087287,0.22096261355695318,0.7621951219512195,0.0,1.0,2,0,5,229,457,15693,0.021367521367430056,0.010822510822487398,0.014367815645569115,0.9581298828124415,0.007235890014461309
611,cnn_direct_vector_regression__local_density,CNN + Local density blur,local_density,4,5,1,0.3584037429053536,0.23520614954577218,0.8628048780487805,0.0,0.8,2,0,15,260,447,15662,0.0545454545452562,0.032467532467462194,0.04070556262570214,0.9568481445311916,0.020775623268669285
612,cnn_direct_vector_regression__distance_transform,CNN + Distance-to-stroke,distance_transform,1,1,0,0.6620454545454545,0.26515151515151514,0.9636363636363636,1.0,1.0,0,0,13,72,226,16073,0.1529411764687889,0.05439330543910296,0.08024691319271071,0.98181152343744,0.04180064308668231
612,cnn_direct_vector_regression__local_density,CNN + Local density blur,local_density,1,1,0,0.9659090909090908,0.9363636363636362,0.9727272727272728,1.0,1.0,0,0,0,77,239,16068,0.0,0.0,0.0,0.9807128906249402,0.0
613,cnn_direct_vector_regression__distance_transform,CNN + Distance-to-stroke,distance_transform,1,1,0,0.6531521739130435,0.24855072463768116,0.9565217391304348,1.0,1.0,0,0,5,39,42,16298,0.113636363633781,0.10638297872114079,0.10989010938823814,0.9950561523436893,0.05813953488304489
613,cnn_direct_vector_regression__local_density,CNN + Local density blur,local_density,1,1,0,0.7389185938945421,0.4292753623188405,0.9787234042553191,1.0,1.0,0,0,0,48,47,16289,0.0,0.0,0.0,0.9942016601561893,0.0
614,cnn_direct_vector_regression__distance_transform,CNN + Distance-to-stroke,distance_transform,4,4,0,0.41937682675700816,0.3412749287749288,0.8290155440414508,0.0,1.0,1,0,49,112,402,15821,0.30434782608506616,0.10864745011062385,0.16013071856599495,0.9686279296874408,0.08703374777959674
614,cnn_direct_vector_regression__local_density,CNN + Local density blur,local_density,4,4,0,0.3471425487293363,0.15542328042328044,0.8860103626943006,0.0,1.0,1,1,3,153,448,15780,0.01923076923064596,0.00665188470065044,0.009884678366004538,0.9633178710936912,0.00496688741721032
615,cnn_direct_vector_regression__distance_transform,CNN + Distance-to-stroke,distance_transform,1,1,0,0.5135847457627118,0.12999999999999998,0.5254237288135593,1.0,1.0,0,0,8,24,174,16178,0.24999999999218753,0.043956043955802444,0.07476635488514281,0.9879150390624397,0.03883495145612216
615,cnn_direct_vector_regression__local_density,CNN + Local density blur,local_density,1,1,0,0.6848220338983051,0.39,0.7966101694915254,1.0,1.0,0,0,0,48,182,16154,0.0,0.0,0.0,0.9859619140624398,0.0
616,cnn_direct_vector_regression__distance_transform,CNN + Distance-to-stroke,distance_transform,2,2,0,0.5052982954545454,0.02187499999999999,0.7272727272727273,1.0,1.0,0,0,8,24,119,16233,0.24999999999218753,0.06299212598375596,0.10062893049483801,0.9912719726561895,0.05298013244998027
616,cnn_direct_vector_regression__local_density,CNN + Local density blur,local_density,2,2,0,0.5716666666666667,0.16666666666666663,0.7333333333333334,1.0,1.0,0,0,1,56,126,16201,0.01754385964881502,0.007874015747969495,0.010869564789638487,0.9888916015624396,0.005464480874287079
617,cnn_direct_vector_regression__distance_transform,CNN + Distance-to-stroke,distance_transform,5,5,0,0.3162419944309085,0.1057843137254902,0.8431952662721893,0.0,1.0,3,3,26,230,732,15396,0.10156249999960328,0.03430079155668298,0.05128205090449681,0.9412841796874425,0.026315789473657574
617,cnn_direct_vector_regression__local_density,CNN + Local density blur,local_density,5,5,0,0.3002871328173581,0.10714694866710729,0.7603550295857988,0.0,1.0,3,0,28,204,730,15422,0.12068965517189359,0.036939313984120134,0.05656565620668912,0.9429931640624424,0.02910602910599885
618,cnn_direct_vector_regression__distance_transform,CNN + Distance-to-stroke,distance_transform,1,1,0,0.5023809523809524,0.0,0.7619047619047619,1.0,1.0,0,0,8,13,45,16318,0.3809523809342404,0.15094339622356712,0.2162162158038715,0.9964599609374392,0.12121212121028466
618,cnn_direct_vector_regression__local_density,CNN + Local density blur,local_density,1,1,0,0.4603448275862069,0.0,0.5517241379310345,1.0,1.0,0,0,0,30,53,16301,0.0,0.0,0.0,0.9949340820311893,0.0
619,cnn_direct_vector_regression__distance_transform,CNN + Distance-to-stroke,distance_transform,1,1,0,0.5071428571428571,0.0,0.7857142857142857,1.0,1.0,0,0,2,38,22,16322,0.04999999999875,0.0833333333298611,0.06249999952929688,0.9963378906249392,0.032258064515608746
619,cnn_direct_vector_regression__local_density,CNN + Local density blur,local_density,1,1,0,0.4833333333333334,0.0,0.6666666666666667,1.0,1.0,0,0,1,21,23,16339,0.04545454545247934,0.04166666666493055,0.04347826036862004,0.997314453124939,0.022222222221728396
620,cnn_direct_vector_regression__distance_transform,CNN + Distance-to-stroke,distance_transform,4,4,0,0.2879057818141054,0.0878980743610156,0.7417582417582418,0.0,1.0,2,1,17,103,538,15726,0.1416666666654861,0.03063063063057544,0.05037037007787545,0.9608764648436914,0.025835866261358913
620,cnn_direct_vector_regression__local_density,CNN + Local density blur,local_density,4,4,0,0.3699037804300962,0.22860180754917597,0.8351648351648352,0.0,1.0,2,0,37,93,518,15736,0.2846153846131953,0.06666666666654655,0.10802919677244818,0.9627075195311913,0.05709876543201065
621,cnn_direct_vector_regression__distance_transform,CNN + Distance-to-stroke,distance_transform,1,1,0,0.7075,0.35,1.0,1.0,1.0,0,0,17,18,93,16256,0.4857142857004082,0.15454545454404958,0.23448275825122475,0.9932250976561894,0.1328124999989624
621,cnn_direct_vector_regression__local_density,CNN + Local density blur,local_density,1,1,0,0.7889444444444444,0.5433333333333333,0.9722222222222222,1.0,1.0,0,0,0,37,110,16237,0.0,0.0,0.0,0.9910278320311895,0.0
622,cnn_direct_vector_regression__distance_transform,CNN + Distance-to-stroke,distance_transform,2,2,0,0.4854838709677419,0.0,0.6774193548387097,1.0,1.0,0,0,11,53,129,16191,0.17187499999731445,0.07857142857086735,0.10784313682324106,0.9888916015624396,0.05699481865255444
622,cnn_direct_vector_regression__local_density,CNN + Local density blur,local_density,2,2,0,0.6113586956521739,0.175,0.9130434782608696,1.0,1.0,0,0,0,41,140,16203,0.0,0.0,0.0,0.9889526367186896,0.0
623,cnn_direct_vector_regression__distance_transform,CNN + Distance-to-stroke,distance_transform,2,2,0,0.46333881578947367,0.006250000000000006,0.5526315789473684,1.0,1.0,0,0,0,23,136,16225,0.0,0.0,0.0,0.9902954101561895,0.0
623,cnn_direct_vector_regression__local_density,CNN + Local density blur,local_density,2,2,0,0.5018321078431373,0.006250000000000006,0.7450980392156863,1.0,1.0,0,0,0,48,136,16200,0.0,0.0,0.0,0.9887695312499396,0.0
624,cnn_direct_vector_regression__distance_transform,CNN + Distance-to-stroke,distance_transform,1,1,0,0.6346241830065359,0.21274509803921565,0.9444444444444444,1.0,1.0,0,0,22,15,85,16262,0.5945945945785245,0.20560747663359244,0.30555555516946376,0.9938964843749393,0.18032786885098093
624,cnn_direct_vector_regression__local_density,CNN + Local density blur,local_density,1,1,0,0.5604411764705882,0.07549019607843133,0.8823529411764706,1.0,1.0,0,0,18,13,89,16264,0.580645161271592,0.16822429906384836,0.2608695648652594,0.9937744140624393,0.14999999999875
625,cnn_direct_vector_regression__distance_transform,CNN + Distance-to-stroke,distance_transform,2,2,0,0.476530612244898,0.0,0.6326530612244898,1.0,1.0,0,0,3,48,30,16303,0.05882352941061131,0.0909090909063361,0.07142857094982995,0.9952392578124393,0.03703703703657979
625,cnn_direct_vector_regression__local_density,CNN + Local density blur,local_density,2,2,0,0.4275,0.0,0.38749999999999996,1.0,1.0,0,0,3,77,30,16274,0.03749999999953125,0.0909090909063361,0.05309734471830214,0.9934692382811894,0.027272727272479338
626,cnn_direct_vector_regression__distance_transform,CNN + Distance-to-stroke,distance_transform,5,5,0,0.6568043478260869,0.2547342995169082,0.9608695652173913,1.0,1.0,0,0,1,207,524,15652,0.004807692307669194,0.0019047619047582766,0.0027285125539440276,0.9553833007811917,0.0013661202185773686
626,cnn_direct_vector_regression__local_density,CNN + Local density blur,local_density,5,5,0,0.33210862678253983,0.1413565739652696,0.8424908424908425,0.0,1.0,0,3,24,237,501,15622,0.09195402298815343,0.04571428571419864,0.061068701846327914,0.9549560546874417,0.03149606299208465
627,cnn_direct_vector_regression__distance_transform,CNN + Distance-to-stroke,distance_transform,5,5,0,0.4185160427807486,0.1800356506238859,1.0,0.15,1.0,2,4,11,259,688,15426,0.04074074074058985,0.01573676680970567,0.022703817967408665,0.9421997070311925,0.011482254697274027
627,cnn_direct_vector_regression__local_density,CNN + Local density blur,local_density,5,5,0,0.31583804160919104,0.08859180035650624,0.8798586572438163,0.0,1.0,2,0,37,207,662,15478,0.1516393442616736,0.0529327610871918,0.07847295825886787,0.9469604492186922,0.04083885209708517
628,cnn_direct_vector_regression__distance_transform,CNN + Distance-to-stroke,distance_transform,3,4,1,0.34025637974590855,0.22645687645687643,0.8167539267015707,0.0,0.75,1,0,12,171,347,15854,0.06557377049144496,0.03342618384391803,0.04428044235698725,0.9683837890624408,0.022641509433919543
628,cnn_direct_vector_regression__local_density,CNN + Local density blur,local_density,3,4,1,0.3401735911147676,0.2185081585081585,0.8342245989304813,0.0,0.75,1,0,35,131,324,15894,0.21084337349270577,0.0974930362114276,0.13333333290039728,0.9722290039061906,0.07142857142842565
629,cnn_direct_vector_regression__distance_transform,CNN + Distance-to-stroke,distance_transform,1,1,0,0.48750000000000004,0.0,0.6875,1.0,1.0,0,0,3,6,54,16321,0.3333333332962963,0.052631578946445066,0.0909090906707989,0.9963378906249392,0.04761904761829176
629,cnn_direct_vector_regression__local_density,CNN + Local density blur,local_density,1,1,0,0.48750000000000004,0.0,0.6875,1.0,1.0,0,0,9,3,48,16324,0.7499999999375,0.1578947368393352,0.2608695649224953,0.9968872070311892,0.14999999999750002
630,cnn_direct_vector_regression__distance_transform,CNN + Distance-to-stroke,distance_transform,1,1,0,0.5430263157894737,0.04298245614035089,0.868421052631579,1.0,1.0,0,0,2,32,80,16270,0.05882352941003461,0.024390243902141583,0.034482758205707495,0.9931640624999394,0.017543859648968912
630,cnn_direct_vector_regression__local_density,CNN + Local density blur,local_density,1,1,0,0.6417105263157895,0.22719298245614036,0.9473684210526316,1.0,1.0,0,0,8,23,74,16279,0.2580645161207076,0.09756097560856633,0.14159291995332443,0.9940795898436893,0.07619047618975057
631,cnn_direct_vector_regression__distance_transform,CNN + Distance-to-stroke,distance_transform,1,1,0,0.8092854833970026,0.5815447154471545,0.9879518072289156,1.0,1.0,0,0,9,75,242,16058,0.10714285714158163,0.03585657370503643,0.05373134290751615,0.9806518554686902,0.0276073619631055
631,cnn_direct_vector_regression__local_density,CNN + Local density blur,local_density,1,1,0,0.5703048780487805,0.0939024390243902,0.8902439024390244,1.0,1.0,0,0,0,74,251,16059,0.0,0.0,0.0,0.9801635742186902,0.0
632,cnn_direct_vector_regression__distance_transform,CNN + Distance-to-stroke,distance_transform,3,3,0,0.6141789215686274,0.20187908496732027,0.8666666666666667,1.0,1.0,0,0,0,146,183,16055,0.0,0.0,0.0,0.9799194335936902,0.0
632,cnn_direct_vector_regression__local_density,CNN + Local density blur,local_density,3,2,1,0.5457777777777778,0.17333333333333334,0.7555555555555555,1.0,0.6666666666666667,0,0,0,136,183,16065,0.0,0.0,0.0,0.9805297851561902,0.0
633,cnn_direct_vector_regression__distance_transform,CNN + Distance-to-stroke,distance_transform,3,3,0,0.5639223300970874,0.17333333333333334,0.6796116504854368,1.0,1.0,0,0,0,72,222,16090,0.0,0.0,0.0,0.98205566406244,0.0
633,cnn_direct_vector_regression__local_density,CNN + Local density blur,local_density,3,3,0,0.5383683926645092,0.0302469135802469,0.8737864077669903,1.0,1.0,0,0,14,69,208,16093,0.1686746987931485,0.06306306306277899,0.09180327829177104,0.9830932617186899,0.04810996563557351
634,cnn_direct_vector_regression__distance_transform,CNN + Distance-to-stroke,distance_transform,1,1,0,0.4833333333333334,0.0,0.6666666666666667,1.0,1.0,0,0,0,23,17,16344,0.0,0.0,0.0,0.997558593749939,0.0
634,cnn_direct_vector_regression__local_density,CNN + Local density blur,local_density,1,1,0,0.46851851851851856,0.0,0.5925925925925926,1.0,1.0,0,0,0,24,17,16343,0.0,0.0,0.0,0.997497558593689,0.0
635,cnn_direct_vector_regression__distance_transform,CNN + Distance-to-stroke,distance_transform,5,4,1,0.2462388888888889,0.04225925925925925,0.7361111111111112,0.0,0.8,2,0,6,149,393,15836,0.0387096774191051,0.015037593984924718,0.021660649416407104,0.9669189453124409,0.010948905109469071
635,cnn_direct_vector_regression__local_density,CNN + Local density blur,local_density,5,4,1,0.36069189814814817,0.20194907407407406,0.9490740740740741,0.0,0.8,2,2,20,176,379,15809,0.10204081632601,0.050125313283082396,0.06722689031427725,0.966125488281191,0.03478260869559168
636,cnn_direct_vector_regression__distance_transform,CNN + Distance-to-stroke,distance_transform,4,5,1,0.30732541292379023,0.11764705882352941,0.8719211822660098,0.0,0.8,1,1,7,169,426,15782,0.03977272727250129,0.01616628175515897,0.022988505336094336,0.9636840820311912,0.011627906976724871
636,cnn_direct_vector_regression__local_density,CNN + Local density blur,local_density,4,4,0,0.43050868884714855,0.29658745304839806,0.9852216748768473,0.0,1.0,1,0,6,181,427,15770,0.03208556149715462,0.013856812932993403,0.019354838288329873,0.9628906249999412,0.009771986970668124
637,cnn_direct_vector_regression__distance_transform,CNN + Distance-to-stroke,distance_transform,3,4,1,0.5732421383647799,0.11,0.9937106918238994,1.0,0.75,0,0,1,151,268,15964,0.006578947368377771,0.0037174721189452884,0.004750593362822417,0.9744262695311905,0.002380952380946712
637,cnn_direct_vector_regression__local_density,CNN + Local density blur,local_density,3,3,0,0.30607278481012656,0.08944444444444444,0.8291139240506329,0.0,1.0,0,1,0,127,269,15988,0.0,0.0,0.0,0.9758300781249404,0.0
638,cnn_direct_vector_regression__distance_transform,CNN + Distance-to-stroke,distance_transform,4,5,1,0.4415280330145957,0.3746006367460498,0.9647887323943662,0.0,0.8,1,1,55,216,638,15475,0.2029520295195463,0.07936507936496484,0.11410788341300727,0.9478759765624422,0.06050605060499394
638,cnn_direct_vector_regression__local_density,CNN + Local density blur,local_density,4,5,1,0.42756702266782914,0.36520270270270266,0.9161290322580645,0.0,0.8,1,1,15,282,678,15409,0.05050505050488046,0.021645021644990412,0.03030302988296909,0.9414062499999425,0.015384615384599606
639,cnn_direct_vector_regression__distance_transform,CNN + Distance-to-stroke,distance_transform,1,1,0,0.5227272727272727,0.0,0.8636363636363636,1.0,1.0,0,0,0,22,66,16296,0.0,0.0,0.0,0.9946289062499393,0.0
639,cnn_direct_vector_regression__local_density,CNN + Local density blur,local_density,1,1,0,0.7075,0.35,1.0,1.0,1.0,0,0,0,16,66,16302,0.0,0.0,0.0,0.9949951171874393,0.0
640,cnn_direct_vector_regression__distance_transform,CNN + Distance-to-stroke,distance_transform,3,3,0,0.6315384615384615,0.2222222222222222,0.9076923076923077,1.0,1.0,0,0,3,48,149,16184,0.05882352941061131,0.019736842105133313,0.029556649869785737,0.9879760742186897,0.014999999999925
640,cnn_direct_vector_regression__local_density,CNN + Local density blur,local_density,3,3,0,0.5233461538461538,0.04333333333333333,0.7692307692307692,1.0,1.0,0,0,0,48,152,16184,0.0,0.0,0.0,0.9877929687499397,0.0
641,cnn_direct_vector_regression__distance_transform,CNN + Distance-to-stroke,distance_transform,5,5,0,0.34934391124871,0.12743091388602223,0.96,0.0,1.0,2,3,48,176,627,15533,0.21428571428475765,0.07111111111100576,0.106785316644508,0.9509887695311919,0.05640423031720752
641,cnn_direct_vector_regression__local_density,CNN + Local density blur,local_density,5,4,1,0.2771697368421053,0.12526608187134503,0.704,0.0,0.8,2,0,14,145,661,15564,0.08805031446485503,0.020740740740710015,0.033573141178128006,0.9508056640624419,0.017073170731686495
642,cnn_direct_vector_regression__distance_transform,CNN + Distance-to-stroke,distance_transform,2,2,0,0.35747340425531915,0.175,0.8936170212765957,0.0,1.0,1,0,0,41,146,16197,0.0,0.0,0.0,0.9885864257811896,0.0
642,cnn_direct_vector_regression__local_density,CNN + Local density blur,local_density,2,1,1,0.13034574468085106,0.008333333333333323,0.3829787234042553,0.0,0.5,1,0,3,12,143,16226,0.19999999998666668,0.020547945205338713,0.037267080575903715,0.9905395507811895,0.018987341772031728
643,cnn_direct_vector_regression__distance_transform,CNN + Distance-to-stroke,distance_transform,1,1,0,0.7064761904761904,0.3688888888888888,0.9523809523809523,1.0,1.0,0,0,0,41,43,16300,0.0,0.0,0.0,0.9948730468749393,0.0
643,cnn_direct_vector_regression__local_density,CNN + Local density blur,local_density,1,1,0,0.7663095238095238,0.65,0.6190476190476191,1.0,1.0,0,0,0,27,43,16314,0.0,0.0,0.0,0.9957275390624392,0.0
644,cnn_direct_vector_regression__distance_transform,CNN + Distance-to-stroke,distance_transform,4,3,1,0.2444901315789474,0.06319444444444444,0.7052631578947368,0.0,0.75,1,0,1,56,177,16150,0.01754385964881502,0.005617977528058326,0.008510637930357643,0.9857788085936898,0.004273504273486011
644,cnn_direct_vector_regression__local_density,CNN + Local density blur,local_density,4,4,0,0.26819736842105263,0.065,0.6947368421052631,0.0,1.0,1,0,5,61,173,16145,0.07575757575642791,0.028089887640291633,0.040983606162389156,0.9857177734374398,0.020920502091962678
645,cnn_direct_vector_regression__distance_transform,CNN + Distance-to-stroke,distance_transform,3,4,1,0.5098935107579967,0.02665847665847665,0.8644859813084113,1.0,0.75,0,0,20,156,592,15616,0.11363636363571798,0.0326797385620381,0.05076142097273828,0.9543457031249417,0.026041666666632757
645,cnn_direct_vector_regression__local_density,CNN + Local density blur,local_density,3,3,0,0.621428207306712,0.2127272727272727,0.8785046728971962,1.0,1.0,0,0,24,121,588,15651,0.16551724137816887,0.03921568627444573,0.06340818991469142,0.9567260742186916,0.03274215552519408
646,cnn_direct_vector_regression__distance_transform,CNN + Distance-to-stroke,distance_transform,2,2,0,0.6048214285714286,0.325,0.5428571428571429,1.0,1.0,0,0,0,21,67,16296,0.0,0.0,0.0,0.9946289062499393,0.0
646,cnn_direct_vector_regression__local_density,CNN + Local density blur,local_density,2,2,0,0.495776825633383,0.06893939393939393,0.5737704918032787,1.0,1.0,0,0,0,56,67,16261,0.0,0.0,0.0,0.9924926757811894,0.0
647,cnn_direct_vector_regression__distance_transform,CNN + Distance-to-stroke,distance_transform,1,1,0,0.46875,0.0,0.59375,1.0,1.0,0,0,2,17,103,16262,0.10526315788919667,0.019047619047437642,0.032258064256113425,0.9926757812499394,0.016393442622816445
647,cnn_direct_vector_regression__local_density,CNN + Local density blur,local_density,1,1,0,0.48913043478260865,0.0,0.6956521739130435,1.0,1.0,0,0,15,31,90,16248,0.3260869565146503,0.1428571428557823,0.1986754962624446,0.9926147460936894,0.11029411764624784
648,cnn_direct_vector_regression__distance_transform,CNN + Distance-to-stroke,distance_transform,1,1,0,0.5399742268041238,0.03728522336769757,0.865979381443299,1.0,1.0,0,0,15,64,221,16084,0.1898734177191155,0.06355932203362899,0.09523809486169817,0.98260498046869,0.04999999999983334
648,cnn_direct_vector_regression__local_density,CNN + Local density blur,local_density,1,1,0,0.4984536082474227,0.0,0.7422680412371134,1.0,1.0,0,0,14,54,222,16094,0.20588235293814877,0.059322033898053725,0.0921052628099896,0.9831542968749399,0.04827586206879905
649,cnn_direct_vector_regression__distance_transform,CNN + Distance-to-stroke,distance_transform,1,1,0,0.512962962962963,0.0,0.8148148148148149,1.0,1.0,0,0,12,10,78,16284,0.545454545429752,0.13333333333185185,0.21428571396619897,0.9946289062499393,0.1199999999988
649,cnn_direct_vector_regression__local_density,CNN + Local density blur,local_density,1,1,0,0.475925925925926,0.0,0.6296296296296297,1.0,1.0,0,0,3,13,87,16281,0.18749999998828126,0.03333333333296296,0.056603773327518696,0.9938964843749393,0.02912621359195023
650,cnn_direct_vector_regression__distance_transform,CNN + Distance-to-stroke,distance_transform,1,1,0,0.475925925925926,0.0,0.6296296296296297,1.0,1.0,0,0,17,11,43,16313,0.6071428571211734,0.2833333333286111,0.38636363592097106,0.9967041015624392,0.2394366197149375
650,cnn_direct_vector_regression__local_density,CNN + Local density blur,local_density,1,1,0,0.5029411764705882,0.0,0.7647058823529411,1.0,1.0,0,0,0,14,60,16310,0.0,0.0,0.0,0.9954833984374392,0.0
651,cnn_direct_vector_regression__distance_transform,CNN + Distance-to-stroke,distance_transform,2,2,0,0.6268854166666666,0.1827083333333333,0.9733333333333334,1.0,1.0,0,0,2,62,106,16214,0.031249999999511717,0.01851851851834705,0.023255813485938356,0.9897460937499396,0.011764705882283738
651,cnn_direct_vector_regression__local_density,CNN + Local density blur,local_density,2,2,0,0.5445205479452054,0.0,0.9726027397260274,1.0,1.0,0,0,6,65,102,16211,0.08450704225233088,0.05555555555504115,0.06703910566586561,0.9898071289061896,0.034682080924655016
652,cnn_direct_vector_regression__distance_transform,CNN + Distance-to-stroke,distance_transform,4,4,0,0.5816536112367426,0.08917375001762026,0.9576271186440678,1.0,1.0,0,0,18,211,462,15693,0.07860262008699301,0.037499999999921874,0.050775740042070416,0.9589233398436915,0.02604920405206071
652,cnn_direct_vector_regression__local_density,CNN + Local density blur,local_density,4,5,1,0.7491609994676605,0.5839102564102564,0.7820069204152249,1.0,0.8,0,0,7,287,473,15617,0.023809523809442824,0.014583333333302952,0.018087854825985364,0.9536132812499418,0.009126466753573498
653,cnn_direct_vector_regression__distance_transform,CNN + Distance-to-stroke,distance_transform,1,1,0,0.6268548387096774,0.19946236559139782,0.935483870967742,1.0,1.0,0,0,25,5,77,16277,0.8333333333055556,0.24509803921328335,0.37878787843089984,0.9949951171874393,0.2336448598109005
653,cnn_direct_vector_regression__local_density,CNN + Local density blur,local_density,1,1,0,0.6673790322580645,0.2747311827956989,0.96875,1.0,1.0,0,0,5,23,97,16259,0.178571428565051,0.049019607842656666,0.07692307658390532,0.9926757812499394,0.03999999999968
654,cnn_direct_vector_regression__distance_transform,CNN + Distance-to-stroke,distance_transform,1,1,0,0.44122807017543864,0.0,0.45614035087719296,1.0,1.0,0,0,1,26,40,16317,0.03703703703566529,0.024390243901844143,0.029411764226211085,0.9959716796874392,0.01492537313410559
654,cnn_direct_vector_regression__local_density,CNN + Local density blur,local_density,1,1,0,0.6483070175438596,0.38999999999999996,0.6140350877192983,1.0,1.0,0,0,7,20,34,16323,0.25925925924965704,0.170731707312909,0.20588235245631487,0.9967041015624392,0.11475409835877452
655,cnn_direct_vector_regression__distance_transform,CNN + Distance-to-stroke,distance_transform,5,4,1,0.5459089834515367,0.061358024691358024,0.9414893617021276,1.0,0.8,0,0,4,169,379,15832,0.023121387283103347,0.010443864229737745,0.014388488779909179,0.9665527343749409,0.0072463768115810755
655,cnn_direct_vector_regression__local_density,CNN + Local density blur,local_density,5,5,0,0.556807388606881,0.035432098765432095,0.9543147208121827,1.0,1.0,0,0,15,171,368,15830,0.08064516128988901,0.03916449086151654,0.05272407688839608,0.9671020507811909,0.027075812274319357
656,cnn_direct_vector_regression__distance_transform,CNN + Distance-to-stroke,distance_transform,3,4,1,0.5886564296535601,0.19136960600375238,0.8877005347593583,1.0,0.75,0,0,14,151,414,15805,0.08484848484797063,0.03271028037375535,0.04721753754085466,0.965515136718691,0.024179620034500554
656,cnn_direct_vector_regression__local_density,CNN + Local density blur,local_density,3,4,1,0.569772820855959,0.11990332072299285,0.9540816326530612,1.0,0.75,0,0,16,160,412,15796,0.09090909090857438,0.037383177570006115,0.05298013203719135,0.965087890624941,0.02721088435369522
657,cnn_direct_vector_regression__distance_transform,CNN + Distance-to-stroke,distance_transform,5,5,0,0.5526851851851852,0.03888888888888889,0.9259259259259259,1.0,1.0,0,0,5,164,547,15668,0.029585798816392984,0.009057971014476345,0.013869625161162752,0.9566040039061916,0.006983240223453934
657,cnn_direct_vector_regression__local_density,CNN + Local density blur,local_density,5,4,1,0.5445687830687831,0.07,0.9153439153439153,1.0,0.8,0,0,6,159,546,15673,0.03636363636341598,0.010869565217371613,0.01673640131925796,0.9569702148436916,0.008438818565388976
658,cnn_direct_vector_regression__distance_transform,CNN + Distance-to-stroke,distance_transform,4,4,0,0.5824818840579711,0.1115338164251208,0.9114583333333334,1.0,1.0,0,0,9,167,398,15810,0.051136363636073094,0.02211302211296778,0.030874785170158504,0.965515136718691,0.015679442508683486
658,cnn_direct_vector_regression__local_density,CNN + Local density blur,local_density,4,5,1,0.3129054711660906,0.1921376811594203,0.7322175732217573,0.0,0.8,0,1,11,206,396,15771,0.05069124423939774,0.027027027026960623,0.03525640980265349,0.9632568359374412,0.01794453507338019
659,cnn_direct_vector_regression__distance_transform,CNN + Distance-to-stroke,distance_transform,5,5,0,0.5237621148952298,0.02997364953886692,0.8013698630136986,1.0,1.0,0,0,0,148,261,15975,0.0,0.0,0.0,0.9750366210936905,0.0
659,cnn_direct_vector_regression__local_density,CNN + Local density blur,local_density,5,4,1,0.2532943143812709,0.11159420289855071,0.6153846153846154,0.0,0.8,0,1,8,57,253,16066,0.12307692307502958,0.030651340996051147,0.04907975428166285,0.98107910156244,0.025157232704323407
660,cnn_direct_vector_regression__distance_transform,CNN + Distance-to-stroke,distance_transform,2,2,0,0.6110833333333333,0.195,0.8666666666666667,1.0,1.0,0,0,14,55,215,16100,0.2028985507216971,0.06113537117877234,0.0939597311871312,0.9835205078124399,0.04929577464771375
660,cnn_direct_vector_regression__local_density,CNN + Local density blur,local_density,2,2,0,0.6262148704789834,0.26364247311827954,0.7878787878787878,1.0,1.0,0,0,0,101,229,16054,0.0,0.0,0.0,0.9798583984374402,0.0
661,cnn_direct_vector_regression__distance_transform,CNN + Distance-to-stroke,distance_transform,3,4,1,0.3515106109920352,0.18454790823211878,0.9673202614379085,0.0,0.75,0,1,16,127,262,15979,0.11188811188732946,0.05755395683432535,0.07600950073870043,0.9762573242186904,0.039506172839408625
661,cnn_direct_vector_regression__local_density,CNN + Local density blur,local_density,3,3,0,0.3080543510543511,0.12300366300366299,0.7635135135135135,0.0,1.0,0,1,9,83,269,16023,0.09782608695545841,0.032374100719308005,0.048648648274740684,0.9785156249999403,0.024930747922368615
662,cnn_direct_vector_regression__distance_transform,CNN + Distance-to-stroke,distance_transform,4,5,1,0.3435270708226099,0.16595441595441596,0.9442379182156134,0.0,0.8,0,1,16,255,461,15652,0.0590405904056862,0.03354297693913304,0.0427807482009101,0.9562988281249416,0.021857923497237898
662,cnn_direct_vector_regression__local_density,CNN + Local density blur,local_density,4,5,1,0.30567131237157097,0.0815442987084778,0.9448818897637795,0.0,0.8,0,3,5,219,472,15688,0.022321428571328922,0.010482180293479073,0.014265334800466435,0.9578247070311915,0.00718390804596669
663,cnn_direct_vector_regression__distance_transform,CNN + Distance-to-stroke,distance_transform,3,3,0,0.5288334977362976,0.08094471282877079,0.7120418848167539,1.0,1.0,0,0,5,126,303,15950,0.038167938931006354,0.016233766233713528,0.022779042861359174,0.9738159179686905,0.011520737327162394
663,cnn_direct_vector_regression__local_density,CNN + Local density blur,local_density,3,3,0,0.3245287958115184,0.07777777777777778,0.9476439790575917,0.0,1.0,0,1,1,160,307,15916,0.006211180124185024,0.0032467532467427055,0.004264391873195751,0.9714965820311907,0.002136752136747571
664,cnn_direct_vector_regression__distance_transform,CNN + Distance-to-stroke,distance_transform,5,5,0,0.4299381818084256,0.3560116536065903,0.8486646884272997,0.0,1.0,2,1,80,241,537,15526,0.24922118379984667,0.1296596434357704,0.1705756925131796,0.9525146484374418,0.09324009323998457
664,cnn_direct_vector_regression__local_density,CNN + Local density blur,local_density,5,5,0,0.42721565967091246,0.17418530646378746,0.910828025477707,0.26666666666666666,1.0,2,3,86,208,531,15559,0.29251700680172615,0.13938411669345319,0.18880351218593094,0.9548950195311917,0.10424242424229789
665,cnn_direct_vector_regression__distance_transform,CNN + Distance-to-stroke,distance_transform,5,5,0,0.34893584193584193,0.08060778727445393,0.6883116883116883,0.3,1.0,2,1,12,183,757,15432,0.06153846153814596,0.015604681404401034,0.024896265237386153,0.9426269531249425,0.012605042016793482
665,cnn_direct_vector_regression__local_density,CNN + Local density blur,local_density,5,5,0,0.2909555444555445,0.05205128205128205,0.8376623376623377,0.0,1.0,2,0,13,212,756,15403,0.05777777777752099,0.016905071521434455,0.0261569412996065,0.9409179687499425,0.01325178389397222
666,cnn_direct_vector_regression__distance_transform,CNN + Distance-to-stroke,distance_transform,2,2,0,0.6005050522175505,0.1430365296803653,0.9306930693069306,1.0,1.0,0,0,25,65,292,16002,0.27777777777469137,0.07886435331205406,0.12285012250505588,0.9782104492186903,0.06544502617783915
666,cnn_direct_vector_regression__local_density,CNN + Local density blur,local_density,2,3,1,0.2618162393162393,0.049999999999999996,0.8632478632478633,0.0,0.6666666666666667,0,1,19,90,298,15977,0.17431192660390538,0.05993690851716108,0.08920187755305385,0.9763183593749404,0.04668304668293198
667,cnn_direct_vector_regression__distance_transform,CNN + Distance-to-stroke,distance_transform,1,1,0,0.5188311688311689,0.0,0.8441558441558441,1.0,1.0,0,0,15,50,221,16098,0.23076923076568046,0.06355932203362899,0.09966777374708886,0.9834594726561899,0.05244755244736907
667,cnn_direct_vector_regression__local_density,CNN + Local density blur,local_density,1,1,0,0.4850649350649351,0.0,0.6753246753246753,1.0,1.0,0,0,14,38,222,16110,0.26923076922559175,0.059322033898053725,0.09722222192563656,0.9841308593749399,0.05109489051076243
668,cnn_direct_vector_regression__distance_transform,CNN + Distance-to-stroke,distance_transform,5,5,0,0.3441732488822653,0.1789708561020036,0.8181818181818181,0.0,1.0,2,2,20,183,752,15429,0.0985221674871994,0.02590673575126178,0.04102564069584537,0.9429321289061924,0.02094240837694142
668,cnn_direct_vector_regression__local_density,CNN + Local density blur,local_density,5,5,0,0.3558340450533074,0.1660336976320583,0.9055944055944056,0.0,1.0,2,3,29,212,743,15400,0.12033195020696959,0.03756476683932958,0.05725567584655159,0.9417114257811925,0.029471544715417203
669,cnn_direct_vector_regression__distance_transform,CNN + Distance-to-stroke,distance_transform,4,4,0,0.5351169786096257,0.051893939393939395,0.8088235294117647,1.0,1.0,0,0,1,148,345,15890,0.006711409395928112,0.0028901734103962714,0.00404040361958172,0.9699096679686908,0.0020242914979716107
669,cnn_direct_vector_regression__local_density,CNN + Local density blur,local_density,4,5,1,0.32734104131162955,0.11790072672425614,0.9714285714285714,0.0,0.8,0,4,5,190,341,15848,0.02564102564089415,0.014450867051981356,0.018484287893781978,0.9675903320311909,0.00932835820893782
670,cnn_direct_vector_regression__distance_transform,CNN + Distance-to-stroke,distance_transform,2,2,0,0.7211901408450704,0.4211111111111111,0.9084507042253521,1.0,1.0,0,0,9,114,311,15950,0.07317073170672218,0.02812499999991211,0.04063205377476573,0.9740600585936905,0.02073732718889231
670,cnn_direct_vector_regression__local_density,CNN + Local density blur,local_density,2,3,1,0.4415129017124091,0.5109961685823755,0.7244897959183674,0.0,0.6666666666666667,0,2,9,176,311,15888,0.04864864864838569,0.02812499999991211,0.035643563892026275,0.9702758789061907,0.018145161290285997
671,cnn_direct_vector_regression__distance_transform,CNN + Distance-to-stroke,distance_transform,1,1,0,0.78625,0.65,0.71875,1.0,1.0,0,0,0,47,197,16140,0.0,0.0,0.0,0.9851074218749398,0.0
671,cnn_direct_vector_regression__local_density,CNN + Local density blur,local_density,1,1,0,0.484375,0.0,0.671875,1.0,1.0,0,0,0,43,197,16144,0.0,0.0,0.0,0.9853515624999398,0.0
672,cnn_direct_vector_regression__distance_transform,CNN + Distance-to-stroke,distance_transform,3,3,0,0.5095744680851064,0.0,0.7978723404255319,1.0,1.0,0,0,0,76,171,16137,0.0,0.0,0.0,0.9849243164061898,0.0
672,cnn_direct_vector_regression__local_density,CNN + Local density blur,local_density,3,3,0,0.557498320268757,0.07812865497076024,0.8617021276595744,1.0,1.0,0,0,16,67,155,16146,0.19277108433502685,0.09356725146144114,0.12598425152752804,0.9864501953124397,0.06722689075602006
673,cnn_direct_vector_regression__distance_transform,CNN + Distance-to-stroke,distance_transform,5,5,0,0.32935016359787006,0.08560994560994559,0.9541284403669725,0.0,1.0,1,1,11,188,575,15610,0.05527638190926997,0.018771331057988446,0.028025477328456335,0.9534301757811918,0.014211886304891199
673,cnn_direct_vector_regression__local_density,CNN + Local density blur,local_density,5,5,0,0.40797272727272726,0.2677171717171717,0.9375,0.0,1.0,1,0,48,146,538,15652,0.24742268041109577,0.08191126279849503,0.12307692270289282,0.9582519531249415,0.0655737704917137
674,cnn_direct_vector_regression__distance_transform,CNN + Distance-to-stroke,distance_transform,3,3,0,0.7788875968992248,0.6438242894056848,0.6958333333333333,1.0,1.0,0,0,0,170,735,15479,0.0,0.0,0.0,0.9447631835936923,0.0
674,cnn_direct_vector_regression__local_density,CNN + Local density blur,local_density,3,5,2,0.6715465116279069,0.38999999999999996,0.9302325581395349,1.0,0.6,0,0,18,231,717,15418,0.07228915662621571,0.02448979591833403,0.036585365475553994,0.9421386718749425,0.018633540372651518
675,cnn_direct_vector_regression__distance_transform,CNN + Distance-to-stroke,distance_transform,2,3,1,0.3507543626353117,0.20323581560283688,0.9631578947368421,0.0,0.6666666666666667,1,2,16,145,337,15886,0.09937888198696039,0.04532577903669879,0.06225680890804554,0.9705810546874407,0.032128514056160386
675,cnn_direct_vector_regression__local_density,CNN + Local density blur,local_density,2,3,1,0.19719298245614036,0.0,0.6526315789473685,0.0,0.6666666666666667,1,0,12,105,341,15926,0.10256410256322594,0.033994334277524095,0.051063829413082844,0.9727783203124406,0.02620087336238821
676,cnn_direct_vector_regression__distance_transform,CNN + Distance-to-stroke,distance_transform,2,2,0,0.8260122126436781,0.6491203703703704,0.9195402298850575,1.0,1.0,0,0,0,79,274,16031,0.0,0.0,0.0,0.9784545898436903,0.0
676,cnn_direct_vector_regression__local_density,CNN + Local density blur,local_density,2,2,0,0.620625,0.1625,0.9875,1.0,1.0,0,0,0,79,274,16031,0.0,0.0,0.0,0.9784545898436903,0.0
677,cnn_direct_vector_regression__distance_transform,CNN + Distance-to-stroke,distance_transform,3,4,1,0.32750000000000007,0.15000000000000002,0.925,0.0,0.75,1,1,16,181,559,15628,0.08121827411126285,0.027826086956473345,0.0414507768218375,0.9548339843749417,0.021164021163993168
677,cnn_direct_vector_regression__local_density,CNN + Local density blur,local_density,3,4,1,0.27312472960110756,0.020329670329670327,0.9448818897637795,0.0,0.75,1,0,9,221,566,15588,0.039130434782438564,0.015652173913016258,0.022360248038986157,0.9519653320311918,0.01130653266330238
678,cnn_direct_vector_regression__distance_transform,CNN + Distance-to-stroke,distance_transform,3,3,0,0.5611059602649007,0.060000000000000005,0.9205298013245033,1.0,1.0,0,0,5,129,238,16012,0.03731343283554244,0.020576131687158123,0.02652519848064787,0.9776000976561903,0.013440860215017633
678,cnn_direct_vector_regression__local_density,CNN + Local density blur,local_density,3,3,0,0.5676390699695785,0.1346153846153846,0.7853107344632768,1.0,1.0,0,0,5,158,238,15983,0.030674846625578685,0.020576131687158123,0.024630541391213092,0.9758300781249404,0.01246882793014347
679,cnn_direct_vector_regression__distance_transform,CNN + Distance-to-stroke,distance_transform,3,3,0,0.5591410791779251,0.06969622533366084,0.8888888888888888,1.0,1.0,0,0,11,104,253,16016,0.09565217391221172,0.04166666666650884,0.05804749298066708,0.9782104492186903,0.02989130434774486
679,cnn_direct_vector_regression__local_density,CNN + Local density blur,local_density,3,3,0,0.5710117634214907,0.1092442479325309,0.8592592592592593,1.0,1.0,0,0,12,101,252,16019,0.10619469026454695,0.04545454545437328,0.06366047703345554,0.9784545898436903,0.03287671232867705
680,cnn_direct_vector_regression__distance_transform,CNN + Distance-to-stroke,distance_transform,4,5,1,0.2929611044653891,0.058861498919329396,0.9323671497584541,0.0,0.8,1,0,23,157,502,15702,0.12777777777706792,0.043809523809440365,0.06524822656990696,0.9597778320311914,0.03372434017590363
680,cnn_direct_vector_regression__local_density,CNN + Local density blur,local_density,4,5,1,0.3261239362259015,0.1432920536635707,0.9082125603864735,0.0,0.8,1,1,20,167,505,15692,0.10695187165718208,0.03809523809516553,0.05617977489342018,0.9589843749999415,0.028901734104004477
681,cnn_direct_vector_regression__distance_transform,CNN + Distance-to-stroke,distance_transform,1,1,0,0.7920434782608695,0.5910144927536232,0.8804347826086957,1.0,1.0,0,0,41,41,240,16062,0.49999999999390243,0.1459074733090893,0.2258953164534299,0.9828491210936899,0.12732919254618844
681,cnn_direct_vector_regression__local_density,CNN + Local density blur,local_density,1,1,0,0.904891304347826,0.822463768115942,0.9239130434782609,1.0,1.0,0,0,0,86,281,16017,0.0,0.0,0.0,0.9776000976561903,0.0
682,cnn_direct_vector_regression__distance_transform,CNN + Distance-to-stroke,distance_transform,4,5,1,0.5931208309373204,0.20173423423423423,0.8617021276595744,1.0,0.8,0,0,15,172,189,16008,0.08021390374288656,0.07352941176434545,0.07672634221155017,0.9779663085936903,0.039893617021170495
682,cnn_direct_vector_regression__local_density,CNN + Local density blur,local_density,4,5,1,0.583701774691358,0.13854166666666665,0.9567901234567902,1.0,0.8,0,0,6,150,198,16030,0.03846153846129192,0.02941176470573818,0.03333333284203705,0.9787597656249403,0.016949152542325003
683,cnn_direct_vector_regression__distance_transform,CNN + Distance-to-stroke,distance_transform,5,5,0,0.4051786815068493,0.2322083333333333,0.7534246575342466,0.19999999999999998,1.0,3,2,21,185,569,15609,0.10194174757232068,0.035593220338922725,0.052763818711705525,0.9539794921874417,0.027096774193513425
683,cnn_direct_vector_regression__local_density,CNN + Local density blur,local_density,5,5,0,0.3759349037393558,0.23267117117117117,0.8561643835616438,0.0,1.0,3,3,38,196,552,15598,0.16239316239246843,0.06440677966090778,0.09223300930184276,0.9543457031249417,0.048346055979582254
684,cnn_direct_vector_regression__distance_transform,CNN + Distance-to-stroke,distance_transform,1,1,0,0.5720000000000001,0.26,0.525,1.0,1.0,0,0,11,11,30,16332,0.49999999997727274,0.2682926829202856,0.3492063487407408,0.997497558593689,0.2115384615343935
684,cnn_direct_vector_regression__local_density,CNN + Local density blur,local_density,1,1,0,0.5435,0.12999999999999998,0.675,1.0,1.0,0,0,7,21,34,16322,0.24999999999107142,0.170731707312909,0.20289855023650494,0.9966430664061892,0.1129032258046306
685,cnn_direct_vector_regression__distance_transform,CNN + Distance-to-stroke,distance_transform,5,5,0,0.3622009706796153,0.17721073406386237,0.9122807017543859,0.0,1.0,2,0,8,142,291,15943,0.05333333333297778,0.02675585284271988,0.03563474343018141,0.9735717773436906,0.018140589569119864
685,cnn_direct_vector_regression__local_density,CNN + Local density blur,local_density,5,4,1,0.26969936018612767,0.05403276622558286,0.8269230769230769,0.0,0.8,2,1,9,114,290,15971,0.07317073170672218,0.030100334448059866,0.04265402802278701,0.9753417968749405,0.021791767554426654
686,cnn_direct_vector_regression__distance_transform,CNN + Distance-to-stroke,distance_transform,2,2,0,0.4441176470588235,0.0,0.47058823529411764,1.0,1.0,0,0,0,62,106,16216,0.0,0.0,0.0,0.9897460937499396,0.0
686,cnn_direct_vector_regression__local_density,CNN + Local density blur,local_density,2,2,0,0.5117258064516129,0.13,0.5161290322580645,1.0,1.0,0,0,0,63,106,16215,0.0,0.0,0.0,0.9896850585936896,0.0
687,cnn_direct_vector_regression__distance_transform,CNN + Distance-to-stroke,distance_transform,1,1,0,0.6357916666666666,0.2369444444444444,0.8958333333333334,1.0,1.0,0,0,0,40,107,16237,0.0,0.0,0.0,0.9910278320311895,0.0
687,cnn_direct_vector_regression__local_density,CNN + Local density blur,local_density,1,1,0,0.55125,0.05833333333333331,0.875,1.0,1.0,0,0,11,30,96,16247,0.2682926829202856,0.10280373831679622,0.14864864824607377,0.9923095703124394,0.08029197080233365
688,cnn_direct_vector_regression__distance_transform,CNN + Distance-to-stroke,distance_transform,4,4,0,0.3075217899659864,0.03848379629629628,0.9510204081632653,0.0,1.0,3,3,13,188,523,15660,0.06467661691510111,0.024253731343238334,0.03527815428434981,0.9566040039061916,0.017955801104947575
688,cnn_direct_vector_regression__local_density,CNN + Local density blur,local_density,4,3,1,0.2705282738095238,0.12974537037037037,0.6857142857142857,0.0,0.75,3,0,24,142,512,15706,0.1445783132521411,0.044776119402901535,0.06837606801477261,0.9600830078124414,0.035398230088443366
689,cnn_direct_vector_regression__distance_transform,CNN + Distance-to-stroke,distance_transform,4,4,0,0.371581227077902,0.2261553473848556,0.8490566037735849,0.0,1.0,0,1,40,199,413,15732,0.16736401673570142,0.08830022075035696,0.11560693596366818,0.9626464843749413,0.06134969325143965
689,cnn_direct_vector_regression__local_density,CNN + Local density blur,local_density,4,4,0,0.5961987704918033,0.15599726775956285,0.88,1.0,1.0,0,0,8,189,445,15742,0.04060913705563143,0.017660044150071393,0.024615384192866283,0.9613037109374413,0.012461059190011742
690,cnn_direct_vector_regression__distance_transform,CNN + Distance-to-stroke,distance_transform,2,2,0,0.528125,0.0,0.890625,1.0,1.0,0,0,0,58,179,16147,0.0,0.0,0.0,0.9855346679686898,0.0
690,cnn_direct_vector_regression__local_density,CNN + Local density blur,local_density,2,2,0,0.5582211538461538,0.08076923076923076,0.859375,1.0,1.0,0,0,17,39,162,16166,0.30357142856600766,0.09497206703857558,0.14468085069957445,0.9877319335936897,0.07798165137578908
691,cnn_direct_vector_regression__distance_transform,CNN + Distance-to-stroke,distance_transform,2,2,0,0.5263157894736842,0.0,0.881578947368421,1.0,1.0,0,0,7,58,195,16124,0.10769230769065088,0.034653465346363106,0.05243445656008642,0.9845581054686898,0.026923076922973375
691,cnn_direct_vector_regression__local_density,CNN + Local density blur,local_density,2,2,0,0.5289473684210526,0.0,0.8947368421052632,1.0,1.0,0,0,12,56,190,16126,0.17647058823269896,0.05940594059376532,0.08888888851138546,0.9849853515624398,0.04651162790679647
692,cnn_direct_vector_regression__distance_transform,CNN + Distance-to-stroke,distance_transform,4,5,1,0.5729715741045022,0.10294117647058823,0.9832402234636871,1.0,0.8,0,0,11,155,360,15858,0.06626506024056467,0.029649595687251618,0.04096834221703442,0.9685668945311908,0.020912547528477352
692,cnn_direct_vector_regression__local_density,CNN + Local density blur,local_density,4,5,1,0.2848215496022545,0.0450788158400615,0.9226804123711341,0.0,0.8,0,1,3,178,368,15835,0.016574585635267546,0.00808625336925044,0.010869564776589758,0.9666748046874409,0.005464480874306987
693,cnn_direct_vector_regression__distance_transform,CNN + Distance-to-stroke,distance_transform,4,4,0,0.5140955979595693,0.02991708126036485,0.7531645569620253,1.0,1.0,0,0,5,89,257,16033,0.05319148936113626,0.019083969465576014,0.028089887251641212,0.9788818359374403,0.014245014244973661
693,cnn_direct_vector_regression__local_density,CNN + Local density blur,local_density,4,4,0,0.2942480060017374,0.06011608623548921,0.835978835978836,0.0,1.0,0,2,13,160,249,15962,0.07514450867008587,0.04961832061049764,0.05977011446318404,0.9750366210936905,0.03080568720371847
694,cnn_direct_vector_regression__distance_transform,CNN + Distance-to-stroke,distance_transform,4,4,0,0.5228214869281046,0.04708333333333333,0.7581699346405228,1.0,1.0,0,0,4,139,236,16005,0.027972027971832365,0.016666666666597222,0.020887727991492213,0.9771118164061904,0.010554089709734687
694,cnn_direct_vector_regression__local_density,CNN + Local density blur,local_density,4,3,1,0.5388110902255638,0.0875,0.8721804511278195,1.0,0.75,0,0,6,117,234,16027,0.04878048780448146,0.024999999999895835,0.03305785079143046,0.9785766601561903,0.016806722689028553
695,cnn_direct_vector_regression__distance_transform,CNN + Distance-to-stroke,distance_transform,1,1,0,0.6987956989247311,0.3545519713261648,0.946236559139785,1.0,1.0,0,0,6,83,282,16013,0.06741573033632117,0.020833333333260998,0.03183023836593518,0.9777221679686903,0.01617250673850088
695,cnn_direct_vector_regression__local_density,CNN + Local density blur,local_density,1,1,0,0.5198924731182796,0.0,0.8494623655913979,1.0,1.0,0,0,6,74,282,16022,0.0749999999990625,0.020833333333260998,0.03260869531173205,0.9782714843749403,0.01657458563531333
696,cnn_direct_vector_regression__distance_transform,CNN + Distance-to-stroke,distance_transform,4,5,1,0.29313074712643683,0.1078831417624521,0.8229166666666666,0.0,0.8,0,2,2,180,276,15926,0.010989010988950611,0.0071942446042906685,0.008695651695652203,0.9721679687499406,0.0043668122270647015
696,cnn_direct_vector_regression__local_density,CNN + Local density blur,local_density,4,4,0,0.5698275316455697,0.052500000000000005,0.9810126582278481,1.0,1.0,0,0,3,146,275,15960,0.020134228187784334,0.010791366906436003,0.0140515217938123,0.9743041992186905,0.0070754716980965205
697,cnn_direct_vector_regression__distance_transform,CNN + Distance-to-stroke,distance_transform,2,2,0,0.48818181818181816,0.0,0.6909090909090909,1.0,1.0,0,0,16,60,284,16024,0.21052631578670358,0.053333333333155555,0.08510638265572656,0.9790039062499403,0.04444444444432099
697,cnn_direct_vector_regression__local_density,CNN + Local density blur,local_density,2,2,0,0.8555440552016985,0.812037037037037,0.7006369426751593,1.0,1.0,0,0,0,159,300,15925,0.0,0.0,0.0,0.9719848632811906,0.0
698,cnn_direct_vector_regression__distance_transform,CNN + Distance-to-stroke,distance_transform,5,5,0,0.2758895764322339,0.07287409360580092,0.7154811715481171,0.0,1.0,1,0,14,143,561,15666,0.08917197452172503,0.024347826086914177,0.03825136578315641,0.9570312499999416,0.019498607242312678
698,cnn_direct_vector_regression__local_density,CNN + Local density blur,local_density,5,5,0,0.2941100305326247,0.08918918918918918,0.7698744769874477,0.0,1.0,1,0,11,160,564,15649,0.06432748537974078,0.019130434782575426,0.029490616268545745,0.9558105468749416,0.014965986394537462
699,cnn_direct_vector_regression__distance_transform,CNN + Distance-to-stroke,distance_transform,4,4,0,0.4520983258370814,0.36376117496807153,0.9420289855072463,0.0,1.0,0,1,1,133,300,15950,0.007462686567108488,0.0033222591362015875,0.004597700723096882,0.9735717773436906,0.002304147465432479
699,cnn_direct_vector_regression__local_density,CNN + Local density blur,local_density,4,3,1,0.5434880636604775,0.22911877394636015,0.5769230769230769,1.0,0.75,0,0,1,77,300,16006,0.012820512820348455,0.0033222591362015875,0.005277044527955132,0.9769897460936904,0.002645502645495647
700,cnn_direct_vector_regression__distance_transform,CNN + Distance-to-stroke,distance_transform,2,2,0,0.5853365384615384,0.12638888888888888,0.8923076923076922,1.0,1.0,0,0,0,56,205,16123,0.0,0.0,0.0,0.9840698242186899,0.0
700,cnn_direct_vector_regression__local_density,CNN + Local density blur,local_density,2,2,0,0.5735416666666667,0.12638888888888888,0.8333333333333334,1.0,1.0,0,0,3,63,202,16116,0.04545454545385675,0.01463414634139203,0.0221402210335916,0.9838256835936899,0.011194029850704501
701,cnn_direct_vector_regression__distance_transform,CNN + Distance-to-stroke,distance_transform,1,1,0,0.4892857142857143,0.0,0.6964285714285714,1.0,1.0,0,0,0,39,177,16168,0.0,0.0,0.0,0.9868164062499397,0.0
701,cnn_direct_vector_regression__local_density,CNN + Local density blur,local_density,1,1,0,0.5735714285714286,0.09999999999999999,0.8928571428571429,1.0,1.0,0,0,0,50,177,16157,0.0,0.0,0.0,0.9861450195311898,0.0
702,cnn_direct_vector_regression__distance_transform,CNN + Distance-to-stroke,distance_transform,5,5,0,0.37820052843832563,0.27254438418393356,0.7777777777777778,0.0,1.0,2,1,15,235,638,15496,0.05999999999976,0.02297090352217003,0.03322259096164011,0.9467163085936922,0.01689189189187287
702,cnn_direct_vector_regression__local_density,CNN + Local density blur,local_density,5,5,0,0.24242242862057106,0.051387073347857665,0.5964912280701755,0.0,1.0,2,2,39,158,614,15573,0.19796954314620321,0.059724349157642076,0.09176470552603735,0.9528808593749418,0.048088779284774244
703,cnn_direct_vector_regression__distance_transform,CNN + Distance-to-stroke,distance_transform,5,5,0,0.5639731092508105,0.10224876489392619,0.8398058252427184,1.0,1.0,0,0,51,153,365,15815,0.24999999999877454,0.12259615384585915,0.1645161285901873,0.9683837890624408,0.08963093145854195
703,cnn_direct_vector_regression__local_density,CNN + Local density blur,local_density,5,5,0,0.5866609521877325,0.16322978892871365,0.8160377358490566,1.0,1.0,0,0,0,188,416,15780,0.0,0.0,0.0,0.9631347656249412,0.0
704,cnn_direct_vector_regression__distance_transform,CNN + Distance-to-stroke,distance_transform,2,2,0,0.5158536585365854,0.0,0.8292682926829268,1.0,1.0,0,0,1,52,205,16126,0.01886792452794589,0.00485436893201527,0.0077220073964311955,0.9843139648436899,0.003875968992233039
704,cnn_direct_vector_regression__local_density,CNN + Local density blur,local_density,2,2,0,0.4865853658536585,0.0,0.6829268292682926,1.0,1.0,0,0,0,42,206,16136,0.0,0.0,0.0,0.9848632812499398,0.0
705,cnn_direct_vector_regression__distance_transform,CNN + Distance-to-stroke,distance_transform,3,4,1,0.2991117052881759,0.16251402918069582,0.7549019607843137,0.0,0.75,0,1,18,164,383,15819,0.0989010989005555,0.04488778054851649,0.06174957075387554,0.9666137695311909,0.03185840707958963
705,cnn_direct_vector_regression__local_density,CNN + Local density blur,local_density,3,4,1,0.3080555555555556,0.1376543209876543,0.8555555555555556,0.0,0.75,0,2,15,152,386,15831,0.08982035928089928,0.037406483790430406,0.052816900993125124,0.9671630859374409,0.02712477396016795
706,cnn_direct_vector_regression__distance_transform,CNN + Distance-to-stroke,distance_transform,4,5,1,0.3906358113535949,0.08666543937162492,0.8581818181818182,0.4,0.8,1,1,13,187,619,15565,0.064999999999675,0.020569620253132012,0.03124999963472518,0.9508056640624419,0.015873015872996492
706,cnn_direct_vector_regression__local_density,CNN + Local density blur,local_density,4,5,1,0.30878983516483516,0.08107142857142856,0.9615384615384616,0.0,0.8,1,0,6,246,626,15506,0.023809523809429328,0.009493670886060929,0.013574660225845102,0.9467773437499422,0.006833712984046886
707,cnn_direct_vector_regression__distance_transform,CNN + Distance-to-stroke,distance_transform,2,2,0,0.7654072948328268,0.5165079365079366,0.9148936170212766,1.0,1.0,0,0,0,86,293,16005,0.0,0.0,0.0,0.9768676757811904,0.0
707,cnn_direct_vector_regression__local_density,CNN + Local density blur,local_density,2,2,0,0.651952887537994,0.2785714285714286,0.8829787234042553,1.0,1.0,0,0,13,66,280,16025,0.16455696202323344,0.04436860068244243,0.06989247278337092,0.9788818359374403,0.036211699164244535
708,cnn_direct_vector_regression__distance_transform,CNN + Distance-to-stroke,distance_transform,4,4,0,0.5493002767527675,0.15916666666666662,0.6383763837638377,1.0,1.0,0,0,0,168,481,15735,0.0,0.0,0.0,0.9603881835936914,0.0
708,cnn_direct_vector_regression__local_density,CNN + Local density blur,local_density,4,3,1,0.5174601150423269,0.14068627450980392,0.6457564575645757,1.0,0.75,0,0,8,162,473,15741,0.04705882352913495,0.016632016631982053,0.024577572578705575,0.9612426757811913,0.012441679626730262
709,cnn_direct_vector_regression__distance_transform,CNN + Distance-to-stroke,distance_transform,2,3,1,0.6522130580516332,0.42077235772357724,0.7309941520467836,1.0,0.6666666666666667,0,0,0,169,389,15826,0.0,0.0,0.0,0.965942382812441,0.0
709,cnn_direct_vector_regression__local_density,CNN + Local density blur,local_density,2,3,1,0.596004329004329,0.26,0.8116883116883117,1.0,0.6666666666666667,0,0,0,154,389,15841,0.0,0.0,0.0,0.9668579101561909,0.0
710,cnn_direct_vector_regression__distance_transform,CNN + Distance-to-stroke,distance_transform,1,1,0,0.4954545454545455,0.0,0.7272727272727273,1.0,1.0,0,0,0,23,108,16253,0.0,0.0,0.0,0.9920043945311894,0.0
710,cnn_direct_vector_regression__local_density,CNN + Local density blur,local_density,1,1,0,0.5721363636363637,0.12999999999999998,0.8181818181818181,1.0,1.0,0,0,0,28,108,16248,0.0,0.0,0.0,0.9916992187499395,0.0
711,cnn_direct_vector_regression__distance_transform,CNN + Distance-to-stroke,distance_transform,5,5,0,0.22169068343004517,0.047255892255892246,0.5021276595744681,0.0,1.0,2,0,2,112,450,15820,0.017543859648968912,0.004424778761052158,0.007067137487470204,0.965698242187441,0.0035460992907738547
711,cnn_direct_vector_regression__local_density,CNN + Local density blur,local_density,5,5,0,0.44662751295865255,0.13167028096406624,0.7702127659574468,0.5333333333333333,1.0,2,3,6,159,446,15773,0.03636363636341598,0.013274336283156473,0.019448946123518156,0.9630737304686912,0.009819967266759705
712,cnn_direct_vector_regression__distance_transform,CNN + Distance-to-stroke,distance_transform,1,1,0,0.47545454545454546,0.0,0.6272727272727272,1.0,1.0,0,0,8,52,231,16093,0.1333333333311111,0.033472803347140284,0.05351170536445902,0.98272705078119,0.027491408934613434
712,cnn_direct_vector_regression__local_density,CNN + Local density blur,local_density,1,1,0,0.724,0.52,0.7,1.0,1.0,0,0,0,56,239,16089,0.0,0.0,0.0,0.98199462890619,0.0
713,cnn_direct_vector_regression__distance_transform,CNN + Distance-to-stroke,distance_transform,2,2,0,0.5676388888888889,0.08858024691358024,0.8888888888888888,1.0,1.0,0,0,7,74,111,16192,0.08641975308535284,0.059322033897802356,0.07035175831054771,0.9887084960936896,0.036458333333143446
713,cnn_direct_vector_regression__local_density,CNN + Local density blur,local_density,2,2,0,0.5361111111111111,0.0,0.9305555555555556,1.0,1.0,0,0,6,63,112,16203,0.08695652173787019,0.050847457626687735,0.06417112252829649,0.9893188476561896,0.03314917127053509
714,cnn_direct_vector_regression__distance_transform,CNN + Distance-to-stroke,distance_transform,1,1,0,0.7506666666666667,0.52,0.8333333333333334,1.0,1.0,0,0,0,49,125,16210,0.0,0.0,0.0,0.9893798828124396,0.0
714,cnn_direct_vector_regression__local_density,CNN + Local density blur,local_density,1,1,0,0.5825,0.11666666666666667,0.9,1.0,1.0,0,0,0,37,125,16222,0.0,0.0,0.0,0.9901123046874395,0.0
715,cnn_direct_vector_regression__distance_transform,CNN + Distance-to-stroke,distance_transform,4,5,1,0.25063229914169133,0.018880837359098228,0.8106796116504854,0.0,0.8,2,0,28,125,536,15695,0.1830065359465163,0.04964539007083396,0.07810320747439452,0.9596557617186914,0.040638606676283544
715,cnn_direct_vector_regression__local_density,CNN + Local density blur,local_density,4,5,1,0.3205295423656028,0.24756295282971066,0.645631067961165,0.0,0.8,2,0,10,122,554,15698,0.07575757575700184,0.017730496453869274,0.028735631876453303,0.9587402343749415,0.01457725947519741
716,cnn_direct_vector_regression__distance_transform,CNN + Distance-to-stroke,distance_transform,4,5,1,0.6850016801075269,0.38506944444444446,0.9086021505376344,1.0,0.8,0,0,8,169,419,15788,0.045197740112739,0.018735362997614205,0.026490065810737477,0.9641113281249412,0.013422818791923788
716,cnn_direct_vector_regression__local_density,CNN + Local density blur,local_density,4,4,0,0.5645229289940829,0.0875,0.8757396449704142,1.0,1.0,0,0,4,136,423,15821,0.02857142857122449,0.009367681498807102,0.014109347070736493,0.965881347656191,0.007104795737109939
717,cnn_direct_vector_regression__distance_transform,CNN + Distance-to-stroke,distance_transform,1,1,0,0.5444565217391304,0.045652173913043444,0.8695652173913043,1.0,1.0,0,0,0,20,78,16286,0.0,0.0,0.0,0.9940185546874393,0.0
717,cnn_direct_vector_regression__local_density,CNN + Local density blur,local_density,1,1,0,0.5988043478260869,0.1471014492753623,0.9130434782608696,1.0,1.0,0,0,11,11,67,16295,0.49999999997727274,0.141025641023833,0.2199999996524,0.9952392578124393,0.12359550561658882
718,cnn_direct_vector_regression__distance_transform,CNN + Distance-to-stroke,distance_transform,1,1,0,0.685948275862069,0.3097701149425287,0.9827586206896551,1.0,1.0,0,0,11,43,123,16207,0.20370370369993143,0.08208955223819336,0.11702127618503849,0.9898681640624396,0.06214689265501612
718,cnn_direct_vector_regression__local_density,CNN + Local density blur,local_density,1,1,0,0.6151379310344828,0.19839080459770111,0.8793103448275862,1.0,1.0,0,0,0,47,134,16203,0.0,0.0,0.0,0.9889526367186896,0.0
719,cnn_direct_vector_regression__distance_transform,CNN + Distance-to-stroke,distance_transform,2,2,0,0.5304166666666666,0.04537037037037035,0.8,1.0,1.0,0,0,0,30,134,16220,0.0,0.0,0.0,0.9899902343749396,0.0
719,cnn_direct_vector_regression__local_density,CNN + Local density blur,local_density,2,2,0,0.6502489177489178,0.24393939393939396,0.9523809523809523,1.0,1.0,0,0,2,36,132,16214,0.05263157894598339,0.014925373134216977,0.023255813608977834,0.9897460937499396,0.011764705882283738
720,cnn_direct_vector_regression__distance_transform,CNN + Distance-to-stroke,distance_transform,1,1,0,0.453030303030303,0.0,0.5151515151515151,1.0,1.0,0,0,0,33,56,16295,0.0,0.0,0.0,0.9945678710936893,0.0
720,cnn_direct_vector_regression__local_density,CNN + Local density blur,local_density,1,1,0,0.45625000000000004,0.0,0.53125,1.0,1.0,0,0,0,30,56,16298,0.0,0.0,0.0,0.9947509765624393,0.0
721,cnn_direct_vector_regression__distance_transform,CNN + Distance-to-stroke,distance_transform,3,3,0,0.27028110047846887,0.10833333333333334,0.6076555023923444,0.0,1.0,1,0,42,85,605,15652,0.33070866141471883,0.0649149922719244,0.1085271315083462,0.9578857421874415,0.05737704918024949
721,cnn_direct_vector_regression__local_density,CNN + Local density blur,local_density,3,5,2,0.3253528708133972,0.2217836257309942,0.8277511961722488,0.0,0.6,1,1,27,132,620,15605,0.169811320753649,0.041731066460522825,0.06699751829354592,0.9541015624999417,0.03465982028236886
722,cnn_direct_vector_regression__distance_transform,CNN + Distance-to-stroke,distance_transform,3,3,0,0.3248395061728395,0.12310013717421125,0.8472222222222222,0.0,1.0,0,1,9,216,870,15289,0.039999999999822226,0.010238907849817703,0.016304347501521155,0.9337158203124429,0.008219178082184276
722,cnn_direct_vector_regression__local_density,CNN + Local density blur,local_density,3,4,1,0.3480177404058568,0.21646218735176853,0.8780487804878049,0.0,0.75,0,2,10,269,869,15236,0.03584229390668157,0.011376564277575225,0.017271156801732194,0.9305419921874432,0.008710801393720635
723,cnn_direct_vector_regression__distance_transform,CNN + Distance-to-stroke,distance_transform,4,4,0,0.2791220414201183,0.032499999999999994,0.8224852071005917,0.0,1.0,0,2,5,163,374,15842,0.02976190476172761,0.013192612137168358,0.018281535223325512,0.9672241210936909,0.00922509225090549
723,cnn_direct_vector_regression__local_density,CNN + Local density blur,local_density,4,4,0,0.5394247382198952,0.0975,0.7277486910994764,1.0,1.0,0,0,12,173,367,15832,0.06486486486451425,0.03166226912920406,0.042553191048369056,0.9670410156249409,0.021739130434743226
724,cnn_direct_vector_regression__distance_transform,CNN + Distance-to-stroke,distance_transform,1,2,1,0.703747899159664,0.52,0.8487394957983193,1.0,0.5,0,0,0,120,308,15956,0.0,0.0,0.0,0.9738769531249405,0.0
724,cnn_direct_vector_regression__local_density,CNN + Local density blur,local_density,1,1,0,0.4668316831683168,0.0,0.5841584158415842,1.0,1.0,0,0,0,60,308,16016,0.0,0.0,0.0,0.9775390624999403,0.0
725,cnn_direct_vector_regression__distance_transform,CNN + Distance-to-stroke,distance_transform,5,5,0,0.3249580365687379,0.1783291976840364,0.7235494880546075,0.0,1.0,4,1,43,154,579,15608,0.21827411167401892,0.06913183279731651,0.10500610464049041,0.9552612304686917,0.055412371133949215
725,cnn_direct_vector_regression__local_density,CNN + Local density blur,local_density,5,5,0,0.3321873883162968,0.15343879239040528,0.8156996587030717,0.0,1.0,4,1,13,205,609,15557,0.05963302752266224,0.020900321543374758,0.030952380567964857,0.9503173828124419,0.01571946795645016
726,cnn_direct_vector_regression__distance_transform,CNN + Distance-to-stroke,distance_transform,1,1,0,0.47307692307692306,0.0,0.6153846153846154,1.0,1.0,0,0,4,23,13,16344,0.14814814814266117,0.235294117633218,0.1818181813357438,0.997802734374939,0.0999999999975
726,cnn_direct_vector_regression__local_density,CNN + Local density blur,local_density,1,1,0,0.4625,0.0,0.5625,1.0,1.0,0,0,2,7,15,16360,0.22222222219753085,0.117647058816609,0.1538461533816568,0.998657226562439,0.0833333333298611
727,cnn_direct_vector_regression__distance_transform,CNN + Distance-to-stroke,distance_transform,4,4,0,0.28622674418604654,0.065,0.7848837209302326,0.0,1.0,2,0,4,120,421,15839,0.032258064515868885,0.009411764705860208,0.014571948648425198,0.9669799804686909,0.0073394495412709366
727,cnn_direct_vector_regression__local_density,CNN + Local density blur,local_density,4,4,0,0.31710603345280763,0.12854838709677419,0.7962962962962963,0.0,1.0,2,0,5,204,420,15755,0.02392344497596209,0.01176470588232526,0.015772870220447027,0.9619140624999413,0.007949125596171782
728,cnn_direct_vector_regression__distance_transform,CNN + Distance-to-stroke,distance_transform,5,5,0,0.3471755768449136,0.1934127037890078,0.8006993006993007,0.0,1.0,0,1,27,189,672,15496,0.1249999999994213,0.03862660944200483,0.05901639308181672,0.9474487304686922,0.030405405405371167
728,cnn_direct_vector_regression__local_density,CNN + Local density blur,local_density,5,5,0,0.6131671938344815,0.30975771124057266,0.618881118881119,1.0,1.0,0,0,30,131,669,15554,0.1863354037255507,0.042918454935560915,0.0697674415559789,0.9511718749999419,0.03614457831320946
729,cnn_direct_vector_regression__distance_transform,CNN + Distance-to-stroke,distance_transform,2,2,0,0.27834394904458604,0.0,0.89171974522293,0.0,1.0,1,1,37,95,384,15868,0.2803030303009068,0.08788598574800978,0.13381555117314403,0.9707641601561907,0.07170542635645019
729,cnn_direct_vector_regression__local_density,CNN + Local density blur,local_density,2,2,0,0.317993866727842,0.11641949152542373,0.8280254777070064,0.0,1.0,1,0,31,99,390,15864,0.23846153845970416,0.07363420427535954,0.11252268566446091,0.9701538085936907,0.059615384615269974
730,cnn_direct_vector_regression__distance_transform,CNN + Distance-to-stroke,distance_transform,3,3,0,0.5755840840840841,0.11691358024691358,0.8648648648648649,1.0,1.0,0,0,1,105,136,16142,0.009433962264061943,0.007299270072939422,0.008230452182966717,0.9852905273436898,0.004132231404941603
730,cnn_direct_vector_regression__local_density,CNN + Local density blur,local_density,3,3,0,0.5511750841750842,0.05917695473251027,0.8727272727272728,1.0,1.0,0,0,0,109,137,16138,0.0,0.0,0.0,0.9849853515624398,0.0
731,cnn_direct_vector_regression__distance_transform,CNN + Distance-to-stroke,distance_transform,4,5,1,0.2864484908136483,0.06157407407407407,0.8937007874015748,0.0,0.8,1,1,12,198,555,15619,0.05714285714258504,0.02116402116398384,0.030888030493502885,0.9540405273436917,0.015686274509783417
731,cnn_direct_vector_regression__local_density,CNN + Local density blur,local_density,4,5,1,0.2771367754482497,0.012884872824631854,0.9566929133858267,0.0,0.8,1,2,33,178,534,15639,0.15639810426466164,0.05820105820095556,0.08483290448879205,0.9565429687499416,0.04429530201336336
732,cnn_direct_vector_regression__distance_transform,CNN + Distance-to-stroke,distance_transform,1,1,0,0.965427927927928,0.9351851851851851,0.972972972972973,1.0,1.0,0,0,74,1,151,16158,0.9866666666535111,0.3288888888874272,0.49333333295504433,0.9907226562499395,0.32743362831713524
732,cnn_direct_vector_regression__local_density,CNN + Local density blur,local_density,1,1,0,0.5111111111111111,0.0,0.8055555555555556,1.0,1.0,0,0,21,38,204,16121,0.3559322033837978,0.09333333333291852,0.14788732361344475,0.9852294921874398,0.07984790874494355
733,cnn_direct_vector_regression__distance_transform,CNN + Distance-to-stroke,distance_transform,1,1,0,0.6962948717948718,0.3706837606837607,0.8974358974358975,1.0,1.0,0,0,9,27,113,16235,0.24999999999305558,0.073770491802674,0.11392405027960262,0.9914550781249395,0.06040268456335301
733,cnn_direct_vector_regression__local_density,CNN + Local density blur,local_density,1,1,0,0.684474358974359,0.39,0.7948717948717949,1.0,1.0,0,0,32,0,90,16262,0.9999999999687501,0.2622950819650631,0.4155844152497892,0.9945068359374393,0.2622950819650631
734,cnn_direct_vector_regression__distance_transform,CNN + Distance-to-stroke,distance_transform,5,5,0,0.3481206518351415,0.19667837159945978,0.7980769230769231,0.0,1.0,2,3,18,218,635,15513,0.07627118644035479,0.027565084226604034,0.04049493774265394,0.9479370117186922,0.02066590126289246
734,cnn_direct_vector_regression__local_density,CNN + Local density blur,local_density,5,5,0,0.32653439869989165,0.14870892018779344,0.7980769230769231,0.0,1.0,2,1,18,211,635,15520,0.07860262008699301,0.027565084226604034,0.04081632614606826,0.948364257812442,0.02083333333330922
735,cnn_direct_vector_regression__distance_transform,CNN + Distance-to-stroke,distance_transform,4,5,1,0.2591577540106952,0.07133095662507427,0.7352941176470589,0.0,0.8,0,3,40,149,686,15509,0.21164021163909186,0.05509641873270648,0.08743169366109707,0.949035644531192,0.04571428571423347
735,cnn_direct_vector_regression__local_density,CNN + Local density blur,local_density,4,5,1,0.25595022624434394,0.07237305178481648,0.7169117647058824,0.0,0.8,0,2,35,153,691,15505,0.1861702127649672,0.04820936639111817,0.0765864329334639,0.948486328124942,0.03981797497151329
736,cnn_direct_vector_regression__distance_transform,CNN + Distance-to-stroke,distance_transform,5,5,0,0.31960467176313556,0.09442276422764227,0.8855721393034826,0.0,1.0,1,0,21,181,321,15861,0.10396039603908931,0.061403508771750284,0.07720588188577261,0.9693603515624408,0.04015296367105133
736,cnn_direct_vector_regression__local_density,CNN + Local density blur,local_density,5,5,0,0.3408545254883829,0.1602981029810298,0.8436018957345972,0.0,1.0,1,0,11,170,331,15872,0.060773480662647664,0.032163742689964435,0.04206500910745114,0.9694213867186908,0.02148437499995804
737,cnn_direct_vector_regression__distance_transform,CNN + Distance-to-stroke,distance_transform,1,1,0,0.5479255319148937,0.05212765957446808,0.8723404255319149,1.0,1.0,0,0,5,36,43,16300,0.1219512195092207,0.10416666666449653,0.11235955006236586,0.9951782226561893,0.05952380952310091
737,cnn_direct_vector_regression__local_density,CNN + Local density blur,local_density,1,1,0,0.6361382978723404,0.39,0.5531914893617021,1.0,1.0,0,0,13,14,35,16322,0.48148148146364883,0.270833333327691,0.34666666619662223,0.9970092773436892,0.20967741935145684
738,cnn_direct_vector_regression__distance_transform,CNN + Distance-to-stroke,distance_transform,5,5,0,0.2970396341463415,0.0747222222222222,0.8170731707317074,0.0,1.0,0,2,6,141,281,15956,0.04081632653033459,0.020905923344874892,0.027649769137155184,0.9742431640624405,0.014018691588752293
738,cnn_direct_vector_regression__local_density,CNN + Local density blur,local_density,5,4,1,0.5424320987654321,0.10444444444444445,0.8271604938271605,1.0,0.8,0,0,5,158,282,15939,0.030674846625578685,0.017421602787395744,0.0222222217600889,0.9731445312499406,0.011235955056154526
739,cnn_direct_vector_regression__distance_transform,CNN + Distance-to-stroke,distance_transform,2,3,1,0.7572930676629306,0.6325031133250311,0.78,1.0,0.6666666666666667,0,0,0,148,369,15867,0.0,0.0,0.0,0.9684448242186908,0.0
739,cnn_direct_vector_regression__local_density,CNN + Local density blur,local_density,2,2,0,0.5125833333333334,0.06499999999999999,0.6666666666666667,1.0,1.0,0,0,7,66,362,15949,0.09589041095759054,0.01897018970184561,0.0316742078688909,0.9738769531249405,0.016091954022951514
740,cnn_direct_vector_regression__distance_transform,CNN + Distance-to-stroke,distance_transform,3,3,0,0.2504846153846154,0.078,0.5769230769230769,0.0,1.0,1,0,28,31,214,16111,0.474576271178397,0.11570247933836487,0.18604651131148664,0.9850463867186898,0.10256410256372687
740,cnn_direct_vector_regression__local_density,CNN + Local density blur,local_density,3,2,1,0.27316282051282054,0.11699999999999999,0.7692307692307692,0.0,0.6666666666666667,1,0,26,46,216,16096,0.3611111111060957,0.10743801652848167,0.16560509518690414,0.9840087890624399,0.09027777777746432
741,cnn_direct_vector_regression__distance_transform,CNN + Distance-to-stroke,distance_transform,2,2,0,0.5060975609756098,0.0,0.7804878048780488,1.0,1.0,0,0,4,92,146,16142,0.04166666666623264,0.02666666666648889,0.03252032472708045,0.9854736328124398,0.01652892561976641
741,cnn_direct_vector_regression__local_density,CNN + Local density blur,local_density,2,2,0,0.5272357723577236,0.0,0.8861788617886179,1.0,1.0,0,0,6,100,144,16134,0.05660377358437166,0.03999999999973334,0.046874999514404304,0.9851074218749398,0.023999999999904
742,cnn_direct_vector_regression__distance_transform,CNN + Distance-to-stroke,distance_transform,4,4,0,0.6119165601023018,0.1951086956521739,0.8705882352941177,1.0,1.0,0,0,3,157,319,15905,0.018749999999882815,0.00931677018630647,0.012448132336512818,0.9709472656249407,0.006263048016688386
742,cnn_direct_vector_regression__local_density,CNN + Local density blur,local_density,4,5,1,0.6088323338330834,0.24159420289855071,0.8505747126436781,1.0,0.8,0,0,0,172,322,15890,0.0,0.0,0.0,0.9698486328124408,0.0
743,cnn_direct_vector_regression__distance_transform,CNN + Distance-to-stroke,distance_transform,1,1,0,0.42692307692307696,0.0,0.3846153846153846,1.0,1.0,0,0,3,9,119,16253,0.24999999997916666,0.02459016393422467,0.0447761192392515,0.9921874999999394,0.022900763358603814
743,cnn_direct_vector_regression__local_density,CNN + Local density blur,local_density,1,1,0,0.4833333333333334,0.0,0.6666666666666667,1.0,1.0,0,0,3,21,119,16241,0.12499999999479167,0.02459016393422467,0.04109589013567274,0.9914550781249395,0.020979020978874274
744,cnn_direct_vector_regression__distance_transform,CNN + Distance-to-stroke,distance_transform,3,3,0,0.5768486073674753,0.10199161425576518,0.9047619047619048,1.0,1.0,0,0,10,104,351,15919,0.08771929824484456,0.027700831024854017,0.04210526279291746,0.9722290039061906,0.021505376344039775
744,cnn_direct_vector_regression__local_density,CNN + Local density blur,local_density,3,4,1,0.5137325304787392,0.10302144249512671,0.711864406779661,1.0,0.75,0,0,19,145,342,15878,0.11585365853587895,0.05263157894722263,0.07238095195107846,0.9702758789061907,0.0375494071145503
745,cnn_direct_vector_regression__distance_transform,CNN + Distance-to-stroke,distance_transform,1,1,0,0.4948275862068966,0.0,0.7241379310344828,1.0,1.0,0,0,6,37,144,16197,0.13953488371768524,0.03999999999973334,0.06217616545614649,0.9889526367186896,0.03208556149715462
745,cnn_direct_vector_regression__local_density,CNN + Local density blur,local_density,1,1,0,0.6860067212156633,0.3097701149425287,0.9830508474576272,1.0,1.0,0,0,7,53,143,16181,0.11666666666472222,0.04666666666635556,0.06666666625786848,0.9880371093749397,0.03448275862051979
746,cnn_direct_vector_regression__distance_transform,CNN + Distance-to-stroke,distance_transform,4,5,1,0.5776119402985074,0.2296296296296296,0.7213930348258706,1.0,0.8,0,0,3,142,244,15995,0.02068965517227111,0.012145748987805079,0.015306121982754597,0.9764404296874404,0.0077120822621909715
746,cnn_direct_vector_regression__local_density,CNN + Local density blur,local_density,4,5,1,0.2964837858220212,0.07685185185185182,0.9095022624434389,0.0,0.8,0,1,9,203,238,15934,0.042452830188479,0.036437246963415236,0.03921568577724618,0.9730834960936906,0.019999999999955557
747,cnn_direct_vector_regression__distance_transform,CNN + Distance-to-stroke,distance_transform,2,3,1,0.5289158004619758,0.12008928571428568,0.791044776119403,1.0,0.6666666666666667,0,0,16,101,291,15976,0.13675213675096792,0.052117263843478444,0.07547169771325427,0.9760742187499404,0.039215686274413686
747,cnn_direct_vector_regression__local_density,CNN + Local density blur,local_density,2,2,0,0.768888140161725,0.5325396825396825,0.8962264150943396,1.0,1.0,0,0,9,80,298,15997,0.10112359550448176,0.029315960911956627,0.04545454510584379,0.9769287109374404,0.02325581395342828
748,cnn_direct_vector_regression__distance_transform,CNN + Distance-to-stroke,distance_transform,2,3,1,0.6378205128205128,0.2692307692307692,1.0,1.0,0.6666666666666667,0,0,4,97,133,16150,0.03960396039564749,0.029197080291757688,0.033613444889308675,0.9859619140624398,0.017094017093944043
748,cnn_direct_vector_regression__local_density,CNN + Local density blur,local_density,2,4,2,0.5298323657474602,0.16692307692307692,0.7735849056603774,1.0,0.5,0,0,3,69,134,16178,0.04166666666608796,0.021897810218818266,0.028708133519379144,0.9876098632811897,0.01456310679604581
749,cnn_direct_vector_regression__distance_transform,CNN + Distance-to-stroke,distance_transform,2,2,0,0.4375,0.0,0.4375,1.0,1.0,0,0,1,28,65,16290,0.03448275861950059,0.015151515151285582,0.021052631154349036,0.9943237304686893,0.010638297872227252
749,cnn_direct_vector_regression__local_density,CNN + Local density blur,local_density,2,2,0,0.5354063467492259,0.03774509803921566,0.8421052631578947,1.0,1.0,0,0,6,67,60,16251,0.08219178082079188,0.0909090909077135,0.08633093475182443,0.9922485351561894,0.04511278195454803
750,cnn_direct_vector_regression__distance_transform,CNN + Distance-to-stroke,distance_transform,1,1,0,0.7094268292682927,0.39222222222222225,0.9146341463414634,1.0,1.0,0,0,0,83,234,16067,0.0,0.0,0.0,0.9806518554686902,0.0
750,cnn_direct_vector_regression__local_density,CNN + Local density blur,local_density,1,1,0,0.883,0.74,1.0,1.0,1.0,0,0,0,76,234,16074,0.0,0.0,0.0,0.98107910156244,0.0
751,cnn_direct_vector_regression__distance_transform,CNN + Distance-to-stroke,distance_transform,5,5,0,0.39137289463376423,0.30515297906602257,0.7702702702702703,0.0,1.0,1,0,8,107,269,16000,0.06956521739069943,0.028880866425888517,0.04081632611579811,0.9770507812499404,0.02083333333327908
751,cnn_direct_vector_regression__local_density,CNN + Local density blur,local_density,5,4,1,0.3583374261661643,0.21312220829718181,0.9121621621621622,0.0,0.8,1,0,12,126,265,15981,0.08695652173850033,0.04332129963883278,0.057831324857018446,0.9761352539061904,0.029776674937891375
752,cnn_direct_vector_regression__distance_transform,CNN + Distance-to-stroke,distance_transform,3,4,1,0.574561507936508,0.21948412698412695,0.753968253968254,1.0,0.75,0,0,4,101,130,16149,0.038095238094875285,0.029850746268433953,0.033472802854361806,0.9859008789061898,0.01702127659567225
752,cnn_direct_vector_regression__local_density,CNN + Local density blur,local_density,3,3,0,0.5766497933884298,0.15472222222222218,0.7851239669421488,1.0,1.0,0,0,2,109,132,16141,0.018018018017855693,0.014925373134216977,0.016326530116518134,0.9852905273436898,0.00823045267486325
753,cnn_direct_vector_regression__distance_transform,CNN + Distance-to-stroke,distance_transform,1,1,0,0.612445054945055,0.1705128205128205,0.9285714285714286,1.0,1.0,0,0,0,15,44,16325,0.0,0.0,0.0,0.9963989257811892,0.0
753,cnn_direct_vector_regression__local_density,CNN + Local density blur,local_density,1,1,0,0.6295000000000001,0.39,0.52,1.0,1.0,0,0,0,26,44,16314,0.0,0.0,0.0,0.9957275390624392,0.0
754,cnn_direct_vector_regression__distance_transform,CNN + Distance-to-stroke,distance_transform,2,2,0,0.2856,0.0,0.928,0.0,1.0,0,1,11,94,378,15901,0.10476190476090702,0.028277634961366895,0.044534412620539594,0.9711914062499407,0.02277432712210606
754,cnn_direct_vector_regression__local_density,CNN + Local density blur,local_density,2,2,0,0.2952,0.0,0.976,0.0,1.0,0,1,15,106,374,15889,0.1239669421477358,0.03856041131095486,0.058823529049604,0.9707031249999407,0.030303030302969085
755,cnn_direct_vector_regression__distance_transform,CNN + Distance-to-stroke,distance_transform,2,2,0,0.5560757745427398,0.10491228070175437,0.7943262411347518,1.0,1.0,0,0,42,101,304,15937,0.29370629370423984,0.1213872832366434,0.17177914068975958,0.9752807617186905,0.09395973154341396
755,cnn_direct_vector_regression__local_density,CNN + Local density blur,local_density,2,2,0,0.5485618776671408,0.10491228070175437,0.7567567567567568,1.0,1.0,0,0,23,126,323,15912,0.15436241610634657,0.06647398843911424,0.09292929250811142,0.9725952148436906,0.0487288135592188
756,cnn_direct_vector_regression__distance_transform,CNN + Distance-to-stroke,distance_transform,3,3,0,0.5532159624413145,0.02592592592592592,0.9577464788732395,1.0,1.0,0,0,9,112,332,15931,0.07438016528864148,0.026392961876755446,0.038961038574248985,0.9729003906249406,0.019867549668830316
756,cnn_direct_vector_regression__local_density,CNN + Local density blur,local_density,3,3,0,0.25810792349726774,0.006481481481481484,0.7759562841530054,0.0,1.0,0,1,6,152,335,15891,0.037974683544063456,0.017595307917836964,0.02404809575953511,0.9702758789061907,0.01217038539551284
757,cnn_direct_vector_regression__distance_transform,CNN + Distance-to-stroke,distance_transform,4,4,0,0.35615018968258105,0.15187847029733464,0.9390243902439024,0.0,1.0,0,2,18,141,388,15837,0.11320754716909934,0.04433497536934893,0.06371681375462449,0.9677124023436909,0.03290676416812997
757,cnn_direct_vector_regression__local_density,CNN + Local density blur,local_density,4,5,1,0.3361908014571949,0.2236338797814207,0.7777777777777778,0.0,0.8,0,2,21,162,385,15816,0.11475409836002867,0.051724137930907084,0.07130730008076767,0.9666137695311909,0.036971830985850405
758,cnn_direct_vector_regression__distance_transform,CNN + Distance-to-stroke,distance_transform,5,5,0,0.2773722627737226,0.0,0.8868613138686131,0.0,1.0,0,2,9,246,625,15504,0.03529411764692042,0.014195583596192121,0.020247468657196264,0.9468383789061922,0.010227272727261106
758,cnn_direct_vector_regression__local_density,CNN + Local density blur,local_density,5,5,0,0.357484893146647,0.2060869565217391,0.823728813559322,0.0,1.0,0,3,18,260,616,15490,0.06474820143861601,0.028391167192384242,0.039473683786626655,0.9465332031249422,0.02013422818789694
759,cnn_direct_vector_regression__distance_transform,CNN + Distance-to-stroke,distance_transform,3,3,0,0.3474051084474886,0.15405092592592592,0.8904109589041096,0.0,1.0,0,1,10,114,227,16033,0.08064516128967221,0.042194092826826186,0.05540166159854513,0.9791870117186902,0.028490028489947323
759,cnn_direct_vector_regression__local_density,CNN + Local density blur,local_density,3,3,0,0.3015867579908676,0.07962962962962963,0.8287671232876712,0.0,1.0,0,1,2,120,235,16027,0.016393442622816445,0.008438818565365238,0.011142060832582013,0.9783325195311903,0.005602240896342851
760,cnn_direct_vector_regression__distance_transform,CNN + Distance-to-stroke,distance_transform,2,3,1,0.22253840579710146,0.022826086956521722,0.728,0.0,0.6666666666666667,1,0,14,66,366,15938,0.1749999999978125,0.03684210526306094,0.06086956492979206,0.9736328124999406,0.0313901345290776
760,cnn_direct_vector_regression__local_density,CNN + Local density blur,local_density,2,3,1,0.31130858772741293,0.14963768115942028,0.8865248226950355,0.0,0.6666666666666667,1,1,12,111,368,15893,0.09756097560896292,0.03157894736833795,0.047713717324174246,0.9707641601561907,0.02443991853355511
761,cnn_direct_vector_regression__distance_transform,CNN + Distance-to-stroke,distance_transform,1,1,0,0.4935897435897436,0.0,0.717948717948718,1.0,1.0,0,0,0,26,40,16318,0.0,0.0,0.0,0.9959716796874392,0.0
761,cnn_direct_vector_regression__local_density,CNN + Local density blur,local_density,1,1,0,0.47820512820512817,0.0,0.641025641025641,1.0,1.0,0,0,0,24,40,16320,0.0,0.0,0.0,0.9960937499999392,0.0
762,cnn_direct_vector_regression__distance_transform,CNN + Distance-to-stroke,distance_transform,3,3,0,0.6930037878787879,0.35037878787878785,0.9266666666666666,1.0,1.0,0,0,8,135,309,15932,0.05594405594366473,0.025236593059857298,0.0347826082670416,0.9729003906249406,0.01769911504420863
762,cnn_direct_vector_regression__local_density,CNN + Local density blur,local_density,3,3,0,0.24697310333551342,0.013257575757575746,0.7050359712230216,0.0,1.0,0,1,21,70,296,15997,0.23076923076669484,0.0662460567821254,0.10294117612349817,0.9776611328124403,0.05426356589133265
763,cnn_direct_vector_regression__distance_transform,CNN + Distance-to-stroke,distance_transform,4,4,0,0.3962185990338164,0.27179012345679016,0.8695652173913043,0.0,1.0,0,1,73,125,433,15753,0.36868686868500666,0.1442687747032722,0.2073863632314776,0.965942382812441,0.11568938193325565
763,cnn_direct_vector_regression__local_density,CNN + Local density blur,local_density,4,4,0,0.688099579449266,0.31417392883079154,0.9836065573770492,1.0,1.0,0,0,51,134,455,15744,0.27567567567418555,0.10079051383379291,0.1476121559026977,0.9640502929686912,0.07968749999987548
764,cnn_direct_vector_regression__distance_transform,CNN + Distance-to-stroke,distance_transform,4,4,0,0.30296430931923335,0.021568627450980392,0.9662921348314607,0.0,1.0,1,3,9,142,293,15940,0.059602649006227804,0.02980132450321258,0.03973509889312848,0.9734497070311906,0.020270270270224617
764,cnn_direct_vector_regression__local_density,CNN + Local density blur,local_density,4,4,0,0.4863010860961656,0.3262641898864809,0.8640776699029127,0.26666666666666666,1.0,1,3,16,172,286,15910,0.08510638297827071,0.0529801324501557,0.06530612197577677,0.9720458984374406,0.033755274261532166
765,cnn_direct_vector_regression__distance_transform,CNN + Distance-to-stroke,distance_transform,1,1,0,0.48684210526315785,0.0,0.6842105263157895,1.0,1.0,0,0,0,13,66,16305,0.0,0.0,0.0,0.9951782226561893,0.0
765,cnn_direct_vector_regression__local_density,CNN + Local density blur,local_density,1,1,0,0.4447368421052632,0.0,0.4736842105263158,1.0,1.0,0,0,0,8,66,16310,0.0,0.0,0.0,0.9954833984374392,0.0
766,cnn_direct_vector_regression__distance_transform,CNN + Distance-to-stroke,distance_transform,5,5,0,0.32213990825688077,0.12055555555555555,0.8394495412844036,0.0,1.0,1,0,0,177,380,15827,0.0,0.0,0.0,0.966003417968691,0.0
766,cnn_direct_vector_regression__local_density,CNN + Local density blur,local_density,5,5,0,0.35926055045871563,0.14800000000000002,0.963302752293578,0.0,1.0,1,1,0,207,380,15797,0.0,0.0,0.0,0.9641723632811912,0.0
767,cnn_direct_vector_regression__distance_transform,CNN + Distance-to-stroke,distance_transform,4,4,0,0.38379871776028973,0.213767582167035,0.9380165289256198,0.0,1.0,0,1,0,229,482,15673,0.0,0.0,0.0,0.9566040039061916,0.0
767,cnn_direct_vector_regression__local_density,CNN + Local density blur,local_density,4,4,0,0.47332544222763107,0.39286365709074333,0.9826839826839827,0.0,1.0,0,3,8,211,474,15691,0.036529680365130004,0.01659751037340955,0.022824535946919126,0.9581909179686915,0.011544011543994885
768,cnn_direct_vector_regression__distance_transform,CNN + Distance-to-stroke,distance_transform,3,5,2,0.4986275167785235,0.04333333333333333,0.8456375838926175,1.0,0.6,0,0,2,121,288,15973,0.016260162601493818,0.0068965517241141505,0.00968522960591903,0.9750366210936905,0.004866180048649961
768,cnn_direct_vector_regression__local_density,CNN + Local density blur,local_density,3,2,1,0.37841163310961967,0.0,0.3087248322147651,1.0,0.6666666666666667,0,0,7,34,283,16060,0.170731707312909,0.024137931034399526,0.042296072290249266,0.9806518554686902,0.021604938271538258
769,cnn_direct_vector_regression__distance_transform,CNN + Distance-to-stroke,distance_transform,1,1,0,0.7058390804597702,0.52,0.6091954022988506,1.0,1.0,0,0,0,54,266,16064,0.0,0.0,0.0,0.9804687499999402,0.0
769,cnn_direct_vector_regression__local_density,CNN + Local density blur,local_density,1,1,0,0.48563218390804597,0.0,0.6781609195402298,1.0,1.0,0,0,13,46,253,16072,0.2203389830471129,0.04887218045094409,0.07999999970234319,0.98175048828119,0.04166666666653312
770,cnn_direct_vector_regression__distance_transform,CNN + Distance-to-stroke,distance_transform,5,5,0,0.2963386327503975,0.0948048048048048,0.7683823529411764,0.0,1.0,1,3,22,234,361,15767,0.08593749999966431,0.0574412532635576,0.06885758950388543,0.9636840820311912,0.03565640194483686
770,cnn_direct_vector_regression__local_density,CNN + Local density blur,local_density,5,5,0,0.3999117647058823,0.13313725490196077,0.95,0.19999999999999998,1.0,1,3,16,168,367,15833,0.08695652173865785,0.04177545691895098,0.056437389332114014,0.9673461914061909,0.029038112522633327
771,cnn_direct_vector_regression__distance_transform,CNN + Distance-to-stroke,distance_transform,2,2,0,0.43088636363636357,0.45499999999999996,0.6306818181818181,0.0,1.0,0,1,3,109,347,15925,0.02678571428547513,0.008571428571404081,0.012987012619647319,0.9721679687499406,0.006535947712404061
771,cnn_direct_vector_regression__local_density,CNN + Local density blur,local_density,2,3,1,0.6218030303030303,0.2866666666666667,0.8806818181818181,1.0,0.6666666666666667,0,0,10,124,340,15910,0.07462686567108488,0.028571428571346938,0.04132231364899939,0.9716796874999407,0.021097046413457603
772,cnn_direct_vector_regression__distance_transform,CNN + Distance-to-stroke,distance_transform,3,3,0,0.5272916666666667,0.03981481481481481,0.796875,1.0,1.0,0,0,3,91,331,15959,0.031914893616681754,0.00898203592811682,0.01401869124593852,0.9742431640624405,0.007058823529395156
772,cnn_direct_vector_regression__local_density,CNN + Local density blur,local_density,3,3,0,0.6024112021857924,0.15119156041287188,0.921875,1.0,1.0,0,0,2,109,332,15941,0.018018018017855693,0.00598802395207788,0.008988763670465865,0.9730834960936906,0.004514672686220057
773,cnn_direct_vector_regression__distance_transform,CNN + Distance-to-stroke,distance_transform,5,5,0,0.3074925280199253,0.15363636363636363,0.6917808219178082,0.0,1.0,3,3,18,159,516,15691,0.10169491525366274,0.0337078651684762,0.050632911018319716,0.9588012695311915,0.025974025973988495
773,cnn_direct_vector_regression__local_density,CNN + Local density blur,local_density,5,5,0,0.3532758405977584,0.22797979797979798,0.7534246575342466,0.0,1.0,3,1,14,195,520,15655,0.06698564593269385,0.02621722846437038,0.0376850601608408,0.9563598632811916,0.019204389574733603
774,cnn_direct_vector_regression__distance_transform,CNN + Distance-to-stroke,distance_transform,5,5,0,0.34927436946148605,0.1749382716049383,0.852760736196319,0.0,1.0,1,1,2,135,317,15930,0.014598540145878844,0.006269592476469374,0.008771929404172457,0.9724121093749406,0.004405286343602632
774,cnn_direct_vector_regression__local_density,CNN + Local density blur,local_density,5,5,0,0.3903280163599182,0.35614814814814816,0.6503067484662577,0.0,1.0,1,0,3,106,316,15959,0.02752293577956401,0.009404388714704061,0.014018691209090325,0.9742431640624405,0.007058823529395156
775,cnn_direct_vector_regression__distance_transform,CNN + Distance-to-stroke,distance_transform,1,1,0,0.4928571428571429,0.0,0.7142857142857143,1.0,1.0,0,0,9,32,125,16218,0.21951219511659728,0.06716417910397639,0.10285714249717551,0.9904174804686895,0.05421686746955291
775,cnn_direct_vector_regression__local_density,CNN + Local density blur,local_density,1,1,0,0.49893617021276593,0.0,0.7446808510638299,1.0,1.0,0,0,8,37,126,16213,0.17777777777382717,0.059701492536867906,0.08938547448294373,0.9900512695311895,0.04678362573072057
776,cnn_direct_vector_regression__distance_transform,CNN + Distance-to-stroke,distance_transform,5,5,0,0.5575858123569793,0.08703279938977879,0.8421052631578947,1.0,1.0,0,0,12,161,461,15750,0.06936416184931003,0.025369978858297317,0.03715170239409465,0.9620361328124413,0.018927444794922827
776,cnn_direct_vector_regression__local_density,CNN + Local density blur,local_density,5,5,0,0.6995467347298011,0.35571789004283283,0.9473684210526316,1.0,1.0,0,0,70,124,403,15787,0.36082474226618133,0.14799154334006767,0.20989505206061737,0.9678344726561909,0.11725293132308669
777,cnn_direct_vector_regression__distance_transform,CNN + Distance-to-stroke,distance_transform,3,4,1,0.6680076466170548,0.4119816723940436,0.7880794701986755,1.0,0.75,0,0,4,301,531,15548,0.013114754098317657,0.007476635514004717,0.009523809061272698,0.949218749999942,0.004784688995209588
777,cnn_direct_vector_regression__local_density,CNN + Local density blur,local_density,3,4,1,0.5090336134453781,0.0,0.9201680672268908,1.0,0.75,0,0,14,197,521,15652,0.06635071090015948,0.02616822429901651,0.037533511658557894,0.9561767578124416,0.01912568306008316
778,cnn_direct_vector_regression__distance_transform,CNN + Distance-to-stroke,distance_transform,4,3,1,0.24768939393939396,0.017087542087542085,0.825,0.0,0.75,1,0,4,77,240,16063,0.04938271604877305,0.016393442622883635,0.02461538424100356,0.9806518554686902,0.012461059189992334
778,cnn_direct_vector_regression__local_density,CNN + Local density blur,local_density,4,3,1,0.25942099567099575,0.02887205387205387,0.8571428571428572,0.0,0.75,1,1,13,118,231,16022,0.09923664122061653,0.05327868852437181,0.06933333287836445,0.9786987304686903,0.03591160220984555
779,cnn_direct_vector_regression__distance_transform,CNN + Distance-to-stroke,distance_transform,4,4,0,0.33464411594597354,0.10140694874441004,0.945054945054945,0.0,1.0,0,2,25,132,302,15925,0.1592356687887947,0.0764525993881454,0.10330578468522471,0.9735107421874406,0.05446623093670051
779,cnn_direct_vector_regression__local_density,CNN + Local density blur,local_density,4,4,0,0.5201616031027796,0.031372549019607836,0.7802197802197802,1.0,1.0,0,0,3,129,324,15928,0.022727272727100553,0.00917431192657745,0.013071895015022726,0.9723510742186906,0.0065789473684066254
780,cnn_direct_vector_regression__distance_transform,CNN + Distance-to-stroke,distance_transform,2,3,1,0.3902572463768116,0.45499999999999996,0.5942028985507246,0.0,0.6666666666666667,1,0,5,79,320,15980,0.05952380952310091,0.015384615384568048,0.024449877424094792,0.9756469726561904,0.012376237623731742
780,cnn_direct_vector_regression__local_density,CNN + Local density blur,local_density,2,3,1,0.22766304347826088,0.022826086956521722,0.7536231884057971,0.0,0.6666666666666667,1,1,17,85,308,15974,0.1666666666650327,0.052307692307531364,0.0796252923760455,0.9760131835936904,0.04146341463404521
781,cnn_direct_vector_regression__distance_transform,CNN + Distance-to-stroke,distance_transform,1,1,0,0.6162537313432835,0.26,0.7462686567164178,1.0,1.0,0,0,9,42,197,16136,0.17647058823183392,0.043689320388137436,0.07003891018716409,0.9854125976561898,0.03629032258049883
781,cnn_direct_vector_regression__local_density,CNN + Local density blur,local_density,1,1,0,0.5788795885437676,0.1062189054726368,0.9054054054054054,1.0,1.0,0,0,32,43,174,16135,0.42666666666097774,0.15533980582448864,0.22775800672448426,0.9867553710936897,0.12851405622438347
782,cnn_direct_vector_regression__distance_transform,CNN + Distance-to-stroke,distance_transform,2,2,0,0.4872049878345499,0.04537037037037037,0.583941605839416,1.0,1.0,0,0,33,48,388,15915,0.4074074074023777,0.07838479809957628,0.13147410331449502,0.9733886718749406,0.07036247334739795
782,cnn_direct_vector_regression__local_density,CNN + Local density blur,local_density,2,2,0,0.59251399026764,0.3312962962962963,0.46715328467153283,1.0,1.0,0,0,21,43,400,15920,0.32812499999487305,0.04988123515427582,0.08659793791488149,0.9729614257811906,0.04525862068955763
783,cnn_direct_vector_regression__distance_transform,CNN + Distance-to-stroke,distance_transform,2,1,1,0.5140466101694916,0.325,0.3389830508474576,1.0,0.5,0,0,21,0,124,16239,0.999999999952381,0.14482758620589775,0.2530120479687183,0.9924316406249394,0.14482758620589775
783,cnn_direct_vector_regression__local_density,CNN + Local density blur,local_density,2,1,1,0.3813559322033898,0.0,0.4067796610169492,1.0,0.5,0,0,5,17,140,16222,0.2272727272623967,0.034482758620451845,0.05988023929147692,0.9904174804686895,0.030864197530673678
784,cnn_direct_vector_regression__distance_transform,CNN + Distance-to-stroke,distance_transform,2,2,0,0.7489393125671321,0.4692982456140351,0.9387755102040817,1.0,1.0,0,0,12,70,301,16001,0.14634146341284948,0.03833865814684237,0.06075949334157987,0.9773559570311903,0.031331592689213233
784,cnn_direct_vector_regression__local_density,CNN + Local density blur,local_density,2,2,0,0.5367631578947368,0.006140350877192982,0.92,1.0,1.0,0,0,21,64,292,16007,0.24705882352650518,0.06709265175697415,0.10552763785451126,0.9782714843749403,0.055702917771735534
785,cnn_direct_vector_regression__distance_transform,CNN + Distance-to-stroke,distance_transform,1,1,0,0.7075,0.35,1.0,1.0,1.0,0,0,3,32,33,16316,0.08571428571183674,0.08333333333101853,0.08450704175123985,0.9960327148436892,0.04411764705817474
785,cnn_direct_vector_regression__local_density,CNN + Local density blur,local_density,1,1,0,0.591,0.14666666666666667,0.875,1.0,1.0,0,0,0,41,36,16307,0.0,0.0,0.0,0.9953002929686893,0.0
786,cnn_direct_vector_regression__distance_transform,CNN + Distance-to-stroke,distance_transform,4,5,1,0.3211664925113201,0.12213243546576881,0.9310344827586207,0.0,0.8,0,1,9,170,422,15783,0.050279329608657664,0.020881670533594243,0.029508196306546632,0.9638671874999412,0.014975041597312853
786,cnn_direct_vector_regression__local_density,CNN + Local density blur,local_density,4,4,0,0.38653659303659305,0.1946550979884313,0.9947089947089947,0.0,1.0,0,2,36,139,395,15814,0.2057142857131102,0.08352668213437697,0.1188118807769554,0.9674072265624409,0.06315789473673131
787,cnn_direct_vector_regression__distance_transform,CNN + Distance-to-stroke,distance_transform,2,3,1,0.30752611803519064,0.10274621212121213,0.9731182795698925,0.0,0.6666666666666667,1,1,17,148,450,15769,0.10303030302967861,0.036402569593069804,0.05379746796842954,0.9635009765624412,0.02764227642271928
787,cnn_direct_vector_regression__local_density,CNN + Local density blur,local_density,2,3,1,0.31394273618538326,0.11931818181818181,0.9679144385026738,0.0,0.6666666666666667,1,1,22,147,445,15770,0.13017751479212913,0.04710920770867857,0.06918238954666053,0.9638671874999412,0.03583061889244979
788,cnn_direct_vector_regression__distance_transform,CNN + Distance-to-stroke,distance_transform,3,3,0,0.6422196056955093,0.2150334672021419,0.9772727272727273,1.0,1.0,0,0,6,202,619,15557,0.028846153846015164,0.00959999999998464,0.014405761930187692,0.949890136718692,0.00725513905682315
788,cnn_direct_vector_regression__local_density,CNN + Local density blur,local_density,3,3,0,0.34652486026718465,0.1352685596185913,0.9282700421940928,0.0,1.0,0,1,1,220,624,15539,0.00452488687780758,0.00159999999999744,0.0023640658078707827,0.948486328124942,0.0011834319526613213
789,cnn_direct_vector_regression__distance_transform,CNN + Distance-to-stroke,distance_transform,5,5,0,0.34086494252873567,0.16488505747126436,0.8333333333333334,0.0,1.0,1,0,3,170,252,15959,0.017341040462327508,0.011764705882306806,0.014018691107072687,0.9742431640624405,0.007058823529395156
789,cnn_direct_vector_regression__local_density,CNN + Local density blur,local_density,5,4,1,0.2719925715333823,0.07204022988505746,0.7978723404255319,0.0,0.8,1,1,3,174,252,15955,0.016949152542277125,0.011764705882306806,0.01388888840512476,0.9739990234374405,0.006993006992990693
790,cnn_direct_vector_regression__distance_transform,CNN + Distance-to-stroke,distance_transform,3,3,0,0.31475,0.13,0.78125,0.0,1.0,0,1,4,115,153,16112,0.03361344537786879,0.02547770700620715,0.028985506755644833,0.9836425781249399,0.014705882352887112
790,cnn_direct_vector_regression__local_density,CNN + Local density blur,local_density,3,3,0,0.6425,0.29,0.81,1.0,1.0,0,0,1,74,156,16153,0.013333333333155555,0.006369426751551788,0.008620689217560961,0.9859619140624398,0.004329004328985589
791,cnn_direct_vector_regression__distance_transform,CNN + Distance-to-stroke,distance_transform,5,5,0,0.3855043539154792,0.251385336743393,0.861904761904762,0.0,1.0,4,1,9,164,356,15855,0.05202312138698253,0.024657534246507788,0.033457248634188315,0.9682617187499408,0.01701323251414553
791,cnn_direct_vector_regression__local_density,CNN + Local density blur,local_density,5,4,1,0.3499016563146998,0.14396135265700483,0.8380952380952381,0.15,0.8,4,3,17,150,348,15869,0.10179640718501919,0.04657534246562582,0.06390977400510911,0.9696044921874408,0.03300970873779998
792,cnn_direct_vector_regression__distance_transform,CNN + Distance-to-stroke,distance_transform,3,3,0,0.6609393939393939,0.26,0.9696969696969697,1.0,1.0,0,0,82,74,216,16012,0.5256410256376561,0.27516778523397595,0.36123347972353437,0.98229980468744,0.22043010752628917
792,cnn_direct_vector_regression__local_density,CNN + Local density blur,local_density,3,3,0,0.5960606060606061,0.2962962962962962,0.5636363636363637,1.0,1.0,0,0,0,94,298,15992,0.0,0.0,0.0,0.9760742187499404,0.0
793,cnn_direct_vector_regression__distance_transform,CNN + Distance-to-stroke,distance_transform,1,1,0,0.5912020169160702,0.12987421383647796,0.9137931034482758,1.0,1.0,0,0,29,30,135,16190,0.49152542372048263,0.17682926829160472,0.26008968570717295,0.9899291992186896,0.1494845360817037
793,cnn_direct_vector_regression__local_density,CNN + Local density blur,local_density,1,1,0,0.8584905660377359,0.7358490566037736,0.8867924528301887,1.0,1.0,0,0,45,3,119,16217,0.9374999999804688,0.27439024390076594,0.42452830153248494,0.9925537109374394,0.26946107784269785
794,cnn_direct_vector_regression__distance_transform,CNN + Distance-to-stroke,distance_transform,3,3,0,0.574823758519961,0.10017094017094015,0.8987341772151899,1.0,1.0,0,0,2,68,80,16234,0.028571428571020407,0.024390243902141583,0.026315788976454303,0.9909667968749395,0.013333333333244445
794,cnn_direct_vector_regression__local_density,CNN + Local density blur,local_density,3,2,1,0.5169271340473872,0.05683760683760683,0.8734177215189873,1.0,0.6666666666666667,0,0,0,69,82,16233,0.0,0.0,0.0,0.9907836914061895,0.0
795,cnn_direct_vector_regression__distance_transform,CNN + Distance-to-stroke,distance_transform,5,5,0,0.6328755411255411,0.24765993265993266,0.8571428571428572,1.0,1.0,0,0,16,194,539,15635,0.07619047619011338,0.028828828828776885,0.04183006496105942,0.9552612304686917,0.0213618157543106
795,cnn_direct_vector_regression__local_density,CNN + Local density blur,local_density,5,5,0,0.3910184331194969,0.2211392035860121,0.9575289575289575,0.0,1.0,0,1,24,219,531,15610,0.09876543209835899,0.04324324324316533,0.06015037551613056,0.9542236328124417,0.031007751937944434
796,cnn_direct_vector_regression__distance_transform,CNN + Distance-to-stroke,distance_transform,1,1,0,0.5012536231884058,0.12999999999999998,0.46376811594202894,1.0,1.0,0,0,0,33,212,16139,0.0,0.0,0.0,0.9850463867186898,0.0
796,cnn_direct_vector_regression__local_density,CNN + Local density blur,local_density,1,1,0,0.41666666666666663,0.0,0.33333333333333337,1.0,1.0,0,0,0,23,212,16149,0.0,0.0,0.0,0.9856567382811898,0.0
797,cnn_direct_vector_regression__distance_transform,CNN + Distance-to-stroke,distance_transform,5,5,0,0.29852390852390853,0.18475398475398475,0.5769230769230769,0.0,1.0,1,0,7,105,594,15678,0.06249999999944196,0.011647254575687774,0.01963534335364273,0.9573364257811915,0.009915014164291905
797,cnn_direct_vector_regression__local_density,CNN + Local density blur,local_density,5,5,0,0.4372807629554283,0.31752942131320505,0.9719626168224299,0.0,1.0,1,1,13,201,588,15582,0.060747663551118006,0.02163061564056301,0.03190184010345893,0.9518432617186918,0.016209476309206723
798,cnn_direct_vector_regression__distance_transform,CNN + Distance-to-stroke,distance_transform,2,2,0,0.5795892857142857,0.0975,0.9285714285714286,1.0,1.0,0,0,20,52,216,16096,0.27777777777391977,0.08474576271150532,0.1298701295110474,0.9836425781249399,0.06944444444420332
798,cnn_direct_vector_regression__local_density,CNN + Local density blur,local_density,2,2,0,0.523469387755102,0.0,0.8673469387755102,1.0,1.0,0,0,3,81,233,16067,0.035714285713860545,0.012711864406725797,0.01874999961269532,0.9808349609374402,0.009463722397446486
799,cnn_direct_vector_regression__distance_transform,CNN + Distance-to-stroke,distance_transform,1,1,0,0.5903125,0.13124999999999998,0.90625,1.0,1.0,0,0,8,21,97,16258,0.27586206895600474,0.07619047618975057,0.11940298473368234,0.9927978515624394,0.06349206349155959
799,cnn_direct_vector_regression__local_density,CNN + Local density blur,local_density,1,1,0,0.5903125,0.13124999999999998,0.90625,1.0,1.0,0,0,22,8,83,16271,0.7333333333088888,0.20952380952181404,0.32592592557541833,0.9944458007811893,0.19469026548500273
800,cnn_direct_vector_regression__distance_transform,CNN + Distance-to-stroke,distance_transform,5,4,1,0.31334846044990977,0.11251646903820817,0.9135802469135803,0.0,0.8,1,0,7,141,265,15971,0.04729729729697772,0.025735294117552446,0.033333332876757375,0.9752197265624405,0.01694915254233184
800,cnn_direct_vector_regression__local_density,CNN + Local density blur,local_density,5,5,0,0.3786523165128237,0.1775264098090185,0.9938271604938271,0.0,1.0,1,1,8,136,264,15976,0.05555555555516976,0.029411764705774224,0.03846153800869084,0.9755859374999404,0.019607843137206843
801,cnn_direct_vector_regression__distance_transform,CNN + Distance-to-stroke,distance_transform,2,2,0,0.5526218775181305,0.06062091503267973,0.8767123287671232,1.0,1.0,0,0,26,120,368,15870,0.1780821917796022,0.06598984771556855,0.09629629590139917,0.9702148437499407,0.050583657587450225
801,cnn_direct_vector_regression__local_density,CNN + Local density blur,local_density,2,2,0,0.508,0.0733333333333333,0.625,1.0,1.0,0,0,29,52,365,15938,0.3580246913536046,0.07360406091351877,0.12210526287448642,0.9745483398436905,0.06502242152451788
802,cnn_direct_vector_regression__distance_transform,CNN + Distance-to-stroke,distance_transform,2,2,0,0.38,0.0,0.15000000000000002,1.0,1.0,0,0,0,13,243,16128,0.0,0.0,0.0,0.9843749999999399,0.0
802,cnn_direct_vector_regression__local_density,CNN + Local density blur,local_density,2,2,0,0.7415994694960212,0.48355437665782486,0.87,1.0,1.0,0,0,3,86,240,16055,0.033707865168160586,0.012345679012294873,0.01807228876409857,0.9801025390624402,0.009118541033406934
803,cnn_direct_vector_regression__distance_transform,CNN + Distance-to-stroke,distance_transform,2,2,0,0.47881355932203395,0.0,0.6440677966101696,1.0,1.0,0,0,0,39,113,16232,0.0,0.0,0.0,0.9907226562499395,0.0
803,cnn_direct_vector_regression__local_density,CNN + Local density blur,local_density,2,2,0,0.5682415254237289,0.10833333333333335,0.847457627118644,1.0,1.0,0,0,0,50,113,16221,0.0,0.0,0.0,0.9900512695311895,0.0
804,cnn_direct_vector_regression__distance_transform,CNN + Distance-to-stroke,distance_transform,2,3,1,0.4387839795008913,0.40625,0.946524064171123,0.0,0.6666666666666667,1,0,10,174,451,15749,0.05434782608666116,0.021691973969584184,0.031007751530105168,0.9618530273436913,0.015748031496038192
804,cnn_direct_vector_regression__local_density,CNN + Local density blur,local_density,2,3,1,0.5197076863740421,0.4963235294117647,0.8984771573604061,0.2,0.6666666666666667,1,2,64,112,397,15811,0.3636363636342975,0.13882863340533877,0.20094191482708634,0.9689331054686908,0.11169284467694295
805,cnn_direct_vector_regression__distance_transform,CNN + Distance-to-stroke,distance_transform,3,4,1,0.31996409420021255,0.21420592361951987,0.7428571428571429,0.0,0.75,0,1,23,170,422,15769,0.11917098445534109,0.05168539325831082,0.07210031305740412,0.9638671874999412,0.037398373983679026
805,cnn_direct_vector_regression__local_density,CNN + Local density blur,local_density,3,4,1,0.2686764705882353,0.11666666666666667,0.7058823529411764,0.0,0.75,0,5,39,158,406,15781,0.19796954314620321,0.08764044943800531,0.12149532667703634,0.965576171874941,0.06467661691531564
806,cnn_direct_vector_regression__distance_transform,CNN + Distance-to-stroke,distance_transform,3,3,0,0.5901500857632933,0.17727272727272728,0.8018867924528301,1.0,1.0,0,0,6,74,188,16116,0.0749999999990625,0.030927835051386972,0.04379562002418882,0.9840087890624399,0.022388059701409002
806,cnn_direct_vector_regression__local_density,CNN + Local density blur,local_density,3,3,0,0.5576509729697758,0.22664576802507838,0.5283018867924528,1.0,1.0,0,0,0,47,194,16143,0.0,0.0,0.0,0.9852905273436898,0.0
807,cnn_direct_vector_regression__distance_transform,CNN + Distance-to-stroke,distance_transform,3,3,0,0.5445934959349594,0.1,0.7479674796747968,1.0,1.0,0,0,6,86,413,15879,0.06521739130363893,0.014319809069178235,0.02348336565377737,0.9695434570311908,0.011881188118788355
807,cnn_direct_vector_regression__local_density,CNN + Local density blur,local_density,3,3,0,0.6879690063642717,0.310211161387632,0.991869918699187,1.0,1.0,0,0,5,106,414,15859,0.045045045044639236,0.011933174224315196,0.018867924197087937,0.9682617187499408,0.009523809523791383
808,cnn_direct_vector_regression__distance_transform,CNN + Distance-to-stroke,distance_transform,2,2,0,0.5648611111111111,0.13179012345679011,0.7777777777777778,1.0,1.0,0,0,4,32,83,16265,0.1111111111080247,0.0459770114937244,0.06504064999140724,0.9929809570311894,0.03361344537786879
808,cnn_direct_vector_regression__local_density,CNN + Local density blur,local_density,2,2,0,0.47097222222222224,0.0021604938271604836,0.6,1.0,1.0,0,0,2,27,85,16270,0.06896551723900118,0.0229885057468622,0.03448275824509513,0.9931640624999394,0.017543859648968912
809,cnn_direct_vector_regression__distance_transform,CNN + Distance-to-stroke,distance_transform,5,5,0,0.39589227699852614,0.1563306638614589,0.8777173913043478,0.2,1.0,2,4,33,264,951,15136,0.111111111110737,0.03353658536581958,0.051522247887288,0.9258422851561935,0.026442307692286504
809,cnn_direct_vector_regression__local_density,CNN + Local density blur,local_density,5,5,0,0.4789848435317543,0.4496764638869903,0.8831521739130435,0.0,1.0,2,3,100,178,884,15222,0.3597122302145334,0.10162601626005932,0.1584786050445021,0.9351806640624429,0.0860585197933855
810,cnn_direct_vector_regression__distance_transform,CNN + Distance-to-stroke,distance_transform,1,1,0,0.8535882352941176,0.6850980392156862,0.9764705882352941,1.0,1.0,0,0,14,70,250,16050,0.16666666666468252,0.05303030303010216,0.08045976974824944,0.9804687499999402,0.04191616766454516
810,cnn_direct_vector_regression__local_density,CNN + Local density blur,local_density,1,1,0,0.6774411764705882,0.3354901960784314,0.8823529411764706,1.0,1.0,0,0,0,76,264,16044,0.0,0.0,0.0,0.9792480468749402,0.0
811,cnn_direct_vector_regression__distance_transform,CNN + Distance-to-stroke,distance_transform,1,1,0,0.6758544303797468,0.29092827004219407,0.9746835443037974,1.0,1.0,0,0,30,41,231,16082,0.4225352112616544,0.1149425287351918,0.1807228912289338,0.9833984374999399,0.09933774834404194
811,cnn_direct_vector_regression__local_density,CNN + Local density blur,local_density,1,1,0,0.6125632911392405,0.17278481012658226,0.9240506329113924,1.0,1.0,0,0,0,68,261,16055,0.0,0.0,0.0,0.9799194335936902,0.0
812,cnn_direct_vector_regression__distance_transform,CNN + Distance-to-stroke,distance_transform,5,5,0,0.53388481298999,0.13712405480698164,0.6108949416342413,1.0,1.0,0,0,21,229,252,15882,0.08399999999966401,0.07692307692279515,0.08030592684291611,0.9706420898436907,0.04183266932262583
812,cnn_direct_vector_regression__local_density,CNN + Local density blur,local_density,5,5,0,0.33182784694979817,0.0922773703261508,0.9515151515151515,0.0,1.0,0,1,9,136,264,15975,0.062068965516813325,0.03296703296691221,0.04306220050361714,0.9755859374999404,0.022004889975496322
813,cnn_direct_vector_regression__distance_transform,CNN + Distance-to-stroke,distance_transform,4,3,1,0.23926183701143128,0.1281197944355839,0.5330396475770924,0.0,0.75,0,1,1,110,443,15830,0.009009009008927846,0.0022522522522471795,0.003603603283590646,0.966247558593691,0.0018050541516212906
813,cnn_direct_vector_regression__local_density,CNN + Local density blur,local_density,4,5,1,0.25533039647577094,0.0,0.8766519823788547,0.0,0.8,0,1,4,161,440,15779,0.02424242424227732,0.009009009008988718,0.013136288603255502,0.9633178710936912,0.006611570247922956
814,cnn_direct_vector_regression__distance_transform,CNN + Distance-to-stroke,distance_transform,5,4,1,0.32693693693693693,0.18888888888888888,0.7263513513513513,0.06666666666666665,0.8,3,2,17,170,654,15543,0.09090909090860477,0.02533532041724987,0.039627039286053115,0.949707031249942,0.02021403091555266
814,cnn_direct_vector_regression__local_density,CNN + Local density blur,local_density,5,5,0,0.2859009009009009,0.0962962962962963,0.7128378378378378,0.0,1.0,3,4,30,169,641,15544,0.15075376884346356,0.04470938897161742,0.06896551688838949,0.9505615234374419,0.0357142857142432
815,cnn_direct_vector_regression__distance_transform,CNN + Distance-to-stroke,distance_transform,1,1,0,0.5938636363636364,0.13787878787878785,0.9090909090909091,1.0,1.0,0,0,9,39,161,16175,0.18749999999609376,0.05294117647027682,0.0825688069952866,0.9877929687499397,0.043062200956731765
815,cnn_direct_vector_regression__local_density,CNN + Local density blur,local_density,1,1,0,0.9318181818181818,0.8727272727272728,0.9454545454545454,1.0,1.0,0,0,0,53,170,16161,0.0,0.0,0.0,0.9863891601561897,0.0
816,cnn_direct_vector_regression__distance_transform,CNN + Distance-to-stroke,distance_transform,1,1,0,0.7639523809523809,0.5177777777777778,0.9047619047619048,1.0,1.0,0,0,0,39,43,16302,0.0,0.0,0.0,0.9949951171874393,0.0
816,cnn_direct_vector_regression__local_density,CNN + Local density blur,local_density,1,1,0,0.7639523809523809,0.5177777777777778,0.9047619047619048,1.0,1.0,0,0,0,39,43,16302,0.0,0.0,0.0,0.9949951171874393,0.0
817,cnn_direct_vector_regression__distance_transform,CNN + Distance-to-stroke,distance_transform,3,3,0,0.5888013698630137,0.11666666666666667,0.9315068493150684,1.0,1.0,0,0,0,74,173,16137,0.0,0.0,0.0,0.9849243164061898,0.0
817,cnn_direct_vector_regression__local_density,CNN + Local density blur,local_density,3,3,0,0.5412755102040816,0.11666666666666667,0.6938775510204082,1.0,1.0,0,0,5,91,168,16120,0.0520833333327908,0.02890173410387918,0.0371747207302829,0.9841918945311899,0.0189393939393222
818,cnn_direct_vector_regression__distance_transform,CNN + Distance-to-stroke,distance_transform,2,3,1,0.6387231934731935,0.3655128205128205,0.7878787878787878,1.0,0.6666666666666667,0,0,0,134,330,15920,0.0,0.0,0.0,0.9716796874999407,0.0
818,cnn_direct_vector_regression__local_density,CNN + Local density blur,local_density,2,3,1,0.2770491764926072,0.13012820512820514,0.7591240875912408,0.0,0.6666666666666667,0,1,0,130,330,15924,0.0,0.0,0.0,0.9719238281249406,0.0
819,cnn_direct_vector_regression__distance_transform,CNN + Distance-to-stroke,distance_transform,3,3,0,0.26193401573753006,0.019021739130434787,0.7668711656441718,0.0,1.0,1,1,14,90,432,15848,0.13461538461409023,0.0313901345290776,0.05090909060223471,0.9681396484374409,0.026119402985025898
819,cnn_direct_vector_regression__local_density,CNN + Local density blur,local_density,3,3,0,0.2423312883435583,0.0,0.7116564417177914,0.0,1.0,1,0,25,91,421,15847,0.21551724137745243,0.05605381165906714,0.08896797120232772,0.9687499999999408,0.04655493482300455
820,cnn_direct_vector_regression__distance_transform,CNN + Distance-to-stroke,distance_transform,5,5,0,0.6285024603167063,0.2548519218651543,0.8190954773869347,1.0,1.0,0,0,15,149,401,15819,0.09146341463358865,0.03605769230760563,0.05172413752524376,0.9664306640624409,0.026548672566324694
820,cnn_direct_vector_regression__local_density,CNN + Local density blur,local_density,5,5,0,0.6427272230718811,0.25966183574879226,0.8793969849246231,1.0,1.0,0,0,5,162,411,15806,0.029940119760299762,0.012019230769201876,0.017152658253241512,0.965026855468691,0.008650519031126902
821,cnn_direct_vector_regression__distance_transform,CNN + Distance-to-stroke,distance_transform,1,1,0,0.6888432835820896,0.3151741293532338,0.9850746268656716,1.0,1.0,0,0,11,41,167,16165,0.2115384615343935,0.06179775280864159,0.09565217356226842,0.9873046874999397,0.05022831050205375
821,cnn_direct_vector_regression__local_density,CNN + Local density blur,local_density,1,1,0,0.5111940298507462,0.0,0.8059701492537313,1.0,1.0,0,0,9,42,169,16164,0.17647058823183392,0.05056179775252494,0.07860261974043212,0.9871215820311897,0.04090909090890496
822,cnn_direct_vector_regression__distance_transform,CNN + Distance-to-stroke,distance_transform,3,3,0,0.6885404755881609,0.39741996233521654,0.7985074626865671,1.0,1.0,0,0,43,93,249,15999,0.3161764705859105,0.14726027397209843,0.2009345790047384,0.9791259765624402,0.1116883116880216
822,cnn_direct_vector_regression__local_density,CNN + Local density blur,local_density,3,3,0,0.5756789558332303,0.1543879472693032,0.781021897810219,1.0,1.0,0,0,52,83,240,16009,0.38518518518233197,0.17808219178021206,0.2435597185360091,0.9802856445311902,0.1386666666662969
823,cnn_direct_vector_regression__distance_transform,CNN + Distance-to-stroke,distance_transform,3,4,1,0.5084862385321101,0.0,0.9174311926605505,1.0,0.75,0,0,7,88,293,15996,0.07368421052554017,0.023333333333255556,0.035443037609178024,0.9767456054686904,0.018041237113355563
823,cnn_direct_vector_regression__local_density,CNN + Local density blur,local_density,3,3,0,0.5699678899082569,0.13,0.8073394495412844,1.0,1.0,0,0,0,88,300,15996,0.0,0.0,0.0,0.9763183593749404,0.0
824,cnn_direct_vector_regression__distance_transform,CNN + Distance-to-stroke,distance_transform,2,2,0,0.5989823468328141,0.17530864197530865,0.8504672897196262,1.0,1.0,0,0,13,63,235,16073,0.17105263157669667,0.052419354838498314,0.08024691322065997,0.98181152343744,0.04180064308668231
824,cnn_direct_vector_regression__local_density,CNN + Local density blur,local_density,2,3,1,0.3867803234501348,0.31506738544474394,0.8916666666666666,0.0,0.6666666666666667,0,1,25,86,223,16050,0.22522522522319616,0.10080645161249675,0.13927576558875243,0.98114013671869,0.0748502994009735
825,cnn_direct_vector_regression__distance_transform,CNN + Distance-to-stroke,distance_transform,2,2,0,0.5704413702239789,0.14848484848484847,0.7681159420289855,1.0,1.0,0,0,1,48,70,16265,0.02040816326488963,0.014084507042055147,0.01666666618319446,0.9927978515624394,0.008403361344467198
825,cnn_direct_vector_regression__local_density,CNN + Local density blur,local_density,2,2,0,0.5845965085638999,0.12196969696969698,0.8985507246376812,1.0,1.0,0,0,0,63,71,16250,0.0,0.0,0.0,0.9918212890624394,0.0
826,cnn_direct_vector_regression__distance_transform,CNN + Distance-to-stroke,distance_transform,2,2,0,0.6166973684210526,0.195,0.8947368421052632,1.0,1.0,0,0,0,62,172,16150,0.0,0.0,0.0,0.9857177734374398,0.0
826,cnn_direct_vector_regression__local_density,CNN + Local density blur,local_density,2,2,0,0.579089558573854,0.09973118279569891,0.9210526315789473,1.0,1.0,0,0,3,62,169,16150,0.04615384615313609,0.017441860465014874,0.025316455297904546,0.9859008789061898,0.012820512820458032
827,cnn_direct_vector_regression__distance_transform,CNN + Distance-to-stroke,distance_transform,4,5,1,0.5533842455621302,0.13874999999999998,0.8047337278106509,1.0,0.8,0,0,0,122,365,15897,0.0,0.0,0.0,0.9702758789061907,0.0
827,cnn_direct_vector_regression__local_density,CNN + Local density blur,local_density,4,5,1,0.2584478692343368,0.022863700564971744,0.8407960199004976,0.0,0.8,0,1,2,185,363,15834,0.010695187165718208,0.005479452054779508,0.0072463763635594175,0.9665527343749409,0.003636363636357025
828,cnn_direct_vector_regression__distance_transform,CNN + Distance-to-stroke,distance_transform,5,4,1,0.30368997668997677,0.06745920745920747,0.9666666666666667,0.0,0.8,0,1,14,182,584,15604,0.07142857142820701,0.023411371237419046,0.035264483255283655,0.9532470703124418,0.017948717948694938
828,cnn_direct_vector_regression__local_density,CNN + Local density blur,local_density,5,5,0,0.3083541458541459,0.09475524475524474,0.8285714285714285,0.0,1.0,0,3,16,213,582,15573,0.06986899563288267,0.026755852842764622,0.03869407456921991,0.9514770507811919,0.019728729962984304
829,cnn_direct_vector_regression__distance_transform,CNN + Distance-to-stroke,distance_transform,3,2,1,0.3782051282051282,0.0,0.3076923076923077,1.0,0.6666666666666667,0,0,5,20,201,16158,0.199999999992,0.024271844660076352,0.043290043096643624,0.9865112304686897,0.022123893805211844
829,cnn_direct_vector_regression__local_density,CNN + Local density blur,local_density,3,3,0,0.5430769230769231,0.03589743589743589,0.8846153846153846,1.0,1.0,0,0,1,65,205,16113,0.015151515151285582,0.00485436893201527,0.007352940808877613,0.9835205078124399,0.0036900369003553873
830,cnn_direct_vector_regression__distance_transform,CNN + Distance-to-stroke,distance_transform,3,3,0,0.36467231638418085,0.24666666666666667,0.768361581920904,0.0,1.0,1,1,10,125,365,15884,0.07407407407352538,0.026666666666595555,0.03921568588508267,0.9700927734374407,0.01999999999996
830,cnn_direct_vector_regression__local_density,CNN + Local density blur,local_density,3,3,0,0.24124293785310735,0.0,0.7062146892655368,0.0,1.0,1,2,18,90,357,15919,0.16666666666512345,0.047999999999872,0.07453416114316577,0.9727172851561906,0.038709677419271595
831,cnn_direct_vector_regression__distance_transform,CNN + Distance-to-stroke,distance_transform,3,3,0,0.25862068965517243,0.0,0.7931034482758621,0.0,1.0,1,0,5,79,233,16067,0.05952380952310091,0.02100840336125627,0.031055900235291856,0.98095703124994,0.01577287066241081
831,cnn_direct_vector_regression__local_density,CNN + Local density blur,local_density,3,3,0,0.253448275862069,0.0,0.7672413793103449,0.0,1.0,1,0,5,75,233,16071,0.06249999999921875,0.02100840336125627,0.03144654050373799,0.98120117187494,0.015974440894517654
832,cnn_direct_vector_regression__distance_transform,CNN + Distance-to-stroke,distance_transform,5,5,0,0.31409182530795077,0.07859649122807018,0.8936170212765957,0.0,1.0,0,1,5,174,346,15859,0.0279329608936987,0.014245014244973661,0.018867924080890008,0.9682617187499408,0.009523809523791383
832,cnn_direct_vector_regression__local_density,CNN + Local density blur,local_density,5,5,0,0.30143242271746945,0.09871794871794873,0.7850467289719626,0.0,1.0,0,1,3,193,348,15840,0.0153061224489015,0.008547008546984198,0.010968920929504147,0.9669799804686909,0.005514705882342804
833,cnn_direct_vector_regression__distance_transform,CNN + Distance-to-stroke,distance_transform,3,3,0,0.2708721215090642,0.059829059829059825,0.7197452229299364,0.0,1.0,1,0,2,113,336,15933,0.017391304347674857,0.005917159763296103,0.008830021696182931,0.9725952148436906,0.0044345898004336266
833,cnn_direct_vector_regression__local_density,CNN + Local density blur,local_density,3,5,2,0.2930239520958084,0.1,0.9401197604790419,0.0,0.6,1,1,4,151,334,15895,0.025806451612736734,0.011834319526592207,0.016227180096211064,0.9703979492186907,0.008179959100187772
834,cnn_direct_vector_regression__distance_transform,CNN + Distance-to-stroke,distance_transform,4,4,0,0.577633855399745,0.07602845059592465,0.9671052631578947,1.0,1.0,0,0,1,142,217,16024,0.006993006992958091,0.00458715596328171,0.005540165726536824,0.9780883789061903,0.002777777777770062
834,cnn_direct_vector_regression__local_density,CNN + Local density blur,local_density,4,4,0,0.28260869565217395,0.0,0.9130434782608696,0.0,1.0,0,1,7,140,211,16026,0.04761904761872368,0.032110091742971976,0.038356163902270604,0.9785766601561903,0.019553072625643708
835,cnn_direct_vector_regression__distance_transform,CNN + Distance-to-stroke,distance_transform,3,4,1,0.5150709219858156,0.0,0.950354609929078,1.0,0.75,0,0,6,125,99,16154,0.04580152671720763,0.057142857142312924,0.0508474571327564,0.9863281249999398,0.02608695652162571
835,cnn_direct_vector_regression__local_density,CNN + Local density blur,local_density,3,3,0,0.5537206703910614,0.12000000000000001,0.7486033519553073,1.0,1.0,0,0,2,151,103,16128,0.013071895424751165,0.019047619047437642,0.015503875486178735,0.9844970703124399,0.007812499999969483
836,cnn_direct_vector_regression__distance_transform,CNN + Distance-to-stroke,distance_transform,2,2,0,0.6714493006993006,0.3525084175084175,0.8141025641025641,1.0,1.0,0,0,0,158,391,15835,0.0,0.0,0.0,0.9664916992186909,0.0
836,cnn_direct_vector_regression__local_density,CNN + Local density blur,local_density,2,2,0,0.5263888888888889,0.0,0.8819444444444444,1.0,1.0,0,0,12,128,379,15865,0.08571428571367348,0.030690537084320485,0.045197739724543474,0.9690551757811908,0.023121387283192445
837,cnn_direct_vector_regression__distance_transform,CNN + Distance-to-stroke,distance_transform,3,3,0,0.37027807250221045,0.16128205128205128,0.9885057471264368,0.0,1.0,0,1,5,165,414,15800,0.029411764705709345,0.011933174224315196,0.01697792828200081,0.964660644531191,0.008561643835601778
837,cnn_direct_vector_regression__local_density,CNN + Local density blur,local_density,3,3,0,0.5772348978704911,0.07307692307692307,0.9717514124293786,1.0,1.0,0,0,20,148,399,15817,0.11904761904691044,0.047732696897260785,0.0681431001022611,0.9666137695311909,0.03527336860663973
838,cnn_direct_vector_regression__distance_transform,CNN + Distance-to-stroke,distance_transform,3,4,1,0.6303657875056616,0.28103712208189824,0.8944954128440367,1.0,0.75,0,0,0,183,566,15635,0.0,0.0,0.0,0.9542846679686917,0.0
838,cnn_direct_vector_regression__local_density,CNN + Local density blur,local_density,3,4,1,0.6369576254226399,0.271220818982013,0.9495412844036697,1.0,0.75,0,0,0,191,566,15627,0.0,0.0,0.0,0.9537963867186917,0.0
839,cnn_direct_vector_regression__distance_transform,CNN + Distance-to-stroke,distance_transform,3,3,0,0.7190807019777609,0.38150689905591867,0.987012987012987,1.0,1.0,0,0,5,72,242,16065,0.06493506493422162,0.02024291497967513,0.030864197168324187,0.9808349609374402,0.015673981191173435
839,cnn_direct_vector_regression__local_density,CNN + Local density blur,local_density,3,3,0,0.6358597285067873,0.31045751633986923,0.7307692307692308,1.0,1.0,0,0,6,95,241,16042,0.05940594059347123,0.024291497975610157,0.03448275820849849,0.9794921874999402,0.01754385964907151
840,cnn_direct_vector_regression__distance_transform,CNN + Distance-to-stroke,distance_transform,3,3,0,0.5189337923058853,0.12108743969209083,0.5722222222222222,1.0,1.0,0,0,8,172,151,16053,0.04444444444419753,0.05031446540848859,0.04719763961963437,0.9802856445311902,0.024169184289957193
840,cnn_direct_vector_regression__local_density,CNN + Local density blur,local_density,3,3,0,0.5742016100178892,0.1320035778175313,0.8240000000000001,1.0,1.0,0,0,28,78,131,16147,0.2641509433937344,0.17610062892971007,0.21132075423538624,0.9872436523436897,0.11814345991511332
841,cnn_direct_vector_regression__distance_transform,CNN + Distance-to-stroke,distance_transform,2,3,1,0.5807666666666667,0.20999999999999996,0.848,1.0,0.6666666666666667,0,0,3,92,243,16046,0.03157894736808864,0.01219512195116994,0.017595307515828048,0.9795532226561902,0.008875739644944154
841,cnn_direct_vector_regression__local_density,CNN + Local density blur,local_density,2,3,1,0.5879113987557696,0.23484848484848486,0.8278145695364238,1.0,0.6666666666666667,0,0,0,132,246,16006,0.0,0.0,0.0,0.9769287109374404,0.0
842,cnn_direct_vector_regression__distance_transform,CNN + Distance-to-stroke,distance_transform,3,3,0,0.514314990512334,0.11424836601307188,0.564516129032258,1.0,1.0,0,0,4,116,141,16123,0.033333333333055555,0.027586206896361477,0.03018867874950517,0.9843139648436899,0.015325670498025573
842,cnn_direct_vector_regression__local_density,CNN + Local density blur,local_density,3,3,0,0.5554083282797655,0.13572984749455336,0.7216494845360825,1.0,1.0,0,0,8,78,137,16161,0.09302325581287182,0.05517241379272295,0.06926406879608704,0.9868774414061897,0.035874439461722536
843,cnn_direct_vector_regression__distance_transform,CNN + Distance-to-stroke,distance_transform,5,5,0,0.279774624600206,0.0678493341284039,0.7462121212121212,0.0,1.0,1,0,9,183,598,15594,0.04687499999975586,0.014827018121886611,0.02252815983508172,0.9523315429686918,0.011392405063276718
843,cnn_direct_vector_regression__local_density,CNN + Local density blur,local_density,5,5,0,0.3522410147991544,0.03023255813953488,0.9431818181818182,0.2,1.0,1,2,13,222,594,15555,0.055319148935934814,0.021416803953836216,0.030878859455004775,0.9501953124999419,0.015681544028931627
844,cnn_direct_vector_regression__distance_transform,CNN + Distance-to-stroke,distance_transform,2,3,1,0.30095197685891417,0.1928872814948764,0.7374301675977654,0.0,0.6666666666666667,0,1,0,159,281,15944,0.0,0.0,0.0,0.9731445312499406,0.0
844,cnn_direct_vector_regression__local_density,CNN + Local density blur,local_density,2,3,1,0.23293757818629013,0.07468354430379746,0.6633165829145728,0.0,0.6666666666666667,0,2,1,181,280,15922,0.0054945054944753055,0.0035587188611973,0.004319653950487297,0.9718627929686906,0.0021645021644974794
845,cnn_direct_vector_regression__distance_transform,CNN + Distance-to-stroke,distance_transform,4,4,0,0.7573965517241379,0.4697701149425287,0.98,1.0,1.0,0,0,2,151,149,16082,0.013071895424751165,0.013245033112495067,0.013157894236777202,0.98168945312494,0.006622516556269462
845,cnn_direct_vector_regression__local_density,CNN + Local density blur,local_density,4,4,0,0.5409090909090909,0.0,0.9545454545454546,1.0,1.0,0,0,5,152,146,16081,0.03184713375775894,0.033112582781237666,0.0324675319675114,0.98181152343744,0.01650165016496204
846,cnn_direct_vector_regression__distance_transform,CNN + Distance-to-stroke,distance_transform,5,5,0,0.3675736557199567,0.18015686274509804,0.9325153374233128,0.0,1.0,0,1,10,151,383,15840,0.06211180124185024,0.025445292620800395,0.03610108262004589,0.9674072265624409,0.01838235294114268
846,cnn_direct_vector_regression__local_density,CNN + Local density blur,local_density,5,5,0,0.6720944933202998,0.37457586618876937,0.7676767676767677,1.0,1.0,0,0,0,197,393,15794,0.0,0.0,0.0,0.9639892578124412,0.0
847,cnn_direct_vector_regression__distance_transform,CNN + Distance-to-stroke,distance_transform,5,4,1,0.2794971735641008,0.09875776397515527,0.7752808988764045,0.0,0.8,3,2,45,153,285,15901,0.22727272727157943,0.13636363636322316,0.1704545449851498,0.9732666015624406,0.09316770186316115
847,cnn_direct_vector_regression__local_density,CNN + Local density blur,local_density,5,5,0,0.3498463742233331,0.19732818907723615,0.8052434456928839,0.0,1.0,3,1,22,182,308,15872,0.10784313725437332,0.06666666666646465,0.08239700327284714,0.9700927734374407,0.04296874999991608
848,cnn_direct_vector_regression__distance_transform,CNN + Distance-to-stroke,distance_transform,5,4,1,0.5729736495388669,0.1953359683794466,0.7753623188405797,1.0,0.8,0,0,0,101,301,15982,0.0,0.0,0.0,0.9754638671874404,0.0
848,cnn_direct_vector_regression__local_density,CNN + Local density blur,local_density,5,4,1,0.28049576889407646,0.03391304347826087,0.9261744966442953,0.0,0.8,0,3,15,105,286,15978,0.12499999999895833,0.04983388704302381,0.07125890695550127,0.9761352539061904,0.03694581280779077
849,cnn_direct_vector_regression__distance_transform,CNN + Distance-to-stroke,distance_transform,4,5,1,0.391,0.24666666666666665,1.0,0.0,0.8,1,0,3,168,448,15765,0.01754385964902021,0.00665188470065044,0.009646301852095219,0.9624023437499413,0.004846526655888778
849,cnn_direct_vector_regression__local_density,CNN + Local density blur,local_density,4,5,1,0.29639743589743595,0.07518518518518517,0.9128205128205128,0.0,0.8,1,0,13,166,438,15767,0.07262569832361662,0.028824833702818572,0.04126984086291258,0.9631347656249412,0.021069692058312692
850,cnn_direct_vector_regression__distance_transform,CNN + Distance-to-stroke,distance_transform,4,5,1,0.27100267379679144,0.07091503267973855,0.7954545454545454,0.0,0.8,3,0,18,169,588,15609,0.09625668449146388,0.02970297029698069,0.04539722536456924,0.9537963867186917,0.023225806451582936
850,cnn_direct_vector_regression__local_density,CNN + Local density blur,local_density,4,4,0,0.2984450110864745,0.14805962059620595,0.6590909090909092,0.0,1.0,3,0,7,165,599,15613,0.04069767441836804,0.01155115511549249,0.017994858267372016,0.9533691406249418,0.009079118028522595
851,cnn_direct_vector_regression__distance_transform,CNN + Distance-to-stroke,distance_transform,3,3,0,0.3135045723507262,0.07041420118343195,0.9090909090909091,0.0,1.0,1,0,4,133,209,16038,0.029197080291757688,0.01877934272291653,0.022857142380587767,0.9791259765624402,0.011560693641585086
851,cnn_direct_vector_regression__local_density,CNN + Local density blur,local_density,3,3,0,0.3001207126207126,0.0349002849002849,0.922077922077922,0.0,1.0,1,1,7,128,206,16043,0.05185185185146777,0.032863849765103925,0.040229884582358974,0.9796142578124402,0.020527859237476458
852,cnn_direct_vector_regression__distance_transform,CNN + Distance-to-stroke,distance_transform,2,3,1,0.4222649572649573,0.3803418803418803,0.9222222222222223,0.0,0.6666666666666667,0,1,0,177,352,15855,0.0,0.0,0.0,0.9677124023436909,0.0
852,cnn_direct_vector_regression__local_density,CNN + Local density blur,local_density,2,3,1,0.24420677361853835,0.0,0.8877005347593583,0.0,0.6666666666666667,0,1,2,184,350,15848,0.010752688171985202,0.00568181818180204,0.007434943785492212,0.9674072265624409,0.003731343283575128
853,cnn_direct_vector_regression__distance_transform,CNN + Distance-to-stroke,distance_transform,2,2,0,0.7556981132075472,0.52,0.8584905660377359,1.0,1.0,0,0,0,93,270,16021,0.0,0.0,0.0,0.9778442382811903,0.0
853,cnn_direct_vector_regression__local_density,CNN + Local density blur,local_density,2,2,0,0.34365299302022956,0.1011603375527426,0.9906542056074766,0.0,1.0,0,1,8,94,262,16020,0.07843137254825067,0.029629629629519892,0.043010752289917915,0.9782714843749403,0.0219780219779616
854,cnn_direct_vector_regression__distance_transform,CNN + Distance-to-stroke,distance_transform,4,4,0,0.6289189189189189,0.2124124124124124,0.9166666666666666,1.0,1.0,0,0,46,77,333,15928,0.37398373983435784,0.12137203166194889,0.18326693190021587,0.9749755859374405,0.10087719298223492
854,cnn_direct_vector_regression__local_density,CNN + Local density blur,local_density,4,4,0,0.5641244041180948,0.133298392732355,0.7707006369426752,1.0,1.0,0,0,12,140,367,15865,0.07894736842053325,0.03166226912920406,0.045197739704200234,0.9690551757811908,0.023121387283192445
855,cnn_direct_vector_regression__distance_transform,CNN + Distance-to-stroke,distance_transform,3,3,0,0.6567657342657343,0.3227272727272727,0.8076923076923077,1.0,1.0,0,0,2,82,320,15980,0.02380952380924036,0.006211180124204314,0.009852216420539213,0.9754638671874404,0.004950495049492697
855,cnn_direct_vector_regression__local_density,CNN + Local density blur,local_density,3,3,0,0.5866954022988505,0.14080459770114942,0.8666666666666667,1.0,1.0,0,0,14,103,308,15959,0.11965811965709694,0.04347826086943019,0.06378132079325036,0.9749145507811905,0.03294117647051073
856,cnn_direct_vector_regression__distance_transform,CNN + Distance-to-stroke,distance_transform,4,4,0,0.33130343666028106,0.11331679073614558,0.9015544041450777,0.0,1.0,0,1,9,173,517,15685,0.04945054945027775,0.01711026615966329,0.02542372843152511,0.9578857421874415,0.012875536480668276
856,cnn_direct_vector_regression__local_density,CNN + Local density blur,local_density,4,5,1,0.5675596993139688,0.14882547559966913,0.8529411764705882,1.0,0.8,0,0,25,162,501,15696,0.1336898395714776,0.047528517110175805,0.07012622682180858,0.9595336914061914,0.036337209302272765
857,cnn_direct_vector_regression__distance_transform,CNN + Distance-to-stroke,distance_transform,3,3,0,0.6556295336787564,0.29,0.8756476683937824,1.0,1.0,0,0,1,170,469,15744,0.005847953216340071,0.0021276595744635584,0.0031201244137743544,0.9609985351561913,0.0015624999999975587
857,cnn_direct_vector_regression__local_density,CNN + Local density blur,local_density,3,3,0,0.6885370370370371,0.35518518518518516,0.8935185185185185,1.0,1.0,0,0,7,199,463,15715,0.03398058252410689,0.014893617021244908,0.020710058747794205,0.9595947265624414,0.01046337817636702
858,cnn_direct_vector_regression__distance_transform,CNN + Distance-to-stroke,distance_transform,5,5,0,0.6439814814814815,0.25,0.9074074074074074,1.0,1.0,0,0,12,226,534,15612,0.05042016806701504,0.021978021977981727,0.030612244475049465,0.9536132812499418,0.015544041450757067
858,cnn_direct_vector_regression__local_density,CNN + Local density blur,local_density,5,5,0,0.5429434110970996,0.035320512820512816,0.8852459016393442,1.0,1.0,0,0,8,280,538,15558,0.02777777777768133,0.014652014651987818,0.019184651825980954,0.9500732421874419,0.00968523002420135
859,cnn_direct_vector_regression__distance_transform,CNN + Distance-to-stroke,distance_transform,5,5,0,0.36993284927940784,0.18694755037001026,0.9290322580645162,0.0,1.0,1,0,25,246,810,15303,0.09225092250888468,0.029940119760443185,0.04520795623030225,0.9355468749999428,0.023126734505066488
859,cnn_direct_vector_regression__local_density,CNN + Local density blur,local_density,5,5,0,0.361542370310446,0.19984326018808776,0.8580645161290322,0.0,1.0,1,3,18,244,817,15305,0.06870229007607366,0.021556886227519095,0.03281677265367635,0.9352416992186929,0.016682113067639774
860,cnn_direct_vector_regression__distance_transform,CNN + Distance-to-stroke,distance_transform,4,4,0,0.512782103897015,0.04821518350930115,0.7054263565891472,1.0,1.0,0,0,12,172,577,15623,0.06521739130399339,0.0203735144312048,0.031047865096422104,0.9542846679686917,0.015768725361345902
860,cnn_direct_vector_regression__local_density,CNN + Local density blur,local_density,4,4,0,0.6279457782686363,0.18699406368051807,0.9689922480620154,1.0,1.0,0,0,13,234,576,15561,0.05263157894715534,0.022071307300471864,0.03110047805250281,0.9505615234374419,0.01579586877276331
861,cnn_direct_vector_regression__distance_transform,CNN + Distance-to-stroke,distance_transform,4,4,0,0.29973891456942303,0.16891133557800225,0.6186440677966102,0.0,1.0,0,1,14,126,553,15691,0.09999999999928572,0.02469135802464781,0.039603960078311656,0.9585571289061915,0.02020202020199105
861,cnn_direct_vector_regression__local_density,CNN + Local density blur,local_density,4,5,1,0.38648430063345324,0.28747923681257015,0.885593220338983,0.0,0.8,0,2,22,164,545,15653,0.11827956989183722,0.0388007054673037,0.05843293455480954,0.9567260742186916,0.03009575923388496
862,cnn_direct_vector_regression__distance_transform,CNN + Distance-to-stroke,distance_transform,1,1,0,0.5121621621621621,0.0,0.8108108108108107,1.0,1.0,0,0,6,32,25,16321,0.15789473683795016,0.1935483870905307,0.1739130429783659,0.9965209960936892,0.09523809523658353
862,cnn_direct_vector_regression__local_density,CNN + Local density blur,local_density,1,1,0,0.5843181818181818,0.11666666666666667,0.9090909090909091,1.0,1.0,0,0,3,29,28,16324,0.09374999999707033,0.09677419354526536,0.0952380947351978,0.9965209960936892,0.04999999999916667
863,cnn_direct_vector_regression__distance_transform,CNN + Distance-to-stroke,distance_transform,3,3,0,0.7061928571428572,0.3756666666666667,0.9357142857142857,1.0,1.0,0,0,1,130,128,16125,0.007633587786201271,0.007751937984436032,0.00769230719227814,0.9842529296874399,0.0038610038609889537
863,cnn_direct_vector_regression__local_density,CNN + Local density blur,local_density,3,3,0,0.3496083853702052,0.16579641193378927,0.875,0.0,1.0,0,1,7,142,122,16113,0.046979865771496786,0.054263565891052225,0.050359711732441394,0.9838867187499399,0.025830258302487714
864,cnn_direct_vector_regression__distance_transform,CNN + Distance-to-stroke,distance_transform,1,1,0,0.4772727272727273,0.0,0.6363636363636364,1.0,1.0,0,0,3,19,44,16318,0.136363636357438,0.06382978723268448,0.08695652130224744,0.9961547851561892,0.04545454545385675
864,cnn_direct_vector_regression__local_density,CNN + Local density blur,local_density,1,1,0,0.7996428571428572,0.65,0.7857142857142857,1.0,1.0,0,0,0,12,47,16325,0.0,0.0,0.0,0.9963989257811892,0.0
865,cnn_direct_vector_regression__distance_transform,CNN + Distance-to-stroke,distance_transform,3,3,0,0.4112423756019262,0.29714285714285715,0.8876404494382022,0.0,1.0,0,1,4,126,607,15647,0.030769230768994085,0.006546644844506471,0.010796221033188192,0.9552612304686917,0.005427408412475675
865,cnn_direct_vector_regression__local_density,CNN + Local density blur,local_density,3,4,1,0.2509775299473537,0.10233449477351916,0.6496350364963503,0.0,0.75,0,2,28,211,583,15562,0.117154811714991,0.04582651391154529,0.06588235253678894,0.9515380859374419,0.034063260340591164
866,cnn_direct_vector_regression__distance_transform,CNN + Distance-to-stroke,distance_transform,3,3,0,0.36172764227642273,0.21666666666666667,0.8211382113821138,0.0,1.0,0,1,6,83,256,16039,0.06741573033632117,0.02290076335869122,0.0341880338093035,0.9793090820311902,0.01739130434777568
866,cnn_direct_vector_regression__local_density,CNN + Local density blur,local_density,3,4,1,0.5164060092449922,0.01120527306967985,0.9318181818181819,1.0,0.75,0,0,8,113,254,16009,0.06611570247879243,0.030534351144921625,0.04177545648660772,0.9776000976561903,0.021333333333276444
867,cnn_direct_vector_regression__distance_transform,CNN + Distance-to-stroke,distance_transform,2,2,0,0.546078431372549,0.0,0.9803921568627451,1.0,1.0,0,0,5,41,163,16175,0.1086956521715501,0.02976190476172761,0.04672897162468338,0.9875488281249397,0.02392344497596209
867,cnn_direct_vector_regression__local_density,CNN + Local density blur,local_density,2,2,0,0.4719500786163522,0.4072685185185184,0.9433962264150944,0.0,1.0,0,1,4,46,164,16170,0.0799999999984,0.023809523809382088,0.03669724735257975,0.9871826171874397,0.018691588784959388
868,cnn_direct_vector_regression__distance_transform,CNN + Distance-to-stroke,distance_transform,4,4,0,0.5879030837004405,0.11555555555555556,0.9295154185022027,1.0,1.0,0,0,6,195,406,15777,0.029850746268508206,0.014563106796081159,0.01957585600289541,0.9633178710936912,0.009884678747924407
868,cnn_direct_vector_regression__local_density,CNN + Local density blur,local_density,4,5,1,0.6258702646087504,0.22999418500626229,0.961864406779661,1.0,0.8,0,0,4,220,408,15752,0.01785714285706314,0.009708737864054105,0.012578615895850655,0.9616699218749413,0.006329113924040618
869,cnn_direct_vector_regression__distance_transform,CNN + Distance-to-stroke,distance_transform,2,2,0,0.5953361344537815,0.18571428571428572,0.8088235294117647,1.0,1.0,0,0,27,110,305,15942,0.19708029196936439,0.08132530120457432,0.11513859233647782,0.9746704101561905,0.06108597285054053
869,cnn_direct_vector_regression__local_density,CNN + Local density blur,local_density,2,2,0,0.5621356421356422,0.06737213403880067,0.9090909090909091,1.0,1.0,0,0,7,115,325,15937,0.057377049179857566,0.021084337349334084,0.030837004012129094,0.9731445312499406,0.01565995525723566
870,cnn_direct_vector_regression__distance_transform,CNN + Distance-to-stroke,distance_transform,3,3,0,0.6272254077471967,0.20015432098765432,0.9357798165137614,1.0,1.0,0,0,0,91,263,16030,0.0,0.0,0.0,0.9783935546874403,0.0
870,cnn_direct_vector_regression__local_density,CNN + Local density blur,local_density,3,3,0,0.5395665137614679,0.021666666666666664,0.8990825688073394,1.0,1.0,0,0,0,86,263,16035,0.0,0.0,0.0,0.9786987304686903,0.0
871,cnn_direct_vector_regression__distance_transform,CNN + Distance-to-stroke,distance_transform,4,4,0,0.28472429906542057,0.03666666666666666,0.8411214953271028,0.0,1.0,0,1,3,85,218,16078,0.03409090909052169,0.01357466063342274,0.019417475320660665,0.98150634765619,0.009803921568595412
871,cnn_direct_vector_regression__local_density,CNN + Local density blur,local_density,4,4,0,0.27473214285714287,0.04861111111111111,0.7642857142857142,0.0,1.0,0,1,5,120,216,16043,0.03999999999968,0.022624434389037898,0.028901733642370284,0.9794921874999402,0.01466275659819747
872,cnn_direct_vector_regression__distance_transform,CNN + Distance-to-stroke,distance_transform,5,4,1,0.645971546120744,0.28893585088356327,0.9297520661157025,1.0,0.8,0,0,57,182,489,15656,0.2384937238483745,0.10439560439541319,0.1452229295124086,0.9590454101561915,0.07829670329659574
872,cnn_direct_vector_regression__local_density,CNN + Local density blur,local_density,5,5,0,0.6485301787252369,0.27580349794238684,0.872093023255814,1.0,1.0,0,0,16,238,530,15600,0.06299212598400397,0.029304029303975635,0.03999999956651251,0.9531249999999418,0.020408163265280093
873,cnn_direct_vector_regression__distance_transform,CNN + Distance-to-stroke,distance_transform,2,2,0,0.5774921070693205,0.08946236559139784,0.9361702127659575,1.0,1.0,0,0,2,133,408,15841,0.014814814814705077,0.004878048780475907,0.007339449168561588,0.9669799804686909,0.0036832412522952427
873,cnn_direct_vector_regression__local_density,CNN + Local density blur,local_density,2,2,0,0.5713490675990676,0.14508547008547007,0.7803030303030303,1.0,1.0,0,0,0,102,410,15872,0.0,0.0,0.0,0.9687499999999408,0.0
874,cnn_direct_vector_regression__distance_transform,CNN + Distance-to-stroke,distance_transform,4,4,0,0.5532159596629107,0.21322975517890772,0.5363128491620112,1.0,1.0,0,0,5,86,513,15780,0.05494505494445115,0.009652509652491018,0.01642036099369879,0.9634399414061912,0.008278145695350533
874,cnn_direct_vector_regression__local_density,CNN + Local density blur,local_density,4,5,1,0.639,0.2888888888888889,0.895,1.0,0.8,0,0,0,189,518,15677,0.0,0.0,0.0,0.9568481445311916,0.0
875,cnn_direct_vector_regression__distance_transform,CNN + Distance-to-stroke,distance_transform,1,2,1,0.23584070796460177,0.0,0.9292035398230089,0.0,0.5,0,1,12,90,215,16067,0.117647058822376,0.05286343612311514,0.07294832783921065,0.98138427734369,0.037854889589785945
875,cnn_direct_vector_regression__local_density,CNN + Local density blur,local_density,1,2,1,0.4565728476821192,0.0388888888888889,0.695364238410596,1.0,0.5,0,0,0,120,227,16037,0.0,0.0,0.0,0.9788208007811903,0.0
876,cnn_direct_vector_regression__distance_transform,CNN + Distance-to-stroke,distance_transform,1,1,0,0.8628899129544291,0.7023655913978495,0.9841269841269842,1.0,1.0,0,0,32,32,31,16289,0.49999999999218747,0.5079365079284455,0.5039370073661106,0.9961547851561892,0.33684210525961217
876,cnn_direct_vector_regression__local_density,CNN + Local density blur,local_density,1,1,0,0.7485161290322581,0.52,0.8225806451612903,1.0,1.0,0,0,26,26,37,16295,0.49999999999038464,0.41269841269186197,0.45217391254018907,0.9961547851561892,0.2921348314573917
877,cnn_direct_vector_regression__distance_transform,CNN + Distance-to-stroke,distance_transform,2,2,0,0.505190644654088,0.017824074074074065,0.7358490566037736,1.0,1.0,0,0,0,78,280,16026,0.0,0.0,0.0,0.9781494140624403,0.0
877,cnn_direct_vector_regression__local_density,CNN + Local density blur,local_density,2,2,0,0.8249332986832987,0.630982905982906,0.954954954954955,1.0,1.0,0,0,6,106,274,15998,0.05357142857095026,0.0214285714284949,0.030612244489639746,0.9768066406249404,0.015544041450736934
878,cnn_direct_vector_regression__distance_transform,CNN + Distance-to-stroke,distance_transform,4,5,1,0.32161640110747813,0.09623147737901835,0.9915611814345991,0.0,0.8,1,1,28,168,745,15443,0.14285714285641402,0.036222509702411095,0.05779153734486524,0.9442749023436924,0.02975557917106296
878,cnn_direct_vector_regression__local_density,CNN + Local density blur,local_density,4,5,1,0.28119680851063833,0.09722222222222222,0.7872340425531915,0.0,0.8,1,1,33,130,740,15481,0.2024539877288193,0.04269081500641308,0.07051282022503241,0.9468994140624422,0.0365448504982984
879,cnn_direct_vector_regression__distance_transform,CNN + Distance-to-stroke,distance_transform,4,5,1,0.6232268707063229,0.3571708237918283,0.6625,1.0,0.8,0,0,47,196,324,15817,0.19341563785928637,0.12668463611825692,0.1530944620619476,0.9682617187499408,0.08289241622560337
879,cnn_direct_vector_regression__local_density,CNN + Local density blur,local_density,4,4,0,0.5895524585477415,0.09348484848484848,0.9874213836477987,1.0,1.0,0,0,0,151,371,15862,0.0,0.0,0.0,0.9681396484374409,0.0
880,cnn_direct_vector_regression__distance_transform,CNN + Distance-to-stroke,distance_transform,3,3,0,0.6891332364341085,0.3470833333333333,0.9147286821705426,1.0,1.0,0,0,0,129,301,15954,0.0,0.0,0.0,0.9737548828124405,0.0
880,cnn_direct_vector_regression__local_density,CNN + Local density blur,local_density,3,3,0,0.635682616783795,0.29586720867208677,0.7627118644067796,1.0,1.0,0,0,4,81,297,16002,0.04705882352885813,0.01328903654480635,0.020725388257496855,0.9769287109374404,0.010471204188454264
881,cnn_direct_vector_regression__distance_transform,CNN + Distance-to-stroke,distance_transform,2,2,0,0.3963727272727273,0.263939393939394,0.888,0.0,1.0,0,1,7,111,344,15922,0.059322033897802356,0.019943019942963127,0.029850745891935395,0.9722290039061906,0.015151515151482357
881,cnn_direct_vector_regression__local_density,CNN + Local density blur,local_density,2,2,0,0.26086956521739135,0.0,0.8043478260869565,0.0,1.0,0,1,0,133,351,15900,0.0,0.0,0.0,0.9704589843749407,0.0
882,cnn_direct_vector_regression__distance_transform,CNN + Distance-to-stroke,distance_transform,4,4,0,0.39777036199095017,0.27068627450980387,0.8798076923076923,0.0,1.0,0,1,6,178,386,15814,0.03260869565199669,0.015306122448940546,0.02083333289846162,0.965576171874941,0.010526315789455218
882,cnn_direct_vector_regression__local_density,CNN + Local density blur,local_density,4,5,1,0.32076496931754794,0.10981958993643119,0.9567307692307693,0.0,0.8,0,1,8,186,384,15806,0.041237113401849296,0.020408163265254062,0.027303753823201212,0.965209960937441,0.013840830449803044
883,cnn_direct_vector_regression__distance_transform,CNN + Distance-to-stroke,distance_transform,5,5,0,0.5452166946542121,0.032444343480236254,0.9030837004405287,1.0,1.0,0,0,0,193,532,15659,0.0,0.0,0.0,0.9557495117186916,0.0
883,cnn_direct_vector_regression__local_density,CNN + Local density blur,local_density,5,5,0,0.5584690834362435,0.07364152657882778,0.8766519823788547,1.0,1.0,0,0,11,182,521,15670,0.05699481865255444,0.020676691729284442,0.030344827195441623,0.9570922851561916,0.015406162464964417
884,cnn_direct_vector_regression__distance_transform,CNN + Distance-to-stroke,distance_transform,3,3,0,0.3432647907647908,0.17727272727272728,0.8174603174603174,0.0,1.0,1,0,33,65,300,15986,0.3367346938741149,0.0990990990988015,0.1531322502279811,0.9777221679686903,0.08291457286411329
884,cnn_direct_vector_regression__local_density,CNN + Local density blur,local_density,3,3,0,0.294525974025974,0.03545454545454545,0.6428571428571428,0.19999999999999996,1.0,1,1,8,64,325,15987,0.1111111111095679,0.02402402402395188,0.03950617254696541,0.9762573242186904,0.020151133501208687
885,cnn_direct_vector_regression__distance_transform,CNN + Distance-to-stroke,distance_transform,5,4,1,0.5291768885886938,0.06773608092173493,0.8434782608695652,1.0,0.8,0,0,0,179,523,15682,0.0,0.0,0.0,0.9571533203124416,0.0
885,cnn_direct_vector_regression__local_density,CNN + Local density blur,local_density,5,4,1,0.31246459156785245,0.18615319865319868,0.7434782608695651,0.0,0.8,0,2,10,137,513,15724,0.06802721088389098,0.019120458890976827,0.029850745926036985,0.9603271484374414,0.015151515151492195
886,cnn_direct_vector_regression__distance_transform,CNN + Distance-to-stroke,distance_transform,2,2,0,0.4447368421052632,0.0,0.4736842105263158,1.0,1.0,0,0,0,54,116,16214,0.0,0.0,0.0,0.9896240234374396,0.0
886,cnn_direct_vector_regression__local_density,CNN + Local density blur,local_density,2,2,0,0.49912280701754386,0.0,0.7456140350877193,1.0,1.0,0,0,0,87,116,16181,0.0,0.0,0.0,0.9876098632811897,0.0
887,cnn_direct_vector_regression__distance_transform,CNN + Distance-to-stroke,distance_transform,3,4,1,0.5424350649350649,0.11666666666666667,0.8246753246753247,1.0,0.75,0,0,1,149,363,15871,0.006666666666622223,0.0027472527472452,0.0038910501703129942,0.9687499999999408,0.0019493177387876232
887,cnn_direct_vector_regression__local_density,CNN + Local density blur,local_density,3,3,0,0.5704285714285714,0.08666666666666667,0.9071428571428571,1.0,1.0,0,0,0,132,364,15888,0.0,0.0,0.0,0.9697265624999408,0.0
888,cnn_direct_vector_regression__distance_transform,CNN + Distance-to-stroke,distance_transform,3,3,0,0.2609055876685935,0.05185185185185184,0.6878612716763006,0.0,1.0,2,0,4,106,248,16026,0.036363636363305786,0.015873015872952884,0.022099447090626053,0.9783935546874403,0.01117318435751069
888,cnn_direct_vector_regression__local_density,CNN + Local density blur,local_density,3,3,0,0.3834469332048812,0.12206790123456787,0.8092485549132948,0.26666666666666666,1.0,2,3,14,123,238,16009,0.10218978102115191,0.0555555555553351,0.0719794339906292,0.9779663085936903,0.03733333333323378
889,cnn_direct_vector_regression__distance_transform,CNN + Distance-to-stroke,distance_transform,1,1,0,0.6105294117647059,0.26,0.7176470588235294,1.0,1.0,0,0,51,11,213,16109,0.822580645148023,0.19318181818108643,0.3128834352728744,0.9863281249999398,0.18545454545387108
889,cnn_direct_vector_regression__local_density,CNN + Local density blur,local_density,1,1,0,0.5917058823529412,0.26,0.6235294117647059,1.0,1.0,0,0,9,45,255,16075,0.16666666666358027,0.03409090909077996,0.056603773302598796,0.98168945312494,0.029126213592138753
890,cnn_direct_vector_regression__distance_transform,CNN + Distance-to-stroke,distance_transform,3,3,0,0.5937514124293786,0.16,0.8587570621468926,1.0,1.0,0,0,6,143,395,15840,0.04026845637556867,0.014962593516172164,0.021818181423067778,0.9671630859374409,0.011029411764685608
890,cnn_direct_vector_regression__local_density,CNN + Local density blur,local_density,3,3,0,0.5352894736842105,0.04333333333333333,0.8289473684210527,1.0,1.0,0,0,5,108,396,15875,0.04424778761022789,0.01246882793014347,0.01945525257518661,0.9692382812499408,0.00982318271117913
891,cnn_direct_vector_regression__distance_transform,CNN + Distance-to-stroke,distance_transform,5,5,0,0.3651352178371763,0.14624643002855978,0.9966216216216216,0.0,1.0,1,2,75,212,694,15403,0.26132404181093616,0.09752925877750647,0.142045454149354,0.9447021484374423,0.07645259938830128
891,cnn_direct_vector_regression__local_density,CNN + Local density blur,local_density,5,5,0,0.3615882024977699,0.2136988304093567,0.8271186440677967,0.0,1.0,1,1,12,219,757,15396,0.05194805194782707,0.015604681404401034,0.023999999644674006,0.9404296874999426,0.012145748987841957
892,cnn_direct_vector_regression__distance_transform,CNN + Distance-to-stroke,distance_transform,5,4,1,0.2549230769230769,0.12205128205128205,0.6,0.0,0.8,1,0,14,123,548,15699,0.10218978102115191,0.024911032028425425,0.040057224291305184,0.9590454101561915,0.020437956204349725
892,cnn_direct_vector_regression__local_density,CNN + Local density blur,local_density,5,5,0,0.3294666666666667,0.11177777777777777,0.8958333333333334,0.0,1.0,1,0,18,191,544,15631,0.08612440191346353,0.03202846975083269,0.04669260660858185,0.9551391601561917,0.023904382470087776
893,cnn_direct_vector_regression__distance_transform,CNN + Distance-to-stroke,distance_transform,1,1,0,0.4916666666666667,0.0,0.7083333333333333,1.0,1.0,0,0,0,20,37,16327,0.0,0.0,0.0,0.9965209960936892,0.0
893,cnn_direct_vector_regression__local_density,CNN + Local density blur,local_density,1,1,0,0.4441176470588235,0.0,0.47058823529411764,1.0,1.0,0,0,0,9,37,16338,0.0,0.0,0.0,0.9971923828124392,0.0
894,cnn_direct_vector_regression__distance_transform,CNN + Distance-to-stroke,distance_transform,3,4,1,0.6238683180115765,0.3021043771043771,0.8146067415730337,1.0,0.75,0,0,0,182,278,15924,0.0,0.0,0.0,0.9719238281249406,0.0
894,cnn_direct_vector_regression__local_density,CNN + Local density blur,local_density,3,5,2,0.5339200913242009,0.2033333333333333,0.6621004566210046,1.0,0.6,0,0,6,211,272,15895,0.02764976958512604,0.021582733812872006,0.024242423749919407,0.9705200195311907,0.012269938650281656
895,cnn_direct_vector_regression__distance_transform,CNN + Distance-to-stroke,distance_transform,5,4,1,0.5607700551132884,0.0746376811594203,0.9859154929577465,1.0,0.8,0,0,5,205,524,15650,0.023809523809410434,0.009451795841191962,0.013531799322494478,0.9555053710936916,0.006811989100808158
895,cnn_direct_vector_regression__local_density,CNN + Local density blur,local_density,5,5,0,0.348906610159156,0.12301827347195966,0.967741935483871,0.0,1.0,0,2,16,175,513,15680,0.08376963350741483,0.03024574669181428,0.044444444054510035,0.9580078124999415,0.022727272727240445
896,cnn_direct_vector_regression__distance_transform,CNN + Distance-to-stroke,distance_transform,3,4,1,0.23245169082125605,0.03212560386473429,0.7149758454106281,0.0,0.75,1,0,2,144,629,15609,0.013698630136892476,0.0031695721077604285,0.005148004842802004,0.9528198242186918,0.0025806451612869928
896,cnn_direct_vector_regression__local_density,CNN + Local density blur,local_density,3,4,1,0.22240211034833463,0.048440545808966846,0.6280193236714976,0.0,0.75,1,0,11,106,620,15647,0.09401709401629045,0.017432646592682358,0.029411764441902116,0.9556884765624416,0.014925373134308107
897,cnn_direct_vector_regression__distance_transform,CNN + Distance-to-stroke,distance_transform,4,4,0,0.38140196078431376,0.19941176470588237,0.9583333333333334,0.0,1.0,1,2,8,115,394,15867,0.06504065040597527,0.01990049751238831,0.030476190117282545,0.9689331054686908,0.015473887814283417
897,cnn_direct_vector_regression__local_density,CNN + Local density blur,local_density,4,3,1,0.3317154184078003,0.13837994214079075,0.9722222222222222,0.0,0.75,1,0,1,134,401,15848,0.007407407407352538,0.0024875621890485386,0.00372439440944072,0.9673461914061909,0.001865671641787564
898,cnn_direct_vector_regression__distance_transform,CNN + Distance-to-stroke,distance_transform,4,3,1,0.2511855857525809,0.03506554307116105,0.8020304568527918,0.0,0.75,1,1,30,127,493,15734,0.19108280254655363,0.057361376672930474,0.08823529376223616,0.9621582031249413,0.04615384615377515
898,cnn_direct_vector_regression__local_density,CNN + Local density blur,local_density,4,3,1,0.25219052047840906,0.039554794520547935,0.7969543147208122,0.0,0.75,1,0,22,129,501,15732,0.14569536423744572,0.04206500956014902,0.06528189876191126,0.9615478515624413,0.03374233128829181
899,cnn_direct_vector_regression__distance_transform,CNN + Distance-to-stroke,distance_transform,2,2,0,0.6189583333333334,0.18796296296296294,0.921875,1.0,1.0,0,0,9,38,197,16140,0.19148936169805345,0.043689320388137436,0.07114624475620618,0.9856567382811898,0.03688524590148818
899,cnn_direct_vector_regression__local_density,CNN + Local density blur,local_density,2,2,0,0.49883720930232556,0.0,0.7441860465116279,1.0,1.0,0,0,6,77,200,16101,0.07228915662563506,0.02912621359209162,0.04152249093976365,0.9830932617186899,0.021201413427486923
900,cnn_direct_vector_regression__distance_transform,CNN + Distance-to-stroke,distance_transform,5,5,0,0.31500000000000006,0.14444444444444446,0.75,0.0,1.0,3,0,17,135,498,15734,0.1118421052624221,0.03300970873779998,0.05097451239156734,0.9613647460936913,0.026153846153805917
900,cnn_direct_vector_regression__local_density,CNN + Local density blur,local_density,5,4,1,0.2969605263157895,0.07277777777777777,0.7543859649122807,0.13333333333333333,0.8,3,1,14,139,501,15730,0.09150326797325815,0.02718446601936469,0.04191616731138173,0.9609374999999413,0.021406727828713445
901,cnn_direct_vector_regression__distance_transform,CNN + Distance-to-stroke,distance_transform,5,5,0,0.5750359594638771,0.06231884057971015,0.9849624060150376,1.0,1.0,0,0,13,111,249,16011,0.10483870967657388,0.04961832061049764,0.06735751251692663,0.9780273437499403,0.034852546916796644
901,cnn_direct_vector_regression__local_density,CNN + Local density blur,local_density,5,5,0,0.6730514874141876,0.3436231884057971,0.8421052631578947,1.0,1.0,0,0,8,102,254,16020,0.07272727272661157,0.030534351144921625,0.04301075227141866,0.9782714843749403,0.0219780219779616
902,cnn_direct_vector_regression__distance_transform,CNN + Distance-to-stroke,distance_transform,4,5,1,0.36813404145875994,0.26359402852049907,0.8475836431226766,0.0,0.8,0,1,15,197,506,15666,0.07075471698079833,0.028790786948121323,0.040927693995291184,0.9570922851561916,0.020891364902477866
902,cnn_direct_vector_regression__local_density,CNN + Local density blur,local_density,4,4,0,0.3309105832543674,0.08851670297748727,0.9553903345724907,0.0,1.0,0,2,16,233,505,15630,0.06425702811219174,0.030710172744662746,0.04155844112072525,0.9549560546874417,0.021220159151165492
903,cnn_direct_vector_regression__distance_transform,CNN + Distance-to-stroke,distance_transform,2,2,0,0.545885578201152,0.0028688524590163964,0.972972972972973,1.0,1.0,0,0,5,67,71,16241,0.06944444444347994,0.06578947368334487,0.06756756706701973,0.9915771484374395,0.034965034964790455
903,cnn_direct_vector_regression__local_density,CNN + Local density blur,local_density,2,2,0,0.5144444444444445,0.0,0.8222222222222222,1.0,1.0,0,0,3,84,73,16224,0.0344827586202933,0.039473684210006924,0.036809815452745684,0.9904174804686895,0.018749999999882815
904,cnn_direct_vector_regression__distance_transform,CNN + Distance-to-stroke,distance_transform,3,3,0,0.6214130434782609,0.21666666666666667,0.8695652173913043,1.0,1.0,0,0,0,137,297,15950,0.0,0.0,0.0,0.9735107421874406,0.0
904,cnn_direct_vector_regression__local_density,CNN + Local density blur,local_density,3,3,0,0.531504329004329,0.02239057239057239,0.8571428571428572,1.0,1.0,0,0,18,120,279,15967,0.1304347826077505,0.06060606060585655,0.08275862025607611,0.9756469726561904,0.04316546762579577
905,cnn_direct_vector_regression__distance_transform,CNN + Distance-to-stroke,distance_transform,2,2,0,0.639910209276018,0.22267628205128204,0.9485294117647058,1.0,1.0,0,0,10,125,395,15854,0.07407407407352538,0.02469135802463039,0.03703703666189987,0.9682617187499408,0.018867924528266286
905,cnn_direct_vector_regression__local_density,CNN + Local density blur,local_density,2,2,0,0.6066653156678593,0.1500400641025641,0.9457364341085271,1.0,1.0,0,0,45,78,360,15901,0.36585365853361096,0.11111111111083677,0.17045454509652636,0.9732666015624406,0.09316770186316115
906,cnn_direct_vector_regression__distance_transform,CNN + Distance-to-stroke,distance_transform,1,1,0,0.49634146341463414,0.0,0.7317073170731707,1.0,1.0,0,0,4,25,124,16231,0.13793103447800237,0.031249999999755862,0.05095541371090105,0.9909057617186895,0.02614379084950233
906,cnn_direct_vector_regression__local_density,CNN + Local density blur,local_density,1,2,1,0.4322580645161291,0.0,0.6612903225806452,1.0,0.5,0,0,9,51,119,16205,0.14999999999750002,0.07031249999945069,0.0957446804154595,0.9896240234374396,0.050279329608657664
907,cnn_direct_vector_regression__distance_transform,CNN + Distance-to-stroke,distance_transform,4,4,0,0.5676971326164875,0.1339506172839506,0.7870967741935484,1.0,1.0,0,0,4,116,373,15891,0.033333333333055555,0.010610079575568674,0.016096579110493957,0.9701538085936907,0.008113590263675226
907,cnn_direct_vector_regression__local_density,CNN + Local density blur,local_density,4,4,0,0.2671205541770058,0.04736467236467236,0.7290322580645161,0.0,1.0,0,1,3,102,374,15905,0.028571428571156462,0.007957559681676505,0.012448132439257253,0.9709472656249407,0.006263048016688386
908,cnn_direct_vector_regression__distance_transform,CNN + Distance-to-stroke,distance_transform,3,3,0,0.5824803088067099,0.0850983606557377,0.9709302325581395,1.0,1.0,0,0,35,105,421,15823,0.24999999999821432,0.07675438596474396,0.1174496640696928,0.9678955078124409,0.0623885918002453
908,cnn_direct_vector_regression__local_density,CNN + Local density blur,local_density,3,5,2,0.38007331223628693,0.3887236286919831,0.7257383966244726,0.0,0.6,0,1,12,194,444,15734,0.05825242718418324,0.026315789473626502,0.036253776006243105,0.9610595703124413,0.01846153846151006
909,cnn_direct_vector_regression__distance_transform,CNN + Distance-to-stroke,distance_transform,5,5,0,0.3335842351533468,0.16248693083172663,0.8023255813953488,0.0,1.0,0,1,11,190,489,15694,0.05472636815893171,0.021999999999956,0.03138373710870756,0.9585571289061915,0.015942028985484143
909,cnn_direct_vector_regression__local_density,CNN + Local density blur,local_density,5,5,0,0.32396797434133917,0.06004757656854,0.9847328244274809,0.0,1.0,0,1,24,215,476,15669,0.10041841004142085,0.047999999999904,0.06495263826313949,0.9578247070311915,0.03356643356638662
910,cnn_direct_vector_regression__distance_transform,CNN + Distance-to-stroke,distance_transform,5,5,0,0.3133798266950441,0.06702898550724637,0.916083916083916,0.0,1.0,0,3,29,206,574,15575,0.12340425531862381,0.048092868988311624,0.06921241009745047,0.9523925781249418,0.03584672435100637
910,cnn_direct_vector_regression__local_density,CNN + Local density blur,local_density,5,5,0,0.33729629066585587,0.1326086956521739,0.8881118881118881,0.0,1.0,0,2,34,211,569,15570,0.1387755102035152,0.05638474295181362,0.08018867883420756,0.9523925781249418,0.041769041768990454
911,cnn_direct_vector_regression__distance_transform,CNN + Distance-to-stroke,distance_transform,2,2,0,0.5333333333333333,0.0,0.9166666666666666,1.0,1.0,0,0,0,99,317,15968,0.0,0.0,0.0,0.9746093749999405,0.0
911,cnn_direct_vector_regression__local_density,CNN + Local density blur,local_density,2,2,0,0.4440065298507463,0.40625,0.8059701492537313,0.0,1.0,0,1,0,130,317,15937,0.0,0.0,0.0,0.9727172851561906,0.0
912,cnn_direct_vector_regression__distance_transform,CNN + Distance-to-stroke,distance_transform,2,2,0,0.6709033613445378,0.28137254901960784,0.9714285714285714,1.0,1.0,0,0,3,33,109,16239,0.08333333333101853,0.02678571428547513,0.04054054017184076,0.9913330078124395,0.02068965517227111
912,cnn_direct_vector_regression__local_density,CNN + Local density blur,local_density,2,2,0,0.5264705882352941,0.0,0.8823529411764706,1.0,1.0,0,0,3,26,109,16246,0.10344827585850179,0.02678571428547513,0.04255319116201399,0.9917602539061895,0.02173913043462508
913,cnn_direct_vector_regression__distance_transform,CNN + Distance-to-stroke,distance_transform,2,2,0,0.6664627659574468,0.325,0.851063829787234,1.0,1.0,0,0,0,49,82,16253,0.0,0.0,0.0,0.9920043945311894,0.0
913,cnn_direct_vector_regression__local_density,CNN + Local density blur,local_density,2,2,0,0.44638554216867465,0.0,0.4819277108433735,1.0,1.0,0,0,0,83,82,16219,0.0,0.0,0.0,0.9899291992186896,0.0
914,cnn_direct_vector_regression__distance_transform,CNN + Distance-to-stroke,distance_transform,1,1,0,0.8927987012987012,0.7790909090909091,0.961038961038961,1.0,1.0,0,0,0,75,78,16231,0.0,0.0,0.0,0.9906616210936895,0.0
914,cnn_direct_vector_regression__local_density,CNN + Local density blur,local_density,1,1,0,0.6430780022446688,0.22878787878787876,0.9506172839506173,1.0,1.0,0,0,5,75,73,16231,0.06249999999921875,0.06410256410174227,0.0632911387397853,0.9909667968749395,0.03267973856187791
915,cnn_direct_vector_regression__distance_transform,CNN + Distance-to-stroke,distance_transform,1,1,0,0.600195652173913,0.1471014492753623,0.92,1.0,1.0,0,0,3,21,21,16339,0.12499999999479167,0.12499999999479167,0.12499999949479165,0.997436523437439,0.06666666666518518
915,cnn_direct_vector_regression__local_density,CNN + Local density blur,local_density,1,1,0,0.44999999999999996,0.0,0.5,1.0,1.0,0,0,9,38,15,16322,0.19148936169805345,0.374999999984375,0.25352112630589174,0.9967651367186892,0.14516129032023933
916,cnn_direct_vector_regression__distance_transform,CNN + Distance-to-stroke,distance_transform,2,2,0,0.5205166666666666,0.07799999999999999,0.6770833333333333,1.0,1.0,0,0,19,57,194,16114,0.24999999999671052,0.08920187793385352,0.1314878888848074,0.9846801757811898,0.07037037037010974
916,cnn_direct_vector_regression__local_density,CNN + Local density blur,local_density,2,2,0,0.5974411764705883,0.20999999999999996,0.7647058823529411,1.0,1.0,0,0,22,56,191,16115,0.282051282047666,0.10328638497604091,0.151202748747464,0.9849243164061898,0.08178438661679635
917,cnn_direct_vector_regression__distance_transform,CNN + Distance-to-stroke,distance_transform,3,3,0,0.6561891891891892,0.26,0.9459459459459459,1.0,1.0,0,0,0,76,191,16117,0.0,0.0,0.0,0.9837036132811899,0.0
917,cnn_direct_vector_regression__local_density,CNN + Local density blur,local_density,3,4,1,0.4873373493975904,0.17333333333333334,0.42168674698795183,1.0,0.75,0,0,0,155,191,16038,0.0,0.0,0.0,0.9788818359374403,0.0
918,cnn_direct_vector_regression__distance_transform,CNN + Distance-to-stroke,distance_transform,1,1,0,0.6600263157894737,0.3029824561403509,0.868421052631579,1.0,1.0,0,0,9,25,110,16240,0.26470588234515574,0.07563025210020478,0.11764705847631252,0.9917602539061895,0.06249999999956598
918,cnn_direct_vector_regression__local_density,CNN + Local density blur,local_density,1,1,0,0.4605263157894737,0.0,0.5526315789473684,1.0,1.0,0,0,0,21,119,16244,0.0,0.0,0.0,0.9914550781249395,0.0
919,cnn_direct_vector_regression__distance_transform,CNN + Distance-to-stroke,distance_transform,1,1,0,0.9074074074074073,0.8271604938271604,0.9259259259259259,1.0,1.0,0,0,0,26,28,16330,0.0,0.0,0.0,0.9967041015624392,0.0
919,cnn_direct_vector_regression__local_density,CNN + Local density blur,local_density,1,1,0,0.51875,0.0,0.84375,1.0,1.0,0,0,11,22,17,16334,0.33333333332323234,0.39285714284311224,0.36065573719645255,0.997619628906189,0.21999999999560002
920,cnn_direct_vector_regression__distance_transform,CNN + Distance-to-stroke,distance_transform,2,3,1,0.495,0.0,0.8916666666666666,1.0,0.6666666666666667,0,0,6,114,326,15938,0.04999999999958333,0.018072289156572073,0.02654867217624717,0.9731445312499406,0.013452914798176115
920,cnn_direct_vector_regression__local_density,CNN + Local density blur,local_density,2,3,1,0.5044277643260694,0.14857142857142858,0.6045197740112994,1.0,0.6666666666666667,0,0,8,141,324,15911,0.0536912751674249,0.024096385542096095,0.033264032836268866,0.9716186523436907,0.016913319238864875
921,cnn_direct_vector_regression__distance_transform,CNN + Distance-to-stroke,distance_transform,1,1,0,0.5659905660377359,0.08584905660377357,0.8867924528301887,1.0,1.0,0,0,10,36,154,16184,0.2173913043431002,0.06097560975572576,0.09523809489505668,0.9884033203124396,0.04999999999975
921,cnn_direct_vector_regression__local_density,CNN + Local density blur,local_density,1,1,0,0.6131603773584905,0.17389937106918238,0.9245283018867925,1.0,1.0,0,0,0,50,164,16170,0.0,0.0,0.0,0.9869384765624397,0.0
922,cnn_direct_vector_regression__distance_transform,CNN + Distance-to-stroke,distance_transform,5,5,0,0.6874599822907065,0.31269336624673705,0.983739837398374,1.0,1.0,0,0,37,199,566,15582,0.15677966101628485,0.06135986732991483,0.08820023797448294,0.9533081054686918,0.04613466334158836
922,cnn_direct_vector_regression__local_density,CNN + Local density blur,local_density,5,5,0,0.6023872574055159,0.14671915787084328,0.9318181818181819,1.0,1.0,0,0,26,225,577,15556,0.10358565737010524,0.043117744610210416,0.06088992932719151,0.9510498046874419,0.03140096618353696
923,cnn_direct_vector_regression__distance_transform,CNN + Distance-to-stroke,distance_transform,4,4,0,0.24886457835166587,0.001270878721859108,0.7414634146341463,0.0,1.0,0,1,2,140,484,15758,0.014084507042154335,0.004115226337440092,0.006369426401598461,0.9619140624999413,0.0031948881789086343
923,cnn_direct_vector_regression__local_density,CNN + Local density blur,local_density,4,5,1,0.6232004810532534,0.22662437524029216,0.9560975609756097,1.0,0.8,0,0,22,172,464,15726,0.11340206185508556,0.04526748971184102,0.0647058819449481,0.9611816406249413,0.03343465045587624
924,cnn_direct_vector_regression__distance_transform,CNN + Distance-to-stroke,distance_transform,4,5,1,0.3720569086086328,0.2065134099616858,0.8706293706293706,0.09999999999999998,0.8,2,1,10,230,423,15721,0.04166666666649306,0.02309468822165567,0.029717681561834207,0.9601440429686914,0.015082956259404099
924,cnn_direct_vector_regression__local_density,CNN + Local density blur,local_density,4,5,1,0.28756893652795296,0.08519592732707486,0.8461538461538461,0.0,0.8,2,0,9,223,424,15728,0.03879310344810865,0.020785219399490105,0.02706766871853017,0.9605102539061914,0.013719512195101037
925,cnn_direct_vector_regression__distance_transform,CNN + Distance-to-stroke,distance_transform,3,4,1,0.3945220125786164,0.289308176100629,0.9466666666666667,0.0,0.75,2,1,86,128,594,15576,0.4018691588766268,0.12647058823510812,0.1923937356533189,0.9559326171874416,0.1064356435642247
925,cnn_direct_vector_regression__local_density,CNN + Local density blur,local_density,3,4,1,0.2594329140461216,0.028616352201257855,0.8577777777777778,0.0,0.75,2,3,30,148,650,15556,0.1685393258417498,0.044117647058758654,0.06993006960106717,0.9512939453124419,0.03623188405792726
926,cnn_direct_vector_regression__distance_transform,CNN + Distance-to-stroke,distance_transform,1,1,0,0.4893939393939394,0.0,0.696969696969697,1.0,1.0,0,0,0,24,108,16252,0.0,0.0,0.0,0.9919433593749394,0.0
926,cnn_direct_vector_regression__local_density,CNN + Local density blur,local_density,1,1,0,0.4409090909090909,0.0,0.4545454545454546,1.0,1.0,0,0,3,10,105,16266,0.2307692307514793,0.027777777777520576,0.04958677666689434,0.9929809570311894,0.025423728813343868
927,cnn_direct_vector_regression__distance_transform,CNN + Distance-to-stroke,distance_transform,2,3,1,0.5247893258426967,0.08796296296296292,0.8426966292134832,1.0,0.6666666666666667,0,0,6,148,339,15891,0.03896103896078597,0.01739130434777568,0.024048095765543124,0.9702758789061907,0.01217038539551284
927,cnn_direct_vector_regression__local_density,CNN + Local density blur,local_density,2,3,1,0.57687265917603,0.2037037037037037,0.8426966292134832,1.0,0.6666666666666667,0,0,8,155,337,15884,0.049079754600925896,0.023188405797034236,0.031496062556179864,0.9699707031249408,0.015999999999968
928,cnn_direct_vector_regression__distance_transform,CNN + Distance-to-stroke,distance_transform,1,1,0,0.5108695652173914,0.0,0.8043478260869565,1.0,1.0,0,0,6,40,32,16306,0.1304347826058601,0.15789473683795016,0.14285714235827665,0.9956054687499392,0.07692307692209073
928,cnn_direct_vector_regression__local_density,CNN + Local density blur,local_density,1,1,0,0.6737162162162161,0.2869369369369369,0.972972972972973,1.0,1.0,0,0,0,37,38,16309,0.0,0.0,0.0,0.9954223632811893,0.0
929,cnn_direct_vector_regression__distance_transform,CNN + Distance-to-stroke,distance_transform,2,2,0,0.2846153846153846,0.0,0.9230769230769231,0.0,1.0,0,1,13,78,253,16040,0.142857142855573,0.04887218045094409,0.07282913127239915,0.9797973632811902,0.037790697674308746
929,cnn_direct_vector_regression__local_density,CNN + Local density blur,local_density,2,2,0,0.5561424731182796,0.0432795698924731,0.9333333333333333,1.0,1.0,0,0,15,75,251,16043,0.1666666666648148,0.05639097744339703,0.08426966254308169,0.9801025390624402,0.04398826979459241
930,cnn_direct_vector_regression__distance_transform,CNN + Distance-to-stroke,distance_transform,5,5,0,0.3488878999788091,0.10894586894586894,0.7493112947658402,0.2,1.0,4,1,27,237,559,15561,0.10227272727233988,0.046075085324153456,0.06352941133631004,0.9514160156249419,0.03280680437420072
930,cnn_direct_vector_regression__local_density,CNN + Local density blur,local_density,5,5,0,0.40103333333333335,0.3171111111111111,0.6666666666666667,0.09999999999999998,1.0,4,2,44,197,542,15601,0.18257261410712627,0.07508532423195378,0.10640870575362646,0.9548950195311917,0.05619412515957063
931,cnn_direct_vector_regression__distance_transform,CNN + Distance-to-stroke,distance_transform,3,3,0,0.5524457364341085,0.04333333333333333,0.9147286821705426,1.0,1.0,0,0,3,127,370,15884,0.023076923076745564,0.008042895442337687,0.011928429040105305,0.9696655273436908,0.005999999999988
931,cnn_direct_vector_regression__local_density,CNN + Local density blur,local_density,3,3,0,0.514406779661017,0.0,0.8220338983050848,1.0,1.0,0,0,5,89,368,15922,0.05319148936113626,0.013404825737229478,0.02141327590963323,0.9721069335936906,0.010822510822487398
932,cnn_direct_vector_regression__distance_transform,CNN + Distance-to-stroke,distance_transform,3,3,0,0.6288346987540535,0.19899774326297623,0.9464285714285714,1.0,1.0,0,0,12,88,281,16003,0.1199999999988,0.04095563139917763,0.06106870191035228,0.9774780273436903,0.03149606299204332
932,cnn_direct_vector_regression__local_density,CNN + Local density blur,local_density,3,3,0,0.6463774445073257,0.28434753750165936,0.8421052631578947,1.0,1.0,0,0,0,132,293,15959,0.0,0.0,0.0,0.9740600585936905,0.0
933,cnn_direct_vector_regression__distance_transform,CNN + Distance-to-stroke,distance_transform,3,2,1,0.44812594268476624,0.05683760683760683,0.5294117647058824,1.0,0.6666666666666667,0,0,6,46,133,16199,0.11538461538239646,0.04316546762558874,0.06282722473397111,0.9890747070311896,0.03243243243225712
933,cnn_direct_vector_regression__local_density,CNN + Local density blur,local_density,3,2,1,0.41470588235294115,0.0,0.4901960784313726,1.0,0.6666666666666667,0,0,6,44,133,16201,0.11999999999760001,0.04316546762558874,0.06349206310226478,0.9891967773436896,0.03278688524572248
934,cnn_direct_vector_regression__distance_transform,CNN + Distance-to-stroke,distance_transform,1,1,0,0.5,0.0,0.75,1.0,1.0,0,0,12,30,132,16210,0.28571428570748303,0.08333333333275464,0.12903225771349291,0.9901123046874395,0.06896551724098296
934,cnn_direct_vector_regression__local_density,CNN + Local density blur,local_density,1,1,0,0.5119047619047619,0.0,0.8095238095238095,1.0,1.0,0,0,20,8,124,16232,0.714285714260204,0.1388888888879244,0.23255813925959978,0.9919433593749394,0.1315789473675554
935,cnn_direct_vector_regression__distance_transform,CNN + Distance-to-stroke,distance_transform,4,4,0,0.2894590703414233,0.02941176470588235,0.8811188811188811,0.0,1.0,1,0,10,111,203,16060,0.08264462809849053,0.04694835680729133,0.05988023905853563,0.9808349609374402,0.03086419753076894
935,cnn_direct_vector_regression__local_density,CNN + Local density blur,local_density,4,3,1,0.21608474542535264,0.05866540164452877,0.5734265734265734,0.0,0.75,1,0,1,74,212,16097,0.013333333333155555,0.004694835680729132,0.006944444059196587,0.98254394531244,0.0034843205574791487
936,cnn_direct_vector_regression__distance_transform,CNN + Distance-to-stroke,distance_transform,3,3,0,0.5307228915662651,0.0,0.9036144578313253,1.0,1.0,0,0,16,59,218,16091,0.21333333333048887,0.06837606837577617,0.10355987018187912,0.9830932617186899,0.05460750853223684
936,cnn_direct_vector_regression__local_density,CNN + Local density blur,local_density,3,3,0,0.4943478260869565,0.0,0.7217391304347827,1.0,1.0,0,0,4,110,230,16040,0.035087719297937824,0.017094017093944043,0.02298850530644736,0.9792480468749402,0.011627906976710385
937,cnn_direct_vector_regression__distance_transform,CNN + Distance-to-stroke,distance_transform,3,3,0,0.6172563054922605,0.15445221445221444,0.9887640449438202,1.0,1.0,0,0,0,71,110,16203,0.0,0.0,0.0,0.9889526367186896,0.0
937,cnn_direct_vector_regression__local_density,CNN + Local density blur,local_density,3,3,0,0.2716385240775485,0.059829059829059825,0.7235772357723578,0.0,1.0,0,1,2,102,108,16172,0.019230769230584317,0.018181818181652893,0.0186915882852651,0.9871826171874397,0.009433962264106444
938,cnn_direct_vector_regression__distance_transform,CNN + Distance-to-stroke,distance_transform,1,1,0,0.44333333333333336,0.0,0.4666666666666667,1.0,1.0,0,0,3,20,44,16317,0.13043478260302457,0.06382978723268448,0.08571428527061224,0.9960937499999392,0.04477611940231677
938,cnn_direct_vector_regression__local_density,CNN + Local density blur,local_density,1,1,0,0.6143684210526316,0.26,0.736842105263158,1.0,1.0,0,0,0,20,47,16317,0.0,0.0,0.0,0.9959106445311892,0.0
939,cnn_direct_vector_regression__distance_transform,CNN + Distance-to-stroke,distance_transform,4,5,1,0.31391040135669873,0.10632183908045977,0.930327868852459,0.0,0.8,1,1,10,199,454,15721,0.04784688995192418,0.021551724137884587,0.029717681592496843,0.9601440429686914,0.015082956259404099
939,cnn_direct_vector_regression__local_density,CNN + Local density blur,local_density,4,4,0,0.3005042019210744,0.06487272558052957,0.8565573770491803,0.0,1.0,1,2,17,155,447,15765,0.09883720930175095,0.0366379310344038,0.05345911910208259,0.9632568359374412,0.027463651050036408
940,cnn_direct_vector_regression__distance_transform,CNN + Distance-to-stroke,distance_transform,2,2,0,0.48232142857142857,0.008333333333333323,0.6428571428571428,1.0,1.0,0,0,0,35,182,16167,0.0,0.0,0.0,0.9867553710936897,0.0
940,cnn_direct_vector_regression__local_density,CNN + Local density blur,local_density,2,2,0,0.5055555555555555,0.0,0.7777777777777778,1.0,1.0,0,0,0,73,182,16129,0.0,0.0,0.0,0.9844360351561899,0.0
941,cnn_direct_vector_regression__distance_transform,CNN + Distance-to-stroke,distance_transform,5,5,0,0.6246908103775531,0.20342361606082204,0.9157509157509157,1.0,1.0,0,0,51,199,700,15434,0.203999999999184,0.06790945406116124,0.10189810152314818,0.9451293945311923,0.05368421052625928
941,cnn_direct_vector_regression__local_density,CNN + Local density blur,local_density,5,5,0,0.5370131860299359,0.05114041339985745,0.8200000000000001,1.0,1.0,0,0,30,159,721,15474,0.1587301587293189,0.03994673768303603,0.06382978691263241,0.9462890624999423,0.03296703296699674
942,cnn_direct_vector_regression__distance_transform,CNN + Distance-to-stroke,distance_transform,4,4,0,0.5679010255327138,0.14149371069182387,0.7711442786069651,1.0,1.0,0,0,12,138,425,15809,0.07999999999946668,0.027459954233346774,0.04088585992602933,0.965637207031191,0.02086956521735501
942,cnn_direct_vector_regression__local_density,CNN + Local density blur,local_density,4,5,1,0.4127250760633016,0.35924721394681675,0.8553191489361702,0.0,0.8,0,1,6,216,431,15731,0.027027027026905286,0.013729977116673387,0.018209407747398584,0.9605102539061914,0.009188361408868011
943,cnn_direct_vector_regression__distance_transform,CNN + Distance-to-stroke,distance_transform,4,5,1,0.3661344542216635,0.20346846846846844,0.9728682170542635,0.0,0.8,1,2,92,163,438,15691,0.3607843137240754,0.17358490566004983,0.23439490401936305,0.9633178710936912,0.1327561327559412
943,cnn_direct_vector_regression__local_density,CNN + Local density blur,local_density,4,5,1,0.41157705365463987,0.30612146629388004,0.9691119691119691,0.0,0.8,1,1,12,236,518,15618,0.04838709677399844,0.022641509433919543,0.030848328614455366,0.9539794921874417,0.01566579634462707
944,cnn_direct_vector_regression__distance_transform,CNN + Distance-to-stroke,distance_transform,4,4,0,0.33055560319661365,0.09944255907491201,0.9290322580645162,0.0,1.0,0,2,3,132,292,15957,0.022222222222057615,0.010169491525389256,0.013953487941254747,0.9741210937499405,0.007025761124105326
944,cnn_direct_vector_regression__local_density,CNN + Local density blur,local_density,4,4,0,0.6347483844789399,0.23994264651233954,0.8838709677419355,1.0,1.0,0,0,5,127,290,15962,0.03787878787850092,0.016949152542315427,0.02341920331982297,0.9745483398436905,0.011848341232199413
945,cnn_direct_vector_regression__distance_transform,CNN + Distance-to-stroke,distance_transform,3,3,0,0.7634934746392738,0.5135634167385679,0.9119496855345912,1.0,1.0,0,0,0,162,324,15898,0.0,0.0,0.0,0.9703369140624407,0.0
945,cnn_direct_vector_regression__local_density,CNN + Local density blur,local_density,3,3,0,0.5754485783424078,0.19448343079922026,0.6896551724137931,1.0,1.0,0,0,0,96,324,15964,0.0,0.0,0.0,0.9743652343749405,0.0
946,cnn_direct_vector_regression__distance_transform,CNN + Distance-to-stroke,distance_transform,1,1,0,0.45243902439024386,0.0,0.5121951219512195,1.0,1.0,0,0,0,22,42,16320,0.0,0.0,0.0,0.9960937499999392,0.0
946,cnn_direct_vector_regression__local_density,CNN + Local density blur,local_density,1,1,0,0.4768292682926829,0.0,0.6341463414634146,1.0,1.0,0,0,0,27,42,16315,0.0,0.0,0.0,0.9957885742186892,0.0
947,cnn_direct_vector_regression__distance_transform,CNN + Distance-to-stroke,distance_transform,1,1,0,0.627,0.26,0.8,1.0,1.0,0,0,15,61,46,16262,0.1973684210500346,0.24590163934023113,0.21897810169257814,0.9934692382811894,0.12295081967112335
947,cnn_direct_vector_regression__local_density,CNN + Local density blur,local_density,1,1,0,0.52,0.0,0.85,1.0,1.0,0,0,0,51,61,16272,0.0,0.0,0.0,0.9931640624999394,0.0
948,cnn_direct_vector_regression__distance_transform,CNN + Distance-to-stroke,distance_transform,4,5,1,0.3092576064908722,0.14344827586206896,0.8235294117647058,0.0,0.8,0,1,1,203,453,15727,0.004901960784289697,0.002202643171801316,0.0030395132499792736,0.9599609374999414,0.0015220700152183836
948,cnn_direct_vector_regression__local_density,CNN + Local density blur,local_density,4,5,1,0.6236784989858013,0.23758620689655172,0.9338235294117647,1.0,0.8,0,0,8,228,446,15702,0.03389830508460213,0.017621145374410528,0.02318840534694393,0.9588623046874415,0.011730205278575176
949,cnn_direct_vector_regression__distance_transform,CNN + Distance-to-stroke,distance_transform,5,5,0,0.2513624181060155,0.07608695652173914,0.5856164383561644,0.0,1.0,2,1,18,149,432,15785,0.10778443113707914,0.039999999999911114,0.05834683915119166,0.9645385742186912,0.030050083472403923
949,cnn_direct_vector_regression__local_density,CNN + Local density blur,local_density,5,5,0,0.3210081809702541,0.24607601859447636,0.5513698630136986,0.0,1.0,2,0,4,153,446,15781,0.02547770700620715,0.008888888888869136,0.013179571280378027,0.9634399414061912,0.006633499170801603
950,cnn_direct_vector_regression__distance_transform,CNN + Distance-to-stroke,distance_transform,3,3,0,0.6369623655913978,0.25806451612903225,0.8541666666666666,1.0,1.0,0,0,3,95,186,16100,0.03061224489764681,0.01587301587293189,0.020905922895069762,0.9828491210936899,0.010563380281652946
950,cnn_direct_vector_regression__local_density,CNN + Local density blur,local_density,3,3,0,0.5237920489296636,0.05185185185185184,0.7522935779816513,1.0,1.0,0,0,0,97,189,16098,0.0,0.0,0.0,0.98254394531244,0.0
951,cnn_direct_vector_regression__distance_transform,CNN + Distance-to-stroke,distance_transform,1,1,0,0.6514230769230769,0.2869230769230769,0.8615384615384616,1.0,1.0,0,0,0,57,66,16261,0.0,0.0,0.0,0.9924926757811894,0.0
951,cnn_direct_vector_regression__local_density,CNN + Local density blur,local_density,1,1,0,0.7075,0.35,1.0,1.0,1.0,0,0,7,58,59,16260,0.10769230769065088,0.10606060605899907,0.10687022850603112,0.9928588867186894,0.05645161290277055
952,cnn_direct_vector_regression__distance_transform,CNN + Distance-to-stroke,distance_transform,4,4,0,0.3513755362284774,0.21428995840760545,0.7747252747252747,0.0,1.0,1,0,0,179,438,15767,0.0,0.0,0.0,0.9623413085936913,0.0
952,cnn_direct_vector_regression__local_density,CNN + Local density blur,local_density,4,4,0,0.28582399626517274,0.08137254901960786,0.746031746031746,0.0,1.0,1,0,0,190,438,15756,0.0,0.0,0.0,0.9616699218749413,0.0
953,cnn_direct_vector_regression__distance_transform,CNN + Distance-to-stroke,distance_transform,5,5,0,0.5746823919771139,0.06805108008115528,0.9702970297029703,1.0,1.0,0,0,0,182,427,15775,0.0,0.0,0.0,0.9628295898436912,0.0
953,cnn_direct_vector_regression__local_density,CNN + Local density blur,local_density,5,5,0,0.3502712669226107,0.14251700680272109,0.9306930693069306,0.0,1.0,0,1,4,162,423,15795,0.024096385542023518,0.009367681498807102,0.013490724723289433,0.9642944335936912,0.006791171477068266
954,cnn_direct_vector_regression__distance_transform,CNN + Distance-to-stroke,distance_transform,5,5,0,0.4031076545530493,0.27331265664160403,0.9005847953216375,0.0,1.0,1,0,1,145,398,15840,0.006849315068446238,0.00250626566415412,0.0036697243783789667,0.9668579101561909,0.001838235294114268
954,cnn_direct_vector_regression__local_density,CNN + Local density blur,local_density,5,5,0,0.41356548663324977,0.2887550125313283,0.9181286549707602,0.0,1.0,1,0,18,136,381,15849,0.1168831168823579,0.04511278195477415,0.06509945710242668,0.9684448242186908,0.033644859813021226
955,cnn_direct_vector_regression__distance_transform,CNN + Distance-to-stroke,distance_transform,3,3,0,0.6254593114241002,0.1923787167449139,0.9444444444444444,1.0,1.0,0,0,0,189,517,15678,0.0,0.0,0.0,0.9569091796874416,0.0
955,cnn_direct_vector_regression__local_density,CNN + Local density blur,local_density,3,3,0,0.6444779917196569,0.2593338087597314,0.8888888888888888,1.0,1.0,0,0,12,160,505,15707,0.0697674418600595,0.023210831721425126,0.03483309106212702,0.9594116210936914,0.017725258493326845
956,cnn_direct_vector_regression__distance_transform,CNN + Distance-to-stroke,distance_transform,3,3,0,0.5297258297258297,0.11156004489337822,0.6476190476190475,1.0,1.0,0,0,1,59,275,16049,0.01666666666638889,0.003623188405783974,0.005952380658978189,0.9796142578124402,0.0029850746268567613
956,cnn_direct_vector_regression__local_density,CNN + Local density blur,local_density,3,3,0,0.2870346715328468,0.07499999999999998,0.7664233576642336,0.0,1.0,0,1,2,123,274,15985,0.015999999999872,0.007246376811567948,0.00997506191498811,0.9757690429686904,0.00501253132830824
957,cnn_direct_vector_regression__distance_transform,CNN + Distance-to-stroke,distance_transform,2,2,0,0.6101498030271615,0.2049450549450549,0.839622641509434,1.0,1.0,0,0,10,96,228,16050,0.09433962264061943,0.04201680672251254,0.058139534457003796,0.9802246093749402,0.029940119760389402
957,cnn_direct_vector_regression__local_density,CNN + Local density blur,local_density,2,2,0,0.7317441054091539,0.4642857142857143,0.8640776699029127,1.0,1.0,0,0,9,92,229,16054,0.08910891089020684,0.037815126050261286,0.05309734471409057,0.9804077148436902,0.02727272727264463
958,cnn_direct_vector_regression__distance_transform,CNN + Distance-to-stroke,distance_transform,2,2,0,0.4414285714285714,0.0,0.4571428571428572,1.0,1.0,0,0,1,28,71,16284,0.03448275861950059,0.013888888888695987,0.019801979788256062,0.9939575195311893,0.0099999999999
958,cnn_direct_vector_regression__local_density,CNN + Local density blur,local_density,2,2,0,0.5073033707865169,0.0,0.7865168539325843,1.0,1.0,0,0,0,81,72,16231,0.0,0.0,0.0,0.9906616210936895,0.0
959,cnn_direct_vector_regression__distance_transform,CNN + Distance-to-stroke,distance_transform,3,3,0,0.3478065072182719,0.1274007038712921,0.9523809523809523,0.0,1.0,1,0,10,107,145,16122,0.08547008546935496,0.06451612903184184,0.0735294112739241,0.9846191406249398,0.03816793893115203
959,cnn_direct_vector_regression__local_density,CNN + Local density blur,local_density,3,3,0,0.4042102995044171,0.2739064856711915,0.9047619047619048,0.0,1.0,1,0,4,110,151,16119,0.035087719297937824,0.025806451612736734,0.02973977646306713,0.9840698242186899,0.01509433962258455
960,cnn_direct_vector_regression__distance_transform,CNN + Distance-to-stroke,distance_transform,1,1,0,0.6907173913043478,0.39,0.8260869565217391,1.0,1.0,0,0,0,24,62,16298,0.0,0.0,0.0,0.9947509765624393,0.0
960,cnn_direct_vector_regression__local_density,CNN + Local density blur,local_density,1,1,0,0.6422368421052631,0.22719298245614034,0.95,1.0,1.0,0,0,0,19,62,16303,0.0,0.0,0.0,0.9950561523436893,0.0
961,cnn_direct_vector_regression__distance_transform,CNN + Distance-to-stroke,distance_transform,5,5,0,0.35783507870221654,0.21175757575757576,0.8127208480565371,0.0,1.0,2,2,14,207,750,15413,0.06334841628930613,0.018324607329818946,0.028426395590977357,0.9415893554686925,0.014418125643651475
961,cnn_direct_vector_regression__local_density,CNN + Local density blur,local_density,5,5,0,0.2948500092988655,0.11105263157894736,0.7243816254416962,0.0,1.0,2,0,28,167,736,15453,0.14358974358900725,0.03664921465963789,0.05839416025983792,0.9448852539061923,0.03007518796989251
962,cnn_direct_vector_regression__distance_transform,CNN + Distance-to-stroke,distance_transform,3,4,1,0.735505376344086,0.47964157706093186,0.9733333333333334,1.0,0.75,0,0,61,91,400,15832,0.401315789471044,0.1323210412144635,0.19902120680421218,0.9700317382811907,0.1105072463766114
962,cnn_direct_vector_regression__local_density,CNN + Local density blur,local_density,3,4,1,0.5303766922427993,0.14893450635386116,0.6917808219178082,1.0,0.75,0,0,9,91,452,15832,0.0899999999991,0.019522776572625765,0.03208556120425393,0.9668579101561909,0.01630434782605742
963,cnn_direct_vector_regression__distance_transform,CNN + Distance-to-stroke,distance_transform,2,2,0,0.7678325789170312,0.48800553426990206,0.9911504424778761,1.0,1.0,0,0,36,79,314,15955,0.31304347825814743,0.10285714285684898,0.15483870930445598,0.9760131835936904,0.08391608391588831
963,cnn_direct_vector_regression__local_density,CNN + Local density blur,local_density,2,3,1,0.5249801587301588,0.15339506172839507,0.6964285714285714,1.0,0.6666666666666667,0,0,10,69,340,15965,0.12658227847941034,0.028571428571346938,0.04662004631935276,0.9750366210936905,0.023866348448630392
964,cnn_direct_vector_regression__distance_transform,CNN + Distance-to-stroke,distance_transform,2,2,0,0.5700833333333334,0.175,0.7066666666666667,1.0,1.0,0,0,0,72,55,16257,0.0,0.0,0.0,0.9922485351561894,0.0
964,cnn_direct_vector_regression__local_density,CNN + Local density blur,local_density,2,2,0,0.598561320754717,0.175,0.8490566037735849,1.0,1.0,0,0,1,42,54,16287,0.02325581395294754,0.018181818181487605,0.02040816277238652,0.9941406249999393,0.010309278350409182
965,cnn_direct_vector_regression__distance_transform,CNN + Distance-to-stroke,distance_transform,5,4,1,0.5129837991203954,0.06460167920474351,0.7695652173913043,1.0,0.8,0,0,28,146,659,15551,0.16091954022896024,0.04075691411930021,0.06504065008385301,0.9508666992186919,0.03361344537811091
965,cnn_direct_vector_regression__local_density,CNN + Local density blur,local_density,5,4,1,0.5452717391304349,0.0358695652173913,0.9956521739130435,1.0,0.8,0,0,43,186,644,15511,0.18777292576337218,0.06259097525463961,0.09388646250689109,0.949340820312442,0.049255441007961906
966,cnn_direct_vector_regression__distance_transform,CNN + Distance-to-stroke,distance_transform,2,2,0,0.5353986486486486,0.08166666666666667,0.7432432432432432,1.0,1.0,0,0,16,38,220,16110,0.29629629629080934,0.06779661016920425,0.11034482728237811,0.9842529296874399,0.05839416058372849
966,cnn_direct_vector_regression__local_density,CNN + Local density blur,local_density,2,2,0,0.5139189189189189,0.09999999999999998,0.5945945945945945,1.0,1.0,0,0,4,40,232,16108,0.0909090909070248,0.016949152542301064,0.028571428306326536,0.9833984374999399,0.014492753623135896
967,cnn_direct_vector_regression__distance_transform,CNN + Distance-to-stroke,distance_transform,5,5,0,0.5506266519823789,0.08166666666666667,0.8193832599118943,1.0,1.0,0,0,21,200,354,15809,0.09502262443395917,0.05599999999985067,0.07046979819086416,0.966186523437441,0.03652173913037127
967,cnn_direct_vector_regression__local_density,CNN + Local density blur,local_density,5,5,0,0.5625561431143115,0.06310606060606061,0.9207920792079208,1.0,1.0,0,0,4,175,371,15834,0.02234636871495896,0.010666666666638222,0.01444043277552817,0.9666748046874409,0.00727272727271405
968,cnn_direct_vector_regression__distance_transform,CNN + Distance-to-stroke,distance_transform,2,3,1,0.6343353413654619,0.39,0.7108433734939759,1.0,0.6666666666666667,0,0,3,161,171,16049,0.018292682926717728,0.01724137931024574,0.017751478790273462,0.9797363281249402,0.008955223880570283
968,cnn_direct_vector_regression__local_density,CNN + Local density blur,local_density,2,3,1,0.5395950012281995,0.07355072463768116,0.9491525423728814,1.0,0.6666666666666667,0,0,0,107,174,16103,0.0,0.0,0.0,0.9828491210936899,0.0
969,cnn_direct_vector_regression__distance_transform,CNN + Distance-to-stroke,distance_transform,1,1,0,0.5540277777777778,0.05833333333333331,0.8888888888888888,1.0,1.0,0,0,0,18,64,16302,0.0,0.0,0.0,0.9949951171874393,0.0
969,cnn_direct_vector_regression__local_density,CNN + Local density blur,local_density,1,1,0,0.5023809523809524,0.0,0.7619047619047619,1.0,1.0,0,0,0,17,64,16303,0.0,0.0,0.0,0.9950561523436893,0.0
970,cnn_direct_vector_regression__distance_transform,CNN + Distance-to-stroke,distance_transform,5,4,1,0.3229618245081584,0.1731877824528596,0.825136612021858,0.0,0.8,1,0,9,136,369,15870,0.062068965516813325,0.02380952380946082,0.034416825602930586,0.9691772460936908,0.017509727626425078
970,cnn_direct_vector_regression__local_density,CNN + Local density blur,local_density,5,4,1,0.36018251366120224,0.2291851851851852,0.8852459016393442,0.0,0.8,1,0,7,157,371,15849,0.04268292682900803,0.01851851851846953,0.025830257880434644,0.9677734374999409,0.013084112149508255
971,cnn_direct_vector_regression__distance_transform,CNN + Distance-to-stroke,distance_transform,5,5,0,0.33830145532896627,0.11608608346429192,0.9303135888501742,0.0,1.0,2,4,26,235,496,15627,0.09961685823716622,0.04980842911867853,0.06641123838041785,0.9553833007811917,0.03434610303826374
971,cnn_direct_vector_regression__local_density,CNN + Local density blur,local_density,5,5,0,0.35253419638495354,0.20330112721417068,0.8052434456928839,0.0,1.0,2,2,16,195,506,15667,0.07582938388589655,0.030651340996109864,0.043656206956874236,0.9572143554686916,0.0223152022314891
972,cnn_direct_vector_regression__distance_transform,CNN + Distance-to-stroke,distance_transform,4,5,1,0.39103500368206257,0.12676312676312673,0.8949579831932774,0.3,0.8,2,1,23,181,602,15578,0.11274509803866302,0.03679999999994112,0.05548854003894995,0.9522094726561918,0.02853598014884797
972,cnn_direct_vector_regression__local_density,CNN + Local density blur,local_density,4,5,1,0.3330075751911852,0.12332711499378167,0.9875518672199171,0.0,0.8,2,0,20,198,605,15561,0.09174311926563421,0.0319999999999488,0.04744958443256798,0.9509887695311919,0.024301336573482015
973,cnn_direct_vector_regression__distance_transform,CNN + Distance-to-stroke,distance_transform,3,3,0,0.6008825776872134,0.18076923076923074,0.847682119205298,1.0,1.0,0,0,7,116,316,15945,0.05691056910522837,0.0216718266253199,0.031390134129552175,0.9736328124999406,0.015945330296091242
973,cnn_direct_vector_regression__local_density,CNN + Local density blur,local_density,3,4,1,0.411681960344052,0.35571949602122016,0.8830409356725146,0.0,0.75,0,2,9,140,314,15921,0.06040268456335301,0.027863777089697016,0.03813559278812662,0.9722900390624406,0.019438444924364064
974,cnn_direct_vector_regression__distance_transform,CNN + Distance-to-stroke,distance_transform,5,5,0,0.30380428039702234,0.09734284532671628,0.8,0.0,1.0,1,2,9,165,395,15815,0.05172413793073722,0.022277227722717136,0.03114186809117468,0.965820312499941,0.015817223198566228
974,cnn_direct_vector_regression__local_density,CNN + Local density blur,local_density,5,5,0,0.2533333333333333,0.0,0.7666666666666666,0.0,1.0,1,1,6,156,398,15824,0.03703703703680841,0.01485148514847809,0.02120141301889149,0.966186523437441,0.010714285714266582
975,cnn_direct_vector_regression__distance_transform,CNN + Distance-to-stroke,distance_transform,3,3,0,0.5189922480620155,0.0,0.8449612403100775,1.0,1.0,0,0,1,118,230,16035,0.008403361344467198,0.004329004328985589,0.0057142852654530965,0.9787597656249403,0.0028653295128857727
975,cnn_direct_vector_regression__local_density,CNN + Local density blur,local_density,3,3,0,0.5561912170398409,0.025990675990675966,0.9724770642201834,1.0,1.0,0,0,13,78,218,16075,0.142857142855573,0.056277056276812655,0.08074534120892328,0.98193359374994,0.04207119741086709
976,cnn_direct_vector_regression__distance_transform,CNN + Distance-to-stroke,distance_transform,5,5,0,0.3809831996337931,0.28629480444307676,0.760752688172043,0.0,1.0,4,0,19,259,986,15120,0.06834532374076135,0.018905472636797108,0.02961808227935671,0.9240112304686936,0.015031645569608362
976,cnn_direct_vector_regression__local_density,CNN + Local density blur,local_density,5,5,0,0.3353362355534536,0.1633517301426806,0.8091397849462365,0.0,1.0,4,1,37,255,968,15124,0.12671232876668934,0.036815920397973316,0.057054741362655884,0.9253540039061935,0.02936507936505606
977,cnn_direct_vector_regression__distance_transform,CNN + Distance-to-stroke,distance_transform,2,2,0,0.5029411764705882,0.0,0.7647058823529411,1.0,1.0,0,0,4,42,127,16211,0.08695652173724008,0.030534351144805082,0.04519773972779214,0.9896850585936896,0.023121387283103347
977,cnn_direct_vector_regression__local_density,CNN + Local density blur,local_density,2,2,0,0.5198611111111111,0.08858024691358024,0.65,1.0,1.0,0,0,0,59,131,16194,0.0,0.0,0.0,0.9884033203124396,0.0
978,cnn_direct_vector_regression__distance_transform,CNN + Distance-to-stroke,distance_transform,1,1,0,0.7229665551839465,0.4356521739130434,0.8846153846153846,1.0,1.0,0,0,0,27,74,16283,0.0,0.0,0.0,0.9938354492186893,0.0
978,cnn_direct_vector_regression__local_density,CNN + Local density blur,local_density,1,1,0,0.46304347826086956,0.0,0.5652173913043479,1.0,1.0,0,0,3,8,71,16302,0.2727272727024793,0.040540540539992696,0.07058823506712802,0.9951782226561893,0.03658536585321237
979,cnn_direct_vector_regression__distance_transform,CNN + Distance-to-stroke,distance_transform,4,4,0,0.5370387931034483,0.032499999999999994,0.8620689655172413,1.0,1.0,0,0,3,194,427,15760,0.015228426395861786,0.006976744186030287,0.009569377559447428,0.9620971679686913,0.004807692307684603
979,cnn_direct_vector_regression__local_density,CNN + Local density blur,local_density,4,5,1,0.33074137931034486,0.13,0.9612068965517241,0.0,0.8,0,1,5,219,425,15735,0.022321428571328922,0.011627906976717145,0.015290519427236781,0.9606933593749414,0.007704160246521257
980,cnn_direct_vector_regression__distance_transform,CNN + Distance-to-stroke,distance_transform,4,4,0,0.5540350652376514,0.11227011494252873,0.7675675675675675,1.0,1.0,0,0,0,139,335,15910,0.0,0.0,0.0,0.9710693359374407,0.0
980,cnn_direct_vector_regression__local_density,CNN + Local density blur,local_density,4,5,1,0.3186992163710231,0.204164043434725,0.7341269841269842,0.0,0.8,0,2,23,212,312,15837,0.09787234042511544,0.0686567164177055,0.08070175390107111,0.9680175781249409,0.04204753199261052
981,cnn_direct_vector_regression__distance_transform,CNN + Distance-to-stroke,distance_transform,2,2,0,0.6467979797979798,0.26,0.898989898989899,1.0,1.0,0,0,4,87,97,16196,0.04395604395556092,0.03960396039564749,0.04166666616758898,0.9887695312499396,0.021276595744567677
981,cnn_direct_vector_regression__local_density,CNN + Local density blur,local_density,2,2,0,0.5987256097560976,0.195,0.8048780487804879,1.0,1.0,0,0,3,121,98,16162,0.024193548386901666,0.029702970296735614,0.026666666171654335,0.9866333007811897,0.013513513513452643
982,cnn_direct_vector_regression__distance_transform,CNN + Distance-to-stroke,distance_transform,1,1,0,0.506,0.0,0.78,1.0,1.0,0,0,6,34,45,16299,0.14999999999625002,0.11764705882122262,0.13186813137253955,0.9951782226561893,0.0705882352932872
982,cnn_direct_vector_regression__local_density,CNN + Local density blur,local_density,1,1,0,0.5359385964912281,0.023333333333333327,0.8771929824561404,1.0,1.0,0,0,0,58,51,16275,0.0,0.0,0.0,0.9933471679686894,0.0
983,cnn_direct_vector_regression__distance_transform,CNN + Distance-to-stroke,distance_transform,5,5,0,0.3081399743754004,0.17952380952380953,0.6367713004484306,0.0,1.0,3,0,19,105,665,15595,0.1532258064503772,0.027777777777737166,0.04702970271035315,0.9530029296874418,0.024081115335837667
983,cnn_direct_vector_regression__local_density,CNN + Local density blur,local_density,5,4,1,0.29789557975656633,0.10952380952380951,0.8430493273542601,0.0,0.8,3,2,30,148,654,15552,0.1685393258417498,0.04385964912274289,0.06960556811760273,0.9510498046874419,0.03605769230764897
984,cnn_direct_vector_regression__distance_transform,CNN + Distance-to-stroke,distance_transform,3,5,2,0.2125974025974026,0.0,0.6796536796536796,0.06666666666666665,0.6,3,1,15,131,363,15875,0.10273972602669357,0.0396825396824347,0.05725190799474099,0.9698486328124408,0.029469548133537388
984,cnn_direct_vector_regression__local_density,CNN + Local density blur,local_density,3,5,2,0.3612633580077799,0.063894523326572,0.7792207792207793,0.4666666666666666,0.6,3,2,11,151,367,15855,0.0679012345674821,0.029100529100452115,0.04074074032058985,0.9683837890624408,0.020793950850622318
985,cnn_direct_vector_regression__distance_transform,CNN + Distance-to-stroke,distance_transform,3,3,0,0.2893692835365854,0.052256944444444446,0.8292682926829268,0.0,1.0,1,0,13,123,176,16072,0.0955882352934148,0.06878306878270486,0.07999999951280475,0.98175048828119,0.04166666666653312
985,cnn_direct_vector_regression__local_density,CNN + Local density blur,local_density,3,4,1,0.42990448446327684,0.043541666666666666,0.9265536723163842,0.6,0.75,1,1,7,152,182,16043,0.04402515723242752,0.037037037036841074,0.040229884560955886,0.9796142578124402,0.020527859237476458
986,cnn_direct_vector_regression__distance_transform,CNN + Distance-to-stroke,distance_transform,1,1,0,0.6293749999999999,0.20416666666666666,0.9375,1.0,1.0,0,0,4,26,29,16325,0.1333333333288889,0.12121212120844813,0.12698412648122953,0.9966430664061892,0.06779661016834243
986,cnn_direct_vector_regression__local_density,CNN + Local density blur,local_density,1,1,0,0.572602564102564,0.12999999999999998,0.8205128205128205,1.0,1.0,0,0,3,37,30,16314,0.07499999999812501,0.0909090909063361,0.08219178032426348,0.9959106445311892,0.04285714285653061
987,cnn_direct_vector_regression__distance_transform,CNN + Distance-to-stroke,distance_transform,5,5,0,0.4832707362534949,0.14282385834109973,0.97,0.5,1.0,2,1,8,186,524,15666,0.041237113401849296,0.01503759398493414,0.022038567101427507,0.9566650390624416,0.011142061281321529
987,cnn_direct_vector_regression__local_density,CNN + Local density blur,local_density,5,5,0,0.37501724137931036,0.18448275862068964,0.96,0.0,1.0,2,0,26,157,506,15695,0.14207650273146408,0.04887218045103595,0.07272727234619591,0.9595336914061914,0.037735849056549
988,cnn_direct_vector_regression__distance_transform,CNN + Distance-to-stroke,distance_transform,3,3,0,0.4013327370304115,0.2846153846153846,0.8662790697674418,0.0,1.0,1,2,34,111,319,15920,0.23448275861907256,0.09631728045298495,0.13654618432563184,0.9737548828124405,0.0732758620688076
988,cnn_direct_vector_regression__local_density,CNN + Local density blur,local_density,3,3,0,0.2560748360166965,0.054843304843304845,0.6569767441860466,0.0,1.0,1,0,3,110,350,15921,0.026548672566136737,0.008498583569381024,0.012875536113254997,0.9719238281249406,0.0064794816414546885
989,cnn_direct_vector_regression__distance_transform,CNN + Distance-to-stroke,distance_transform,5,5,0,0.5541365772887512,0.10405405405405403,0.7865612648221344,1.0,1.0,0,0,24,170,450,15740,0.12371134020554789,0.050632911392298245,0.07185628701278282,0.9621582031249413,0.037267080745283745
989,cnn_direct_vector_regression__local_density,CNN + Local density blur,local_density,5,5,0,0.5588553359683794,0.10400000000000001,0.8102766798418972,1.0,1.0,0,0,11,177,463,15733,0.05851063829756112,0.02320675105480336,0.03323262799201359,0.9609374999999413,0.01689708141318449
990,cnn_direct_vector_regression__distance_transform,CNN + Distance-to-stroke,distance_transform,3,4,1,0.2924216524216524,0.08786008230452674,0.8894230769230769,0.0,0.75,2,3,31,138,444,15771,0.1834319526616365,0.06526315789459945,0.09627329153805314,0.9644775390624412,0.050570962479525985
990,cnn_direct_vector_regression__local_density,CNN + Local density blur,local_density,3,4,1,0.24099715099715102,0.059053497942386825,0.6971153846153846,0.0,0.75,2,0,26,107,449,15802,0.19548872180304144,0.054736842105147926,0.08552631544739546,0.966064453124941,0.044673539518823586
991,cnn_direct_vector_regression__distance_transform,CNN + Distance-to-stroke,distance_transform,5,5,0,0.5543518518518519,0.08209876543209876,0.837037037037037,1.0,1.0,0,0,9,94,163,16118,0.08737864077585068,0.052325581395044625,0.0654545449855471,0.9843139648436899,0.033834586466038215
991,cnn_direct_vector_regression__local_density,CNN + Local density blur,local_density,5,4,1,0.3222037037037037,0.13,0.9185185185185185,0.0,0.8,0,1,2,107,170,16105,0.018348623853042673,0.011627906976676582,0.01423487496987122,0.9830932617186899,0.007168458781336314
992,cnn_direct_vector_regression__distance_transform,CNN + Distance-to-stroke,distance_transform,5,4,1,0.3269803334436787,0.1132016210739615,0.9801980198019802,0.0,0.8,2,2,30,149,403,15802,0.1675977653621922,0.06928406466496702,0.09803921527208019,0.966308593749941,0.051546391752488756
992,cnn_direct_vector_regression__local_density,CNN + Local density blur,local_density,5,5,0,0.38122993042547504,0.24211711711711711,0.8613861386138614,0.0,1.0,2,0,8,169,425,15782,0.045197740112739,0.018475750577324538,0.026229507784697674,0.9637451171874412,0.013289036544828424
993,cnn_direct_vector_regression__distance_transform,CNN + Distance-to-stroke,distance_transform,3,3,0,0.7020907210401891,0.4112654320987654,0.8351063829787234,1.0,1.0,0,0,97,48,359,15880,0.6689655172367658,0.21271929824514754,0.3227953407309836,0.9751586914061905,0.1924603174599356
993,cnn_direct_vector_regression__local_density,CNN + Local density blur,local_density,3,4,1,0.2876216814159292,0.10277777777777776,0.831858407079646,0.0,0.75,0,1,34,185,422,15743,0.1552511415518025,0.07456140350860842,0.10074074030208174,0.9629516601561912,0.05304212168478464
994,cnn_direct_vector_regression__distance_transform,CNN + Distance-to-stroke,distance_transform,3,3,0,0.586037037037037,0.08666666666666667,0.9851851851851852,1.0,1.0,0,0,11,125,283,15965,0.08088235294058176,0.0374149659862673,0.05116279026494322,0.9750976562499405,0.02625298329349343
994,cnn_direct_vector_regression__local_density,CNN + Local density blur,local_density,3,4,1,0.6396794871794871,0.32037037037037036,0.8525641025641025,1.0,0.75,0,0,5,137,289,15953,0.035211267605385836,0.01700680272103059,0.022935779377177855,0.9739990234374405,0.011600928074219023
995,cnn_direct_vector_regression__distance_transform,CNN + Distance-to-stroke,distance_transform,1,1,0,0.6094607843137255,0.16699346405228757,0.9215686274509804,1.0,1.0,0,0,3,42,49,16290,0.06666666666518518,0.05769230769119823,0.06185566960442131,0.9944458007811893,0.031914893616681754
995,cnn_direct_vector_regression__local_density,CNN + Local density blur,local_density,1,1,0,0.5119047619047619,0.0,0.8095238095238095,1.0,1.0,0,0,5,58,47,16274,0.0793650793638196,0.09615384615199704,0.08695652124219282,0.9935913085936894,0.04545454545413223
996,cnn_direct_vector_regression__distance_transform,CNN + Distance-to-stroke,distance_transform,2,2,0,0.7306314599483205,0.4427469135802469,0.9069767441860466,1.0,1.0,0,0,7,73,197,16107,0.08749999999890624,0.034313725490027876,0.04929577424285857,0.9835205078124399,0.02527075812265245
996,cnn_direct_vector_regression__local_density,CNN + Local density blur,local_density,2,2,0,0.5446475290697674,0.06562499999999999,0.8255813953488372,1.0,1.0,0,0,0,72,204,16108,0.0,0.0,0.0,0.9831542968749399,0.0
997,cnn_direct_vector_regression__distance_transform,CNN + Distance-to-stroke,distance_transform,5,5,0,0.36013254785845006,0.1435993941013989,0.9775641025641025,0.0,1.0,2,3,52,243,827,15262,0.17627118644008044,0.059158134243391176,0.08858603028796991,0.9346923828124429,0.0463458110516521
997,cnn_direct_vector_regression__local_density,CNN + Local density blur,local_density,5,4,1,0.27018695228821815,0.18759493670886077,0.5288461538461539,0.0,0.8,2,3,83,66,796,15439,0.5570469798620333,0.09442548350387438,0.1614785989736086,0.9473876953124422,0.08783068783059489
998,cnn_direct_vector_regression__distance_transform,CNN + Distance-to-stroke,distance_transform,2,3,1,0.519915896250642,0.03358585858585859,0.940677966101695,1.0,0.6666666666666667,0,0,5,115,178,16086,0.04166666666631944,0.027322404371435398,0.0330032998514307,0.98211669921869,0.016778523489876584
998,cnn_direct_vector_regression__local_density,CNN + Local density blur,local_density,2,3,1,0.4950450450450451,0.0,0.8918918918918919,1.0,0.6666666666666667,0,0,7,93,176,16108,0.0699999999993,0.03825136612000956,0.04946996420696975,0.9835815429686899,0.02536231884048782
999,cnn_direct_vector_regression__distance_transform,CNN + Distance-to-stroke,distance_transform,2,2,0,0.5159244397334949,0.08525641025641024,0.6377952755905512,1.0,1.0,0,0,17,111,128,16128,0.1328124999989624,0.11724137930953628,0.12454212404315097,0.9854125976561898,0.06640624999974061
999,cnn_direct_vector_regression__local_density,CNN + Local density blur,local_density,2,2,0,0.5556077872744539,0.01794871794871794,0.9876543209876543,1.0,1.0,0,0,7,71,138,16168,0.08974358974243918,0.04827586206863258,0.06278026860286755,0.9872436523436897,0.03240740740725737
1000,cnn_direct_vector_regression__distance_transform,CNN + Distance-to-stroke,distance_transform,2,3,1,0.7706733709715361,0.5807692307692307,0.963302752293578,1.0,0.6666666666666667,0,0,0,98,227,16059,0.0,0.0,0.0,0.9801635742186902,0.0
1000,cnn_direct_vector_regression__local_density,CNN + Local density blur,local_density,2,3,1,0.48914373088685015,0.0,0.8623853211009174,1.0,0.6666666666666667,0,0,11,82,216,16075,0.1182795698912013,0.04845814977952221,0.06874999958724609,0.98181152343744,0.03559870550150292
1001,cnn_direct_vector_regression__distance_transform,CNN + Distance-to-stroke,distance_transform,4,4,0,0.3076938502673797,0.03611111111111111,0.9572192513368984,0.0,1.0,1,1,44,143,518,15679,0.23529411764580058,0.07829181494647991,0.11748998627388542,0.9596557617186914,0.06241134751764197
1001,cnn_direct_vector_regression__local_density,CNN + Local density blur,local_density,4,5,1,0.3083813453032264,0.14089863728417945,0.8248847926267281,0.0,0.8,1,1,42,150,520,15672,0.2187499999988607,0.07473309608527627,0.11140583516387223,0.9591064453124414,0.058988764044860975
1002,cnn_direct_vector_regression__distance_transform,CNN + Distance-to-stroke,distance_transform,5,5,0,0.3079689754689755,0.031818181818181815,0.9682539682539683,0.0,1.0,1,1,9,157,521,15697,0.05421686746955291,0.016981132075439657,0.02586206860220142,0.9586181640624415,0.013100436681203639
1002,cnn_direct_vector_regression__local_density,CNN + Local density blur,local_density,5,5,0,0.3100612282964522,0.16667972831765934,0.6752767527675276,0.0,1.0,1,0,27,215,503,15639,0.11157024793342327,0.05094339622631897,0.06994818609790196,0.9561767578124416,0.036241610738206385
1003,cnn_direct_vector_regression__distance_transform,CNN + Distance-to-stroke,distance_transform,2,2,0,0.3773448275862069,0.26,0.8017241379310345,0.0,1.0,1,0,3,85,354,15942,0.03409090909052169,0.008403361344514276,0.013483145750061869,0.9732055664061906,0.006787330316726726
1003,cnn_direct_vector_regression__local_density,CNN + Local density blur,local_density,2,2,0,0.26724137931034486,0.0,0.8362068965517242,0.0,1.0,1,1,10,71,347,15956,0.12345679012193263,0.028011204481714257,0.04566210015494882,0.9744873046874405,0.023364485981253822
1004,cnn_direct_vector_regression__distance_transform,CNN + Distance-to-stroke,distance_transform,5,5,0,0.4053738141653743,0.17283647015104814,0.762987012987013,0.3,1.0,2,1,15,207,532,15630,0.06756756756726322,0.027422303473441642,0.03901170310025857,0.9548950195311917,0.01989389920421765
1004,cnn_direct_vector_regression__local_density,CNN + Local density blur,local_density,5,5,0,0.3227656358986282,0.16675191815856777,0.6136363636363636,0.09999999999999998,1.0,2,2,14,161,533,15676,0.07999999999954287,0.02559414990854553,0.03878116306752941,0.9576416015624415,0.0197740112994071
1005,cnn_direct_vector_regression__distance_transform,CNN + Distance-to-stroke,distance_transform,3,3,0,0.2855909090909091,0.08666666666666667,0.7329545454545454,0.0,1.0,0,1,4,118,391,15871,0.03278688524563289,0.010126582278455375,0.015473887453670005,0.9689331054686908,0.007797270955150493
1005,cnn_direct_vector_regression__local_density,CNN + Local density blur,local_density,3,3,0,0.2715909090909091,0.0,0.8579545454545454,0.0,1.0,0,1,13,134,382,15855,0.08843537414905826,0.03291139240497997,0.04797047930930271,0.9685058593749408,0.024574669187099104
1006,cnn_direct_vector_regression__distance_transform,CNN + Distance-to-stroke,distance_transform,1,1,0,0.7194485981308412,0.43470404984423683,0.8691588785046729,1.0,1.0,0,0,12,82,314,15976,0.12765957446672702,0.03680981595080733,0.0571428567951474,0.9758300781249404,0.029411764705810264
1006,cnn_direct_vector_regression__local_density,CNN + Local density blur,local_density,1,1,0,0.7194485981308412,0.43470404984423683,0.8691588785046729,1.0,1.0,0,0,12,82,314,15976,0.12765957446672702,0.03680981595080733,0.0571428567951474,0.9758300781249404,0.029411764705810264
1007,cnn_direct_vector_regression__distance_transform,CNN + Distance-to-stroke,distance_transform,3,3,0,0.6034248152976966,0.19028490028490025,0.8389830508474576,1.0,1.0,0,0,12,99,238,16035,0.10810810810713416,0.047999999999808,0.06648199403359398,0.9794311523436902,0.034383954154629276
1007,cnn_direct_vector_regression__local_density,CNN + Local density blur,local_density,3,3,0,0.2698807035876002,0.009386973180076617,0.8282828282828283,0.0,1.0,0,1,15,62,235,16072,0.19480519480266487,0.05999999999976,0.09174311890544193,0.98187255859369,0.04807692307676899
1008,cnn_direct_vector_regression__distance_transform,CNN + Distance-to-stroke,distance_transform,4,4,0,0.3037564850210641,0.07031355645706557,0.8605769230769231,0.0,1.0,1,1,6,184,497,15697,0.031578947368254846,0.01192842942343553,0.017316016917965478,0.9584350585936915,0.008733624454135759
1008,cnn_direct_vector_regression__local_density,CNN + Local density blur,local_density,4,5,1,0.32355672855734474,0.13651960784313724,0.9106145251396648,0.0,0.8,1,1,3,145,500,15736,0.02027027027013331,0.005964214711717765,0.009216589510407021,0.9606323242186914,0.004629629629622485
1009,cnn_direct_vector_regression__distance_transform,CNN + Distance-to-stroke,distance_transform,5,5,0,0.3080762914513836,0.15203394333829115,0.6983050847457627,0.0,1.0,2,0,16,192,383,15793,0.0769230769227071,0.04010025062646592,0.05271828620501617,0.964904785156191,0.027072758037179234
1009,cnn_direct_vector_regression__local_density,CNN + Local density blur,local_density,5,5,0,0.3759254814873827,0.271171503116971,0.7694915254237288,0.0,1.0,2,1,12,191,387,15794,0.059113300492319644,0.030075187969849437,0.03986710918742068,0.964721679687441,0.020338983050812984
1010,cnn_direct_vector_regression__distance_transform,CNN + Distance-to-stroke,distance_transform,5,5,0,0.3376376554726368,0.18093055555555554,0.7810945273631841,0.0,1.0,1,1,1,141,447,15795,0.007042253521077168,0.002232142857137875,0.0033898301429589597,0.9641113281249412,0.0016977928692670666
1010,cnn_direct_vector_regression__local_density,CNN + Local density blur,local_density,5,5,0,0.30790499944970284,0.0752867231638418,0.8701298701298701,0.0,1.0,1,1,27,173,421,15763,0.134999999999325,0.06026785714272262,0.08333333290631192,0.9637451171874412,0.0434782608694952
1011,cnn_direct_vector_regression__distance_transform,CNN + Distance-to-stroke,distance_transform,5,5,0,0.4346745523826019,0.2598030988619223,0.8388157894736842,0.19999999999999996,1.0,1,1,35,220,659,15470,0.13725490196024606,0.05043227665698785,0.07376185419061272,0.9463500976561923,0.03829321663015504
1011,cnn_direct_vector_regression__local_density,CNN + Local density blur,local_density,5,5,0,0.40399909935265976,0.2515769459298871,0.9539473684210527,0.0,1.0,1,3,47,228,647,15462,0.17090909090846942,0.06772334293938369,0.0970072235354951,0.9465942382811922,0.05097613882857812
1012,cnn_direct_vector_regression__distance_transform,CNN + Distance-to-stroke,distance_transform,5,4,1,0.5828969309080021,0.1926375227686703,0.8310502283105023,1.0,0.8,0,0,2,174,402,15806,0.011363636363571798,0.004950495049492697,0.006896551301379336,0.964843749999941,0.003460207612450761
1012,cnn_direct_vector_regression__local_density,CNN + Local density blur,local_density,5,5,0,0.6406069470667791,0.20540762463343107,0.9908675799086758,1.0,1.0,0,0,32,177,372,15803,0.15311004784615737,0.07920792079188316,0.10440456725009249,0.9664916992186909,0.055077452667719316
1013,cnn_direct_vector_regression__distance_transform,CNN + Distance-to-stroke,distance_transform,5,5,0,0.5713828941065441,0.19234512866588332,0.9241379310344827,0.8,1.0,1,1,34,203,624,15523,0.14345991561120905,0.051671732522717825,0.07597765324174902,0.949523925781192,0.039488966318188747
1013,cnn_direct_vector_regression__local_density,CNN + Local density blur,local_density,5,5,0,0.24582288401253918,0.029797979797979796,0.6620689655172414,0.0,1.0,1,1,20,152,638,15574,0.11627906976676583,0.03039513677806931,0.04819277075565104,0.9517822265624419,0.024691358024660874
1014,cnn_direct_vector_regression__distance_transform,CNN + Distance-to-stroke,distance_transform,3,3,0,0.4620099975541152,0.368355550120256,0.98125,0.0,1.0,0,1,9,120,185,16070,0.06976744185992428,0.046391752577080454,0.05572755369946995,0.98138427734369,0.028662420382074325
1014,cnn_direct_vector_regression__local_density,CNN + Local density blur,local_density,3,4,1,0.28523516059230347,0.10437745437745437,0.8163265306122449,0.0,0.75,0,1,6,171,188,16019,0.03389830508455425,0.030927835051386972,0.032345012977964424,0.9780883789061903,0.016438356164338527
1015,cnn_direct_vector_regression__distance_transform,CNN + Distance-to-stroke,distance_transform,4,5,1,0.3157682038445493,0.17199369582348306,0.7918552036199095,0.0,0.8,1,0,3,157,444,15780,0.018749999999882815,0.00671140939595814,0.00988467835968616,0.9633178710936912,0.00496688741721032
1015,cnn_direct_vector_regression__local_density,CNN + Local density blur,local_density,4,5,1,0.3489036776740156,0.13250591016548463,0.7963800904977376,0.19999999999999996,0.8,1,1,6,161,441,15776,0.035928143712359716,0.01342281879191628,0.01954397354528431,0.9632568359374412,0.009868421052615348
1016,cnn_direct_vector_regression__distance_transform,CNN + Distance-to-stroke,distance_transform,1,1,0,0.5147058823529411,0.0,0.8235294117647058,1.0,1.0,0,0,2,14,13,16355,0.1249999999921875,0.13333333332444444,0.12903225755671174,0.998352050781189,0.06896551723900118
1016,cnn_direct_vector_regression__local_density,CNN + Local density blur,local_density,1,1,0,0.4375,0.0,0.4375,1.0,1.0,0,0,2,29,13,16340,0.0645161290301769,0.13333333332444444,0.08695652129584121,0.997436523437439,0.0454545454535124
1017,cnn_direct_vector_regression__distance_transform,CNN + Distance-to-stroke,distance_transform,4,4,0,0.6350862068965517,0.23888888888888887,0.8879310344827587,1.0,1.0,0,0,3,97,231,16053,0.0299999999997,0.012820512820458032,0.017964071436659627,0.9799804687499402,0.009063444108733948
1017,cnn_direct_vector_regression__local_density,CNN + Local density blur,local_density,4,4,0,0.5732890070921985,0.13055555555555554,0.8226950354609929,1.0,1.0,0,0,0,142,234,16008,0.0,0.0,0.0,0.9770507812499404,0.0
1018,cnn_direct_vector_regression__distance_transform,CNN + Distance-to-stroke,distance_transform,4,4,0,0.34752639358108106,0.14765625,0.9054054054054054,0.0,1.0,1,0,13,115,274,15982,0.10156249999920655,0.04529616724722894,0.0626506019827319,0.9762573242186904,0.032338308457631
1018,cnn_direct_vector_regression__local_density,CNN + Local density blur,local_density,4,4,0,0.38629888712241656,0.2007843137254902,0.9797297297297297,0.0,1.0,1,1,8,128,279,15969,0.05882352941133218,0.02787456445983319,0.03782505866519123,0.9751586914061905,0.01927710843368849
1019,cnn_direct_vector_regression__distance_transform,CNN + Distance-to-stroke,distance_transform,3,3,0,0.544514652014652,0.008974358974358972,0.9523809523809523,1.0,1.0,0,0,0,117,434,15833,0.0,0.0,0.0,0.9663696289061909,0.0
1019,cnn_direct_vector_regression__local_density,CNN + Local density blur,local_density,3,3,0,0.27587634133878386,0.07368421052631578,0.7135922330097088,0.0,1.0,0,2,0,172,434,15778,0.0,0.0,0.0,0.9630126953124412,0.0
1020,cnn_direct_vector_regression__distance_transform,CNN + Distance-to-stroke,distance_transform,3,3,0,0.29102511300853845,0.07090909090909091,0.7955801104972375,0.0,1.0,1,1,7,116,386,15875,0.05691056910522837,0.017811704834560276,0.027131782582529605,0.9693603515624408,0.013752455795650782
1020,cnn_direct_vector_regression__local_density,CNN + Local density blur,local_density,3,3,0,0.3190624723018288,0.0767379679144385,0.9226519337016574,0.0,1.0,1,2,6,139,387,15852,0.04137931034454222,0.015267175572480236,0.022304832319916812,0.9678955078124409,0.011278195488700606
1021,cnn_direct_vector_regression__distance_transform,CNN + Distance-to-stroke,distance_transform,5,5,0,0.3273212401409332,0.10824803216107565,0.893048128342246,0.0,1.0,1,1,6,156,371,15851,0.03703703703680841,0.01591511936335301,0.022263450414352154,0.9678344726561909,0.01125703564725843
1021,cnn_direct_vector_regression__local_density,CNN + Local density blur,local_density,5,5,0,0.3362505640081578,0.14549846288976723,0.8538812785388128,0.0,1.0,1,1,7,170,370,15837,0.03954802259864662,0.01856763925724518,0.025270757687816874,0.9670410156249409,0.012797074954272765
1022,cnn_direct_vector_regression__distance_transform,CNN + Distance-to-stroke,distance_transform,1,1,0,0.4672413793103448,0.0,0.5862068965517242,1.0,1.0,0,0,0,17,30,16337,0.0,0.0,0.0,0.9971313476561892,0.0
1022,cnn_direct_vector_regression__local_density,CNN + Local density blur,local_density,1,1,0,0.5086206896551724,0.0,0.7931034482758621,1.0,1.0,0,0,0,23,30,16331,0.0,0.0,0.0,0.9967651367186892,0.0
1023,cnn_direct_vector_regression__distance_transform,CNN + Distance-to-stroke,distance_transform,1,1,0,0.875,0.7666666666666667,0.9,1.0,1.0,0,0,0,14,79,16291,0.0,0.0,0.0,0.9943237304686893,0.0
1023,cnn_direct_vector_regression__local_density,CNN + Local density blur,local_density,1,1,0,0.6449999999999999,0.2333333333333333,0.95,1.0,1.0,0,0,6,14,73,16291,0.299999999985,0.07594936708764621,0.1212121208872564,0.9946899414061893,0.06451612903156434
1024,cnn_direct_vector_regression__distance_transform,CNN + Distance-to-stroke,distance_transform,1,1,0,0.4842857142857143,0.0,0.6714285714285715,1.0,1.0,0,0,4,42,67,16271,0.08695652173724008,0.05633802816822059,0.0683760678977281,0.9933471679686894,0.03539823008818232
1024,cnn_direct_vector_regression__local_density,CNN + Local density blur,local_density,1,1,0,0.5698571428571428,0.26,0.5142857142857142,1.0,1.0,0,0,10,27,61,16286,0.2702702702629657,0.14084507042055147,0.18518518473131,0.9946289062499393,0.10204081632548938
1025,cnn_direct_vector_regression__distance_transform,CNN + Distance-to-stroke,distance_transform,3,5,2,0.2058128078817734,0.0,0.729064039408867,0.0,0.6,1,1,4,128,201,16051,0.030303030302800738,0.01951219512185604,0.02373887192688147,0.9799194335936902,0.01201201201197594
1025,cnn_direct_vector_regression__local_density,CNN + Local density blur,local_density,3,3,0,0.3635264635124298,0.026227390180878562,0.7586206896551724,0.4,1.0,1,1,7,128,198,16051,0.05185185185146777,0.03414634146324807,0.04117647010918686,0.9801025390624402,0.021021021020957896
1026,cnn_direct_vector_regression__distance_transform,CNN + Distance-to-stroke,distance_transform,3,3,0,0.32474666142969366,0.1412280701754386,0.8059701492537313,0.0,1.0,0,1,0,112,229,16043,0.0,0.0,0.0,0.9791870117186902,0.0
1026,cnn_direct_vector_regression__local_density,CNN + Local density blur,local_density,3,3,0,0.5531898512685914,0.07358024691358023,0.8503937007874016,1.0,1.0,0,0,0,128,229,16027,0.0,0.0,0.0,0.9782104492186903,0.0
1027,cnn_direct_vector_regression__distance_transform,CNN + Distance-to-stroke,distance_transform,1,1,0,0.6221829810901002,0.1890804597701149,0.935483870967742,1.0,1.0,0,0,5,26,25,16328,0.16129032257544224,0.1666666666611111,0.16393442572426764,0.9968872070311892,0.08928571428411991
1027,cnn_direct_vector_regression__local_density,CNN + Local density blur,local_density,1,1,0,0.49146341463414633,0.0,0.7073170731707317,1.0,1.0,0,0,0,41,30,16313,0.0,0.0,0.0,0.9956665039061892,0.0
1028,cnn_direct_vector_regression__distance_transform,CNN + Distance-to-stroke,distance_transform,5,5,0,0.31621112304324483,0.12921468203158346,0.7903225806451613,0.0,1.0,0,1,21,267,567,15529,0.07291666666641348,0.035714285714224976,0.04794520503798399,0.949096679687442,0.024561403508743203
1028,cnn_direct_vector_regression__local_density,CNN + Local density blur,local_density,5,5,0,0.38384094029984195,0.2362326853684088,0.8876811594202898,0.0,1.0,0,2,40,232,548,15564,0.14705882352887112,0.06802721088423805,0.09302325538124392,0.9523925781249418,0.04878048780481856
1029,cnn_direct_vector_regression__distance_transform,CNN + Distance-to-stroke,distance_transform,1,1,0,0.6784411764705882,0.39,0.7647058823529411,1.0,1.0,0,0,0,35,83,16266,0.0,0.0,0.0,0.9927978515624394,0.0
1029,cnn_direct_vector_regression__local_density,CNN + Local density blur,local_density,1,1,0,0.6740714285714285,0.39,0.7428571428571429,1.0,1.0,0,0,27,9,56,16292,0.7499999999791668,0.3253012048153578,0.45378151217541135,0.9960327148436892,0.29347826086637524
1030,cnn_direct_vector_regression__distance_transform,CNN + Distance-to-stroke,distance_transform,1,1,0,0.7190783132530121,0.41321285140562247,0.9156626506024097,1.0,1.0,0,0,0,77,258,16049,0.0,0.0,0.0,0.9795532226561902,0.0
1030,cnn_direct_vector_regression__local_density,CNN + Local density blur,local_density,1,1,0,0.6284457831325302,0.26,0.8072289156626506,1.0,1.0,0,0,8,60,250,16066,0.11764705882179931,0.03100775193786431,0.04907975427076669,0.98107910156244,0.025157232704323407
1031,cnn_direct_vector_regression__distance_transform,CNN + Distance-to-stroke,distance_transform,2,3,1,0.5336787634408603,0.1525,0.7419354838709677,1.0,0.6666666666666667,0,0,0,187,224,15973,0.0,0.0,0.0,0.9749145507811905,0.0
1031,cnn_direct_vector_regression__local_density,CNN + Local density blur,local_density,2,3,1,0.5264120370370371,0.0875,0.8518518518518519,1.0,0.6666666666666667,0,0,6,149,218,16011,0.0387096774191051,0.026785714285594706,0.03166226864569309,0.9776000976561903,0.016085790884675374
1032,cnn_direct_vector_regression__distance_transform,CNN + Distance-to-stroke,distance_transform,3,3,0,0.45435984848484845,0.35564814814814816,0.9715909090909091,0.0,1.0,0,1,24,147,259,15954,0.1403508771921617,0.08480565370994769,0.10572687177665976,0.9752197265624405,0.05581395348824229
1032,cnn_direct_vector_regression__local_density,CNN + Local density blur,local_density,3,4,1,0.35025981647460525,0.1899713093375065,0.9488636363636364,0.0,0.75,0,2,14,150,269,15951,0.08536585365801606,0.04946996466413615,0.06263982056423885,0.9744262695311905,0.03233256351031794
1033,cnn_direct_vector_regression__distance_transform,CNN + Distance-to-stroke,distance_transform,4,4,0,0.5262436868686868,0.0010802469135802418,0.8787878787878788,1.0,1.0,0,0,16,142,413,15813,0.10126582278416921,0.03729603729595036,0.054514480015242235,0.966125488281191,0.028021015761772294
1033,cnn_direct_vector_regression__local_density,CNN + Local density blur,local_density,4,4,0,0.5776866883116883,0.0875,0.9415584415584416,1.0,1.0,0,0,13,123,416,15832,0.0955882352934148,0.030303030302959666,0.046017698749346074,0.9671020507811909,0.023550724637638496
1034,cnn_direct_vector_regression__distance_transform,CNN + Distance-to-stroke,distance_transform,3,3,0,0.24793123543123544,0.012237762237762228,0.7121212121212122,0.0,1.0,0,1,17,78,348,15941,0.17894736841916897,0.04657534246562582,0.07391304315019848,0.9739990234374405,0.038374717832870484
1034,cnn_direct_vector_regression__local_density,CNN + Local density blur,local_density,3,4,1,0.6073296347190744,0.40000900738605666,0.5116279069767442,1.0,0.75,0,0,23,229,342,15790,0.0912698412694791,0.06301369862996435,0.07455429449221807,0.965148925781191,0.038720538720473534
1035,cnn_direct_vector_regression__distance_transform,CNN + Distance-to-stroke,distance_transform,1,1,0,0.4884615384615385,0.0,0.6923076923076923,1.0,1.0,0,0,0,27,126,16231,0.0,0.0,0.0,0.9906616210936895,0.0
1035,cnn_direct_vector_regression__local_density,CNN + Local density blur,local_density,1,1,0,0.6947307692307693,0.39,0.8461538461538461,1.0,1.0,0,0,17,17,109,16241,0.49999999998529415,0.13492063491956413,0.21249999966265629,0.9923095703124394,0.11888111888028756
1036,cnn_direct_vector_regression__distance_transform,CNN + Distance-to-stroke,distance_transform,2,2,0,0.5409090909090909,0.0,0.9545454545454546,1.0,1.0,0,0,0,64,207,16113,0.0,0.0,0.0,0.9834594726561899,0.0
1036,cnn_direct_vector_regression__local_density,CNN + Local density blur,local_density,2,2,0,0.5932552473763119,0.13477011494252872,0.9130434782608696,1.0,1.0,0,0,0,69,207,16108,0.0,0.0,0.0,0.9831542968749399,0.0
1037,cnn_direct_vector_regression__distance_transform,CNN + Distance-to-stroke,distance_transform,2,3,1,0.542695374800638,0.14848484848484847,0.7960526315789473,1.0,0.6666666666666667,0,0,33,113,344,15894,0.22602739725872587,0.08753315649844155,0.1261950282777475,0.9721069335936906,0.06734693877537276
1037,cnn_direct_vector_regression__local_density,CNN + Local density blur,local_density,2,2,0,0.38279132231404955,0.195,0.9752066115702479,0.0,1.0,0,1,0,114,377,15893,0.0,0.0,0.0,0.9700317382811907,0.0
1038,cnn_direct_vector_regression__distance_transform,CNN + Distance-to-stroke,distance_transform,5,5,0,0.3417448453608247,0.20425925925925928,0.7491408934707904,0.0,1.0,1,0,18,184,618,15564,0.08910891089064799,0.02830188679240833,0.04295942684164479,0.9510498046874419,0.021951219512168354
1038,cnn_direct_vector_regression__local_density,CNN + Local density blur,local_density,5,5,0,0.40514209621993125,0.23670370370370372,0.993127147766323,0.0,1.0,1,0,38,239,598,15509,0.13718411552297047,0.05974842767286203,0.08324205872279798,0.948913574218692,0.043428571428521794
1039,cnn_direct_vector_regression__distance_transform,CNN + Distance-to-stroke,distance_transform,5,4,1,0.6136337280764961,0.19382482671707624,0.9820627802690582,1.0,0.8,0,0,3,214,555,15612,0.01382488479256302,0.00537634408601187,0.007741935080651009,0.9530639648436918,0.0038860103626892667
1039,cnn_direct_vector_regression__local_density,CNN + Local density blur,local_density,5,4,1,0.541754049861402,0.07195967233774417,0.8968609865470852,1.0,0.8,0,0,26,153,532,15673,0.14525139664723324,0.046594982078769547,0.070556308994313,0.9581909179686915,0.036568213783352226
1040,cnn_direct_vector_regression__distance_transform,CNN + Distance-to-stroke,distance_transform,3,3,0,0.5273049645390071,0.0,0.8865248226950355,1.0,1.0,0,0,3,117,197,16067,0.024999999999791665,0.014999999999925,0.018749999531132825,0.9808349609374402,0.009463722397446486
1040,cnn_direct_vector_regression__local_density,CNN + Local density blur,local_density,3,3,0,0.6534767206477733,0.28272604588394057,0.88125,1.0,1.0,0,0,0,142,200,16042,0.0,0.0,0.0,0.9791259765624402,0.0
1041,cnn_direct_vector_regression__distance_transform,CNN + Distance-to-stroke,distance_transform,1,1,0,0.6440185185185185,0.39,0.5925925925925926,1.0,1.0,0,0,0,33,55,16296,0.0,0.0,0.0,0.9946289062499393,0.0
1041,cnn_direct_vector_regression__local_density,CNN + Local density blur,local_density,1,1,0,0.5686111111111111,0.0907407407407407,0.8888888888888888,1.0,1.0,0,0,0,48,55,16281,0.0,0.0,0.0,0.9937133789061893,0.0
1042,cnn_direct_vector_regression__distance_transform,CNN + Distance-to-stroke,distance_transform,3,3,0,0.5097522522522523,0.09074074074074075,0.5945945945945945,1.0,1.0,0,0,1,44,110,16229,0.022222222221728396,0.009009009008927846,0.01282051240984551,0.9906005859374395,0.0064516129031841835
1042,cnn_direct_vector_regression__local_density,CNN + Local density blur,local_density,3,3,0,0.46081081081081077,0.0,0.5540540540540541,1.0,1.0,0,0,0,41,111,16232,0.0,0.0,0.0,0.9907226562499395,0.0
1043,cnn_direct_vector_regression__distance_transform,CNN + Distance-to-stroke,distance_transform,3,3,0,0.24659090909090908,0.0,0.7329545454545454,0.0,1.0,1,0,5,112,185,16082,0.04273504273467748,0.02631578947354571,0.03257328943033879,0.98187255859369,0.016556291390673654
1043,cnn_direct_vector_regression__local_density,CNN + Local density blur,local_density,3,3,0,0.23522727272727273,0.0,0.6761363636363636,0.0,1.0,1,1,3,100,187,16094,0.02912621359195023,0.015789473684127423,0.020477815243602145,0.98248291015619,0.010344827586171225
1044,cnn_direct_vector_regression__distance_transform,CNN + Distance-to-stroke,distance_transform,1,1,0,0.4558823529411765,0.0,0.5294117647058824,1.0,1.0,0,0,1,7,59,16317,0.124999999984375,0.01666666666638889,0.029411764497404846,0.9959716796874392,0.01492537313410559
1044,cnn_direct_vector_regression__local_density,CNN + Local density blur,local_density,1,1,0,0.6339705882352941,0.21274509803921565,0.9411764705882353,1.0,1.0,0,0,0,17,60,16307,0.0,0.0,0.0,0.9953002929686893,0.0
1045,cnn_direct_vector_regression__distance_transform,CNN + Distance-to-stroke,distance_transform,4,5,1,0.36779168628633707,0.1813570462973298,0.8642384105960265,0.13333333333333333,0.8,3,1,22,225,695,15442,0.08906882591057058,0.03068340306829751,0.04564315314572967,0.9438476562499424,0.02335456475581385
1045,cnn_direct_vector_regression__local_density,CNN + Local density blur,local_density,4,5,1,0.29593706948614534,0.11341423829886597,0.8245033112582781,0.0,0.8,3,1,46,186,671,15481,0.19827586206811088,0.06415620641553116,0.09694415136906132,0.9476928710936922,0.05094130675520383
1046,cnn_direct_vector_regression__distance_transform,CNN + Distance-to-stroke,distance_transform,3,3,0,0.2936218487394958,0.08666666666666667,0.773109243697479,0.0,1.0,1,1,7,77,258,16042,0.08333333333234126,0.026415094339522962,0.04011461281477163,0.9795532226561902,0.020467836257250096
1046,cnn_direct_vector_regression__local_density,CNN + Local density blur,local_density,3,3,0,0.3131218487394958,0.13,0.773109243697479,0.0,1.0,1,1,3,78,262,16041,0.03703703703657979,0.011320754716938412,0.017341040103728833,0.9792480468749402,0.008746355685105695
1047,cnn_direct_vector_regression__distance_transform,CNN + Distance-to-stroke,distance_transform,5,5,0,0.5261897435897436,0.1408205128205128,0.5641025641025641,1.0,1.0,0,0,0,126,449,15809,0.0,0.0,0.0,0.964904785156191,0.0
1047,cnn_direct_vector_regression__local_density,CNN + Local density blur,local_density,5,5,0,0.6060218745472983,0.132090395480226,0.9829059829059829,1.0,1.0,0,0,7,212,442,15723,0.031963470319488756,0.015590200445399577,0.020958083391547755,0.9600830078124414,0.01059001512857702
1048,cnn_direct_vector_regression__distance_transform,CNN + Distance-to-stroke,distance_transform,2,2,0,0.5463214285714286,0.195,0.5428571428571429,1.0,1.0,0,0,0,61,141,16182,0.0,0.0,0.0,0.9876708984374397,0.0
1048,cnn_direct_vector_regression__local_density,CNN + Local density blur,local_density,2,2,0,0.5360524764150943,0.09479166666666666,0.7169811320754718,1.0,1.0,0,0,0,49,141,16194,0.0,0.0,0.0,0.9884033203124396,0.0
1049,cnn_direct_vector_regression__distance_transform,CNN + Distance-to-stroke,distance_transform,5,5,0,0.38504033613445376,0.2191372549019608,0.9321428571428572,0.0,1.0,1,3,13,257,442,15672,0.048148148147969826,0.028571428571365777,0.0358620684979748,0.9573364257811915,0.01825842696626649
1049,cnn_direct_vector_regression__local_density,CNN + Local density blur,local_density,5,5,0,0.39505811073738384,0.28446289401836683,0.8352490421455938,0.0,1.0,1,0,25,195,430,15734,0.11363636363584712,0.05494505494493419,0.07407407363445817,0.9618530273436913,0.03846153846147929
1050,cnn_direct_vector_regression__distance_transform,CNN + Distance-to-stroke,distance_transform,2,2,0,0.538235294117647,0.0,0.9411764705882353,1.0,1.0,0,0,18,72,264,16030,0.19999999999777776,0.06382978723381622,0.09677419318106138,0.9794921874999402,0.050847457626975005
1050,cnn_direct_vector_regression__local_density,CNN + Local density blur,local_density,2,2,0,0.5433282342657343,0.13124999999999998,0.6713286713286714,1.0,1.0,0,0,19,93,263,16009,0.16964285714134247,0.06737588652458378,0.09644670010020873,0.9782714843749403,0.05066666666653156
1051,cnn_direct_vector_regression__distance_transform,CNN + Distance-to-stroke,distance_transform,1,1,0,0.5953787878787878,0.13787878787878785,0.9166666666666666,1.0,1.0,0,0,0,23,40,16321,0.0,0.0,0.0,0.9961547851561892,0.0
1051,cnn_direct_vector_regression__local_density,CNN + Local density blur,local_density,1,1,0,0.5136363636363637,0.0,0.8181818181818181,1.0,1.0,0,0,2,16,38,16328,0.11111111110493826,0.04999999999875,0.06896551681093938,0.9967041015624392,0.03571428571364796
1052,cnn_direct_vector_regression__distance_transform,CNN + Distance-to-stroke,distance_transform,3,3,0,0.6723774142688215,0.35857881136950903,0.8050847457627118,1.0,1.0,0,0,0,118,188,16078,0.0,0.0,0.0,0.98132324218744,0.0
1052,cnn_direct_vector_regression__local_density,CNN + Local density blur,local_density,3,3,0,0.6415902043692742,0.22575600970949813,0.95,1.0,1.0,0,0,0,102,188,16094,0.0,0.0,0.0,0.98229980468744,0.0
1053,cnn_direct_vector_regression__distance_transform,CNN + Distance-to-stroke,distance_transform,2,2,0,0.5329545454545455,0.12878787878787878,0.625,1.0,1.0,0,0,3,72,248,16061,0.039999999999466664,0.011952191235012143,0.018404907621080966,0.9804687499999402,0.009287925696565672
1053,cnn_direct_vector_regression__local_density,CNN + Local density blur,local_density,2,2,0,0.4411764705882353,0.0,0.4558823529411765,1.0,1.0,0,0,4,54,247,16079,0.06896551724019026,0.01593625498001619,0.025889967332432633,0.98162841796869,0.013114754098317657
1054,cnn_direct_vector_regression__distance_transform,CNN + Distance-to-stroke,distance_transform,2,2,0,0.5419239130434782,0.12427536231884058,0.6799999999999999,1.0,1.0,0,0,0,51,239,16094,0.0,0.0,0.0,0.98229980468744,0.0
1054,cnn_direct_vector_regression__local_density,CNN + Local density blur,local_density,2,2,0,0.4646666666666667,0.0,0.5733333333333333,1.0,1.0,0,0,6,34,233,16111,0.14999999999625002,0.025104602510355213,0.04301075244223482,0.9837036132811899,0.021978021977941475
1055,cnn_direct_vector_regression__distance_transform,CNN + Distance-to-stroke,distance_transform,1,1,0,0.611,0.26,0.72,1.0,1.0,0,0,18,37,58,16271,0.32727272726677686,0.23684210526004154,0.2748091598139969,0.9942016601561893,0.1592920353968204
1055,cnn_direct_vector_regression__local_density,CNN + Local density blur,local_density,1,2,1,0.17096774193548386,0.0,0.6048387096774194,0.0,0.5,0,1,3,117,73,16191,0.024999999999791665,0.039473684210006924,0.03061224442284466,0.9884033203124396,0.015544041450696664
1056,cnn_direct_vector_regression__distance_transform,CNN + Distance-to-stroke,distance_transform,2,2,0,0.7687253313696613,0.628095238095238,0.6804123711340206,1.0,1.0,0,0,31,30,129,16194,0.5081967213031443,0.19374999999878909,0.2805429860231363,0.9902954101561895,0.16315789473598338
1056,cnn_direct_vector_regression__local_density,CNN + Local density blur,local_density,2,2,0,0.5351242236024845,0.03650793650793651,0.8434782608695652,1.0,1.0,0,0,19,97,141,16127,0.16379310344686385,0.11874999999925782,0.1376811589319996,0.9854736328124398,0.0739299610892065
1057,cnn_direct_vector_regression__distance_transform,CNN + Distance-to-stroke,distance_transform,4,5,1,0.4900124152373355,0.5753899082568807,0.7554347826086957,0.0,0.8,1,0,64,303,509,15508,0.17438692098045128,0.11169284467694295,0.13617021228968085,0.9504394531249419,0.07305936073051021
1057,cnn_direct_vector_regression__local_density,CNN + Local density blur,local_density,4,5,1,0.3670305810397554,0.26,0.8501529051987767,0.0,0.8,1,1,79,238,494,15573,0.24921135646609083,0.13787085514810146,0.17752808942861004,0.9553222656249417,0.097410604192235
1058,cnn_direct_vector_regression__distance_transform,CNN + Distance-to-stroke,distance_transform,2,3,1,0.6047163271080928,0.2482974910394265,0.881578947368421,1.0,0.6666666666666667,0,0,29,107,392,15856,0.21323529411607917,0.0688836104511428,0.10412926354435308,0.9695434570311908,0.0549242424241384
1058,cnn_direct_vector_regression__local_density,CNN + Local density blur,local_density,2,2,0,0.49175012036591237,0.0032258064516128893,0.7014925373134329,1.0,1.0,0,0,12,75,409,15888,0.1379310344811732,0.028503562945300466,0.04724409420414316,0.9704589843749407,0.024193548387047997
1059,cnn_direct_vector_regression__distance_transform,CNN + Distance-to-stroke,distance_transform,3,3,0,0.2936708860759494,0.0,0.9683544303797469,0.0,1.0,0,1,12,132,351,15889,0.08333333333275464,0.033057851239578356,0.047337277699613704,0.9705200195311907,0.024242424242375268
1059,cnn_direct_vector_regression__local_density,CNN + Local density blur,local_density,3,3,0,0.4588888888888889,0.3777777777777778,0.9444444444444444,0.0,1.0,0,1,12,145,351,15876,0.07643312101862144,0.033057851239578356,0.046153845732137586,0.9697265624999408,0.023622047244047987
1060,cnn_direct_vector_regression__distance_transform,CNN + Distance-to-stroke,distance_transform,4,4,0,0.3090064427087582,0.14495031303431163,0.7188940092165899,0.0,1.0,0,1,5,182,241,15956,0.02673796791429552,0.0203252032519499,0.023094687730885553,0.9741821289061905,0.011682242990626911
1060,cnn_direct_vector_regression__local_density,CNN + Local density blur,local_density,4,4,0,0.2769827072152654,0.09414960577751276,0.6730769230769231,0.0,1.0,0,1,9,84,237,16054,0.09677419354734651,0.03658536585350982,0.05309734473427833,0.9804077148436902,0.02727272727264463
1061,cnn_direct_vector_regression__distance_transform,CNN + Distance-to-stroke,distance_transform,3,3,0,0.5250331564986738,0.07478632478632478,0.7068965517241379,1.0,1.0,0,0,0,40,138,16206,0.0,0.0,0.0,0.9891357421874396,0.0
1061,cnn_direct_vector_regression__local_density,CNN + Local density blur,local_density,3,3,0,0.5067567567567568,0.0,0.7837837837837838,1.0,1.0,0,0,3,71,135,16175,0.040540540539992696,0.02173913043462508,0.02830188633775366,0.9874267578124397,0.014354066985577254
1062,cnn_direct_vector_regression__distance_transform,CNN + Distance-to-stroke,distance_transform,2,2,0,0.5,0.0,0.75,1.0,1.0,0,0,0,79,115,16190,0.0,0.0,0.0,0.9881591796874397,0.0
1062,cnn_direct_vector_regression__local_density,CNN + Local density blur,local_density,2,2,0,0.6665202702702703,0.325,0.8513513513513513,1.0,1.0,0,0,2,71,113,16198,0.027397260273597297,0.017391304347674857,0.021276595269409244,0.9887695312499396,0.010752688171985202
1063,cnn_direct_vector_regression__distance_transform,CNN + Distance-to-stroke,distance_transform,1,1,0,0.4119047619047619,0.0,0.30952380952380953,1.0,1.0,0,0,0,11,43,16330,0.0,0.0,0.0,0.9967041015624392,0.0
1063,cnn_direct_vector_regression__local_density,CNN + Local density blur,local_density,1,1,0,0.5023809523809524,0.0,0.7619047619047619,1.0,1.0,0,0,2,28,41,16313,0.06666666666444444,0.04651162790589508,0.05479452006230063,0.9957885742186892,0.028169014084110294
1064,cnn_direct_vector_regression__distance_transform,CNN + Distance-to-stroke,distance_transform,4,4,0,0.3215075757575758,0.10166666666666666,0.8787878787878788,0.0,1.0,1,0,21,95,250,16018,0.18103448275706005,0.07749077490746313,0.10852713136259172,0.9789428710936903,0.0573770491801711
1064,cnn_direct_vector_regression__local_density,CNN + Local density blur,local_density,4,4,0,0.3204464285714286,0.07083333333333333,0.9428571428571428,0.0,1.0,1,1,18,104,253,16009,0.147540983605348,0.06642066420639697,0.09160305300651995,0.9782104492186903,0.047999999999872
1065,cnn_direct_vector_regression__distance_transform,CNN + Distance-to-stroke,distance_transform,3,3,0,0.3243018065467569,0.09949832775919731,0.8976377952755905,0.0,1.0,0,1,3,100,339,15942,0.02912621359195023,0.008771929824535755,0.013483145711581879,0.9732055664061906,0.006787330316726726
1065,cnn_direct_vector_regression__local_density,CNN + Local density blur,local_density,3,3,0,0.426136700624002,0.3186730837208037,0.9136690647482014,0.0,1.0,0,1,4,125,338,15917,0.03100775193774413,0.011695906432714339,0.01698513760642984,0.9717407226561907,0.008565310492487013
1066,cnn_direct_vector_regression__distance_transform,CNN + Distance-to-stroke,distance_transform,1,1,0,0.645,0.23333333333333334,0.95,1.0,1.0,0,0,32,7,93,16252,0.8205128204917818,0.255999999997952,0.39024390207175785,0.9938964843749393,0.2424242424224059
1066,cnn_direct_vector_regression__local_density,CNN + Local density blur,local_density,1,1,0,0.5825,0.11666666666666667,0.9,1.0,1.0,0,0,10,25,115,16234,0.28571428570612245,0.07999999999936,0.1249999996566406,0.9914550781249395,0.06666666666622223
1067,cnn_direct_vector_regression__distance_transform,CNN + Distance-to-stroke,distance_transform,3,4,1,0.5811958448753463,0.1533240997229917,0.9359999999999999,1.0,0.75,0,0,3,121,197,16063,0.024193548386901666,0.014999999999925,0.018518518045915273,0.9805908203124402,0.00934579439249425
1067,cnn_direct_vector_regression__local_density,CNN + Local density blur,local_density,3,3,0,0.24017094017094018,0.0,0.7008547008547008,0.0,1.0,0,1,1,73,199,16111,0.013513513513330898,0.004999999999975,0.0072992696786722995,0.9833984374999399,0.0036630036629902453
1068,cnn_direct_vector_regression__distance_transform,CNN + Distance-to-stroke,distance_transform,4,4,0,0.6022448013040796,0.16650047483380817,0.8865979381443299,1.0,1.0,0,0,1,78,125,16180,0.012658227847941034,0.007936507936444948,0.009756097087162427,0.9876098632811897,0.004901960784289697
1068,cnn_direct_vector_regression__local_density,CNN + Local density blur,local_density,4,4,0,0.5260280641466208,0.04753086419753086,0.7731958762886598,1.0,1.0,0,0,0,73,126,16185,0.0,0.0,0.0,0.9878540039061897,0.0
1069,cnn_direct_vector_regression__distance_transform,CNN + Distance-to-stroke,distance_transform,4,4,0,0.26745636261261263,0.12187500000000001,0.5630630630630631,0.0,1.0,1,0,25,101,611,15647,0.19841269841112372,0.039308176100567124,0.06561679762406569,0.9565429687499416,0.03392130257797297
1069,cnn_direct_vector_regression__local_density,CNN + Local density blur,local_density,4,4,0,0.5100326576576576,0.22749999999999998,0.7882882882882882,0.6,1.0,1,1,16,137,620,15611,0.10457516339800932,0.025157232704362962,0.040557667621365395,0.9537963867186917,0.020698576972806342
1070,cnn_direct_vector_regression__distance_transform,CNN + Distance-to-stroke,distance_transform,4,5,1,0.43260490174174765,0.35340134345109464,0.9678714859437751,0.0,0.8,1,2,22,206,761,15395,0.09649122806975223,0.028097062579785316,0.04352126572378808,0.9409790039061925,0.02224469160766204
1070,cnn_direct_vector_regression__local_density,CNN + Local density blur,local_density,4,5,1,0.3217745638200184,0.09466891133557799,0.9958677685950413,0.0,0.8,1,2,34,178,749,15423,0.16037735848980955,0.04342273307785004,0.06834170820723921,0.9434204101561924,0.03537981269507245
1071,cnn_direct_vector_regression__distance_transform,CNN + Distance-to-stroke,distance_transform,3,2,1,0.40826923076923083,0.026923076923076918,0.39743589743589747,1.0,0.6666666666666667,0,0,6,45,213,16120,0.11764705882122262,0.027397260273847503,0.04444444413769548,0.9842529296874399,0.02272727272718664
1071,cnn_direct_vector_regression__local_density,CNN + Local density blur,local_density,3,3,0,0.6538461538461539,0.3333333333333333,0.7692307692307692,1.0,1.0,0,0,7,112,212,16053,0.05882352941127039,0.031963470319488756,0.04142011788671616,0.9802246093749402,0.021148036253712546
1072,cnn_direct_vector_regression__distance_transform,CNN + Distance-to-stroke,distance_transform,3,3,0,0.5402580275229358,0.06805555555555555,0.7981651376146789,1.0,1.0,0,0,3,85,109,16187,0.03409090909052169,0.02678571428547513,0.029999999506900004,0.9881591796874397,0.015228426395861786
1072,cnn_direct_vector_regression__local_density,CNN + Local density blur,local_density,3,3,0,0.6527364955710219,0.28538793103448273,0.8715596330275229,1.0,1.0,0,0,4,92,108,16180,0.04166666666623264,0.035714285713966835,0.038461537964127226,0.9877929687499397,0.019607843137158788
1073,cnn_direct_vector_regression__distance_transform,CNN + Distance-to-stroke,distance_transform,5,5,0,0.576032905982906,0.14427065527065525,0.8055555555555556,1.0,1.0,0,0,10,149,529,15696,0.06289308176061074,0.01855287569569842,0.028653294777050274,0.9586181640624415,0.014534883720909107
1073,cnn_direct_vector_regression__local_density,CNN + Local density blur,local_density,5,5,0,0.48165205151067203,0.40774869754665144,0.9908256880733946,0.0,1.0,0,1,22,169,517,15676,0.11518324607269538,0.04081632653053652,0.06027397221620192,0.9581298828124415,0.03107344632763973
1074,cnn_direct_vector_regression__distance_transform,CNN + Distance-to-stroke,distance_transform,2,2,0,0.6685194304102722,0.3051618871415356,0.905982905982906,1.0,1.0,0,0,2,101,363,15918,0.01941747572796682,0.005479452054779508,0.008547008203676324,0.9716796874999407,0.004291845493553022
1074,cnn_direct_vector_regression__local_density,CNN + Local density blur,local_density,2,2,0,0.572602564102564,0.13,0.8205128205128205,1.0,1.0,0,0,3,87,362,15932,0.03333333333296296,0.008219178082169263,0.013186812869402254,0.9725952148436906,0.006637168141578237
1075,cnn_direct_vector_regression__distance_transform,CNN + Distance-to-stroke,distance_transform,1,1,0,0.5166666666666667,0.0,0.8333333333333334,1.0,1.0,0,0,9,38,116,16221,0.19148936169805345,0.071999999999424,0.10465116239230665,0.9906005859374395,0.05521472392604163
1075,cnn_direct_vector_regression__local_density,CNN + Local density blur,local_density,1,1,0,0.6147965116279069,0.175,0.9302325581395349,1.0,1.0,0,0,4,32,121,16227,0.1111111111080247,0.031999999999744,0.04968944064596273,0.9906616210936895,0.02547770700620715
1076,cnn_direct_vector_regression__distance_transform,CNN + Distance-to-stroke,distance_transform,3,3,0,0.3254884667571235,0.11724709784411275,0.8636363636363636,0.0,1.0,0,1,1,126,154,16103,0.007874015747969495,0.0064516129031841835,0.007092198086439349,0.9829101562499399,0.0035587188611973
1076,cnn_direct_vector_regression__local_density,CNN + Local density blur,local_density,3,3,0,0.5789374847076095,0.09344941956882254,0.9344262295081968,1.0,1.0,0,0,3,109,152,16120,0.02678571428547513,0.01935483870955255,0.022471909625159575,0.9840698242186899,0.01136363636359332
1077,cnn_direct_vector_regression__distance_transform,CNN + Distance-to-stroke,distance_transform,2,2,0,0.544074074074074,0.0,0.9703703703703703,1.0,1.0,0,0,0,131,126,16127,0.0,0.0,0.0,0.9843139648436899,0.0
1077,cnn_direct_vector_regression__local_density,CNN + Local density blur,local_density,2,2,0,0.5408396946564885,0.0,0.9541984732824428,1.0,1.0,0,0,4,120,122,16138,0.032258064515868885,0.03174603174577979,0.031999999499776,0.9852294921874398,0.016260162601559918
1078,cnn_direct_vector_regression__distance_transform,CNN + Distance-to-stroke,distance_transform,4,5,1,0.3769411764705883,0.23111111111111113,0.9647058823529412,0.0,0.8,1,1,15,143,209,16017,0.09493670886015863,0.06696428571398677,0.07853403092812697,0.9785156249999403,0.04087193460479326
1078,cnn_direct_vector_regression__local_density,CNN + Local density blur,local_density,4,4,0,0.30561565696302123,0.13172043010752688,0.7317073170731707,0.0,1.0,1,0,4,103,220,16057,0.03738317756974408,0.01785714285706314,0.024169183852356228,0.9802856445311902,0.012232415902103265
1079,cnn_direct_vector_regression__distance_transform,CNN + Distance-to-stroke,distance_transform,2,2,0,0.6880244755244755,0.3409090909090909,0.9230769230769231,1.0,1.0,0,0,41,68,324,15951,0.3761467889873748,0.11232876712297993,0.17299578023583292,0.9760742187499404,0.09468822170878825
1079,cnn_direct_vector_regression__local_density,CNN + Local density blur,local_density,2,2,0,0.42008547008547004,0.0,0.3504273504273504,1.0,1.0,0,0,3,36,362,15983,0.07692307692110455,0.008219178082169263,0.014851484974009904,0.9757080078124404,0.007481296758086082
1080,cnn_direct_vector_regression__distance_transform,CNN + Distance-to-stroke,distance_transform,2,2,0,0.6955275974025974,0.32916666666666666,0.987012987012987,1.0,1.0,0,0,10,63,235,16076,0.13698630136798648,0.04081632653044565,0.06289308140688661,0.98181152343744,0.032467532467427056
1080,cnn_direct_vector_regression__local_density,CNN + Local density blur,local_density,2,2,0,0.5396103896103897,0.0,0.948051948051948,1.0,1.0,0,0,0,74,245,16065,0.0,0.0,0.0,0.9805297851561902,0.0
1081,cnn_direct_vector_regression__distance_transform,CNN + Distance-to-stroke,distance_transform,2,2,0,0.41666666666666663,0.0,0.33333333333333337,1.0,1.0,0,0,4,27,304,16049,0.1290322580603538,0.012987012986970822,0.0235988198926915,0.9797973632811902,0.011940298507427045
1081,cnn_direct_vector_regression__local_density,CNN + Local density blur,local_density,2,2,0,0.49056115591397853,0.10208333333333333,0.4731182795698925,1.0,1.0,0,0,0,42,308,16034,0.0,0.0,0.0,0.9786376953124403,0.0
1082,cnn_direct_vector_regression__distance_transform,CNN + Distance-to-stroke,distance_transform,4,4,0,0.5819287678229873,0.09599194101508915,0.9436619718309859,1.0,1.0,0,0,6,130,300,15948,0.04411764705849914,0.019607843137190824,0.027149320840809985,0.9737548828124405,0.013761467889876694
1082,cnn_direct_vector_regression__local_density,CNN + Local density blur,local_density,4,4,0,0.6320609567901234,0.2060613854595336,0.9466666666666667,1.0,1.0,0,0,14,120,292,15958,0.10447761193951884,0.04575163398677859,0.06363636321247934,0.9748535156249405,0.03286384976518107
1083,cnn_direct_vector_regression__distance_transform,CNN + Distance-to-stroke,distance_transform,2,2,0,0.5812408424908425,0.12314814814814815,0.8791208791208791,1.0,1.0,0,0,12,64,275,16033,0.1578947368400277,0.041811846689749785,0.06611570214791035,0.9793090820311902,0.03418803418793679
1083,cnn_direct_vector_regression__local_density,CNN + Local density blur,local_density,2,2,0,0.5972813531353135,0.14907407407407405,0.900990099009901,1.0,1.0,0,0,6,76,281,16021,0.07317073170642474,0.020905923344874892,0.03252032485739676,0.9782104492186903,0.016528925619789178
1084,cnn_direct_vector_regression__distance_transform,CNN + Distance-to-stroke,distance_transform,4,4,0,0.3291910879164994,0.07115839243498817,0.9858490566037735,0.0,1.0,0,1,16,183,508,15677,0.08040201004984723,0.030534351144979897,0.044260027263427135,0.9578247070311915,0.022630834511990622
1084,cnn_direct_vector_regression__local_density,CNN + Local density blur,local_density,4,5,1,0.32857446808510643,0.1968321513002364,0.8,0.0,0.8,0,1,7,238,517,15622,0.028571428571311955,0.013358778625928705,0.018205461204259338,0.9539184570311917,0.00918635170602469
1085,cnn_direct_vector_regression__distance_transform,CNN + Distance-to-stroke,distance_transform,1,1,0,0.5,0.0,0.75,1.0,1.0,0,0,1,20,45,16318,0.04761904761678005,0.02173913043431002,0.02985074583738027,0.9960327148436892,0.015151515151285582
1085,cnn_direct_vector_regression__local_density,CNN + Local density blur,local_density,1,1,0,0.5289285714285714,0.016666666666666646,0.8571428571428572,1.0,1.0,0,0,0,16,46,16322,0.0,0.0,0.0,0.9962158203124392,0.0
1086,cnn_direct_vector_regression__distance_transform,CNN + Distance-to-stroke,distance_transform,2,2,0,0.6439201680672269,0.2871428571428571,0.8235294117647058,1.0,1.0,0,0,0,65,141,16178,0.0,0.0,0.0,0.9874267578124397,0.0
1086,cnn_direct_vector_regression__local_density,CNN + Local density blur,local_density,2,2,0,0.5966233570351217,0.22896358543417367,0.717948717948718,1.0,1.0,0,0,0,72,141,16171,0.0,0.0,0.0,0.9869995117186897,0.0
1087,cnn_direct_vector_regression__distance_transform,CNN + Distance-to-stroke,distance_transform,3,3,0,0.6285714285714286,0.23809523809523808,0.8571428571428572,1.0,1.0,0,0,0,64,112,16208,0.0,0.0,0.0,0.9892578124999396,0.0
1087,cnn_direct_vector_regression__local_density,CNN + Local density blur,local_density,3,3,0,0.5318181818181819,0.0,0.9090909090909091,1.0,1.0,0,0,0,68,112,16204,0.0,0.0,0.0,0.9890136718749396,0.0
1088,cnn_direct_vector_regression__distance_transform,CNN + Distance-to-stroke,distance_transform,1,1,0,0.7075,0.35,1.0,1.0,1.0,0,0,9,10,10,16355,0.47368421050138504,0.47368421050138504,0.47368421000138505,0.998779296874939,0.31034482757550536
1088,cnn_direct_vector_regression__local_density,CNN + Local density blur,local_density,1,1,0,0.47,0.0,0.6,1.0,1.0,0,0,0,28,19,16337,0.0,0.0,0.0,0.9971313476561892,0.0
1089,cnn_direct_vector_regression__distance_transform,CNN + Distance-to-stroke,distance_transform,3,4,1,0.2165584415584416,0.0,0.7077922077922079,0.0,0.75,1,0,3,97,195,16089,0.0299999999997,0.01515151515143863,0.020134227741858485,0.98217773437494,0.010169491525389256
1089,cnn_direct_vector_regression__local_density,CNN + Local density blur,local_density,3,4,1,0.2729021784666946,0.07903225806451612,0.8116883116883117,0.0,0.75,1,1,4,106,194,16080,0.036363636363305786,0.020202020201918174,0.025974025514673652,0.98168945312494,0.013157894736798823
1090,cnn_direct_vector_regression__distance_transform,CNN + Distance-to-stroke,distance_transform,5,4,1,0.44474432773109246,0.36983333333333335,0.9915966386554622,0.0,0.8,0,1,9,211,541,15623,0.04090909090890496,0.01636363636360661,0.0233766229683994,0.9541015624999417,0.011826544021009426
1090,cnn_direct_vector_regression__local_density,CNN + Local density blur,local_density,5,5,0,0.3365173076923077,0.10603846153846153,0.944,0.0,1.0,0,2,16,187,534,15647,0.07881773398975953,0.0290909090908562,0.04249667955294538,0.9559936523436916,0.0217096336499027
1091,cnn_direct_vector_regression__distance_transform,CNN + Distance-to-stroke,distance_transform,5,5,0,0.5625440114390965,0.10266190576209479,0.8317307692307692,1.0,1.0,0,0,22,144,514,15704,0.13253012048112933,0.04104477611932641,0.06267806231678313,0.9598388671874414,0.03235294117642301
1091,cnn_direct_vector_regression__local_density,CNN + Local density blur,local_density,5,4,1,0.5479464882943144,0.127487922705314,0.8028846153846154,1.0,0.8,0,0,21,142,515,15706,0.12883435582743047,0.03917910447753885,0.06008583655207419,0.9598999023436914,0.030973451327387946
1092,cnn_direct_vector_regression__distance_transform,CNN + Distance-to-stroke,distance_transform,4,4,0,0.3047954481497116,0.04086151368760064,0.9320388349514563,0.0,1.0,0,1,40,155,600,15589,0.2051282051271532,0.06249999999990234,0.09580838287531285,0.9539184570311917,0.050314465408741745
1092,cnn_direct_vector_regression__local_density,CNN + Local density blur,local_density,4,4,0,0.6021848290598291,0.20624406457739788,0.796875,1.0,1.0,0,0,27,106,613,15638,0.20300751879546614,0.04218749999993408,0.06985769699822435,0.9561157226561916,0.03619302949056811
1093,cnn_direct_vector_regression__distance_transform,CNN + Distance-to-stroke,distance_transform,2,3,1,0.22620423892100194,0.0,0.7976878612716762,0.0,0.6666666666666667,1,1,21,97,503,15763,0.17796610169340707,0.04007633587778611,0.06542056044742384,0.9633789062499412,0.033816425120718495
1093,cnn_direct_vector_regression__local_density,CNN + Local density blur,local_density,2,4,2,0.2678224762726488,0.07937158469945356,0.9105263157894736,0.0,0.5,1,2,20,146,504,15714,0.12048192771011759,0.03816793893122487,0.057971014127183376,0.9603271484374414,0.029850746268612165
1094,cnn_direct_vector_regression__distance_transform,CNN + Distance-to-stroke,distance_transform,2,2,0,0.22916666666666666,0.0,0.6458333333333333,0.0,1.0,1,0,6,74,139,16165,0.0749999999990625,0.04137931034454222,0.05333333287458766,0.9869995117186897,0.027397260273847503
1094,cnn_direct_vector_regression__local_density,CNN + Local density blur,local_density,2,3,1,0.25833333333333336,0.0,0.9583333333333334,0.0,0.6666666666666667,1,1,5,113,140,16126,0.04237288135557311,0.034482758620451845,0.038022813193193485,0.9845581054686898,0.019379844961165196
1095,cnn_direct_vector_regression__distance_transform,CNN + Distance-to-stroke,distance_transform,4,3,1,0.5008901515151516,0.016792929292929294,0.8416666666666667,1.0,0.75,0,0,12,91,188,16093,0.11650485436780092,0.0599999999997,0.07920792034279864,0.9829711914061899,0.04123711340192015
1095,cnn_direct_vector_regression__local_density,CNN + Local density blur,local_density,4,3,1,0.5689583333333335,0.2606481481481482,0.6333333333333333,1.0,0.75,0,0,0,79,200,16105,0.0,0.0,0.0,0.9829711914061899,0.0
1096,cnn_direct_vector_regression__distance_transform,CNN + Distance-to-stroke,distance_transform,2,2,0,0.5472303921568628,0.325,0.2549019607843137,1.0,1.0,0,0,2,12,51,16319,0.14285714284693876,0.03773584905589178,0.05970149220494543,0.9961547851561892,0.030769230768757396
1096,cnn_direct_vector_regression__local_density,CNN + Local density blur,local_density,2,2,0,0.6531730769230769,0.325,0.7846153846153846,1.0,1.0,0,0,0,62,53,16269,0.0,0.0,0.0,0.9929809570311894,0.0
1097,cnn_direct_vector_regression__distance_transform,CNN + Distance-to-stroke,distance_transform,1,1,0,0.4928571428571429,0.0,0.7142857142857143,1.0,1.0,0,0,3,21,33,16327,0.12499999999479167,0.08333333333101853,0.09999999951666667,0.9967041015624392,0.052631578946445066
1097,cnn_direct_vector_regression__local_density,CNN + Local density blur,local_density,1,1,0,0.6588571428571428,0.27999999999999997,0.9142857142857143,1.0,1.0,0,0,0,33,36,16315,0.0,0.0,0.0,0.9957885742186892,0.0
1098,cnn_direct_vector_regression__distance_transform,CNN + Distance-to-stroke,distance_transform,1,1,0,0.51,0.0,0.8,1.0,1.0,0,0,0,29,76,16279,0.0,0.0,0.0,0.9935913085936894,0.0
1098,cnn_direct_vector_regression__local_density,CNN + Local density blur,local_density,1,1,0,0.4471428571428572,0.0,0.48571428571428577,1.0,1.0,0,0,2,13,74,16295,0.13333333332444444,0.026315789473337948,0.04395604367974882,0.9946899414061893,0.022471910112107057
1099,cnn_direct_vector_regression__distance_transform,CNN + Distance-to-stroke,distance_transform,2,2,0,0.5476882386580252,0.14786821705426353,0.6557377049180328,1.0,1.0,0,0,0,72,286,16026,0.0,0.0,0.0,0.9781494140624403,0.0
1099,cnn_direct_vector_regression__local_density,CNN + Local density blur,local_density,2,3,1,0.22857110912343473,0.012209302325581397,0.782051282051282,0.0,0.6666666666666667,0,1,14,125,272,15973,0.10071942445970707,0.0489510489508778,0.06588235250068375,0.9757690429686904,0.034063260340549725
1100,cnn_direct_vector_regression__distance_transform,CNN + Distance-to-stroke,distance_transform,4,5,1,0.4126058638485774,0.31095971372129927,0.9633699633699634,0.0,0.8,0,1,7,242,499,15636,0.028112449799083887,0.01383399209483432,0.018543045915501967,0.9547729492186917,0.009358288770040964
1100,cnn_direct_vector_regression__local_density,CNN + Local density blur,local_density,4,4,0,0.5321190099854484,0.15725266362252663,0.5567765567765568,1.0,1.0,0,0,11,126,495,15752,0.08029197080233365,0.021739130434739646,0.03421461863811982,0.9620971679686913,0.017405063291111703
1101,cnn_direct_vector_regression__distance_transform,CNN + Distance-to-stroke,distance_transform,5,5,0,0.6679591235492316,0.3180754416090151,0.8741258741258742,1.0,1.0,0,0,10,265,773,15336,0.036363636363504134,0.012771392081720599,0.018903591297656536,0.9366455078124428,0.009541984732815322
1101,cnn_direct_vector_regression__local_density,CNN + Local density blur,local_density,5,5,0,0.32491509607637337,0.09429632055901299,0.9124087591240876,0.0,1.0,0,2,25,241,758,15360,0.09398496240566172,0.031928480204301495,0.047664441947384645,0.9390258789061927,0.024414062499976158
1102,cnn_direct_vector_regression__distance_transform,CNN + Distance-to-stroke,distance_transform,1,1,0,0.518,0.0,0.84,1.0,1.0,0,0,0,25,22,16337,0.0,0.0,0.0,0.9971313476561892,0.0
1102,cnn_direct_vector_regression__local_density,CNN + Local density blur,local_density,1,1,0,0.5115384615384615,0.0,0.8076923076923077,1.0,1.0,0,0,0,22,22,16340,0.0,0.0,0.0,0.997314453124939,0.0
1103,cnn_direct_vector_regression__distance_transform,CNN + Distance-to-stroke,distance_transform,3,3,0,0.6337233009708737,0.27666666666666667,0.7961165048543689,1.0,1.0,0,0,3,77,325,15979,0.03749999999953125,0.00914634146338675,0.014705882037605736,0.9754638671874404,0.007407407407389118
1103,cnn_direct_vector_regression__local_density,CNN + Local density blur,local_density,3,4,1,0.49385245901639346,0.0,0.8442622950819672,1.0,0.75,0,0,12,102,316,15954,0.10526315789381348,0.036585365853547,0.054298642150897816,0.9744873046874405,0.027906976744121147
1104,cnn_direct_vector_regression__distance_transform,CNN + Distance-to-stroke,distance_transform,3,3,0,0.6368372549019607,0.25697167755991285,0.856,1.0,1.0,0,0,2,102,270,16010,0.019230769230584317,0.007352941176443556,0.010638297472102777,0.9772949218749403,0.005347593582873403
1104,cnn_direct_vector_regression__local_density,CNN + Local density blur,local_density,3,3,0,0.5324,0.0,0.912,1.0,1.0,0,0,1,105,271,16007,0.009433962264061943,0.003676470588221778,0.005291004887405199,0.9770507812499404,0.0026525198938921685
1105,cnn_direct_vector_regression__distance_transform,CNN + Distance-to-stroke,distance_transform,5,4,1,0.3525773967482446,0.2373747597431808,0.8287937743190661,0.0,0.8,1,1,18,194,412,15760,0.084905660376958,0.04186046511618172,0.056074765912617314,0.9630126953124412,0.028846153846107617
1105,cnn_direct_vector_regression__local_density,CNN + Local density blur,local_density,5,5,0,0.3503230448755741,0.14987481654148319,0.914396887159533,0.0,1.0,1,0,17,199,413,15755,0.07870370370333934,0.03953488372083829,0.05263157850207517,0.9626464843749413,0.02702702702698406
1106,cnn_direct_vector_regression__distance_transform,CNN + Distance-to-stroke,distance_transform,5,5,0,0.30887400530503983,0.05390804597701148,0.9230769230769231,0.0,1.0,0,1,12,192,405,15775,0.05882352941147636,0.028776978417197178,0.03864734255386747,0.9635620117186912,0.01970443349750459
1106,cnn_direct_vector_regression__local_density,CNN + Local density blur,local_density,5,5,0,0.5572973094170404,0.07800000000000001,0.8609865470852018,1.0,1.0,0,0,6,214,411,15753,0.027272727272603308,0.014388489208598589,0.018838304100352674,0.9618530273436913,0.009508716323281286
1107,cnn_direct_vector_regression__distance_transform,CNN + Distance-to-stroke,distance_transform,1,1,0,0.4884615384615385,0.0,0.6923076923076923,1.0,1.0,0,0,10,17,49,16308,0.37037037035665293,0.16949152542085608,0.23255813909870202,0.9959716796874392,0.13157894736668974
1107,cnn_direct_vector_regression__local_density,CNN + Local density blur,local_density,1,1,0,0.4277777777777778,0.0,0.38888888888888884,1.0,1.0,0,0,3,4,56,16321,0.4285714285102041,0.05084745762625682,0.09090909071671258,0.9963378906249392,0.04761904761829176
1108,cnn_direct_vector_regression__distance_transform,CNN + Distance-to-stroke,distance_transform,3,4,1,0.5585132288094072,0.23017094017094017,0.6496815286624205,1.0,0.75,0,0,25,132,300,15927,0.1592356687887947,0.07692307692284024,0.10373443939433723,0.9736328124999406,0.05470459518587592
1108,cnn_direct_vector_regression__local_density,CNN + Local density blur,local_density,3,4,1,0.48650423728813563,0.10277777777777777,0.576271186440678,1.0,0.75,0,0,16,160,309,15899,0.09090909090857438,0.049230769230617755,0.0638722550329919,0.9713745117186907,0.03298969072158146
1109,cnn_direct_vector_regression__distance_transform,CNN + Distance-to-stroke,distance_transform,2,2,0,0.5480582524271844,0.0,0.9902912621359223,1.0,1.0,0,0,15,88,308,15973,0.14563106795975114,0.046439628482828364,0.07042253484428795,0.9758300781249404,0.036496350364874704
1109,cnn_direct_vector_regression__local_density,CNN + Local density blur,local_density,2,3,1,0.5455125570776256,0.195,0.7054794520547945,1.0,0.6666666666666667,0,0,13,135,310,15926,0.08783783783724435,0.04024767801845125,0.055201698082590685,0.9728393554686906,0.02838427947592056
1110,cnn_direct_vector_regression__distance_transform,CNN + Distance-to-stroke,distance_transform,5,4,1,0.5697381672226856,0.11481060606060606,0.9403669724770642,1.0,0.8,0,0,32,165,439,15748,0.1624365482225257,0.06794055201684089,0.09580838281736975,0.9631347656249412,0.050314465408725924
1110,cnn_direct_vector_regression__local_density,CNN + Local density blur,local_density,5,5,0,0.5827521788990826,0.21141666666666667,0.6880733944954128,1.0,1.0,0,0,12,140,459,15773,0.07894736842053325,0.025477707006315336,0.03852327410929872,0.9634399414061912,0.01963993453351941
1111,cnn_direct_vector_regression__distance_transform,CNN + Distance-to-stroke,distance_transform,5,5,0,0.3497074915824916,0.13926767676767676,0.9351851851851852,0.0,1.0,1,3,17,175,416,15776,0.08854166666620551,0.03926096997681464,0.054399999574169605,0.9639282226561912,0.027960526315743486
1111,cnn_direct_vector_regression__local_density,CNN + Local density blur,local_density,5,5,0,0.3596466376089664,0.13863636363636364,0.9863013698630136,0.0,1.0,1,2,9,188,424,15763,0.04568527918758536,0.020785219399490105,0.028571428141501647,0.9626464843749413,0.014492753623165069
1112,cnn_direct_vector_regression__distance_transform,CNN + Distance-to-stroke,distance_transform,2,2,0,0.5901641949152543,0.15522598870056498,0.8515625,1.0,1.0,0,0,5,93,267,16019,0.05102040816274469,0.01838235294110889,0.02702702663745801,0.9780273437499403,0.013698630136948772
1112,cnn_direct_vector_regression__local_density,CNN + Local density blur,local_density,2,3,1,0.3155393406028999,0.15522598870056498,0.8951048951048951,0.0,0.6666666666666667,0,1,9,127,263,15985,0.06617647058774871,0.033088235293996,0.04411764661416283,0.9761962890624404,0.022556390977387077
1113,cnn_direct_vector_regression__distance_transform,CNN + Distance-to-stroke,distance_transform,5,4,1,0.26591577734659233,0.12241935483870968,0.6541353383458647,0.0,0.8,2,0,18,128,502,15736,0.12328767123203228,0.034615384615318046,0.05405405371156743,0.9615478515624413,0.02777777777773491
1113,cnn_direct_vector_regression__local_density,CNN + Local density blur,local_density,5,5,0,0.25177116177540626,0.05322580645161289,0.6390977443609023,0.0,1.0,2,0,23,141,497,15723,0.14024390243816925,0.04423076923068417,0.06725146162355083,0.9610595703124413,0.034795763993895924
1114,cnn_direct_vector_regression__distance_transform,CNN + Distance-to-stroke,distance_transform,3,3,0,0.4910958904109589,0.0,0.7054794520547945,1.0,1.0,0,0,13,86,216,16069,0.13131313131180491,0.05676855895171717,0.07926829226098676,0.98156738281244,0.041269841269710256
1114,cnn_direct_vector_regression__local_density,CNN + Local density blur,local_density,3,3,0,0.5425022831050228,0.10814814814814815,0.7191780821917808,1.0,1.0,0,0,14,84,215,16071,0.14285714285568513,0.06113537117877234,0.08562691089470585,0.98175048828119,0.04472843450464943
1115,cnn_direct_vector_regression__distance_transform,CNN + Distance-to-stroke,distance_transform,3,2,1,0.49036796536796534,0.22727272727272727,0.3571428571428571,1.0,0.6666666666666667,0,0,12,20,181,16171,0.3749999999882813,0.062176165802786655,0.1066666664217284,0.9877319335936897,0.05633802816874959
1115,cnn_direct_vector_regression__local_density,CNN + Local density blur,local_density,3,2,1,0.42380952380952386,0.0,0.5357142857142857,1.0,0.6666666666666667,0,0,0,47,193,16144,0.0,0.0,0.0,0.9853515624999398,0.0
1116,cnn_direct_vector_regression__distance_transform,CNN + Distance-to-stroke,distance_transform,3,3,0,0.5618076923076923,0.04333333333333333,0.9615384615384616,1.0,1.0,0,0,0,122,341,15921,0.0,0.0,0.0,0.9717407226561907,0.0
1116,cnn_direct_vector_regression__local_density,CNN + Local density blur,local_density,3,3,0,0.6213461538461539,0.21666666666666667,0.8692307692307693,1.0,1.0,0,0,0,110,341,15933,0.0,0.0,0.0,0.9724731445311906,0.0
1117,cnn_direct_vector_regression__distance_transform,CNN + Distance-to-stroke,distance_transform,2,2,0,0.5830357142857143,0.175,0.7714285714285715,1.0,1.0,0,0,4,67,52,16261,0.05633802816822059,0.07142857142729592,0.06299212549023497,0.9927368164061894,0.032520325202987636
1117,cnn_direct_vector_regression__local_density,CNN + Local density blur,local_density,2,2,0,0.5819355439642325,0.12196969696969698,0.8852459016393442,1.0,1.0,0,0,3,49,53,16279,0.05769230769119823,0.053571428570471945,0.05555555505521263,0.9937744140624393,0.028571428571156462
1118,cnn_direct_vector_regression__distance_transform,CNN + Distance-to-stroke,distance_transform,2,2,0,0.55,0.0,1.0,1.0,1.0,0,0,1,40,34,16309,0.024390243901844143,0.028571428570612248,0.026315788976108045,0.9954833984374392,0.013333333333155555
1118,cnn_direct_vector_regression__local_density,CNN + Local density blur,local_density,2,2,0,0.4892857142857143,0.0,0.6964285714285714,1.0,1.0,0,0,1,55,34,16294,0.01785714285682398,0.028571428570612248,0.021978021504166174,0.9945678710936893,0.011111111110987655
1119,cnn_direct_vector_regression__distance_transform,CNN + Distance-to-stroke,distance_transform,1,1,0,0.49769230769230766,0.0,0.7384615384615385,1.0,1.0,0,0,0,49,66,16269,0.0,0.0,0.0,0.9929809570311894,0.0
1119,cnn_direct_vector_regression__local_density,CNN + Local density blur,local_density,1,1,0,0.6502149321266968,0.24230769230769228,0.9558823529411765,1.0,1.0,0,0,0,69,66,16249,0.0,0.0,0.0,0.9917602539061895,0.0
1120,cnn_direct_vector_regression__distance_transform,CNN + Distance-to-stroke,distance_transform,4,4,0,0.4212617785630154,0.3212962962962963,0.88339222614841,0.0,1.0,0,1,102,149,520,15613,0.40637450199041286,0.16398713826340194,0.2336769755347822,0.9591674804686914,0.1322957198441864
1120,cnn_direct_vector_regression__local_density,CNN + Local density blur,local_density,4,5,1,0.3430106007067138,0.23111111111111113,0.7950530035335689,0.0,0.8,0,1,9,197,613,15565,0.043689320388137436,0.014469453376182525,0.021739130060940755,0.9505615234374419,0.010989010988997572
1121,cnn_direct_vector_regression__distance_transform,CNN + Distance-to-stroke,distance_transform,1,2,1,0.600838383838384,0.26,0.9191919191919192,1.0,0.5,0,0,7,77,186,16114,0.08333333333234126,0.03626943005162555,0.050541515822544285,0.9839477539061899,0.025925925925829905
1121,cnn_direct_vector_regression__local_density,CNN + Local density blur,local_density,1,2,1,0.3665852713178294,0.38999999999999996,0.7054263565891472,0.0,0.5,0,1,39,58,154,16133,0.4020618556659581,0.20207253885905663,0.2689655167943163,0.9870605468749397,0.15537848605515786
1122,cnn_direct_vector_regression__distance_transform,CNN + Distance-to-stroke,distance_transform,1,1,0,0.7891666666666667,0.65,0.7333333333333334,1.0,1.0,0,0,0,31,71,16282,0.0,0.0,0.0,0.9937744140624393,0.0
1122,cnn_direct_vector_regression__local_density,CNN + Local density blur,local_density,1,1,0,0.48750000000000004,0.0,0.6875,1.0,1.0,0,0,0,33,71,16280,0.0,0.0,0.0,0.9936523437499393,0.0
1123,cnn_direct_vector_regression__distance_transform,CNN + Distance-to-stroke,distance_transform,2,2,0,0.6341037876730926,0.28488505747126436,0.7795275590551181,1.0,1.0,0,0,6,94,123,16161,0.0599999999994,0.04651162790661619,0.05240174623245172,0.9867553710936897,0.026905829596291904
1123,cnn_direct_vector_regression__local_density,CNN + Local density blur,local_density,2,2,0,0.5949002909962342,0.12427536231884058,0.9448818897637795,1.0,1.0,0,0,0,105,129,16150,0.0,0.0,0.0,0.9857177734374398,0.0
1124,cnn_direct_vector_regression__distance_transform,CNN + Distance-to-stroke,distance_transform,1,1,0,0.41800000000000004,0.0,0.33999999999999997,1.0,1.0,0,0,6,10,149,16219,0.3749999999765625,0.0387096774191051,0.07017543842604562,0.9902954101561895,0.03636363636341598
1124,cnn_direct_vector_regression__local_density,CNN + Local density blur,local_density,1,1,0,0.518,0.0,0.84,1.0,1.0,0,0,0,42,155,16187,0.0,0.0,0.0,0.9879760742186897,0.0
1125,cnn_direct_vector_regression__distance_transform,CNN + Distance-to-stroke,distance_transform,1,1,0,0.45434782608695656,0.0,0.5217391304347826,1.0,1.0,0,0,0,18,41,16325,0.0,0.0,0.0,0.9963989257811892,0.0
1125,cnn_direct_vector_regression__local_density,CNN + Local density blur,local_density,1,1,0,0.6046153846153847,0.15555555555555553,0.9230769230769231,1.0,1.0,0,0,0,11,41,16332,0.0,0.0,0.0,0.9968261718749392,0.0
1126,cnn_direct_vector_regression__distance_transform,CNN + Distance-to-stroke,distance_transform,1,1,0,0.5133802816901408,0.0,0.8169014084507042,1.0,1.0,0,0,36,36,143,16169,0.49999999999305555,0.20111731843463065,0.2868525892300123,0.9890747070311896,0.16744186046433748
1126,cnn_direct_vector_regression__local_density,CNN + Local density blur,local_density,1,1,0,0.6643965517241379,0.26954022988505744,0.9655172413793104,1.0,1.0,0,0,20,37,159,16168,0.35087719297630043,0.1117318435747948,0.16949152505591067,0.9880371093749397,0.09259259259216393
1127,cnn_direct_vector_regression__distance_transform,CNN + Distance-to-stroke,distance_transform,2,2,0,0.599654761904762,0.195,0.8095238095238095,1.0,1.0,0,0,0,106,231,16047,0.0,0.0,0.0,0.9794311523436902,0.0
1127,cnn_direct_vector_regression__local_density,CNN + Local density blur,local_density,2,2,0,0.5452941176470588,0.0,0.9764705882352941,1.0,1.0,0,0,0,75,231,16078,0.0,0.0,0.0,0.98132324218744,0.0
1128,cnn_direct_vector_regression__distance_transform,CNN + Distance-to-stroke,distance_transform,5,4,1,0.3160668135095448,0.055185185185185184,0.8061674008810573,0.2,0.8,1,2,2,164,505,15713,0.012048192771011759,0.003944773175534625,0.00594353603250843,0.9591674804686914,0.0029806259314411614
1128,cnn_direct_vector_regression__local_density,CNN + Local density blur,local_density,5,5,0,0.3778198583398117,0.24145969498910677,0.8458149779735683,0.0,1.0,1,2,10,157,497,15720,0.059880239520599524,0.01972386587767313,0.029673590131598423,0.9600830078124414,0.01506024096383274
1129,cnn_direct_vector_regression__distance_transform,CNN + Distance-to-stroke,distance_transform,3,4,1,0.3644886363636364,0.303030303030303,0.765625,0.0,0.75,1,1,12,130,578,15664,0.08450704225292602,0.020338983050812984,0.032786884933097435,0.9567871093749416,0.01666666666664352
1129,cnn_direct_vector_regression__local_density,CNN + Local density blur,local_density,3,4,1,0.2422159090909091,0.045202020202020195,0.734375,0.0,0.75,1,0,8,116,582,15678,0.06451612903173777,0.013559322033875323,0.02240896329835464,0.9573974609374415,0.011331444759190748
1130,cnn_direct_vector_regression__distance_transform,CNN + Distance-to-stroke,distance_transform,3,3,0,0.3262860278679137,0.0655818540433925,0.9838709677419355,0.0,1.0,0,1,12,96,236,16040,0.1111111111100823,0.04838709677399844,0.067415729914026,0.9797363281249402,0.03488372093013115
1130,cnn_direct_vector_regression__local_density,CNN + Local density blur,local_density,3,3,0,0.5306340104290924,0.037110187110187105,0.819672131147541,1.0,1.0,0,0,16,78,232,16058,0.17021276595563603,0.06451612903199792,0.09356725106282275,0.98107910156244,0.04907975460107644
1131,cnn_direct_vector_regression__distance_transform,CNN + Distance-to-stroke,distance_transform,5,5,0,0.6923493902439024,0.3185,0.9951219512195122,1.0,1.0,0,0,0,182,342,15860,0.0,0.0,0.0,0.9680175781249409,0.0
1131,cnn_direct_vector_regression__local_density,CNN + Local density blur,local_density,5,5,0,0.5942544543904519,0.27045652173913043,0.6127450980392157,1.0,1.0,0,0,1,109,341,15933,0.009090909090826447,0.0029239766081785848,0.0044247783927676716,0.9725341796874406,0.0022172949002168133
1132,cnn_direct_vector_regression__distance_transform,CNN + Distance-to-stroke,distance_transform,1,1,0,0.6523636363636364,0.2678787878787878,0.9090909090909091,1.0,1.0,0,0,0,41,45,16298,0.0,0.0,0.0,0.9947509765624393,0.0
1132,cnn_direct_vector_regression__local_density,CNN + Local density blur,local_density,1,1,0,0.5677736549165121,0.08484848484848484,0.8979591836734694,1.0,1.0,0,0,7,43,38,16296,0.1399999999972,0.15555555555209877,0.14736842055091412,0.9950561523436893,0.07954545454455061
1133,cnn_direct_vector_regression__distance_transform,CNN + Distance-to-stroke,distance_transform,2,2,0,0.6060564024390244,0.14625,0.9512195121951219,1.0,1.0,0,0,0,60,147,16177,0.0,0.0,0.0,0.9873657226561897,0.0
1133,cnn_direct_vector_regression__local_density,CNN + Local density blur,local_density,2,2,0,0.5353073400412797,0.05449561403508771,0.803921568627451,1.0,1.0,0,0,2,88,145,16149,0.02222222222197531,0.013605442176778195,0.016877636659580923,0.9857788085936898,0.008510638297836125
1134,cnn_direct_vector_regression__distance_transform,CNN + Distance-to-stroke,distance_transform,2,2,0,0.6314444444444444,0.26,0.8222222222222222,1.0,1.0,0,0,4,70,136,16174,0.05405405405332359,0.02857142857122449,0.037383177117302824,0.9874267578124397,0.019047619047528344
1134,cnn_direct_vector_regression__local_density,CNN + Local density blur,local_density,2,2,0,0.46777777777777774,0.0,0.5888888888888889,1.0,1.0,0,0,1,53,139,16191,0.018518518518175583,0.007142857142806123,0.010309277948666186,0.9882812499999396,0.005181347150232221
1135,cnn_direct_vector_regression__distance_transform,CNN + Distance-to-stroke,distance_transform,2,2,0,0.5588541666666667,0.13296568627450978,0.7450980392156863,1.0,1.0,0,0,0,50,140,16194,0.0,0.0,0.0,0.9884033203124396,0.0
1135,cnn_direct_vector_regression__local_density,CNN + Local density blur,local_density,2,2,0,0.7655592105263158,0.5375,0.868421052631579,1.0,1.0,0,0,0,33,140,16211,0.0,0.0,0.0,0.9894409179686896,0.0
1136,cnn_direct_vector_regression__distance_transform,CNN + Distance-to-stroke,distance_transform,4,4,0,0.3009407894736842,0.032499999999999994,0.9315789473684211,0.0,1.0,1,1,9,164,308,15903,0.05202312138698253,0.028391167192339462,0.0367346934205831,0.9711914062499407,0.018711018710979813
1136,cnn_direct_vector_regression__local_density,CNN + Local density blur,local_density,4,5,1,0.34054419191919194,0.1525,0.9595959595959596,0.0,0.8,1,2,9,183,308,15884,0.04687499999975586,0.028391167192339462,0.03536345729033006,0.9700317382811907,0.017999999999964
1137,cnn_direct_vector_regression__distance_transform,CNN + Distance-to-stroke,distance_transform,5,5,0,0.33885370194864983,0.14171005969883274,0.8754208754208754,0.0,1.0,0,2,20,262,616,15486,0.07092198581535135,0.0314465408804537,0.043572984323712156,0.9464111328124422,0.022271714922024198
1137,cnn_direct_vector_regression__local_density,CNN + Local density blur,local_density,5,5,0,0.3116737400530504,0.07191865605658707,0.896551724137931,0.0,1.0,0,2,34,232,602,15516,0.12781954887169994,0.05345911949677129,0.07538802619150349,0.949096679687442,0.03917050691239727
1138,cnn_direct_vector_regression__distance_transform,CNN + Distance-to-stroke,distance_transform,4,4,0,0.5031776629570748,0.0005255255255255266,0.7647058823529411,1.0,1.0,0,0,12,140,356,15876,0.07894736842053325,0.0326086956520853,0.04615384573994083,0.9697265624999408,0.023622047244047987
1138,cnn_direct_vector_regression__local_density,CNN + Local density blur,local_density,4,4,0,0.5327001633986927,0.14891975308641975,0.5784313725490196,1.0,1.0,0,0,4,101,364,15915,0.038095238094875285,0.010869565217361769,0.016913318893411234,0.9716186523436907,0.008528784648169448
1139,cnn_direct_vector_regression__distance_transform,CNN + Distance-to-stroke,distance_transform,2,3,1,0.2852651515151515,0.04537037037037035,0.990909090909091,0.0,0.6666666666666667,1,0,3,95,107,16179,0.03061224489764681,0.027272727272479338,0.028846153347540687,0.9876708984374397,0.01463414634139203
1139,cnn_direct_vector_regression__local_density,CNN + Local density blur,local_density,2,2,0,0.3192921184320267,0.13257575757575757,0.7981651376146789,0.0,1.0,1,0,5,69,105,16205,0.06756756756665448,0.04545454545413223,0.054347825605505676,0.9893798828124396,0.0279329608936987
1140,cnn_direct_vector_regression__distance_transform,CNN + Distance-to-stroke,distance_transform,3,3,0,0.5708738200125865,0.17952380952380947,0.7004405286343612,1.0,1.0,0,0,43,114,353,15874,0.27388535031672684,0.10858585858558438,0.1555153702980749,0.9714965820311907,0.08431372549003076
1140,cnn_direct_vector_regression__local_density,CNN + Local density blur,local_density,3,4,1,0.6064397075647077,0.23588918283362723,0.8764478764478765,1.0,0.75,0,0,27,216,369,15772,0.11111111111065387,0.06818181818164601,0.08450704178192157,0.9642944335936912,0.044117647058751444
1141,cnn_direct_vector_regression__distance_transform,CNN + Distance-to-stroke,distance_transform,4,5,1,0.29335826086956523,0.0664,0.9173913043478261,0.0,0.8,0,1,3,212,566,15603,0.013953488372028124,0.005272407732855409,0.00765306082641024,0.9525146484374418,0.0038412291933369513
1141,cnn_direct_vector_regression__local_density,CNN + Local density blur,local_density,4,5,1,0.6643891943127962,0.3176,0.957345971563981,1.0,0.8,0,0,2,182,567,15633,0.010869565217332232,0.003514938488570273,0.0053120846240536125,0.9542846679686917,0.002663115845535735
1142,cnn_direct_vector_regression__distance_transform,CNN + Distance-to-stroke,distance_transform,2,3,1,0.5640555555555555,0.13,0.9444444444444444,1.0,0.6666666666666667,0,0,2,101,102,16179,0.01941747572796682,0.019230769230584317,0.019323670997409517,0.9876098632811897,0.00975609756092802
1142,cnn_direct_vector_regression__local_density,CNN + Local density blur,local_density,2,2,0,0.5564240237691002,0.09312865497076021,0.8225806451612903,1.0,1.0,0,0,0,124,104,16156,0.0,0.0,0.0,0.9860839843749398,0.0
1143,cnn_direct_vector_regression__distance_transform,CNN + Distance-to-stroke,distance_transform,4,5,1,0.3410149572649573,0.16407882241215574,0.9358974358974359,0.0,0.8,0,1,3,136,222,16023,0.02158273381279437,0.013333333333274074,0.016483516011336203,0.9781494140624403,0.008310249307456205
1143,cnn_direct_vector_regression__local_density,CNN + Local density blur,local_density,4,5,1,0.6072008547008547,0.2598765432098765,0.8012820512820513,1.0,0.8,0,0,12,113,213,16046,0.09599999999923199,0.0533333333330963,0.06857142811185306,0.9801025390624402,0.03550295857977662
1144,cnn_direct_vector_regression__distance_transform,CNN + Distance-to-stroke,distance_transform,2,2,0,0.5565528846153847,0.04874999999999999,0.9230769230769231,1.0,1.0,0,0,0,94,407,15883,0.0,0.0,0.0,0.9694213867186908,0.0
1144,cnn_direct_vector_regression__local_density,CNN + Local density blur,local_density,2,2,0,0.527594246031746,0.023225308641975303,0.8357142857142857,1.0,1.0,0,0,0,120,407,15857,0.0,0.0,0.0,0.9678344726561909,0.0
1145,cnn_direct_vector_regression__distance_transform,CNN + Distance-to-stroke,distance_transform,4,5,1,0.5773385138416707,0.48450704225352115,0.896551724137931,0.4,0.8,2,2,12,249,800,15323,0.045977011494076715,0.01477832512313451,0.022367194412794264,0.9359741210936928,0.011310084825625533
1145,cnn_direct_vector_regression__local_density,CNN + Local density blur,local_density,4,5,1,0.3132612478971782,0.1551399378557982,0.8172413793103448,0.0,0.8,2,0,30,193,782,15379,0.1345291479814595,0.03694581280783627,0.05797101415456884,0.9404907226561926,0.029850746268627014
1146,cnn_direct_vector_regression__distance_transform,CNN + Distance-to-stroke,distance_transform,3,4,1,0.3316553904170364,0.19619565217391305,0.8418367346938775,0.0,0.75,1,0,8,145,216,16015,0.05228758169900466,0.03571428571412628,0.04244031781989602,0.9779663085936903,0.02168021680210927
1146,cnn_direct_vector_regression__local_density,CNN + Local density blur,local_density,3,5,2,0.6399739352262646,0.3092391304347826,0.9540816326530612,1.0,0.6,1,1,4,176,220,15984,0.022222222222098766,0.01785714285706314,0.019801979703852578,0.9758300781249404,0.009999999999975001
1147,cnn_direct_vector_regression__distance_transform,CNN + Distance-to-stroke,distance_transform,2,2,0,0.6669285714285714,0.4642857142857143,0.54,1.0,1.0,0,0,0,46,72,16266,0.0,0.0,0.0,0.9927978515624394,0.0
1147,cnn_direct_vector_regression__local_density,CNN + Local density blur,local_density,2,2,0,0.5587566137566138,0.052380952380952375,0.9259259259259259,1.0,1.0,0,0,3,21,69,16291,0.12499999999479167,0.04166666666608796,0.06249999962369792,0.9945068359374393,0.03225806451578217
1148,cnn_direct_vector_regression__distance_transform,CNN + Distance-to-stroke,distance_transform,3,3,0,0.6716610360360361,0.3073948948948949,0.9166666666666666,1.0,1.0,0,0,3,124,364,15893,0.023622047243908487,0.008174386920958654,0.012145748605820466,0.9702148437499407,0.006109979633388778
1148,cnn_direct_vector_regression__local_density,CNN + Local density blur,local_density,3,4,1,0.5423141891891892,0.11955705705705703,0.8175675675675675,1.0,0.75,0,0,0,139,367,15878,0.0,0.0,0.0,0.9691162109374408,0.0
1149,cnn_direct_vector_regression__distance_transform,CNN + Distance-to-stroke,distance_transform,4,5,1,0.2981666666666667,0.06481481481481481,0.945,0.0,0.8,2,2,5,171,492,15716,0.028409090908929496,0.010060362173017987,0.014858840624106657,0.9595336914061914,0.007485029940108555
1149,cnn_direct_vector_regression__local_density,CNN + Local density blur,local_density,4,5,1,0.31130434782608696,0.1251207729468599,0.875,0.0,0.8,2,1,24,138,473,15749,0.14814814814723365,0.04828973843048634,0.07283763240592152,0.9627075195311913,0.03779527559049166
1150,cnn_direct_vector_regression__distance_transform,CNN + Distance-to-stroke,distance_transform,5,5,0,0.33637009657824746,0.14965232867929118,0.8451327433628318,0.0,1.0,1,0,12,179,618,15575,0.06282722513056112,0.019047619047588813,0.029232642761036796,0.9513549804686919,0.014833127317657808
1150,cnn_direct_vector_regression__local_density,CNN + Local density blur,local_density,5,5,0,0.31897411556230615,0.04798711755233493,0.9868995633187773,0.0,1.0,1,1,40,182,590,15572,0.18018018017936857,0.06349206349196271,0.09389671322946284,0.9528808593749418,0.0492610837437817
1151,cnn_direct_vector_regression__distance_transform,CNN + Distance-to-stroke,distance_transform,1,1,0,0.7518255813953488,0.4743410852713178,0.9418604651162791,1.0,1.0,0,0,0,69,244,16071,0.0,0.0,0.0,0.9808959960936902,0.0
1151,cnn_direct_vector_regression__local_density,CNN + Local density blur,local_density,1,1,0,0.5058139534883721,0.0,0.7790697674418605,1.0,1.0,0,0,0,55,244,16085,0.0,0.0,0.0,0.98175048828119,0.0
1152,cnn_direct_vector_regression__distance_transform,CNN + Distance-to-stroke,distance_transform,5,4,1,0.26103738317757014,0.11777777777777779,0.6401869158878505,0.0,0.8,0,1,15,118,416,15835,0.11278195488637006,0.03480278422265707,0.0531914890011003,0.9674072265624409,0.027322404371534933
1152,cnn_direct_vector_regression__local_density,CNN + Local density blur,local_density,5,4,1,0.3435640186915888,0.28455555555555556,0.677570093457944,0.0,0.8,0,1,1,141,430,15812,0.007042253521077168,0.0023201856148438046,0.003490401023339434,0.965148925781191,0.0017482517482486919
1153,cnn_direct_vector_regression__distance_transform,CNN + Distance-to-stroke,distance_transform,4,4,0,0.3212073863636364,0.05520833333333334,0.9818181818181818,0.0,1.0,0,1,3,144,478,15759,0.020408163265167294,0.00623700623699327,0.009554139768788808,0.9620361328124413,0.00479999999999232
1153,cnn_direct_vector_regression__local_density,CNN + Local density blur,local_density,4,4,0,0.2969507575757576,0.0875,0.7878787878787878,0.0,1.0,0,1,4,111,477,15792,0.034782608695349715,0.008316008315991026,0.013422818480456967,0.9641113281249412,0.0067567567567453435
1154,cnn_direct_vector_regression__distance_transform,CNN + Distance-to-stroke,distance_transform,3,3,0,0.49826271186440674,0.005555555555555562,0.728813559322034,1.0,1.0,0,0,5,72,152,16155,0.06493506493422162,0.03184713375775894,0.042735042293118565,0.9863281249999398,0.021834061135275834
1154,cnn_direct_vector_regression__local_density,CNN + Local density blur,local_density,3,3,0,0.5432203389830509,0.0,0.9661016949152542,1.0,1.0,0,0,2,100,155,16127,0.019607843137062667,0.012738853503103576,0.015444014966443568,0.9844360351561899,0.007782101167284895
1155,cnn_direct_vector_regression__distance_transform,CNN + Distance-to-stroke,distance_transform,3,4,1,0.5663109201213348,0.1589855072463768,0.8488372093023255,1.0,0.75,0,0,53,202,621,15508,0.2078431372540869,0.07863501483667859,0.11410118367035635,0.949768066406192,0.060502283104953765
1155,cnn_direct_vector_regression__local_density,CNN + Local density blur,local_density,3,4,1,0.40087442922374433,0.30407407407407405,0.9452054794520548,0.0,0.75,0,2,12,189,662,15521,0.05970149253701641,0.017804154302644207,0.027428571074617474,0.9480590820311922,0.013904982618755614
1156,cnn_direct_vector_regression__distance_transform,CNN + Distance-to-stroke,distance_transform,1,1,0,0.5034883720930232,0.0,0.7674418604651163,1.0,1.0,0,0,10,51,80,16243,0.16393442622682075,0.11111111110987654,0.13245033064251568,0.9920043945311894,0.07092198581509986
1156,cnn_direct_vector_regression__local_density,CNN + Local density blur,local_density,1,1,0,0.8691860465116279,0.7558139534883721,0.8953488372093024,1.0,1.0,0,0,0,68,90,16226,0.0,0.0,0.0,0.9903564453124395,0.0
1157,cnn_direct_vector_regression__distance_transform,CNN + Distance-to-stroke,distance_transform,3,3,0,0.7121984867711063,0.44212276339525136,0.8162162162162162,1.0,1.0,0,0,0,151,188,16045,0.0,0.0,0.0,0.9793090820311902,0.0
1157,cnn_direct_vector_regression__local_density,CNN + Local density blur,local_density,3,3,0,0.532779384035198,0.14191214470284233,0.5945945945945945,1.0,1.0,0,0,3,100,185,16096,0.02912621359195023,0.01595744680842576,0.02061855624354933,0.98260498046869,0.010416666666630499
1158,cnn_direct_vector_regression__distance_transform,CNN + Distance-to-stroke,distance_transform,1,1,0,0.6670730337078652,0.39,0.7078651685393258,1.0,1.0,0,0,64,0,208,16112,0.9999999999843749,0.2352941176461938,0.3809523806417234,0.9873046874999397,0.2352941176461938
1158,cnn_direct_vector_regression__local_density,CNN + Local density blur,local_density,1,1,0,0.451123595505618,0.0,0.5056179775280899,1.0,1.0,0,0,9,34,263,16078,0.20930232557652786,0.033088235293996,0.0571428569067473,0.98187255859369,0.02941176470578624
1159,cnn_direct_vector_regression__distance_transform,CNN + Distance-to-stroke,distance_transform,4,5,1,0.3193603036855601,0.1621799852016278,0.8318965517241379,0.0,0.8,0,1,5,213,432,15734,0.022935779816408552,0.011441647597227822,0.015267175128367822,0.9606323242186914,0.0076923076922958585
1159,cnn_direct_vector_regression__local_density,CNN + Local density blur,local_density,4,4,0,0.37886425632429144,0.1936764705882353,0.9585492227979274,0.0,1.0,0,1,8,162,429,15785,0.04705882352913495,0.018306636155564517,0.026359142924497023,0.9639282226561912,0.013355592654401744
1160,cnn_direct_vector_regression__distance_transform,CNN + Distance-to-stroke,distance_transform,5,4,1,0.482114468044271,0.05685301288749564,0.6326530612244898,1.0,0.8,0,0,24,91,288,15981,0.2086956521720983,0.07692307692283037,0.11241217759184768,0.9768676757811904,0.05955334987578275
1160,cnn_direct_vector_regression__local_density,CNN + Local density blur,local_density,5,5,0,0.6155463821892393,0.191010101010101,0.8979591836734694,1.0,1.0,0,0,6,169,306,15903,0.03428571428551837,0.019230769230707594,0.024640656623656557,0.9710083007811907,0.01247401247398654
1161,cnn_direct_vector_regression__distance_transform,CNN + Distance-to-stroke,distance_transform,1,1,0,0.7082688172043011,0.4138351254480287,0.8602150537634409,1.0,1.0,0,0,0,81,288,16015,0.0,0.0,0.0,0.9774780273436903,0.0
1161,cnn_direct_vector_regression__local_density,CNN + Local density blur,local_density,1,1,0,0.6940820178448868,0.32491039426523294,0.9893617021276596,1.0,1.0,0,0,20,74,268,16022,0.21276595744454505,0.06944444444420332,0.10471204151322606,0.9791259765624402,0.05524861878437777
1162,cnn_direct_vector_regression__distance_transform,CNN + Distance-to-stroke,distance_transform,4,4,0,0.5830281177116899,0.13409087342685871,0.8634361233480177,1.0,1.0,0,0,6,209,360,15809,0.027906976744056247,0.01639344262290603,0.020654044284132363,0.965270996093691,0.010434782608677504
1162,cnn_direct_vector_regression__local_density,CNN + Local density blur,local_density,4,4,0,0.4823112244897959,0.065,0.5153061224489797,1.0,1.0,0,0,19,83,347,15935,0.18627450980209534,0.05191256830586909,0.08119658085534005,0.9737548828124405,0.04231625835179885
1163,cnn_direct_vector_regression__distance_transform,CNN + Distance-to-stroke,distance_transform,5,4,1,0.550379246611512,0.13595982710399185,0.7959866220735786,1.0,0.8,0,0,32,180,584,15588,0.1509433962257031,0.051948051947967616,0.07729468560918575,0.9533691406249418,0.04020100502507513
1163,cnn_direct_vector_regression__local_density,CNN + Local density blur,local_density,5,4,1,0.5483581785777152,0.10619914823290108,0.8528428093645485,1.0,0.8,0,0,45,205,571,15563,0.17999999999928,0.07305194805182946,0.10392609658675976,0.9526367187499418,0.05481120584646186
1164,cnn_direct_vector_regression__distance_transform,CNN + Distance-to-stroke,distance_transform,4,4,0,0.3045409663865546,0.032499999999999994,0.9495798319327731,0.0,1.0,1,1,23,197,530,15634,0.10454545454497935,0.04159132007225752,0.05950840838953089,0.9556274414061916,0.030666666666625778
1164,cnn_direct_vector_regression__local_density,CNN + Local density blur,local_density,4,5,1,0.26774684873949584,0.07361111111111111,0.773109243697479,0.0,0.8,1,1,1,171,552,15660,0.005813953488338291,0.0018083182640111965,0.0027586203277317955,0.9558715820311916,0.0013812154696113518
1165,cnn_direct_vector_regression__distance_transform,CNN + Distance-to-stroke,distance_transform,4,5,1,0.6779399237893113,0.46960045662100464,0.6830985915492958,1.0,0.8,0,0,75,212,273,15824,0.26132404181093616,0.21551724137869105,0.2362204719448149,0.9703979492186907,0.13392857142833228
1165,cnn_direct_vector_regression__local_density,CNN + Local density blur,local_density,4,5,1,0.646069587628866,0.30833333333333335,0.8865979381443299,1.0,0.8,0,0,0,174,348,15862,0.0,0.0,0.0,0.9681396484374409,0.0
1166,cnn_direct_vector_regression__distance_transform,CNN + Distance-to-stroke,distance_transform,4,4,0,0.38252662993572084,0.22012345679012343,0.9173553719008265,0.0,1.0,0,1,64,142,562,15616,0.3106796116489773,0.1022364217250763,0.1538461534731994,0.9570312499999416,0.08333333333322483
1166,cnn_direct_vector_regression__local_density,CNN + Local density blur,local_density,4,5,1,0.3759187011818591,0.25813692480359146,0.8987854251012146,0.0,0.8,0,1,69,171,557,15587,0.2874999999988021,0.11022364217234788,0.15935334832876064,0.9555664062499416,0.0865746549559767
1167,cnn_direct_vector_regression__distance_transform,CNN + Distance-to-stroke,distance_transform,4,5,1,0.6105482614323234,0.19371283997469957,0.9668874172185431,1.0,0.8,0,0,52,236,791,15305,0.18055555555492864,0.06168446026089954,0.09195402260874433,0.9373168945311927,0.048192771084292686
1167,cnn_direct_vector_regression__local_density,CNN + Local density blur,local_density,4,5,1,0.3983204786446301,0.3018736383442266,0.9123867069486404,0.0,0.8,0,1,39,280,804,15261,0.1222570532911528,0.04626334519567466,0.06712564504045936,0.9338378906249429,0.03472840605517834
1168,cnn_direct_vector_regression__distance_transform,CNN + Distance-to-stroke,distance_transform,2,2,0,0.5576480509745128,0.12427536231884058,0.7586206896551724,1.0,1.0,0,0,0,55,92,16237,0.0,0.0,0.0,0.9910278320311895,0.0
1168,cnn_direct_vector_regression__local_density,CNN + Local density blur,local_density,2,2,0,0.5197877358490566,0.008333333333333323,0.8301886792452831,1.0,1.0,0,0,0,54,92,16238,0.0,0.0,0.0,0.9910888671874395,0.0
1169,cnn_direct_vector_regression__distance_transform,CNN + Distance-to-stroke,distance_transform,3,3,0,0.6029727950030103,0.13832070707070704,0.9536423841059603,1.0,1.0,0,0,8,144,311,15921,0.05263157894702217,0.025078369905877498,0.03397027557120641,0.9722290039061906,0.017278617710545834
1169,cnn_direct_vector_regression__local_density,CNN + Local density blur,local_density,3,4,1,0.694760912077597,0.5079654255319149,0.7058823529411764,1.0,0.75,0,0,0,199,319,15866,0.0,0.0,0.0,0.9683837890624408,0.0
1170,cnn_direct_vector_regression__distance_transform,CNN + Distance-to-stroke,distance_transform,5,5,0,0.6436357142857142,0.21799999999999997,0.9776785714285714,1.0,1.0,0,0,29,193,342,15820,0.1306306306300422,0.07816711590275427,0.09780775669818484,0.9673461914061909,0.05141843971622089
1170,cnn_direct_vector_regression__local_density,CNN + Local density blur,local_density,5,5,0,0.3619521978021978,0.19917948717948714,0.8616071428571428,0.0,1.0,0,1,13,166,358,15847,0.07262569832361662,0.035040431266751916,0.04727272683348762,0.9680175781249409,0.02420856610796237
1171,cnn_direct_vector_regression__distance_transform,CNN + Distance-to-stroke,distance_transform,5,4,1,0.3529010096977174,0.2202900397654194,0.8688524590163934,0.0,0.8,2,0,11,142,449,15782,0.07189542483613141,0.023913043478208884,0.03588906977211,0.9639282226561912,0.018272425249139083
1171,cnn_direct_vector_regression__local_density,CNN + Local density blur,local_density,5,5,0,0.3977911559029206,0.22682051282051283,0.9786096256684492,0.0,1.0,2,1,10,176,450,15748,0.05376344085992601,0.02173913043473535,0.0309597519118366,0.9617919921874413,0.01572327044022685
1172,cnn_direct_vector_regression__distance_transform,CNN + Distance-to-stroke,distance_transform,4,5,1,0.37476731601731605,0.39722222222222225,0.5800865800865801,0.0,0.8,1,0,3,136,660,15585,0.02158273381279437,0.004524886877821229,0.00748129647153004,0.9514160156249419,0.0037546933667036864
1172,cnn_direct_vector_regression__local_density,CNN + Local density blur,local_density,4,5,1,0.35791146323938755,0.17505229378867726,0.9956896551724138,0.0,0.8,1,2,19,200,644,15521,0.08675799086718376,0.028657616892867787,0.043083899853366144,0.948486328124942,0.02201622247969639
1173,cnn_direct_vector_regression__distance_transform,CNN + Distance-to-stroke,distance_transform,1,1,0,0.5329444444444444,0.12999999999999998,0.6222222222222222,1.0,1.0,0,0,0,22,97,16265,0.0,0.0,0.0,0.9927368164061894,0.0
1173,cnn_direct_vector_regression__local_density,CNN + Local density blur,local_density,1,1,0,0.48777777777777775,0.0,0.6888888888888889,1.0,1.0,0,0,3,27,94,16260,0.09999999999666667,0.030927835051227547,0.047244094126604255,0.9926147460936894,0.024193548386901666
1174,cnn_direct_vector_regression__distance_transform,CNN + Distance-to-stroke,distance_transform,3,3,0,0.3715679824561404,0.218067738791423,0.8671875,0.0,1.0,1,1,12,94,366,15912,0.11320754716874332,0.03174603174594776,0.049586776517211946,0.9719238281249406,0.025423728813505457
1174,cnn_direct_vector_regression__local_density,CNN + Local density blur,local_density,3,3,0,0.4593689581095596,0.41159844054580896,0.8707482993197279,0.0,1.0,1,2,14,123,364,15883,0.10218978102115191,0.03703703703693906,0.054368931648117645,0.9702758789061907,0.02794411177639133
1175,cnn_direct_vector_regression__distance_transform,CNN + Distance-to-stroke,distance_transform,2,2,0,0.6907626422866049,0.37921711057304275,0.8505747126436781,1.0,1.0,0,0,0,76,99,16209,0.0,0.0,0.0,0.9893188476561896,0.0
1175,cnn_direct_vector_regression__local_density,CNN + Local density blur,local_density,2,2,0,0.7581768428147077,0.5084342211460856,0.8969072164948454,1.0,1.0,0,0,3,96,96,16189,0.030303030302724212,0.030303030302724212,0.030303029802724223,0.9882812499999396,0.01538461538453649
1176,cnn_direct_vector_regression__distance_transform,CNN + Distance-to-stroke,distance_transform,2,3,1,0.551703488372093,0.195,0.7364341085271318,1.0,0.6666666666666667,0,0,37,92,266,15989,0.2868217054241332,0.12211221122071911,0.1712962958766182,0.9781494140624403,0.09367088607571222
1176,cnn_direct_vector_regression__local_density,CNN + Local density blur,local_density,2,3,1,0.48665740740740737,0.06499999999999999,0.7037037037037037,1.0,0.6666666666666667,0,0,9,126,294,15955,0.06666666666617284,0.029702970296931676,0.041095889984331016,0.9743652343749405,0.020979020978972078
1177,cnn_direct_vector_regression__distance_transform,CNN + Distance-to-stroke,distance_transform,1,1,0,0.767888888888889,0.5459259259259259,0.8611111111111112,1.0,1.0,0,0,0,45,154,16185,0.0,0.0,0.0,0.9878540039061897,0.0
1177,cnn_direct_vector_regression__local_density,CNN + Local density blur,local_density,1,1,0,0.8008333333333334,0.65,0.7916666666666666,1.0,1.0,0,0,0,41,154,16189,0.0,0.0,0.0,0.9880981445311897,0.0
1178,cnn_direct_vector_regression__distance_transform,CNN + Distance-to-stroke,distance_transform,2,2,0,0.4750009077705156,0.003431372549019595,0.617283950617284,1.0,1.0,0,0,0,47,181,16156,0.0,0.0,0.0,0.9860839843749398,0.0
1178,cnn_direct_vector_regression__local_density,CNN + Local density blur,local_density,2,3,1,0.4915060283687943,0.10053191489361704,0.648,1.0,0.6666666666666667,0,0,9,109,172,16094,0.0762711864400316,0.049723756905802635,0.06020066841811614,0.9828491210936899,0.031034482758513674
1179,cnn_direct_vector_regression__distance_transform,CNN + Distance-to-stroke,distance_transform,2,2,0,0.5701443661971831,0.195,0.6619718309859155,1.0,1.0,0,0,25,18,120,16221,0.5813953488236885,0.17241379310225924,0.26595744645286334,0.9915771484374395,0.15337423312789342
1179,cnn_direct_vector_regression__local_density,CNN + Local density blur,local_density,2,2,0,0.6500985915492957,0.26,0.9154929577464789,1.0,1.0,0,0,3,64,142,16175,0.04477611940231677,0.02068965517227111,0.02830188635987007,0.9874267578124397,0.014354066985577254
1180,cnn_direct_vector_regression__distance_transform,CNN + Distance-to-stroke,distance_transform,3,3,0,0.29667785234899335,0.1,0.7583892617449665,0.0,1.0,3,0,5,111,364,15904,0.04310344827549049,0.013550135501318292,0.020618556337005003,0.9710083007811907,0.010416666666644965
1180,cnn_direct_vector_regression__local_density,CNN + Local density blur,local_density,3,3,0,0.29749976533533584,0.048135198135198135,0.8791946308724832,0.0,1.0,3,0,12,119,357,15896,0.09160305343441526,0.032520325203163905,0.047999999613096006,0.9709472656249407,0.02459016393437584
1181,cnn_direct_vector_regression__distance_transform,CNN + Distance-to-stroke,distance_transform,1,1,0,0.5,0.0,0.75,1.0,1.0,0,0,0,16,13,16355,0.0,0.0,0.0,0.998229980468689,0.0
1181,cnn_direct_vector_regression__local_density,CNN + Local density blur,local_density,1,1,0,0.4590909090909091,0.0,0.5454545454545454,1.0,1.0,0,0,0,21,13,16350,0.0,0.0,0.0,0.997924804687439,0.0
1182,cnn_direct_vector_regression__distance_transform,CNN + Distance-to-stroke,distance_transform,4,4,0,0.6071248499399761,0.21764705882352942,0.7959183673469388,1.0,1.0,0,0,6,134,142,16102,0.04285714285683674,0.04054054054026662,0.04166666616676313,0.9831542968749399,0.021276595744605404
1182,cnn_direct_vector_regression__local_density,CNN + Local density blur,local_density,4,3,1,0.5404462041226747,0.1558823529411765,0.7264957264957265,1.0,0.75,0,0,5,81,143,16155,0.05813953488304489,0.03378378378355552,0.042735042269778666,0.9863281249999398,0.021834061135275834
1183,cnn_direct_vector_regression__distance_transform,CNN + Distance-to-stroke,distance_transform,4,5,1,0.30718034135584765,0.1609538002980626,0.7737556561085973,0.0,0.8,1,1,34,126,504,15720,0.2124999999986719,0.06319702602218737,0.097421203084753,0.9615478515624413,0.05120481927703132
1183,cnn_direct_vector_regression__local_density,CNN + Local density blur,local_density,4,5,1,0.46737176644493716,0.27636363636363637,0.8983739837398375,0.3333333333333333,0.8,1,3,30,185,508,15661,0.13953488372028125,0.05576208178428297,0.0796812744921862,0.9577026367186915,0.041493775933552565
1184,cnn_direct_vector_regression__distance_transform,CNN + Distance-to-stroke,distance_transform,2,2,0,0.38569371196754565,0.2670588235294118,0.8275862068965517,0.0,1.0,1,0,1,120,145,16118,0.008264462809849054,0.006849315068446238,0.007490636208447339,0.9838256835936899,0.0037593984962264685
1184,cnn_direct_vector_regression__local_density,CNN + Local density blur,local_density,2,2,0,0.3343747464503043,0.20205882352941176,0.7172413793103448,0.0,1.0,1,0,5,100,141,16138,0.047619047618594104,0.03424657534223119,0.03984063696322281,0.9852905273436898,0.0203252032519499
1185,cnn_direct_vector_regression__distance_transform,CNN + Distance-to-stroke,distance_transform,1,1,0,0.5412102803738318,0.12999999999999998,0.6635514018691588,1.0,1.0,0,0,0,72,326,15986,0.0,0.0,0.0,0.9757080078124404,0.0
1185,cnn_direct_vector_regression__local_density,CNN + Local density blur,local_density,1,1,0,0.7808177570093459,0.65,0.691588785046729,1.0,1.0,0,0,0,75,326,15983,0.0,0.0,0.0,0.9755249023436904,0.0
1186,cnn_direct_vector_regression__distance_transform,CNN + Distance-to-stroke,distance_transform,5,5,0,0.5463802613918565,0.029461996717018022,0.9156118143459916,1.0,1.0,0,0,34,193,626,15531,0.14977973568215958,0.051515151515073465,0.0766629082999254,0.9500122070311919,0.03985932004684659
1186,cnn_direct_vector_regression__local_density,CNN + Local density blur,local_density,5,5,0,0.553300562796911,0.027815894797026872,0.9539170506912442,1.0,1.0,0,0,3,200,657,15524,0.014778325123079911,0.004545454545447658,0.006952490949580359,0.9476928710936922,0.0034883720930191995
1187,cnn_direct_vector_regression__distance_transform,CNN + Distance-to-stroke,distance_transform,1,1,0,0.9175,0.8444444444444444,0.9375,1.0,1.0,0,0,0,17,16,16351,0.0,0.0,0.0,0.997985839843689,0.0
1187,cnn_direct_vector_regression__local_density,CNN + Local density blur,local_density,1,1,0,0.4357142857142857,0.0,0.4285714285714286,1.0,1.0,0,0,0,33,16,16335,0.0,0.0,0.0,0.9970092773436892,0.0
1188,cnn_direct_vector_regression__distance_transform,CNN + Distance-to-stroke,distance_transform,1,1,0,0.4833333333333334,0.0,0.6666666666666667,1.0,1.0,0,0,3,43,213,16125,0.06521739130293006,0.013888888888824589,0.022900763069110198,0.9843749999999399,0.011583011582966861
1188,cnn_direct_vector_regression__local_density,CNN + Local density blur,local_density,1,1,0,0.5094202898550725,0.0,0.7971014492753623,1.0,1.0,0,0,18,37,198,16131,0.32727272726677686,0.08333333333294754,0.13284132808877874,0.9856567382811898,0.07114624505900732
1189,cnn_direct_vector_regression__distance_transform,CNN + Distance-to-stroke,distance_transform,4,4,0,0.5937277696198401,0.1911522633744856,0.788546255506608,1.0,1.0,0,0,0,175,424,15785,0.0,0.0,0.0,0.9634399414061912,0.0
1189,cnn_direct_vector_regression__local_density,CNN + Local density blur,local_density,4,5,1,0.5159030837004406,0.0,0.9295154185022027,1.0,0.8,0,0,22,180,402,15780,0.10891089108856976,0.05188679245270782,0.07028753949875982,0.9644775390624412,0.03642384105954235
1190,cnn_direct_vector_regression__distance_transform,CNN + Distance-to-stroke,distance_transform,5,5,0,0.3745522471910112,0.1781716604244694,0.971875,0.0,1.0,0,1,10,267,844,15263,0.03610108303236065,0.011709601873522588,0.017683465589432457,0.932189941406193,0.008920606601240928
1190,cnn_direct_vector_regression__local_density,CNN + Local density blur,local_density,5,5,0,0.31190523100495016,0.09590051334433355,0.84375,0.0,1.0,0,1,21,244,833,15286,0.07924528301856888,0.024590163934397436,0.03753351170280499,0.9342651367186929,0.01912568306009187
1191,cnn_direct_vector_regression__distance_transform,CNN + Distance-to-stroke,distance_transform,5,5,0,0.38243781867926874,0.18491780550604078,0.9961240310077519,0.0,1.0,1,2,9,236,660,15479,0.03673469387740108,0.01345291479818617,0.019693653874514612,0.9453124999999423,0.009944751381204481
1191,cnn_direct_vector_regression__local_density,CNN + Local density blur,local_density,5,5,0,0.3489208949964764,0.15867003367003366,0.8875968992248062,0.0,1.0,1,1,20,203,649,15512,0.08968609865430635,0.02989536621819149,0.044843048952253724,0.9479980468749422,0.02293577981648746
1192,cnn_direct_vector_regression__distance_transform,CNN + Distance-to-stroke,distance_transform,1,1,0,0.6810555555555555,0.39,0.7777777777777778,1.0,1.0,0,0,0,28,72,16284,0.0,0.0,0.0,0.9938964843749393,0.0
1192,cnn_direct_vector_regression__local_density,CNN + Local density blur,local_density,1,1,0,0.6935,0.39,0.84,1.0,1.0,0,0,0,26,72,16286,0.0,0.0,0.0,0.9940185546874393,0.0
1193,cnn_direct_vector_regression__distance_transform,CNN + Distance-to-stroke,distance_transform,2,2,0,0.47765957446808516,0.0,0.6382978723404256,1.0,1.0,0,0,2,57,94,16231,0.033898305084171215,0.02083333333311632,0.0258064511410614,0.9907836914061895,0.013071895424751165
1193,cnn_direct_vector_regression__local_density,CNN + Local density blur,local_density,2,2,0,0.3590836713995943,0.21558823529411764,0.8103448275862069,0.0,1.0,0,1,2,108,94,16180,0.018181818181652893,0.02083333333311632,0.01941747523027619,0.9876708984374397,0.009803921568579394
1194,cnn_direct_vector_regression__distance_transform,CNN + Distance-to-stroke,distance_transform,2,2,0,0.5570714285714286,0.13,0.7428571428571429,1.0,1.0,0,0,48,31,285,16020,0.6075949367011697,0.1441441441437113,0.23300970842677213,0.9807128906249402,0.1318681318677696
1194,cnn_direct_vector_regression__local_density,CNN + Local density blur,local_density,2,2,0,0.6206071428571428,0.195,0.9142857142857143,1.0,1.0,0,0,0,98,333,15953,0.0,0.0,0.0,0.9736938476561905,0.0
1195,cnn_direct_vector_regression__distance_transform,CNN + Distance-to-stroke,distance_transform,1,1,0,0.5023809523809524,0.0,0.7619047619047619,1.0,1.0,0,0,2,19,37,16326,0.0952380952335601,0.05128205128073636,0.06666666620944445,0.9965820312499392,0.03448275862009513
1195,cnn_direct_vector_regression__local_density,CNN + Local density blur,local_density,1,1,0,0.4603448275862069,0.0,0.5517241379310345,1.0,1.0,0,0,0,28,39,16317,0.0,0.0,0.0,0.9959106445311892,0.0
1196,cnn_direct_vector_regression__distance_transform,CNN + Distance-to-stroke,distance_transform,4,4,0,0.561848380355277,0.05953535353535354,0.9252873563218391,1.0,1.0,0,0,2,164,330,15888,0.012048192771011759,0.006024096385524024,0.008032128069579548,0.9698486328124408,0.004032258064507999
1196,cnn_direct_vector_regression__local_density,CNN + Local density blur,local_density,4,4,0,0.6064757118927974,0.21037037037037037,0.8090452261306533,1.0,1.0,0,0,8,192,324,15860,0.0399999999998,0.024096385542096095,0.0300751875005936,0.9685058593749408,0.015267175572489949
1197,cnn_direct_vector_regression__distance_transform,CNN + Distance-to-stroke,distance_transform,4,5,1,0.36309688236522236,0.2863546538436203,0.771186440677966,0.0,0.8,0,1,4,225,366,15789,0.017467248908220667,0.010810810810781593,0.013355592182084236,0.9639282226561912,0.006722689075618953
1197,cnn_direct_vector_regression__local_density,CNN + Local density blur,local_density,4,5,1,0.300497432529428,0.08955425050543948,0.900990099009901,0.0,0.8,0,1,5,184,365,15830,0.026455026454886482,0.013513513513476991,0.017889087208886312,0.9664916992186909,0.009025270758106453
1198,cnn_direct_vector_regression__distance_transform,CNN + Distance-to-stroke,distance_transform,4,5,1,0.3662286631879702,0.20474630263055726,0.9704641350210971,0.0,0.8,1,1,34,188,511,15651,0.15315315315246328,0.062385321100802964,0.08865710519469852,0.9573364257811915,0.04638472032735828
1198,cnn_direct_vector_regression__local_density,CNN + Local density blur,local_density,4,5,1,0.35648581116920514,0.2038819007686932,0.9236947791164658,0.0,0.8,1,2,23,210,522,15629,0.09871244635150768,0.042201834862307885,0.05912596359054263,0.9553222656249417,0.03046357615890005
1199,cnn_direct_vector_regression__distance_transform,CNN + Distance-to-stroke,distance_transform,2,3,1,0.6253849184533626,0.3288235294117647,0.8037383177570093,1.0,0.6666666666666667,0,0,0,214,526,15644,0.0,0.0,0.0,0.9548339843749417,0.0
1199,cnn_direct_vector_regression__local_density,CNN + Local density blur,local_density,2,3,1,0.6918538324420678,0.4862745098039216,0.7818181818181819,1.0,0.6666666666666667,0,0,0,223,526,15635,0.0,0.0,0.0,0.9542846679686917,0.0
