Cycle,Training samples,sample,Method,True vectors,Predicted vectors,Vector count error,Engineering score,Line geometry score,Total length score,Junction angle score,Vector count score,True junctions,Predicted junctions,tp,fp,fn,tn,sample_precision,sample_recall,sample_f1,sample_accuracy,sample_iou
larger,100000,0,CNN distance-density,1,1,0,0.5711363636363637,0.09545454545454544,0.8909090909090909,1.0,1.0,0,0,14,28,190,16152,0.33333333332539683,0.06862745098005575,0.11382113792729197,0.9866943359374397,0.060344827585946795
larger,100000,1,CNN distance-density,2,2,0,0.49835262828535665,0.003431372549019595,0.7340425531914894,1.0,1.0,0,0,14,51,206,16113,0.21538461538130177,0.06363636363607439,0.09824561368228994,0.9843139648436899,0.05166051660497543
larger,100000,2,CNN distance-density,2,2,0,0.5758840282524493,0.06810207336523125,0.9761904761904762,1.0,1.0,0,0,9,74,255,16046,0.1084337349384526,0.03409090909077996,0.051873198483003764,0.9799194335936902,0.026627218934832466
larger,100000,3,CNN distance-density,4,4,0,0.6033619632682132,0.12328525641025641,0.9894179894179894,1.0,1.0,0,0,26,163,535,15660,0.13756613756540972,0.04634581105161079,0.06933333295615646,0.9573974609374415,0.03591160220989515
larger,100000,4,CNN distance-density,4,6,2,0.21005607919202465,0.05289285257639688,0.5979381443298969,0.0,0.6666666666666667,0,7,37,412,667,15268,0.08240534521139777,0.05255681818174353,0.06418039848358181,0.9341430664061929,0.03315412186376958
larger,100000,5,CNN distance-density,5,5,0,0.33685433280170124,0.09087719298245615,0.9797979797979798,0.0,1.0,1,0,17,174,451,15742,0.08900523560162825,0.03632478632470871,0.051593322805179136,0.9618530273436913,0.026479750778774954
larger,100000,6,CNN distance-density,1,1,0,0.51,0.0,0.8,1.0,1.0,0,0,18,23,83,16260,0.43902439023319456,0.17821782178041368,0.2535211263462607,0.9935302734374394,0.14516129032140998
larger,100000,7,CNN distance-density,4,4,0,0.6707373532068653,0.2704732510288066,0.9951219512195122,1.0,1.0,0,0,23,184,260,15917,0.11111111111057435,0.08127208480536653,0.09387755053205332,0.9729003906249406,0.04925053533180032
larger,100000,8,CNN distance-density,3,3,0,0.2701957831325301,0.019444444444444438,0.8072289156626506,0.0,1.0,1,0,13,103,241,16027,0.11206896551627527,0.051181102362003225,0.07027026983944484,0.9790039062499403,0.03641456582622853
larger,100000,9,CNN distance-density,2,2,0,0.5907446808510638,0.09999999999999999,0.9787234042553191,1.0,1.0,0,0,0,47,132,16205,0.0,0.0,0.0,0.9890747070311896,0.0
larger,100000,10,CNN distance-density,4,5,1,0.36944150407161275,0.3263124604680582,0.7130044843049328,0.0,0.8,0,2,3,193,458,15730,0.0153061224489015,0.006507592190875255,0.009132419672641449,0.9602661132811914,0.004587155963295738
larger,100000,11,CNN distance-density,4,5,1,0.23501080591187956,0.11679292929292931,0.5122699386503067,0.0,0.8,0,2,16,291,457,15620,0.052117263843478444,0.03382663847772975,0.04102564054818212,0.9543457031249417,0.02094240837693594
larger,100000,12,CNN distance-density,5,5,0,0.36795171548008776,0.09463016945894863,0.9879518072289156,0.1111111111111111,1.0,1,9,5,217,638,15524,0.02252252252242107,0.007776049766706414,0.011560693260032758,0.9478149414061922,0.005813953488365333
larger,100000,13,CNN distance-density,5,5,0,0.6626048354206249,0.26888098624940726,0.958041958041958,1.0,1.0,0,0,1,134,332,15917,0.007407407407352538,0.003003003002993985,0.004273503862983093,0.9715576171874407,0.002141327623121753
larger,100000,14,CNN distance-density,3,5,2,0.26673945393374743,0.31863425925925926,0.31677018633540377,0.0,0.6,1,3,29,253,258,15844,0.10283687943225944,0.10104529616689531,0.10193321566839737,0.9688110351561908,0.05370370370360426
larger,100000,15,CNN distance-density,2,2,0,0.5177134146341463,0.058333333333333334,0.7073170731707317,1.0,1.0,0,0,0,28,87,16269,0.0,0.0,0.0,0.9929809570311894,0.0
larger,100000,16,CNN distance-density,3,3,0,0.5795639834881321,0.09619883040935674,0.9313725490196079,1.0,1.0,0,0,1,96,230,16057,0.010309278350409182,0.004329004328985589,0.006097560559023675,0.9801025390624402,0.0030581039755258163
larger,100000,17,CNN distance-density,4,5,1,0.23273259872357402,0.06213768115942029,0.6238532110091743,0.0,0.8,1,1,17,295,540,15532,0.05448717948700485,0.030520646319514327,0.03912543107014796,0.949035644531192,0.01995305164316907
larger,100000,18,CNN distance-density,3,3,0,0.6250228855169352,0.30856149500217295,0.6808510638297872,1.0,1.0,0,0,11,176,238,15959,0.058823529411450144,0.044176706827131824,0.0504587151062095,0.9747314453124405,0.02588235294111557
larger,100000,19,CNN distance-density,2,2,0,0.5713496204933587,0.09973118279569891,0.8823529411764706,1.0,1.0,0,0,7,40,90,16247,0.14893617020959712,0.07216494845286428,0.09722222178115356,0.9920654296874394,0.051094890510575953
larger,100000,20,CNN distance-density,1,1,0,0.6376666666666667,0.26,0.8533333333333333,1.0,1.0,0,0,0,76,65,16243,0.0,0.0,0.0,0.9913940429686895,0.0
larger,100000,21,CNN distance-density,4,4,0,0.6090868526420389,0.1667651098901099,0.9202127659574468,1.0,1.0,0,0,50,95,603,15636,0.3448275862045185,0.07656967840723343,0.1253132829103303,0.9573974609374415,0.06684491978600689
larger,100000,22,CNN distance-density,3,2,1,0.554718018018018,0.19266666666666668,0.7567567567567568,1.0,0.6666666666666667,0,0,2,65,169,16148,0.02985074626821118,0.011695906432680142,0.016806722284407893,0.9857177734374398,0.008474576271150532
larger,100000,23,CNN distance-density,1,1,0,0.7362380952380951,0.42444444444444435,0.9761904761904762,1.0,1.0,0,0,14,28,29,16313,0.33333333332539683,0.32558139534126557,0.32941176419820073,0.9965209960936892,0.19718309858877206
larger,100000,24,CNN distance-density,1,1,0,0.6787116076014381,0.3331638418079096,0.8939393939393939,1.0,1.0,0,0,22,45,38,16279,0.32835820895032297,0.3666666666605556,0.3464566924094488,0.9949340820311893,0.20952380952181404
larger,100000,25,CNN distance-density,4,4,0,0.5441911764705882,0.03611111111111111,0.8897058823529411,1.0,1.0,0,0,6,122,249,16007,0.04687499999963379,0.023529411764613612,0.031331592244108294,0.9773559570311903,0.01591511936335301
larger,100000,26,CNN distance-density,1,1,0,0.7075,0.35,1.0,1.0,1.0,0,0,0,18,18,16348,0.0,0.0,0.0,0.997802734374939,0.0
larger,100000,27,CNN distance-density,3,3,0,0.6060295055821371,0.1487524366471735,0.9454545454545454,1.0,1.0,0,0,0,166,447,15771,0.0,0.0,0.0,0.9625854492186913,0.0
larger,100000,28,CNN distance-density,4,5,1,0.1978369874507515,0.06128277153558052,0.4512987012987013,0.0,0.8,0,6,0,256,329,15799,0.0,0.0,0.0,0.9642944335936912,0.0
larger,100000,29,CNN distance-density,1,1,0,0.7075,0.35,1.0,1.0,1.0,0,0,0,14,15,16355,0.0,0.0,0.0,0.998229980468689,0.0
larger,100000,30,CNN distance-density,2,2,0,0.5462264150943397,0.0,0.9811320754716981,1.0,1.0,0,0,6,41,79,16258,0.12765957446536896,0.0705882352932872,0.0909090904491506,0.9926757812499394,0.04761904761866969
larger,100000,31,CNN distance-density,3,6,3,0.281721418116767,0.33076923076923076,0.41437632135306557,0.0,0.5,0,2,6,409,523,15446,0.014457831325266367,0.011342155009430355,0.012711863914044564,0.9431152343749424,0.006396588486133906
larger,100000,32,CNN distance-density,4,5,1,0.22329431600741667,0.07486621385201192,0.5480225988700564,0.0,0.8,0,1,13,320,435,15616,0.03903903903892181,0.029017857142792373,0.03329065251971849,0.9539184570311917,0.016927083333311294
larger,100000,33,CNN distance-density,3,5,2,0.13719797818225926,0.011678960309097288,0.3597122302158273,0.0,0.6,0,1,23,365,358,15638,0.05927835051531114,0.060367454068083026,0.05981794488350095,0.9558715820311916,0.030831099195669127
larger,100000,34,CNN distance-density,3,6,3,0.24651600346020763,0.3167483660130719,0.2698961937716263,0.0,0.5,0,3,10,514,316,15544,0.019083969465612437,0.030674846625672776,0.023529411291781325,0.949340820312442,0.011904761904747733
larger,100000,35,CNN distance-density,1,1,0,0.6330377358490565,0.26,0.8301886792452831,1.0,1.0,0,0,7,47,38,16292,0.1296296296272291,0.15555555555209877,0.1414141409154168,0.9948120117186893,0.07608695652091209
larger,100000,36,CNN distance-density,2,2,0,0.27642169811320755,0.06493710691823898,0.736,0.0,1.0,1,0,3,80,123,16178,0.03614457831281753,0.023809523809334845,0.028708133492181962,0.9876098632811897,0.01456310679604581
larger,100000,37,CNN distance-density,1,1,0,0.4907407407407407,0.0,0.7037037037037037,1.0,1.0,0,0,5,33,147,16199,0.13157894736495845,0.03289473684188885,0.05263157862681441,0.9890136718749396,0.027027027026880937
larger,100000,38,CNN distance-density,5,5,0,0.34651845168701134,0.13281702898550724,0.9337539432176656,0.0,1.0,2,8,25,219,925,15215,0.10245901639302271,0.02631578947365651,0.04187604657591419,0.9301757812499432,0.021385799828895307
larger,100000,39,CNN distance-density,2,2,0,0.5127450980392156,0.0,0.8137254901960784,1.0,1.0,0,0,8,89,189,16098,0.08247422680327346,0.04060913705563143,0.05442176826495904,0.9830322265624399,0.02797202797193017
larger,100000,40,CNN distance-density,5,5,0,0.2830840119112381,0.07872835980275121,0.73828125,0.0,1.0,2,1,22,217,543,15602,0.09205020920463577,0.038938053097276215,0.05472636774127188,0.9536132812499418,0.028132992327329753
larger,100000,41,CNN distance-density,1,1,0,0.8357105263157895,0.67,0.9210526315789473,1.0,1.0,0,0,0,77,215,16092,0.0,0.0,0.0,0.98217773437494,0.0
larger,100000,42,CNN distance-density,1,1,0,0.6191666666666666,0.18333333333333332,0.9333333333333333,1.0,1.0,0,0,8,38,105,16233,0.17391304347448017,0.07079646017636464,0.10062893040512638,0.9912719726561895,0.05298013244998027
larger,100000,43,CNN distance-density,4,5,1,0.3179854440512302,0.11661821705426356,0.927536231884058,0.0,0.8,2,5,27,196,401,15760,0.12107623318331356,0.06308411214938532,0.08294930830508661,0.9635620117186912,0.04326923076916143
larger,100000,44,CNN distance-density,5,5,0,0.3464916448879386,0.17981749865807836,0.8278688524590164,0.0,1.0,1,0,3,93,256,16032,0.03124999999967448,0.011583011582966861,0.01690140805602064,0.9786987304686903,0.00852272727270306
larger,100000,45,CNN distance-density,5,6,1,0.36434807238956946,0.291428036209084,0.7493606138107417,0.0,0.8333333333333334,1,11,13,308,681,15382,0.04049844236747508,0.01873198847259549,0.025615763114271165,0.9396362304686926,0.012974051896194636
larger,100000,46,CNN distance-density,5,6,1,0.21796717171717173,0.04116161616161615,0.5805555555555555,0.0,0.8333333333333334,1,0,38,229,431,15686,0.14232209737774412,0.08102345415760975,0.10326086910259998,0.9597167968749414,0.054441260744907675
larger,100000,47,CNN distance-density,2,2,0,0.5844985994397759,0.16380952380952382,0.803921568627451,1.0,1.0,0,0,0,92,231,16061,0.0,0.0,0.0,0.9802856445311902,0.0
larger,100000,48,CNN distance-density,2,2,0,0.5596710526315789,0.09166666666666666,0.8421052631578947,1.0,1.0,0,0,0,28,40,16316,0.0,0.0,0.0,0.9958496093749392,0.0
larger,100000,49,CNN distance-density,4,5,1,0.2547053963115976,0.15748427672955975,0.5191873589164786,0.0,0.8,0,6,62,349,574,15399,0.15085158150814879,0.09748427672940647,0.11843361938914933,0.9436645507811924,0.06294416243648432
larger,100000,50,CNN distance-density,4,5,1,0.2848286290322581,0.25625,0.44758064516129037,0.0,0.8,0,3,13,217,370,15784,0.05652173913018904,0.03394255874664767,0.04241435515906848,0.9641723632811912,0.021666666666630557
larger,100000,51,CNN distance-density,2,2,0,0.5430232558139535,0.0,0.9651162790697675,1.0,1.0,0,0,3,67,250,16064,0.04285714285653061,0.011857707509834555,0.018575851053570923,0.9806518554686902,0.009374999999970704
larger,100000,52,CNN distance-density,3,4,1,0.257985347985348,0.07777777777777778,0.73992673992674,0.0,0.75,1,1,24,239,407,15714,0.09125475285136406,0.05568445475625131,0.06916426465878382,0.9605712890624414,0.0358208955223346
larger,100000,53,CNN distance-density,2,3,1,0.5082052180685358,0.0975,0.7383177570093458,1.0,0.6666666666666667,0,0,0,86,193,16105,0.0,0.0,0.0,0.9829711914061899,0.0
larger,100000,54,CNN distance-density,5,6,1,0.2967340172239109,0.13649999999999998,0.7598784194528876,0.0,0.8333333333333334,1,2,4,299,302,15779,0.013201320131969634,0.013071895424793882,0.013136288498326976,0.9633178710936912,0.006611570247922956
larger,100000,55,CNN distance-density,4,4,0,0.5472638888888889,0.1297222222222222,0.6944444444444444,1.0,1.0,0,0,4,105,173,16102,0.036697247706085345,0.0225988700563695,0.027972027500097814,0.9830322265624399,0.014184397163070269
larger,100000,56,CNN distance-density,4,4,0,0.5873941562313655,0.1692307692307692,0.8062015503875969,1.0,1.0,0,0,1,108,104,16171,0.009174311926521336,0.009523809523718821,0.009345793892610737,0.9870605468749397,0.004694835680729132
larger,100000,57,CNN distance-density,4,7,3,0.21473963133640553,0.15666666666666665,0.4354838709677419,0.0,0.5714285714285714,3,17,35,405,532,15412,0.07954545454527376,0.06172839506161953,0.0695134056647164,0.9428100585936924,0.03600823045263785
larger,100000,58,CNN distance-density,1,1,0,0.5756451612903226,0.09999999999999999,0.9032258064516129,1.0,1.0,0,0,37,26,136,16185,0.5873015872922651,0.21387283236870594,0.31355932163986644,0.9901123046874395,0.18592964824027172
larger,100000,59,CNN distance-density,3,3,0,0.32729674796747965,0.09769647696476964,0.9166666666666666,0.0,1.0,1,0,8,123,226,16027,0.061068702289610165,0.034188034187888086,0.04383561597793208,0.9786987304686903,0.022408963585371405
larger,100000,60,CNN distance-density,2,2,0,0.5578751778093883,0.11359649122807017,0.7837837837837838,1.0,1.0,0,0,0,69,144,16171,0.0,0.0,0.0,0.9869995117186897,0.0
larger,100000,61,CNN distance-density,5,6,1,0.2359194139194139,0.08022792022792019,0.5824175824175823,0.0,0.8333333333333334,0,8,30,363,640,15351,0.07633587786240119,0.044776119402918244,0.05644402587439125,0.9387817382811927,0.029041626331046427
larger,100000,62,CNN distance-density,2,9,7,0.052525252525252523,0.0,0.1515151515151515,0.0,0.2222222222222222,0,10,27,625,226,15506,0.04141104294472176,0.106719367588511,0.059668507884350304,0.9480590820311922,0.03075170842821099
larger,100000,63,CNN distance-density,2,2,0,0.6167427683480755,0.17328605200945627,0.9438202247191011,1.0,1.0,0,0,6,79,276,16023,0.0705882352932872,0.021276595744605404,0.03269754732781446,0.9783325195311903,0.01662049861491241
larger,100000,64,CNN distance-density,4,4,0,0.5834890664423885,0.09357723577235771,0.9568965517241379,1.0,1.0,0,0,3,104,368,15909,0.02803738317730806,0.00808625336925044,0.012552300907695952,0.9711914062499407,0.006315789473670915
larger,100000,65,CNN distance-density,3,5,2,0.21559302325581395,0.13,0.48546511627906974,0.0,0.6,0,3,27,283,419,15655,0.08709677419326743,0.060538116591792514,0.07142857094456342,0.9571533203124416,0.037037037036986235
larger,100000,66,CNN distance-density,5,6,1,0.3007586387038187,0.18240893277971046,0.6600397614314115,0.01333333333333333,0.8333333333333334,4,15,24,423,692,15245,0.05369127516766512,0.03351955307257888,0.041272570463909794,0.931945800781193,0.021071115013150947
larger,100000,67,CNN distance-density,5,5,0,0.33876765438936585,0.11304347826086956,0.9394904458598726,0.0,1.0,1,0,16,276,695,15397,0.054794520547757554,0.0225035161743706,0.03190428672577682,0.9407348632811926,0.01621073961497851
larger,100000,68,CNN distance-density,4,4,0,0.6231665551093262,0.2295267489711934,0.8493975903614458,1.0,1.0,0,0,19,123,420,15822,0.1338028169004662,0.04328018223224765,0.0654044746734605,0.9668579101561909,0.033807829181434504
larger,100000,69,CNN distance-density,1,1,0,0.7637400379506641,0.5141935483870967,0.9117647058823529,1.0,1.0,0,0,17,52,46,16269,0.2463768115906322,0.26984126983698664,0.257575757072888,0.9940185546874393,0.1478260869552363
larger,100000,70,CNN distance-density,2,3,1,0.22176378216733048,0.12453447050461976,0.4952830188679245,0.0,0.6666666666666667,0,1,16,159,330,15879,0.09142857142804899,0.04624277456634034,0.06142034504307014,0.9701538085936907,0.03168316831676894
larger,100000,71,CNN distance-density,1,1,0,0.8439375,0.6670833333333333,0.96875,1.0,1.0,0,0,0,32,101,16251,0.0,0.0,0.0,0.9918823242186894,0.0
larger,100000,72,CNN distance-density,2,2,0,0.48710134128166915,0.0016393442622950837,0.6818181818181819,1.0,1.0,0,0,8,94,232,16050,0.07843137254825067,0.033333333333194444,0.046783625312130234,0.9801025390624402,0.02395209580831152
larger,100000,73,CNN distance-density,5,6,1,0.27821544969142226,0.1601668862538428,0.6140350877192983,0.0,0.8333333333333334,1,1,4,349,677,15354,0.011331444759174698,0.005873715124807821,0.007736943457454317,0.9373779296874427,0.003883495145627298
larger,100000,74,CNN distance-density,4,5,1,0.2397106261859583,0.02516339869281044,0.7419354838709677,0.0,0.8,1,0,21,159,618,15586,0.11666666666601852,0.03286384976520679,0.051282050938972305,0.9525756835936918,0.026315789473651232
larger,100000,75,CNN distance-density,3,3,0,0.34454751131221717,0.15128205128205124,0.8823529411764706,0.0,1.0,1,0,27,137,562,15658,0.16463414634045956,0.0458404074702108,0.07171314706944687,0.9573364257811915,0.03719008264457687
larger,100000,76,CNN distance-density,3,5,2,0.1740151515151515,0.07962962962962963,0.3909090909090909,0.0,0.6,0,1,21,295,359,15709,0.06645569620232135,0.055263157894591415,0.06034482709026127,0.9600830078124414,0.031111111111065022
larger,100000,77,CNN distance-density,5,6,1,0.24800131794631017,0.11372426915758518,0.5674603174603174,0.0,0.8333333333333334,1,8,27,420,623,15314,0.060402684563623264,0.04153846153839763,0.04922515904301198,0.9363403320311928,0.025233644859789503
larger,100000,78,CNN distance-density,3,3,0,0.6446830985915493,0.21666666666666667,0.9859154929577465,1.0,1.0,0,0,1,71,155,16157,0.013888888888695987,0.00641025641021532,0.008771929392351515,0.9862060546874398,0.004405286343592929
larger,100000,79,CNN distance-density,5,6,1,0.36799418107252035,0.27138849929873776,0.8126801152737753,0.0,0.8333333333333334,2,1,10,310,324,15740,0.031249999999902345,0.029940119760389402,0.030581039255487295,0.9613037109374413,0.015527950310534895
larger,100000,80,CNN distance-density,2,2,0,0.53375,0.09722222222222222,0.7,1.0,1.0,0,0,4,45,33,16302,0.08163265305955852,0.10810810810518627,0.09302325532152515,0.9952392578124393,0.048780487804283165
larger,100000,81,CNN distance-density,2,2,0,0.5836188271604938,0.1625,0.8024691358024691,1.0,1.0,0,0,0,65,78,16241,0.0,0.0,0.0,0.9912719726561895,0.0
larger,100000,82,CNN distance-density,3,3,0,0.28292046202809484,0.06226333609729131,0.7745098039215687,0.0,1.0,1,0,1,202,262,15919,0.00492610837435997,0.0038022813688068356,0.004291845001832841,0.9716796874999407,0.0021505376344039774
larger,100000,83,CNN distance-density,3,3,0,0.6913283681636283,0.3346153846153846,0.953757225433526,1.0,1.0,0,0,10,162,367,15845,0.058139534883382915,0.026525198938921683,0.03642987206502965,0.9677124023436909,0.01855287569569842
larger,100000,84,CNN distance-density,1,1,0,0.6981027397260274,0.39,0.863013698630137,1.0,1.0,0,0,0,74,198,16112,0.0,0.0,0.0,0.9833984374999399,0.0
larger,100000,85,CNN distance-density,5,5,0,0.6315075757575758,0.23499999999999996,0.8787878787878788,1.0,1.0,0,0,53,80,334,15917,0.3984962405985076,0.13695090439241098,0.20384615346466717,0.9747314453124405,0.11349036402545291
larger,100000,86,CNN distance-density,1,1,0,0.7514418604651163,0.52,0.8372093023255813,1.0,1.0,0,0,0,44,37,16303,0.0,0.0,0.0,0.9950561523436893,0.0
larger,100000,87,CNN distance-density,5,6,1,0.20585897435897438,0.03296296296296295,0.5384615384615384,0.0,0.8333333333333334,1,5,34,344,516,15490,0.089947089946852,0.061818181818069425,0.07327586158598395,0.9475097656249422,0.038031319910472004
larger,100000,88,CNN distance-density,4,6,2,0.16880545343137257,0.0611764705882353,0.373046875,0.0,0.6666666666666667,0,5,6,427,332,15619,0.013856812932993403,0.01775147928988831,0.015564201842181156,0.9536743164061917,0.007843137254891708
larger,100000,89,CNN distance-density,1,1,0,0.9226058344640434,0.8346464646464646,0.9850746268656716,1.0,1.0,0,0,68,0,139,16177,0.9999999999852941,0.32850241545735026,0.4945454541696,0.9915161132811895,0.32850241545735026
larger,100000,90,CNN distance-density,3,5,2,0.16576571201272872,0.07592592592592591,0.35799522673031026,0.0,0.6,0,1,22,372,409,15581,0.05583756345163493,0.051044083526563706,0.05333333283420975,0.9523315429686918,0.027397260273938486
larger,100000,91,CNN distance-density,5,6,1,0.29198338846373073,0.17365556583410421,0.6525252525252525,0.0,0.8333333333333334,2,8,19,374,675,15316,0.04834605597952075,0.027377521613793403,0.034958601194208724,0.9359741210936928,0.017790262172267986
larger,100000,92,CNN distance-density,2,3,1,0.4028506343713957,0.4025925925925926,0.7750865051903114,0.0,0.6666666666666667,1,2,20,260,423,15681,0.07142857142831632,0.04514672686220057,0.05532503410340731,0.9583129882811915,0.028449502133672193
larger,100000,93,CNN distance-density,3,3,0,0.7178138556358895,0.38421911421911425,0.9745762711864406,1.0,1.0,0,0,1,104,270,16009,0.009523809523718821,0.0036900369003553873,0.005319148533598378,0.9771728515624404,0.0026666666666595555
larger,100000,94,CNN distance-density,4,5,1,0.33430093498586655,0.24200913242009134,0.7269841269841271,0.0,0.8,0,8,9,273,608,15494,0.03191489361690811,0.014586709886524172,0.020022246510429966,0.9462280273436923,0.010112359550550436
larger,100000,95,CNN distance-density,5,5,0,0.33959002267573696,0.14693474426807757,0.8673469387755102,0.0,1.0,4,4,21,218,324,15821,0.08786610878624324,0.06086956521721487,0.07191780773540417,0.9669189453124409,0.03730017761982718
larger,100000,96,CNN distance-density,2,2,0,0.5819208246048372,0.09590395480225987,0.9438202247191011,1.0,1.0,0,0,2,82,210,16090,0.02380952380924036,0.009433962264106444,0.013513513106921124,0.98217773437494,0.006802721088412236
larger,100000,97,CNN distance-density,2,3,1,0.2844713114754098,0.195,0.6502732240437159,0.0,0.6666666666666667,0,3,0,145,304,15935,0.0,0.0,0.0,0.9725952148436906,0.0
larger,100000,98,CNN distance-density,2,2,0,0.2703889110490626,0.056521739130434775,0.7247706422018348,0.0,1.0,1,0,8,66,161,16149,0.10810810810664719,0.04733727810622878,0.06584362097505463,0.9861450195311898,0.0340425531913445
larger,100000,99,CNN distance-density,1,1,0,0.5686111111111111,0.09074074074074072,0.8888888888888888,1.0,1.0,0,0,0,16,74,16294,0.0,0.0,0.0,0.9945068359374393,0.0
larger,100000,100,CNN distance-density,5,6,1,0.3411420199008779,0.28941482245919814,0.6378600823045267,0.0,0.8333333333333334,1,1,69,359,406,15550,0.16121495327065138,0.14526315789443103,0.1528239197667968,0.9533081054686918,0.08273381294954109
larger,100000,101,CNN distance-density,5,7,2,0.2238327793503928,0.1344232473135413,0.4595687331536388,0.0,0.7142857142857143,4,2,107,523,649,15105,0.16984126984100026,0.14153439153420433,0.15440115390506384,0.9284667968749433,0.08365910867858979
larger,100000,102,CNN distance-density,2,2,0,0.4923423423423423,0.0,0.7117117117117118,1.0,1.0,0,0,0,109,129,16146,0.0,0.0,0.0,0.9854736328124398,0.0
larger,100000,103,CNN distance-density,3,3,0,0.337360883797054,0.10011820330969265,0.9615384615384616,0.0,1.0,0,1,19,132,450,15783,0.12582781456870312,0.04051172707880488,0.0612903222119823,0.9644775390624412,0.031613976705438245
larger,100000,104,CNN distance-density,4,5,1,0.24058182107609044,0.13271604938271606,0.504297994269341,0.0,0.8,0,4,0,319,463,15602,0.0,0.0,0.0,0.9522705078124418,0.0
larger,100000,105,CNN distance-density,2,2,0,0.6903094059405941,0.325,0.9702970297029703,1.0,1.0,0,0,32,68,151,16133,0.3199999999968,0.17486338797718654,0.2261484094354031,0.9866333007811897,0.12749003984012952
larger,100000,106,CNN distance-density,2,2,0,0.5480392156862746,0.0,0.9901960784313726,1.0,1.0,0,0,0,90,362,15932,0.0,0.0,0.0,0.9724121093749406,0.0
larger,100000,107,CNN distance-density,3,4,1,0.5006347962382445,0.15191570881226052,0.5363636363636364,1.0,0.75,0,0,20,187,353,15824,0.09661835748745595,0.05361930294891791,0.0689655167820987,0.9670410156249409,0.03571428571422194
larger,100000,108,CNN distance-density,5,5,0,0.30830520845816134,0.07491638795986623,0.8729641693811074,0.0,1.0,1,1,31,220,569,15564,0.12350597609512548,0.051666666666580555,0.07285546374373414,0.9518432617186918,0.037804878048734385
larger,100000,109,CNN distance-density,1,1,0,0.6433535895986433,0.22931034482758622,0.9508196721311475,1.0,1.0,0,0,0,62,179,16143,0.0,0.0,0.0,0.9852905273436898,0.0
larger,100000,110,CNN distance-density,1,1,0,0.7466363636363637,0.48545454545454547,0.8909090909090909,1.0,1.0,0,0,0,50,174,16160,0.0,0.0,0.0,0.9863281249999398,0.0
larger,100000,111,CNN distance-density,4,6,2,0.26729412822865883,0.17822901861992937,0.6021220159151194,0.0,0.6666666666666667,2,3,26,286,435,15637,0.08333333333306624,0.05639913232091887,0.06727037468011092,0.9559936523436916,0.03480589022753038
larger,100000,112,CNN distance-density,2,2,0,0.5172727272727273,0.0,0.8363636363636364,1.0,1.0,0,0,6,49,94,16235,0.10909090908892563,0.0599999999994,0.07741935437985432,0.9912719726561895,0.04026845637556867
larger,100000,113,CNN distance-density,5,5,0,0.34359087545824507,0.23663101604278075,0.6855345911949686,0.0,1.0,2,0,60,140,946,15238,0.2999999999985,0.059642147117236935,0.09950248728535321,0.9337158203124429,0.05235602094236269
larger,100000,114,CNN distance-density,1,1,0,0.6375882352941177,0.26,0.8529411764705882,1.0,1.0,0,0,2,33,28,16321,0.057142857141224496,0.06666666666444444,0.061538461039526635,0.9962768554686892,0.03174603174552784
larger,100000,115,CNN distance-density,2,12,10,0.18813004650179666,0.32255020080321284,0.13157894736842102,0.0,0.16666666666666663,0,19,44,565,434,15341,0.07224958949085017,0.09205020920482834,0.08095676123664383,0.9390258789061927,0.042186001917505093
larger,100000,116,CNN distance-density,4,5,1,0.22852647319897518,0.0850445843168109,0.5512820512820513,0.0,0.8,0,3,19,176,246,15943,0.09743589743539777,0.07169811320727662,0.0826086951633932,0.9742431640624405,0.04308390022665967
larger,100000,117,CNN distance-density,1,1,0,0.478,0.0,0.64,1.0,1.0,0,0,0,25,17,16342,0.0,0.0,0.0,0.997436523437439,0.0
larger,100000,118,CNN distance-density,3,3,0,0.6383125,0.29,0.7890625,1.0,1.0,0,0,5,91,356,15932,0.0520833333327908,0.013850415512427008,0.021881837742426358,0.9727172851561906,0.011061946902630394
larger,100000,119,CNN distance-density,4,4,0,0.5059375,0.050231481481481474,0.6666666666666667,1.0,1.0,0,0,15,83,328,15958,0.15306122448823406,0.04373177842552848,0.06802721053836622,0.9749145507811905,0.03521126760555115
larger,100000,120,CNN distance-density,5,5,0,0.3259701954116387,0.10199782452092106,0.900355871886121,0.0,1.0,2,1,12,256,368,15748,0.044776119402818004,0.03157894736833795,0.037037036551859484,0.9619140624999413,0.01886792452827222
larger,100000,121,CNN distance-density,3,5,2,0.1819789783476981,0.10522691705790296,0.3731343283582089,0.0,0.6,1,0,12,367,306,15699,0.03166226912920406,0.03773584905648511,0.034433285013056585,0.9589233398436915,0.017518248175156906
larger,100000,122,CNN distance-density,1,1,0,0.7075,0.35,1.0,1.0,1.0,0,0,0,20,20,16344,0.0,0.0,0.0,0.997558593749939,0.0
larger,100000,123,CNN distance-density,5,6,1,0.3672330512669637,0.2983861839367457,0.7481296758104738,0.0,0.8333333333333334,1,6,27,340,715,15302,0.07356948228862788,0.036388140161676026,0.04869251533706432,0.9356079101561928,0.024953789279089693
larger,100000,124,CNN distance-density,2,2,0,0.5899508519003932,0.09285714285714285,0.9908256880733946,1.0,1.0,0,0,0,110,327,15947,0.0,0.0,0.0,0.9733276367186906,0.0
larger,100000,125,CNN distance-density,2,2,0,0.581831550802139,0.11430976430976428,0.9019607843137255,1.0,1.0,0,0,15,33,112,16224,0.3124999999934896,0.11811023621954243,0.17142857102850612,0.9911499023436895,0.09374999999941407
larger,100000,126,CNN distance-density,1,1,0,0.4928571428571429,0.0,0.7142857142857143,1.0,1.0,0,0,2,16,19,16347,0.11111111110493826,0.0952380952335601,0.10256410206180147,0.997863769531189,0.054054054052593135
larger,100000,127,CNN distance-density,2,2,0,0.5777556818181818,0.10208333333333333,0.9090909090909091,1.0,1.0,0,0,23,51,124,16186,0.31081081080661066,0.15646258503294924,0.2081447959327614,0.9893188476561896,0.11616161616102949
larger,100000,128,CNN distance-density,3,5,2,0.20462020537601933,0.09857881136950902,0.5012987012987014,0.0,0.6,2,8,12,339,422,15611,0.03418803418793679,0.02764976958518975,0.03057324791315511,0.9535522460936918,0.015523932729604756
larger,100000,129,CNN distance-density,5,6,1,0.2688981684981685,0.16328205128205128,0.5604395604395604,0.0,0.8333333333333334,0,6,43,277,354,15710,0.13437499999958008,0.1083123425689967,0.11994421149985315,0.9614868164061913,0.06379821958447508
larger,100000,130,CNN distance-density,4,6,2,0.25845249508546697,0.20540219935360635,0.49677419354838714,0.0,0.6666666666666667,1,7,30,327,606,15421,0.08403361344514276,0.04716981132068055,0.060422960264425,0.9430541992186924,0.031152647975045532
larger,100000,131,CNN distance-density,2,2,0,0.55,0.0,1.0,1.0,1.0,0,0,0,101,311,15972,0.0,0.0,0.0,0.9748535156249405,0.0
larger,100000,132,CNN distance-density,3,3,0,0.5659782608695652,0.049999999999999996,0.967391304347826,1.0,1.0,0,0,9,80,226,16069,0.10112359550448176,0.038297872340262565,0.0555555551567406,0.98132324218744,0.02857142857133787
larger,100000,133,CNN distance-density,3,3,0,0.5900925925925926,0.21666666666666667,0.712962962962963,1.0,1.0,0,0,0,78,165,16141,0.0,0.0,0.0,0.9851684570311898,0.0
larger,100000,134,CNN distance-density,4,4,0,0.5918651137717328,0.11431018190408693,0.9521276595744681,1.0,1.0,0,0,25,163,395,15801,0.132978723403548,0.0595238095236678,0.08223684167779388,0.965942382812441,0.04288164665515801
larger,100000,135,CNN distance-density,3,3,0,0.5769497986959775,0.07038712921065862,0.9763779527559056,1.0,1.0,0,0,24,97,212,16051,0.1983471074363773,0.10169491525380638,0.1344537810637353,0.98114013671869,0.07207207207185565
larger,100000,136,CNN distance-density,4,5,1,0.1816995614035088,0.041203703703703694,0.4157894736842105,0.0,0.8,0,4,5,323,325,15731,0.015243902438977915,0.015151515151469239,0.015197567889016193,0.9604492187499414,0.007656967840723343
larger,100000,137,CNN distance-density,1,1,0,0.5677736549165121,0.08484848484848484,0.8979591836734694,1.0,1.0,0,0,13,27,151,16193,0.324999999991875,0.0792682926824435,0.12745098007564398,0.9891357421874396,0.06806282722477454
larger,100000,138,CNN distance-density,4,5,1,0.41259262821245657,0.3408263310926163,0.8961038961038961,0.0,0.8,2,3,9,291,575,15509,0.029999999999900002,0.015410958904083201,0.02036199050178642,0.9471435546874422,0.01028571428570253
larger,100000,139,CNN distance-density,3,4,1,0.31391317276241454,0.14105461393596988,0.8771929824561404,0.0,0.75,1,2,10,148,356,15870,0.06329113924010575,0.02732240437151005,0.03816793850993532,0.9692382812499408,0.019455252918250086
larger,100000,140,CNN distance-density,1,1,0,0.9067164179104478,0.8258706467661693,0.9253731343283582,1.0,1.0,0,0,0,63,206,16115,0.0,0.0,0.0,0.9835815429686899,0.0
larger,100000,141,CNN distance-density,5,5,0,0.29540078089113464,0.1626984126984127,0.6109324758842444,0.0,1.0,0,2,34,235,424,15691,0.1263940520441398,0.07423580786009992,0.09353507518690554,0.9597778320311914,0.049062049061978266
larger,100000,142,CNN distance-density,5,6,1,0.25949503546099295,0.10400000000000001,0.6468085106382979,0.0,0.8333333333333334,0,5,10,415,623,15336,0.02352941176465052,0.015797788309611694,0.0189035912017092,0.9366455078124428,0.009541984732815322
larger,100000,143,CNN distance-density,5,5,0,0.29140850238000987,0.015494899365867095,0.9221789883268483,0.0,1.0,3,1,42,180,515,15647,0.189189189188337,0.0754039497305648,0.10783055158192013,0.9575805664061915,0.05698778833099459
larger,100000,144,CNN distance-density,5,5,0,0.2993800250650728,0.12861788617886177,0.7075098814229249,0.0,1.0,1,4,4,231,313,15836,0.01702127659567225,0.012618296529928649,0.01449275313416957,0.9667968749999409,0.007299270072979381
larger,100000,145,CNN distance-density,2,2,0,0.7054926012461059,0.399537037037037,0.8785046728971962,1.0,1.0,0,0,0,94,167,16123,0.0,0.0,0.0,0.9840698242186899,0.0
larger,100000,146,CNN distance-density,3,3,0,0.28089881980426024,0.015123456790123451,0.8704663212435233,0.0,1.0,1,0,17,136,352,15879,0.11111111111038491,0.046070460704482195,0.06513409920222105,0.9702148437499407,0.033663366336567004
larger,100000,147,CNN distance-density,1,1,0,0.505,0.0,0.775,1.0,1.0,0,0,11,15,74,16284,0.42307692306065087,0.12941176470435986,0.19819819783588996,0.9945678710936893,0.10999999999889999
larger,100000,148,CNN distance-density,4,4,0,0.5742958515283844,0.10833333333333334,0.8777292576419214,1.0,1.0,0,0,2,206,324,15852,0.009615384615338387,0.006134969325134555,0.007490636228506532,0.9676513671874409,0.003759398496233535
larger,100000,149,CNN distance-density,3,4,1,0.6440219736633348,0.2761279461279461,0.9738219895287958,1.0,0.75,0,0,14,163,427,15780,0.07909604519729324,0.03174603174595976,0.045307442956792454,0.9639892578124412,0.023178807946981492
larger,100000,150,CNN distance-density,2,2,0,0.5178752598752598,0.0012612612612612638,0.8365384615384616,1.0,1.0,0,0,3,82,305,15994,0.0352941176466436,0.009740259740228116,0.015267175233429815,0.9763793945311904,0.007692307692287969
larger,100000,151,CNN distance-density,3,3,0,0.37600426147948784,0.2013057662507136,0.9270833333333334,0.0,1.0,1,1,18,149,440,15777,0.10778443113707914,0.03930131004358231,0.057599999608207365,0.9640502929686912,0.029654036243773222
larger,100000,152,CNN distance-density,1,1,0,0.6301578947368421,0.26,0.8157894736842105,1.0,1.0,0,0,0,39,102,16243,0.0,0.0,0.0,0.9913940429686895,0.0
larger,100000,153,CNN distance-density,4,6,2,0.17468205727895003,0.08243570229871598,0.3545966228893058,0.0,0.6666666666666667,0,5,4,456,443,15481,0.00869565217389414,0.00894854586127752,0.008820286159399724,0.9451293945311923,0.004429678848278594
larger,100000,154,CNN distance-density,4,4,0,0.6461118207876371,0.23241421568627446,0.9576271186440678,1.0,1.0,0,0,26,93,171,16094,0.21848739495614716,0.13197969543080215,0.1645569615547388,0.9838867187499399,0.08965517241348395
larger,100000,155,CNN distance-density,2,2,0,0.5499816176470588,0.003431372549019595,0.9921875,1.0,1.0,0,0,4,119,395,15866,0.032520325202987636,0.01002506265661648,0.015325670137806266,0.9686279296874408,0.007722007721992815
larger,100000,156,CNN distance-density,2,2,0,0.4421348314606741,0.0,0.4606741573033708,1.0,1.0,0,0,4,36,95,16249,0.0999999999975,0.04040404040363228,0.057553956423787585,0.9920043945311894,0.029629629629410154
larger,100000,157,CNN distance-density,5,6,1,0.3077351190587819,0.07794654006404311,0.9466292134831461,0.0,0.8333333333333334,3,2,24,301,626,15433,0.07384615384592663,0.03692307692302012,0.04923076878622381,0.9434204101561924,0.025236593059910373
larger,100000,158,CNN distance-density,4,4,0,0.2903604060913706,0.07333333333333333,0.7868020304568528,0.0,1.0,1,0,11,137,245,15991,0.07432432432382213,0.042968749999832155,0.054455445080016665,0.9766845703124404,0.027989821882880433
larger,100000,159,CNN distance-density,3,3,0,0.6683662280701754,0.2708333333333333,0.9824561403508771,1.0,1.0,0,0,21,91,285,15987,0.1874999999983259,0.06862745098016788,0.10047846850674205,0.9770507812499404,0.0528967254406728
larger,100000,160,CNN distance-density,5,5,0,0.37032755102040815,0.21433333333333335,0.8693877551020408,0.0,1.0,0,1,0,243,497,15644,0.0,0.0,0.0,0.9548339843749417,0.0
larger,100000,161,CNN distance-density,2,2,0,0.3690917851130301,0.2056788272530401,0.88268156424581,0.0,1.0,0,1,11,143,352,15878,0.07142857142810762,0.030303030302946826,0.04255319107090827,0.9697875976561908,0.021739130434739646
larger,100000,162,CNN distance-density,2,2,0,0.6311718698921216,0.23050724637681158,0.887218045112782,1.0,1.0,0,0,14,120,298,15952,0.10447761193951884,0.044871794871651056,0.0627802686376561,0.9744873046874405,0.03240740740733239
larger,100000,163,CNN distance-density,2,4,2,0.20218939393939395,0.18560606060606058,0.3433333333333334,0.0,0.5,0,1,4,260,260,15860,0.01515151515145776,0.01515151515145776,0.015151514651457778,0.9682617187499408,0.007633587786244974
larger,100000,164,CNN distance-density,1,1,0,0.7582800814782482,0.5037130801687764,0.9080459770114943,1.0,1.0,0,0,0,88,80,16216,0.0,0.0,0.0,0.9897460937499396,0.0
larger,100000,165,CNN distance-density,1,1,0,0.5071428571428571,0.0,0.7857142857142857,1.0,1.0,0,0,0,29,23,16332,0.0,0.0,0.0,0.9968261718749392,0.0
larger,100000,166,CNN distance-density,3,5,2,0.1918697305086305,0.14220907297830376,0.3393782383419689,0.0,0.6,0,2,33,330,278,15743,0.09090909090884047,0.10610932475850127,0.09792284816737402,0.9628906249999412,0.05148205928229098
larger,100000,167,CNN distance-density,5,6,1,0.26484285202105295,0.1099934901220878,0.5850622406639003,0.06,0.8333333333333334,3,10,66,356,585,15377,0.15639810426503223,0.10138248847910694,0.12301957081797815,0.9425659179686925,0.06554121151929937
larger,100000,168,CNN distance-density,1,1,0,0.48913043478260865,0.0,0.6956521739130435,1.0,1.0,0,0,10,17,102,16255,0.37037037035665293,0.08928571428491709,0.14388489177123334,0.9927368164061894,0.07751937984436032
larger,100000,169,CNN distance-density,3,5,2,0.3449107142857143,0.37916666666666665,0.5714285714285714,0.0,0.6,0,2,8,235,282,15859,0.032921810699453,0.027586206896456602,0.030018761229854037,0.9684448242186908,0.015238095238066213
larger,100000,170,CNN distance-density,5,6,1,0.2491593907248742,0.07450292397660817,0.6614987080103358,0.0,0.8333333333333334,2,6,10,326,365,15683,0.029761904761816185,0.026666666666595555,0.028129394719428085,0.9578247070311915,0.014265335235357682
larger,100000,171,CNN distance-density,3,3,0,0.6066220735785953,0.16856187290969898,0.9038461538461539,1.0,1.0,0,0,13,74,257,16040,0.1494252873546043,0.048148148147969826,0.07282913128363502,0.9797973632811902,0.037790697674308746
larger,100000,172,CNN distance-density,4,5,1,0.19538409013315128,0.027586206896551727,0.5148514851485149,0.0,0.8,0,3,2,159,317,15906,0.012422360248370049,0.006269592476469374,0.008333332887473982,0.9709472656249407,0.004184100418401289
larger,100000,173,CNN distance-density,2,2,0,0.5337618690654673,0.04565217391304347,0.8160919540229885,1.0,1.0,0,0,6,82,212,16084,0.06818181818104338,0.027522935779690262,0.039215685864496565,0.98205566406244,0.019999999999933335
larger,100000,174,CNN distance-density,2,2,0,0.5950378787878788,0.11018518518518516,0.9772727272727273,1.0,1.0,0,0,5,79,119,16181,0.05952380952310091,0.040322580644836105,0.04807692259495193,0.9879150390624397,0.02463054187179985
larger,100000,175,CNN distance-density,5,5,0,0.5420333123821496,0.08139534883720931,0.777027027027027,1.0,1.0,0,0,22,84,356,15922,0.20754716980936275,0.05820105820090423,0.09090909056662795,0.9731445312499406,0.047619047618944546
larger,100000,176,CNN distance-density,2,2,0,0.6654141791044775,0.2875870646766169,0.9299999999999999,1.0,1.0,0,0,6,85,234,16059,0.06593406593334138,0.024999999999895835,0.03625377603614425,0.9805297851561902,0.018461538461481658
larger,100000,177,CNN distance-density,2,2,0,0.5942125850340136,0.195,0.782312925170068,1.0,1.0,0,0,0,146,275,15963,0.0,0.0,0.0,0.9743041992186905,0.0
larger,100000,178,CNN distance-density,3,3,0,0.5856386554621849,0.08666666666666667,0.9831932773109243,1.0,1.0,0,0,1,115,265,16003,0.008620689655098096,0.0037593984962264685,0.005235601671308387,0.9768066406249404,0.00262467191600361
larger,100000,179,CNN distance-density,4,6,2,0.21138845548021082,0.13627578981302385,0.41698841698841704,0.0,0.6666666666666667,0,5,27,409,611,15337,0.06192660550444513,0.04231974921623461,0.05027932912653233,0.9377441406249427,0.025787965616021216
larger,100000,180,CNN distance-density,5,5,0,0.3310933607588664,0.1795935948109861,0.7513812154696132,0.0,1.0,1,1,7,166,312,15899,0.04046242774543086,0.02194357366764281,0.028455284096759542,0.9708251953124407,0.014432989690691891
larger,100000,181,CNN distance-density,1,1,0,0.5075757575757576,0.0,0.7878787878787878,1.0,1.0,0,0,0,34,27,16323,0.0,0.0,0.0,0.9962768554686892,0.0
larger,100000,182,CNN distance-density,5,6,1,0.24199858694280274,0.10478769387236203,0.5575539568345323,0.0,0.8333333333333334,2,12,137,343,648,15256,0.28541666666607207,0.17452229299340827,0.21660079004255778,0.9395141601561926,0.12145390070911219
larger,100000,183,CNN distance-density,4,4,0,0.6557213114754098,0.24222222222222226,0.9836065573770492,1.0,1.0,0,0,3,174,516,15691,0.016949152542277125,0.005780346820798111,0.008620689275874472,0.9578857421874415,0.004329004328998082
larger,100000,184,CNN distance-density,2,2,0,0.8657890920554855,0.7308974358974359,0.9344262295081968,1.0,1.0,0,0,0,116,380,15888,0.0,0.0,0.0,0.9697265624999408,0.0
larger,100000,185,CNN distance-density,4,5,1,0.19327609890109892,0.06369047619047619,0.42307692307692313,0.0,0.8,0,8,28,331,460,15565,0.07799442896914208,0.0573770491802103,0.06611570199078072,0.9517211914061919,0.03418803418799245
larger,100000,186,CNN distance-density,3,3,0,0.3723540144528287,0.252614063338701,0.7933884297520661,0.0,1.0,0,1,0,116,153,16115,0.0,0.0,0.0,0.9835815429686899,0.0
larger,100000,187,CNN distance-density,5,5,0,0.2790414340342976,0.03578749132718802,0.8146853146853147,0.0,1.0,4,0,33,182,602,15567,0.15348837209230937,0.051968503936926036,0.07764705844542284,0.9521484374999418,0.04039167686653563
larger,100000,188,CNN distance-density,2,2,0,0.29468183482878596,0.04767441860465117,0.8661417322834646,0.0,1.0,1,1,34,72,348,15930,0.3207547169781061,0.08900523560186124,0.1393442619544477,0.9743652343749405,0.07488986784124474
larger,100000,189,CNN distance-density,3,4,1,0.3084055262256552,0.1116042077580539,0.874251497005988,0.033333333333333326,0.75,1,6,13,137,284,15950,0.0866666666660889,0.0437710437708964,0.058165547652247906,0.9743041992186905,0.029953917050622225
larger,100000,190,CNN distance-density,2,2,0,0.6176242138364779,0.195,0.89937106918239,1.0,1.0,0,0,0,145,487,15752,0.0,0.0,0.0,0.9614257812499413,0.0
larger,100000,191,CNN distance-density,4,6,2,0.1956209263758726,0.0801894918173988,0.46434494195688225,0.0,0.6666666666666667,1,0,24,518,569,15273,0.04428044280434635,0.0404721753793584,0.04229074839961343,0.9336547851561929,0.02160216021600216
larger,100000,192,CNN distance-density,4,4,0,0.5738266384778012,0.0787878787878788,0.9418604651162791,1.0,1.0,0,0,2,154,490,15738,0.01282051282043064,0.004065040650398242,0.0061728391405845365,0.9606933593749414,0.00309597523219335
larger,100000,193,CNN distance-density,1,1,0,0.5,0.0,0.75,1.0,1.0,0,0,0,17,45,16322,0.0,0.0,0.0,0.9962158203124392,0.0
larger,100000,194,CNN distance-density,1,1,0,0.7473871817383669,0.44517412935323375,0.9852941176470589,1.0,1.0,0,0,0,69,68,16247,0.0,0.0,0.0,0.9916381835936895,0.0
larger,100000,195,CNN distance-density,4,4,0,0.29868014705882356,0.12125000000000001,0.7205882352941176,0.0,1.0,1,1,10,77,254,16043,0.114942528734311,0.0378787878786444,0.056980056606878195,0.9797973632811902,0.02932551319639494
larger,100000,196,CNN distance-density,4,4,0,0.6169537820853892,0.19773380845211302,0.8898678414096917,1.0,1.0,0,0,17,182,304,15881,0.08542713567796269,0.05295950155746742,0.0653846149118861,0.9703369140624407,0.033797216699734005
larger,100000,197,CNN distance-density,2,2,0,0.67125,0.325,0.875,1.0,1.0,0,0,0,109,286,15989,0.0,0.0,0.0,0.9758911132811904,0.0
larger,100000,198,CNN distance-density,3,3,0,0.41871557715445495,0.3238724537366267,0.8648648648648649,0.0,1.0,1,3,76,173,331,15804,0.30522088353291077,0.18673218673172792,0.23170731660146954,0.9692382812499408,0.13103448275839477
larger,100000,199,CNN distance-density,1,1,0,0.7216153846153847,0.41555555555555557,0.9230769230769231,1.0,1.0,0,0,0,79,73,16232,0.0,0.0,0.0,0.9907226562499395,0.0
larger,100000,200,CNN distance-density,5,5,0,0.370521327014218,0.17777777777777778,0.95260663507109,0.0,1.0,1,0,11,175,406,15792,0.05913978494591861,0.026378896882430745,0.036484245012725215,0.9645385742186912,0.018581081081049694
larger,100000,201,CNN distance-density,4,6,2,0.31187368785898206,0.29059670781893004,0.572192513368984,0.0,0.6666666666666667,1,2,21,479,795,15089,0.041999999999916,0.02573529411761552,0.031914893145801974,0.9222412109374437,0.016216216216203696
larger,100000,202,CNN distance-density,4,3,1,0.3411626344086022,0.18287037037037035,0.9193548387096774,0.0,0.75,1,0,51,114,551,15668,0.30909090908903586,0.0847176079732812,0.1329856580713493,0.9594116210936914,0.07122905027923013
larger,100000,203,CNN distance-density,1,1,0,0.5182242990654206,0.0,0.8411214953271028,1.0,1.0,0,0,8,64,225,16087,0.1111111111095679,0.03433476394835049,0.05245901603242139,0.98236083984369,0.026936026935936244
larger,100000,204,CNN distance-density,1,1,0,0.6856230598669623,0.3284848484848485,0.9390243902439024,1.0,1.0,0,0,35,48,205,16096,0.42168674698287123,0.1458333333327257,0.2167182658706592,0.9845581054686898,0.12152777777735581
larger,100000,205,CNN distance-density,3,3,0,0.21451612903225806,0.0,0.5725806451612903,0.0,1.0,0,1,0,109,116,16159,0.0,0.0,0.0,0.9862670898436898,0.0
larger,100000,206,CNN distance-density,5,6,1,0.2373084226905085,0.1134721511065597,0.5145631067961165,0.0,0.8333333333333334,1,2,7,435,452,15490,0.01583710407236236,0.015250544662276143,0.015538290288156844,0.9458618164061923,0.007829977628626588
larger,100000,207,CNN distance-density,2,2,0,0.7164817073170732,0.43499999999999994,0.8536585365853658,1.0,1.0,0,0,0,43,123,16218,0.0,0.0,0.0,0.9898681640624396,0.0
larger,100000,208,CNN distance-density,1,1,0,0.9460144927536233,0.8985507246376813,0.9583333333333334,1.0,1.0,0,0,0,97,281,16006,0.0,0.0,0.0,0.9769287109374404,0.0
larger,100000,209,CNN distance-density,3,3,0,0.6836315789473685,0.3466666666666667,0.8881578947368421,1.0,1.0,0,0,0,155,184,16045,0.0,0.0,0.0,0.9793090820311902,0.0
larger,100000,210,CNN distance-density,2,2,0,0.6669999999999999,0.26,1.0,1.0,1.0,0,0,5,99,263,16017,0.0480769230764608,0.018656716417840835,0.02688172002714187,0.9779052734374403,0.013623978201597756
larger,100000,211,CNN distance-density,5,5,0,0.3924552655192104,0.25748866592344855,0.8829268292682927,0.0,1.0,1,0,15,166,624,15579,0.08287292817633772,0.023474178403719133,0.03658536550955086,0.9517822265624419,0.01863354037264766
larger,100000,212,CNN distance-density,1,1,0,0.6182142857142857,0.18333333333333332,0.9285714285714286,1.0,1.0,0,0,0,14,36,16334,0.0,0.0,0.0,0.9969482421874392,0.0
larger,100000,213,CNN distance-density,1,1,0,0.6086573426573426,0.1808547008547008,0.8863636363636364,1.0,1.0,0,0,14,31,26,16313,0.31111111110419754,0.34999999999125003,0.3294117641998617,0.9965209960936892,0.19718309858877206
larger,100000,214,CNN distance-density,2,2,0,0.5905801642178047,0.13012820512820514,0.9101123595505618,1.0,1.0,0,0,2,86,81,16215,0.022727272727014462,0.024096385541878356,0.023391812365650983,0.9898071289061896,0.011834319526557195
larger,100000,215,CNN distance-density,5,6,1,0.3232429032808894,0.12950692121887772,0.7206572769953052,0.15,0.8333333333333334,2,4,9,378,431,15566,0.02325581395342828,0.020454545454498967,0.021765416672496717,0.9506225585936919,0.01100244498776161
larger,100000,216,CNN distance-density,5,6,1,0.30204922820191904,0.16250591016548463,0.7279411764705883,0.0,0.8333333333333334,0,2,11,251,492,15630,0.041984732824267235,0.02186878727629847,0.028758169484188138,0.9546508789061917,0.014588859416426275
larger,100000,217,CNN distance-density,2,2,0,0.5944391891891891,0.2338888888888889,0.6959459459459459,1.0,1.0,0,0,0,143,327,15914,0.0,0.0,0.0,0.9713134765624407,0.0
larger,100000,218,CNN distance-density,1,1,0,0.5696111111111111,0.12999999999999998,0.8055555555555556,1.0,1.0,0,0,0,30,37,16317,0.0,0.0,0.0,0.9959106445311892,0.0
larger,100000,219,CNN distance-density,5,6,1,0.22552401210375284,0.04875879463693082,0.6012461059190031,0.0,0.8333333333333334,1,0,15,265,279,15825,0.05357142857123725,0.05102040816309177,0.052264807862484684,0.9667968749999409,0.026833631484746275
larger,100000,220,CNN distance-density,4,5,1,0.343940787100862,0.2684064274755998,0.7157894736842105,0.0,0.8,1,5,12,253,334,15785,0.04528301886775365,0.034682080924755256,0.039279868575761885,0.9641723632811912,0.020033388981602614
larger,100000,221,CNN distance-density,3,3,0,0.6861518940116955,0.3393776474421636,0.9171597633136095,1.0,1.0,0,0,11,160,345,15868,0.06432748537974078,0.03089887640440759,0.041745730111742034,0.9691772460936908,0.021317829457323027
larger,100000,222,CNN distance-density,5,5,0,0.32954137093792235,0.13324907313784967,0.8478964401294499,0.0,1.0,3,7,75,209,630,15470,0.26408450704132364,0.10638297872325336,0.15166835146087243,0.948791503906192,0.08205689277890366
larger,100000,223,CNN distance-density,3,5,2,0.32026403743315507,0.2617424242424243,0.5561497326203209,0.125,0.6,1,8,7,337,499,15541,0.020348837209243173,0.01383399209483432,0.016470587753417316,0.948974609374942,0.0083036773428134
larger,100000,224,CNN distance-density,5,5,0,0.36236184738955823,0.21533333333333332,0.8273092369477911,0.0,1.0,0,2,8,230,433,15713,0.03361344537801003,0.018140589569119864,0.023564064345800065,0.9595336914061914,0.011922503725764646
larger,100000,225,CNN distance-density,3,3,0,0.5334612651030561,0.07700386954118296,0.7440476190476191,1.0,1.0,0,0,0,166,266,15952,0.0,0.0,0.0,0.9736328124999406,0.0
larger,100000,226,CNN distance-density,4,6,2,0.18319596817171108,0.08942364824717766,0.38144329896907214,0.0,0.6666666666666667,0,10,38,449,545,15352,0.07802874743310466,0.06518010291584017,0.07102803688706963,0.9393310546874426,0.03682170542632091
larger,100000,227,CNN distance-density,2,12,10,0.07965364712627375,0.09320652173913044,0.1052202283849919,0.0,0.16666666666666663,0,7,65,806,250,15263,0.07462686567155612,0.20634920634855128,0.10961214126231697,0.9355468749999428,0.05798394290806603
larger,100000,228,CNN distance-density,2,2,0,0.4558823529411765,0.0,0.5294117647058824,1.0,1.0,0,0,0,20,80,16284,0.0,0.0,0.0,0.9938964843749393,0.0
larger,100000,229,CNN distance-density,3,5,2,0.253247754491018,0.2325,0.44311377245508987,0.0,0.6,0,8,0,260,247,15877,0.0,0.0,0.0,0.9690551757811908,0.0
larger,100000,230,CNN distance-density,5,5,0,0.5844174825174825,0.11533333333333333,0.9125874125874126,1.0,1.0,0,0,13,230,744,15397,0.053497942386611125,0.01717305151913187,0.025999999632046005,0.9405517578124426,0.01317122593717004
larger,100000,231,CNN distance-density,2,2,0,0.51875,0.0,0.84375,1.0,1.0,0,0,2,57,127,16198,0.033898305084171215,0.015503875968872064,0.02127659531377321,0.9887695312499396,0.010752688171985202
larger,100000,232,CNN distance-density,1,1,0,0.6086851851851852,0.16333333333333333,0.9259259259259259,1.0,1.0,0,0,17,38,138,16191,0.3090909090852893,0.10967741935413113,0.16190476151659866,0.9892578124999396,0.08808290155394777
larger,100000,233,CNN distance-density,4,6,2,0.21463668947539918,0.1575757575757576,0.3853046594982079,0.0,0.6666666666666667,1,7,42,371,367,15604,0.10169491525399106,0.10268948655231616,0.102189780521661,0.9549560546874417,0.053846153846084814
larger,100000,234,CNN distance-density,1,1,0,0.5,0.0,0.75,1.0,1.0,0,0,0,39,124,16221,0.0,0.0,0.0,0.9900512695311895,0.0
larger,100000,235,CNN distance-density,4,4,0,0.29243452380952384,0.01620370370370369,0.9257142857142857,0.0,1.0,1,0,6,138,281,15959,0.04166666666637732,0.020905923344874892,0.02784222693310222,0.9744262695311905,0.014117647058790312
larger,100000,236,CNN distance-density,4,4,0,0.349840580199845,0.14414234306277485,0.9248826291079812,0.0,1.0,1,0,25,172,488,15699,0.1269035532988482,0.04873294346969058,0.07042253481011308,0.9597167968749414,0.036496350364910224
larger,100000,237,CNN distance-density,3,2,1,0.4813725490196078,0.0,0.8235294117647058,1.0,0.6666666666666667,0,0,45,91,455,15793,0.3308823529387435,0.08999999999982,0.14150943362559826,0.9666748046874409,0.0761421319795666
larger,100000,238,CNN distance-density,1,1,0,0.5674743589743589,0.12999999999999998,0.7948717948717949,1.0,1.0,0,0,24,8,98,16254,0.7499999999765626,0.19672131147379737,0.3116883113550346,0.9935302734374394,0.1846153846139645
larger,100000,239,CNN distance-density,4,4,0,0.5990373563218391,0.11203703703703703,0.993103448275862,1.0,1.0,0,0,2,135,326,15921,0.014598540145878844,0.006097560975591166,0.008602150121956316,0.9718627929686906,0.004319654427636458
larger,100000,240,CNN distance-density,2,2,0,0.7115688153310105,0.37808943089430896,0.9571428571428572,1.0,1.0,0,0,0,71,69,16244,0.0,0.0,0.0,0.9914550781249395,0.0
larger,100000,241,CNN distance-density,2,2,0,0.3472222618707774,0.1646755162241888,0.8655913978494624,0.0,1.0,0,1,0,182,393,15809,0.0,0.0,0.0,0.964904785156191,0.0
larger,100000,242,CNN distance-density,4,4,0,0.6376058114035087,0.19467958089668616,1.0,1.0,1.0,0,0,4,108,258,16014,0.035714285713966835,0.015267175572460812,0.021390373911864803,0.9776611328124403,0.010810810810781593
larger,100000,243,CNN distance-density,1,1,0,0.7956666666666666,0.5977777777777777,0.8833333333333333,1.0,1.0,0,0,0,54,185,16145,0.0,0.0,0.0,0.9854125976561898,0.0
larger,100000,244,CNN distance-density,4,4,0,0.3704285452258673,0.20029550827423168,0.9014778325123153,0.0,1.0,1,3,6,177,424,15777,0.03278688524572248,0.013953488372060573,0.01957585602483442,0.9633178710936912,0.009884678747924407
larger,100000,245,CNN distance-density,4,5,1,0.2726141304347826,0.20194444444444443,0.508695652173913,0.0,0.8,0,2,21,396,520,15447,0.05035971223009506,0.03881700554521476,0.04384133562519559,0.9440917968749424,0.02241195304159828
larger,100000,246,CNN distance-density,2,2,0,0.6981901408450705,0.37,0.9084507042253521,1.0,1.0,0,0,0,130,144,16110,0.0,0.0,0.0,0.9832763671874399,0.0
larger,100000,247,CNN distance-density,1,1,0,0.5568975903614458,0.06887550200803212,0.8795180722891567,1.0,1.0,0,0,0,73,254,16057,0.0,0.0,0.0,0.9800415039061902,0.0
larger,100000,248,CNN distance-density,2,2,0,0.5438775510204081,0.0,0.9693877551020408,1.0,1.0,0,0,0,81,181,16122,0.0,0.0,0.0,0.9840087890624399,0.0
larger,100000,249,CNN distance-density,3,3,0,0.3976709956709956,0.24350168350168347,0.9404761904761905,0.0,1.0,1,1,47,109,463,15765,0.30128205128012003,0.09215686274491734,0.14114114078198017,0.965087890624941,0.07592891760892419
larger,100000,250,CNN distance-density,5,5,0,0.3461792599805258,0.1149282700421941,0.9723076923076923,0.0,1.0,1,4,26,292,705,15361,0.08176100628905107,0.03556771545822768,0.04957101959647438,0.9391479492186926,0.025415444770258637
larger,100000,251,CNN distance-density,2,2,0,0.5837301587301588,0.16666666666666663,0.7936507936507937,1.0,1.0,0,0,1,50,108,16225,0.019607843136870435,0.009174311926521336,0.01249999956554689,0.9903564453124395,0.006289308176061074
larger,100000,252,CNN distance-density,3,3,0,0.7353215197956577,0.4349737476940542,0.9479166666666666,1.0,1.0,0,0,0,195,387,15802,0.0,0.0,0.0,0.9644775390624412,0.0
larger,100000,253,CNN distance-density,4,5,1,0.3649917028917989,0.2351413793333734,0.8958904109589041,0.0,0.8,1,1,22,325,692,15345,0.06340057636869337,0.030812324929928834,0.04147031058707797,0.9379272460936927,0.021174205967255846
larger,100000,254,CNN distance-density,2,2,0,0.635421052631579,0.26,0.8421052631578947,1.0,1.0,0,0,0,114,135,16135,0.0,0.0,0.0,0.9848022460936898,0.0
larger,100000,255,CNN distance-density,5,5,0,0.3614704746480628,0.12816425120772945,0.8939828080229226,0.1,1.0,4,10,41,262,690,15391,0.13531353135268873,0.05608755129951288,0.07930367463387009,0.9418945312499425,0.04128902316209337
larger,100000,256,CNN distance-density,4,5,1,0.2445454545454546,0.11481481481481483,0.5643939393939394,0.0,0.8,0,1,20,227,382,15755,0.08097165991870052,0.04975124378097077,0.06163328150059473,0.9628295898436912,0.03179650238468713
larger,100000,257,CNN distance-density,3,7,4,0.15547052658324337,0.11923076923076922,0.2947976878612717,0.0,0.4285714285714286,0,2,39,547,485,15313,0.06655290102377721,0.0744274809158885,0.07027026977170359,0.9370117187499428,0.036414565826296534
larger,100000,258,CNN distance-density,3,1,2,0.31242424242424244,0.0,0.1454545454545455,1.0,0.33333333333333337,0,0,0,7,112,16265,0.0,0.0,0.0,0.9927368164061894,0.0
larger,100000,259,CNN distance-density,1,1,0,0.9267941176470588,0.8425490196078431,0.9882352941176471,1.0,1.0,0,0,0,85,86,16213,0.0,0.0,0.0,0.9895629882811896,0.0
larger,100000,260,CNN distance-density,4,6,2,0.2554683063118497,0.1707765520224962,0.5597609561752988,0.0,0.6666666666666667,1,4,48,322,681,15333,0.1297297297293791,0.06584362139908663,0.08735213786074691,0.9387817382811927,0.04567078972402886
larger,100000,261,CNN distance-density,4,5,1,0.3322611761169701,0.2691019210307856,0.6558265582655827,0.0,0.8,0,5,5,336,440,15603,0.01466275659819747,0.011235955056154526,0.012722645819153916,0.9526367187499418,0.0064020486555615855
larger,100000,262,CNN distance-density,3,3,0,0.5890103092783505,0.16,0.8350515463917526,1.0,1.0,0,0,8,88,200,16088,0.08333333333246527,0.03846153846135355,0.052631578514889206,0.98242187499994,0.02702702702693572
larger,100000,263,CNN distance-density,3,5,2,0.3360562987736901,0.40491143317230277,0.46923076923076923,0.0,0.6,0,8,0,336,328,15720,0.0,0.0,0.0,0.9594726562499414,0.0
larger,100000,264,CNN distance-density,4,6,2,0.26072202712430936,0.10070192146516309,0.7436974789915967,0.0,0.6666666666666667,3,2,58,397,736,15193,0.12747252747224733,0.07304785894197349,0.09287429897623656,0.9308471679686932,0.04869857262800277
larger,100000,265,CNN distance-density,1,1,0,0.6809929078014184,0.300354609929078,0.9791666666666666,1.0,1.0,0,0,24,25,126,16209,0.48979591835735115,0.15999999999893336,0.24120602977712688,0.9907836914061895,0.13714285714207347
larger,100000,266,CNN distance-density,1,1,0,0.6417105263157895,0.22719298245614036,0.9473684210526316,1.0,1.0,0,0,3,27,25,16329,0.09999999999666667,0.10714285713903061,0.10344827535909631,0.9968261718749392,0.054545454544462815
larger,100000,267,CNN distance-density,1,1,0,0.7295277777777778,0.44833333333333336,0.8888888888888888,1.0,1.0,0,0,11,53,46,16274,0.17187499999731445,0.19298245613696524,0.18181818131684996,0.9939575195311893,0.0999999999990909
larger,100000,268,CNN distance-density,4,6,2,0.25216729663753057,0.11919529971738808,0.6593137254901961,0.0,0.6666666666666667,3,2,40,321,488,15535,0.11080332409941607,0.07575757575743228,0.08998875092351588,0.9506225585936919,0.04711425206119303
larger,100000,269,CNN distance-density,5,6,1,0.2785073815073815,0.21710955710955712,0.48737373737373735,0.0,0.8333333333333334,0,2,40,306,418,15620,0.11560693641585085,0.08733624454129403,0.09950248707164429,0.9558105468749416,0.05235602094233985
larger,100000,270,CNN distance-density,2,2,0,0.6521851851851852,0.26,0.9259259259259259,1.0,1.0,0,0,35,73,105,16171,0.32407407407107336,0.24999999999821432,0.28225806402217746,0.9891357421874396,0.16431924882551963
larger,100000,271,CNN distance-density,4,5,1,0.5235724789915966,0.17619281045751634,0.5714285714285714,1.0,0.8,0,0,3,279,380,15722,0.010638297872302702,0.007832898172303308,0.009022555902484058,0.9597778320311914,0.004531722054373819
larger,100000,272,CNN distance-density,3,3,0,0.5821590909090909,0.1361111111111111,0.8545454545454545,1.0,1.0,0,0,15,81,262,16026,0.15624999999837239,0.05415162454854097,0.0804289540408973,0.9790649414061903,0.04189944134066509
larger,100000,273,CNN distance-density,3,4,1,0.3672878787878788,0.26286195286195285,0.7866666666666666,0.06666666666666667,0.75,1,6,14,191,370,15809,0.06829268292649614,0.03645833333323839,0.04753819988557626,0.965759277343691,0.024347826086914177
larger,100000,274,CNN distance-density,1,1,0,0.638640350877193,0.22037037037037033,0.9473684210526316,1.0,1.0,0,0,0,57,55,16272,0.0,0.0,0.0,0.9931640624999394,0.0
larger,100000,275,CNN distance-density,3,4,1,0.36051170301927676,0.28575250243599964,0.7846153846153846,0.0,0.75,1,4,9,176,254,15945,0.04864864864838569,0.03422053231926152,0.04017857094354872,0.9737548828124405,0.02050113895211731
larger,100000,276,CNN distance-density,2,3,1,0.28319088319088326,0.2692307692307692,0.47685185185185186,0.0,0.6666666666666667,1,0,14,187,131,16052,0.06965174129318581,0.09655172413726516,0.08092485500395936,0.9805908203124402,0.04216867469866817
larger,100000,277,CNN distance-density,5,6,1,0.30264195291519547,0.2779400680209578,0.47117794486215536,0.0,0.8333333333333334,0,5,3,351,319,15711,0.008474576271162501,0.00931677018630647,0.008875739146064593,0.9591064453124414,0.004457652303113733
larger,100000,278,CNN distance-density,4,4,0,0.35090506329113924,0.13,0.9620253164556962,0.0,1.0,1,0,0,224,664,15496,0.0,0.0,0.0,0.9458007812499423,0.0
larger,100000,279,CNN distance-density,1,1,0,0.8097727272727273,0.65,0.8363636363636364,1.0,1.0,0,0,0,56,47,16281,0.0,0.0,0.0,0.9937133789061893,0.0
larger,100000,280,CNN distance-density,5,5,0,0.3441022624239023,0.09968217645563182,0.9962264150943396,0.0,1.0,1,2,25,222,653,15484,0.10121457489837565,0.0368731563421285,0.05405405366248999,0.9465942382811922,0.027777777777746916
larger,100000,281,CNN distance-density,3,3,0,0.6857701115678215,0.3797435897435898,0.8244274809160306,1.0,1.0,0,0,3,123,237,16021,0.023809523809334845,0.012499999999947917,0.016393442171369718,0.9780273437499403,0.008264462809894589
larger,100000,282,CNN distance-density,4,4,0,0.6165307591623036,0.1525,0.9895287958115183,1.0,1.0,0,0,0,195,437,15752,0.0,0.0,0.0,0.9614257812499413,0.0
larger,100000,283,CNN distance-density,5,6,1,0.3856537683370347,0.3133532435419228,0.8065573770491803,0.0,0.8333333333333334,1,1,20,261,446,15657,0.071174377223946,0.04291845493553022,0.0535475229575652,0.9568481445311916,0.0275103163686004
larger,100000,284,CNN distance-density,1,1,0,0.795898443291327,0.575680751173709,0.9342105263157895,1.0,1.0,0,0,64,13,158,16149,0.8311688311580367,0.2882882882869897,0.42809364509967446,0.9895629882811896,0.272340425530756
larger,100000,285,CNN distance-density,4,5,1,0.3261734060440957,0.2876945126945127,0.583554376657825,0.0,0.8,0,3,51,309,629,15395,0.14166666666627314,0.07499999999988971,0.09807692262407175,0.9427490234374424,0.05156723963594381
larger,100000,286,CNN distance-density,1,1,0,0.6907173913043478,0.39,0.8260869565217391,1.0,1.0,0,0,0,24,62,16298,0.0,0.0,0.0,0.9947509765624393,0.0
larger,100000,287,CNN distance-density,5,6,1,0.2876517676767677,0.16762121212121212,0.6444444444444444,0.0,0.8333333333333334,1,7,14,343,561,15466,0.03921568627439996,0.024347826086914177,0.03004291798222707,0.9448242187499423,0.015250544662292755
larger,100000,288,CNN distance-density,3,3,0,0.3176282051282051,0.11666666666666667,0.8256410256410256,0.0,1.0,0,1,14,172,278,15920,0.07526881720389642,0.047945205479287864,0.05857740538208366,0.9725341796874406,0.030172413793038422
larger,100000,289,CNN distance-density,1,1,0,0.7120144927536232,0.37855072463768114,0.9583333333333334,1.0,1.0,0,0,0,97,285,16002,0.0,0.0,0.0,0.9766845703124404,0.0
larger,100000,290,CNN distance-density,3,8,5,0.19179435313503468,0.22202868852459018,0.2719072164948454,0.0,0.375,0,3,73,586,307,15418,0.11077389984808685,0.1921052631573892,0.14051973004588886,0.9454956054686923,0.0755693581779756
larger,100000,291,CNN distance-density,3,3,0,0.2873830823830824,0.08385051718385049,0.7482517482517482,0.0,1.0,0,1,11,77,441,15855,0.12499999999857954,0.02433628318578687,0.040740740467777786,0.9683837890624408,0.020793950850622318
larger,100000,292,CNN distance-density,3,3,0,0.5575902480197377,0.04041394335511982,0.9470198675496688,1.0,1.0,0,0,5,137,195,16047,0.035211267605385836,0.024999999999875,0.029239765596080852,0.9797363281249402,0.014836795252181494
larger,100000,293,CNN distance-density,5,5,0,0.3305116103214636,0.11207095343680708,0.900398406374502,0.0,1.0,0,1,8,208,347,15821,0.03703703703686557,0.022535211267542155,0.028021015291352935,0.966125488281191,0.014209591474219877
larger,100000,294,CNN distance-density,3,3,0,0.6505794701986755,0.25,0.9403973509933775,1.0,1.0,0,0,23,122,220,16019,0.1586206896540785,0.09465020576092736,0.11855670056221436,0.9791259765624402,0.06301369862996435
larger,100000,295,CNN distance-density,5,5,0,0.35196861924686196,0.1322222222222222,0.9623430962343096,0.0,1.0,0,1,18,192,506,15668,0.08571428571387756,0.03435114503810238,0.04904632111725531,0.9573974609374415,0.025139664804434164
larger,100000,296,CNN distance-density,5,5,0,0.2573221757322176,0.0,0.7866108786610879,0.0,1.0,1,0,23,210,290,15861,0.09871244635150768,0.07348242811478121,0.08424908375950974,0.9694824218749408,0.043977055449246696
larger,100000,297,CNN distance-density,4,5,1,0.32801524029071816,0.17726692209450828,0.841225626740947,0.0,0.8,1,6,43,293,661,15387,0.1279761904758096,0.06107954545445869,0.08269230725475221,0.9417724609374425,0.04312938816445022
larger,100000,298,CNN distance-density,4,5,1,0.26992880021933346,0.14966256679565135,0.6129032258064516,0.0,0.8,1,7,44,213,280,15847,0.1712062256802677,0.13580246913538332,0.1514629943426166,0.9699096679686908,0.08193668528848802
larger,100000,299,CNN distance-density,5,5,0,0.39205699653621207,0.10764307170316413,0.9264214046822743,0.2333333333333333,1.0,4,6,31,244,806,15303,0.11272727272686281,0.037037037036992786,0.05575539531106536,0.9359130859374428,0.028677150786282444
larger,100000,300,CNN distance-density,2,2,0,0.5285395408163265,0.05208333333333334,0.7755102040816326,1.0,1.0,0,0,6,86,134,16158,0.06521739130363893,0.04285714285683674,0.05172413745199168,0.9865722656249397,0.02654867256625421
larger,100000,301,CNN distance-density,5,5,0,0.47867142190373424,0.3157332071266497,0.849624060150376,0.26666666666666666,1.0,3,2,92,215,922,15155,0.29967426710000106,0.09072978303738587,0.13928841750826254,0.9306030273436932,0.07485760781116774
larger,100000,302,CNN distance-density,1,1,0,0.7425,0.65,0.5,1.0,1.0,0,0,0,8,47,16329,0.0,0.0,0.0,0.9966430664061892,0.0
larger,100000,303,CNN distance-density,5,6,1,0.17995933250372764,0.025579322638146166,0.42557651991614254,0.0,0.8333333333333334,0,11,0,405,471,15508,0.0,0.0,0.0,0.9465332031249422,0.0
larger,100000,304,CNN distance-density,3,3,0,0.3417892961876833,0.16275757575757574,0.842741935483871,0.0,1.0,1,0,12,164,397,15811,0.06818181818143079,0.029339853300661762,0.041025640604818475,0.965759277343691,0.0209424083769268
larger,100000,305,CNN distance-density,5,5,0,0.2825073936314978,0.08916286149162861,0.7119205298013245,0.0,1.0,1,8,21,249,470,15644,0.07777777777748972,0.04276985743372145,0.055190538306806355,0.9561157226561916,0.02837837837834003
larger,100000,306,CNN distance-density,3,2,1,0.5708888888888889,0.16,0.9111111111111111,1.0,0.6666666666666667,0,0,12,113,126,16133,0.09599999999923199,0.08695652173850033,0.09125475235223873,0.9854125976561898,0.04780876494004857
larger,100000,307,CNN distance-density,3,3,0,0.6555703979588844,0.26374478234943355,0.9344262295081968,1.0,1.0,0,0,33,84,302,15965,0.28205128204887137,0.09850746268627311,0.1460176987307052,0.9764404296874404,0.0787589498804803
larger,100000,308,CNN distance-density,4,3,1,0.569597481827622,0.1634876543209876,0.8551401869158879,1.0,0.75,0,0,25,161,283,15915,0.134408602149815,0.08116883116856764,0.10121457442887116,0.9729003906249406,0.05330490405105905
larger,100000,309,CNN distance-density,1,1,0,0.5017241379310344,0.0,0.7586206896551724,1.0,1.0,0,0,22,33,180,16149,0.3999999999927273,0.10891089108856976,0.17120622534318464,0.9869995117186897,0.09361702127619738
larger,100000,310,CNN distance-density,5,5,0,0.31844104308390025,0.122612748803225,0.8163265306122449,0.0,1.0,3,0,19,174,613,15578,0.0984455958544122,0.030063291139192937,0.04606060570207089,0.9519653320311918,0.023573200992526584
larger,100000,311,CNN distance-density,5,5,0,0.3238108231637644,0.09793835793835794,0.8986928104575164,0.0,1.0,1,1,20,281,463,15620,0.06644518272403174,0.041407867494738286,0.0510204076900803,0.9545898437499417,0.026178010471169924
larger,100000,312,CNN distance-density,4,5,1,0.2687126196172249,0.1889520202020202,0.5184210526315789,0.0,0.8,0,5,44,282,523,15535,0.13496932515296023,0.0776014109346074,0.09854423245892842,0.9508666992186919,0.05182567726731234
larger,100000,313,CNN distance-density,2,2,0,0.5575524475524476,0.10769230769230771,0.7954545454545454,1.0,1.0,0,0,0,88,184,16112,0.0,0.0,0.0,0.9833984374999399,0.0
larger,100000,314,CNN distance-density,5,5,0,0.6535007026066241,0.2965170564349771,0.8503401360544218,1.0,1.0,0,0,20,219,819,15326,0.08368200836785071,0.023837902264572303,0.03710575104629098,0.9366455078124428,0.018903591682401792
larger,100000,315,CNN distance-density,2,3,1,0.2609037990196078,0.06562499999999999,0.8235294117647058,0.0,0.6666666666666667,1,1,16,146,413,15809,0.09876543209815578,0.03729603729595036,0.054145515676317924,0.965881347656191,0.027826086956473345
larger,100000,316,CNN distance-density,5,5,0,0.43728167007466856,0.14914902449149026,0.934156378600823,0.3333333333333333,1.0,1,3,5,230,422,15727,0.021276595744590312,0.011709601873508876,0.015105739723282018,0.9602050781249414,0.007610350076091918
larger,100000,317,CNN distance-density,2,2,0,0.3260211640211641,0.07428571428571429,0.962962962962963,0.0,1.0,1,1,9,65,243,16067,0.12162162161997808,0.03571428571414399,0.05521472357510634,0.98120117187494,0.028391167192339462
larger,100000,318,CNN distance-density,3,3,0,0.2093023255813954,0.0,0.5465116279069768,0.0,1.0,1,0,5,36,236,16107,0.1219512195092207,0.020746887966718894,0.03546099265904633,0.9833984374999399,0.018050541516180324
larger,100000,319,CNN distance-density,2,2,0,0.607341609589041,0.21875,0.7945205479452055,1.0,1.0,0,0,4,62,111,16207,0.06060606060514233,0.034782608695349715,0.0441988945637801,0.9894409179686896,0.0225988700563695
larger,100000,320,CNN distance-density,2,2,0,0.2978125,0.14625,0.6599999999999999,0.0,1.0,0,1,3,81,99,16201,0.035714285713860545,0.029411764705594,0.032258064020464806,0.9890136718749396,0.01639344262286124
larger,100000,321,CNN distance-density,4,5,1,0.2602178655388374,0.07596915446020305,0.7301587301587302,0.0,0.8,0,1,12,213,370,15789,0.0533333333330963,0.03141361256536279,0.039538714525082175,0.9644165039061912,0.02016806722685686
larger,100000,322,CNN distance-density,2,3,1,0.26309450304433585,0.042028985507246375,0.8875739644970414,0.0,0.6666666666666667,0,1,2,142,205,16035,0.01388888888879244,0.009661835748745596,0.011396010912054307,0.9788208007811903,0.005730659025771545
larger,100000,323,CNN distance-density,2,2,0,0.6066026272577997,0.16811165845648604,0.9047619047619048,1.0,1.0,0,0,0,76,187,16121,0.0,0.0,0.0,0.9839477539061899,0.0
larger,100000,324,CNN distance-density,5,4,1,0.4746043165467626,0.0,0.7230215827338129,1.0,0.8,0,0,13,187,429,15755,0.064999999999675,0.029411764705815812,0.040498441938519626,0.9624023437499413,0.020667726550046634
larger,100000,325,CNN distance-density,5,5,0,0.523632330788011,0.031940158952781676,0.7962962962962963,1.0,1.0,0,0,25,244,320,15795,0.09293680297363222,0.07246376811573199,0.08143322426309564,0.965576171874941,0.042444821731676664
larger,100000,326,CNN distance-density,4,6,2,0.22328671990796642,0.12015661815661817,0.5127478753541077,0.0,0.6666666666666667,1,6,0,278,346,15760,0.0,0.0,0.0,0.9619140624999413,0.0
larger,100000,327,CNN distance-density,3,5,2,0.2364064197754437,0.1140151515151515,0.6254980079681275,0.0,0.6,0,6,20,192,474,15698,0.09433962264106444,0.040485829959432215,0.05665722337564702,0.9593505859374414,0.02915451895039482
larger,100000,328,CNN distance-density,3,3,0,0.7452305699481866,0.5144444444444445,0.8186528497409327,1.0,1.0,0,0,4,191,366,15823,0.02051282051271532,0.010810810810781593,0.014159291583315858,0.966003417968691,0.007130124777170891
larger,100000,329,CNN distance-density,2,2,0,0.5385328185328185,0.02857142857142857,0.8783783783783784,1.0,1.0,0,0,0,56,194,16134,0.0,0.0,0.0,0.9847412109374398,0.0
larger,100000,330,CNN distance-density,4,3,1,0.634707191780822,0.2925,0.8904109589041096,1.0,0.75,0,0,0,132,386,15866,0.0,0.0,0.0,0.9683837890624408,0.0
larger,100000,331,CNN distance-density,1,1,0,0.9298517520215633,0.8679245283018868,0.9464285714285714,1.0,1.0,0,0,0,57,168,16159,0.0,0.0,0.0,0.9862670898436898,0.0
larger,100000,332,CNN distance-density,5,5,0,0.34604106917517496,0.17971014492753626,0.8258575197889182,0.0,1.0,2,2,31,277,894,15182,0.10064935064902387,0.03351351351347728,0.05028386012795988,0.9285278320311933,0.025790349417615814
larger,100000,333,CNN distance-density,3,3,0,0.6151792452830188,0.16999999999999998,0.9433962264150944,1.0,1.0,0,0,4,141,302,15937,0.027586206896361477,0.013071895424793882,0.017738358765414144,0.9729614257811906,0.00894854586127752
larger,100000,334,CNN distance-density,5,5,0,0.6320704845814978,0.2,0.960352422907489,1.0,1.0,0,0,31,200,471,15682,0.13419913419855325,0.06175298804768575,0.08458390134164667,0.9590454101561915,0.04415954415948126
larger,100000,335,CNN distance-density,4,5,1,0.30556944444444445,0.1525,0.7847222222222222,0.0,0.8,1,4,43,216,600,15525,0.166023166022525,0.06687402799367516,0.09534368029994197,0.9501953124999419,0.05005820721763672
larger,100000,336,CNN distance-density,4,6,2,0.31176397214038176,0.2614137012829823,0.6373056994818653,0.0,0.6666666666666667,2,13,65,406,921,14992,0.13800424628420807,0.06592292089242807,0.08922443333036312,0.9190063476561939,0.04669540229881703
larger,100000,337,CNN distance-density,1,1,0,0.9047352941176471,0.8013725490196079,0.9705882352941176,1.0,1.0,0,0,0,67,209,16108,0.0,0.0,0.0,0.9831542968749399,0.0
larger,100000,338,CNN distance-density,5,6,1,0.29835798300879435,0.18742073644512666,0.62217659137577,0.024999999999999994,0.8333333333333334,1,8,34,388,729,15233,0.080568720378956,0.04456094364345405,0.05738396578603287,0.931823730468693,0.029539530842719774
larger,100000,339,CNN distance-density,3,3,0,0.5651031746031746,0.09,0.873015873015873,1.0,1.0,0,0,23,89,333,15939,0.20535714285530932,0.06460674157285223,0.0982905979260903,0.9742431640624405,0.05168539325831082
larger,100000,340,CNN distance-density,2,2,0,0.5854017857142857,0.24375000000000002,0.6285714285714286,1.0,1.0,0,0,0,45,124,16215,0.0,0.0,0.0,0.9896850585936896,0.0
larger,100000,341,CNN distance-density,4,4,0,0.36698644246430967,0.15792905581637978,0.9795918367346939,0.0,1.0,1,0,63,178,659,15484,0.26141078838065807,0.08725761772841101,0.1308411211197959,0.948913574218692,0.06999999999992222
larger,100000,342,CNN distance-density,5,5,0,0.5650083003206943,0.08432748538011696,0.8853046594982079,1.0,1.0,0,0,11,228,367,15778,0.04602510460231789,0.029100529100452115,0.03565640147015543,0.9636840820311912,0.018151815181488198
larger,100000,343,CNN distance-density,2,2,0,0.5725220588235294,0.11254901960784314,0.859375,1.0,1.0,0,0,0,55,140,16189,0.0,0.0,0.0,0.9880981445311897,0.0
larger,100000,344,CNN distance-density,5,5,0,0.235458638658199,0.03853932584269662,0.5905797101449275,0.0,1.0,0,5,2,230,420,15732,0.008620689655135256,0.004739336492879765,0.0061162074932525675,0.9603271484374414,0.0030674846625719826
larger,100000,345,CNN distance-density,3,6,3,0.23909574468085104,0.25,0.3829787234042553,0.0,0.5,0,3,4,429,503,15448,0.009237875288662269,0.00788954635106925,0.00851063780095295,0.9431152343749424,0.004273504273499708
larger,100000,346,CNN distance-density,3,3,0,0.28392753623188405,0.08666666666666667,0.7246376811594203,0.0,1.0,1,1,36,98,218,16032,0.26865671641590555,0.14173228346400893,0.18556700985614835,0.9807128906249402,0.10227272727243673
larger,100000,347,CNN distance-density,3,7,4,0.48525998673298343,0.3223787167449139,0.23666210670314636,1.0,0.4285714285714286,0,0,6,683,170,15525,0.008708272859203616,0.034090909090715396,0.013872832045772335,0.9479370117186922,0.00698486612339117
larger,100000,348,CNN distance-density,2,2,0,0.5745019116397622,0.1042929292929293,0.8878504672897196,1.0,1.0,0,0,7,101,164,16112,0.06481481481421468,0.040935672514380496,0.05017921099466862,0.9838256835936899,0.025735294117552446
larger,100000,349,CNN distance-density,1,1,0,0.7725317930893477,0.5310447761194029,0.9178082191780822,1.0,1.0,0,0,0,74,206,16104,0.0,0.0,0.0,0.9829101562499399,0.0
larger,100000,350,CNN distance-density,5,6,1,0.24353522772037337,0.037899302811583505,0.7157360406091371,0.0,0.8333333333333334,1,5,27,304,546,15507,0.08157099697860552,0.04712041884808531,0.05973451281003554,0.9481201171874422,0.030786773090044715
larger,100000,351,CNN distance-density,2,4,2,0.2234205359205359,0.04729729729729728,0.7606837606837606,0.0,0.5,1,2,26,202,345,15811,0.1140350877187981,0.07008086253350383,0.08681135178196271,0.9666137695311909,0.04537521815000807
larger,100000,352,CNN distance-density,2,2,0,0.5436272773279353,0.02686403508771931,0.9076923076923077,1.0,1.0,0,0,0,64,139,16181,0.0,0.0,0.0,0.9876098632811897,0.0
larger,100000,353,CNN distance-density,4,5,1,0.34678791120149216,0.3254576910978295,0.6016597510373445,0.0,0.8,0,6,6,209,174,15995,0.027906976744056247,0.03333333333314815,0.030379746339214878,0.9766235351561904,0.015424164524381943
larger,100000,354,CNN distance-density,5,6,1,0.24912558139534885,0.14103703703703702,0.5116279069767442,0.0,0.8333333333333334,0,2,3,328,468,15585,0.009063444108733948,0.006369426751578834,0.007481296273322338,0.9514160156249419,0.0037546933667036864
larger,100000,355,CNN distance-density,4,6,2,0.2580630859518055,0.12555894308943089,0.6189189189189189,0.044444444444444446,0.6666666666666667,1,9,61,271,465,15587,0.18373493975848273,0.11596958174882896,0.14219114171637298,0.9550781249999417,0.07653701380166056
larger,100000,356,CNN distance-density,5,5,0,0.34711263616557736,0.11909803921568628,0.9675925925925926,0.0,1.0,1,1,6,195,214,15969,0.029850746268508206,0.027272727272603308,0.028503562446251164,0.9750366210936905,0.014457831325266367
larger,100000,357,CNN distance-density,4,4,0,0.5416189302356993,0.05434389140271493,0.835820895522388,1.0,1.0,0,0,0,131,371,15882,0.0,0.0,0.0,0.9693603515624408,0.0
larger,100000,358,CNN distance-density,3,3,0,0.6088203463203463,0.17727272727272728,0.8952380952380953,1.0,1.0,0,0,9,67,202,16106,0.11842105263002077,0.04265402843581681,0.06271776964503636,0.9835815429686899,0.032374100719308005
larger,100000,359,CNN distance-density,3,4,1,0.47094678372305904,0.07841530054644809,0.5532994923857868,1.0,0.75,0,0,6,189,180,16009,0.03076923076907298,0.0322580645159556,0.03149606249223966,0.9774780273436903,0.015999999999957333
larger,100000,360,CNN distance-density,5,5,0,0.6497473776223777,0.2713888888888889,0.8881118881118881,1.0,1.0,0,0,0,106,356,15922,0.0,0.0,0.0,0.9718017578124407,0.0
larger,100000,361,CNN distance-density,1,1,0,0.6710277777777778,0.3183333333333333,0.8888888888888888,1.0,1.0,0,0,0,19,17,16348,0.0,0.0,0.0,0.997802734374939,0.0
larger,100000,362,CNN distance-density,1,1,0,0.4970588235294118,0.0,0.7352941176470589,1.0,1.0,0,0,0,20,36,16328,0.0,0.0,0.0,0.9965820312499392,0.0
larger,100000,363,CNN distance-density,5,5,0,0.2932473604418214,0.14328941589811156,0.6438356164383562,0.0,1.0,1,4,19,178,320,15867,0.09644670050712464,0.05604719763995267,0.07089552192288791,0.9696044921874408,0.03675048355892312
larger,100000,364,CNN distance-density,1,1,0,0.7701521739130435,0.5085507246376811,0.9565217391304348,1.0,1.0,0,0,0,89,285,16010,0.0,0.0,0.0,0.9771728515624404,0.0
larger,100000,365,CNN distance-density,4,5,1,0.2813371200299739,0.1380955129685215,0.6959706959706959,0.0,0.8,2,7,46,205,534,15599,0.1832669322701862,0.07931034482744946,0.11070998754441098,0.9548950195311917,0.058598726114575034
larger,100000,366,CNN distance-density,4,5,1,0.4951130001930449,0.06312030985233598,0.6835443037974683,1.0,0.8,0,0,14,80,514,15776,0.14893617021118152,0.0265151515151013,0.04501607691370023,0.9637451171874412,0.023026315789435814
larger,100000,367,CNN distance-density,1,1,0,0.7937142857142857,0.5733333333333334,0.9285714285714286,1.0,1.0,0,0,0,12,28,16344,0.0,0.0,0.0,0.997558593749939,0.0
larger,100000,368,CNN distance-density,5,5,0,0.359121835443038,0.17638888888888887,0.8987341772151899,0.0,1.0,0,3,22,198,613,15551,0.09999999999954545,0.03464566929128402,0.05146198792177012,0.9505004882811919,0.026410564225658573
larger,100000,369,CNN distance-density,1,1,0,0.7395573770491803,0.47224043715847,0.8852459016393442,1.0,1.0,0,0,0,55,62,16267,0.0,0.0,0.0,0.9928588867186894,0.0
larger,100000,370,CNN distance-density,4,4,0,0.5622659486329743,0.11176470588235295,0.8098591549295775,1.0,1.0,0,0,0,140,317,15927,0.0,0.0,0.0,0.9721069335936906,0.0
larger,100000,371,CNN distance-density,2,2,0,0.5501988636363636,0.08124999999999999,0.8181818181818181,1.0,1.0,0,0,6,73,195,16110,0.07594936708764621,0.029850746268508206,0.04285714245176021,0.9836425781249399,0.021897810218898184
larger,100000,372,CNN distance-density,4,6,2,0.2648169887359271,0.11534672405547586,0.624078624078624,0.08571428571428572,0.6666666666666667,3,7,18,341,603,15422,0.05013927576587705,0.028985507246330137,0.036734693413213254,0.9423828124999425,0.018711018710999262
larger,100000,373,CNN distance-density,5,6,1,0.22308474958866978,0.14423853646947019,0.37422037422037424,0.0,0.8333333333333334,2,0,41,401,443,15499,0.09276018099526526,0.08471074380147788,0.088552915267576,0.948486328124942,0.04632768361576686
larger,100000,374,CNN distance-density,5,5,0,0.3452253859348199,0.1633939393939394,0.8584905660377359,0.0,1.0,1,1,16,244,963,15161,0.061538461538224856,0.016343207354426615,0.02582727973290445,0.9263305664061935,0.013082583810291837
larger,100000,375,CNN distance-density,2,2,0,0.7519470310391363,0.45446918578497525,0.9871794871794872,1.0,1.0,0,0,0,80,79,16225,0.0,0.0,0.0,0.9902954101561895,0.0
larger,100000,376,CNN distance-density,1,1,0,0.8401264367816091,0.6595402298850574,0.9666666666666667,1.0,1.0,0,0,0,31,92,16261,0.0,0.0,0.0,0.9924926757811894,0.0
larger,100000,377,CNN distance-density,4,5,1,0.2100094820320282,0.06299283154121862,0.5083135391923991,0.0,0.8,0,7,23,342,471,15548,0.06301369862996435,0.04655870445334705,0.053550639790546174,0.9503784179686919,0.02751196172245513
larger,100000,378,CNN distance-density,2,2,0,0.5849341238471674,0.14848484848484847,0.8405797101449275,1.0,1.0,0,0,6,64,182,16132,0.08571428571306122,0.03191489361685152,0.04651162751120727,0.9849853515624398,0.023809523809429328
larger,100000,379,CNN distance-density,1,1,0,0.8245,0.61,1.0,1.0,1.0,0,0,0,18,60,16306,0.0,0.0,0.0,0.9952392578124393,0.0
larger,100000,380,CNN distance-density,4,5,1,0.3050270562770563,0.29503367003367004,0.46130952380952384,0.0,0.8,0,9,5,288,375,15716,0.01706484641632401,0.01315789473680748,0.014858840518712663,0.9595336914061914,0.007485029940108555
larger,100000,381,CNN distance-density,4,5,1,0.26921570748888746,0.1753476203074933,0.5515463917525774,0.0,0.8,0,1,10,163,286,15925,0.05780346820775836,0.03378378378366965,0.04264392277514651,0.9725952148436906,0.021786492374680205
larger,100000,382,CNN distance-density,5,6,1,0.21890046008753644,0.10627310977942113,0.43872113676731794,0.0,0.8333333333333334,1,11,58,391,686,15249,0.12917594654759648,0.07795698924720705,0.09723386373828896,0.9342651367186929,0.05110132158585806
larger,100000,383,CNN distance-density,1,1,0,0.627,0.26,0.8,1.0,1.0,0,0,0,21,17,16346,0.0,0.0,0.0,0.997680664062439,0.0
larger,100000,384,CNN distance-density,1,1,0,0.5152173913043478,0.0,0.8260869565217391,1.0,1.0,0,0,0,23,20,16341,0.0,0.0,0.0,0.997375488281189,0.0
larger,100000,385,CNN distance-density,1,1,0,0.883,0.74,1.0,1.0,1.0,0,0,0,73,73,16238,0.0,0.0,0.0,0.9910888671874395,0.0
larger,100000,386,CNN distance-density,4,5,1,0.3275627794977641,0.18496732026143792,0.8216374269005848,0.0,0.8,0,8,9,273,469,15633,0.03191489361690811,0.0188284518828058,0.023684210059508323,0.9547119140624417,0.011984021304910808
larger,100000,387,CNN distance-density,2,2,0,0.5518211678832117,0.029999999999999992,0.9416058394160584,1.0,1.0,0,0,8,115,227,16034,0.06504065040597527,0.0340425531913445,0.044692736978855216,0.9791259765624402,0.02285714285707755
larger,100000,388,CNN distance-density,5,5,0,0.3419196906185874,0.23411672542107323,0.6828358208955223,0.0,1.0,2,0,26,148,607,15603,0.1494252873554631,0.041074249604990405,0.064436183056883,0.9539184570311917,0.03329065300892024
larger,100000,389,CNN distance-density,2,2,0,0.5239627659574468,0.008333333333333342,0.851063829787234,1.0,1.0,0,0,0,40,119,16225,0.0,0.0,0.0,0.9902954101561895,0.0
larger,100000,390,CNN distance-density,5,6,1,0.25645077259653637,0.15877065527065526,0.5083532219570406,0.0,0.8333333333333334,2,0,12,379,534,15459,0.030690537084320485,0.021978021977981727,0.025613660132624286,0.9442749023436924,0.012972972972958949
larger,100000,391,CNN distance-density,1,1,0,0.9047352941176471,0.8013725490196079,0.9705882352941176,1.0,1.0,0,0,0,100,311,15973,0.0,0.0,0.0,0.9749145507811905,0.0
larger,100000,392,CNN distance-density,3,3,0,0.5727837837837838,0.08666666666666667,0.9189189189189189,1.0,1.0,0,0,29,83,300,15972,0.2589285714262596,0.08814589665626704,0.131519273996884,0.9766235351561904,0.07038834951439227
larger,100000,393,CNN distance-density,2,2,0,0.2708156536697248,0.06562499999999999,0.7064220183486238,0.0,1.0,0,1,10,84,201,16089,0.10638297872227252,0.047393364928685344,0.06557377006495028,0.98260498046869,0.033898305084630855
larger,100000,394,CNN distance-density,2,2,0,0.5355670103092783,0.0,0.9278350515463918,1.0,1.0,0,0,1,86,168,16129,0.0114942528734311,0.005917159763278597,0.007812499551239041,0.9844970703124399,0.003921568627435602
larger,100000,395,CNN distance-density,5,6,1,0.1974516471134089,0.0691725768321513,0.41495327102803736,0.0,0.8333333333333334,0,3,10,453,437,15484,0.021598272138182294,0.0223713646531938,0.021978021478128256,0.9456787109374423,0.011111111111098766
larger,100000,396,CNN distance-density,3,3,0,0.5269988738738739,0.08101851851851852,0.7027027027027026,1.0,1.0,0,0,8,119,378,15879,0.06299212598375596,0.020725388600982577,0.0311890834479897,0.9696655273436908,0.01584158415838447
larger,100000,397,CNN distance-density,2,2,0,0.33775,0.195,0.75,0.0,1.0,1,1,2,103,151,16128,0.019047619047437642,0.013071895424751165,0.015503875486178735,0.9844970703124399,0.007812499999969483
larger,100000,398,CNN distance-density,5,5,0,0.3896476689121591,0.21812957157784743,0.9574468085106383,0.0,1.0,1,2,11,191,551,15631,0.05445544554428488,0.019572953736619977,0.028795811129265925,0.9547119140624417,0.014608233731720308
larger,100000,399,CNN distance-density,4,5,1,0.26860565110565116,0.17087542087542087,0.5585585585585586,0.0,0.8,0,1,3,202,292,15887,0.01463414634139203,0.010169491525389256,0.01199999951615202,0.9698486328124408,0.0060362173038107925
larger,100000,400,CNN distance-density,5,6,1,0.2267662888109976,0.12053140096618357,0.44596912521440824,0.0,0.8333333333333334,0,3,4,520,467,15393,0.007633587786244974,0.008492569002105111,0.008040200506427647,0.9397583007811926,0.004036326942478268
larger,100000,401,CNN distance-density,2,2,0,0.5243523175701902,0.0719279661016949,0.7099236641221374,1.0,1.0,0,0,2,83,262,16037,0.023529411764429065,0.00757575757572888,0.011461317683040382,0.9789428710936903,0.005763688760790307
larger,100000,402,CNN distance-density,4,5,1,0.4901025641025641,0.07578347578347579,0.63,1.0,0.8,0,0,0,192,237,15955,0.0,0.0,0.0,0.9738159179686905,0.0
larger,100000,403,CNN distance-density,4,5,1,0.30064241049257306,0.15594471282877082,0.7523364485981309,0.0,0.8,0,1,4,199,430,15751,0.01970443349743988,0.009216589861729916,0.012558869267440358,0.9616088867186913,0.006319115323844678
larger,100000,404,CNN distance-density,5,5,0,0.5886032786885246,0.10400000000000001,0.9590163934426229,1.0,1.0,0,0,26,222,281,15855,0.10483870967699663,0.08469055374565247,0.09369369319900658,0.9692993164061908,0.04914933837419821
larger,100000,405,CNN distance-density,1,1,0,0.49634146341463414,0.0,0.7317073170731707,1.0,1.0,0,0,1,41,98,16244,0.023809523808956918,0.01010101010090807,0.014184396744630566,0.9915161132811895,0.007142857142806123
larger,100000,406,CNN distance-density,4,5,1,0.3803260763215149,0.2665660523030422,0.9018567639257294,0.0,0.8,1,4,13,335,942,15094,0.03735632183897312,0.013612565445011925,0.01995395202597466,0.9220581054686937,0.01007751937983715
larger,100000,407,CNN distance-density,2,2,0,0.5786687967801158,0.06675257731958761,0.9931506849315068,1.0,1.0,0,0,12,133,238,16001,0.08275862068908443,0.047999999999808,0.06075949320590932,0.9773559570311903,0.031331592689213233
larger,100000,408,CNN distance-density,1,1,0,0.5448636363636363,0.12999999999999998,0.6818181818181819,1.0,1.0,0,0,0,45,31,16308,0.0,0.0,0.0,0.9953613281249393,0.0
larger,100000,409,CNN distance-density,1,1,0,0.8983965517241379,0.7895402298850575,0.9655172413793104,1.0,1.0,0,0,0,57,179,16148,0.0,0.0,0.0,0.9855957031249398,0.0
larger,100000,410,CNN distance-density,3,4,1,0.3166019178554144,0.15845530700543128,0.8514851485148515,0.0,0.75,1,2,32,259,612,15481,0.10996563573845373,0.04968944099371166,0.06844919743208443,0.9468383789061922,0.035437430786228755
larger,100000,411,CNN distance-density,1,1,0,0.8289985761746559,0.6744186046511628,0.8775510204081632,1.0,1.0,0,0,44,6,90,16244,0.8799999999824001,0.32835820895277346,0.47826086916422483,0.9941406249999393,0.3142857142834694
larger,100000,412,CNN distance-density,3,3,0,0.2836100831600832,0.13793693693693693,0.6076923076923078,0.0,1.0,1,0,3,76,256,16049,0.03797468354382311,0.011583011582966861,0.017751478931637556,0.9797363281249402,0.008955223880570283
larger,100000,413,CNN distance-density,4,5,1,0.20365530303030305,0.016203703703703706,0.5818181818181818,0.0,0.8,1,4,23,275,572,15514,0.07718120805343227,0.03865546218480898,0.05151175767389263,0.948303222656192,0.026436781609165017
larger,100000,414,CNN distance-density,2,2,0,0.347016951161688,0.14346846846846845,0.9122807017543859,0.0,1.0,0,1,4,101,166,16113,0.038095238094875285,0.023529411764567475,0.029090908618631416,0.9837036132811899,0.01476014760142155
larger,100000,415,CNN distance-density,4,6,2,0.21493165600963768,0.15798504926945292,0.3858585858585859,0.0,0.6666666666666667,0,9,25,389,594,15376,0.06038647342980583,0.04038772213240648,0.04840271007138862,0.9400024414061926,0.0248015873015627
larger,100000,416,CNN distance-density,4,5,1,0.30708032370251476,0.2083266452648475,0.6666666666666667,0.0,0.8,1,6,66,231,621,15466,0.222222222221474,0.09606986899549334,0.13414634104168524,0.9479980468749422,0.07189542483652299
larger,100000,417,CNN distance-density,1,1,0,0.5575,0.06999999999999998,0.88,1.0,1.0,0,0,0,20,55,16309,0.0,0.0,0.0,0.9954223632811893,0.0
larger,100000,418,CNN distance-density,5,5,0,0.38051535096942424,0.1939657371970111,0.9661538461538461,0.0,1.0,3,5,15,288,588,15493,0.049504950494886124,0.02487562189050601,0.03311258233620602,0.9465332031249422,0.01683501683499794
larger,100000,419,CNN distance-density,1,1,0,0.7039761904761904,0.3633333333333333,0.9523809523809523,1.0,1.0,0,0,0,64,61,16259,0.0,0.0,0.0,0.9923706054686894,0.0
larger,100000,420,CNN distance-density,5,6,1,0.30466576598651585,0.20584161988773053,0.6435185185185186,0.0,0.8333333333333334,2,12,59,314,618,15393,0.15817694369930785,0.08714918759219033,0.11238095192265035,0.9431152343749424,0.05953582240155445
larger,100000,421,CNN distance-density,4,4,0,0.5128894335511982,0.05909586056644879,0.6814814814814815,1.0,1.0,0,0,0,128,240,16016,0.0,0.0,0.0,0.9775390624999403,0.0
larger,100000,422,CNN distance-density,1,1,0,0.5751666666666667,0.12999999999999998,0.8333333333333334,1.0,1.0,0,0,15,16,11,16342,0.48387096772632676,0.5769230769008876,0.5263157889590643,0.998352050781189,0.3571428571343538
larger,100000,423,CNN distance-density,2,2,0,0.24392523364485982,0.0,0.719626168224299,0.0,1.0,0,1,9,62,294,16019,0.1267605633784963,0.029702970296931676,0.04812834193813092,0.9782714843749403,0.024657534246507788
larger,100000,424,CNN distance-density,2,2,0,0.5887943917018285,0.16337025316455697,0.8263888888888888,1.0,1.0,0,0,10,130,261,15983,0.07142857142806124,0.036900369003553875,0.04866180003717715,0.9761352539061904,0.02493765586028694
larger,100000,425,CNN distance-density,2,2,0,0.5416666666666666,0.0,0.9583333333333334,1.0,1.0,0,0,0,23,82,16279,0.0,0.0,0.0,0.9935913085936894,0.0
larger,100000,426,CNN distance-density,2,3,1,0.33211994703847814,0.3045524691358025,0.6420233463035019,0.0,0.6666666666666667,0,1,1,248,142,15993,0.0040160642570119835,0.006993006992958091,0.0051020403528608295,0.9761962890624404,0.002557544757026707
larger,100000,427,CNN distance-density,2,2,0,0.5111940298507462,0.0,0.8059701492537313,1.0,1.0,0,0,10,42,201,16131,0.19230769230399408,0.047393364928685344,0.07604562705859563,0.9851684570311898,0.039525691699448515
larger,100000,428,CNN distance-density,3,3,0,0.5839189189189189,0.16666666666666666,0.7945945945945946,1.0,1.0,0,0,19,125,440,15800,0.13194444444352818,0.04139433551189239,0.06301824175895536,0.965515136718691,0.03253424657528676
larger,100000,429,CNN distance-density,4,4,0,0.26187135278514584,0.09988505747126435,0.5846153846153845,0.0,1.0,0,3,3,182,316,15883,0.01621621621612856,0.009404388714704061,0.011904761440058911,0.9696044921874408,0.0059880239520838565
larger,100000,430,CNN distance-density,3,5,2,0.19208221303728365,0.09219973009446693,0.45296167247386765,0.0,0.6,0,3,16,237,201,15930,0.06324110671911763,0.07373271889366943,0.06808510588562247,0.9732666015624406,0.035242290748821056
larger,100000,431,CNN distance-density,2,2,0,0.5925595238095238,0.175,0.819047619047619,1.0,1.0,0,0,19,85,135,16145,0.18269230769055103,0.12337662337582224,0.14728682122306352,0.9865722656249397,0.07949790794945817
larger,100000,432,CNN distance-density,4,5,1,0.3355597014925374,0.15000000000000002,0.9402985074626866,0.0,0.8,1,0,44,215,262,15863,0.16988416988351396,0.1437908496727327,0.15575221189228913,0.9708862304686907,0.08445297504782255
larger,100000,433,CNN distance-density,3,3,0,0.6293068560133167,0.23616255144032924,0.8651685393258427,1.0,1.0,0,0,12,137,540,15695,0.08053691275113734,0.021739130434743226,0.03423680423006059,0.9586791992186915,0.01741654571840723
larger,100000,434,CNN distance-density,1,1,0,0.7577588005215123,0.5027118644067796,0.9076923076923077,1.0,1.0,0,0,0,66,60,16258,0.0,0.0,0.0,0.9923095703124394,0.0
larger,100000,435,CNN distance-density,5,6,1,0.32946828533785055,0.2826086956521739,0.5948051948051948,0.0,0.8333333333333334,1,2,15,347,457,15565,0.041436464088283324,0.03177966101688182,0.03597122253019456,0.9509277343749419,0.018315018314995952
larger,100000,436,CNN distance-density,1,1,0,0.8633333333333333,0.7407407407407407,0.9,1.0,1.0,0,0,15,6,48,16315,0.7142857142517007,0.23809523809145883,0.35714285675935376,0.9967041015624392,0.2173913043446755
larger,100000,437,CNN distance-density,5,6,1,0.29766767345315337,0.14969920700027345,0.7348484848484849,0.0,0.8333333333333334,0,4,7,227,624,15526,0.029914529914402077,0.0110935023771615,0.016184970703550412,0.9480590820311922,0.00815850815849865
larger,100000,438,CNN distance-density,5,5,0,0.5360283582089552,0.025999999999999995,0.8716417910447761,1.0,1.0,0,0,17,253,801,15313,0.06296296296272977,0.020782396087994155,0.031249999626787556,0.9356689453124428,0.015873015873001054
larger,100000,439,CNN distance-density,2,2,0,0.4291666666666667,0.0,0.39583333333333337,1.0,1.0,0,0,0,21,80,16283,0.0,0.0,0.0,0.9938354492186893,0.0
larger,100000,440,CNN distance-density,2,2,0,0.7968490990990991,0.6004054054054053,0.8833333333333333,1.0,1.0,0,0,26,96,150,16112,0.21311475409661382,0.14772727272643338,0.17449664381054905,0.9849853515624398,0.09558823529376623
larger,100000,441,CNN distance-density,2,2,0,0.49623515725288825,0.02686403508771931,0.6707317073170731,1.0,1.0,0,0,8,46,209,16121,0.14814814814540467,0.036866359446834716,0.05904059008635504,0.9844360351561899,0.030418250950454685
larger,100000,442,CNN distance-density,3,5,2,0.18201706036745408,0.13,0.3175853018372703,0.0,0.6,0,2,27,325,359,15673,0.07670454545432755,0.06994818652831619,0.07317073120818003,0.9582519531249415,0.03797468354425039
larger,100000,443,CNN distance-density,4,4,0,0.36119722719141323,0.14012820512820512,0.9906976744186047,0.0,1.0,1,0,37,175,625,15547,0.1745283018859692,0.05589123867061044,0.08466819185203359,0.9511718749999419,0.04420549581834623
larger,100000,444,CNN distance-density,3,3,0,0.6222577319587629,0.21555555555555556,0.8762886597938144,1.0,1.0,0,0,1,97,135,16151,0.010204081632548937,0.007352941176416523,0.008547008060121293,0.9858398437499398,0.004291845493543812
larger,100000,445,CNN distance-density,5,5,0,0.3297288474660104,0.16286028816577627,0.7822085889570553,0.0,1.0,1,2,58,252,569,15505,0.18709677419294485,0.09250398724068182,0.12379935921544838,0.949890136718692,0.0659840728099363
larger,100000,446,CNN distance-density,5,5,0,0.4585436851211072,0.3923039215686274,0.9100346020761245,0.0,1.0,0,1,47,213,711,15413,0.18076923076853552,0.06200527704477308,0.09233791710473944,0.9436035156249424,0.04840370751797281
larger,100000,447,CNN distance-density,4,5,1,0.508802027824917,0.04668502852646074,0.7889688249400479,1.0,0.8,0,0,28,380,676,15300,0.06862745098022395,0.039772727272670776,0.05035971176555303,0.9355468749999428,0.025830258302559198
larger,100000,448,CNN distance-density,1,1,0,0.6398824451410658,0.22272727272727275,0.9482758620689655,1.0,1.0,0,0,10,39,112,16223,0.2040816326488963,0.08196721311408223,0.1169590639172395,0.9907836914061895,0.06211180124185024
larger,100000,449,CNN distance-density,4,4,0,0.287521408839779,0.0975,0.718232044198895,0.0,1.0,0,1,2,166,240,15976,0.011904761904691044,0.008264462809883206,0.009756097077215968,0.9752197265624405,0.004901960784301711
larger,100000,450,CNN distance-density,4,4,0,0.3531292517006803,0.14074074074074075,0.9489795918367347,0.0,1.0,1,0,12,174,382,15816,0.0645161290319112,0.03045685279180087,0.04137930990898931,0.966064453124941,0.021126760563343085
larger,100000,451,CNN distance-density,4,5,1,0.29068912262122526,0.22787628053585499,0.5407239819004526,0.0,0.8,0,1,5,419,419,15541,0.011792452830160867,0.011792452830160867,0.01179245233016089,0.948852539062442,0.005931198102009571
larger,100000,452,CNN distance-density,4,5,1,0.5676731639401322,0.1678733031674208,0.8106508875739645,1.0,0.8,0,0,0,159,487,15738,0.0,0.0,0.0,0.9605712890624414,0.0
larger,100000,453,CNN distance-density,3,3,0,0.2264779602420052,0.05384615384615384,0.5112359550561798,0.0,1.0,1,0,12,153,177,16042,0.07272727272683197,0.06349206349172756,0.06779660967140669,0.9798583984374402,0.03508771929814302
larger,100000,454,CNN distance-density,1,1,0,0.6878188405797102,0.39,0.8115942028985508,1.0,1.0,0,0,0,70,177,16137,0.0,0.0,0.0,0.9849243164061898,0.0
larger,100000,455,CNN distance-density,4,4,0,0.34516290726817045,0.1037037037037037,0.9924812030075187,0.0,1.0,0,1,9,120,224,16031,0.06976744185992428,0.038626609441894305,0.049723756447071214,0.9790039062499403,0.025495750708143073
larger,100000,456,CNN distance-density,5,5,0,0.39140883251483105,0.27688134542354487,0.8340611353711791,0.0,1.0,1,2,57,120,630,15577,0.32203389830326534,0.08296943231428971,0.13194444411835293,0.9542236328124417,0.07063197026013553
larger,100000,457,CNN distance-density,2,2,0,0.40131215681967936,0.26477011494252867,0.910828025477707,0.0,1.0,1,1,8,130,272,15974,0.05797101449233355,0.02857142857132653,0.03827751151924178,0.9754638671874404,0.01951219512190363
larger,100000,458,CNN distance-density,2,2,0,0.6289253048780488,0.21875,0.9024390243902439,1.0,1.0,0,0,0,35,69,16280,0.0,0.0,0.0,0.9936523437499393,0.0
larger,100000,459,CNN distance-density,5,6,1,0.3367291818141981,0.18251362023291845,0.6640159045725647,0.15384615384615385,0.8333333333333334,4,13,37,377,416,15554,0.08937198067611263,0.08167770419408019,0.08535178727474795,0.9515991210936919,0.04457831325295834
larger,100000,460,CNN distance-density,3,3,0,0.4391304347826087,0.0,0.44565217391304346,1.0,1.0,0,0,2,38,163,16181,0.04999999999875,0.01212121212113866,0.019512194807662114,0.9877319335936897,0.00985221674871994
larger,100000,461,CNN distance-density,1,1,0,0.45833333333333337,0.0,0.5416666666666667,1.0,1.0,0,0,0,14,40,16330,0.0,0.0,0.0,0.9967041015624392,0.0
larger,100000,462,CNN distance-density,3,4,1,0.20657232704402517,0.10370370370370369,0.42452830188679247,0.0,0.75,0,1,0,198,249,15937,0.0,0.0,0.0,0.9727172851561906,0.0
larger,100000,463,CNN distance-density,5,6,1,0.34092345749488606,0.21034013605442178,0.8146853146853147,0.0,0.8333333333333334,2,1,16,250,480,15638,0.060150375939623496,0.03225806451606399,0.04199475020161063,0.9554443359374417,0.021447721179595914
larger,100000,464,CNN distance-density,5,5,0,0.28205007127583753,0.03297101449275362,0.8360655737704918,0.0,1.0,2,0,24,220,553,15587,0.09836065573730181,0.04159445407271821,0.05846528581841165,0.9528198242186918,0.030112923462948415
larger,100000,465,CNN distance-density,1,1,0,0.8245,0.61,1.0,1.0,1.0,0,0,0,82,248,16054,0.0,0.0,0.0,0.9798583984374402,0.0
larger,100000,466,CNN distance-density,3,3,0,0.37342572062084256,0.18484848484848487,0.9512195121951219,0.0,1.0,1,0,6,76,140,16162,0.07317073170642474,0.041095890410677426,0.052631578486303475,0.9868164062499397,0.027027027026905286
larger,100000,467,CNN distance-density,3,4,1,0.5448330188679246,0.29900000000000004,0.42641509433962266,1.0,0.75,0,0,10,230,218,15926,0.04166666666649306,0.043859649122614655,0.04273504223518885,0.9726562499999406,0.021834061135323508
larger,100000,468,CNN distance-density,3,3,0,0.6317575757575757,0.21131313131313129,0.9333333333333333,1.0,1.0,0,0,35,93,393,15863,0.2734374999978638,0.08177570093438838,0.12589928022065372,0.9703369140624407,0.06717850287894976
larger,100000,469,CNN distance-density,5,5,0,0.3328787878787879,0.07306397306397305,1.0,0.0,1.0,0,1,12,217,516,15639,0.052401746724662,0.022727272727229682,0.031704094690206255,0.9552612304686917,0.01610738255031395
larger,100000,470,CNN distance-density,4,5,1,0.3132447529429988,0.0870949074074074,0.9702602230483272,0.0,0.8,2,2,22,229,447,15686,0.08764940239008905,0.04690831556493197,0.061111110656778544,0.9587402343749415,0.03151862464178866
larger,100000,471,CNN distance-density,5,6,1,0.33065679835657746,0.18951956659241534,0.8101983002832861,0.0,0.8333333333333334,2,1,23,298,694,15369,0.07165109034245591,0.03207810320776558,0.04431599186555775,0.9394531249999426,0.022660098522145164
larger,100000,472,CNN distance-density,2,2,0,0.7257097701149425,0.3904661558109833,1.0,1.0,1.0,0,0,6,117,117,16144,0.04878048780448146,0.04878048780448146,0.048780487304481465,0.9857177734374398,0.024999999999895835
larger,100000,473,CNN distance-density,2,2,0,0.67225,0.325,0.88,1.0,1.0,0,0,3,49,75,16257,0.05769230769119823,0.038461538461045365,0.0461538456731361,0.9924316406249394,0.023622047243908487
larger,100000,474,CNN distance-density,4,5,1,0.292288770053476,0.12,0.7914438502673797,0.0,0.8,1,0,41,148,422,15773,0.21693121693006917,0.0885529157665474,0.1257668707535615,0.965209960937441,0.06710310965619132
larger,100000,475,CNN distance-density,5,5,0,0.4669768386062503,0.37105964134722286,1.0,0.0,1.0,3,0,5,246,477,15656,0.019920318725020238,0.010373443983380968,0.013642564351803233,0.9558715820311916,0.006868131868122434
larger,100000,476,CNN distance-density,1,1,0,0.7530721649484536,0.52,0.845360824742268,1.0,1.0,0,0,0,83,98,16203,0.0,0.0,0.0,0.9889526367186896,0.0
larger,100000,477,CNN distance-density,1,1,0,0.5825,0.11666666666666667,0.9,1.0,1.0,0,0,0,19,69,16296,0.0,0.0,0.0,0.9946289062499393,0.0
larger,100000,478,CNN distance-density,4,5,1,0.3892709705753184,0.2664421997755331,0.9468599033816425,0.0,0.8,1,3,20,175,395,15794,0.1025641025635766,0.04819277108422122,0.06557377005662457,0.965209960937441,0.03389830508468831
larger,100000,479,CNN distance-density,5,5,0,0.32821973188102227,0.1649327375133827,0.77,0.0,1.0,2,0,6,123,280,15975,0.04651162790661619,0.020979020978947625,0.028915662222023523,0.9754028320311905,0.014669926650330881
larger,100000,480,CNN distance-density,2,2,0,0.6160196078431373,0.26,0.7450980392156863,1.0,1.0,0,0,0,53,72,16259,0.0,0.0,0.0,0.9923706054686894,0.0
larger,100000,481,CNN distance-density,3,3,0,0.33831174838112865,0.13924349881796694,0.8782608695652174,0.0,1.0,1,0,1,116,198,16069,0.008547008546935495,0.005025125628115452,0.0063291134576790925,0.9808349609374402,0.0031746031745930967
larger,100000,482,CNN distance-density,5,6,1,0.2730646420020899,0.21952707856598014,0.4547206165703276,0.0,0.8333333333333334,0,6,12,449,379,15544,0.02603036876350102,0.030690537084320485,0.028169013587816028,0.949462890624942,0.01428571428569728
larger,100000,483,CNN distance-density,2,2,0,0.49857142857142855,0.0,0.7428571428571429,1.0,1.0,0,0,14,125,236,16009,0.10071942445970707,0.055999999999776,0.07197943398764217,0.9779663085936903,0.03733333333323378
larger,100000,484,CNN distance-density,2,2,0,0.5609307145066502,0.07879781420765027,0.8773584905660378,1.0,1.0,0,0,9,79,292,16004,0.10227272727156508,0.029900332225814286,0.046272493222936674,0.9773559570311903,0.02368421052625346
larger,100000,485,CNN distance-density,4,4,0,0.5732439024390243,0.07333333333333333,0.9512195121951219,1.0,1.0,0,0,0,121,393,15870,0.0,0.0,0.0,0.9686279296874408,0.0
larger,100000,486,CNN distance-density,2,2,0,0.6336182266009852,0.24931034482758624,0.8571428571428572,1.0,1.0,0,0,0,56,112,16216,0.0,0.0,0.0,0.9897460937499396,0.0
larger,100000,487,CNN distance-density,2,2,0,0.804669944573574,0.5920770010131712,0.9411764705882353,1.0,1.0,0,0,32,72,164,16116,0.3076923076893491,0.163265306121616,0.2133333328789333,0.9855957031249398,0.11940298507418133
larger,100000,488,CNN distance-density,4,5,1,0.40576975061039416,0.29406028368794324,0.9672131147540983,0.0,0.8,1,5,10,280,448,15646,0.03448275862057075,0.021834061135323508,0.026737967439589363,0.9555664062499416,0.013550135501336652
larger,100000,489,CNN distance-density,4,4,0,0.6313820999185261,0.25682252023680074,0.829059829059829,1.0,1.0,0,0,1,182,237,15964,0.005464480874287079,0.004201680672251254,0.004750593332739091,0.9744262695311905,0.002380952380946712
larger,100000,490,CNN distance-density,4,5,1,0.2083099680170576,0.0975,0.42217484008528783,0.0,0.8,0,4,42,375,160,15807,0.10071942446019012,0.20792079207817862,0.13570274592498713,0.9673461914061909,0.07279029462725686
larger,100000,491,CNN distance-density,4,5,1,0.25057190154922543,0.03677536231884058,0.7701149425287357,0.0,0.8,0,2,23,210,608,15543,0.09871244635150768,0.036450079239244926,0.053240740346715866,0.9500732421874419,0.027348394768100658
larger,100000,492,CNN distance-density,3,3,0,0.6398849380612178,0.21436418984364186,0.9671052631578947,1.0,1.0,0,0,0,151,418,15815,0.0,0.0,0.0,0.965270996093691,0.0
larger,100000,493,CNN distance-density,2,2,0,0.7098837209302326,0.5,0.6744186046511628,1.0,1.0,0,0,10,34,57,16283,0.227272727267562,0.1492537313410559,0.1801801796984011,0.9944458007811893,0.09900990098911872
larger,100000,494,CNN distance-density,3,4,1,0.5448776223776224,0.09545454545454544,0.8846153846153846,1.0,0.75,0,0,15,93,345,15931,0.13888888888760287,0.04166666666655093,0.06410256374726057,0.9732666015624406,0.033112582781383855
larger,100000,495,CNN distance-density,1,1,0,0.7600780022446689,0.48878787878787877,0.9506172839506173,1.0,1.0,0,0,20,62,58,16244,0.2439024390214158,0.2564102564069691,0.24999999949718751,0.9926757812499394,0.14285714285612247
larger,100000,496,CNN distance-density,3,3,0,0.527017982017982,0.048135198135198135,0.7767857142857143,1.0,1.0,0,0,41,47,292,16004,0.46590909090379645,0.12312312312275339,0.19477434646175548,0.9793090820311902,0.10789473684182133
larger,100000,497,CNN distance-density,3,3,0,0.6939024390243902,0.3333333333333333,0.9695121951219512,1.0,1.0,0,0,11,150,504,15719,0.06832298136603526,0.0213592233009294,0.03254437833524299,0.9600830078124414,0.016541353383433773
larger,100000,498,CNN distance-density,5,6,1,0.30980940066485185,0.12821730397451564,0.8438914027149321,0.0,0.8333333333333334,3,5,20,397,738,15229,0.04796163069532863,0.026385224274371524,0.034042552733543154,0.9307250976561932,0.017316017316002325
larger,100000,499,CNN distance-density,3,5,2,0.22567390206966179,0.0,0.6855123674911661,0.1142857142857143,0.6,1,7,5,252,250,15877,0.019455252918212238,0.01960784313717801,0.019531249499931347,0.9693603515624408,0.009861932938836564
larger,100000,500,CNN distance-density,5,5,0,0.42690836731107484,0.28341621806374434,0.9968553459119497,0.0,1.0,2,0,3,298,761,15322,0.009966777408604762,0.003926701570675489,0.005633802411391068,0.9353637695311929,0.002824858757059487
larger,100000,501,CNN distance-density,2,3,1,0.19220779220779222,0.0,0.6277056277056277,0.0,0.6666666666666667,0,1,0,211,387,15786,0.0,0.0,0.0,0.9635009765624412,0.0
larger,100000,502,CNN distance-density,5,6,1,0.31137937217820943,0.21372868217054264,0.6593406593406593,0.0,0.8333333333333334,1,10,58,348,858,15120,0.142857142856791,0.06331877729250729,0.08774583921119378,0.9263916015624434,0.045886075949330786
larger,100000,503,CNN distance-density,5,6,1,0.35521220350930804,0.3648590277414821,0.5384615384615384,0.0,0.8333333333333334,0,2,26,441,682,15235,0.05567451820116558,0.03672316384175604,0.04425531866989517,0.9314575195311932,0.0226283724978045
larger,100000,504,CNN distance-density,3,4,1,0.21279298418972334,0.1328059581320451,0.39015151515151514,0.0,0.75,0,3,18,213,307,15846,0.0779220779217406,0.055384615384444974,0.06474820095290747,0.9682617187499408,0.03345724907056978
larger,100000,505,CNN distance-density,1,1,0,0.5785,0.12999999999999998,0.85,1.0,1.0,0,0,28,13,79,16264,0.682926829251636,0.2616822429882086,0.3783783779726991,0.9943847656249393,0.2333333333313889
larger,100000,506,CNN distance-density,1,1,0,0.5953787878787878,0.13787878787878785,0.9166666666666666,1.0,1.0,0,0,11,26,93,16254,0.29729729728926224,0.10576923076821375,0.15602836840500978,0.9927368164061894,0.08461538461473374
larger,100000,507,CNN distance-density,4,5,1,0.22584995188011275,0.10725071225071223,0.4879356568364611,0.0,0.8,1,4,23,318,427,15616,0.06744868035170837,0.05111111111099753,0.05815423465473301,0.9545288085936917,0.02994791666662767
larger,100000,508,CNN distance-density,3,3,0,0.5861760970869498,0.1928741800834824,0.7469135802469136,1.0,1.0,0,0,11,108,373,15892,0.09243697478913918,0.028645833333258736,0.04373757419128964,0.9706420898436907,0.02235772357719033
larger,100000,509,CNN distance-density,5,5,0,0.3157802278366795,0.09994172494172494,0.7290322580645161,0.1,1.0,3,8,20,260,573,15531,0.07142857142831632,0.033726812816132,0.04581901445534812,0.949157714843692,0.023446658851086228
larger,100000,510,CNN distance-density,4,4,0,0.33287594936708864,0.10400000000000001,0.930379746835443,0.0,1.0,0,1,2,131,249,16002,0.015037593984849343,0.007968127490008095,0.010416666213826517,0.9768066406249404,0.005235602094227132
larger,100000,511,CNN distance-density,3,3,0,0.27437500000000004,0.05416666666666666,0.75,0.0,1.0,0,1,0,129,107,16148,0.0,0.0,0.0,0.9855957031249398,0.0
larger,100000,512,CNN distance-density,1,1,0,0.8681451612903226,0.75,0.9032258064516129,1.0,1.0,0,0,0,32,93,16259,0.0,0.0,0.0,0.9923706054686894,0.0
larger,100000,513,CNN distance-density,1,1,0,0.749625,0.52,0.828125,1.0,1.0,0,0,0,54,201,16129,0.0,0.0,0.0,0.9844360351561899,0.0
larger,100000,514,CNN distance-density,1,1,0,0.9162474747474747,0.8228619528619529,0.9797979797979798,1.0,1.0,0,0,0,98,100,16186,0.0,0.0,0.0,0.9879150390624397,0.0
larger,100000,515,CNN distance-density,4,4,0,0.352078528597786,0.16493055555555555,0.8892988929889298,0.0,1.0,2,0,2,239,760,15383,0.008298755186687557,0.0026246719160070544,0.003988035527224939,0.9390258789061927,0.001998001998000002
larger,100000,516,CNN distance-density,5,5,0,0.6266312567596798,0.18317412935323382,0.9710144927536232,1.0,1.0,0,0,3,265,505,15611,0.011194029850704501,0.005905511811011997,0.007731958310693247,0.9530029296874418,0.003880983182401189
larger,100000,517,CNN distance-density,3,3,0,0.63262441314554,0.19925925925925927,0.9647887323943662,1.0,1.0,0,0,3,137,177,16067,0.02142857142841837,0.016666666666574074,0.018749999507695323,0.9808349609374402,0.009463722397446486
larger,100000,518,CNN distance-density,3,3,0,0.33078629032258067,0.0915621266427718,0.9479166666666666,0.0,1.0,0,2,26,157,507,15694,0.14207650273146408,0.048780487804786526,0.07262569794329532,0.9594726562499414,0.03768115942023525
larger,100000,519,CNN distance-density,2,2,0,0.55,0.0,1.0,1.0,1.0,0,0,1,85,200,16098,0.011627906976608978,0.004975124378084701,0.00696864069521303,0.98260498046869,0.003496503496491271
larger,100000,520,CNN distance-density,1,1,0,0.5189320388349514,0.0,0.8446601941747574,1.0,1.0,0,0,10,78,94,16202,0.1136363636350723,0.0961538461529216,0.10416666616905382,0.9895019531249396,0.054945054944753054
larger,100000,521,CNN distance-density,5,6,1,0.36052787769020167,0.22430852576513613,0.8812785388127854,0.0,0.8333333333333334,1,6,69,346,1117,14852,0.16626506024056323,0.05817875210787675,0.08619612703621138,0.9107055664061944,0.04503916449083222
larger,100000,522,CNN distance-density,2,2,0,0.5235263970533522,0.01769662921348315,0.8278145695364238,1.0,1.0,0,0,20,128,369,15867,0.13513513513422207,0.05141388174793981,0.07448789531737461,0.9696655273436908,0.03868471953570854
larger,100000,523,CNN distance-density,3,3,0,0.3774085365853659,0.275,0.7682926829268293,0.0,1.0,1,0,4,56,248,16076,0.06666666666555555,0.015873015872952884,0.02564102533021039,0.98144531249994,0.012987012986970822
larger,100000,524,CNN distance-density,3,3,0,0.5768131868131868,0.12307692307692308,0.8571428571428572,1.0,1.0,0,0,0,107,128,16149,0.0,0.0,0.0,0.9856567382811898,0.0
larger,100000,525,CNN distance-density,3,5,2,0.18323059360730595,0.06481481481481481,0.4703196347031964,0.0,0.6,0,2,26,393,487,15478,0.06205250596643902,0.050682261208478206,0.05579399092127549,0.9462890624999423,0.028697571743897685
larger,100000,526,CNN distance-density,2,14,12,0.06573415280230505,0.07442528735632183,0.08978529603122964,0.0,0.1428571428571429,0,16,26,1090,234,15034,0.02329749103940565,0.09999999999961538,0.03779069736786354,0.9191894531249438,0.019259259259244994
larger,100000,527,CNN distance-density,2,2,0,0.5541674498746867,0.062171052631578946,0.8809523809523809,1.0,1.0,0,0,9,73,172,16130,0.10975609755963711,0.049723756905802635,0.06844106420911102,0.9850463867186898,0.03543307086600223
larger,100000,528,CNN distance-density,5,7,2,0.24203154239720842,0.13626298639064596,0.5464231354642314,0.0,0.7142857142857143,2,3,82,474,863,14965,0.14748201438822395,0.08677248677239495,0.10926049253810007,0.9183959960936939,0.05778717406620311
larger,100000,529,CNN distance-density,4,6,2,0.20465814524796563,0.1176923076923077,0.4251497005988024,0.0,0.6666666666666667,0,4,2,432,591,15359,0.004608294930864958,0.0033726812816131995,0.003894838849854384,0.9375610351561927,0.0019512195121932183
larger,100000,530,CNN distance-density,5,5,0,0.3493912783756369,0.17401542450275392,0.8554216867469879,0.0,1.0,0,1,27,293,688,15376,0.08437499999973633,0.03776223776218495,0.05217391261620295,0.9401245117186926,0.02678571428568771
larger,100000,531,CNN distance-density,3,3,0,0.6382123655913978,0.30833333333333335,0.7473118279569892,1.0,1.0,0,0,21,167,366,15830,0.11170212765898031,0.05426356589133265,0.0730434778205036,0.9674682617186909,0.0379061371840471
larger,100000,532,CNN distance-density,2,2,0,0.553324074074074,0.06499999999999999,0.8703703703703703,1.0,1.0,0,0,0,49,172,16163,0.0,0.0,0.0,0.9865112304686897,0.0
larger,100000,533,CNN distance-density,2,2,0,0.5175675675675676,0.0,0.8378378378378378,1.0,1.0,0,0,4,63,146,16171,0.05970149253642236,0.02666666666648889,0.03686635901981355,0.9872436523436897,0.01877934272291653
larger,100000,534,CNN distance-density,4,5,1,0.21195204814599108,0.0952069716775599,0.4455445544554455,0.0,0.8,0,7,10,249,271,15854,0.03861003860988954,0.035587188611973,0.03703703653772978,0.9682617187499408,0.018867924528266286
larger,100000,535,CNN distance-density,3,3,0,0.38796653628857014,0.20678062678062675,0.9745762711864406,0.0,1.0,2,0,15,92,298,15979,0.1401869158865403,0.04792332268355296,0.07142857104851474,0.9761962890624404,0.03703703703694559
larger,100000,536,CNN distance-density,4,6,2,0.37137190727271985,0.3096135265700483,0.7554671968190855,0.05714285714285714,0.6666666666666667,4,14,86,351,886,15061,0.19679633867231855,0.08847736625505301,0.12207239133912426,0.9244995117186936,0.06500377928944444
larger,100000,537,CNN distance-density,4,5,1,0.2421264262053736,0.09871794871794871,0.5885167464114833,0.0,0.8,0,1,4,188,165,16027,0.02083333333322483,0.02366863905311439,0.02216066432185144,0.9784545898436903,0.011204481792685702
larger,100000,538,CNN distance-density,1,1,0,0.4323529411764706,0.0,0.4117647058823529,1.0,1.0,0,0,0,7,41,16336,0.0,0.0,0.0,0.9970703124999392,0.0
larger,100000,539,CNN distance-density,2,2,0,0.5202127659574468,0.0,0.851063829787234,1.0,1.0,0,0,6,60,232,16086,0.0909090909077135,0.02521008403350752,0.03947368387032549,0.98217773437494,0.020134228187851898
larger,100000,540,CNN distance-density,2,2,0,0.604231884057971,0.18814814814814812,0.8478260869565217,1.0,1.0,0,0,14,66,272,16032,0.1749999999978125,0.0489510489508778,0.07650273189841442,0.9793701171874402,0.039772727272614286
larger,100000,541,CNN distance-density,2,5,3,0.1632723200494285,0.15256410256410255,0.2730923694779116,0.0,0.4,0,5,14,438,124,15808,0.030973451327365103,0.10144927536158371,0.04745762676010343,0.965698242187441,0.02430555555551336
larger,100000,542,CNN distance-density,3,4,1,0.4472510822510823,0.056060606060606054,0.48511904761904767,1.0,0.75,0,0,28,298,336,15722,0.08588957055188377,0.0769230769228656,0.08115941979113632,0.9613037109374413,0.04229607250748898
larger,100000,543,CNN distance-density,5,5,0,0.3784276833155886,0.18165022320591215,0.9834254143646409,0.0,1.0,1,0,15,163,352,15854,0.0842696629208749,0.04087193460479326,0.05504587111956233,0.9685668945311908,0.028301886792399433
larger,100000,544,CNN distance-density,3,5,2,0.17436953207245798,0.10009861932938856,0.34662576687116564,0.0,0.6,1,1,49,256,242,15837,0.1606557377043913,0.16838487972450727,0.1644295297010664,0.9696044921874408,0.08957952467990936
larger,100000,545,CNN distance-density,5,5,0,0.3044714676568302,0.12168262653898769,0.7485714285714286,0.0,1.0,1,0,2,129,268,15985,0.015267175572402541,0.007407407407379973,0.009975061904167283,0.9757690429686904,0.00501253132830824
larger,100000,546,CNN distance-density,2,2,0,0.7594877702942219,0.4954429083461342,0.9326923076923077,1.0,1.0,0,0,1,96,178,16109,0.010309278350409182,0.00558659217873974,0.007246376355676357,0.9832763671874399,0.0036363636363504134
larger,100000,547,CNN distance-density,2,2,0,0.6110319001386962,0.14857142857142858,0.970873786407767,1.0,1.0,0,0,5,92,234,16053,0.05154639175204591,0.020920502091962678,0.029761904351031047,0.9801025390624402,0.015105740181223246
larger,100000,548,CNN distance-density,3,3,0,0.5547444786851566,0.08838383838383838,0.8248587570621468,1.0,1.0,0,0,17,130,493,15744,0.11564625850261466,0.033333333333267975,0.0517503801699807,0.9619750976561913,0.026562499999958498
larger,100000,549,CNN distance-density,1,1,0,0.6733995433789954,0.2860730593607306,0.9733333333333334,1.0,1.0,0,0,0,76,74,16234,0.0,0.0,0.0,0.9908447265624395,0.0
larger,100000,550,CNN distance-density,3,4,1,0.3391498959056211,0.16969696969696968,0.9389312977099237,0.0,0.75,1,0,3,104,159,16118,0.02803738317730806,0.018518518518404206,0.02230483223449097,0.9839477539061899,0.011278195488679406
larger,100000,551,CNN distance-density,5,5,0,0.37921855905637325,0.21435541859270674,0.9137931034482758,0.0,1.0,1,0,17,290,627,15450,0.05537459283369585,0.02639751552790932,0.03575183973095563,0.9440307617186924,0.01820128479655439
larger,100000,552,CNN distance-density,1,1,0,0.5540277777777778,0.05833333333333331,0.8888888888888888,1.0,1.0,0,0,0,19,53,16312,0.0,0.0,0.0,0.9956054687499392,0.0
larger,100000,553,CNN distance-density,5,5,0,0.3682493652808633,0.20519323671497586,0.8795620437956204,0.0,1.0,1,2,22,242,538,15582,0.08333333333301768,0.03928571428564413,0.05339805781681827,0.9523925781249418,0.027431421446349837
larger,100000,554,CNN distance-density,3,4,1,0.44722707375552667,0.45542406311637074,0.8364312267657993,0.0,0.75,0,1,30,234,570,15550,0.1136363636359332,0.04999999999991667,0.06944444401990098,0.9509277343749419,0.0359712230215396
larger,100000,555,CNN distance-density,4,5,1,0.3629323215470476,0.26608417133911805,0.8159722222222222,0.0,0.8,0,2,11,264,614,15495,0.03999999999985455,0.01759999999997184,0.024444444020007415,0.9464111328124422,0.012373453318321289
larger,100000,556,CNN distance-density,2,2,0,0.5882536950950593,0.10707282913165264,0.950354609929078,1.0,1.0,0,0,12,103,244,16025,0.10434782608604914,0.046874999999816896,0.06469002652604966,0.9788208007811903,0.03342618384391803
larger,100000,557,CNN distance-density,3,3,0,0.5537105263157894,0.04333333333333333,0.9210526315789473,1.0,1.0,0,0,43,64,288,15989,0.4018691588747489,0.12990936555851992,0.1963470315933467,0.9785156249999403,0.1088607594933953
larger,100000,558,CNN distance-density,3,3,0,0.5704595959595959,0.05444444444444444,0.9797979797979798,1.0,1.0,0,0,10,85,228,16061,0.1052631578936288,0.04201680672251254,0.06006005965190417,0.9808959960936902,0.030959752321885574
larger,100000,559,CNN distance-density,2,2,0,0.6052794117647059,0.18166666666666667,0.8676470588235294,1.0,1.0,0,0,0,69,187,16128,0.0,0.0,0.0,0.9843749999999399,0.0
larger,100000,560,CNN distance-density,3,5,2,0.15318120429540813,0.008139534883720932,0.4475920679886686,0.0,0.6,0,2,51,282,450,15601,0.15315315315269323,0.10179640718542556,0.1223021577933768,0.9553222656249417,0.06513409961677505
larger,100000,561,CNN distance-density,3,3,0,0.5162436974789916,0.045620915032679725,0.7285714285714286,1.0,1.0,0,0,14,125,197,16048,0.10071942445970707,0.06635071090015948,0.07999999952070207,0.9803466796874402,0.04166666666654266
larger,100000,562,CNN distance-density,2,2,0,0.5023809523809524,0.0,0.7619047619047619,1.0,1.0,0,0,0,63,231,16090,0.0,0.0,0.0,0.98205566406244,0.0
larger,100000,563,CNN distance-density,4,5,1,0.6240555822621041,0.21076910243576907,0.9960474308300395,1.0,0.8,0,0,35,211,564,15574,0.1422764227636493,0.05843071786300763,0.08284023627345262,0.9526977539061918,0.043209876543156535
larger,100000,564,CNN distance-density,2,2,0,0.56925,0.11499999999999999,0.8375,1.0,1.0,0,0,5,77,214,16088,0.06097560975535395,0.02283105022820625,0.033222590965486035,0.98223876953119,0.016891891891834824
larger,100000,565,CNN distance-density,4,5,1,0.3206959706959707,0.07222222222222223,0.8534798534798534,0.15,0.8,2,8,19,223,451,15691,0.07851239669389044,0.040425531914807605,0.05337078606797595,0.9588623046874415,0.027417027416987854
larger,100000,566,CNN distance-density,2,2,0,0.5612931034482759,0.09454022988505745,0.84375,1.0,1.0,0,0,0,97,207,16080,0.0,0.0,0.0,0.98144531249994,0.0
larger,100000,567,CNN distance-density,2,2,0,0.7723902439024389,0.5080894308943089,0.96875,1.0,1.0,0,0,0,64,152,16168,0.0,0.0,0.0,0.9868164062499397,0.0
larger,100000,568,CNN distance-density,2,2,0,0.7542614729020979,0.47877840909090913,0.9440559440559441,1.0,1.0,0,0,0,130,121,16133,0.0,0.0,0.0,0.9846801757811898,0.0
larger,100000,569,CNN distance-density,3,4,1,0.25662649377065855,0.19491877842755034,0.4695652173913043,0.0,0.75,1,1,26,184,261,15913,0.12380952380893424,0.09059233449445787,0.10462776611117813,0.9728393554686906,0.05520169851368322
larger,100000,570,CNN distance-density,4,5,1,0.31472328780810316,0.1835256348252244,0.7606837606837606,0.0,0.8,0,5,37,300,629,15418,0.10979228486614305,0.05555555555547214,0.0737786635616262,0.9432983398436924,0.03830227743267257
larger,100000,571,CNN distance-density,1,1,0,0.7458048780487805,0.48390243902439023,0.8902439024390244,1.0,1.0,0,0,37,37,218,16092,0.49999999999324324,0.14509803921511727,0.224924011808021,0.9844360351561899,0.12671232876668934
larger,100000,572,CNN distance-density,5,5,0,0.45111066289645607,0.40618270477479,0.841642228739003,0.0,1.0,1,0,6,335,715,15328,0.017595307917836964,0.008321775312055033,0.01129943459224327,0.9359130859374428,0.005681818181812802
larger,100000,573,CNN distance-density,3,3,0,0.5480392156862746,0.0,0.9901960784313726,1.0,1.0,0,0,4,91,290,15999,0.04210526315745152,0.013605442176824472,0.02056555232997404,0.9767456054686904,0.010389610389583404
larger,100000,574,CNN distance-density,1,1,0,0.5174418604651163,0.0,0.8372093023255813,1.0,1.0,0,0,0,44,113,16227,0.0,0.0,0.0,0.9904174804686895,0.0
larger,100000,575,CNN distance-density,3,3,0,0.6779025974025974,0.29,0.987012987012987,1.0,1.0,0,0,0,155,383,15846,0.0,0.0,0.0,0.9671630859374409,0.0
larger,100000,576,CNN distance-density,5,6,1,0.3160705038773224,0.20836524639181184,0.6948640483383686,0.0,0.8333333333333334,1,0,4,310,525,15545,0.012738853503144144,0.00756143667295357,0.009489916495727169,0.949035644531192,0.004767580452914461
larger,100000,577,CNN distance-density,3,3,0,0.28708333333333336,0.01296296296296297,0.90625,0.0,1.0,0,1,2,111,175,16096,0.01769911504409116,0.01129943502818475,0.013793102972532717,0.98254394531244,0.006944444444420332
larger,100000,578,CNN distance-density,3,3,0,0.5716666666666667,0.1962962962962963,0.6666666666666667,1.0,1.0,0,0,0,144,155,16085,0.0,0.0,0.0,0.98175048828119,0.0
larger,100000,579,CNN distance-density,1,1,0,0.6098571428571429,0.26,0.7142857142857143,1.0,1.0,0,0,0,21,89,16274,0.0,0.0,0.0,0.9932861328124394,0.0
larger,100000,580,CNN distance-density,5,6,1,0.2141767316195817,0.04729483282674772,0.5478036175710594,0.0,0.8333333333333334,2,0,15,300,462,15607,0.047619047618896446,0.03144654088043722,0.03787878739961165,0.9534912109374418,0.01930501930499446
larger,100000,581,CNN distance-density,2,2,0,0.5819061509194673,0.07625730994152043,0.9879518072289156,1.0,1.0,0,0,23,59,184,16118,0.2804878048746282,0.11111111111057435,0.1591695497654482,0.9851684570311898,0.08646616541320877
larger,100000,582,CNN distance-density,1,1,0,0.6810555555555555,0.39,0.7777777777777778,1.0,1.0,0,0,9,55,41,16279,0.14062499999780273,0.1799999999964,0.15789473634687595,0.9941406249999393,0.08571428571346938
larger,100000,583,CNN distance-density,2,2,0,0.8054629507765201,0.5778735632183907,0.9770992366412213,1.0,1.0,0,0,0,133,274,15977,0.0,0.0,0.0,0.9751586914061905,0.0
larger,100000,584,CNN distance-density,4,4,0,0.286734693877551,0.0,0.9336734693877551,0.0,1.0,1,0,13,165,437,15769,0.07303370786475824,0.028888888888824692,0.041401273479015385,0.9632568359374412,0.021138211382079452
larger,100000,585,CNN distance-density,3,3,0,0.5700732623139034,0.0810371220818982,0.9180327868852459,1.0,1.0,0,0,0,153,619,15612,0.0,0.0,0.0,0.9528808593749418,0.0
larger,100000,586,CNN distance-density,3,4,1,0.25294894366197185,0.09027777777777778,0.6866197183098591,0.0,0.75,1,1,42,237,448,15657,0.1505376344080626,0.08571428571411079,0.10923276936830802,0.9581909179686915,0.05777166437406084
larger,100000,587,CNN distance-density,1,1,0,0.613735294117647,0.38999999999999996,0.4411764705882353,1.0,1.0,0,0,1,13,113,16257,0.07142857142346938,0.008771929824484456,0.015624999804931643,0.9923095703124394,0.007874015747969495
larger,100000,588,CNN distance-density,1,1,0,0.7394042553191489,0.4303546099290779,0.9787234042553191,1.0,1.0,0,0,15,32,33,16304,0.3191489361634224,0.3124999999934896,0.31578947317761774,0.9960327148436892,0.18749999999765624
larger,100000,589,CNN distance-density,1,1,0,0.9414999999999999,0.8699999999999999,1.0,1.0,1.0,0,0,0,92,278,16014,0.0,0.0,0.0,0.9774169921874403,0.0
larger,100000,590,CNN distance-density,3,5,2,0.2728019829558391,0.23718529193939025,0.5303430079155673,0.0,0.6,0,6,25,322,597,15440,0.07204610950987883,0.040192926044951456,0.05159958674346645,0.9439086914061924,0.026483050847429572
larger,100000,591,CNN distance-density,1,1,0,0.51,0.0,0.8,1.0,1.0,0,0,0,21,80,16283,0.0,0.0,0.0,0.9938354492186893,0.0
larger,100000,592,CNN distance-density,4,4,0,0.6084654150197628,0.15770092226613966,0.9375,1.0,1.0,0,0,13,127,411,15833,0.0928571428564796,0.030660377358418256,0.04609929040675772,0.9671630859374409,0.023593466424639577
larger,100000,593,CNN distance-density,5,5,0,0.42188624996646695,0.2875089896789243,0.962536023054755,0.0,1.0,4,7,53,245,859,15227,0.17785234899269178,0.05811403508765558,0.08760330541372585,0.932617187499943,0.04580812445977026
larger,100000,594,CNN distance-density,1,1,0,0.7967931034482758,0.5790804597701149,0.9310344827586207,1.0,1.0,0,0,14,14,82,16274,0.49999999998214284,0.14583333333181422,0.2258064512596254,0.9941406249999393,0.12727272727157024
larger,100000,595,CNN distance-density,5,5,0,0.34811031547163485,0.2518090605047127,0.6739811912225706,0.0,1.0,1,3,3,295,349,15737,0.010067114093925949,0.00852272727270306,0.009230768734191744,0.9606933593749414,0.004636785162280314
larger,100000,596,CNN distance-density,3,5,2,0.17661003236245953,0.057407407407407414,0.4538834951456311,0.0,0.6,0,1,9,379,269,15727,0.023195876288600013,0.032374100719308005,0.02702702654058564,0.9604492187499414,0.013698630136965451
larger,100000,597,CNN distance-density,2,2,0,0.47525201612903223,0.07762096774193546,0.4516129032258065,1.0,1.0,0,0,12,28,219,16125,0.29999999999250004,0.05194805194782707,0.08856088535657194,0.9849243164061898,0.046332046331867445
larger,100000,598,CNN distance-density,2,3,1,0.26902991452991454,0.03716049382716048,0.9282051282051282,0.0,0.6666666666666667,1,1,10,187,402,15785,0.050761421319539285,0.024271844660135263,0.0328407220581049,0.9640502929686912,0.01669449081800218
larger,100000,599,CNN distance-density,5,5,0,0.3795827200673866,0.20205094722878575,0.9432989690721649,0.0,1.0,0,3,5,164,358,15857,0.029585798816392984,0.013774104683157647,0.018796992047621416,0.9681396484374409,0.009487666034137594
larger,100000,600,CNN distance-density,2,2,0,0.575328431372549,0.06499999999999999,0.9803921568627451,1.0,1.0,0,0,46,57,243,16038,0.44660194174323686,0.15916955017245962,0.23469387716239332,0.98168945312494,0.13294797687822849
larger,100000,601,CNN distance-density,4,5,1,0.3160706073113208,0.2523791273584906,0.6125,0.0,0.8,0,5,22,349,521,15492,0.059299191374503235,0.04051565377524767,0.04814004328127739,0.9468994140624422,0.024663677130017193
larger,100000,602,CNN distance-density,4,5,1,0.2759366007194245,0.14125000000000001,0.6618705035971223,0.0,0.8,1,7,20,372,413,15579,0.051020408163135154,0.04618937644331134,0.04848484798596585,0.9520874023436918,0.024844720496863548
larger,100000,603,CNN distance-density,4,5,1,0.2819879305477132,0.06213768115942029,0.8701298701298701,0.0,0.8,1,0,14,98,459,15813,0.12499999999888392,0.029598308668013534,0.04786324755348675,0.966003417968691,0.024518388791550758
larger,100000,604,CNN distance-density,4,5,1,0.31450396825396826,0.2361111111111111,0.6412698412698412,0.0,0.8,1,4,31,257,444,15652,0.10763888888851515,0.06526315789459945,0.08125819087975486,0.9572143554686916,0.04234972677589843
larger,100000,605,CNN distance-density,5,5,0,0.29189416817005254,0.12624933545986178,0.6754098360655738,0.0,1.0,1,4,31,242,599,15512,0.11355311355269761,0.0492063492062711,0.06866002172639252,0.948669433593692,0.03555045871555556
larger,100000,606,CNN distance-density,3,3,0,0.6800515572390572,0.299420127197905,0.9765625,1.0,1.0,0,0,0,128,399,15857,0.0,0.0,0.0,0.9678344726561909,0.0
larger,100000,607,CNN distance-density,4,4,0,0.30942042081753796,0.05890188434048083,0.914572864321608,0.0,1.0,1,2,0,183,212,15989,0.0,0.0,0.0,0.9758911132811904,0.0
larger,100000,608,CNN distance-density,4,4,0,0.2777530779753762,0.05392156862745097,0.7674418604651163,0.0,1.0,1,0,14,119,311,15940,0.1052631578939454,0.043076923076790535,0.06113537076664253,0.9737548828124405,0.031531531531460516
larger,100000,609,CNN distance-density,4,4,0,0.6171191860465116,0.20083333333333334,0.8837209302325582,1.0,1.0,0,0,6,159,150,16069,0.03636363636341598,0.03846153846129192,0.0373831770702536,0.98114013671869,0.01904761904755858
larger,100000,610,CNN distance-density,5,5,0,0.30191248391248393,0.11407407407407406,0.752895752895753,0.0,1.0,0,2,16,149,470,15749,0.09696969696910929,0.032921810699520736,0.04915514555075613,0.9622192382811913,0.025196850393661107
larger,100000,611,CNN distance-density,2,2,0,0.5357142857142857,0.0,0.9285714285714286,1.0,1.0,0,0,0,49,94,16241,0.0,0.0,0.0,0.9912719726561895,0.0
larger,100000,612,CNN distance-density,3,3,0,0.7176715176715177,0.38461538461538464,0.972972972972973,1.0,1.0,0,0,0,75,223,16086,0.0,0.0,0.0,0.98181152343744,0.0
larger,100000,613,CNN distance-density,2,3,1,0.335426747311828,0.21875,0.8516129032258064,0.0,0.6666666666666667,0,1,14,121,309,15940,0.10370370370293554,0.0433436532506398,0.0611353707630194,0.9737548828124405,0.031531531531460516
larger,100000,614,CNN distance-density,1,1,0,0.8757105263157895,0.7471929824561403,0.9473684210526316,1.0,1.0,0,0,0,55,176,16153,0.0,0.0,0.0,0.9859008789061898,0.0
larger,100000,615,CNN distance-density,5,5,0,0.2808684210526316,0.09783625730994153,0.6842105263157895,0.0,1.0,0,1,4,152,334,15894,0.02564102564086128,0.011834319526592207,0.01619433155160715,0.9703369140624407,0.00816326530610579
larger,100000,616,CNN distance-density,5,4,1,0.384,0.24,0.98,0.0,0.8,1,0,34,104,229,16017,0.2463768115924176,0.1292775665394324,0.16957605939811318,0.9796752929686902,0.09264305177086474
larger,100000,617,CNN distance-density,2,2,0,0.6447808441558441,0.2337121212121212,0.948051948051948,1.0,1.0,0,0,0,69,261,16054,0.0,0.0,0.0,0.9798583984374402,0.0
larger,100000,618,CNN distance-density,5,5,0,0.3052865146752064,0.13703630363036304,0.7181008902077151,0.0,1.0,0,2,5,315,548,15516,0.015624999999951173,0.009041591320055983,0.011454753258385412,0.9473266601561922,0.005760368663587834
larger,100000,619,CNN distance-density,3,4,1,0.24012195121951221,0.15555555555555556,0.47560975609756095,0.0,0.75,0,1,25,206,353,15800,0.10822510822463972,0.06613756613739118,0.08210180576859964,0.965881347656191,0.042808219178008894
larger,100000,620,CNN distance-density,4,5,1,0.3138108558680801,0.18867943639784218,0.7445255474452555,0.0,0.8,3,4,15,232,506,15631,0.06072874493902539,0.028790786948121323,0.03906249956354099,0.9549560546874417,0.019920318725073147
larger,100000,621,CNN distance-density,3,3,0,0.25217391304347825,0.0,0.7608695652173914,0.0,1.0,1,0,11,91,313,15969,0.10784313725384467,0.03395061728384583,0.05164319212380701,0.9753417968749405,0.026506024096321672
larger,100000,622,CNN distance-density,4,4,0,0.31416091543709346,0.050084175084175085,0.9581151832460733,0.0,1.0,0,2,1,171,375,15837,0.005813953488338291,0.002659574468078033,0.0036496346057728673,0.9666748046874409,0.0018281535648961094
larger,100000,623,CNN distance-density,2,3,1,0.5285503875968992,0.26,0.4744186046511628,1.0,0.6666666666666667,0,0,7,186,351,15840,0.03626943005162555,0.019553072625643708,0.025408348002094867,0.9672241210936909,0.012867647058799876
larger,100000,624,CNN distance-density,3,5,2,0.41494057835335724,0.03278867102396514,0.45092838196286467,1.0,0.6,0,0,11,356,269,15748,0.02997275204351506,0.03928571428557398,0.034003090699043746,0.9618530273436913,0.017295597484249536
larger,100000,625,CNN distance-density,3,3,0,0.543568376068376,0.03888888888888889,0.8803418803418803,1.0,1.0,0,0,13,86,247,16038,0.13131313131180491,0.04999999999980769,0.0724233979288491,0.9796752929686902,0.037572254335151524
larger,100000,626,CNN distance-density,4,5,1,0.3551210837185414,0.17097614563716257,0.990909090909091,0.0,0.8,2,0,12,206,462,15704,0.055045871559380524,0.025316455696149123,0.03468208049318387,0.9592285156249414,0.01764705882350346
larger,100000,627,CNN distance-density,2,2,0,0.42428571428571427,0.0,0.37142857142857144,1.0,1.0,0,0,0,13,94,16277,0.0,0.0,0.0,0.9934692382811894,0.0
larger,100000,628,CNN distance-density,4,5,1,0.29557890023065225,0.08469802555168407,0.8873239436619719,0.0,0.8,1,0,27,143,497,15717,0.15882352941083047,0.05152671755715357,0.07780979790076323,0.9609374999999413,0.04047976011987934
larger,100000,629,CNN distance-density,2,2,0,0.5477475296442688,0.014318181818181813,0.9565217391304348,1.0,1.0,0,0,4,122,136,16122,0.03174603174577979,0.02857142857122449,0.03007518747108373,0.9842529296874399,0.015267175572460812
larger,100000,630,CNN distance-density,4,5,1,0.38875429782073007,0.33884865863786273,0.7813620071684588,0.0,0.8,1,1,51,229,430,15674,0.18214285714220663,0.1060291060288856,0.13403416510614535,0.9597778320311914,0.07183098591539179
larger,100000,631,CNN distance-density,5,6,1,0.21604945054945054,0.06830687830687829,0.5098901098901099,0.0,0.8333333333333334,2,14,67,263,553,15501,0.2030303030296878,0.10806451612885797,0.14105263112524322,0.9501953124999419,0.0758776896941383
larger,100000,632,CNN distance-density,1,1,0,0.7996666666666666,0.5844444444444444,0.9333333333333333,1.0,1.0,0,0,0,71,76,16237,0.0,0.0,0.0,0.9910278320311895,0.0
larger,100000,633,CNN distance-density,5,5,0,0.4030482900961162,0.3011379071379071,0.8376811594202899,0.0,1.0,0,2,9,323,627,15425,0.02710843373485811,0.014150943396204166,0.018595040871589218,0.9420166015624425,0.009384775808123686
larger,100000,634,CNN distance-density,3,3,0,0.6429615384615385,0.26,0.8798076923076923,1.0,1.0,0,0,42,144,527,15671,0.22580645161168922,0.07381370825997573,0.11125827777406956,0.9590454101561915,0.058906030855457356
larger,100000,635,CNN distance-density,1,1,0,0.7075,0.35,1.0,1.0,1.0,0,0,0,22,68,16294,0.0,0.0,0.0,0.9945068359374393,0.0
larger,100000,636,CNN distance-density,2,2,0,0.31308971946630176,0.1011603375527426,0.8378378378378378,0.0,1.0,0,1,0,105,289,15990,0.0,0.0,0.0,0.9759521484374404,0.0
larger,100000,637,CNN distance-density,2,2,0,0.66825,0.325,0.86,1.0,1.0,0,0,0,102,272,16010,0.0,0.0,0.0,0.9771728515624404,0.0
larger,100000,638,CNN distance-density,2,2,0,0.59625,0.17499999999999996,0.8375,1.0,1.0,0,0,0,59,259,16066,0.0,0.0,0.0,0.9805908203124402,0.0
larger,100000,639,CNN distance-density,2,2,0,0.5337037037037037,0.0,0.9185185185185185,1.0,1.0,0,0,7,111,337,15929,0.059322033897802356,0.020348837209243173,0.030303029922546437,0.9726562499999406,0.015384615384581572
larger,100000,640,CNN distance-density,1,1,0,0.733,0.45999999999999996,0.88,1.0,1.0,0,0,8,9,91,16276,0.470588235266436,0.08080808080726457,0.1379310342302319,0.9938964843749393,0.0740740740733882
larger,100000,641,CNN distance-density,5,5,0,0.3531984228899476,0.166982214572576,0.890282131661442,0.0,1.0,2,7,14,280,859,15231,0.04761904761888565,0.016036655211894575,0.023993144438805222,0.9304809570311932,0.012142237640926156
larger,100000,642,CNN distance-density,2,2,0,0.6377499999999999,0.195,1.0,1.0,1.0,0,0,3,121,377,15883,0.024193548386901666,0.007894736842084488,0.011904761533714423,0.9696044921874408,0.0059880239520838565
larger,100000,643,CNN distance-density,3,3,0,0.6823440903590158,0.32713101160862357,0.9256756756756757,1.0,1.0,0,0,35,116,361,15872,0.23178807946866367,0.0883838383836152,0.12797074914279985,0.9708862304686907,0.06835937499986648
larger,100000,644,CNN distance-density,5,5,0,0.43017647058823527,0.3670588235294117,0.825,0.0,1.0,2,1,10,255,444,15675,0.03773584905646138,0.02202643171801316,0.027816411217364567,0.9573364257811915,0.01410437235541029
larger,100000,645,CNN distance-density,2,2,0,0.3103684210526316,0.13999999999999999,0.736842105263158,0.0,1.0,1,0,4,49,110,16221,0.07547169811178356,0.035087719297937824,0.047904191182903656,0.9902954101561895,0.024539877300462948
larger,100000,646,CNN distance-density,3,3,0,0.5828932461873638,0.11424836601307188,0.9074074074074074,1.0,1.0,0,0,6,101,233,16044,0.05607476635461612,0.025104602510355213,0.03468208049742725,0.9796142578124402,0.01764705882347751
larger,100000,647,CNN distance-density,1,1,0,0.8487534246575342,0.6760730593607306,0.9726027397260274,1.0,1.0,0,0,54,18,170,16142,0.7499999999895833,0.24107142857035238,0.3648648644942477,0.9885253906249396,0.22314049586684653
larger,100000,648,CNN distance-density,3,3,0,0.6084745762711864,0.160075329566855,0.9322033898305084,1.0,1.0,0,0,3,157,181,16043,0.018749999999882815,0.016304347825998346,0.01744185996744864,0.9793701171874402,0.008797653958918482
larger,100000,649,CNN distance-density,1,1,0,0.8386153846153847,0.6755555555555556,0.9230769230769231,1.0,1.0,0,0,0,92,85,16207,0.0,0.0,0.0,0.9891967773436896,0.0
larger,100000,650,CNN distance-density,3,3,0,0.3189757496592458,0.0636737089201878,0.9516129032258065,0.0,1.0,1,0,30,145,433,15776,0.17142857142759185,0.06479481641454687,0.0940438867489264,0.964721679687441,0.04934210526307674
larger,100000,651,CNN distance-density,3,3,0,0.5461141304347826,0.05416666666666666,0.8586956521739131,1.0,1.0,0,0,3,171,450,15760,0.01724137931024574,0.006622516556276771,0.009569377589401969,0.9620971679686913,0.004807692307684603
larger,100000,652,CNN distance-density,1,1,0,0.7490714285714286,0.49000000000000005,0.8928571428571429,1.0,1.0,0,0,0,26,29,16329,0.0,0.0,0.0,0.9966430664061892,0.0
larger,100000,653,CNN distance-density,4,5,1,0.33224961948249626,0.17339421613394218,0.8711111111111112,0.0,0.8,0,1,6,211,389,15778,0.02764976958512604,0.015189873417683065,0.019607842679487602,0.9633789062499412,0.009900990098993563
larger,100000,654,CNN distance-density,5,5,0,0.38916057778404056,0.21006601177959802,0.9731543624161074,0.0,1.0,1,0,2,143,302,15937,0.013793103448180738,0.006578947368399412,0.00890868553148052,0.9728393554686906,0.00447427293063876
larger,100000,655,CNN distance-density,4,4,0,0.2849807363013699,0.12187500000000001,0.6506849315068493,0.0,1.0,1,0,4,91,329,15960,0.04210526315745152,0.01201201201197594,0.018691588439568963,0.9743652343749405,0.009433962264128693
larger,100000,656,CNN distance-density,4,5,1,0.30277113713553866,0.25074969400244795,0.5496688741721854,0.0,0.8,2,2,51,231,403,15699,0.18085106382914592,0.11233480176186711,0.13858695604866939,0.9613037109374413,0.07445255474441687
larger,100000,657,CNN distance-density,4,4,0,0.4283548114546335,0.2071251035625518,0.9257425742574258,0.19999999999999996,1.0,1,1,28,156,597,15603,0.15217391304265124,0.04479999999992832,0.06922126046422739,0.9540405273436917,0.035851472471144875
larger,100000,658,CNN distance-density,3,3,0,0.5859867591424969,0.1346153846153846,0.8770491803278688,1.0,1.0,0,0,0,101,285,15998,0.0,0.0,0.0,0.9764404296874404,0.0
larger,100000,659,CNN distance-density,3,6,3,0.1943560382255941,0.16904846545799265,0.341421143847487,0.0,0.5,0,6,0,518,320,15546,0.0,0.0,0.0,0.948852539062442,0.0
larger,100000,660,CNN distance-density,4,4,0,0.387981717908633,0.21971734892787526,0.9455445544554455,0.0,1.0,0,1,1,192,410,15781,0.005181347150232221,0.0024330900243249806,0.0033112578432689926,0.9632568359374412,0.0016583747927004008
larger,100000,661,CNN distance-density,1,1,0,0.5184210526315789,0.0,0.8421052631578947,1.0,1.0,0,0,0,17,20,16347,0.0,0.0,0.0,0.997741699218689,0.0
larger,100000,662,CNN distance-density,3,6,3,0.2775890942455006,0.250099658795311,0.5752212389380531,0.0,0.5,1,9,39,384,659,15302,0.09219858156006573,0.05587392550135262,0.06958073101970731,0.9363403320311928,0.03604436229201844
larger,100000,663,CNN distance-density,4,5,1,0.2783468146701612,0.19555997129767622,0.5517241379310345,0.0,0.8,1,8,0,345,609,15430,0.0,0.0,0.0,0.9417724609374425,0.0
larger,100000,664,CNN distance-density,2,3,1,0.20426987144667755,0.09285714285714285,0.4790874524714829,0.0,0.6666666666666667,0,1,8,229,385,15762,0.03375527426146095,0.020356234096640315,0.02539682492740238,0.9625244140624413,0.012861736334384467
larger,100000,665,CNN distance-density,3,4,1,0.5404730527143982,0.13736559139784946,0.7682926829268293,1.0,0.75,0,0,7,156,442,15779,0.04294478527581016,0.015590200445399577,0.022875816602583414,0.9635009765624412,0.011570247933865173
larger,100000,666,CNN distance-density,1,1,0,0.5166666666666667,0.0,0.8333333333333334,1.0,1.0,0,0,0,25,21,16338,0.0,0.0,0.0,0.9971923828124392,0.0
larger,100000,667,CNN distance-density,4,6,2,0.2646254511154855,0.2071875,0.5236220472440944,0.0,0.6666666666666667,2,4,11,443,377,15553,0.024229074889814475,0.02835051546384446,0.026128265536264194,0.949951171874942,0.013237063778564095
larger,100000,668,CNN distance-density,3,3,0,0.6391972693032014,0.27537664783427496,0.8263888888888888,1.0,1.0,0,0,7,109,380,15888,0.06034482758568668,0.018087855297110884,0.027833001633096065,0.9701538085936907,0.014112903225777998
larger,100000,669,CNN distance-density,1,1,0,0.8406935483870968,0.6818279569892473,0.9193548387096774,1.0,1.0,0,0,0,58,63,16263,0.0,0.0,0.0,0.9926147460936894,0.0
larger,100000,670,CNN distance-density,1,1,0,0.5586056511056511,0.06717171717171717,0.8918918918918919,1.0,1.0,0,0,12,26,92,16254,0.3157894736759003,0.11538461538350592,0.16901408411267607,0.9927978515624394,0.09230769230698226
larger,100000,671,CNN distance-density,2,2,0,0.5689963235294118,0.04874999999999999,0.9852941176470589,1.0,1.0,0,0,0,60,58,16266,0.0,0.0,0.0,0.9927978515624394,0.0
larger,100000,672,CNN distance-density,4,5,1,0.2822371418677554,0.09588051728188053,0.7454545454545455,0.04,0.8,2,10,33,262,563,15526,0.11186440677928182,0.05536912751668562,0.07407407363096989,0.949645996093692,0.03846153846149364
larger,100000,673,CNN distance-density,3,4,1,0.3424429358520268,0.16680440771349858,0.9619047619047619,0.0,0.75,2,4,47,213,834,15290,0.18076923076853552,0.05334846765033672,0.08238387344288149,0.9360961914061928,0.04296160877509784
larger,100000,674,CNN distance-density,5,4,1,0.4911497279488844,0.021460423634336676,0.7574626865671642,1.0,0.8,0,0,31,151,602,15600,0.17032967032873447,0.04897314375979625,0.07607361928482667,0.9540405273436917,0.039540816326480176
larger,100000,675,CNN distance-density,2,2,0,0.5873902877697842,0.195,0.7482014388489209,1.0,1.0,0,0,0,140,326,15918,0.0,0.0,0.0,0.9715576171874407,0.0
larger,100000,676,CNN distance-density,4,5,1,0.5196429141710772,0.16722615613252906,0.5719557195571956,1.0,0.8,0,0,29,240,346,15769,0.10780669144941336,0.07733333333312711,0.09006211131450852,0.9642333984374412,0.047154471544638775
larger,100000,677,CNN distance-density,4,4,0,0.4093293174291128,0.27360537972753046,0.9310344827586207,0.0,1.0,1,0,4,172,263,15945,0.022727272727143595,0.014981273408183591,0.01805869026593767,0.9734497070311906,0.009111617312052138
larger,100000,678,CNN distance-density,2,2,0,0.6117826324055492,0.3071461187214612,0.6178343949044586,1.0,1.0,0,0,0,151,305,15928,0.0,0.0,0.0,0.9721679687499406,0.0
larger,100000,679,CNN distance-density,1,1,0,0.5444565217391304,0.045652173913043444,0.8695652173913043,1.0,1.0,0,0,0,21,24,16339,0.0,0.0,0.0,0.9972534179686892,0.0
larger,100000,680,CNN distance-density,5,5,0,0.32754762134052395,0.08984217171717174,0.9355932203389831,0.0,1.0,0,5,15,242,568,15559,0.05836575875463671,0.025728987993094806,0.035714285289509644,0.9505615234374419,0.018181818181796143
larger,100000,681,CNN distance-density,2,2,0,0.454301724137931,0.35055555555555556,0.9827586206896551,0.0,1.0,0,1,0,50,199,16135,0.0,0.0,0.0,0.9848022460936898,0.0
larger,100000,682,CNN distance-density,2,2,0,0.5978676470588236,0.10637254901960783,1.0,1.0,1.0,0,0,0,45,125,16214,0.0,0.0,0.0,0.9896240234374396,0.0
larger,100000,683,CNN distance-density,1,1,0,0.5408333333333334,0.0388888888888889,0.8666666666666667,1.0,1.0,0,0,4,10,50,16320,0.2857142856938775,0.07407407407270233,0.11764705849307956,0.9963378906249392,0.062499999999023434
larger,100000,684,CNN distance-density,3,3,0,0.5255506912442396,0.13,0.5852534562211982,1.0,1.0,0,0,0,213,130,16041,0.0,0.0,0.0,0.9790649414061903,0.0
larger,100000,685,CNN distance-density,2,4,2,0.21437629559833088,0.17431731502669717,0.42966751918158563,0.0,0.5,0,3,0,358,170,15856,0.0,0.0,0.0,0.9677734374999409,0.0
larger,100000,686,CNN distance-density,3,5,2,0.3220865633074936,0.29186046511627906,0.6537467700258398,0.0,0.6,1,2,15,339,281,15749,0.042372881355812506,0.050675675675504475,0.04615384565768521,0.9621582031249413,0.02362204724405729
larger,100000,687,CNN distance-density,1,1,0,0.8164130434782609,0.65,0.8695652173913043,1.0,1.0,0,0,0,93,249,16042,0.0,0.0,0.0,0.9791259765624402,0.0
larger,100000,688,CNN distance-density,4,5,1,0.3606437089751089,0.19913848631239933,0.9551569506726457,0.0,0.8,1,0,3,212,509,15660,0.013953488372028124,0.005859374999988556,0.008253094494016431,0.9559936523436916,0.004143646408834056
larger,100000,689,CNN distance-density,2,2,0,0.5422077922077922,0.0,0.961038961038961,1.0,1.0,0,0,0,69,112,16203,0.0,0.0,0.0,0.9889526367186896,0.0
larger,100000,690,CNN distance-density,3,4,1,0.45624763167866617,0.0727232537577365,0.4926108374384236,1.0,0.75,0,0,6,182,221,15975,0.03191489361685152,0.02643171806155757,0.028915662154878806,0.9754028320311905,0.014669926650330881
larger,100000,691,CNN distance-density,1,1,0,0.7075,0.35,1.0,1.0,1.0,0,0,28,58,236,16062,0.32558139534505137,0.10606060606020432,0.15999999962840816,0.98205566406244,0.08695652173886038
larger,100000,692,CNN distance-density,1,1,0,0.7816264367816091,0.5295402298850574,0.9666666666666667,1.0,1.0,0,0,67,24,199,16094,0.7362637362556455,0.2518796992471734,0.3753501396740657,0.9863891601561897,0.23103448275782404
larger,100000,693,CNN distance-density,4,6,2,0.23884917905372585,0.09042922374429224,0.6574468085106383,0.0,0.6666666666666667,4,9,48,317,402,15617,0.1315068493147082,0.10666666666642963,0.1177914105480944,0.9561157226561916,0.06258148631021827
larger,100000,694,CNN distance-density,3,5,2,0.2153903416682573,0.14029394922695168,0.4612903225806452,0.0,0.6,1,7,34,260,386,15704,0.11564625850300801,0.08095238095218821,0.09523809475339941,0.9605712890624414,0.04999999999992647
larger,100000,695,CNN distance-density,1,1,0,0.8148148148148148,0.654320987654321,0.8518518518518519,1.0,1.0,0,0,0,41,86,16257,0.0,0.0,0.0,0.9922485351561894,0.0
larger,100000,696,CNN distance-density,5,5,0,0.38494210526315786,0.21799999999999997,0.9342105263157895,0.0,1.0,1,0,11,145,217,16011,0.07051282051236851,0.048245614034876115,0.0572916661839464,0.9779052734374403,0.02949061662190485
larger,100000,697,CNN distance-density,4,6,2,0.23328505009122516,0.1132900518716754,0.5781893004115226,0.0,0.6666666666666667,1,2,25,430,637,15292,0.05494505494493419,0.03776435045311516,0.04476275690294618,0.9348754882811929,0.02289377289375193
larger,100000,698,CNN distance-density,5,6,1,0.26134987053445,0.08011611441517984,0.7098214285714286,0.0,0.8333333333333334,3,5,33,376,675,15300,0.08068459657681984,0.04661016949145959,0.05908683928504939,0.9358520507811928,0.030442804428016196
larger,100000,699,CNN distance-density,3,5,2,0.22491573033707868,0.21666666666666667,0.3370786516853933,0.0,0.6,0,3,8,404,231,15741,0.01941747572810821,0.033472803347140284,0.024577572499904447,0.9612426757811913,0.012441679626730262
larger,100000,700,CNN distance-density,5,6,1,0.2815178609963885,0.16204252195941946,0.6263269639065818,0.0,0.8333333333333334,1,10,5,370,623,15386,0.013333333333297778,0.007961783439477768,0.009970089262601052,0.9393920898436926,0.005010020040075141
larger,100000,701,CNN distance-density,4,5,1,0.3068468352253182,0.08451343500363108,0.944078947368421,0.0,0.8,1,0,13,278,762,15331,0.04467353951874683,0.016774193548365453,0.024390243505466605,0.9365234374999428,0.012345679012333955
larger,100000,702,CNN distance-density,5,5,0,0.3590942942522296,0.12052341597796143,0.8576271186440678,0.13333333333333333,1.0,1,3,18,262,507,15597,0.0642857142854847,0.03428571428564898,0.044720496440612635,0.9530639648436918,0.022871664548890887
larger,100000,703,CNN distance-density,3,5,2,0.28669132653061224,0.3575,0.32908163265306123,0.0,0.6,0,2,4,340,277,15763,0.011627906976710385,0.0142348754447892,0.01279999950503938,0.9623413085936913,0.006441223832517808
larger,100000,704,CNN distance-density,3,5,2,0.22799883408362215,0.14826839826839827,0.44389027431421446,0.04999999999999999,0.6,1,4,17,340,450,15577,0.04761904761891424,0.036402569593069804,0.041262135431140434,0.9517822265624419,0.021065675340742173
larger,100000,705,CNN distance-density,3,3,0,0.8336694209456358,0.6913786696395392,0.8627450980392157,1.0,1.0,0,0,0,135,489,15760,0.0,0.0,0.0,0.9619140624999413,0.0
larger,100000,706,CNN distance-density,1,1,0,0.8824090909090909,0.758888888888889,0.9545454545454546,1.0,1.0,0,0,0,89,261,16034,0.0,0.0,0.0,0.9786376953124403,0.0
larger,100000,707,CNN distance-density,3,3,0,0.6644806235431235,0.321741452991453,0.8484848484848485,1.0,1.0,0,0,8,90,279,16007,0.0816326530603915,0.02787456445983319,0.041558441178721546,0.9774780273436903,0.021220159151137348
larger,100000,708,CNN distance-density,5,5,0,0.6010461538461539,0.11343589743589742,1.0,1.0,1.0,0,0,9,171,317,15887,0.049999999999722225,0.0276073619631055,0.03557312207113063,0.9702148437499407,0.018108651911432377
larger,100000,709,CNN distance-density,5,5,0,0.33391246597768337,0.17412646760472847,0.7777777777777778,0.0,1.0,1,2,25,245,337,15777,0.09259259259224967,0.06906077348047221,0.07911392356097782,0.9644775390624412,0.04118616144968503
larger,100000,710,CNN distance-density,5,5,0,0.3250390131697637,0.10543478260869564,0.8879668049792531,0.0,1.0,2,4,9,216,399,15760,0.039999999999822226,0.0220588235293577,0.028436018499045403,0.9624633789061913,0.014423076923053809
larger,100000,711,CNN distance-density,3,3,0,0.5486774193548387,0.08666666666666667,0.7983870967741935,1.0,1.0,0,0,5,119,131,16129,0.040322580644836105,0.03676470588208262,0.038461537962307696,0.9847412109374398,0.01960784313717801
larger,100000,712,CNN distance-density,2,2,0,0.6753927801487086,0.3926704014939309,0.743455497382199,1.0,1.0,0,0,53,88,228,16015,0.3758865248200292,0.1886120996434569,0.25118483367706257,0.9807128906249402,0.1436314363139739
larger,100000,713,CNN distance-density,5,5,0,0.31966743421052635,0.13571929824561405,0.79296875,0.0,1.0,0,3,0,239,524,15621,0.0,0.0,0.0,0.9534301757811918,0.0
larger,100000,714,CNN distance-density,4,5,1,0.3617419835066894,0.19160839160839158,0.9775910364145658,0.0,0.8,2,0,24,322,739,15299,0.06936416184951051,0.0314547837483205,0.04328223581948823,0.9352416992186929,0.02211981566818238
larger,100000,715,CNN distance-density,4,5,1,0.28779797979797983,0.14864197530864195,0.7045454545454546,0.0,0.8,0,5,32,262,459,15631,0.10884353741459578,0.0651731160894803,0.08152866195166376,0.9559936523436916,0.04249667994682271
larger,100000,716,CNN distance-density,2,3,1,0.2157509449562958,0.10471887550200802,0.5098039215686274,0.0,0.6666666666666667,1,3,32,155,285,15912,0.17112299465149133,0.10094637223942919,0.1269841265168887,0.9731445312499406,0.06779661016934789
larger,100000,717,CNN distance-density,2,2,0,0.2947536719706243,0.09360465116279071,0.7631578947368421,0.0,1.0,0,1,0,108,179,16097,0.0,0.0,0.0,0.98248291015619,0.0
larger,100000,718,CNN distance-density,4,4,0,0.5641363636363637,0.05666666666666666,0.9431818181818182,1.0,1.0,0,0,11,149,281,15943,0.06874999999957032,0.03767123287658332,0.048672565914108394,0.9737548828124405,0.02494331065753981
larger,100000,719,CNN distance-density,2,2,0,0.7148611111111111,0.41574074074074063,0.8888888888888888,1.0,1.0,0,0,0,98,110,16176,0.0,0.0,0.0,0.9873046874999397,0.0
larger,100000,720,CNN distance-density,1,1,0,0.8488995433789954,0.6760730593607306,0.9733333333333334,1.0,1.0,0,0,0,76,228,16080,0.0,0.0,0.0,0.98144531249994,0.0
larger,100000,721,CNN distance-density,5,5,0,0.5528941233234402,0.06537204625439919,0.8673835125448028,1.0,1.0,0,0,23,251,668,15442,0.0839416058391097,0.03328509406652202,0.047668393375650354,0.9439086914061924,0.024416135881078115
larger,100000,722,CNN distance-density,5,5,0,0.289507216596305,0.09945741195741195,0.7237569060773481,0.0,1.0,1,1,15,238,935,15196,0.05928853754917277,0.015789473684193905,0.02493765552815109,0.9284057617186933,0.012626262626251997
larger,100000,723,CNN distance-density,5,5,0,0.24124825574817405,0.04848216917182433,0.5971563981042654,0.0,1.0,2,1,7,110,432,15835,0.05982905982854847,0.015945330296091242,0.025179855782717,0.9669189453124409,0.012750455373382968
larger,100000,724,CNN distance-density,3,3,0,0.5954698795180723,0.17333333333333334,0.8373493975903614,1.0,1.0,0,0,8,128,309,15939,0.05882352941133218,0.025236593059857298,0.035320087879888315,0.9733276367186906,0.01797752808984724
larger,100000,725,CNN distance-density,1,1,0,0.9283640350877193,0.845438596491228,0.9895833333333334,1.0,1.0,0,0,0,97,294,15993,0.0,0.0,0.0,0.9761352539061904,0.0
larger,100000,726,CNN distance-density,4,5,1,0.17933774834437088,0.0,0.4966887417218543,0.0,0.8,0,1,26,247,420,15691,0.09523809523774639,0.05829596412542983,0.07232266990426744,0.9592895507811914,0.03751803751798338
larger,100000,727,CNN distance-density,3,3,0,0.7393570134820134,0.4242121667121667,0.9923076923076923,1.0,1.0,0,0,5,126,297,15956,0.038167938931006354,0.016556291390673654,0.023094687799582913,0.9741821289061905,0.011682242990626911
larger,100000,728,CNN distance-density,1,1,0,0.6538205128205128,0.27059829059829055,0.9102564102564102,1.0,1.0,0,0,8,64,71,16241,0.1111111111095679,0.10126582278352828,0.1059602644003333,0.9917602539061895,0.05594405594366473
larger,100000,729,CNN distance-density,4,3,1,0.5812712209408304,0.1500862812769629,0.9436619718309859,1.0,0.75,0,0,0,135,146,16103,0.0,0.0,0.0,0.9828491210936899,0.0
larger,100000,730,CNN distance-density,2,2,0,0.5444444444444444,0.0,0.9722222222222222,1.0,1.0,0,0,0,71,118,16195,0.0,0.0,0.0,0.9884643554686896,0.0
larger,100000,731,CNN distance-density,4,4,0,0.3475669934640523,0.13656862745098036,0.9305555555555556,0.0,1.0,1,0,5,179,488,15712,0.02717391304333058,0.010141987829594032,0.014771048348579306,0.9592895507811914,0.007440476190465118
larger,100000,732,CNN distance-density,5,5,0,0.8000105339105339,0.556989898989899,0.9968253968253968,1.0,1.0,0,0,18,301,884,15181,0.05642633228822437,0.019955654101973443,0.02948402909797357,0.9276733398436934,0.014962593516197038
larger,100000,733,CNN distance-density,4,4,0,0.28260869565217395,0.0,0.9130434782608696,0.0,1.0,1,0,28,181,494,15681,0.1339712918653877,0.05363984674319226,0.07660738673236257,0.9588012695311915,0.03982930298714107
larger,100000,734,CNN distance-density,4,5,1,0.3106907551593905,0.2860908765225699,0.50974930362117,0.0,0.8,0,3,0,333,505,15546,0.0,0.0,0.0,0.948852539062442,0.0
larger,100000,735,CNN distance-density,3,5,2,0.3213050841055601,0.3662682424568001,0.482421875,0.0,0.6,0,4,9,443,751,15181,0.01991150442473471,0.011842105263142314,0.014851484680780224,0.9271240234374434,0.007481296758098519
larger,100000,736,CNN distance-density,3,3,0,0.3409299792268329,0.14521907528443476,0.877906976744186,0.0,1.0,1,1,15,131,299,15939,0.10273972602669357,0.04777070063679054,0.06521739087075616,0.9737548828124405,0.03370786516846358
larger,100000,737,CNN distance-density,3,3,0,0.6566026315789474,0.279,0.9052631578947369,1.0,1.0,0,0,7,66,199,16112,0.09589041095759054,0.03398058252410689,0.050179211082796986,0.9838256835936899,0.025735294117552446
larger,100000,738,CNN distance-density,3,4,1,0.2995502021542734,0.10363575938850117,0.8895705521472392,0.0,0.75,0,1,3,137,183,16061,0.02142857142841837,0.0161290322579778,0.018404907485302432,0.9804687499999402,0.009287925696565672
larger,100000,739,CNN distance-density,3,3,0,0.5537710587607966,0.0738409402264042,0.8527131782945736,1.0,1.0,0,0,0,128,349,15907,0.0,0.0,0.0,0.9708862304686907,0.0
larger,100000,740,CNN distance-density,2,2,0,0.2824485236985237,0.09015151515151515,0.7094017094017093,0.0,1.0,1,0,9,72,235,16068,0.11111111110973937,0.03688524590148818,0.055384615010044984,0.98126220703119,0.028481012658137718
larger,100000,741,CNN distance-density,4,4,0,0.3656420412675019,0.14963768115942028,0.9915254237288136,0.0,1.0,0,2,15,98,338,15933,0.1327433628306837,0.04249291784690512,0.06437768203578073,0.9733886718749406,0.0332594235032522
larger,100000,742,CNN distance-density,2,2,0,0.6927875939849624,0.38587719298245615,0.8457142857142858,1.0,1.0,0,0,0,149,345,15890,0.0,0.0,0.0,0.9698486328124408,0.0
larger,100000,743,CNN distance-density,5,5,0,0.5923653289600618,0.11241001564945227,0.9589041095890412,1.0,1.0,0,0,13,188,677,15506,0.06467661691510111,0.018840579710117624,0.029180695497899565,0.9472045898436922,0.014806378132101587
larger,100000,744,CNN distance-density,3,3,0,0.5946801839464884,0.10356280193236715,0.9903846153846154,1.0,1.0,0,0,11,80,260,16033,0.12087912087779253,0.04059040590390926,0.06077348028627026,0.9792480468749402,0.03133903133894206
larger,100000,745,CNN distance-density,1,1,0,0.6417105263157895,0.22719298245614034,0.9473684210526316,1.0,1.0,0,0,0,19,20,16345,0.0,0.0,0.0,0.997619628906189,0.0
larger,100000,746,CNN distance-density,4,3,1,0.27466163525959864,0.029241261722080136,0.9325153374233128,0.0,0.75,1,0,8,123,486,15767,0.061068702289610165,0.016194331983772885,0.025599999668582406,0.9628295898436912,0.01296596434357704
larger,100000,747,CNN distance-density,4,6,2,0.155554278742481,0.026907968574635243,0.38389513108614237,0.0,0.6666666666666667,0,1,34,423,400,15527,0.07439824945279125,0.07834101382470429,0.07631874248557152,0.949768066406192,0.03967327887976701
larger,100000,748,CNN distance-density,2,2,0,0.7932758478081059,0.5501709401709401,0.978494623655914,1.0,1.0,0,0,16,79,271,16018,0.16842105262980608,0.05574912891966638,0.08376963313372715,0.9786376953124403,0.04371584699441608
larger,100000,749,CNN distance-density,5,5,0,0.28618028936193796,0.0354833853433135,0.851063829787234,0.0,1.0,0,2,19,301,796,15268,0.05937499999981446,0.023312883435554217,0.033480175806496544,0.933044433593693,0.017025089605719513
larger,100000,750,CNN distance-density,5,6,1,0.2504836992213153,0.16653297682709448,0.4610526315789474,0.0,0.8333333333333334,0,5,22,407,637,15318,0.051282051281931744,0.033383915022711104,0.040441175992858264,0.9362792968749428,0.020637898686659814
larger,100000,751,CNN distance-density,4,4,0,0.3073105184102627,0.08249818445896877,0.8509316770186335,0.0,1.0,1,0,25,109,349,15901,0.1865671641777122,0.06684491978591753,0.09842519646160643,0.9720458984374406,0.05175983436842286
larger,100000,752,CNN distance-density,2,2,0,0.5290123456790123,0.0,0.8950617283950617,1.0,1.0,0,0,9,114,213,16048,0.07317073170672218,0.040540540540357925,0.05217391258434783,0.9800415039061902,0.026785714285634567
larger,100000,753,CNN distance-density,3,3,0,0.5125455987311658,0.03589743589743589,0.731958762886598,1.0,1.0,0,0,5,61,132,16186,0.07575757575642791,0.03649635036469711,0.049261083304520864,0.9882202148436896,0.025252525252397715
larger,100000,754,CNN distance-density,2,2,0,0.6811556603773585,0.325,0.9245283018867925,1.0,1.0,0,0,3,105,161,16115,0.027777777777520576,0.018292682926717728,0.022058823050443353,0.9837646484374399,0.011152416356835865
larger,100000,755,CNN distance-density,4,4,0,0.535061737804878,0.08062499999999999,0.7439024390243902,1.0,1.0,0,0,12,99,451,15822,0.10810810810713416,0.025917926565818754,0.0418118463777817,0.9664306640624409,0.021352313167221793
larger,100000,756,CNN distance-density,2,2,0,0.564748786407767,0.0975,0.854368932038835,1.0,1.0,0,0,1,71,246,16066,0.013888888888695987,0.0040485829959350265,0.0062695921269248734,0.9806518554686902,0.003144654088040426
larger,100000,757,CNN distance-density,2,4,2,0.4263325144682903,0.10240384615384615,0.4012539184952978,1.0,0.5,0,0,24,253,293,15814,0.08664259927766556,0.07570977917957189,0.08080808031007608,0.9666748046874409,0.04210526315782087
larger,100000,758,CNN distance-density,1,1,0,0.8330000000000001,0.6466666666666667,0.96,1.0,1.0,0,0,0,73,76,16235,0.0,0.0,0.0,0.9909057617186895,0.0
larger,100000,759,CNN distance-density,3,3,0,0.6105555555555555,0.17777777777777776,0.9027777777777778,1.0,1.0,0,0,20,53,162,16149,0.27397260273597296,0.10989010988950611,0.1568627446881661,0.9868774414061897,0.08510638297836125
larger,100000,760,CNN distance-density,4,5,1,0.2866827195467422,0.17333333333333334,0.518413597733711,0.09999999999999998,0.8,2,2,29,280,529,15546,0.09385113268578042,0.051971326164781416,0.06689734671525059,0.9506225585936919,0.03460620525055536
larger,100000,761,CNN distance-density,5,6,1,0.2456767775603392,0.14523809523809522,0.4849315068493151,0.0,0.8333333333333334,0,2,2,301,491,15590,0.006600660065984817,0.004056795131837613,0.005025125156615408,0.9516601562499419,0.0025188916876542583
larger,100000,762,CNN distance-density,1,1,0,0.7075,0.35,1.0,1.0,1.0,0,0,0,25,25,16334,0.0,0.0,0.0,0.9969482421874392,0.0
larger,100000,763,CNN distance-density,5,5,0,0.33224226926595146,0.1431179406356711,0.8391959798994975,0.0,1.0,1,0,0,194,362,15828,0.0,0.0,0.0,0.966064453124941,0.0
larger,100000,764,CNN distance-density,1,1,0,0.7985975609756099,0.65,0.7804878048780488,1.0,1.0,0,0,0,42,101,16241,0.0,0.0,0.0,0.9912719726561895,0.0
larger,100000,765,CNN distance-density,3,5,2,0.35158546188705303,0.40071702944942383,0.5563139931740615,0.0,0.6,0,4,1,281,225,15877,0.003546099290767567,0.004424778761042369,0.003937007380076323,0.9691162109374408,0.0019723865877673127
larger,100000,766,CNN distance-density,5,5,0,0.3117072166471509,0.09576461769115442,0.843065693430657,0.0,1.0,1,6,28,227,472,15657,0.10980392156819685,0.055999999999888,0.07417218498291829,0.9573364257811915,0.03851444291604056
larger,100000,767,CNN distance-density,5,6,1,0.2966116946267931,0.2327654320987654,0.5426695842450766,0.0,0.8333333333333334,0,7,35,379,734,15236,0.08454106280172817,0.045513654096169684,0.059171597178061426,0.932067871093693,0.030487804878022225
larger,100000,768,CNN distance-density,2,2,0,0.302928062403698,0.05170454545454545,0.8983050847457628,0.0,1.0,0,1,6,48,85,16245,0.1111111111090535,0.06593406593334138,0.08275862022107015,0.9918823242186894,0.04316546762558874
larger,100000,769,CNN distance-density,3,4,1,0.3224334239130435,0.2217270531400966,0.73828125,0.0,0.75,0,2,3,245,293,15843,0.01209677419349961,0.010135135135100896,0.011029411268558088,0.9671630859374409,0.005545286506459251
larger,100000,770,CNN distance-density,4,5,1,0.2555824829931973,0.0523148148148148,0.7602040816326531,0.0,0.8,0,4,19,167,439,15759,0.10215053763385941,0.041484716157114666,0.05900621076913508,0.9630126953124412,0.030399999999951362
larger,100000,771,CNN distance-density,3,3,0,0.355619950096579,0.14856867811724175,0.9438202247191011,0.0,1.0,0,1,9,166,334,15875,0.05142857142827755,0.02623906705531709,0.034749034301493724,0.9694824218749408,0.017681728880122434
larger,100000,772,CNN distance-density,5,5,0,0.3499051597649331,0.17734553775743706,0.8504983388704319,0.0,1.0,1,1,18,284,536,15546,0.05960264900642516,0.03249097472918323,0.04205607430959036,0.949951171874942,0.021479713603792985
larger,100000,773,CNN distance-density,4,4,0,0.6299619565217391,0.17769323671497583,1.0,1.0,1.0,0,0,0,128,288,15968,0.0,0.0,0.0,0.9746093749999405,0.0
larger,100000,774,CNN distance-density,4,5,1,0.3668722784053019,0.21633626738104347,0.6976047904191617,0.2,0.8,2,8,33,271,350,15730,0.1085526315785903,0.0861618798953364,0.09606986850196518,0.9620971679686913,0.050458715596253124
larger,100000,775,CNN distance-density,2,2,0,0.6329898648648649,0.26249999999999996,0.8243243243243243,1.0,1.0,0,0,12,58,157,16157,0.17142857142612244,0.07100591715934317,0.10041840962679226,0.9868774414061897,0.05286343612311514
larger,100000,776,CNN distance-density,4,5,1,0.1965210711150132,0.006862745098039217,0.5671641791044777,0.0,0.8,3,4,45,235,415,15689,0.16071428571371174,0.09782608695630908,0.12162162115087653,0.9603271484374414,0.06474820143875576
larger,100000,777,CNN distance-density,4,6,2,0.207117925765624,0.09096006295494785,0.49759615384615385,0.0,0.6666666666666667,1,2,42,305,433,15604,0.12103746397659644,0.0884210526313928,0.10218978053377319,0.9549560546874417,0.053846153846084814
larger,100000,778,CNN distance-density,1,1,0,0.512962962962963,0.0,0.8148148148148149,1.0,1.0,0,0,9,47,163,16165,0.16071428571141583,0.052325581395044625,0.07894736804978456,0.9871826171874397,0.04109589041077125
larger,100000,779,CNN distance-density,5,5,0,0.3642947538867568,0.14716447630426124,0.9903536977491961,0.0,1.0,0,3,17,278,721,15368,0.05762711864387245,0.02303523035227231,0.0329138427671094,0.9390258789061927,0.01673228346455046
larger,100000,780,CNN distance-density,3,4,1,0.30965552965552967,0.09790497568275344,0.9529914529914529,0.0,0.75,1,1,7,216,229,15932,0.03139013452900722,0.029661016949026862,0.030501088824886925,0.9728393554686906,0.015486725663682551
larger,100000,781,CNN distance-density,3,3,0,0.6156363636363636,0.14585858585858583,1.0,1.0,1.0,0,0,4,153,219,16008,0.02547770700620715,0.017937219730861268,0.02105263109391968,0.9772949218749403,0.010638297872312132
larger,100000,782,CNN distance-density,4,5,1,0.3454051753489956,0.1653198653198653,0.9550561797752809,0.0,0.8,0,3,5,244,375,15760,0.02008032128505992,0.01315789473680748,0.015898250714005892,0.9622192382811913,0.008012820512807672
larger,100000,783,CNN distance-density,3,3,0,0.5730542806707856,0.14616161616161616,0.7864077669902912,1.0,1.0,0,0,2,96,134,16152,0.020408163265097874,0.014705882352833046,0.017094016607056773,0.9859619140624398,0.008620689655135256
larger,100000,784,CNN distance-density,5,5,0,0.6470581763773984,0.23054919908466823,0.9665551839464883,1.0,1.0,0,0,4,285,496,15599,0.013840830449779098,0.007999999999984,0.0101394165192564,0.9523315429686918,0.005095541401267395
larger,100000,785,CNN distance-density,5,5,0,0.5641404078377762,0.18126439836966152,0.6628571428571428,1.0,1.0,0,0,6,109,465,15804,0.05217391304302457,0.012738853503157668,0.02047781538412213,0.964965820312441,0.01034482758618906
larger,100000,786,CNN distance-density,2,2,0,0.5496764705882353,0.13,0.7058823529411764,1.0,1.0,0,0,0,83,96,16205,0.0,0.0,0.0,0.9890747070311896,0.0
larger,100000,787,CNN distance-density,1,1,0,0.5136363636363637,0.0,0.8181818181818181,1.0,1.0,0,0,10,26,133,16215,0.27777777777006174,0.06993006992958091,0.11173184325283231,0.9902954101561895,0.05917159763278597
larger,100000,788,CNN distance-density,2,2,0,0.5844095744680852,0.12535460992907801,0.89,1.0,1.0,0,0,10,75,304,15995,0.11764705882214532,0.03184713375786036,0.05012531294765736,0.9768676757811904,0.025706940873969904
larger,100000,789,CNN distance-density,4,5,1,0.3471068349753695,0.28267857142857145,0.6995073891625616,0.0,0.8,1,0,33,163,416,15772,0.1683673469379165,0.073496659242598,0.1023255809719608,0.964660644531191,0.05392156862736287
larger,100000,790,CNN distance-density,4,4,0,0.42755484754082884,0.289685746352413,0.985981308411215,0.0,1.0,1,0,42,155,362,15825,0.213197969542065,0.10396039603934663,0.13976705446733537,0.9684448242186908,0.07513416815728957
larger,100000,791,CNN distance-density,4,5,1,0.3018517281796871,0.11848946588493009,0.8426573426573427,0.0,0.8,3,4,30,207,418,15729,0.12658227848047857,0.06696428571413625,0.08759124042309768,0.9618530273436913,0.04580152671748733
larger,100000,792,CNN distance-density,3,3,0,0.6149281045751634,0.17333333333333334,0.934640522875817,1.0,1.0,0,0,13,136,377,15858,0.08724832214706546,0.033333333333247867,0.048237476408686475,0.9686889648436908,0.024714828897291416
larger,100000,793,CNN distance-density,5,5,0,0.26164834434571277,0.051634768740031894,0.692063492063492,0.0,1.0,2,0,28,160,858,15338,0.14893617021197375,0.03160270880357607,0.052141526712954585,0.9378662109374427,0.026768642447393146
larger,100000,794,CNN distance-density,3,3,0,0.6124155844155844,0.17333333333333334,0.922077922077922,1.0,1.0,0,0,0,153,231,16000,0.0,0.0,0.0,0.9765624999999404,0.0
larger,100000,795,CNN distance-density,3,3,0,0.5897110453648915,0.10009861932938856,0.9733333333333334,1.0,1.0,0,0,0,70,214,16100,0.0,0.0,0.0,0.98266601562494,0.0
larger,100000,796,CNN distance-density,5,6,1,0.4020987941381705,0.3096596803414985,0.772093023255814,0.09999999999999999,0.8333333333333334,2,6,71,322,758,15233,0.1806615776076828,0.08564535585031889,0.11620294555364016,0.9340820312499429,0.06168549087744424
larger,100000,797,CNN distance-density,3,3,0,0.5104166666666666,0.0,0.8020833333333334,1.0,1.0,0,0,6,66,202,16110,0.08333333333217592,0.028846153846015164,0.04285714247479592,0.9836425781249399,0.021897810218898184
larger,100000,798,CNN distance-density,5,5,0,0.4443157211369323,0.35258158377358606,0.9282700421940928,0.0,1.0,2,3,15,203,639,15527,0.06880733944922565,0.022935779816478694,0.03440366934969174,0.948608398437442,0.017502917152838388
larger,100000,799,CNN distance-density,1,1,0,0.6878333333333333,0.3507407407407407,0.9,1.0,1.0,0,0,0,41,113,16230,0.0,0.0,0.0,0.9906005859374395,0.0
larger,100000,800,CNN distance-density,3,3,0,0.6124102564102564,0.20683760683760685,0.8466666666666667,1.0,1.0,0,0,7,138,418,15821,0.04827586206863258,0.016470588235255365,0.024561403129338265,0.966064453124941,0.012433392539942393
larger,100000,801,CNN distance-density,1,1,0,0.6696212121212121,0.27929292929292926,0.9696969696969697,1.0,1.0,0,0,0,65,207,16112,0.0,0.0,0.0,0.9833984374999399,0.0
larger,100000,802,CNN distance-density,3,6,3,0.2210767563406531,0.22686046511627905,0.3449477351916377,0.0,0.5,0,8,20,408,373,15583,0.046728971962507644,0.05089058524160079,0.04872107136437102,0.9523315429686918,0.024968789013701663
larger,100000,803,CNN distance-density,1,1,0,0.6884629629629629,0.39,0.8148148148148149,1.0,1.0,0,0,0,28,23,16333,0.0,0.0,0.0,0.9968872070311892,0.0
larger,100000,804,CNN distance-density,2,2,0,0.6386875,0.23874999999999996,0.90625,1.0,1.0,0,0,57,29,245,16053,0.6627906976667117,0.18874172185367966,0.2938144326431342,0.9832763671874399,0.17220543806594502
larger,100000,805,CNN distance-density,1,1,0,0.8339803921568628,0.6484967320261439,0.9607843137254902,1.0,1.0,0,0,18,19,171,16176,0.48648648647333825,0.09523809523759134,0.15929203512299323,0.9884033203124396,0.0865384615380455
larger,100000,806,CNN distance-density,5,6,1,0.24980565680858796,0.07686733556298772,0.4719101123595506,0.15,0.8333333333333334,2,4,59,312,525,15488,0.1590296495952587,0.10102739726010099,0.1235602089486977,0.948913574218692,0.06584821428564079
larger,100000,807,CNN distance-density,3,3,0,0.6283345864661654,0.32111111111111107,0.6691729323308271,1.0,1.0,0,0,29,106,127,16122,0.21481481481322362,0.18589743589624427,0.19931271427786634,0.9857788085936898,0.1106870229003409
larger,100000,808,CNN distance-density,5,5,0,0.4090601336809383,0.28969313073081626,0.893491124260355,0.0,1.0,3,10,98,197,732,15357,0.33220338982938236,0.11807228915648425,0.17422222183498903,0.9432983398436924,0.09542356377790125
larger,100000,809,CNN distance-density,5,5,0,0.5916438102377383,0.1450869565217391,0.8817733990147784,1.0,1.0,0,0,4,159,384,15837,0.024539877300462948,0.010309278350488895,0.014519055844664557,0.9668579101561909,0.0073126142595844375
larger,100000,810,CNN distance-density,5,6,1,0.21906177071902322,0.04965675057208238,0.5669144981412639,0.0,0.8333333333333334,3,0,30,478,492,15384,0.05905511811011997,0.05747126436770599,0.05825242668444529,0.9407958984374426,0.029999999999970002
larger,100000,811,CNN distance-density,4,5,1,0.3055301197871448,0.1482802957248473,0.7940199335548173,0.0,0.8,2,3,26,267,515,15576,0.08873720136488486,0.04805914972264684,0.06235011944813934,0.9522705078124418,0.03217821782174236
larger,100000,812,CNN distance-density,1,1,0,0.9091639815880322,0.8093939393939393,0.9746835443037974,1.0,1.0,0,0,0,80,236,16068,0.0,0.0,0.0,0.9807128906249402,0.0
larger,100000,813,CNN distance-density,3,3,0,0.6115003418351032,0.1767074663402693,0.9099099099099099,1.0,1.0,0,0,1,112,231,16040,0.00884955752204558,0.004310344827567628,0.005797101008729292,0.9790649414061903,0.002906976744177596
larger,100000,814,CNN distance-density,2,2,0,0.5116006097560976,0.03272357723577234,0.734375,1.0,1.0,0,0,0,126,296,15962,0.0,0.0,0.0,0.9742431640624405,0.0
larger,100000,815,CNN distance-density,1,1,0,0.7741367249602544,0.5341176470588236,0.9189189189189189,1.0,1.0,0,0,0,38,35,16311,0.0,0.0,0.0,0.9955444335936892,0.0
larger,100000,816,CNN distance-density,2,2,0,0.8172631680493923,0.6116959289986494,0.96,1.0,1.0,0,0,12,140,434,15798,0.07894736842053325,0.02690582959635223,0.04013377888493418,0.964965820312441,0.020477815699623758
larger,100000,817,CNN distance-density,5,5,0,0.34859171421570345,0.12313310229752276,0.9659090909090909,0.0,1.0,2,0,43,193,727,15421,0.18220338982973644,0.05584415584408332,0.08548707717550365,0.9438476562499424,0.04465212876423193
larger,100000,818,CNN distance-density,2,2,0,0.5331875,0.10500000000000001,0.6796875,1.0,1.0,0,0,5,122,162,16095,0.03937007873984748,0.029940119760299762,0.03401360495120089,0.98266601562494,0.017301038062223873
larger,100000,819,CNN distance-density,4,4,0,0.3297916666666667,0.11481481481481483,0.890625,0.0,1.0,1,0,21,144,493,15726,0.12727272727195593,0.040856031128325185,0.061855669735004046,0.9611206054686913,0.03191489361697277
larger,100000,820,CNN distance-density,1,1,0,0.7075,0.35,1.0,1.0,1.0,0,0,0,49,49,16286,0.0,0.0,0.0,0.9940185546874393,0.0
larger,100000,821,CNN distance-density,2,2,0,0.5354513888888889,0.06643518518518518,0.7777777777777778,1.0,1.0,0,0,12,39,129,16204,0.23529411764244523,0.08510638297811982,0.12499999960856122,0.9897460937499396,0.0666666666662963
larger,100000,822,CNN distance-density,2,3,1,0.45734414854342864,0.05432692307692307,0.581151832460733,1.0,0.6666666666666667,0,0,8,148,254,15974,0.05128205128172256,0.030534351144921625,0.03827751149369292,0.9754638671874404,0.01951219512190363
larger,100000,823,CNN distance-density,1,1,0,0.7447843137254903,0.52,0.803921568627451,1.0,1.0,0,0,0,42,162,16180,0.0,0.0,0.0,0.9875488281249397,0.0
larger,100000,824,CNN distance-density,3,5,2,0.24802646815550045,0.22814814814814816,0.42679900744416877,0.0,0.6,1,0,12,378,338,15656,0.030769230769151876,0.034285714285616324,0.03243243193380571,0.9562988281249416,0.016483516483493842
larger,100000,825,CNN distance-density,4,5,1,0.26417880008068195,0.09833215879727508,0.6996466431095406,0.0,0.8,2,1,35,240,431,15678,0.12727272727226446,0.07510729613717788,0.09446693610516482,0.9590454101561915,0.049575070821459524
larger,100000,826,CNN distance-density,1,1,0,0.6655,0.38999999999999996,0.7,1.0,1.0,0,0,0,16,64,16304,0.0,0.0,0.0,0.9951171874999393,0.0
larger,100000,827,CNN distance-density,1,1,0,0.9024375,0.7970833333333334,0.96875,1.0,1.0,0,0,0,63,197,16124,0.0,0.0,0.0,0.9841308593749399,0.0
larger,100000,828,CNN distance-density,1,1,0,0.45769230769230773,0.0,0.5384615384615384,1.0,1.0,0,0,0,8,48,16328,0.0,0.0,0.0,0.9965820312499392,0.0
larger,100000,829,CNN distance-density,1,1,0,0.5173469387755102,0.0,0.8367346938775511,1.0,1.0,0,0,9,33,83,16259,0.21428571428061227,0.09782608695545841,0.13432835777656493,0.9929199218749394,0.071999999999424
larger,100000,830,CNN distance-density,3,3,0,0.2558139534883721,0.0,0.7790697674418605,0.0,1.0,2,1,15,145,185,16039,0.09374999999941407,0.074999999999625,0.08333333283904322,0.9798583984374402,0.04347826086943919
larger,100000,831,CNN distance-density,4,4,0,0.5990966255966256,0.1302676336009669,0.9523809523809523,1.0,1.0,0,0,2,82,264,16036,0.02380952380924036,0.007518796992452937,0.011428571063706133,0.9788818359374403,0.0057471264367650945
larger,100000,832,CNN distance-density,4,5,1,0.31847557966318923,0.25826752618855764,0.6112759643916914,0.0,0.8,0,1,6,311,427,15640,0.018927444794892972,0.013856812932993403,0.015999999511918238,0.9549560546874417,0.00806451612902142
larger,100000,833,CNN distance-density,5,5,0,0.6153098804097284,0.1779333955804544,0.9261992619926199,1.0,1.0,0,0,41,228,661,15454,0.1524163568767568,0.058404558404475206,0.08444902122644221,0.9457397460936923,0.04408602150532894
larger,100000,834,CNN distance-density,2,2,0,0.6679512195121952,0.2946341463414634,0.926829268292683,1.0,1.0,0,0,27,56,51,16250,0.3253012048153578,0.34615384614940825,0.3354037262043902,0.9934692382811894,0.20149253731192918
larger,100000,835,CNN distance-density,3,3,0,0.6852686567164179,0.42,0.7313432835820896,1.0,1.0,0,0,2,130,131,16121,0.015151515151400369,0.015037593984849343,0.015094339122534729,0.9840698242186899,0.007604562737613671
larger,100000,836,CNN distance-density,4,4,0,0.3567502824858757,0.13866666666666666,0.9717514124293786,0.0,1.0,0,1,21,118,466,15779,0.1510791366895606,0.04312114989724205,0.06709265141149241,0.9643554687499412,0.03471074380159552
larger,100000,837,CNN distance-density,2,2,0,0.7063650793650794,0.3538271604938271,0.9857142857142858,1.0,1.0,0,0,0,72,159,16153,0.0,0.0,0.0,0.9859008789061898,0.0
larger,100000,838,CNN distance-density,5,5,0,0.5862508104832601,0.1378550724637681,0.8710801393728222,1.0,1.0,0,0,75,152,663,15494,0.3303964757694696,0.1016260162600249,0.15544041414765283,0.9502563476561919,0.08426966292125362
larger,100000,839,CNN distance-density,4,4,0,0.28759797297297296,0.032499999999999994,0.8648648648648649,0.0,1.0,1,0,0,98,240,16046,0.0,0.0,0.0,0.9793701171874402,0.0
larger,100000,840,CNN distance-density,5,5,0,0.3212306231123804,0.10061676429665486,0.8797653958944281,0.0,1.0,4,6,68,253,731,15332,0.21183800622986967,0.08510638297861689,0.12142857101942763,0.9399414062499426,0.06463878326990054
larger,100000,841,CNN distance-density,5,5,0,0.30185790521704503,0.08094623655913978,0.8271604938271605,0.0,1.0,1,2,48,130,424,15782,0.26966292134679964,0.10169491525402183,0.14769230729414437,0.966186523437441,0.07973421926897055
larger,100000,842,CNN distance-density,5,5,0,0.31177606177606176,0.14285714285714285,0.7374517374517375,0.0,1.0,3,1,31,159,634,15560,0.16315789473598338,0.04661654135331336,0.0725146195371923,0.9515991210936919,0.03762135922325532
larger,100000,843,CNN distance-density,5,6,1,0.39172250197967906,0.31538873584328125,0.7489878542510122,0.06666666666666667,0.8333333333333334,1,9,72,378,969,14965,0.15999999999964445,0.06916426512961656,0.09657947643959532,0.9177856445311939,0.050739957716666145
larger,100000,844,CNN distance-density,3,4,1,0.6463275834908633,0.42007981516488135,0.6614583333333333,1.0,0.75,0,0,53,77,375,15879,0.40769230768917164,0.12383177570064526,0.1899641573480171,0.9724121093749406,0.10495049504929713
larger,100000,845,CNN distance-density,5,6,1,0.30069876063633005,0.2117924528301887,0.6102941176470589,0.0,0.8333333333333334,2,4,37,336,608,15403,0.09919571045549813,0.05736434108518238,0.07269155159842097,0.9423828124999425,0.03771661569822863
larger,100000,846,CNN distance-density,1,1,0,0.766,0.48,1.0,1.0,1.0,0,0,0,17,53,16314,0.0,0.0,0.0,0.9957275390624392,0.0
larger,100000,847,CNN distance-density,1,1,0,0.8622213114754097,0.701111111111111,0.9836065573770492,1.0,1.0,0,0,0,62,61,16261,0.0,0.0,0.0,0.9924926757811894,0.0
larger,100000,848,CNN distance-density,4,5,1,0.20733757062146893,0.0607501569365976,0.5,0.0,0.8,0,8,11,220,215,15938,0.047619047618841476,0.04867256637146605,0.04814004326352533,0.9734497070311906,0.024663677129989545
larger,100000,849,CNN distance-density,5,6,1,0.305479020979021,0.24714336345915294,0.5546558704453441,0.0,0.8333333333333334,1,5,22,415,779,15168,0.05034324942780242,0.02746566791507183,0.035541195019742365,0.9271240234374434,0.018092105263143015
larger,100000,850,CNN distance-density,1,1,0,0.5055555555555555,0.0,0.7777777777777778,1.0,1.0,0,0,0,81,64,16239,0.0,0.0,0.0,0.9911499023436895,0.0
larger,100000,851,CNN distance-density,3,5,2,0.21988357256778313,0.17595959595959595,0.4035087719298246,0.0,0.6,0,2,7,407,446,15524,0.016908212560345633,0.015452538631312468,0.016147635025772645,0.9479370117186922,0.008139534883711465
larger,100000,852,CNN distance-density,2,2,0,0.7586734693877552,0.5,0.9183673469387755,1.0,1.0,0,0,11,35,146,16192,0.23913043477741022,0.07006369426706967,0.10837438388487951,0.9889526367186896,0.05729166666636828
larger,100000,853,CNN distance-density,5,7,2,0.2736966563708946,0.24023028601978078,0.4708222811671088,0.0,0.7142857142857143,0,4,13,639,740,14992,0.019938650306717886,0.017264276228396727,0.018505337580849292,0.915832519531194,0.009339080459763406
larger,100000,854,CNN distance-density,1,1,0,0.6618333333333333,0.2855555555555555,0.9166666666666666,1.0,1.0,0,0,0,56,61,16267,0.0,0.0,0.0,0.9928588867186894,0.0
larger,100000,855,CNN distance-density,2,3,1,0.27646019210674383,0.03419540229885057,0.972027972027972,0.0,0.6666666666666667,1,0,15,126,294,15949,0.10638297872264978,0.04854368932023125,0.06666666623605927,0.9743652343749405,0.034482758620610385
larger,100000,856,CNN distance-density,5,5,0,0.5852443964353227,0.1537177063642092,0.8303571428571428,1.0,1.0,0,0,6,88,302,15988,0.06382978723336351,0.019480519480456232,0.02985074591020025,0.9761962890624404,0.015151515151476891
larger,100000,857,CNN distance-density,5,5,0,0.31983539944444817,0.06277025421715372,0.9579439252336449,0.0,1.0,1,0,24,182,487,15691,0.11650485436836648,0.04696673189814684,0.06694560628484952,0.9591674804686914,0.03463203463198466
larger,100000,858,CNN distance-density,2,2,0,0.5369527540360873,0.13012820512820514,0.6419753086419753,1.0,1.0,0,0,1,45,142,16196,0.02173913043431002,0.006993006992958091,0.010582010213599858,0.9885864257811896,0.005319148936141919
larger,100000,859,CNN distance-density,4,6,2,0.15105691056910572,0.0,0.42195121951219516,0.0,0.6666666666666667,0,7,43,306,485,15550,0.12320916905408823,0.0814393939392397,0.09806157306678594,0.9517211914061919,0.0515587529975401
larger,100000,860,CNN distance-density,1,1,0,0.783724564142597,0.5334972677595629,0.9682539682539683,1.0,1.0,0,0,53,11,139,16181,0.8281249999870605,0.27604166666522895,0.4140624996217651,0.9908447265624395,0.2610837438410784
larger,100000,861,CNN distance-density,5,5,0,0.3053602230483271,0.07800000000000001,0.8513011152416357,0.0,1.0,0,2,25,233,513,15613,0.09689922480582598,0.046468401486902476,0.0628140699134681,0.9544677734374417,0.03242542153043784
larger,100000,862,CNN distance-density,4,5,1,0.2917893205036826,0.1464170692431562,0.7295081967213115,0.0,0.8,1,2,0,225,395,15764,0.0,0.0,0.0,0.9621582031249413,0.0
larger,100000,863,CNN distance-density,4,5,1,0.3170891420644235,0.22254770423375075,0.6847133757961783,0.0,0.8,1,6,34,263,542,15545,0.11447811447772903,0.0590277777776753,0.07789232486589541,0.9508666992186919,0.04052443384977292
larger,100000,864,CNN distance-density,1,1,0,1.0,1.0,1.0,1.0,1.0,0,0,0,28,86,16270,0.0,0.0,0.0,0.9930419921874394,0.0
larger,100000,865,CNN distance-density,4,5,1,0.31184554284676835,0.08448529411764705,0.9691358024691358,0.0,0.8,1,0,9,145,255,15975,0.05844155844117895,0.03409090909077996,0.043062200491357804,0.9755859374999404,0.022004889975496322
larger,100000,866,CNN distance-density,4,7,3,0.42154519911648153,0.10203703703703704,0.3424283765347885,1.0,0.5714285714285714,0,0,20,633,415,15316,0.030627871362893373,0.04597701149414718,0.03676470540235897,0.9360351562499428,0.01872659176028209
larger,100000,867,CNN distance-density,3,5,2,0.16838775510204082,0.08666666666666667,0.34693877551020413,0.0,0.6,0,1,3,313,225,15843,0.009493670886045906,0.013157894736784395,0.011029411277749267,0.9671630859374409,0.005545286506459251
larger,100000,868,CNN distance-density,1,1,0,0.8005,0.5844444444444444,0.9375,1.0,1.0,0,0,26,10,75,16273,0.7222222222021606,0.25742574257170864,0.379562043402632,0.9948120117186893,0.234234234232124
larger,100000,869,CNN distance-density,4,4,0,0.4265544496487119,0.30066137566137563,0.9562841530054644,0.0,1.0,1,0,14,153,371,15846,0.08383233532883934,0.03636363636354192,0.05072463725895952,0.9680175781249409,0.026022304832665388
larger,100000,870,CNN distance-density,4,7,3,0.14856112351564735,0.06301775147928994,0.31530139103554866,0.0,0.5714285714285714,2,5,83,421,614,15266,0.16468253968221294,0.1190817790529138,0.13821815105306498,0.9368286132811928,0.07423971377453109
larger,100000,871,CNN distance-density,3,3,0,0.5071753246753247,0.031818181818181815,0.7142857142857143,1.0,1.0,0,0,8,54,279,16043,0.12903225806243498,0.02787456445983319,0.045845271913859495,0.9796752929686902,0.02346041055711595
larger,100000,872,CNN distance-density,2,2,0,0.4957142857142858,0.0,0.7285714285714286,1.0,1.0,0,0,0,66,148,16170,0.0,0.0,0.0,0.9869384765624397,0.0
larger,100000,873,CNN distance-density,3,3,0,0.5289473684210526,0.0,0.8947368421052632,1.0,1.0,0,0,10,75,286,16013,0.11764705882214532,0.03378378378366965,0.05249343797328484,0.9779663085936903,0.026954177897501472
larger,100000,874,CNN distance-density,2,2,0,0.7248981324278437,0.393106960950764,0.99,1.0,1.0,0,0,12,88,218,16066,0.1199999999988,0.05217391304325142,0.07272727230442608,0.98132324218744,0.03773584905648511
larger,100000,875,CNN distance-density,5,6,1,0.34177805933903493,0.2225108225108225,0.7915742793791574,0.0,0.8333333333333334,3,7,41,311,694,15338,0.11647727272694183,0.055782312925094175,0.0754369820826342,0.9386596679686927,0.03919694072653997
larger,100000,876,CNN distance-density,4,4,0,0.5745641444576473,0.13893410852713178,0.8102189781021898,1.0,1.0,0,0,0,110,179,16095,0.0,0.0,0.0,0.98236083984369,0.0
larger,100000,877,CNN distance-density,4,5,1,0.28717351163331367,0.1647688637722974,0.6651376146788991,0.0,0.8,1,8,3,391,273,15717,0.007614213197950218,0.010869565217351922,0.008955223396079333,0.9594726562499414,0.004497751124431038
larger,100000,878,CNN distance-density,4,4,0,0.380001566829397,0.19664918414918414,0.9575471698113207,0.0,1.0,0,1,25,185,368,15806,0.11904761904705216,0.06361323155200099,0.08291873918093338,0.966247558593691,0.04325259515563451
larger,100000,879,CNN distance-density,4,4,0,0.574623745819398,0.17307692307692307,0.7336956521739131,1.0,1.0,0,0,11,121,246,16006,0.08333333333270203,0.04280155642006692,0.05655526947421707,0.9776000976561903,0.029100529100452115
larger,100000,880,CNN distance-density,5,6,1,0.32530275546670595,0.2263030765319095,0.7006651884700665,0.0,0.8333333333333334,4,3,52,355,658,15319,0.12776412776381385,0.07323943661961516,0.09310653489920324,0.9381713867186927,0.04882629107976636
larger,100000,881,CNN distance-density,1,1,0,0.8770670103092782,0.7497250859106529,0.9484536082474226,1.0,1.0,0,0,0,93,98,16193,0.0,0.0,0.0,0.9883422851561896,0.0
larger,100000,882,CNN distance-density,1,1,0,0.5700384615384615,0.12999999999999998,0.8076923076923077,1.0,1.0,0,0,4,36,91,16253,0.0999999999975,0.04210526315745152,0.059259258841371745,0.9922485351561894,0.030534351144805082
larger,100000,883,CNN distance-density,2,2,0,0.5010204081632653,0.0,0.7551020408163265,1.0,1.0,0,0,0,39,157,16188,0.0,0.0,0.0,0.9880371093749397,0.0
larger,100000,884,CNN distance-density,3,3,0,0.320702479338843,0.0717171717171717,0.9421487603305785,0.0,1.0,2,0,13,96,261,16014,0.11926605504477737,0.0474452554742794,0.06788511708591646,0.9782104492186903,0.03513513513504018
larger,100000,885,CNN distance-density,4,4,0,0.6577752902155887,0.25925373134328356,0.9555555555555556,1.0,1.0,0,0,0,137,408,15839,0.0,0.0,0.0,0.9667358398436909,0.0
larger,100000,886,CNN distance-density,3,5,2,0.43778406466512704,0.13,0.3464203233256351,1.0,0.6,0,0,28,381,393,15582,0.06845965770154411,0.06650831353903443,0.06746987901801424,0.9527587890624418,0.03491271820444525
larger,100000,887,CNN distance-density,5,5,0,0.5497318087318087,0.20453222453222455,0.5384615384615384,1.0,1.0,0,0,9,104,433,15838,0.0796460176984102,0.020361990950180178,0.03243243210801721,0.9672241210936909,0.016483516483486293
larger,100000,888,CNN distance-density,4,5,1,0.3524814754704864,0.18556688337273441,0.9448818897637795,0.0,0.8,1,1,11,219,528,15626,0.0478260869563138,0.02040816326526826,0.02860858215542791,0.9544067382811917,0.014511873350904338
larger,100000,889,CNN distance-density,4,5,1,0.28967469879518076,0.20222222222222222,0.5933734939759037,0.0,0.8,0,5,12,305,513,15554,0.037854889589785945,0.02285714285709932,0.0285035624758126,0.9500732421874419,0.014457831325283785
larger,100000,890,CNN distance-density,3,4,1,0.4282619047619048,0.4658024691358024,0.7182539682539683,0.0,0.75,0,3,3,241,277,15863,0.012295081967162726,0.01071428571424745,0.011450381181705636,0.9683837890624408,0.005758157389624265
larger,100000,891,CNN distance-density,4,6,2,0.22296073323985846,0.15235938792390405,0.4386617100371747,0.0,0.6666666666666667,2,11,103,374,619,15288,0.21593291404566892,0.14265927977819576,0.1718098410552024,0.9393920898436926,0.09397810218969528
larger,100000,892,CNN distance-density,1,1,0,0.7862221584385763,0.5382051282051282,0.9701492537313433,1.0,1.0,0,0,0,68,200,16116,0.0,0.0,0.0,0.9836425781249399,0.0
larger,100000,893,CNN distance-density,1,2,1,0.5472430862831859,0.2977083333333333,0.5663716814159292,1.0,0.5,0,0,44,54,184,16102,0.44897959183215325,0.19298245613950446,0.26993864988460237,0.9854736328124398,0.15602836879377296
larger,100000,894,CNN distance-density,4,5,1,0.5503318864789863,0.07746005809731299,0.9273743016759777,1.0,0.8,0,0,0,166,363,15855,0.0,0.0,0.0,0.9677124023436909,0.0
larger,100000,895,CNN distance-density,2,2,0,0.5418333333333334,0.13,0.6666666666666667,1.0,1.0,0,0,10,130,148,16096,0.07142857142806124,0.06329113924010575,0.06711409346110536,0.9830322265624399,0.03472222222210166
larger,100000,896,CNN distance-density,1,1,0,0.7598181818181818,0.5066666666666667,0.9090909090909091,1.0,1.0,0,0,0,34,95,16255,0.0,0.0,0.0,0.9921264648436894,0.0
larger,100000,897,CNN distance-density,1,1,0,0.8472857142857143,0.6733333333333333,0.9714285714285714,1.0,1.0,0,0,52,17,167,16148,0.753623188394875,0.23744292237334502,0.3611111107442371,0.9887695312499396,0.22033898304991384
larger,100000,898,CNN distance-density,2,2,0,0.247239263803681,0.0,0.7361963190184049,0.0,1.0,0,1,0,157,214,16013,0.0,0.0,0.0,0.9773559570311903,0.0
larger,100000,899,CNN distance-density,2,3,1,0.25956934731934733,0.17537037037037037,0.56993006993007,0.0,0.6666666666666667,0,3,4,268,329,15783,0.014705882352887112,0.01201201201197594,0.01322314000090706,0.9635620117186912,0.006655574043250157
larger,100000,900,CNN distance-density,4,5,1,0.3460679965410713,0.1940154102092636,0.8938053097345133,0.0,0.8,3,1,21,192,398,15773,0.09859154929531178,0.050119331742123824,0.06645569575544284,0.9639892578124412,0.03436988543365897
larger,100000,901,CNN distance-density,1,1,0,0.6855,0.39,0.8,1.0,1.0,0,0,0,31,25,16328,0.0,0.0,0.0,0.9965820312499392,0.0
larger,100000,902,CNN distance-density,5,6,1,0.24128258931368454,0.15315493358971619,0.4451476793248945,0.0,0.8333333333333334,1,3,30,388,634,15332,0.07177033492805797,0.04518072289149822,0.05545286459043806,0.9376220703124427,0.02851711026613259
larger,100000,903,CNN distance-density,5,5,0,0.28518320926385443,0.06504273504273503,0.7795698924731183,0.0,1.0,2,8,23,303,534,15524,0.07055214723904739,0.04129263913816644,0.05209512977192702,0.948913574218692,0.02674418604648053
larger,100000,904,CNN distance-density,3,4,1,0.3953833813514929,0.41745169082125605,0.6626506024096386,0.0,0.75,0,3,9,233,302,15840,0.037190082644474425,0.028938906752318524,0.03254972825992696,0.9673461914061909,0.01654411764702841
larger,100000,905,CNN distance-density,2,2,0,0.7517288420043154,0.4528682170542635,0.9896907216494846,1.0,1.0,0,0,3,96,299,15986,0.030303030302724212,0.009933774834404193,0.014962593144271499,0.9758911132811904,0.007537688442192117
larger,100000,906,CNN distance-density,3,3,0,0.3445558608058608,0.12229344729344725,0.9476190476190476,0.0,1.0,1,2,6,172,431,15775,0.033707865168349956,0.013729977116673387,0.01951219471056647,0.9631958007811912,0.009852216748752295
larger,100000,907,CNN distance-density,4,5,1,0.2521409352384487,0.07549019607843137,0.6908517350157728,0.0,0.8,1,6,3,281,408,15692,0.010563380281652946,0.007299270072974941,0.008633093041850863,0.9579467773436915,0.004335260115600672
larger,100000,908,CNN distance-density,3,3,0,0.5451643835616439,0.08666666666666667,0.7808219178082192,1.0,1.0,0,0,8,48,230,16098,0.14285714285459183,0.03361344537801003,0.05442176839872276,0.9830322265624399,0.02797202797193017
larger,100000,909,CNN distance-density,5,6,1,0.30791690346472955,0.23590233711972844,0.5921375921375922,0.0,0.8333333333333334,0,5,8,368,464,15544,0.021276595744624264,0.016949152542336973,0.018867924034665376,0.949218749999942,0.009523809523798187
larger,100000,910,CNN distance-density,3,3,0,0.5896683673469388,0.09722222222222222,0.9795918367346939,1.0,1.0,0,0,37,101,464,15782,0.26811594202704264,0.07385229540903424,0.11580594645285451,0.965515136718691,0.06146179401983146
larger,100000,911,CNN distance-density,5,5,0,0.33646496158407674,0.23759890453027152,0.6477272727272727,0.0,1.0,2,3,29,138,591,15626,0.17365269460973862,0.04677419354831166,0.0736975854342145,0.9555053710936916,0.03825857519783871
larger,100000,912,CNN distance-density,1,1,0,0.6554166666666666,0.25277777777777777,0.9583333333333334,1.0,1.0,0,0,0,24,25,16335,0.0,0.0,0.0,0.9970092773436892,0.0
larger,100000,913,CNN distance-density,1,1,0,0.675448717948718,0.29017094017094014,0.9743589743589743,1.0,1.0,0,0,10,29,30,16315,0.2564102564036818,0.24999999999375003,0.25316455645569624,0.9963989257811892,0.14492753622978366
larger,100000,914,CNN distance-density,4,5,1,0.29551092628832354,0.09738095238095237,0.8584474885844748,0.0,0.8,3,0,14,191,446,15733,0.06829268292649614,0.03043478260862949,0.042105262731288375,0.9611206054686913,0.021505376344052987
larger,100000,915,CNN distance-density,5,5,0,0.6212521383661772,0.16481057716755657,0.9854368932038835,1.0,1.0,0,0,24,175,446,15739,0.12060301507477085,0.0510638297871254,0.07174887850559812,0.9620971679686913,0.037209302325523705
larger,100000,916,CNN distance-density,5,5,0,0.2808166763453349,0.06142682926829268,0.7658730158730158,0.0,1.0,1,0,20,161,472,15731,0.1104972375684503,0.04065040650398242,0.059435363648200935,0.9613647460936913,0.030627871362893373
larger,100000,917,CNN distance-density,3,3,0,0.5619565217391305,0.050724637681159424,0.9456521739130435,1.0,1.0,0,0,0,80,202,16102,0.0,0.0,0.0,0.9827880859374399,0.0
larger,100000,918,CNN distance-density,5,6,1,0.22617405602688825,0.0539748588765775,0.5927601809954751,0.0,0.8333333333333334,0,8,8,402,511,15463,0.01951219512190363,0.015414258188794962,0.017222819743659933,0.9442749023436924,0.008686210640598603
larger,100000,919,CNN distance-density,5,5,0,0.6374368546949264,0.20570013294029244,0.9743589743589743,1.0,1.0,0,0,35,308,846,15195,0.10204081632623312,0.039727582292803945,0.05718954208016549,0.9295654296874433,0.029436501261539582
larger,100000,920,CNN distance-density,5,5,0,0.7299839288857596,0.4059100314889788,0.9866220735785953,1.0,1.0,0,0,0,304,776,15304,0.0,0.0,0.0,0.9340820312499429,0.0
larger,100000,921,CNN distance-density,2,2,0,0.6001428571428572,0.11142857142857143,1.0,1.0,1.0,0,0,4,70,225,16085,0.05405405405332359,0.017467248908220667,0.026402639894694428,0.98199462890619,0.01337792642135994
larger,100000,922,CNN distance-density,1,1,0,0.6908846153846154,0.39,0.8269230769230769,1.0,1.0,0,0,0,53,134,16197,0.0,0.0,0.0,0.9885864257811896,0.0
larger,100000,923,CNN distance-density,2,2,0,0.5975,0.175,0.84375,1.0,1.0,0,0,0,25,72,16287,0.0,0.0,0.0,0.9940795898436893,0.0
larger,100000,924,CNN distance-density,5,5,0,0.6086848644021948,0.1546217911920803,0.9455252918287937,1.0,1.0,0,0,13,227,542,15602,0.054166666666440974,0.02342342342338122,0.03270440209413869,0.9530639648436918,0.016624040920694853
larger,100000,925,CNN distance-density,1,1,0,0.883,0.74,1.0,1.0,1.0,0,0,0,72,72,16240,0.0,0.0,0.0,0.9912109374999395,0.0
larger,100000,926,CNN distance-density,3,4,1,0.589405487804878,0.14583333333333334,0.9939024390243902,1.0,0.75,0,0,24,134,492,15734,0.15189873417625382,0.04651162790688661,0.0712166168515352,0.9617919921874413,0.03692307692302012
larger,100000,927,CNN distance-density,5,6,1,0.39192522909052385,0.315816091954023,0.7073732718894009,0.09999999999999999,0.8333333333333334,1,6,19,395,524,15446,0.04589371980665243,0.034990791896804804,0.03970741852676589,0.9439086914061924,0.020255863539424036
larger,100000,928,CNN distance-density,2,2,0,0.46842105263157896,0.47953216374269003,0.7631578947368421,0.0,1.0,0,1,9,172,370,15833,0.049723756905802635,0.023746701846903043,0.03214285670524873,0.9669189453124409,0.016333938293981245
larger,100000,929,CNN distance-density,1,1,0,0.8511385542168675,0.7013253012048193,0.927710843373494,1.0,1.0,0,0,0,78,254,16052,0.0,0.0,0.0,0.9797363281249402,0.0
larger,100000,930,CNN distance-density,5,5,0,0.5267363902082572,0.0678175618073316,0.73109243697479,1.0,1.0,0,0,1,168,389,15826,0.005917159763278597,0.0025641025640959895,0.003577817109443504,0.966003417968691,0.0017921146953372902
larger,100000,931,CNN distance-density,2,2,0,0.5093704819277108,0.06499999999999999,0.6506024096385542,1.0,1.0,0,0,0,81,172,16131,0.0,0.0,0.0,0.9845581054686898,0.0
larger,100000,932,CNN distance-density,5,5,0,0.3753677685950413,0.17666666666666664,0.9793388429752066,0.0,1.0,0,1,12,203,572,15597,0.055813953488112494,0.020547945205444267,0.03003754654023412,0.9526977539061918,0.015247776365927258
larger,100000,933,CNN distance-density,1,1,0,0.7937142857142857,0.5733333333333334,0.9285714285714286,1.0,1.0,0,0,0,66,215,16103,0.0,0.0,0.0,0.9828491210936899,0.0
larger,100000,934,CNN distance-density,3,3,0,0.6330966323994701,0.20029290728637134,0.964824120603015,1.0,1.0,0,0,5,164,365,15850,0.029585798816392984,0.013513513513476991,0.018552875265195987,0.9677124023436909,0.009363295880132278
larger,100000,935,CNN distance-density,1,1,0,0.49782608695652175,0.0,0.7391304347826086,1.0,1.0,0,0,0,17,89,16278,0.0,0.0,0.0,0.9935302734374394,0.0
larger,100000,936,CNN distance-density,3,5,2,0.3036073059360731,0.29629629629629634,0.5513698630136986,0.0,0.6,1,3,3,282,486,15613,0.01052631578943675,0.006134969325140828,0.0077519375192096115,0.9531249999999418,0.003891050583652541
larger,100000,937,CNN distance-density,3,3,0,0.58134268707483,0.19361111111111112,0.7210884353741497,1.0,1.0,0,0,0,144,310,15930,0.0,0.0,0.0,0.9722900390624406,0.0
larger,100000,938,CNN distance-density,4,4,0,0.5116580310880829,0.0,0.8082901554404145,1.0,1.0,0,0,15,130,558,15681,0.10344827586135553,0.026178010471158503,0.04178272948256531,0.9580078124999415,0.021337126600254143
larger,100000,939,CNN distance-density,2,2,0,0.5574137931034483,0.07777777777777777,0.8620689655172413,1.0,1.0,0,0,0,51,104,16229,0.0,0.0,0.0,0.9905395507811895,0.0
larger,100000,940,CNN distance-density,4,4,0,0.24027777777777778,0.06481481481481483,0.5555555555555556,0.0,1.0,1,0,16,79,453,15836,0.16842105262980608,0.03411513859267779,0.05673758837214552,0.9675292968749409,0.029197080291917525
larger,100000,941,CNN distance-density,5,6,1,0.23850023493086323,0.08807692307692307,0.5776614310645725,0.0,0.8333333333333334,2,11,53,449,673,15209,0.10557768924281757,0.07300275482083608,0.08631921775753855,0.9315185546874432,0.045106382978685015
larger,100000,942,CNN distance-density,2,2,0,0.5643993506493507,0.11136363636363636,0.8214285714285714,1.0,1.0,0,0,2,76,172,16134,0.02564102564069691,0.01149425287349716,0.01587301544545227,0.9848632812499398,0.007999999999968
larger,100000,943,CNN distance-density,4,7,3,0.22159954904555804,0.2282229288111641,0.3087818696883853,0.0,0.5714285714285714,0,11,109,486,538,15251,0.1831932773106165,0.16846986089618474,0.1755233489369867,0.9374999999999427,0.09620476610759382
larger,100000,944,CNN distance-density,3,5,2,0.22910953608247425,0.15472222222222223,0.49742268041237114,0.0,0.6,1,6,9,301,272,15802,0.029032258064422476,0.0320284697507757,0.030456852292979012,0.965026855468691,0.015463917525746626
larger,100000,945,CNN distance-density,3,3,0,0.6004050809603573,0.20358024691358023,0.7939698492462312,1.0,1.0,0,0,7,135,609,15633,0.049295774647540175,0.011363636363617917,0.018469656687554393,0.9545898437499417,0.009320905459375072
larger,100000,946,CNN distance-density,3,3,0,0.3807563115763547,0.20354166666666665,0.9458128078817734,0.0,1.0,1,0,24,153,360,15847,0.135593220338217,0.06249999999983724,0.08556149689397276,0.9686889648436908,0.044692737430084374
larger,100000,947,CNN distance-density,1,1,0,0.7517419354838709,0.52,0.8387096774193549,1.0,1.0,0,0,32,31,21,16300,0.5079365079284455,0.6037735848942685,0.5517241374252377,0.9968261718749392,0.3809523809478458
larger,100000,948,CNN distance-density,5,5,0,0.3298317073170732,0.1868888888888889,0.7286585365853658,0.0,1.0,1,6,7,300,548,15529,0.02280130293152182,0.012612612612589887,0.016241298845293163,0.948242187499942,0.008187134502914402
larger,100000,949,CNN distance-density,1,1,0,0.7867994652406417,0.5392929292929293,0.9705882352941176,1.0,1.0,0,0,0,35,104,16245,0.0,0.0,0.0,0.9915161132811895,0.0
larger,100000,950,CNN distance-density,1,1,0,0.47,0.0,0.6,1.0,1.0,0,0,0,9,16,16359,0.0,0.0,0.0,0.998474121093689,0.0
larger,100000,951,CNN distance-density,5,5,0,0.3341636874361593,0.14410112359550561,0.8465909090909091,0.0,1.0,4,0,17,255,513,15599,0.062499999999770225,0.032075471698052686,0.04239401451423189,0.9531249999999418,0.021656050955386426
larger,100000,952,CNN distance-density,3,3,0,0.6372519509476031,0.21965811965811965,0.9420289855072463,1.0,1.0,0,0,51,81,313,15939,0.3863636363607094,0.1401098901095052,0.20564516089888465,0.9759521484374404,0.11460674157277617
larger,100000,953,CNN distance-density,1,1,0,0.953968253968254,0.9135802469135804,0.9642857142857143,1.0,1.0,0,0,0,29,28,16327,0.0,0.0,0.0,0.9965209960936892,0.0
larger,100000,954,CNN distance-density,5,6,1,0.2603860948313722,0.08864002342263211,0.685823754789272,0.0,0.8333333333333334,0,4,7,223,393,15761,0.03043478260856333,0.017499999999956252,0.022222221758558845,0.9624023437499413,0.01123595505616174
larger,100000,955,CNN distance-density,5,5,0,0.3739940571300423,0.1996164232519459,0.9208333333333334,0.0,1.0,1,2,11,218,529,15626,0.04803493449760684,0.02037037037033265,0.02860858215647634,0.9544067382811917,0.014511873350904338
larger,100000,956,CNN distance-density,1,1,0,0.7214072164948454,0.4175601374570447,0.9175257731958762,1.0,1.0,0,0,0,90,296,15998,0.0,0.0,0.0,0.9764404296874404,0.0
larger,100000,957,CNN distance-density,4,5,1,0.2560995811470128,0.13570422535211268,0.5751633986928104,0.0,0.8,1,1,0,283,397,15704,0.0,0.0,0.0,0.9584960937499415,0.0
larger,100000,958,CNN distance-density,5,5,0,0.3387919708029197,0.13,0.9014598540145985,0.0,1.0,0,1,32,201,559,15592,0.13733905579340197,0.05414551607435847,0.0776699025068132,0.9536132812499418,0.04040404040398939
larger,100000,959,CNN distance-density,3,5,2,0.44926565464895635,0.4435294117647059,0.9483870967741935,0.0,0.6,0,1,14,127,395,15848,0.09929078014113979,0.034229828850772054,0.050909090527623144,0.9681396484374409,0.026119402985025898
larger,100000,960,CNN distance-density,2,3,1,0.33508049382925387,0.23839196978731864,0.8056872037914692,0.0,0.6666666666666667,1,2,30,161,456,15737,0.1570680628264028,0.06172839506160138,0.08862629206144058,0.9623413085936913,0.046367851622803144
larger,100000,961,CNN distance-density,3,3,0,0.40477858439201453,0.3247953216374269,0.7931034482758621,0.0,1.0,0,2,21,149,322,15892,0.12352941176397925,0.06122448979573987,0.08187134458578328,0.9712524414061907,0.04268292682918154
larger,100000,962,CNN distance-density,2,2,0,0.5934848484848485,0.09999999999999999,0.9924242424242424,1.0,1.0,0,0,6,125,359,15894,0.04580152671720763,0.016438356164338527,0.024193547998284673,0.9704589843749407,0.012244897959158684
larger,100000,963,CNN distance-density,5,5,0,0.3727291633015668,0.22784552845528455,0.8509933774834437,0.0,1.0,1,0,50,210,542,15582,0.19230769230695266,0.0844594594593168,0.11737089159442571,0.9541015624999417,0.062344139650795084
larger,100000,964,CNN distance-density,3,5,2,0.24905202742993443,0.18535778175313058,0.5282051282051282,0.0,0.6,1,7,15,350,407,15612,0.04109589041084631,0.03554502369659823,0.03811944041739255,0.9537963867186917,0.019430051813446335
larger,100000,965,CNN distance-density,4,5,1,0.3125030102347983,0.12373737373737376,0.8841059602649006,0.0,0.8,3,6,58,226,715,15385,0.20422535211195697,0.07503234152642299,0.10974455968249155,0.9425659179686925,0.05805805805799994
larger,100000,966,CNN distance-density,3,3,0,0.3579581529581529,0.11941638608305273,0.8961038961038961,0.09999999999999998,1.0,1,2,22,181,487,15694,0.10837438423591934,0.04322200392918817,0.061797752401168575,0.9592285156249414,0.031884057970968285
larger,100000,967,CNN distance-density,2,2,0,0.6178183023872679,0.32506631299734745,0.6076923076923078,1.0,1.0,0,0,5,74,148,16157,0.06329113923970517,0.03267973856187791,0.04310344782635999,0.9864501953124397,0.02202643171796464
larger,100000,968,CNN distance-density,5,5,0,0.283695652173913,0.0,0.9184782608695652,0.0,1.0,1,1,2,148,411,15823,0.013333333333244445,0.004842615012094812,0.007104795346207378,0.965881347656191,0.0035650623885854454
larger,100000,969,CNN distance-density,5,6,1,0.310533020798211,0.20127967930928153,0.6518691588785046,0.024999999999999994,0.8333333333333334,3,8,23,370,834,15157,0.05852417302784091,0.026837806301018858,0.036799999568835846,0.9265136718749434,0.018744906275453346
larger,100000,970,CNN distance-density,4,5,1,0.35310408450633457,0.270005913375089,0.7580071174377224,0.0,0.8,0,1,8,259,455,15662,0.029962546816367182,0.017278617710545834,0.02191780775516233,0.9564208984374416,0.011080332409956952
larger,100000,971,CNN distance-density,1,1,0,0.8080526315789472,0.579298245614035,0.9868421052631579,1.0,1.0,0,0,0,76,77,16231,0.0,0.0,0.0,0.9906616210936895,0.0
larger,100000,972,CNN distance-density,1,1,0,0.5,0.0,0.75,1.0,1.0,0,0,0,25,105,16254,0.0,0.0,0.0,0.9920654296874394,0.0
larger,100000,973,CNN distance-density,1,1,0,0.6769285714285714,0.39,0.7571428571428571,1.0,1.0,0,0,54,17,110,16203,0.7605633802709779,0.3292682926809191,0.459574467659502,0.9922485351561894,0.2983425414348158
larger,100000,974,CNN distance-density,2,2,0,0.45571428571428574,0.0,0.5285714285714286,1.0,1.0,0,0,1,34,185,16164,0.028571428570612248,0.005376344085992601,0.009049773488994911,0.9866333007811897,0.004545454545433885
larger,100000,975,CNN distance-density,4,4,0,0.35092386125404995,0.16627384960718297,0.8805031446540881,0.0,1.0,1,0,0,157,463,15764,0.0,0.0,0.0,0.9621582031249413,0.0
larger,100000,976,CNN distance-density,2,2,0,0.5068625,0.05347222222222221,0.6639999999999999,1.0,1.0,0,0,5,66,280,16033,0.07042253521027574,0.01754385964906125,0.02808988732096642,0.9788818359374403,0.014245014244973661
larger,100000,977,CNN distance-density,5,5,0,0.27370627527822566,0.049611244019138745,0.7569060773480663,0.0,1.0,1,0,2,122,265,15995,0.016129032257934443,0.0074906367040917955,0.010230178594959496,0.9763793945311904,0.005141388174793982
larger,100000,978,CNN distance-density,5,5,0,0.3374574607520462,0.1519838056680162,0.8453237410071942,0.0,1.0,0,3,54,193,462,15675,0.2186234817804914,0.10465116279049487,0.14154652642940452,0.9600219726561914,0.07616361071921557
larger,100000,979,CNN distance-density,3,3,0,0.3401952889825407,0.236489898989899,0.6688741721854304,0.0,1.0,0,1,0,134,111,16139,0.0,0.0,0.0,0.9850463867186898,0.0
larger,100000,980,CNN distance-density,2,2,0,0.8227190099411644,0.6299371069182389,0.946236559139785,1.0,1.0,0,0,12,78,83,16211,0.13333333333185185,0.12631578947235456,0.12972972922869247,0.9901733398436895,0.06936416184931003
larger,100000,981,CNN distance-density,1,1,0,0.6182142857142857,0.18333333333333332,0.9285714285714286,1.0,1.0,0,0,0,14,15,16355,0.0,0.0,0.0,0.998229980468689,0.0
larger,100000,982,CNN distance-density,1,1,0,0.6588333333333333,0.38999999999999996,0.6666666666666667,1.0,1.0,0,0,0,13,56,16315,0.0,0.0,0.0,0.9957885742186892,0.0
larger,100000,983,CNN distance-density,3,4,1,0.3220386918470751,0.1817094017094017,0.8263473053892215,0.0,0.75,0,1,24,110,281,15969,0.17910447761060372,0.07868852458990594,0.10933940732024013,0.9761352539061904,0.05783132530106547
larger,100000,984,CNN distance-density,1,1,0,0.9813432835820896,0.9651741293532339,0.9850746268656716,1.0,1.0,0,0,0,67,210,16107,0.0,0.0,0.0,0.9830932617186899,0.0
larger,100000,985,CNN distance-density,2,2,0,0.6902721417069243,0.34463768115942023,0.9259259259259259,1.0,1.0,0,0,23,60,154,16147,0.2771084337316011,0.12994350282412462,0.17692307648707103,0.9869384765624397,0.09704641350170023
larger,100000,986,CNN distance-density,2,2,0,0.46145327669902914,0.40625,0.8932038834951457,0.0,1.0,1,0,1,92,226,16065,0.01075268817192739,0.004405286343592929,0.0062499995876367466,0.9805908203124402,0.003134796238234687
larger,100000,987,CNN distance-density,4,4,0,0.6186320979928613,0.17918243998413652,0.94,1.0,1.0,0,0,3,189,435,15757,0.01562499999991862,0.0068493150684775135,0.009523809100015138,0.9619140624999413,0.00478468899520768
larger,100000,988,CNN distance-density,5,6,1,0.2204503867923834,0.09117259552042159,0.4804469273743017,0.0,0.8333333333333334,1,10,35,420,701,15228,0.07692307692290787,0.047554347826022345,0.05877413890640763,0.9315795898436932,0.030276816608970348
larger,100000,989,CNN distance-density,4,4,0,0.6055412085165933,0.18535569105691058,0.860655737704918,1.0,1.0,0,0,8,111,209,16056,0.06722689075573758,0.036866359446834716,0.0476190471612989,0.9804687499999402,0.024390243902364665
larger,100000,990,CNN distance-density,5,6,1,0.27059156164396303,0.11648209184794549,0.5605700712589073,0.09090909090909091,0.8333333333333334,1,11,75,297,469,15543,0.20161290322526448,0.1378676470585701,0.16375545803255562,0.9532470703124418,0.08917954815684996
larger,100000,991,CNN distance-density,5,5,0,0.2277064050061637,0.023724082934609255,0.5851528384279476,0.0,1.0,1,0,2,224,332,15826,0.008849557522084738,0.00598802395207788,0.007142856661428604,0.966064453124941,0.0035842293906745803
larger,100000,992,CNN distance-density,3,5,2,0.24719721916834844,0.17219662512060172,0.5485436893203883,0.0,0.6,1,8,48,326,644,15366,0.12834224598896166,0.06936416184961075,0.0900562847225623,0.9407958984374426,0.04715127701370614
larger,100000,993,CNN distance-density,5,5,0,0.6365398724082935,0.20400673400673397,0.9736842105263158,1.0,1.0,0,0,6,180,494,15704,0.0322580645159556,0.011999999999976,0.01749271097496792,0.9588623046874415,0.00882352941175173
larger,100000,994,CNN distance-density,1,1,0,0.9095769230769231,0.8101709401709402,0.975,1.0,1.0,0,0,0,41,122,16221,0.0,0.0,0.0,0.9900512695311895,0.0
larger,100000,995,CNN distance-density,2,2,0,0.6296297554347826,0.26197916666666665,0.808695652173913,1.0,1.0,0,0,12,83,259,16030,0.12631578947235456,0.04428044280426465,0.06557377010706501,0.9791259765624402,0.033898305084650006
larger,100000,996,CNN distance-density,2,2,0,0.6947685185185185,0.325,0.9925925925925926,1.0,1.0,0,0,0,136,419,15829,0.0,0.0,0.0,0.966125488281191,0.0
larger,100000,997,CNN distance-density,4,4,0,0.325240657279188,0.14536739948504654,0.7991266375545851,0.0,1.0,2,0,57,166,292,15869,0.2556053811647731,0.16332378223448904,0.19930069882426404,0.9720458984374406,0.11067961165027053
larger,100000,998,CNN distance-density,1,1,0,0.645,0.23333333333333334,0.95,1.0,1.0,0,0,0,39,125,16220,0.0,0.0,0.0,0.9899902343749396,0.0
larger,100000,999,CNN distance-density,3,3,0,0.6284615384615385,0.2,0.9423076923076923,1.0,1.0,0,0,5,152,408,15819,0.03184713375775894,0.01210653753023703,0.01754385924991691,0.965820312499941,0.00884955752210823
larger,100000,1000,CNN distance-density,4,4,0,0.2965860174236529,0.08461195361284567,0.7925531914893618,0.0,1.0,1,2,4,174,294,15912,0.022471910112233304,0.013422818791901266,0.01680672222078244,0.9714355468749407,0.008474576271168486
larger,100000,1001,CNN distance-density,3,3,0,0.3728549783549784,0.18306397306397307,0.9523809523809523,0.0,1.0,1,0,16,82,318,15968,0.163265306120783,0.04790419161662304,0.07407407372295097,0.9755859374999404,0.03846153846144601
larger,100000,1002,CNN distance-density,3,6,3,0.2566721862137921,0.2076991978755129,0.5660377358490566,0.0,0.5,2,2,24,346,484,15530,0.06486486486468955,0.047244094488095974,0.054669703384664876,0.949340820312442,0.02810304449645421
larger,100000,1003,CNN distance-density,3,4,1,0.49253177168211887,0.02517198248905565,0.781021897810219,1.0,0.75,0,0,6,95,260,16023,0.05940594059347123,0.02255639097735881,0.03269754728481169,0.9783325195311903,0.01662049861491241
larger,100000,1004,CNN distance-density,1,1,0,0.6114444444444445,0.26,0.7222222222222222,1.0,1.0,0,0,0,37,27,16320,0.0,0.0,0.0,0.9960937499999392,0.0
larger,100000,1005,CNN distance-density,1,1,0,0.9103719512195122,0.8116666666666668,0.975609756097561,1.0,1.0,0,0,0,42,129,16213,0.0,0.0,0.0,0.9895629882811896,0.0
larger,100000,1006,CNN distance-density,3,3,0,0.29330954317283153,0.04832347140039447,0.8578199052132701,0.0,1.0,1,3,7,175,406,15796,0.03846153846132714,0.01694915254233184,0.023529411339990123,0.9645385742186912,0.011904761904741658
larger,100000,1007,CNN distance-density,2,2,0,0.27097296395193593,0.055952380952380955,0.7289719626168225,0.0,1.0,0,1,0,106,248,16030,0.0,0.0,0.0,0.9783935546874403,0.0
larger,100000,1008,CNN distance-density,4,4,0,0.2995121774126629,0.1585707502374169,0.6407766990291262,0.0,1.0,0,2,0,195,210,15979,0.0,0.0,0.0,0.9752807617186905,0.0
larger,100000,1009,CNN distance-density,5,5,0,0.36371328045592544,0.19922632668628087,0.870307167235495,0.0,1.0,2,3,8,275,579,15522,0.028268551236649227,0.013628620102191433,0.018390804158707898,0.9478759765624422,0.009280742459385986
larger,100000,1010,CNN distance-density,2,2,0,0.6158750000000001,0.195,0.890625,1.0,1.0,0,0,0,52,167,16165,0.0,0.0,0.0,0.9866333007811897,0.0
larger,100000,1011,CNN distance-density,2,11,9,0.16347707301485861,0.26,0.14147627416520214,0.0,0.18181818181818177,0,29,94,527,266,15497,0.1513687600641685,0.2611111111103858,0.1916411820018725,0.9515991210936919,0.10597519729413081
larger,100000,1012,CNN distance-density,2,2,0,0.628851689612015,0.20359477124183006,0.9361702127659575,1.0,1.0,0,0,0,45,151,16188,0.0,0.0,0.0,0.9880371093749397,0.0
larger,100000,1013,CNN distance-density,1,1,0,0.6033333333333334,0.15555555555555553,0.9166666666666666,1.0,1.0,0,0,0,23,25,16336,0.0,0.0,0.0,0.9970703124999392,0.0
larger,100000,1014,CNN distance-density,1,1,0,0.6733260869565217,0.39,0.7391304347826086,1.0,1.0,0,0,0,24,56,16304,0.0,0.0,0.0,0.9951171874999393,0.0
larger,100000,1015,CNN distance-density,4,4,0,0.33818131256952166,0.1206896551724138,0.9193548387096774,0.0,1.0,1,0,2,119,227,16036,0.01652892561969811,0.008733624454110333,0.011428570976114305,0.9788818359374403,0.0057471264367650945
larger,100000,1016,CNN distance-density,1,1,0,0.6797222222222222,0.2981481481481481,0.9777777777777777,1.0,1.0,0,0,17,28,127,16212,0.37777777776938276,0.11805555555473574,0.1798941795294645,0.9905395507811895,0.09883720930175095
larger,100000,1017,CNN distance-density,5,5,0,0.3265582762942254,0.17861435136090492,0.730909090909091,0.0,1.0,1,2,9,251,333,15791,0.03461538461525148,0.026315789473607264,0.029900331735091233,0.9643554687499412,0.015177065767259398
larger,100000,1018,CNN distance-density,1,1,0,0.5747337662337663,0.12999999999999998,0.8311688311688312,1.0,1.0,0,0,0,65,78,16241,0.0,0.0,0.0,0.9912719726561895,0.0
larger,100000,1019,CNN distance-density,3,5,2,0.40130338652314856,0.41887643946467473,0.7640449438202247,0.0,0.6,1,2,10,246,302,15826,0.039062499999847414,0.032051282051179325,0.035211267110369975,0.9665527343749409,0.0179211469533729
larger,100000,1020,CNN distance-density,4,6,2,0.19614511044164656,0.1089001577642551,0.4023668639053254,0.0,0.6666666666666667,4,5,87,340,389,15568,0.20374707259905447,0.1827731092433135,0.19269102940137772,0.9555053710936916,0.10661764705869287
larger,100000,1021,CNN distance-density,4,5,1,0.3958173560347474,0.35537052203718866,0.7795031055900621,0.0,0.8,2,0,73,243,620,15448,0.23101265822711706,0.10533910533895334,0.14469772008487733,0.9473266601561922,0.07799145299136967
larger,100000,1022,CNN distance-density,2,2,0,0.2476923076923077,0.0,0.7384615384615385,0.0,1.0,0,1,0,61,154,16169,0.0,0.0,0.0,0.9868774414061897,0.0
larger,100000,1023,CNN distance-density,2,2,0,0.2946590909090909,0.06893939393939393,0.8181818181818181,0.0,1.0,1,1,17,45,219,16103,0.2741935483826743,0.07203389830477952,0.11409395940124317,0.9838867187499399,0.0604982206403541
larger,100000,1024,CNN distance-density,1,1,0,0.7575357142857143,0.485,0.9464285714285714,1.0,1.0,0,0,45,3,152,16184,0.9374999999804688,0.22842639593792677,0.3673469384574427,0.9905395507811895,0.22499999999887502
larger,100000,1025,CNN distance-density,2,2,0,0.3399448529411765,0.13124999999999998,0.9044117647058824,0.0,1.0,0,1,0,121,319,15944,0.0,0.0,0.0,0.9731445312499406,0.0
larger,100000,1026,CNN distance-density,4,5,1,0.27539553938859496,0.20246627800640146,0.5214285714285714,0.0,0.8,1,0,16,247,348,15773,0.06083650190090937,0.0439560439559232,0.05103668212844131,0.9636840820311912,0.026186579378025883
larger,100000,1027,CNN distance-density,3,4,1,0.27781702713239,0.19116252000581987,0.583969465648855,0.0,0.75,1,0,17,241,300,15826,0.06589147286796167,0.05362776025219676,0.05913043428766731,0.9669799804686909,0.03046594982073393
larger,100000,1028,CNN distance-density,3,3,0,0.27073725055432374,0.08131313131313131,0.6707317073170731,0.0,1.0,1,0,8,99,492,15785,0.07476635513948816,0.015999999999968,0.02635914303734846,0.9639282226561912,0.013355592654401744
larger,100000,1029,CNN distance-density,5,6,1,0.26003266743871845,0.1831818181818182,0.4713375796178344,0.0,0.8333333333333334,0,6,52,205,339,15788,0.20233463034940727,0.13299232736538877,0.16049382668137954,0.9667968749999409,0.08724832214750462
larger,100000,1030,CNN distance-density,2,2,0,0.47876712328767124,0.0,0.6438356164383562,1.0,1.0,0,0,0,72,159,16153,0.0,0.0,0.0,0.9859008789061898,0.0
larger,100000,1031,CNN distance-density,4,5,1,0.3099525804984078,0.11412176560121766,0.8929889298892989,0.0,0.8,2,3,26,190,239,15929,0.1203703703698131,0.09811320754679957,0.10810810761284748,0.9738159179686905,0.057142857142731554
larger,100000,1032,CNN distance-density,2,2,0,0.4876623376623377,0.0,0.6883116883116883,1.0,1.0,0,0,1,49,78,16256,0.0199999999996,0.012658227847941034,0.015503875494020807,0.9922485351561894,0.0078124999999389655
larger,100000,1033,CNN distance-density,4,4,0,0.6259539746782897,0.1931397306397306,0.9452054794520548,1.0,1.0,0,0,4,140,272,15968,0.02777777777758488,0.014492753623135896,0.01904761859691611,0.9748535156249405,0.009615384615361502
larger,100000,1034,CNN distance-density,1,1,0,0.5758469387755102,0.12999999999999998,0.8367346938775511,1.0,1.0,0,0,0,50,128,16206,0.0,0.0,0.0,0.9891357421874396,0.0
larger,100000,1035,CNN distance-density,2,2,0,0.38961275746878277,0.22352970494417862,0.9451219512195121,0.0,1.0,1,0,17,127,398,15842,0.11805555555473574,0.04096385542158804,0.06082289764949549,0.9679565429686909,0.03136531365307866
larger,100000,1036,CNN distance-density,1,1,0,0.7119473684210527,0.42070175438596497,0.8631578947368421,1.0,1.0,0,0,0,61,68,16255,0.0,0.0,0.0,0.9921264648436894,0.0
larger,100000,1037,CNN distance-density,1,1,0,0.8631395418927065,0.7223206751054853,0.9404761904761905,1.0,1.0,0,0,0,85,80,16219,0.0,0.0,0.0,0.9899291992186896,0.0
larger,100000,1038,CNN distance-density,1,1,0,0.7514418604651163,0.52,0.8372093023255813,1.0,1.0,0,0,0,73,87,16224,0.0,0.0,0.0,0.9902343749999395,0.0
larger,100000,1039,CNN distance-density,1,1,0,0.5727857142857142,0.12999999999999998,0.8214285714285714,1.0,1.0,0,0,0,57,143,16184,0.0,0.0,0.0,0.9877929687499397,0.0
larger,100000,1040,CNN distance-density,4,4,0,0.5820559846834357,0.10688614540466392,0.9197860962566845,1.0,1.0,0,0,29,128,468,15759,0.18471337579500183,0.058350100603504325,0.08868501492538507,0.9636230468749412,0.04639999999992576
larger,100000,1041,CNN distance-density,1,1,0,0.8433174603174604,0.6659259259259259,0.9682539682539683,1.0,1.0,0,0,0,62,64,16258,0.0,0.0,0.0,0.9923095703124394,0.0
larger,100000,1042,CNN distance-density,2,2,0,0.3156345500848896,0.11359649122807017,0.8225806451612903,0.0,1.0,0,1,8,111,180,16085,0.06722689075573758,0.042553191489135354,0.052117263368566244,0.98223876953119,0.02675585284271988
larger,100000,1043,CNN distance-density,2,2,0,0.5603058510638298,0.14583333333333334,0.7234042553191489,1.0,1.0,0,0,0,96,158,16130,0.0,0.0,0.0,0.9844970703124399,0.0
larger,100000,1044,CNN distance-density,1,1,0,0.7492617220801364,0.4863768115942029,0.9019607843137255,1.0,1.0,0,0,0,52,47,16285,0.0,0.0,0.0,0.9939575195311893,0.0
larger,100000,1045,CNN distance-density,5,5,0,0.5716156126482214,0.06823671497584541,0.9545454545454546,1.0,1.0,0,0,9,162,281,15932,0.05263157894706064,0.031034482758513674,0.03904555267848355,0.9729614257811906,0.01991150442473471
larger,100000,1046,CNN distance-density,4,6,2,0.2139911556539564,0.10432057966757238,0.5019011406844107,0.0,0.6666666666666667,1,10,6,439,617,15322,0.013483146067385432,0.009630818619567206,0.011235954570047646,0.9355468749999428,0.005649717514118974
larger,100000,1047,CNN distance-density,5,5,0,0.32342195908666493,0.14151488743645604,0.7987012987012987,0.0,1.0,1,0,28,189,466,15701,0.12903225806392152,0.056680161943205104,0.07876230618607734,0.9600219726561914,0.040995607613409965
larger,100000,1048,CNN distance-density,2,2,0,0.5609401408450704,0.06499999999999999,0.9084507042253521,1.0,1.0,0,0,24,84,191,16085,0.2222222222201646,0.11162790697622499,0.14860681069946036,0.9832153320311899,0.08026755852815964
larger,100000,1049,CNN distance-density,3,3,0,0.35772548317823905,0.17727272727272728,0.889763779527559,0.0,1.0,1,0,9,85,315,15975,0.09574468085004527,0.027777777777692046,0.043062200608113374,0.9755859374999404,0.022004889975496322
larger,100000,1050,CNN distance-density,1,1,0,0.8713517520215633,0.7379245283018868,0.9464285714285714,1.0,1.0,0,0,51,6,113,16214,0.894736842089566,0.3109756097542014,0.4615384611514916,0.9927368164061894,0.2999999999982353
larger,100000,1051,CNN distance-density,5,5,0,0.6086873494882601,0.18339646464646464,0.880794701986755,1.0,1.0,0,0,3,117,337,15927,0.024999999999791665,0.008823529411738754,0.013043477875179595,0.9722900390624406,0.00656455142230511
larger,100000,1052,CNN distance-density,1,1,0,0.4981481481481481,0.0,0.7407407407407407,1.0,1.0,0,0,0,21,28,16335,0.0,0.0,0.0,0.9970092773436892,0.0
larger,100000,1053,CNN distance-density,4,5,1,0.29721765477844686,0.22140522875816995,0.5879265091863517,0.0,0.8,1,5,59,289,438,15598,0.1695402298845703,0.11871227364161226,0.13964496992941705,0.9556274414061916,0.07506361323145666
larger,100000,1054,CNN distance-density,4,5,1,0.3270718356823853,0.26476423945434974,0.6396396396396397,0.0,0.8,1,7,10,280,558,15536,0.03448275862057075,0.017605633802785906,0.023310022862460006,0.948852539062442,0.011792452830174773
larger,100000,1055,CNN distance-density,2,2,0,0.5507196029776675,0.10769230769230771,0.7612903225806451,1.0,1.0,0,0,11,95,472,15806,0.10377358490468137,0.02277432712210606,0.03735144282865551,0.965393066406191,0.019031141868479186
larger,100000,1056,CNN distance-density,2,2,0,0.5119047619047619,0.0,0.8095238095238095,1.0,1.0,0,0,11,21,97,16255,0.34374999998925787,0.10185185185090878,0.1571428567879592,0.9927978515624394,0.08527131782879635
larger,100000,1057,CNN distance-density,1,1,0,0.6864756097560976,0.39,0.8048780487804879,1.0,1.0,0,0,17,17,115,16235,0.49999999998529415,0.12878787878690312,0.2048192767802294,0.9919433593749394,0.1140939597307779
larger,100000,1058,CNN distance-density,5,5,0,0.3962120481927711,0.24414814814814814,0.9317269076305221,0.0,1.0,2,3,33,187,429,15735,0.14999999999931818,0.07142857142841683,0.09677419311105856,0.9624023437499413,0.0508474576270403
larger,100000,1059,CNN distance-density,4,5,1,0.3161202944748027,0.23170765027322404,0.6592592592592592,0.0,0.8,0,9,53,289,474,15568,0.154970760233465,0.1005692599618585,0.12197928605862854,0.9534301757811918,0.06495098039207726
larger,100000,1060,CNN distance-density,5,6,1,0.3148050303293465,0.11472168493445088,0.8367346938775511,0.05,0.8333333333333334,1,8,13,349,549,15473,0.03591160220984555,0.02313167259782361,0.02813852766189259,0.9451904296874423,0.014270032930829561
larger,100000,1061,CNN distance-density,2,2,0,0.5290340909090909,0.029166666666666657,0.8295454545454546,1.0,1.0,0,0,1,62,157,16164,0.01587301587276392,0.0063291139240105754,0.009049773347965868,0.9866333007811897,0.004545454545433885
larger,100000,1062,CNN distance-density,1,1,0,0.617,0.26,0.75,1.0,1.0,0,0,31,14,73,16266,0.6888888888735804,0.2980769230740569,0.41610738212314763,0.9946899414061893,0.2627118644045533
larger,100000,1063,CNN distance-density,2,2,0,0.6751973684210526,0.325,0.8947368421052632,1.0,1.0,0,0,0,76,88,16220,0.0,0.0,0.0,0.9899902343749396,0.0
larger,100000,1064,CNN distance-density,4,5,1,0.2983415032679739,0.07561728395061727,0.9215686274509804,0.0,0.8,1,3,15,195,516,15658,0.0714285714282313,0.028248587570568272,0.04048582955323532,0.9566040039061916,0.02066115702476493
larger,100000,1065,CNN distance-density,1,1,0,0.6387391304347826,0.26,0.8586956521739131,1.0,1.0,0,0,0,93,80,16211,0.0,0.0,0.0,0.9894409179686896,0.0
larger,100000,1066,CNN distance-density,3,3,0,0.3363075408843126,0.1121794871794872,0.9291338582677166,0.0,1.0,1,0,1,111,357,15915,0.008928571428491709,0.0027932960893776726,0.004255318785894101,0.9714355468749407,0.002132196162042362
larger,100000,1067,CNN distance-density,3,3,0,0.5822586206896552,0.11,0.9137931034482758,1.0,1.0,0,0,6,46,123,16209,0.11538461538239646,0.04651162790661619,0.06629834213119258,0.9896850585936896,0.03428571428551837
larger,100000,1068,CNN distance-density,5,5,0,0.5243795994410806,0.13578947368421054,0.5663716814159292,1.0,1.0,0,0,8,110,392,15874,0.06779661016891697,0.019999999999950002,0.030888030536098156,0.9693603515624408,0.015686274509773165
larger,100000,1069,CNN distance-density,3,5,2,0.2920140962953174,0.2926892109500805,0.5015197568389058,0.0,0.6,1,2,29,269,324,15762,0.09731543624128418,0.08215297450401657,0.089093701500223,0.9638061523436912,0.046623794212143695
larger,100000,1070,CNN distance-density,3,5,2,0.28846702248640294,0.2938785778175313,0.48110831234256923,0.0,0.6,1,6,120,251,404,15609,0.32345013477001766,0.2290076335873492,0.2681564240950183,0.9600219726561914,0.15483870967721958
larger,100000,1071,CNN distance-density,4,5,1,0.21011900496855762,0.08033145716072546,0.46984924623115576,0.0,0.8,0,7,59,272,388,15665,0.1782477341384343,0.13199105145384343,0.15167095066753788,0.9597167968749414,0.08205841446441994
larger,100000,1072,CNN distance-density,2,2,0,0.6335833333333333,0.195,0.9791666666666666,1.0,1.0,0,0,29,17,129,16209,0.6304347825949906,0.1835443037963067,0.28431372513812003,0.9910888671874395,0.1657142857133388
larger,100000,1073,CNN distance-density,4,5,1,0.3042915189649061,0.20538530465949822,0.6593406593406593,0.0,0.8,0,2,46,308,534,15496,0.12994350282449169,0.07931034482744946,0.09850107019287538,0.948608398437442,0.051801801801743465
larger,100000,1074,CNN distance-density,5,6,1,0.28541950502360514,0.20865892559523996,0.540948275862069,0.0,0.8333333333333334,1,2,12,391,566,15415,0.029776674937891375,0.020761245674704564,0.024464831320142866,0.9415893554686925,0.012383900928779789
larger,100000,1075,CNN distance-density,5,4,1,0.3068727372243285,0.12631147540983606,0.8501628664495113,0.0,0.8,3,0,47,188,412,15737,0.19999999999914894,0.10239651416099696,0.13544668543066132,0.9633789062499412,0.07264296754239159
larger,100000,1076,CNN distance-density,2,2,0,0.530281690140845,0.0,0.9014084507042254,1.0,1.0,0,0,21,50,181,16132,0.2957746478831581,0.10396039603908931,0.15384615346015645,0.9859008789061898,0.08333333333300265
larger,100000,1077,CNN distance-density,1,1,0,0.7967931034482758,0.5790804597701149,0.9310344827586207,1.0,1.0,0,0,0,55,179,16150,0.0,0.0,0.0,0.9857177734374398,0.0
larger,100000,1078,CNN distance-density,4,5,1,0.37750403693694273,0.31127626235875705,0.7871485943775101,0.0,0.8,0,2,6,219,597,15562,0.02666666666654815,0.009950248756202405,0.014492753227359458,0.9501953124999419,0.007299270072983821
larger,100000,1079,CNN distance-density,3,3,0,0.6819949494949494,0.2994949494949495,0.9861111111111112,1.0,1.0,0,0,0,69,156,16159,0.0,0.0,0.0,0.9862670898436898,0.0
larger,100000,1080,CNN distance-density,1,1,0,0.7526609195402298,0.4759003831417624,0.9425287356321839,1.0,1.0,0,0,49,34,217,16084,0.5903614457760197,0.18421052631509696,0.28080229189947536,0.9846801757811898,0.1633333333327889
larger,100000,1081,CNN distance-density,2,2,0,0.5562129369538078,0.08371913580246912,0.8426966292134832,1.0,1.0,0,0,5,82,134,16163,0.0574712643671555,0.03597122302132395,0.04424778713669826,0.9868164062499397,0.022624434389037898
larger,100000,1082,CNN distance-density,5,5,0,0.3378822865783102,0.11765566241019192,0.9246861924686193,0.0,1.0,2,4,13,183,477,15711,0.0663265306119065,0.026530612244843814,0.03790087422729476,0.9597167968749414,0.019316493313492843
larger,100000,1083,CNN distance-density,2,2,0,0.6231514598540145,0.195,0.927007299270073,1.0,1.0,0,0,0,138,357,15889,0.0,0.0,0.0,0.9697875976561908,0.0
larger,100000,1084,CNN distance-density,1,1,0,0.4772727272727273,0.0,0.6363636363636364,1.0,1.0,0,0,3,12,33,16336,0.19999999998666668,0.08333333333101853,0.1176470584036909,0.9972534179686892,0.062499999998697923
larger,100000,1085,CNN distance-density,2,2,0,0.8390211293327002,0.6456618819776715,0.9923664122137404,1.0,1.0,0,0,84,48,319,15933,0.6363636363588154,0.20843672456523962,0.3140186912159036,0.9776000976561903,0.1862527716182123
larger,100000,1086,CNN distance-density,1,1,0,0.6543928571428571,0.2716666666666666,0.9107142857142857,1.0,1.0,0,0,20,32,153,16179,0.38461538460798816,0.11560693641551673,0.17777777742080003,0.9887084960936896,0.09756097560928019
larger,100000,1087,CNN distance-density,1,1,0,0.775695652173913,0.5371014492753623,0.92,1.0,1.0,0,0,0,76,212,16096,0.0,0.0,0.0,0.98242187499994,0.0
larger,100000,1088,CNN distance-density,4,6,2,0.2616848160021372,0.24904186795491143,0.4147465437788018,0.0,0.6666666666666667,3,0,35,368,296,15685,0.0868486352355165,0.10574018126856272,0.09536784691599537,0.9594726562499414,0.0500715307581544
larger,100000,1089,CNN distance-density,2,2,0,0.5277337398373984,0.04537037037037037,0.7865853658536586,1.0,1.0,0,0,17,106,493,15768,0.13821138211269746,0.033333333333267975,0.053712479939484234,0.9634399414061912,0.027597402597357795
larger,100000,1090,CNN distance-density,3,3,0,0.5651178852107644,0.08915085602392102,0.875,1.0,1.0,0,0,0,120,203,16061,0.0,0.0,0.0,0.9802856445311902,0.0
larger,100000,1091,CNN distance-density,1,1,0,0.612445054945055,0.1705128205128205,0.9285714285714286,1.0,1.0,0,0,2,12,42,16328,0.14285714284693876,0.0454545454535124,0.06896551687277051,0.9967041015624392,0.03571428571364796
larger,100000,1092,CNN distance-density,4,5,1,0.28091589267285866,0.07026143790849673,0.8464912280701754,0.0,0.8,2,0,26,156,410,15792,0.14285714285635795,0.05963302752279901,0.084142394406196,0.965454101562441,0.04391891891884473
larger,100000,1093,CNN distance-density,2,2,0,0.667618006993007,0.271474358974359,0.9772727272727273,1.0,1.0,0,0,0,86,172,16126,0.0,0.0,0.0,0.9842529296874399,0.0
larger,100000,1094,CNN distance-density,5,5,0,0.2588503004595264,0.10909822866344607,0.5487804878048781,0.0,1.0,0,1,9,211,200,15964,0.04090909090890496,0.043062200956731765,0.04195804145817509,0.9749145507811905,0.021428571428520407
larger,100000,1095,CNN distance-density,5,6,1,0.2629799253034547,0.11453781512605042,0.6405228758169934,0.0,0.8333333333333334,0,2,23,249,477,15635,0.0845588235291009,0.045999999999908,0.05958549177143683,0.9556884765624416,0.030707610146821485
larger,100000,1096,CNN distance-density,1,1,0,0.645,0.23333333333333334,0.95,1.0,1.0,0,0,0,19,21,16344,0.0,0.0,0.0,0.997558593749939,0.0
larger,100000,1097,CNN distance-density,1,1,0,0.6374918032786886,0.26,0.8524590163934427,1.0,1.0,0,0,0,62,165,16157,0.0,0.0,0.0,0.9861450195311898,0.0
larger,100000,1098,CNN distance-density,4,4,0,0.37119602624941217,0.17591250670960817,0.9601769911504425,0.0,1.0,1,0,2,214,363,15805,0.009259259259216392,0.005479452054779508,0.006884681116337523,0.964782714843691,0.003454231433500079
larger,100000,1099,CNN distance-density,1,1,0,0.795280701754386,0.5762573099415205,0.9298245614035088,1.0,1.0,0,0,40,14,140,16190,0.7407407407270233,0.22222222222098767,0.3418803415223903,0.9906005859374395,0.20618556700924648
larger,100000,1100,CNN distance-density,2,2,0,0.32456081081081084,0.14346846846846845,0.8,0.0,1.0,1,0,9,60,296,16019,0.1304347826068053,0.029508196721214727,0.04812834194482256,0.9782714843749403,0.024657534246507788
larger,100000,1101,CNN distance-density,3,3,0,0.6587527085590466,0.2834045584045584,0.9061032863849765,1.0,1.0,0,0,11,176,317,15880,0.058823529411450144,0.033536585365751416,0.04271844613925536,0.9699096679686908,0.021825396825353522
larger,100000,1102,CNN distance-density,3,3,0,0.3549735441920917,0.16997219647822057,0.8924302788844621,0.0,1.0,1,1,7,240,397,15740,0.028340080971545185,0.01732673267322444,0.021505375873100828,0.9611206054686913,0.010869565217374427
larger,100000,1103,CNN distance-density,4,4,0,0.639881993006993,0.28365384615384615,0.8111888111888113,1.0,1.0,0,0,15,125,219,16025,0.10714285714209185,0.06410256410229016,0.08021390327447168,0.9790039062499403,0.04178272980489754
larger,100000,1104,CNN distance-density,4,6,2,0.2020862454316458,0.08060303893637226,0.495741056218058,0.0,0.6666666666666667,1,2,0,538,591,15255,0.0,0.0,0.0,0.9310913085936932,0.0
larger,100000,1105,CNN distance-density,2,2,0,0.6113685897435898,0.15916666666666665,0.9487179487179487,1.0,1.0,0,0,3,35,128,16218,0.07894736841897508,0.022900763358603814,0.03550295823087427,0.9900512695311895,0.018072289156517637
larger,100000,1106,CNN distance-density,1,1,0,0.7340343680709535,0.43926829268292683,0.9318181818181819,1.0,1.0,0,0,0,45,132,16207,0.0,0.0,0.0,0.9891967773436896,0.0
larger,100000,1107,CNN distance-density,5,5,0,0.33770635245901637,0.24408333333333332,0.639344262295082,0.0,1.0,0,2,4,220,439,15721,0.01785714285706314,0.009029345372440115,0.011994002552367012,0.9597778320311914,0.006033182503761639
larger,100000,1108,CNN distance-density,4,5,1,0.19256210478771457,0.025205761316872417,0.5060975609756098,0.0,0.8,0,1,6,286,384,15708,0.020547945205409084,0.015384615384575938,0.017595307428161108,0.9591064453124414,0.008875739644957284
larger,100000,1109,CNN distance-density,2,4,2,0.23557781649245063,0.22037037037037036,0.43205574912891986,0.0,0.5,1,2,25,223,279,15857,0.10080645161249675,0.08223684210499264,0.09057970964974534,0.9693603515624408,0.04743833017068797
larger,100000,1110,CNN distance-density,5,5,0,0.41041401490426466,0.31059027777777776,0.6449086161879896,0.16666666666666666,1.0,1,6,7,344,639,15394,0.019943019942963127,0.010835913312676726,0.014042125922884015,0.9400024414061926,0.007070707070699928
larger,100000,1111,CNN distance-density,4,5,1,0.5061965233955548,0.15209907869124142,0.5387596899224807,1.0,0.8,0,0,20,234,284,15846,0.07874015748000496,0.06578947368399411,0.07168458731737773,0.9683837890624408,0.03717472118952198
larger,100000,1112,CNN distance-density,3,3,0,0.5557749428789033,0.05683760683760683,0.900990099009901,1.0,1.0,0,0,16,75,247,16046,0.1758241758222437,0.06083650190090937,0.0903954798435156,0.9803466796874402,0.04733727810636883
larger,100000,1113,CNN distance-density,4,6,2,0.16969466248486095,0.03721264367816091,0.4314115308151093,0.0,0.6666666666666667,0,5,11,438,254,15681,0.024498886414199336,0.04150943396210751,0.030812324463091127,0.9577636718749415,0.015647226173519706
larger,100000,1114,CNN distance-density,5,6,1,0.2788716925351072,0.19309090909090912,0.5432372505543237,0.0,0.8333333333333334,0,2,6,413,422,15543,0.014319809069178235,0.014018691588752293,0.014167650031309913,0.949035644531192,0.007134363852547997
larger,100000,1115,CNN distance-density,4,5,1,0.31588500865187985,0.3115099715099715,0.4785276073619632,0.0,0.8,1,4,48,402,492,15442,0.10666666666642963,0.08888888888872429,0.09696969647363331,0.9454345703124423,0.05095541401268476
larger,100000,1116,CNN distance-density,4,6,2,0.2909857233957628,0.2926388395149504,0.4631578947368421,0.0,0.6666666666666667,0,2,20,506,720,15138,0.038022813688140644,0.027027027026990506,0.031595576133510044,0.9251708984374435,0.016051364365958224
larger,100000,1117,CNN distance-density,2,2,0,0.5345760869565217,0.08166666666666667,0.7391304347826086,1.0,1.0,0,0,0,30,156,16198,0.0,0.0,0.0,0.9886474609374396,0.0
larger,100000,1118,CNN distance-density,1,1,0,0.9072534246575343,0.8060730593607307,0.9726027397260274,1.0,1.0,0,0,0,72,224,16088,0.0,0.0,0.0,0.98193359374994,0.0
larger,100000,1119,CNN distance-density,5,6,1,0.3230587117496774,0.2243091082954817,0.6939313984168866,0.0,0.8333333333333334,1,2,8,334,477,15565,0.023391812865428678,0.01649484536079073,0.019347036999788,0.9505004882811919,0.009768009767997842
larger,100000,1120,CNN distance-density,5,6,1,0.28156446882267117,0.1855610073751003,0.5736434108527132,0.0,0.8333333333333334,2,6,15,272,374,15723,0.052264808362187234,0.03856041131095486,0.04437869773610431,0.9605712890624414,0.02269288956123647
larger,100000,1121,CNN distance-density,1,1,0,0.9114929128277818,0.8137751004016065,0.9764705882352941,1.0,1.0,0,0,0,86,84,16214,0.0,0.0,0.0,0.9896240234374396,0.0
larger,100000,1122,CNN distance-density,3,4,1,0.24250000000000005,0.15000000000000002,0.5,0.0,0.75,1,3,24,195,340,15825,0.10958904109539001,0.0659340659338848,0.08233276110869138,0.9673461914061909,0.04293381037559404
larger,100000,1123,CNN distance-density,1,1,0,0.7197037037037036,0.3935802469135802,0.962962962962963,1.0,1.0,0,0,13,14,15,16342,0.48148148146364883,0.4642857142691327,0.4727272722102479,0.998229980468689,0.30952380951643993
larger,100000,1124,CNN distance-density,3,3,0,0.636551282051282,0.21370370370370365,0.9519230769230769,1.0,1.0,0,0,0,98,107,16179,0.0,0.0,0.0,0.9874877929686897,0.0
larger,100000,1125,CNN distance-density,4,4,0,0.5658977838082316,0.07070707070707072,0.9203980099502488,1.0,1.0,0,0,3,158,563,15660,0.018633540372555074,0.005300353356881095,0.008253094565740022,0.9559936523436916,0.004143646408834056
larger,100000,1126,CNN distance-density,4,3,1,0.5359208776595745,0.109375,0.8085106382978724,1.0,0.75,0,0,6,63,207,16108,0.08695652173787019,0.028169014084374795,0.042553191119435646,0.9835205078124399,0.021739130434703845
larger,100000,1127,CNN distance-density,5,5,0,0.3561171497584541,0.1493961352657005,0.9444444444444444,0.0,1.0,1,0,0,134,328,15922,0.0,0.0,0.0,0.9718017578124407,0.0
larger,100000,1128,CNN distance-density,4,4,0,0.30002564102564105,0.08666666666666667,0.8051282051282052,0.0,1.0,0,3,16,171,483,15714,0.08556149732574567,0.03206412825644877,0.04664722992399001,0.9600830078124414,0.023880597014889732
larger,100000,1129,CNN distance-density,2,2,0,0.2971631205673759,0.0,0.9858156028368794,0.0,1.0,0,1,1,130,440,15813,0.007633587786201271,0.002267573696139983,0.0034965031433505664,0.965209960937441,0.0017513134851107684
larger,100000,1130,CNN distance-density,3,5,2,0.21803369272237197,0.21222222222222223,0.31266846361185985,0.0,0.6,0,1,0,348,367,15669,0.0,0.0,0.0,0.9563598632811916,0.0
larger,100000,1131,CNN distance-density,5,6,1,0.3447935606060606,0.25810606060606056,0.6432291666666667,0.06666666666666667,0.8333333333333334,1,6,14,291,569,15510,0.0459016393441118,0.024013722126888484,0.03153153108046476,0.9475097656249422,0.016018306636137278
larger,100000,1132,CNN distance-density,5,5,0,0.5507299041889859,0.04446002805049088,0.9036144578313253,1.0,1.0,0,0,24,198,519,15643,0.10810810810762114,0.044198895027542914,0.06274509762708703,0.9562377929686916,0.03238866396756763
larger,100000,1133,CNN distance-density,5,6,1,0.2768453806747925,0.13619961137608194,0.6611111111111111,0.0,0.8333333333333334,1,12,50,439,703,15192,0.10224948875234714,0.06640106241691049,0.08051529742906356,0.9302978515624432,0.04194630872479702
larger,100000,1134,CNN distance-density,2,2,0,0.32275,0.195,0.675,0.0,1.0,0,1,5,151,105,16123,0.032051282051076595,0.04545454545413223,0.03759398447707615,0.9843749999999399,0.019157088122531966
larger,100000,1135,CNN distance-density,2,2,0,0.4957627118644068,0.0,0.728813559322034,1.0,1.0,0,0,0,55,95,16234,0.0,0.0,0.0,0.9908447265624395,0.0
larger,100000,1136,CNN distance-density,4,5,1,0.5512066613467093,0.2159458968772694,0.6201550387596899,1.0,0.8,0,0,0,247,276,15861,0.0,0.0,0.0,0.9680786132811909,0.0
larger,100000,1137,CNN distance-density,5,5,0,0.31993959823885526,0.17353727144866382,0.7092391304347826,0.0,1.0,1,1,32,306,623,15423,0.09467455621273765,0.04885496183198648,0.0644511576575728,0.9432983398436924,0.033298647242421126
larger,100000,1138,CNN distance-density,4,4,0,0.6088541666666666,0.14814814814814814,0.9609375,1.0,1.0,0,0,2,122,244,16016,0.016129032257934443,0.008130081300779959,0.01081081036511324,0.9776611328124403,0.005434782608680884
larger,100000,1139,CNN distance-density,1,1,0,0.6826666666666666,0.3244444444444444,0.9333333333333333,1.0,1.0,0,0,21,8,74,16281,0.7241379310095125,0.2210526315766205,0.3387096770555411,0.9949951171874393,0.20388349514365162
larger,100000,1140,CNN distance-density,1,1,0,0.630110294117647,0.20416666666666666,0.9411764705882353,1.0,1.0,0,0,2,15,15,16352,0.117647058816609,0.117647058816609,0.117647058316609,0.998168945312439,0.06249999999804688
larger,100000,1141,CNN distance-density,5,5,0,0.3553513839926883,0.20124798711755232,0.7128378378378378,0.08888888888888889,1.0,1,9,3,250,483,15648,0.011857707509834555,0.006172839506160138,0.008119079387300642,0.9552612304686917,0.004076086956516201
larger,100000,1142,CNN distance-density,1,1,0,0.8245,0.61,1.0,1.0,1.0,0,0,0,21,65,16298,0.0,0.0,0.0,0.9947509765624393,0.0
larger,100000,1143,CNN distance-density,2,2,0,0.2586617647058823,0.06499999999999999,0.6470588235294117,0.0,1.0,1,1,11,42,153,16178,0.20754716980740479,0.06707317073129834,0.10138248810915501,0.9880981445311897,0.05339805825216797
larger,100000,1144,CNN distance-density,4,4,0,0.3182295321637427,0.07429824561403507,0.9239766081871346,0.0,1.0,1,2,1,156,160,16067,0.006369426751551788,0.006211180124185024,0.006289307676140225,0.9807128906249402,0.0031545741324821622
larger,100000,1145,CNN distance-density,1,1,0,0.9755656108597285,0.9542483660130718,0.9807692307692307,1.0,1.0,0,0,0,53,162,16169,0.0,0.0,0.0,0.9868774414061897,0.0
larger,100000,1146,CNN distance-density,4,5,1,0.4280830670926518,0.3333333333333333,0.9904153354632588,0.0,0.8,3,4,23,264,555,15542,0.08013937282202042,0.03979238754318375,0.05317919030791006,0.9500122070311919,0.027315914489278722
larger,100000,1147,CNN distance-density,1,1,0,0.677612676056338,0.39,0.7605633802816901,1.0,1.0,0,0,0,72,55,16257,0.0,0.0,0.0,0.9922485351561894,0.0
larger,100000,1148,CNN distance-density,4,5,1,0.24644035034732714,0.08046176046176046,0.6511627906976745,0.0,0.8,0,3,36,284,495,15569,0.11249999999964844,0.06779661016936385,0.08460634500644988,0.9524536132811918,0.044171779141050097
larger,100000,1149,CNN distance-density,2,2,0,0.6351858974358974,0.195,0.9871794871794872,1.0,1.0,0,0,4,152,478,15750,0.02564102564086128,0.008298755186704775,0.012539184583484844,0.9615478515624413,0.006309148264974276
larger,100000,1150,CNN distance-density,3,2,1,0.23560486891385768,0.043333333333333335,0.747191011235955,0.0,0.6666666666666667,1,0,10,110,330,15934,0.08333333333263888,0.02941176470579585,0.04347826048374291,0.9731445312499406,0.02222222222217284
larger,100000,1151,CNN distance-density,3,3,0,0.30091085043988275,0.08735744542196153,0.808,0.0,1.0,1,0,20,81,303,15980,0.19801980197823743,0.06191950464377115,0.094339622278135,0.9765624999999404,0.049504950494926966
larger,100000,1152,CNN distance-density,5,5,0,0.34585038538697077,0.1318721086200761,0.9325396825396826,0.0,1.0,2,0,19,194,504,15667,0.08920187793385352,0.03632887189285597,0.05163043437117129,0.9573974609374415,0.026499302649893308
larger,100000,1153,CNN distance-density,1,1,0,0.51875,0.0,0.84375,1.0,1.0,0,0,3,44,43,16294,0.06382978723268448,0.06521739130293006,0.06451612853092845,0.9946899414061893,0.03333333333296296
larger,100000,1154,CNN distance-density,4,4,0,0.25706767484321663,0.06128998968008257,0.6474358974358974,0.0,1.0,0,1,0,142,245,15997,0.0,0.0,0.0,0.9763793945311904,0.0
larger,100000,1155,CNN distance-density,1,1,0,0.8488995433789954,0.6760730593607306,0.9733333333333334,1.0,1.0,0,0,0,76,74,16234,0.0,0.0,0.0,0.9908447265624395,0.0
larger,100000,1156,CNN distance-density,2,2,0,0.575573489010989,0.08124999999999999,0.945054945054945,1.0,1.0,0,0,5,84,131,16164,0.056179775280267644,0.03676470588208262,0.044444443965866665,0.9868774414061897,0.02272727272716942
larger,100000,1157,CNN distance-density,5,5,0,0.5475469691598724,0.046520146520146514,0.8830645161290323,1.0,1.0,0,0,6,243,391,15744,0.024096385542071903,0.015113350125906515,0.018575850919375258,0.9613037109374413,0.009374999999985352
larger,100000,1158,CNN distance-density,2,2,0,0.4801587301587301,0.0,0.6507936507936508,1.0,1.0,0,0,2,61,99,16222,0.03174603174552784,0.019801980197823744,0.024390243428985738,0.9902343749999395,0.012345679012269472
larger,100000,1159,CNN distance-density,3,3,0,0.320665916674124,0.14772438342232388,0.770949720670391,0.0,1.0,3,1,13,102,252,16017,0.11304347825988657,0.049056603773399786,0.06842105220912742,0.9783935546874403,0.035422343324154164
larger,100000,1160,CNN distance-density,1,1,0,0.645,0.23333333333333334,0.95,1.0,1.0,0,0,0,20,21,16343,0.0,0.0,0.0,0.997497558593689,0.0
larger,100000,1161,CNN distance-density,5,5,0,0.28886904761904764,0.11018518518518518,0.6964285714285714,0.0,1.0,0,1,3,158,169,16054,0.018633540372555074,0.017441860465014874,0.018018017518455408,0.9800415039061902,0.009090909090881543
larger,100000,1162,CNN distance-density,1,1,0,0.6692221584385764,0.2782051282051282,0.9701492537313433,1.0,1.0,0,0,11,44,132,16197,0.19999999999636364,0.07692307692253901,0.11111111070875421,0.9892578124999396,0.058823529411450144
larger,100000,1163,CNN distance-density,1,1,0,0.5686111111111111,0.0907407407407407,0.8888888888888888,1.0,1.0,0,0,0,25,90,16269,0.0,0.0,0.0,0.9929809570311894,0.0
larger,100000,1164,CNN distance-density,5,5,0,0.35344541264292306,0.17164361080349452,0.8810289389067524,0.0,1.0,1,3,19,232,832,15301,0.07569721115507691,0.02232667450056131,0.03448275826884794,0.9350585937499429,0.017543859649106607
larger,100000,1165,CNN distance-density,2,2,0,0.673415917843389,0.3392982456140351,0.8536585365853658,1.0,1.0,0,0,0,68,176,16140,0.0,0.0,0.0,0.9851074218749398,0.0
larger,100000,1166,CNN distance-density,2,2,0,0.6557954545454545,0.2351010101010101,1.0,1.0,1.0,0,0,0,39,85,16260,0.0,0.0,0.0,0.9924316406249394,0.0
larger,100000,1167,CNN distance-density,5,5,0,0.2773913043478261,0.0,0.8869565217391304,0.0,1.0,1,0,11,198,598,15577,0.0526315789471166,0.018062397372712542,0.026894865145165925,0.9514160156249419,0.013630731102833171
larger,100000,1168,CNN distance-density,2,1,1,0.6118652497808941,0.4230952380952381,0.6073619631901841,1.0,0.5,0,0,0,100,241,16043,0.0,0.0,0.0,0.9791870117186902,0.0
larger,100000,1169,CNN distance-density,5,5,0,0.23278066263141128,0.05914728682170542,0.5308219178082192,0.0,1.0,0,4,13,246,391,15734,0.0501930501928564,0.03217821782170253,0.03921568579830698,0.9611206054686913,0.01999999999996923
larger,100000,1170,CNN distance-density,3,3,0,0.7616124144672533,0.5241218637992832,0.8787878787878788,1.0,1.0,0,0,0,201,453,15730,0.0,0.0,0.0,0.9600830078124414,0.0
larger,100000,1171,CNN distance-density,3,3,0,0.6353775510204082,0.2033333333333333,0.9693877551020408,1.0,1.0,0,0,0,100,154,16130,0.0,0.0,0.0,0.9844970703124399,0.0
larger,100000,1172,CNN distance-density,4,5,1,0.340346944603084,0.17941176470588235,0.8980582524271845,0.0,0.8,0,1,12,193,388,15791,0.05853658536556812,0.029999999999925,0.03966942103941535,0.9645385742186912,0.0202360876896792
larger,100000,1173,CNN distance-density,4,5,1,0.1859624196274692,0.05411184210526316,0.4080604534005038,0.0,0.8,0,2,28,320,377,15659,0.08045977011471132,0.0691358024689651,0.07436918940970602,0.9574584960936915,0.038620689655119146
larger,100000,1174,CNN distance-density,5,5,0,0.28475091659141494,0.15253290106734174,0.5805555555555555,0.0,1.0,1,1,7,330,556,15491,0.02077151335305409,0.012433392539942393,0.015555555087049398,0.9459228515624423,0.007838745800663115
larger,100000,1175,CNN distance-density,5,5,0,0.3937791867954912,0.32856280193236714,0.7296296296296296,0.0,1.0,1,0,19,176,393,15796,0.09743589743539777,0.046116504854257,0.06260296496731978,0.965270996093691,0.03231292517001307
larger,100000,1176,CNN distance-density,2,2,0,0.67545,0.325,0.896,1.0,1.0,0,0,15,111,267,15991,0.11904761904667423,0.05319148936151351,0.07352941133744234,0.9769287109374404,0.038167938931200594
larger,100000,1177,CNN distance-density,4,4,0,0.3501221090595439,0.17784144692359702,0.8504672897196262,0.0,1.0,0,1,20,187,272,15905,0.09661835748745595,0.06849315068469694,0.08016032015546926,0.9719848632811906,0.04175365344458924
larger,100000,1178,CNN distance-density,3,4,1,0.2558395668192475,0.15700197238658775,0.5509433962264151,0.0,0.75,0,1,7,250,489,15638,0.027237354085497132,0.014112903225777998,0.01859229702708071,0.9548950195311917,0.009383378016073213
larger,100000,1179,CNN distance-density,1,1,0,0.7169803921568627,0.38849673202614377,0.9607843137254902,1.0,1.0,0,0,0,50,52,16282,0.0,0.0,0.0,0.9937744140624393,0.0
larger,100000,1180,CNN distance-density,3,3,0,0.5063461538461538,0.08076923076923076,0.6,1.0,1.0,0,0,16,23,182,16163,0.4102564102458909,0.0808080808076727,0.13502109677031815,0.9874877929686897,0.07239819004492128
larger,100000,1181,CNN distance-density,4,5,1,0.22489910055350557,0.021875,0.6752767527675276,0.0,0.8,1,2,53,193,513,15625,0.21544715447066892,0.09363957597156601,0.13054187149851368,0.9569091796874416,0.06982872200254304
larger,100000,1182,CNN distance-density,3,3,0,0.6430168267237233,0.22728019107329447,0.9537037037037037,1.0,1.0,0,0,0,92,242,16050,0.0,0.0,0.0,0.9796142578124402,0.0
larger,100000,1183,CNN distance-density,4,4,0,0.365056238641,0.16265727449937975,0.9593023255813954,0.0,1.0,2,0,21,140,423,15800,0.13043478260788552,0.047297297297190774,0.06942148721248002,0.965637207031191,0.03595890410952747
larger,100000,1184,CNN distance-density,3,5,2,0.26433491461100567,0.22379084967320262,0.5181451612903225,0.0,0.6,0,9,16,386,372,15610,0.03980099502477662,0.04123711340195558,0.040506328613978536,0.9537353515624417,0.02067183462529629
larger,100000,1185,CNN distance-density,3,3,0,0.5283132530120482,0.0,0.891566265060241,1.0,1.0,0,0,22,46,186,16130,0.3235294117599481,0.10576923076872227,0.1594202894825667,0.9858398437499398,0.08661417322800546
larger,100000,1186,CNN distance-density,3,3,0,0.3491962996906862,0.25382428940568474,0.6748768472906403,0.0,1.0,0,1,1,194,315,15874,0.00512820512817883,0.0031645569620153023,0.003913893852872863,0.9689331054686908,0.0019607843137216456
larger,100000,1187,CNN distance-density,4,5,1,0.24945910290237472,0.16666666666666669,0.47229551451187335,0.0,0.8,0,4,7,333,498,15546,0.020588235294057095,0.013861386138586413,0.016568046856303368,0.949279785156192,0.008353221957030605
larger,100000,1188,CNN distance-density,2,2,0,0.5314147433950804,0.14346846846846845,0.5842696629213483,1.0,1.0,0,0,24,62,142,16156,0.27906976743861545,0.1445783132521411,0.19047619002506927,0.9875488281249397,0.10526315789427516
larger,100000,1189,CNN distance-density,3,3,0,0.6407051792828685,0.26,0.8685258964143426,1.0,1.0,0,0,27,193,741,15423,0.12272727272671488,0.035156249999954224,0.05465587009905506,0.9429931640624424,0.028095733610792824
larger,100000,1190,CNN distance-density,1,1,0,0.6893840579710145,0.31618357487922705,0.9855072463768116,1.0,1.0,0,0,0,69,70,16245,0.0,0.0,0.0,0.9915161132811895,0.0
larger,100000,1191,CNN distance-density,2,2,0,0.6444047619047618,0.20978835978835977,1.0,1.0,1.0,0,0,0,29,63,16292,0.0,0.0,0.0,0.9943847656249393,0.0
larger,100000,1192,CNN distance-density,5,5,0,0.315725601340694,0.2073958333333333,0.61198738170347,0.0,1.0,1,0,15,295,462,15612,0.048387096774037464,0.03144654088043722,0.038119440437283755,0.9537963867186917,0.019430051813446335
larger,100000,1193,CNN distance-density,4,5,1,0.32957054263565894,0.22385185185185189,0.7441860465116279,0.0,0.8,2,7,4,313,607,15460,0.012618296529928649,0.006546644844506471,0.008620689205338256,0.9438476562499424,0.004329004328999644
larger,100000,1194,CNN distance-density,4,5,1,0.34033005263417504,0.24344719207732904,0.7538940809968847,0.0,0.8,1,6,14,270,613,15487,0.04929577464771375,0.022328548644302507,0.030735455114171115,0.9461059570311923,0.015607580824954729
larger,100000,1195,CNN distance-density,3,3,0,0.650795918367347,0.24666666666666667,0.9489795918367347,1.0,1.0,0,0,0,93,279,16012,0.0,0.0,0.0,0.9772949218749403,0.0
larger,100000,1196,CNN distance-density,5,5,0,0.2789219554030875,0.04959595959595959,0.7830188679245282,0.0,1.0,1,1,40,161,448,15735,0.19900497512338805,0.08196721311458613,0.11611030437596817,0.9628295898436912,0.06163328197217006
larger,100000,1197,CNN distance-density,5,5,0,0.2808415082771306,0.09285714285714286,0.6952789699570816,0.0,1.0,1,3,4,201,212,15967,0.01951219512185604,0.018518518518432784,0.019002374797163196,0.9747924804686905,0.009592326139065726
larger,100000,1198,CNN distance-density,5,5,0,0.623570841744519,0.19080298786181138,0.9385474860335196,1.0,1.0,0,0,65,97,409,15813,0.40123456789875783,0.1371308016874744,0.2044025153429552,0.9691162109374408,0.11383537653219994
larger,100000,1199,CNN distance-density,4,4,0,0.2811924868957484,0.09901960784313724,0.6831683168316831,0.0,1.0,1,0,3,63,287,16031,0.04545454545385675,0.010344827586171225,0.01685393228212979,0.9786376953124403,0.008498583569381024
larger,100000,0,Hough transform baseline,1,1,0,0.8738824451410658,0.7427272727272727,0.9482758620689655,1.0,1.0,0,0,42,1,162,16179,0.9767441860237968,0.20588235294016724,0.3400809713696012,0.9900512695311895,0.2048780487794884
larger,100000,1,Hough transform baseline,2,2,0,0.9783333333333333,0.961111111111111,0.9791666666666666,1.0,1.0,0,0,98,0,122,16164,0.9999999999897958,0.44545454545252067,0.616352200827578,0.9925537109374394,0.44545454545252067
larger,100000,2,Hough transform baseline,2,3,1,0.5075801815143921,0.6905661881977672,0.6507936507936508,0.0,0.6666666666666667,0,1,109,0,155,16120,0.9999999999908257,0.412878787877224,0.5844504017279791,0.9905395507811895,0.412878787877224
larger,100000,3,Hough transform baseline,4,5,1,0.8209031422238198,0.6983725071225071,0.883177570093458,1.0,0.8,0,0,189,6,372,15817,0.9692307692257989,0.33689839572132463,0.4999999996158667,0.9769287109374404,0.33333333333274545
larger,100000,4,Hough transform baseline,4,5,1,0.632757463137599,0.8944408795113021,0.7512953367875648,0.0,0.8,0,1,304,52,400,15628,0.8539325842672643,0.4318181818175684,0.5735849052131862,0.9724121093749406,0.40211640211587024
larger,100000,5,Hough transform baseline,5,5,0,0.6878937819231623,0.757438596491228,0.8185654008438819,0.3333333333333333,1.0,1,3,203,36,265,15880,0.8493723849336847,0.4337606837597569,0.5742574252934066,0.98162841796869,0.40277777777697865
larger,100000,6,Hough transform baseline,1,1,0,0.805610294117647,0.5941666666666666,0.9411764705882353,1.0,1.0,0,0,34,1,67,16282,0.9714285714008164,0.3366336633630036,0.49999999961040226,0.9958496093749392,0.3333333333300654
larger,100000,7,Hough transform baseline,4,5,1,0.6323932350718064,0.8556584362139917,0.8367346938775511,0.0,0.8,0,1,225,0,58,16101,0.9999999999955556,0.7950530035307596,0.8858267711565736,0.9964599609374392,0.7950530035307596
larger,100000,8,Hough transform baseline,3,3,0,0.9106190476190476,0.9177777777777778,0.9880952380952381,0.8,1.0,1,1,170,0,84,16130,0.9999999999941177,0.6692913385800422,0.8018867919686722,0.9948730468749393,0.6692913385800422
larger,100000,9,Hough transform baseline,2,3,1,0.5300503370503371,0.7474592074592075,0.6351351351351351,0.0,0.6666666666666667,0,1,66,0,66,16252,0.9999999999848485,0.49999999999621214,0.6666666662154882,0.9959716796874392,0.49999999999621214
larger,100000,10,Hough transform baseline,4,6,2,0.463963667245451,0.6100379506641367,0.6138996138996139,0.0,0.6666666666666667,0,1,201,36,260,15887,0.8481012658192063,0.4360086767886421,0.5759312316415341,0.98193359374994,0.40442655935532307
larger,100000,11,Hough transform baseline,4,8,4,0.5611798679867988,0.7685185185185186,0.8267326732673268,0.0,0.5,0,3,184,15,289,15896,0.9246231155732432,0.38900634249389215,0.547619047200543,0.98144531249994,0.3770491803270962
larger,100000,12,Hough transform baseline,5,8,3,0.5963137399732236,0.8200037997734124,0.6240601503759399,0.16,0.625,1,5,307,80,336,15661,0.7932816537447203,0.4774494556757738,0.5961165043840984,0.9746093749999405,0.4246196403866879
larger,100000,13,Hough transform baseline,5,5,0,0.6616226629105886,0.8500837679785047,0.8954248366013072,0.0,1.0,0,1,123,5,210,16046,0.9609374999924928,0.36936936936826015,0.5336225592494859,0.9868774414061897,0.36390532544271037
larger,100000,14,Hough transform baseline,3,6,3,0.6982869623655914,0.852824074074074,0.8225806451612903,0.4,0.5,1,2,117,4,170,16093,0.9669421487523393,0.4076655052250604,0.5735294113446631,0.9893798828124396,0.40206185566872144
larger,100000,15,Hough transform baseline,2,2,0,0.9381976744186047,0.8833333333333334,0.9534883720930233,1.0,1.0,0,0,45,0,42,16297,0.9999999999777779,0.5172413793043995,0.6818181813584709,0.997436523437439,0.5172413793043995
larger,100000,16,Hough transform baseline,3,4,1,0.5116024767801858,0.6075610595115238,0.8160000000000001,0.0,0.75,0,1,119,0,112,16153,0.9999999999915966,0.515151515149285,0.6799999995473143,0.9931640624999394,0.515151515149285
larger,100000,17,Hough transform baseline,4,7,3,0.6880957962434823,0.8592326521924223,0.5964912280701755,0.5,0.5714285714285714,1,2,234,90,323,15737,0.7222222222199932,0.4201077199274325,0.5312145284781482,0.9747924804686905,0.3616692426578645
larger,100000,18,Hough transform baseline,3,3,0,0.9832333767926988,0.9695784441547153,0.9846153846153847,1.0,1.0,0,0,129,0,120,16135,0.9999999999922481,0.518072289154546,0.6825396820864618,0.9926757812499394,0.518072289154546
larger,100000,19,Hough transform baseline,2,2,0,0.9399528301886793,0.8833333333333334,0.9622641509433962,1.0,1.0,0,0,55,0,42,16287,0.9999999999818182,0.5670103092725051,0.7236842100549687,0.997436523437439,0.5670103092725051
larger,100000,20,Hough transform baseline,1,1,0,1.0,1.0,1.0,1.0,1.0,0,0,65,0,0,16319,0.9999999999846153,0.9999999999846153,0.9999999994846154,0.9999999999999389,0.9999999999846153
larger,100000,21,Hough transform baseline,4,12,8,0.3859623563218391,0.6722126436781609,0.2506666666666667,0.0,0.33333333333333337,0,20,317,275,336,15456,0.5354729729720684,0.48545176110185995,0.5092369472915469,0.9627075195311913,0.3415948275858388
larger,100000,22,Hough transform baseline,3,3,0,0.8671944444444445,0.783888888888889,0.8222222222222222,1.0,1.0,0,0,93,17,78,16196,0.8454545454468595,0.5438596491196266,0.6619217077039043,0.9942016601561893,0.4946808510611985
larger,100000,23,Hough transform baseline,1,1,0,1.0,1.0,1.0,1.0,1.0,0,0,43,0,0,16341,0.9999999999767443,0.9999999999767443,0.9999999994767443,0.9999999999999389,0.9999999999767443
larger,100000,24,Hough transform baseline,1,1,0,1.0,1.0,1.0,1.0,1.0,0,0,60,0,0,16324,0.9999999999833334,0.9999999999833334,0.9999999994833335,0.9999999999999389,0.9999999999833334
larger,100000,25,Hough transform baseline,4,4,0,0.8273121929931393,0.7266702977487292,0.7515527950310559,1.0,1.0,0,0,106,38,149,16091,0.7361111111059992,0.4156862745081738,0.5313283203380381,0.9885864257811896,0.361774744026069
larger,100000,26,Hough transform baseline,1,1,0,1.0,1.0,1.0,1.0,1.0,0,0,18,0,0,16366,0.9999999999444444,0.9999999999444444,0.9999999994444444,0.9999999999999389,0.9999999999444444
larger,100000,27,Hough transform baseline,3,3,0,0.974285563305855,0.9539679184574555,0.975,1.0,1.0,0,0,163,0,284,15937,0.9999999999938651,0.36465324384705894,0.534426229114824,0.98266601562494,0.36465324384705894
larger,100000,28,Hough transform baseline,4,4,0,0.9766392441628816,0.9543913857677904,0.9858156028368794,1.0,1.0,0,0,145,0,184,16055,0.9999999999931035,0.4407294832813352,0.6118143455643238,0.9887695312499396,0.4407294832813352
larger,100000,29,Hough transform baseline,1,1,0,1.0,1.0,1.0,1.0,1.0,0,0,15,0,0,16369,0.9999999999333333,0.9999999999333333,0.9999999994333333,0.9999999999999389,0.9999999999333333
larger,100000,30,Hough transform baseline,2,2,0,0.9139772727272727,0.825,0.9636363636363636,1.0,1.0,0,0,57,0,28,16299,0.9999999999824563,0.6705882352862284,0.8028169009165841,0.998291015624939,0.6705882352862284
larger,100000,31,Hough transform baseline,3,5,2,0.5766055612866052,0.8217535153019024,0.7340823970037453,0.0,0.6,0,1,208,32,321,15823,0.8666666666630556,0.39319470699358566,0.5409622882558166,0.9784545898436903,0.37076648841288634
larger,100000,32,Hough transform baseline,4,4,0,0.9480749173476389,0.8979442607725311,0.97,1.0,1.0,0,0,204,0,244,15936,0.9999999999950981,0.45535714285612644,0.6257668707337498,0.9851074218749398,0.45535714285612644
larger,100000,33,Hough transform baseline,3,3,0,0.8859868724090281,0.7918803418803418,0.8982035928143712,1.0,1.0,0,0,146,14,235,15989,0.912499999994297,0.383202099736527,0.5397412195444733,0.9848022460936898,0.36962025316362124
larger,100000,34,Hough transform baseline,3,3,0,0.9564942528735633,0.9144316730523627,0.975,1.0,1.0,0,0,157,0,169,16058,0.9999999999936307,0.4815950920230626,0.6501035192272588,0.9896850585936896,0.4815950920230626
larger,100000,35,Hough transform baseline,1,1,0,1.0,1.0,1.0,1.0,1.0,0,0,45,0,0,16339,0.9999999999777779,0.9999999999777779,0.999999999477778,0.9999999999999389,0.9999999999777779
larger,100000,36,Hough transform baseline,2,2,0,1.0,1.0,1.0,1.0,1.0,1,1,126,0,0,16258,0.9999999999920635,0.9999999999920635,0.9999999994920634,0.9999999999999389,0.9999999999920635
larger,100000,37,Hough transform baseline,1,2,1,0.7910726495726497,0.7835802469135802,0.6923076923076923,1.0,0.5,0,0,63,7,89,16225,0.8999999999871429,0.41447368420779956,0.5675675671306711,0.9941406249999393,0.39622641509184764
larger,100000,38,Hough transform baseline,5,8,3,0.5605404795940728,0.7415787380699893,0.5943775100401607,0.18181818181818182,0.625,2,11,353,88,597,15346,0.800453514737414,0.37157894736802993,0.5075485258063355,0.9581909179686915,0.3400770712906165
larger,100000,39,Hough transform baseline,2,3,1,0.6058184523809523,0.86875,0.7410714285714286,0.0,0.6666666666666667,0,1,89,6,108,16181,0.9368421052532964,0.45177664974389964,0.6095890406527256,0.9930419921874394,0.43842364531803735
larger,100000,40,Hough transform baseline,5,14,9,0.3291478751468053,0.5012236376183065,0.2921174652241113,0.03783783783783783,0.3571428571428571,2,37,334,151,231,15668,0.6886597938130131,0.5911504424768298,0.6361904756921668,0.9766845703124404,0.4664804469267228
larger,100000,41,Hough transform baseline,1,1,0,0.9644444444444444,0.9333333333333333,0.9722222222222222,1.0,1.0,0,0,73,0,142,16169,0.9999999999863013,0.33953488371935103,0.506944444062476,0.9913330078124395,0.33953488371935103
larger,100000,42,Hough transform baseline,1,1,0,0.9192412280701755,0.8283333333333334,0.9824561403508771,1.0,1.0,0,0,51,0,62,16271,0.9999999999803922,0.45132743362432454,0.6219512190760708,0.9962158203124392,0.45132743362432454
larger,100000,43,Hough transform baseline,4,4,0,0.98095266004001,0.9624515503875969,0.989247311827957,1.0,1.0,2,2,281,0,147,15956,0.9999999999964413,0.6565420560732323,0.792665725894434,0.9910278320311895,0.6565420560732323
larger,100000,44,Hough transform baseline,5,7,2,0.7274485232689568,0.8739441195581547,0.8970588235294118,0.3333333333333333,0.7142857142857143,1,3,124,0,135,16125,0.9999999999919355,0.4787644787626303,0.6475195818041707,0.9917602539061895,0.4787644787626303
larger,100000,45,Hough transform baseline,5,5,0,0.8061662477902887,0.8686811278456632,0.9512987012987013,0.5,1.0,1,2,284,6,410,15684,0.9793103448242093,0.4092219020167014,0.5772357719408338,0.9746093749999405,0.4057142857137061
larger,100000,46,Hough transform baseline,5,6,1,0.5834386475593373,0.59985088985089,0.9008620689655172,0.19999999999999998,0.8333333333333334,1,3,161,34,308,15881,0.8256410256367916,0.3432835820888203,0.4849397586198242,0.9791259765624402,0.3200795228621867
larger,100000,47,Hough transform baseline,2,2,0,0.25456709956709955,0.18571428571428572,0.35497835497835495,0.0,1.0,0,1,80,106,151,16047,0.43010752687940806,0.3463203463188471,0.38369304506753155,0.9843139648436899,0.2373887240349039
larger,100000,48,Hough transform baseline,2,2,0,1.0,1.0,1.0,1.0,1.0,0,0,40,0,0,16344,0.9999999999750001,0.9999999999750001,0.9999999994750002,0.9999999999999389,0.9999999999750001
larger,100000,49,Hough transform baseline,4,5,1,0.577421721782647,0.738993710691824,0.8243727598566308,0.0,0.8,0,1,271,11,365,15737,0.9609929077980107,0.42610062893014766,0.5904139429281852,0.9770507812499404,0.4188562596593217
larger,100000,50,Hough transform baseline,4,5,1,0.5674034231167384,0.7767004985754986,0.68944099378882,0.0,0.8,0,2,120,19,263,15982,0.8633093525117748,0.31331592689213233,0.4597701145500139,0.9827880859374399,0.2985074626858246
larger,100000,51,Hough transform baseline,2,2,0,0.7649487734487734,0.4974170274170274,0.9555555555555556,1.0,1.0,0,0,82,1,171,16130,0.9879518072170126,0.3241106719354778,0.48809523772032665,0.9895019531249396,0.32283464566802034
larger,100000,52,Hough transform baseline,3,4,1,0.8232143466234063,0.7451358240376771,0.814516129032258,1.0,0.75,1,1,194,27,237,15926,0.8778280542946705,0.45011600927969814,0.5950920240899215,0.9838867187499399,0.42358078602527605
larger,100000,53,Hough transform baseline,2,2,0,0.8785164505269655,0.7514555660974067,0.9518072289156626,1.0,1.0,0,0,67,0,126,16191,0.9999999999850746,0.34715025906555885,0.515384614998077,0.9923095703124394,0.34715025906555885
larger,100000,54,Hough transform baseline,5,5,0,0.9366168414918415,0.9150925925925926,0.8741258741258742,1.0,1.0,1,1,215,24,91,16054,0.8995815899543951,0.7026143790826712,0.7889908251927346,0.9929809570311894,0.6515151515131773
larger,100000,55,Hough transform baseline,4,5,1,0.4412660256410257,0.6176282051282052,0.41666666666666663,0.0,0.8,0,1,101,69,76,16138,0.5941176470553288,0.5706214689233299,0.5821325643383468,0.9911499023436895,0.4105691056893879
larger,100000,56,Hough transform baseline,4,4,0,0.32625055397277625,0.31256410256410255,0.42798353909465026,0.0,1.0,0,1,49,139,56,16140,0.26063829787095405,0.46666666666222223,0.3344709892989319,0.9880981445311897,0.2008196721303245
larger,100000,57,Hough transform baseline,4,4,0,0.9373057173248238,0.9388309178743961,0.9908256880733946,0.8666666666666667,1.0,3,3,284,0,283,15817,0.9999999999964789,0.5008818342142841,0.6674500583081326,0.98272705078119,0.5008818342142841
larger,100000,58,Hough transform baseline,1,1,0,0.9556034482758621,0.9166666666666666,0.9655172413793104,1.0,1.0,0,0,59,0,114,16211,0.9999999999830509,0.34104046242577435,0.5086206892715146,0.9930419921874394,0.34104046242577435
larger,100000,59,Hough transform baseline,3,4,1,0.7032417582417583,0.7666666666666667,0.7912087912087912,0.5,0.75,1,2,165,19,69,16131,0.896739130429909,0.7051282051251918,0.789473683713903,0.9946289062499393,0.6521739130409006
larger,100000,60,Hough transform baseline,2,2,0,0.965701754385965,0.9385964912280702,0.9666666666666667,1.0,1.0,0,0,62,0,82,16240,0.999999999983871,0.43055555555256564,0.6019417471461966,0.9949951171874393,0.43055555555256564
larger,100000,61,Hough transform baseline,5,6,1,0.6333683213338386,0.8987346497691325,0.7280219780219781,0.0,0.8333333333333334,0,4,290,76,380,15638,0.7923497267737915,0.4328358208948764,0.5598455593875314,0.9721679687499406,0.38873994638017595
larger,100000,62,Hough transform baseline,2,2,0,0.9771939283344393,0.9558080808080808,0.9854014598540146,1.0,1.0,0,0,119,0,134,16131,0.9999999999915966,0.4703557312234373,0.6397849457979968,0.9918212890624394,0.4703557312234373
larger,100000,63,Hough transform baseline,2,2,0,0.9440139700724807,0.885354609929078,0.978021978021978,1.0,1.0,0,0,93,0,189,16102,0.9999999999892473,0.32978723404138377,0.4959999996243627,0.9884643554686896,0.32978723404138377
larger,100000,64,Hough transform baseline,4,5,1,0.4450130400359237,0.5113984869015358,0.6744186046511628,0.0,0.8,0,2,143,2,228,16011,0.9862068965449228,0.38544474393427103,0.5542635654852397,0.9859619140624398,0.3833780160847631
larger,100000,65,Hough transform baseline,3,4,1,0.6136790701128936,0.8001543209876543,0.893048128342246,0.0,0.75,0,2,172,10,274,15928,0.9450549450497525,0.38565022421438194,0.5477707002235587,0.98266601562494,0.3771929824553132
larger,100000,66,Hough transform baseline,5,6,1,0.7652134572181749,0.8155605680868838,0.8601036269430051,0.5714285714285714,0.8333333333333334,4,7,318,67,398,15601,0.8259740259718806,0.4441340782116702,0.5776566752934603,0.9716186523436907,0.40613026819871506
larger,100000,67,Hough transform baseline,5,5,0,0.9777934074230827,0.957618230358505,0.9843260188087775,1.0,1.0,1,1,290,0,421,15673,0.9999999999965518,0.40787623066046713,0.5794205790078653,0.9743041992186905,0.40787623066046713
larger,100000,68,Hough transform baseline,4,5,1,0.6041258887092222,0.7659253983328058,0.8972972972972972,0.0,0.8,0,1,175,1,264,15944,0.9943181818125324,0.398633257402281,0.5691056906464987,0.9838256835936899,0.3977272727263688
larger,100000,69,Hough transform baseline,1,1,0,1.0,1.0,1.0,1.0,1.0,0,0,63,0,0,16321,0.999999999984127,0.999999999984127,0.9999999994841271,0.9999999999999389,0.999999999984127
larger,100000,70,Hough transform baseline,2,3,1,0.4946610458184296,0.724561403508772,0.5097087378640777,0.0,0.6666666666666667,0,1,121,52,225,15986,0.6994219653138762,0.3497109826579488,0.46628130976570475,0.9830932617186899,0.3040201005017487
larger,100000,71,Hough transform baseline,1,1,0,0.922610294117647,0.8541666666666666,0.9411764705882353,1.0,1.0,0,0,35,0,66,16283,0.9999999999714286,0.3465346534619155,0.5147058819631272,0.9959716796874392,0.3465346534619155
larger,100000,72,Hough transform baseline,2,2,0,0.9814242455883889,0.9672131147540984,0.9808917197452229,1.0,1.0,0,0,149,1,91,16143,0.9933333333267111,0.6208333333307465,0.7641025636252727,0.9943847656249393,0.618257261408223
larger,100000,73,Hough transform baseline,5,7,2,0.5592794681942648,0.6378168076274668,0.8166666666666667,0.15,0.7142857142857143,1,4,252,5,429,15698,0.9805447470778967,0.37004405286289277,0.5373134324368388,0.9735107421874406,0.3673469387749747
larger,100000,74,Hough transform baseline,4,4,0,0.7256323257387773,0.8888695557727815,0.7948717948717949,0.26666666666666666,1.0,1,3,240,32,399,15713,0.8823529411732267,0.3755868544595061,0.5268935231804279,0.9736938476561905,0.35767511177293937
larger,100000,75,Hough transform baseline,3,3,0,0.959432956251113,0.9236679396253865,0.9689119170984456,1.0,1.0,1,1,179,2,410,15793,0.9889502762376302,0.30390492359880494,0.4649350645742385,0.9748535156249405,0.3028764805409427
larger,100000,76,Hough transform baseline,3,5,2,0.5645257092198581,0.8162037037037037,0.6861702127659575,0.0,0.6,0,1,164,24,216,15980,0.8723404255272749,0.4315789473672853,0.5774647882874925,0.9853515624999398,0.40594059405840116
larger,100000,77,Hough transform baseline,5,5,0,0.9549017930727254,0.9089141824751582,0.9794520547945206,1.0,1.0,1,1,296,0,354,15734,0.9999999999966217,0.4553846153839148,0.6257928114080159,0.9783935546874403,0.4553846153839148
larger,100000,78,Hough transform baseline,3,4,1,0.5743667953667954,0.8279579579579579,0.6339285714285714,0.0,0.75,0,1,96,0,60,16228,0.9999999999895833,0.6153846153806707,0.7619047614270598,0.9963378906249392,0.6153846153806707
larger,100000,79,Hough transform baseline,5,5,0,0.9838650415818896,0.9672744273024777,0.9929577464788732,1.0,1.0,2,2,270,0,64,16050,0.9999999999962963,0.8083832335305139,0.8940397346019912,0.9960937499999392,0.8083832335305139
larger,100000,80,Hough transform baseline,2,2,0,1.0,1.0,1.0,1.0,1.0,0,0,37,0,0,16347,0.9999999999729731,0.9999999999729731,0.9999999994729731,0.9999999999999389,0.9999999999729731
larger,100000,81,Hough transform baseline,2,2,0,1.0,1.0,1.0,1.0,1.0,0,0,78,0,0,16306,0.9999999999871795,0.9999999999871795,0.9999999994871795,0.9999999999999389,0.9999999999871795
larger,100000,82,Hough transform baseline,3,3,0,0.9716086811313802,0.9478821171918188,0.9753086419753086,1.0,1.0,1,1,153,1,110,16120,0.9935064935000423,0.5817490494274459,0.7338129491709309,0.9932250976561894,0.5795454545432593
larger,100000,83,Hough transform baseline,3,4,1,0.9263986013986014,0.9197746697746697,0.9375,1.0,0.75,0,0,173,1,204,16006,0.9942528735575044,0.4588859416433451,0.627949182868673,0.9874877929686897,0.4576719576707469
larger,100000,84,Hough transform baseline,1,1,0,0.9605128205128205,0.9259259259259259,0.9692307692307692,1.0,1.0,0,0,66,0,132,16186,0.9999999999848485,0.33333333333164983,0.4999999996212121,0.9919433593749394,0.33333333333164983
larger,100000,85,Hough transform baseline,5,9,4,0.368552614379085,0.523,0.388235294117647,0.0,0.5555555555555556,0,8,195,161,192,15836,0.5477528089872254,0.5038759689909461,0.5248990573729433,0.9784545898436903,0.35583941605774483
larger,100000,86,Hough transform baseline,1,1,0,1.0,1.0,1.0,1.0,1.0,0,0,37,0,0,16347,0.9999999999729731,0.9999999999729731,0.9999999994729731,0.9999999999999389,0.9999999999729731
larger,100000,87,Hough transform baseline,5,8,3,0.5746272727272728,0.7163434343434344,0.6363636363636364,0.25,0.625,1,4,254,89,296,15745,0.740524781338949,0.46181818181734213,0.5688689804886382,0.9765014648436904,0.39749608763631067
larger,100000,88,Hough transform baseline,4,4,0,0.5349793998571089,0.6229411764705882,0.7732793522267206,0.0,1.0,0,1,166,70,172,15976,0.7033898305054942,0.4911242603535766,0.5783972120573274,0.9852294921874398,0.406862745097042
larger,100000,89,Hough transform baseline,1,2,1,0.8965601965601966,0.9292929292929293,0.8918918918918919,1.0,0.5,0,0,76,0,131,16177,0.9999999999868421,0.3671497584523326,0.5371024731015744,0.9920043945311894,0.3671497584523326
larger,100000,90,Hough transform baseline,3,3,0,0.9526861471861471,0.9064021164021163,0.974025974025974,1.0,1.0,0,0,157,0,274,15953,0.9999999999936307,0.36426914153047735,0.5340136050489321,0.9832763671874399,0.36426914153047735
larger,100000,91,Hough transform baseline,5,5,0,0.7327877736563273,0.7852110186823568,0.9472140762463344,0.36,1.0,2,5,260,35,434,15655,0.8813559322004022,0.37463976945190974,0.5257836193983157,0.9713745117186907,0.3566529492450526
larger,100000,92,Hough transform baseline,2,2,0,0.988507866273353,0.9783950617283951,0.9911504424778761,1.0,1.0,1,1,227,0,216,15941,0.9999999999955947,0.5124153498859765,0.6776119398484518,0.9868164062499397,0.5124153498859765
larger,100000,93,Hough transform baseline,3,4,1,0.5533565088757397,0.7526923076923077,0.6982248520710059,0.0,0.75,0,1,134,2,137,16111,0.9852941176398141,0.4944649446476219,0.6584766580284336,0.9915161132811895,0.4908424908406929
larger,100000,94,Hough transform baseline,4,4,0,0.4992615165474603,0.5386937810643715,0.7842465753424658,0.0,1.0,0,1,221,55,396,15712,0.8007246376782583,0.35818476499131574,0.49496080584279617,0.9724731445311906,0.32886904761855823
larger,100000,95,Hough transform baseline,5,5,0,0.9811486486486486,0.9611111111111111,0.9932432432432432,1.0,1.0,4,4,297,0,48,16039,0.999999999996633,0.8608695652148961,0.9252336443597257,0.9970703124999392,0.8608695652148961
larger,100000,96,Hough transform baseline,2,2,0,0.9483022270398108,0.8954519774011299,0.9767441860465116,1.0,1.0,0,0,88,0,124,16172,0.9999999999886363,0.41509433962068354,0.5866666662481778,0.9924316406249394,0.41509433962068354
larger,100000,97,Hough transform baseline,2,2,0,0.9621924425652274,0.9269121674491393,0.9754098360655737,1.0,1.0,0,0,102,1,202,16079,0.9902912621263078,0.33552631578837,0.5012285008479859,0.9876098632811897,0.33442622950710027
larger,100000,98,Hough transform baseline,2,2,0,0.9166386324212411,0.933871635610766,0.9819819819819819,0.8,1.0,1,1,106,0,63,16215,0.999999999990566,0.6272189349075313,0.7709090904297258,0.9961547851561892,0.6272189349075313
larger,100000,99,Hough transform baseline,1,1,0,0.5799285714285715,0.12999999999999998,0.8571428571428572,1.0,1.0,0,0,16,1,58,16309,0.941176470532872,0.21621621621329437,0.35164835133679506,0.9963989257811892,0.21333333333048887
larger,100000,100,Hough transform baseline,5,5,0,0.8209005516624422,0.9339181286549707,0.8781869688385269,0.5,1.0,1,2,290,34,185,15875,0.8950617283922992,0.6105263157881884,0.7259073837463287,0.9866333007811897,0.5697445972483896
larger,100000,101,Hough transform baseline,5,6,1,0.8056285074890289,0.8668887778333056,0.9824046920821115,0.5428571428571428,0.8333333333333334,4,7,284,11,472,15617,0.9627118644035163,0.37566137566087876,0.5404376779966921,0.9705200195311907,0.3702737940021248
larger,100000,102,Hough transform baseline,2,2,0,0.8548117283950617,0.6883333333333334,0.9753086419753086,1.0,1.0,0,0,83,0,46,16255,0.9999999999879517,0.6434108527081907,0.7830188674406816,0.9971923828124392,0.6434108527081907
larger,100000,103,Hough transform baseline,3,3,0,0.9280980698144594,0.8573119500150381,0.9615384615384616,1.0,1.0,0,0,159,0,310,15915,0.9999999999937108,0.33901918976473555,0.5063694263718153,0.98107910156244,0.33901918976473555
larger,100000,104,Hough transform baseline,4,7,3,0.5985418719211824,0.8177777777777777,0.8669950738916257,0.0,0.5714285714285714,0,3,196,5,267,15916,0.9751243781046014,0.423326133908373,0.5903614453592003,0.9833984374999399,0.4188034188025239
larger,100000,105,Hough transform baseline,2,2,0,0.9669498381877023,0.9351851851851851,0.9805825242718447,1.0,1.0,0,0,105,0,78,16201,0.9999999999904762,0.5737704918001434,0.7291666661982784,0.9952392578124393,0.5737704918001434
larger,100000,106,Hough transform baseline,2,3,1,0.8780344386258288,0.8532810391363023,0.8869565217391304,1.0,0.6666666666666667,0,0,84,2,278,16020,0.9767441860351541,0.23204419889438663,0.37499999968809794,0.9829101562499399,0.2307692307685968
larger,100000,107,Hough transform baseline,3,3,0,0.842685598377282,0.7863601532567049,0.6941176470588235,1.0,1.0,0,0,124,49,249,15962,0.7167630057762038,0.3324396782832911,0.45421245377787844,0.98181152343744,0.2938388625585454
larger,100000,108,Hough transform baseline,5,7,2,0.6324010433499421,0.7605297227316862,0.7811704834605597,0.25,0.7142857142857143,1,4,320,53,280,15731,0.8579088471826866,0.5333333333324445,0.6577595062062322,0.9796752929686902,0.49004594180629396
larger,100000,109,Hough transform baseline,1,1,0,0.9571264367816091,0.9195402298850575,0.9666666666666667,1.0,1.0,0,0,61,0,118,16205,0.9999999999836067,0.34078212290312415,0.5083333329499653,0.9927978515624394,0.34078212290312415
larger,100000,110,Hough transform baseline,1,2,1,0.8667477592829707,0.9151515151515153,0.7746478873239436,1.0,0.5,0,0,73,0,101,16210,0.9999999999863013,0.41954022988264633,0.591093116987723,0.9938354492186893,0.41954022988264633
larger,100000,111,Hough transform baseline,4,4,0,0.842774891217222,0.9283886471493822,1.0,0.5,1.0,2,1,206,0,255,15923,0.9999999999951457,0.4468546637734342,0.6176911539940165,0.9844360351561899,0.4468546637734342
larger,100000,112,Hough transform baseline,2,2,0,0.9479166666666667,0.9027777777777779,0.9583333333333334,1.0,1.0,0,0,50,0,50,16284,0.9999999999800001,0.499999999995,0.6666666662133334,0.9969482421874392,0.499999999995
larger,100000,113,Hough transform baseline,5,8,3,0.5895009532808146,0.7196680226091992,0.6943231441048034,0.2571428571428572,0.625,2,7,349,83,657,15295,0.8078703703685003,0.3469184890652615,0.48539638344547265,0.9548339843749417,0.32047750229538985
larger,100000,114,Hough transform baseline,1,1,0,1.0,1.0,1.0,1.0,1.0,0,0,30,0,0,16354,0.9999999999666667,0.9999999999666667,0.9999999994666666,0.9999999999999389,0.9999999999666667
larger,100000,115,Hough transform baseline,2,2,0,0.95127626344622,0.908185935230283,0.962962962962963,1.0,1.0,0,0,96,2,382,15904,0.979591836724698,0.20083682008326184,0.3333333330497926,0.9765624999999404,0.19999999999958334
larger,100000,116,Hough transform baseline,4,4,0,0.9884788229500123,0.9811827956989247,0.9847328244274809,1.0,1.0,0,0,135,0,130,16119,0.9999999999925927,0.5094339622622286,0.6749999995494376,0.9920654296874394,0.5094339622622286
larger,100000,117,Hough transform baseline,1,1,0,1.0,1.0,1.0,1.0,1.0,0,0,17,0,0,16367,0.9999999999411765,0.9999999999411765,0.9999999994411766,0.9999999999999389,0.9999999999411765
larger,100000,118,Hough transform baseline,3,4,1,0.8098184912081678,0.7304909560723514,0.7804878048780488,1.0,0.75,0,0,157,11,204,16012,0.934523809518247,0.43490304709020805,0.5935727783922871,0.9868774414061897,0.42204301075155365
larger,100000,119,Hough transform baseline,4,7,3,0.5742678571428572,0.8227777777777778,0.734375,0.0,0.5714285714285714,0,4,153,17,190,16024,0.8999999999947059,0.4460641399403905,0.5964912276247126,0.9873657226561897,0.42499999999881943
larger,100000,120,Hough transform baseline,5,6,1,0.7714380754380755,0.8394594594594594,0.9267399267399268,0.5,0.8333333333333334,2,2,245,16,135,15988,0.9386973180040663,0.6447368421035665,0.7644305767379361,0.9907836914061895,0.6186868686853063
larger,100000,121,Hough transform baseline,3,6,3,0.5507798489853706,0.7038461538461539,0.9202453987730062,0.0,0.5,1,3,162,0,156,16066,0.9999999999938273,0.509433962262549,0.67499999955,0.9904785156249395,0.509433962262549
larger,100000,122,Hough transform baseline,1,1,0,1.0,1.0,1.0,1.0,1.0,0,0,20,0,0,16364,0.99999999995,0.99999999995,0.99999999945,0.9999999999999389,0.99999999995
larger,100000,123,Hough transform baseline,5,8,3,0.6494615347018573,0.8348249158249158,0.8064516129032258,0.2,0.625,1,4,326,45,416,15597,0.878706199458548,0.4393530997298661,0.5858041325284471,0.9718627929686906,0.41423125794102383
larger,100000,124,Hough transform baseline,2,3,1,0.7860022457299221,0.665015197568389,0.8503937007874016,1.0,0.6666666666666667,0,0,128,0,199,16057,0.9999999999921876,0.3914373088673045,0.5626373622305326,0.9878540039061897,0.3914373088673045
larger,100000,125,Hough transform baseline,2,2,0,0.9606346483704974,0.9292929292929293,0.9622641509433962,1.0,1.0,0,0,55,0,72,16257,0.9999999999818182,0.43307086613832224,0.6043956039672141,0.9956054687499392,0.43307086613832224
larger,100000,126,Hough transform baseline,1,1,0,1.0,1.0,1.0,1.0,1.0,0,0,21,0,0,16363,0.999999999952381,0.999999999952381,0.9999999994523809,0.9999999999999389,0.999999999952381
larger,100000,127,Hough transform baseline,2,2,0,0.9616319444444444,0.9270833333333333,0.9722222222222222,1.0,1.0,0,0,65,0,82,16237,0.9999999999846153,0.44217687074529133,0.6132075467388304,0.9949951171874393,0.44217687074529133
larger,100000,128,Hough transform baseline,3,3,0,0.9659245514106952,0.9333010335917312,0.9796954314720813,1.0,1.0,2,2,198,0,236,15950,0.9999999999949496,0.45622119815563084,0.6265822780487502,0.9855957031249398,0.45622119815563084
larger,100000,129,Hough transform baseline,5,5,0,0.6880013698630137,0.8926666666666666,0.9315068493150684,0.0,1.0,0,1,213,10,184,15977,0.9551569506683626,0.5365239294696813,0.6870967737307129,0.9881591796874397,0.5233415233402375
larger,100000,130,Hough transform baseline,4,7,3,0.5388460311780862,0.7588583428789615,0.5010845986984815,0.16,0.5714285714285714,1,5,228,190,408,15558,0.5454545454532406,0.35849056603717216,0.4326375706780639,0.9635009765624412,0.27602905568973846
larger,100000,131,Hough transform baseline,2,2,0,0.9410261131570138,0.8862068965517242,0.9611650485436893,1.0,1.0,0,0,105,0,206,16073,0.9999999999904762,0.3376205787770495,0.5048076919278731,0.9874267578124397,0.3376205787770495
larger,100000,132,Hough transform baseline,3,3,0,0.9613554571414998,0.92815832581152,0.968421052631579,1.0,1.0,0,0,93,1,142,16148,0.9893617021171344,0.3957446808493798,0.5653495436613483,0.9912719726561895,0.3940677966084997
larger,100000,133,Hough transform baseline,3,3,0,0.7065511163337251,0.9154589371980677,0.972972972972973,0.0,1.0,0,1,113,0,52,16219,0.9999999999911504,0.6848484848443342,0.812949639799415,0.9968261718749392,0.6848484848443342
larger,100000,134,Hough transform baseline,4,5,1,0.6356335865416929,0.8612410426017797,0.8403755868544601,0.0,0.8,0,1,204,1,216,15963,0.995121951214658,0.48571428571312925,0.652799999557079,0.9867553710936897,0.48456057007010794
larger,100000,135,Hough transform baseline,3,3,0,0.9730697407167995,0.9472096530920061,0.9841269841269842,1.0,1.0,0,0,120,0,116,16148,0.9999999999916667,0.5084745762690319,0.6741573029200858,0.9929199218749394,0.5084745762690319
larger,100000,136,Hough transform baseline,4,4,0,0.8144768893387314,0.7478703703703704,0.6396761133603239,1.0,1.0,0,0,182,69,148,15985,0.7250996015907367,0.5515151515134803,0.6265060236034731,0.9867553710936897,0.45614035087604976
larger,100000,137,Hough transform baseline,1,1,0,0.9156431334622824,0.8409090909090909,0.9361702127659575,1.0,1.0,0,0,32,2,132,16218,0.9411764705605538,0.19512195121832243,0.32323232294459747,0.9918212890624394,0.19277108433618814
larger,100000,138,Hough transform baseline,4,4,0,0.8244467646765594,0.9448195251937985,0.9963898916967509,0.4,1.0,2,1,279,0,305,15800,0.9999999999964158,0.4777397260265792,0.646581691333839,0.98138427734369,0.4777397260265792
larger,100000,139,Hough transform baseline,3,3,0,0.898223396721186,0.896484893146647,0.974025974025974,0.8,1.0,1,1,156,0,210,16018,0.9999999999935898,0.42622950819555677,0.5977011490039196,0.9871826171874397,0.42622950819555677
larger,100000,140,Hough transform baseline,1,1,0,0.9628596149686351,0.9303482587064676,0.9710144927536232,1.0,1.0,0,0,70,0,136,16178,0.9999999999857142,0.33980582524106895,0.5072463764293216,0.9916992187499395,0.33980582524106895
larger,100000,141,Hough transform baseline,5,5,0,0.6953546874570304,0.9090670614513531,0.9313725490196079,0.0,1.0,0,1,180,8,278,15918,0.9574468085055455,0.3930131004358231,0.5572755413812841,0.98254394531244,0.38626609441977194
larger,100000,142,Hough transform baseline,5,5,0,0.7919045969353764,0.5521856540084388,0.9671052631578947,1.0,1.0,0,0,277,21,356,15730,0.9295302013391626,0.43759873617624395,0.5950590758255436,0.9769897460936904,0.4235474006109732
larger,100000,143,Hough transform baseline,5,7,2,0.7882207614876259,0.8736523142453462,0.8682432432432432,0.6,0.7142857142857143,3,3,240,11,317,15816,0.9561752988009714,0.4308797127460846,0.5940594055108354,0.9799804687499402,0.4225352112668617
larger,100000,144,Hough transform baseline,5,5,0,0.7384666666666666,0.8651111111111112,0.7458333333333333,0.4,1.0,1,2,187,56,130,16011,0.7695473250997138,0.5899053627741644,0.6678571423634886,0.9886474609374396,0.5013404825723825
larger,100000,145,Hough transform baseline,2,2,0,0.9574413863404688,0.9135802469135802,0.981651376146789,1.0,1.0,0,0,111,0,56,16217,0.999999999990991,0.6646706586786547,0.7985611505936805,0.9965820312499392,0.6646706586786547
larger,100000,146,Hough transform baseline,3,3,0,0.7946616721401204,0.8433641975308642,0.9507389162561576,0.5,1.0,1,2,189,5,180,16010,0.9742268041186896,0.5121951219498314,0.6714031967040057,0.9887084960936896,0.5053475935815365
larger,100000,147,Hough transform baseline,1,1,0,1.0,1.0,1.0,1.0,1.0,0,0,29,0,56,16299,0.9999999999655173,0.34117647058422146,0.5087719294362881,0.9965820312499392,0.34117647058422146
larger,100000,148,Hough transform baseline,4,5,1,0.5896646341463416,0.7694444444444444,0.8170731707317074,0.0,0.8,0,1,205,7,121,16051,0.9669811320709105,0.628834355826292,0.7620817839062339,0.9921874999999394,0.615615615613767
larger,100000,149,Hough transform baseline,3,3,0,0.9256783625730994,0.8441975308641976,0.9789473684210527,1.0,1.0,0,0,193,0,248,15943,0.9999999999948187,0.4376417233550167,0.6088328071455632,0.9848632812499398,0.4376417233550167
larger,100000,150,Hough transform baseline,2,4,2,0.49453385214007783,0.808,0.4046692607003891,0.0,0.5,0,4,133,81,175,15995,0.6214953270998996,0.43181818181677983,0.5095785435755641,0.9843749999999399,0.34190231362379975
larger,100000,151,Hough transform baseline,3,4,1,0.705923979864576,0.815096766848816,0.6956521739130435,0.5,0.75,1,2,241,27,217,15899,0.8992537313399281,0.5262008733612965,0.6639118452624441,0.9851074218749398,0.4969072164938208
larger,100000,152,Hough transform baseline,1,2,1,0.35069745845552297,0.45946236559139786,0.4696969696969697,0.0,0.5,0,1,52,0,50,16282,0.9999999999807693,0.5098039215636293,0.6753246748686118,0.9969482421874392,0.5098039215636293
larger,100000,153,Hough transform baseline,4,4,0,0.9421856898260302,0.882978508891751,0.9742268041237113,1.0,1.0,0,0,193,1,254,15936,0.9948453608196143,0.43176733780664034,0.602184086939508,0.9844360351561899,0.43080357142760983
larger,100000,154,Hough transform baseline,4,6,2,0.6089992417830441,0.8438725490196077,0.8129496402877698,0.0,0.6666666666666667,0,3,127,14,70,16173,0.9007092198517681,0.6446700507581489,0.7514792894501068,0.9948730468749393,0.6018957345943038
larger,100000,155,Hough transform baseline,2,4,2,0.8525839311334291,0.8837908496732026,0.774390243902439,1.0,0.5,0,0,168,0,231,15985,0.9999999999940477,0.42105263157789213,0.5925925921734927,0.9859008789061898,0.42105263157789213
larger,100000,156,Hough transform baseline,2,2,0,1.0,1.0,1.0,1.0,1.0,0,0,84,0,15,16285,0.9999999999880952,0.8484848484762779,0.9180327863785721,0.999084472656189,0.8484848484762779
larger,100000,157,Hough transform baseline,5,6,1,0.7272163379621921,0.7427232675161853,0.9232876712328767,0.5,0.8333333333333334,3,4,343,11,307,15723,0.9689265536695794,0.5276923076914959,0.683266931813015,0.9805908203124402,0.5189107413002739
larger,100000,158,Hough transform baseline,4,4,0,0.8477399497487437,0.8883333333333333,0.9899497487437185,0.6,1.0,1,1,202,0,54,16128,0.9999999999950495,0.7890624999969178,0.8820960693720944,0.9967041015624392,0.7890624999969178
larger,100000,159,Hough transform baseline,3,4,1,0.5555532776971457,0.7492378917378918,0.7169811320754718,0.0,0.75,0,1,129,19,177,16059,0.8716216216157323,0.4215686274496027,0.5682819378840458,0.9880371093749397,0.39692307692185563
larger,100000,160,Hough transform baseline,5,5,0,0.9474128440366972,0.8933333333333333,0.9770642201834863,1.0,1.0,0,0,204,0,293,15887,0.9999999999950981,0.4104627766591339,0.5820256771891144,0.98211669921869,0.4104627766591339
larger,100000,161,Hough transform baseline,2,2,0,0.9857210897313774,0.9731800766283525,0.988950276243094,1.0,1.0,0,0,183,0,180,16021,0.9999999999945356,0.5041322314035699,0.6703296698815562,0.9890136718749396,0.5041322314035699
larger,100000,162,Hough transform baseline,2,2,0,0.9560036231884058,0.9096376811594202,0.9833333333333333,1.0,1.0,0,0,122,0,190,16072,0.9999999999918032,0.39102564102438775,0.5622119811600585,0.9884033203124396,0.39102564102438775
larger,100000,163,Hough transform baseline,2,2,0,0.9663609307359308,0.9337121212121212,0.9809523809523809,1.0,1.0,0,0,90,0,174,16120,0.9999999999888889,0.3409090909077996,0.5084745758891123,0.9893798828124396,0.3409090909077996
larger,100000,164,Hough transform baseline,1,1,0,1.0,1.0,1.0,1.0,1.0,0,0,80,0,0,16304,0.9999999999875,0.9999999999875,0.9999999994875,0.9999999999999389,0.9999999999875
larger,100000,165,Hough transform baseline,1,1,0,1.0,1.0,1.0,1.0,1.0,0,0,23,0,0,16361,0.9999999999565218,0.9999999999565218,0.9999999994565218,0.9999999999999389,0.9999999999565218
larger,100000,166,Hough transform baseline,3,3,0,0.9455316742081448,0.8952991452991453,0.9632352941176471,1.0,1.0,0,0,131,2,180,16071,0.984962406007632,0.4212218649504141,0.5900900896677927,0.9888916015624396,0.4185303514363625
larger,100000,167,Hough transform baseline,5,6,1,0.7557717476883988,0.8929273252058737,0.817391304347826,0.42857142857142855,0.8333333333333334,3,7,301,1,350,15732,0.996688741718554,0.46236559139713923,0.6316894014545023,0.9785766601561903,0.46165644171708337
larger,100000,168,Hough transform baseline,1,1,0,0.9460144927536231,0.8985507246376812,0.9583333333333334,1.0,1.0,0,0,42,1,70,16271,0.9767441860237968,0.3749999999966518,0.5419354834630593,0.9956665039061892,0.3716814159259143
larger,100000,169,Hough transform baseline,3,3,0,0.6154762311901505,0.8312908496732027,0.7069767441860465,0.0,1.0,0,1,155,57,135,16037,0.7311320754682494,0.5344827586188466,0.6175298799876986,0.9882812499999396,0.4466858789612488
larger,100000,170,Hough transform baseline,5,5,0,0.8988529014844804,0.967251461988304,0.9846153846153847,0.6666666666666666,1.0,2,3,261,1,114,16008,0.9961832061030681,0.695999999998144,0.819466247550838,0.9929809570311894,0.6941489361683666
larger,100000,171,Hough transform baseline,3,3,0,0.9543374157620226,0.9149884959320667,0.962962962962963,1.0,1.0,0,0,104,0,166,16114,0.9999999999903846,0.3851851851837586,0.5561497322158483,0.9898681640624396,0.3851851851837586
larger,100000,172,Hough transform baseline,4,6,2,0.46684491400916084,0.7155172413793103,0.39097744360902253,0.0,0.6666666666666667,0,6,129,78,190,15987,0.623188405794091,0.40438871473227467,0.4904942960987508,0.9836425781249399,0.32493702770699007
larger,100000,173,Hough transform baseline,2,3,1,0.3580936843742708,0.40299888517279825,0.5503875968992248,0.0,0.6666666666666667,0,1,90,26,128,16140,0.7758620689588287,0.41284403669535397,0.5389221552320269,0.9906005859374395,0.3688524590148818
larger,100000,174,Hough transform baseline,2,3,1,0.460801282051282,0.5083333333333333,0.8269230769230769,0.0,0.6666666666666667,0,1,100,0,24,16260,0.99999999999,0.8064516128967222,0.8928571423549105,0.998535156249939,0.8064516128967222
larger,100000,175,Hough transform baseline,5,6,1,0.5358292195932804,0.6647289124717305,0.766839378238342,0.0,0.8333333333333334,0,2,175,3,203,16003,0.9831460674102072,0.4629629629617382,0.6294964024401299,0.9874267578124397,0.4593175853006317
larger,100000,176,Hough transform baseline,2,2,0,0.9804067895815043,0.9651741293532339,0.9803921568627451,1.0,1.0,0,0,104,0,136,16144,0.9999999999903846,0.4333333333315278,0.6046511623653326,0.9916992187499395,0.4333333333315278
larger,100000,177,Hough transform baseline,2,2,0,0.9829448329448329,0.9696969696969697,0.9829059829059829,1.0,1.0,0,0,119,0,156,16109,0.9999999999915966,0.43272727272569916,0.6040609132809013,0.9904785156249395,0.43272727272569916
larger,100000,178,Hough transform baseline,3,3,0,0.9867795005326074,0.9780907668231612,0.9831932773109243,1.0,1.0,0,0,122,0,144,16118,0.9999999999918032,0.4586466165396292,0.6288659789470719,0.9912109374999395,0.4586466165396292
larger,100000,179,Hough transform baseline,4,4,0,0.5975962486308872,0.7202272727272727,0.8674698795180723,0.0,1.0,0,1,224,28,414,15718,0.8888888888853615,0.3510971786828353,0.503370786109774,0.9730224609374406,0.3363363363358313
larger,100000,180,Hough transform baseline,5,5,0,0.5317488120087045,0.5849099692577954,0.5093632958801498,0.26666666666666666,1.0,1,3,143,97,176,15968,0.5958333333308508,0.44827586206756026,0.5116279064848999,0.9833374023436899,0.34374999999917366
larger,100000,181,Hough transform baseline,1,1,0,1.0,1.0,1.0,1.0,1.0,0,0,27,0,0,16357,0.999999999962963,0.999999999962963,0.9999999994629629,0.9999999999999389,0.999999999962963
larger,100000,182,Hough transform baseline,5,5,0,0.7307885460495558,0.7608921095008051,0.9419354838709677,0.4,1.0,2,1,289,7,496,15592,0.976351351348053,0.36815286624156923,0.5346901013589568,0.9692993164061908,0.36489898989852915
larger,100000,183,Hough transform baseline,4,5,1,0.6140743146773273,0.7920098039215687,0.8883495145631068,0.0,0.8,0,1,207,0,312,15865,0.9999999999951691,0.3988439306350697,0.57024793347507,0.98095703124994,0.3988439306350697
larger,100000,184,Hough transform baseline,2,3,1,0.8816361236802415,0.8567948717948719,0.8970588235294118,1.0,0.6666666666666667,0,0,139,0,241,16004,0.9999999999928059,0.36578947368324793,0.5356454716674054,0.9852905273436898,0.36578947368324793
larger,100000,185,Hough transform baseline,4,4,0,0.9454212037962038,0.8933658008658009,0.967032967032967,1.0,1.0,0,0,186,0,302,15896,0.9999999999946237,0.38114754098282555,0.5519287829815355,0.98156738281244,0.38114754098282555
larger,100000,186,Hough transform baseline,3,3,0,0.9654835847382431,0.9323671497584541,0.9795918367346939,1.0,1.0,0,0,101,0,52,16231,0.9999999999900989,0.6601307189499338,0.7952755900658751,0.9968261718749392,0.6601307189499338
larger,100000,187,Hough transform baseline,5,7,2,0.8745044864695695,0.9261259928887904,0.9315960912052117,0.8,0.7142857142857143,4,5,307,0,328,15749,0.9999999999967427,0.48346456692837253,0.6518046704721873,0.9799804687499402,0.48346456692837253
larger,100000,188,Hough transform baseline,2,2,0,0.9569745251198295,0.9179586563307494,0.9694656488549618,1.0,1.0,1,1,132,0,250,16002,0.9999999999924243,0.3455497382189907,0.5136186766590864,0.9847412109374398,0.3455497382189907
larger,100000,189,Hough transform baseline,3,3,0,0.9140620731015424,0.823743532572964,0.9668874172185431,1.0,1.0,1,1,144,2,153,16085,0.9863013698562583,0.4848484848468524,0.6501128663723128,0.9905395507811895,0.48160535116895786
larger,100000,190,Hough transform baseline,2,2,0,0.9659049616028144,0.9351398601398602,0.9754601226993865,1.0,1.0,0,0,165,0,322,15897,0.9999999999939394,0.33880903490690184,0.5061349689455522,0.9803466796874402,0.33880903490690184
larger,100000,191,Hough transform baseline,4,4,0,0.9743579478594219,0.9492774428174945,0.9859154929577465,1.0,1.0,1,1,261,0,332,15791,0.9999999999961686,0.44013490725052257,0.6112412173727301,0.9797363281249402,0.44013490725052257
larger,100000,192,Hough transform baseline,4,5,1,0.9116085043988269,0.910241120886282,0.86,1.0,0.8,0,0,187,7,305,15885,0.9639175257682273,0.3800813008122356,0.545189503965941,0.98095703124994,0.374749498997245
larger,100000,193,Hough transform baseline,1,1,0,0.8139285714285714,0.65,0.8571428571428572,1.0,1.0,0,0,15,0,30,16339,0.9999999999333333,0.33333333332592596,0.4999999996083333,0.998168945312439,0.33333333332592596
larger,100000,194,Hough transform baseline,1,1,0,1.0,1.0,1.0,1.0,1.0,0,0,68,0,0,16316,0.9999999999852941,0.9999999999852941,0.9999999994852942,0.9999999999999389,0.9999999999852941
larger,100000,195,Hough transform baseline,4,4,0,0.97205845323741,0.9475,0.9784172661870504,1.0,1.0,1,1,120,0,144,16120,0.9999999999916667,0.4545454545437328,0.6249999995670573,0.9912109374999395,0.4545454545437328
larger,100000,196,Hough transform baseline,4,5,1,0.640231886657102,0.8740447154471545,0.8345588235294118,0.0,0.8,0,1,255,0,66,16063,0.9999999999960785,0.7943925233620113,0.8854166661701569,0.9959716796874392,0.7943925233620113
larger,100000,197,Hough transform baseline,2,2,0,0.9587997476568133,0.9145321637426901,0.9863013698630136,1.0,1.0,0,0,129,0,157,16098,0.9999999999922481,0.45104895104737397,0.6216867465565162,0.9904174804686895,0.45104895104737397
larger,100000,198,Hough transform baseline,3,3,0,0.6512551663435363,0.7883643072741352,0.9824561403508771,0.0,1.0,1,2,219,2,188,15975,0.99095022623986,0.538083538082216,0.6974522288410027,0.9884033203124396,0.5354523227370771
larger,100000,199,Hough transform baseline,1,1,0,1.0,1.0,1.0,1.0,1.0,0,0,73,0,0,16311,0.9999999999863013,0.9999999999863013,0.9999999994863014,0.9999999999999389,0.9999999999863013
larger,100000,200,Hough transform baseline,5,5,0,0.679275974025974,0.6783333333333332,0.8701298701298701,0.4,1.0,1,2,174,15,243,15952,0.9206349206300496,0.4172661870493591,0.5742574253114564,0.9842529296874399,0.4027777777768454
larger,100000,201,Hough transform baseline,4,6,2,0.6053369639851075,0.779431177860744,0.73963133640553,0.16,0.6666666666666667,1,5,371,19,445,15549,0.9512820512796121,0.45465686274454087,0.6152570476542357,0.9716796874999407,0.4443113772449769
larger,100000,202,Hough transform baseline,4,7,3,0.5951934035909446,0.7024074074074074,0.6098360655737705,0.4,0.5714285714285714,1,2,212,62,390,15720,0.7737226277344025,0.3521594684379532,0.48401826440917617,0.9724121093749406,0.31927710843325413
larger,100000,203,Hough transform baseline,1,1,0,0.9182041070050587,0.826386292834891,0.981651376146789,1.0,1.0,0,0,79,0,154,16151,0.9999999999873417,0.33905579398996116,0.5064102560288255,0.9906005859374395,0.33905579398996116
larger,100000,204,Hough transform baseline,1,1,0,0.9091639815880322,0.8093939393939393,0.9746835443037974,1.0,1.0,0,0,80,0,160,16144,0.9999999999875,0.3333333333319445,0.49999999962187497,0.9902343749999395,0.3333333333319445
larger,100000,205,Hough transform baseline,3,3,0,0.9533440773569701,0.9084967320261438,0.9726027397260274,1.0,1.0,0,0,76,0,40,16268,0.9999999999868421,0.6551724137874554,0.7916666661801216,0.997558593749939,0.6551724137874554
larger,100000,206,Hough transform baseline,5,5,0,0.9113589773339149,0.920739900064627,0.9851301115241635,0.8,1.0,1,1,238,0,221,15925,0.9999999999957984,0.5185185185173888,0.6829268288166007,0.9865112304686897,0.5185185185173888
larger,100000,207,Hough transform baseline,2,2,0,0.6775099067599067,0.3289393939393939,0.8974358974358975,1.0,1.0,0,0,41,0,82,16261,0.9999999999756098,0.3333333333306233,0.49999999961890246,0.9949951171874393,0.3333333333306233
larger,100000,208,Hough transform baseline,1,1,0,0.972918593894542,0.9492753623188406,0.9787234042553191,1.0,1.0,0,0,95,0,186,16103,0.9999999999894736,0.3380782918137435,0.5053191485558369,0.9886474609374396,0.3380782918137435
larger,100000,209,Hough transform baseline,3,4,1,0.5615439706862093,0.7014619883040936,0.8544303797468354,0.0,0.75,0,1,152,0,32,16200,0.9999999999934212,0.8260869565172496,0.9047619042610545,0.998046874999939,0.8260869565172496
larger,100000,210,Hough transform baseline,2,2,0,0.953230506822612,0.904298245614035,0.9814814814814815,1.0,1.0,0,0,110,0,158,16116,0.999999999990909,0.4104477611924984,0.5820105815948602,0.9903564453124395,0.4104477611924984
larger,100000,211,Hough transform baseline,5,7,2,0.537743749594782,0.6659924701058755,0.6902356902356903,0.1142857142857143,0.7142857142857143,1,7,246,38,393,15707,0.8661971830955416,0.3849765258209938,0.5330444199411736,0.9736938476561905,0.36336779911320033
larger,100000,212,Hough transform baseline,1,1,0,0.6495,0.27666666666666667,0.875,1.0,1.0,0,0,15,0,21,16348,0.9999999999333333,0.4166666666550926,0.588235293679354,0.998718261718689,0.4166666666550926
larger,100000,213,Hough transform baseline,1,1,0,1.0,1.0,1.0,1.0,1.0,0,0,40,0,0,16344,0.9999999999750001,0.9999999999750001,0.9999999994750002,0.9999999999999389,0.9999999999750001
larger,100000,214,Hough transform baseline,2,2,0,1.0,1.0,1.0,1.0,1.0,0,0,83,0,0,16301,0.9999999999879517,0.9999999999879517,0.9999999994879518,0.9999999999999389,0.9999999999879517
larger,100000,215,Hough transform baseline,5,5,0,0.9549610357315098,0.916632326007326,0.9623824451410659,1.0,1.0,2,2,274,10,166,15934,0.9647887323909691,0.6227272727258575,0.756906076869189,0.9892578124999396,0.6088888888875358
larger,100000,216,Hough transform baseline,5,7,2,0.5637243243243243,0.7542222222222221,0.7644787644787645,0.0,0.7142857142857143,0,3,216,45,287,15836,0.8275862068933809,0.4294234592436791,0.5654450257266967,0.9797363281249402,0.3941605839408866
larger,100000,217,Hough transform baseline,2,2,0,0.8921047598348185,0.7768475452196382,0.9626168224299065,1.0,1.0,0,0,109,0,218,16057,0.9999999999908257,0.33333333333231396,0.4999999996227064,0.9866943359374397,0.33333333333231396
larger,100000,218,Hough transform baseline,1,1,0,1.0,1.0,1.0,1.0,1.0,0,0,37,0,0,16347,0.9999999999729731,0.9999999999729731,0.9999999994729731,0.9999999999999389,0.9999999999729731
larger,100000,219,Hough transform baseline,5,7,2,0.6779901366319023,0.8328073768651019,0.8464912280701754,0.25,0.7142857142857143,1,4,178,12,116,16078,0.9368421052582272,0.605442176868689,0.7355371896026911,0.9921874999999394,0.5816993464033278
larger,100000,220,Hough transform baseline,4,4,0,0.8060677749360614,0.8970588235294118,0.8869565217391304,0.5,1.0,1,2,204,23,142,16015,0.8986784140929575,0.5895953757208393,0.7120418843358339,0.9899291992186896,0.5528455284537863
larger,100000,221,Hough transform baseline,3,3,0,0.9647737482643143,0.932900432900433,0.9748427672955975,1.0,1.0,0,0,162,0,194,16028,0.9999999999938273,0.45505617977400264,0.6254826250503421,0.9881591796874397,0.45505617977400264
larger,100000,222,Hough transform baseline,5,9,4,0.5949297699886592,0.7739340407315722,0.6805194805194805,0.22000000000000003,0.5555555555555556,3,10,313,28,392,15651,0.9178885630471616,0.443971631205044,0.5984703628481239,0.9743652343749405,0.4270122783077394
larger,100000,223,Hough transform baseline,3,4,1,0.8267785673018102,0.8242422268542643,0.9043478260869565,0.8,0.75,1,1,201,0,305,15878,0.999999999995025,0.3972332015802426,0.5685997167060132,0.98138427734369,0.3972332015802426
larger,100000,224,Hough transform baseline,5,6,1,0.5777275504151839,0.7728333333333333,0.7330960854092528,0.0,0.8333333333333334,0,4,241,26,200,15917,0.9026217228430614,0.5464852607697359,0.6807909599802539,0.9862060546874398,0.5160599571723425
larger,100000,225,Hough transform baseline,3,3,0,0.9864026325067576,0.976782752902156,0.984251968503937,1.0,1.0,0,0,130,0,136,16118,0.9999999999923078,0.4887218045094409,0.6565656561213141,0.9916992187499395,0.4887218045094409
larger,100000,226,Hough transform baseline,4,4,0,0.9803740373755991,0.9642530230765526,0.9823008849557522,1.0,1.0,0,0,225,0,358,15801,0.9999999999955556,0.3859348198964221,0.5569306926660836,0.9781494140624403,0.3859348198964221
larger,100000,227,Hough transform baseline,2,2,0,0.9635960214072353,0.9258876811594203,0.9847328244274809,1.0,1.0,0,0,112,1,203,16068,0.9911504424691049,0.3555555555544268,0.5233644855902372,0.9875488281249397,0.35443037974571384
larger,100000,228,Hough transform baseline,2,2,0,0.9363888888888888,0.8833333333333334,0.9444444444444444,1.0,1.0,0,0,38,0,42,16304,0.9999999999736843,0.4749999999940625,0.644067796162597,0.997436523437439,0.4749999999940625
larger,100000,229,Hough transform baseline,3,3,0,0.6157894736842106,0.7999999999999999,0.7789473684210526,0.0,1.0,0,1,137,39,110,16098,0.7784090909046681,0.5546558704430986,0.6477541366268631,0.9909057617186895,0.4790209790193041
larger,100000,230,Hough transform baseline,5,7,2,0.6311167127928683,0.8573954644299471,0.8693009118541033,0.0,0.7142857142857143,0,1,322,13,435,15614,0.961194029847877,0.4253632760892664,0.5897435893171802,0.9726562499999406,0.4181818181812751
larger,100000,231,Hough transform baseline,2,2,0,0.9422236842105264,0.895,0.9473684210526316,1.0,1.0,0,0,51,0,78,16255,0.9999999999803922,0.39534883720623765,0.5666666662542593,0.9952392578124393,0.39534883720623765
larger,100000,232,Hough transform baseline,1,1,0,0.9503076923076923,0.9066666666666666,0.9615384615384616,1.0,1.0,0,0,53,0,102,16229,0.9999999999811321,0.3419354838687617,0.509615384230723,0.9937744140624393,0.3419354838687617
larger,100000,233,Hough transform baseline,4,4,0,0.8454545454545455,0.9444444444444445,0.9772727272727273,0.5,1.0,1,2,213,1,196,15974,0.9953271027990873,0.5207823960867463,0.683788121537159,0.9879760742186897,0.5195121951206841
larger,100000,234,Hough transform baseline,1,1,0,0.9249350649350649,0.8585858585858586,0.9428571428571428,1.0,1.0,0,0,24,2,100,16258,0.9230769230414201,0.19354838709521333,0.3199999997091555,0.9937744140624393,0.19047619047467876
larger,100000,235,Hough transform baseline,4,4,0,0.9690511363636364,0.93375,0.9943181818181818,1.0,1.0,1,1,152,0,135,16097,0.9999999999934212,0.5296167247368306,0.6924829152616686,0.9917602539061895,0.5296167247368306
larger,100000,236,Hough transform baseline,4,4,0,0.8117825919621378,0.8813422678523697,0.9508928571428571,0.5,1.0,1,2,218,2,295,15869,0.9909090909045868,0.42495126705570185,0.5948158249534384,0.98187255859369,0.4233009708729645
larger,100000,237,Hough transform baseline,3,4,1,0.5367324561403508,0.7001461988304093,0.7333333333333334,0.0,0.75,0,1,196,3,304,15881,0.9849246231106286,0.39199999999921603,0.5608011440832417,0.98126220703119,0.3896620278322273
larger,100000,238,Hough transform baseline,1,1,0,0.9363977485928706,0.8803418803418804,0.9512195121951219,1.0,1.0,0,0,42,0,80,16262,0.9999999999761906,0.3442622950791454,0.5121951215639501,0.9951171874999393,0.3442622950791454
larger,100000,239,Hough transform baseline,4,4,0,0.9613441461595823,0.9290123456790123,0.9664429530201343,1.0,1.0,0,0,138,2,190,16054,0.985714285707245,0.42073170731579046,0.5897435893217546,0.9882812499999396,0.418181818180551
larger,100000,240,Hough transform baseline,2,2,0,1.0,1.0,1.0,1.0,1.0,0,0,69,0,0,16315,0.9999999999855071,0.9999999999855071,0.9999999994855071,0.9999999999999389,0.9999999999855071
larger,100000,241,Hough transform baseline,2,2,0,0.9882539768717086,0.9793510324483776,0.9877300613496932,1.0,1.0,0,0,165,0,228,15991,0.9999999999939394,0.41984732824320653,0.5913978490437237,0.9860839843749398,0.41984732824320653
larger,100000,242,Hough transform baseline,4,4,0,0.6130532094594595,0.8302083333333334,0.6972972972972973,0.0,1.0,0,1,113,37,149,16085,0.7533333333283112,0.431297709922018,0.5485436888546753,0.9886474609374396,0.3779264214034183
larger,100000,243,Hough transform baseline,1,1,0,0.9585483870967743,0.9222222222222223,0.967741935483871,1.0,1.0,0,0,63,0,122,16199,0.999999999984127,0.3405405405386998,0.5080645157459353,0.9925537109374394,0.3405405405386998
larger,100000,244,Hough transform baseline,4,5,1,0.6073564621579739,0.7094790068156996,0.6654545454545455,0.3,0.8,1,2,136,94,294,15860,0.591304347823516,0.31627906976670633,0.41212121166587695,0.9763183593749404,0.25954198473232915
larger,100000,245,Hough transform baseline,4,3,1,0.81205734149764,0.7214759535655059,0.811965811965812,1.0,0.75,0,0,193,0,348,15843,0.9999999999948187,0.3567467652488785,0.5258855581940657,0.9787597656249403,0.3567467652488785
larger,100000,246,Hough transform baseline,2,2,0,1.0,1.0,1.0,1.0,1.0,0,0,144,0,0,16240,0.9999999999930557,0.9999999999930557,0.9999999994930557,0.9999999999999389,0.9999999999930557
larger,100000,247,Hough transform baseline,1,1,0,0.9699929128277817,0.9437751004016064,0.9764705882352941,1.0,1.0,0,0,86,0,168,16130,0.9999999999883721,0.33858267716402135,0.5058823525602768,0.9897460937499396,0.33858267716402135
larger,100000,248,Hough transform baseline,2,2,0,1.0,1.0,1.0,1.0,1.0,0,0,69,0,112,16203,0.9999999999855071,0.38121546961115355,0.5519999995959359,0.9931640624999394,0.38121546961115355
larger,100000,249,Hough transform baseline,3,3,0,0.9526022827746967,0.9099974099974102,0.9655172413793104,1.0,1.0,1,1,176,0,334,15874,0.9999999999943182,0.34509803921500964,0.5131195331447271,0.9796142578124402,0.34509803921500964
larger,100000,250,Hough transform baseline,5,7,2,0.6997668015796293,0.8543848877249139,0.9693251533742331,0.19999999999999998,0.7142857142857143,1,3,328,1,403,15652,0.9969604863191582,0.44870041039610303,0.6188679240990477,0.9753417968749405,0.44808743169337695
larger,100000,251,Hough transform baseline,2,2,0,0.5867570093457944,0.8200000000000001,0.5887850467289719,0.0,1.0,0,1,56,30,53,16245,0.6511627906901027,0.5137614678851948,0.5743589738600393,0.9949340820311893,0.40287769783882826
larger,100000,252,Hough transform baseline,3,3,0,0.9656627910365125,0.9332530362340662,0.978494623655914,1.0,1.0,0,0,189,0,198,15997,0.999999999994709,0.48837209302199386,0.6562499995568033,0.9879150390624397,0.48837209302199386
larger,100000,253,Hough transform baseline,4,4,0,0.7832983949320649,0.8266080191272857,0.9316239316239316,0.5,1.0,1,2,314,12,400,15658,0.9631901840461252,0.43977591036352975,0.6038461534145858,0.9748535156249405,0.4325068870517459
larger,100000,254,Hough transform baseline,2,2,0,1.0,1.0,1.0,1.0,1.0,0,0,135,0,0,16249,0.9999999999925927,0.9999999999925927,0.9999999994925928,0.9999999999999389,0.9999999999925927
larger,100000,255,Hough transform baseline,5,6,1,0.7017889288438488,0.7288431222984998,0.9166666666666666,0.42857142857142855,0.8333333333333334,4,7,265,20,466,15633,0.9298245614002463,0.3625170998627052,0.5216535429024098,0.9703369140624407,0.3528628495334849
larger,100000,256,Hough transform baseline,4,5,1,0.5683424787825578,0.8875272331154684,0.4447761194029851,0.0,0.8,0,4,159,168,243,15814,0.4862385321086048,0.3955223880587176,0.43621399127364274,0.9749145507811905,0.2789473684205633
larger,100000,257,Hough transform baseline,3,4,1,0.9244423955040393,0.9180911680911681,0.9315068493150684,1.0,0.75,0,0,187,0,337,15860,0.9999999999946525,0.35687022900695253,0.5260196901875016,0.9794311523436902,0.35687022900695253
larger,100000,258,Hough transform baseline,3,3,0,0.7800770416024653,0.5414141414141415,0.9322033898305084,1.0,1.0,0,0,49,0,63,16272,0.9999999999795919,0.43749999999609374,0.6086956517429112,0.9961547851561892,0.43749999999609374
larger,100000,259,Hough transform baseline,1,1,0,1.0,1.0,1.0,1.0,1.0,0,0,86,0,0,16298,0.9999999999883721,0.9999999999883721,0.9999999994883721,0.9999999999999389,0.9999999999883721
larger,100000,260,Hough transform baseline,4,5,1,0.6113282272956186,0.7320807453416149,0.7594594594594595,0.2,0.8,1,5,237,53,492,15602,0.8172413793075268,0.32510288065799026,0.46516192304625464,0.9667358398436909,0.30306905370805237
larger,100000,261,Hough transform baseline,4,4,0,0.991719289513796,0.9852414083913135,0.9918032786885246,1.0,1.0,0,0,245,0,200,15939,0.9999999999959184,0.5505617977515718,0.7101449270761814,0.9877929687499397,0.5505617977515718
larger,100000,262,Hough transform baseline,3,5,2,0.8527153110047847,0.8423976608187135,0.8181818181818181,1.0,0.6,0,0,104,0,104,16176,0.9999999999903846,0.4999999999975962,0.6666666662179488,0.9936523437499393,0.4999999999975962
larger,100000,263,Hough transform baseline,3,3,0,0.6650249753763895,0.8607890499194847,0.8883495145631068,0.0,1.0,0,1,188,20,140,16036,0.9038461538418084,0.5731707317055696,0.7014925368358766,0.9902343749999395,0.5402298850559188
larger,100000,264,Hough transform baseline,4,4,0,0.9669114931029349,0.9314358443876516,0.9888268156424581,1.0,1.0,3,3,328,0,466,15590,0.9999999999969512,0.4130982367752984,0.5846702313142625,0.9715576171874407,0.4130982367752984
larger,100000,265,Hough transform baseline,1,1,0,0.9471558836300478,0.900709219858156,0.9591836734693877,1.0,1.0,0,0,50,0,100,16234,0.9999999999800001,0.33333333333111115,0.4999999996200001,0.9938964843749393,0.33333333333111115
larger,100000,266,Hough transform baseline,1,1,0,1.0,1.0,1.0,1.0,1.0,0,0,28,0,0,16356,0.9999999999642857,0.9999999999642857,0.9999999994642856,0.9999999999999389,0.9999999999642857
larger,100000,267,Hough transform baseline,1,1,0,1.0,1.0,1.0,1.0,1.0,0,0,57,0,0,16327,0.9999999999824563,0.9999999999824563,0.9999999994824562,0.9999999999999389,0.9999999999824563
larger,100000,268,Hough transform baseline,4,4,0,0.8924174436674436,0.9262345679012345,0.9405594405594405,0.75,1.0,3,4,249,9,279,15847,0.9651162790660267,0.47159090909001594,0.6335877858169298,0.98242187499994,0.46368715083712536
larger,100000,269,Hough transform baseline,5,6,1,0.5716606549088168,0.750102381278852,0.75390625,0.0,0.8333333333333334,0,1,199,33,259,15893,0.857758620685958,0.4344978165929378,0.5768115937548666,0.98217773437494,0.4052953156814556
larger,100000,270,Hough transform baseline,2,3,1,0.46848389355742304,0.5194444444444445,0.8403361344537815,0.0,0.6666666666666667,0,1,114,0,26,16244,0.999999999991228,0.814285714279898,0.8976377947737614,0.998413085937439,0.814285714279898
larger,100000,271,Hough transform baseline,4,4,0,0.9380145827639274,0.8796351373649037,0.9608938547486033,1.0,1.0,0,0,174,2,209,15999,0.9886363636307465,0.4543080939935919,0.6225402500135624,0.9871215820311897,0.4519480519468781
larger,100000,272,Hough transform baseline,3,3,0,0.9508528265107212,0.9063786008230453,0.9649122807017544,1.0,1.0,0,0,117,0,160,16107,0.999999999991453,0.4223826714786196,0.5939086290210647,0.9902343749999395,0.4223826714786196
larger,100000,273,Hough transform baseline,3,4,1,0.6475204991087344,0.8526599326599327,0.6941176470588235,0.2,0.75,1,4,185,33,199,15967,0.8486238532071164,0.48177083333207876,0.614617939735312,0.9858398437499398,0.4436450839317898
larger,100000,274,Hough transform baseline,1,1,0,1.0,1.0,1.0,1.0,1.0,0,0,55,0,0,16329,0.9999999999818182,0.9999999999818182,0.9999999994818183,0.9999999999999389,0.9999999999818182
larger,100000,275,Hough transform baseline,3,3,0,0.9842118076688983,0.970649895178197,0.9870967741935484,1.0,1.0,1,1,157,0,106,16121,0.9999999999936307,0.5969581749026732,0.7476190471473356,0.9935302734374394,0.5969581749026732
larger,100000,276,Hough transform baseline,2,3,1,0.6779358974358974,0.8951282051282051,0.7923076923076923,0.19999999999999998,0.6666666666666667,1,3,118,0,27,16239,0.9999999999915254,0.8137931034426635,0.897338402540271,0.998352050781189,0.8137931034426635
larger,100000,277,Hough transform baseline,5,5,0,0.9590763495064063,0.9183178137179399,0.9791666666666666,1.0,1.0,0,0,192,0,130,16062,0.9999999999947917,0.5962732919236141,0.7470817115913337,0.9920654296874394,0.5962732919236141
larger,100000,278,Hough transform baseline,4,5,1,0.9487994171082179,0.9416393082514578,0.9753086419753086,1.0,0.8,1,1,246,0,418,15720,0.999999999995935,0.37048192771028543,0.5406593402636493,0.9744873046874405,0.37048192771028543
larger,100000,279,Hough transform baseline,1,1,0,1.0,1.0,1.0,1.0,1.0,0,0,47,0,0,16337,0.9999999999787235,0.9999999999787235,0.9999999994787234,0.9999999999999389,0.9999999999787235
larger,100000,280,Hough transform baseline,5,5,0,0.7192074301020167,0.8351556846408106,0.9044368600682594,0.25,1.0,1,4,269,18,409,15688,0.937282229961891,0.39675516224130275,0.5575129529488061,0.9739379882811905,0.3864942528730079
larger,100000,281,Hough transform baseline,3,3,0,0.9805265322912382,0.9648064353946708,0.9818181818181818,1.0,1.0,0,0,108,0,132,16144,0.9999999999907407,0.449999999998125,0.6206896547407847,0.9919433593749394,0.449999999998125
larger,100000,282,Hough transform baseline,4,4,0,0.9692097609894702,0.9407885304659498,0.9792746113989638,1.0,1.0,0,0,197,0,240,15947,0.999999999994924,0.4508009153307762,0.6214511036706356,0.9853515624999398,0.4508009153307762
larger,100000,283,Hough transform baseline,5,6,1,0.5219759407259408,0.6702741702741702,0.5913461538461539,0.075,0.8333333333333334,1,8,250,114,216,15804,0.6868131868113,0.5364806866941277,0.6024096380603164,0.9798583984374402,0.43103448275787754
larger,100000,284,Hough transform baseline,1,1,0,0.906443083156473,0.8042723004694835,0.9726027397260274,1.0,1.0,0,0,74,0,148,16162,0.9999999999864865,0.33333333333183185,0.4999999996216216,0.9909667968749395,0.33333333333183185
larger,100000,285,Hough transform baseline,4,6,2,0.8827646220509657,0.8272563472563472,0.9691629955947136,1.0,0.6666666666666667,0,0,232,1,448,15703,0.9957081545021644,0.3411764705877336,0.5082146765081139,0.9725952148436906,0.34067547723885366
larger,100000,286,Hough transform baseline,1,1,0,0.8704260651629073,0.7543859649122807,0.9047619047619048,1.0,1.0,0,0,22,0,40,16322,0.9999999999545455,0.3548387096716962,0.5238095234104307,0.997558593749939,0.3548387096716962
larger,100000,287,Hough transform baseline,5,8,3,0.60630761996711,0.7657132861016356,0.9961832061068703,0.0,0.625,1,0,268,0,307,15809,0.9999999999962687,0.4660869565209286,0.6358244361009838,0.98126220703119,0.4660869565209286
larger,100000,288,Hough transform baseline,3,3,0,0.9862556896892936,0.9749103942652331,0.9877300613496932,1.0,1.0,0,0,166,0,126,16092,0.9999999999939759,0.5684931506829847,0.7248908292290003,0.9923095703124394,0.5684931506829847
larger,100000,289,Hough transform baseline,1,2,1,0.8959812524930196,0.9492753623188406,0.8440366972477065,1.0,0.5,0,0,111,0,174,16099,0.999999999990991,0.38947368420915973,0.5606060601997628,0.9893798828124396,0.38947368420915973
larger,100000,290,Hough transform baseline,3,4,1,0.9391135067712046,0.9569672131147542,0.9173913043478261,1.0,0.75,0,0,164,2,216,16002,0.9879518072229642,0.4315789473672853,0.6007326003072093,0.9866943359374397,0.4293193717266248
larger,100000,291,Hough transform baseline,3,5,2,0.5433327150680092,0.7625258591925258,0.7009803921568627,0.0,0.6,0,1,189,0,263,15932,0.999999999994709,0.4181415929194289,0.5897035877258573,0.9839477539061899,0.4181415929194289
larger,100000,292,Hough transform baseline,3,5,2,0.5639473684210528,0.7666666666666667,0.7947368421052632,0.0,0.6,0,1,173,21,27,16163,0.891752577314991,0.864999999995675,0.8781725883281455,0.9970703124999392,0.7828054298607113
larger,100000,293,Hough transform baseline,5,5,0,0.9284873737373737,0.8981818181818181,0.8715277777777778,1.0,1.0,0,0,254,39,101,15990,0.8668941979492598,0.7154929577444634,0.7839506167861082,0.9914550781249395,0.6446700507597851
larger,100000,294,Hough transform baseline,3,3,0,0.9224710910005028,0.8335232668566003,0.9869281045751634,1.0,1.0,0,0,149,0,94,16141,0.9999999999932887,0.6131687242773121,0.7602040811575255,0.9942626953124393,0.6131687242773121
larger,100000,295,Hough transform baseline,5,5,0,0.9841815031405674,0.9721637426900585,0.9835390946502057,1.0,1.0,0,0,248,0,276,15860,0.9999999999959678,0.4732824427471884,0.6424870461943677,0.9831542968749399,0.4732824427471884
larger,100000,296,Hough transform baseline,5,5,0,0.6895609324857429,0.8245429666119322,0.7800829875518672,0.25,1.0,1,4,184,30,129,16041,0.8598130841081317,0.5878594249182497,0.6982922196288469,0.9902954101561895,0.5364431486864827
larger,100000,297,Hough transform baseline,4,5,1,0.8651256230007467,0.8768652119960508,0.9526813880126183,0.8,0.8,1,1,313,2,391,15678,0.9936507936476392,0.4446022727266412,0.6143277718974692,0.9760131835936904,0.44334277620333806
larger,100000,298,Hough transform baseline,4,4,0,0.7342967189180882,0.8739711934156378,0.7883817427385892,0.3333333333333333,1.0,1,3,190,43,134,16017,0.8154506437733243,0.5864197530846098,0.6822262113600881,0.9891967773436896,0.5177111716607147
larger,100000,299,Hough transform baseline,5,12,7,0.4470200624344739,0.6359136822773186,0.4235474006116208,0.13793103448275862,0.41666666666666663,4,29,364,144,473,15403,0.7165354330694557,0.4348864994021089,0.5412639400495582,0.9623413085936913,0.3710499490312222
larger,100000,300,Hough transform baseline,2,2,0,0.9573717948717949,0.9166666666666667,0.9743589743589743,1.0,1.0,0,0,68,0,72,16244,0.9999999999852941,0.4857142857108164,0.6538461533997781,0.9956054687499392,0.4857142857108164
larger,100000,301,Hough transform baseline,5,9,4,0.6780741817789757,0.8474417478756919,0.7995991983967936,0.325,0.5555555555555556,3,8,439,18,575,15352,0.9606126914639812,0.43293885601535215,0.5968728751657113,0.9638061523436912,0.4253875968988126
larger,100000,302,Hough transform baseline,1,1,0,0.8250000000000001,0.6666666666666667,0.875,1.0,1.0,0,0,17,0,30,16337,0.9999999999411765,0.3617021276518787,0.5312499995932617,0.998168945312439,0.3617021276518787
larger,100000,303,Hough transform baseline,5,7,2,0.49971452460582905,0.65,0.6789297658862876,0.0,0.7142857142857143,0,3,233,66,238,15847,0.7792642140442165,0.49469214437262277,0.6051948047181818,0.98144531249994,0.43389199255040245
larger,100000,304,Hough transform baseline,3,4,1,0.8936132448076268,0.9618787878787879,0.9288389513108615,0.8,0.75,1,1,227,3,182,15972,0.9869565217348394,0.5550122249375183,0.7104851325573557,0.9887084960936896,0.5509708737850705
larger,100000,305,Hough transform baseline,5,7,2,0.9233831168831169,0.9033333333333333,0.9772727272727273,1.0,0.7142857142857143,1,1,225,0,266,15893,0.9999999999955556,0.45824847250415834,0.6284916196789856,0.9837646484374399,0.45824847250415834
larger,100000,306,Hough transform baseline,3,2,1,0.7402222222222222,0.5066666666666666,0.9777777777777777,1.0,0.6666666666666667,0,0,120,14,18,16232,0.8955223880530185,0.8695652173850033,0.8823529406700908,0.998046874999939,0.7894736842053325
larger,100000,307,Hough transform baseline,3,4,1,0.5929859895410277,0.7943548305590087,0.8026315789473684,0.0,0.75,0,2,134,14,201,16035,0.9054054053992878,0.399999999998806,0.5548654240032921,0.9868774414061897,0.38395415472669353
larger,100000,308,Hough transform baseline,4,4,0,0.8877568795430945,0.7900308641975309,0.9112149532710281,1.0,1.0,0,0,192,7,116,16069,0.9648241205981668,0.6233766233745994,0.7573964492242647,0.9924926757811894,0.6095238095218746
larger,100000,309,Hough transform baseline,1,1,0,0.9713676869430453,0.946360153256705,0.9775280898876404,1.0,1.0,0,0,77,1,125,16181,0.987179487166831,0.38118811880999415,0.5499999995941326,0.9923095703124394,0.3793103448257177
larger,100000,310,Hough transform baseline,5,11,6,0.5267291446824958,0.7396095602992154,0.511482254697286,0.18461538461538465,0.4545454545454546,3,13,246,151,386,15601,0.6196473551621672,0.38924050632849805,0.4781341103123208,0.9672241210936909,0.3141762452103267
larger,100000,311,Hough transform baseline,5,5,0,0.8096780240351669,0.8835626535626535,0.935374149659864,0.5,1.0,1,2,282,15,201,15886,0.9494949494917526,0.5838509316758098,0.723076922603501,0.9868164062499397,0.5662650602398268
larger,100000,312,Hough transform baseline,4,6,2,0.6208967457980616,0.8771464646464647,0.7975708502024291,0.0,0.6666666666666667,0,2,211,18,356,15799,0.9213973799086402,0.37213403880004914,0.5301507533576646,0.9771728515624404,0.3606837606831441
larger,100000,313,Hough transform baseline,2,2,0,0.9450021367521367,0.8901282051282051,0.9722222222222222,1.0,1.0,0,0,74,0,110,16200,0.9999999999864865,0.4021739130412926,0.5736434104391563,0.9932861328124394,0.4021739130412926
larger,100000,314,Hough transform baseline,5,5,0,0.5801764527179712,0.7345736269050761,0.7480916030534351,0.0,1.0,0,2,287,69,552,15476,0.8061797752786344,0.34207389749661254,0.4803347276143512,0.9620971679686913,0.3160792951538369
larger,100000,315,Hough transform baseline,2,3,1,0.917089788483305,0.9328399122807017,0.9032258064516129,1.0,0.6666666666666667,1,1,157,0,272,15955,0.9999999999936307,0.3659673659665129,0.535836177080298,0.9833984374999399,0.3659673659665129
larger,100000,316,Hough transform baseline,5,6,1,0.59473816713126,0.691274906600249,0.7516556291390728,0.2,0.8333333333333334,1,5,246,47,181,15910,0.8395904436831414,0.5761124121766368,0.6833333328487539,0.9860839843749398,0.518987341771057
larger,100000,317,Hough transform baseline,2,4,2,0.5391699352480095,0.80607367475292,0.4655172413793104,0.13333333333333333,0.5,1,6,118,19,134,16113,0.8613138686068518,0.46825396825211013,0.6066838041678286,0.9906616210936895,0.4354243542419357
larger,100000,318,Hough transform baseline,3,3,0,0.7573200308463467,0.7073534263007948,0.945054945054945,0.6,1.0,1,1,86,0,155,16143,0.9999999999883721,0.35684647302756495,0.5259938834011727,0.9905395507811895,0.35684647302756495
larger,100000,319,Hough transform baseline,2,2,0,0.9311014344262295,0.86875,0.9508196721311475,1.0,1.0,0,0,57,0,58,16269,0.9999999999824563,0.49565217390873345,0.6627906972235668,0.9964599609374392,0.49565217390873345
larger,100000,320,Hough transform baseline,2,2,0,0.916619092039801,0.8213425925925926,0.9850746268656716,1.0,1.0,0,0,62,0,40,16282,0.999999999983871,0.6078431372489427,0.7560975604961332,0.997558593749939,0.6078431372489427
larger,100000,321,Hough transform baseline,4,6,2,0.8848742962531547,0.857843137254902,0.9108910891089109,1.0,0.6666666666666667,0,0,199,0,183,16002,0.9999999999949749,0.5209424083755997,0.6850258171031843,0.9888305664061896,0.5209424083755997
larger,100000,322,Hough transform baseline,2,2,0,1.0,1.0,1.0,1.0,1.0,0,0,162,0,45,16177,0.9999999999938273,0.7826086956483932,0.8780487799904819,0.9972534179686892,0.7826086956483932
larger,100000,323,Hough transform baseline,2,2,0,0.9678126815713022,0.9398686371100163,0.9743589743589743,1.0,1.0,0,0,72,0,115,16197,0.9999999999861111,0.3850267379658555,0.5559845555788375,0.9929809570311894,0.3850267379658555
larger,100000,324,Hough transform baseline,5,5,0,0.9922915242652085,0.9860446570972886,0.9928571428571429,1.0,1.0,0,0,279,0,163,15942,0.9999999999964158,0.6312217194555855,0.7739251035455996,0.9900512695311895,0.6312217194555855
larger,100000,325,Hough transform baseline,5,5,0,0.9635823138440611,0.9271895152902019,0.9817351598173516,1.0,1.0,0,0,217,0,128,16039,0.9999999999953918,0.6289855072445537,0.772241992405751,0.9921874999999394,0.6289855072445537
larger,100000,326,Hough transform baseline,4,4,0,0.9616728266728266,0.9244381133270021,0.9783783783783784,1.0,1.0,1,1,162,0,184,16038,0.9999999999938273,0.4682080924841959,0.6377952751536363,0.9887695312499396,0.4682080924841959
larger,100000,327,Hough transform baseline,3,3,0,0.6757780490649467,0.8591587167976056,0.9457831325301205,0.0,1.0,0,1,168,0,326,15890,0.9999999999940477,0.3400809716592306,0.5075528697103532,0.9801025390624402,0.3400809716592306
larger,100000,328,Hough transform baseline,3,5,2,0.5388983050847458,0.7666666666666667,0.6694915254237288,0.0,0.6,0,1,211,8,159,16006,0.9634703196303038,0.570270270268729,0.7164685903623476,0.9898071289061896,0.5582010581995815
larger,100000,329,Hough transform baseline,2,2,0,0.9621281464530893,0.927536231884058,0.9736842105263158,1.0,1.0,0,0,74,0,120,16190,0.9999999999864865,0.381443298967106,0.552238805566273,0.9926757812499394,0.381443298967106
larger,100000,330,Hough transform baseline,4,3,1,0.7992975500526871,0.6491239316239317,0.910958904109589,1.0,0.75,0,0,112,24,274,15974,0.8235294117586506,0.29015544041375607,0.42911877355940165,0.98181152343744,0.2731707317066508
larger,100000,331,Hough transform baseline,1,1,0,0.8946046312178387,0.7819496855345912,0.9636363636363636,1.0,1.0,0,0,56,0,112,16216,0.999999999982143,0.33333333333134924,0.4999999996205357,0.9931640624999394,0.33333333333134924
larger,100000,332,Hough transform baseline,5,6,1,0.8744441632082329,0.9601297253471166,0.9619289340101522,0.6666666666666666,0.8333333333333334,2,3,391,2,534,15457,0.9949109414732954,0.42270270270224575,0.5933232165760106,0.9672851562499409,0.42179072276114155
larger,100000,333,Hough transform baseline,3,3,0,0.9875155279503106,0.9777777777777779,0.9875776397515528,1.0,1.0,0,0,164,0,142,16078,0.9999999999939025,0.5359477124165493,0.6978723399682029,0.9913330078124395,0.5359477124165493
larger,100000,334,Hough transform baseline,5,8,3,0.4923868421052632,0.7003333333333334,0.5736842105263158,0.0,0.625,0,9,297,56,205,15826,0.8413597733687214,0.5916334661342796,0.6947368416188228,0.9840698242186899,0.5322580645151752
larger,100000,335,Hough transform baseline,4,7,3,0.5159988761238762,0.6802417027417028,0.6208791208791209,0.1142857142857143,0.5714285714285714,1,7,268,69,375,15672,0.7952522255169281,0.4167962674954638,0.5469387750578363,0.9729003906249406,0.3764044943814938
larger,100000,336,Hough transform baseline,4,7,3,0.7248004951312522,0.9550263253449529,0.7394789579158316,0.36,0.5714285714285714,2,5,367,70,619,15328,0.8398169336365222,0.37221095334647847,0.5158116650691298,0.9579467773436915,0.34753787878754966
larger,100000,337,Hough transform baseline,1,1,0,0.9634033613445377,0.9313725490196079,0.9714285714285714,1.0,1.0,0,0,71,0,138,16175,0.9999999999859155,0.33971291865866166,0.5071428567606888,0.9915771484374395,0.33971291865866166
larger,100000,338,Hough transform baseline,5,6,1,0.6274169861146607,0.74998778998779,0.7829457364341086,0.2,0.8333333333333334,1,4,297,58,466,15563,0.8366197183075025,0.38925294888546624,0.5313059029645658,0.9680175781249409,0.36175395858664827
larger,100000,339,Hough transform baseline,3,5,2,0.477186266932433,0.7267162944582299,0.4508196721311475,0.0,0.6,0,2,143,44,213,15984,0.7647058823488518,0.40168539325729863,0.5267034986256829,0.9843139648436899,0.35749999999910625
larger,100000,340,Hough transform baseline,2,2,0,0.5973958333333333,0.78125,0.7291666666666667,0.0,1.0,0,1,62,23,62,16237,0.729411764697301,0.4999999999959677,0.5933014349184312,0.9948120117186893,0.42176870748012407
larger,100000,341,Hough transform baseline,4,7,3,0.6065805633716908,0.8603733877484223,0.6030150753768844,0.16666666666666666,0.5714285714285714,1,6,268,51,454,15611,0.8401253918468962,0.3711911357335579,0.5148895288726959,0.9691772460936908,0.3467011642945062
larger,100000,342,Hough transform baseline,5,5,0,0.7173452749014412,0.9398226395409495,0.9721254355400697,0.0,1.0,0,1,286,5,92,16001,0.9828178694124302,0.756613756611755,0.8550074733474544,0.9940795898436893,0.7467362924262487
larger,100000,343,Hough transform baseline,2,3,1,0.5562078431372549,0.9205490196078431,0.3764705882352941,0.0,0.6666666666666667,0,2,62,69,78,16175,0.4732824427444788,0.44285714285397965,0.4575645751429311,0.9910278320311895,0.2966507177019299
larger,100000,344,Hough transform baseline,5,6,1,0.8080256808078687,0.7163464419475655,0.7616822429906542,1.0,0.8333333333333334,0,0,165,33,257,15929,0.8333333333291246,0.3909952606625806,0.5322580640796775,0.98229980468744,0.36263736263656565
larger,100000,345,Hough transform baseline,3,3,0,0.9693683502507032,0.943941679235797,0.972972972972973,1.0,1.0,0,0,175,0,332,15877,0.9999999999942858,0.34516765285927975,0.5131964805554003,0.9797363281249402,0.34516765285927975
larger,100000,346,Hough transform baseline,3,5,2,0.6932630802670394,0.8287524366471735,0.8849557522123894,0.3333333333333333,0.6,1,3,108,6,146,16124,0.9473684210443213,0.4251968503920268,0.5869565213083058,0.9907226562499395,0.41538461538301774
larger,100000,347,Hough transform baseline,3,3,0,1.0,1.0,1.0,1.0,1.0,0,0,176,0,0,16208,0.9999999999943182,0.9999999999943182,0.9999999994943183,0.9999999999999389,0.9999999999943182
larger,100000,348,Hough transform baseline,2,4,2,0.5579406474820144,0.825,0.6834532374100719,0.0,0.5,0,1,125,0,46,16213,0.999999999992,0.7309941520425088,0.8445945941009632,0.9971923828124392,0.7309941520425088
larger,100000,349,Hough transform baseline,1,1,0,0.9628596149686351,0.9303482587064676,0.9710144927536232,1.0,1.0,0,0,70,0,136,16178,0.9999999999857142,0.33980582524106895,0.5072463764293216,0.9916992187499395,0.33980582524106895
larger,100000,350,Hough transform baseline,5,5,0,0.8499600687258674,0.7884541319629039,0.9757785467128027,0.8,1.0,1,1,232,0,341,15811,0.9999999999956897,0.4048865619539182,0.5763975151162378,0.9791870117186902,0.4048865619539182
larger,100000,351,Hough transform baseline,2,3,1,0.9341169795117163,0.9935897435897436,0.8516746411483254,1.0,0.6666666666666667,1,1,184,9,187,16004,0.9533678756427287,0.4959568733140271,0.652482269051035,0.9880371093749397,0.4842105263145152
larger,100000,352,Hough transform baseline,2,2,0,0.9589031492666091,0.9232456140350878,0.9672131147540983,1.0,1.0,0,0,57,0,82,16245,0.9999999999824563,0.41007194244309303,0.5816326526428052,0.9949951171874393,0.41007194244309303
larger,100000,353,Hough transform baseline,4,4,0,0.9407732447817837,0.8970588235294118,0.935483870967742,1.0,1.0,0,0,144,10,36,16194,0.9350649350588632,0.7999999999955556,0.862275448599663,0.9971923828124392,0.7578947368381164
larger,100000,354,Hough transform baseline,5,6,1,0.8988846153846154,0.8337037037037036,0.9519230769230769,1.0,0.8333333333333334,0,0,214,0,257,15913,0.9999999999953272,0.45435244161262345,0.6248175178167318,0.9843139648436899,0.45435244161262345
larger,100000,355,Hough transform baseline,4,5,1,0.5982299465240641,0.7661002178649237,0.8674242424242424,0.0,0.8,1,1,231,14,295,15844,0.9428571428532945,0.4391634980980244,0.5992217894481302,0.98114013671869,0.4277777777769856
larger,100000,356,Hough transform baseline,5,5,0,0.9607838471735953,0.9189412737799835,0.9863013698630136,1.0,1.0,1,1,218,5,2,16159,0.9775784753319392,0.9909090909045868,0.9841986450937737,0.9995727539061889,0.9688888888845828
larger,100000,357,Hough transform baseline,4,6,2,0.5282497507477567,0.7445098039215686,0.6327683615819208,0.0,0.6666666666666667,0,3,157,12,214,16001,0.9289940828347397,0.4231805929907731,0.5814814810492935,0.9862060546874398,0.4099216710172065
larger,100000,358,Hough transform baseline,3,3,0,1.0,1.0,1.0,1.0,1.0,0,0,81,0,130,16173,0.9999999999876543,0.38388625592235126,0.5547945201432493,0.9920654296874394,0.38388625592235126
larger,100000,359,Hough transform baseline,3,3,0,0.9751842751842751,0.9528619528619529,0.9819819819819819,1.0,1.0,0,0,114,0,72,16198,0.999999999991228,0.6129032258031565,0.7599999995237333,0.9956054687499392,0.6129032258031565
larger,100000,360,Hough transform baseline,5,5,0,0.8748713087248322,0.7398333333333333,0.9597315436241611,1.0,1.0,0,0,135,2,221,16026,0.9854014598468219,0.3792134831450022,0.5476673423956321,0.9863891601561897,0.3770949720659858
larger,100000,361,Hough transform baseline,1,1,0,1.0,1.0,1.0,1.0,1.0,0,0,17,0,0,16367,0.9999999999411765,0.9999999999411765,0.9999999994411766,0.9999999999999389,0.9999999999411765
larger,100000,362,Hough transform baseline,1,1,0,1.0,1.0,1.0,1.0,1.0,0,0,30,0,6,16348,0.9999999999666667,0.8333333333101852,0.9090909085674931,0.9996337890624389,0.8333333333101852
larger,100000,363,Hough transform baseline,5,6,1,0.7956918238993711,0.6333333333333333,0.8867924528301887,1.0,0.8333333333333334,1,1,144,19,195,16026,0.8834355828166661,0.4247787610606939,0.5737051788420422,0.9869384765624397,0.40223463687038485
larger,100000,364,Hough transform baseline,1,2,1,0.8315057714505579,0.8192753623188406,0.8141592920353982,1.0,0.5,0,0,95,0,190,16099,0.9999999999894736,0.33333333333216375,0.49999999962236835,0.9884033203124396,0.33333333333216375
larger,100000,365,Hough transform baseline,4,7,3,0.6833232522499436,0.8145278621427317,0.8482142857142857,0.36,0.5714285714285714,2,5,216,0,364,15804,0.9999999999953704,0.3724137931028062,0.5427135674423879,0.9777832031249403,0.3724137931028062
larger,100000,366,Hough transform baseline,4,5,1,0.8776436205359888,0.8179959244234092,0.8977272727272727,1.0,0.8,0,0,164,2,364,15854,0.9879518072229642,0.31060606060547236,0.47262247802084567,0.9776611328124403,0.3094339622635671
larger,100000,367,Hough transform baseline,1,1,0,1.0,1.0,1.0,1.0,1.0,0,0,13,0,15,16356,0.9999999999230769,0.4642857142691327,0.634146340999405,0.999084472656189,0.4642857142691327
larger,100000,368,Hough transform baseline,5,8,3,0.5127175163910972,0.7937875910098132,0.46506550218340614,0.0,0.625,0,6,289,58,346,15691,0.8328530259341993,0.45511811023550375,0.5885947042261253,0.9753417968749405,0.4170274170268153
larger,100000,369,Hough transform baseline,1,1,0,1.0,1.0,1.0,1.0,1.0,0,0,62,0,0,16322,0.999999999983871,0.999999999983871,0.9999999994838711,0.9999999999999389,0.999999999983871
larger,100000,370,Hough transform baseline,4,7,3,0.4639763870828188,0.7051985922574158,0.44747081712062253,0.0,0.5714285714285714,0,3,167,73,150,15994,0.6958333333304341,0.5268138801245211,0.599640933080113,0.9863891601561897,0.4282051282040302
larger,100000,371,Hough transform baseline,2,2,0,0.9672508445945945,0.9392361111111112,0.972972972972973,1.0,1.0,0,0,69,0,132,16183,0.9999999999855071,0.3432835820878444,0.5111111107268312,0.9919433593749394,0.3432835820878444
larger,100000,372,Hough transform baseline,4,7,3,0.7394874577281398,0.8609887445187626,0.8494983277591973,0.5,0.5714285714285714,3,6,283,0,338,15763,0.9999999999964665,0.45571658615063493,0.6261061942587787,0.9793701171874402,0.45571658615063493
larger,100000,373,Hough transform baseline,5,7,2,0.4563148319457293,0.5751046698872786,0.547112462006079,0.06666666666666667,0.7142857142857143,2,9,213,73,271,15827,0.7447552447526408,0.44008264462718993,0.5532467527783774,0.9790039062499403,0.3824057450621501
larger,100000,374,Hough transform baseline,5,8,3,0.5427375799638957,0.7176026936026936,0.6437246963562753,0.1142857142857143,0.625,1,7,384,90,595,15315,0.8101265822767719,0.3922369765062388,0.5285615962561603,0.9581909179686915,0.3592142188958286
larger,100000,375,Hough transform baseline,2,2,0,1.0,1.0,1.0,1.0,1.0,0,0,79,0,0,16305,0.9999999999873417,0.9999999999873417,0.9999999994873416,0.9999999999999389,0.9999999999873417
larger,100000,376,Hough transform baseline,1,1,0,0.9146829810901,0.8390804597701148,0.935483870967742,1.0,1.0,0,0,32,0,60,16292,0.9999999999687501,0.34782608695274103,0.5161290318668055,0.9963378906249392,0.34782608695274103
larger,100000,377,Hough transform baseline,4,4,0,0.953385404917663,0.908533223049352,0.9727272727272728,1.0,1.0,0,0,224,0,270,15890,0.9999999999955358,0.45344129554564083,0.6239554313238413,0.9835205078124399,0.45344129554564083
larger,100000,378,Hough transform baseline,2,3,1,0.420270979020979,0.45530303030303027,0.7435897435897436,0.0,0.6666666666666667,0,1,73,0,115,16196,0.9999999999863013,0.38829787233836016,0.55938697277286,0.9929809570311894,0.38829787233836016
larger,100000,379,Hough transform baseline,1,2,1,0.7285,0.65,0.6799999999999999,1.0,0.5,0,0,27,0,33,16324,0.999999999962963,0.4499999999925,0.6206896547300832,0.997985839843689,0.4499999999925
larger,100000,380,Hough transform baseline,4,4,0,0.9559912807318468,0.9133838383838384,0.9748427672955975,1.0,1.0,0,0,156,0,224,16004,0.9999999999935898,0.4105263157883934,0.5820895518239586,0.9863281249999398,0.4105263157883934
larger,100000,381,Hough transform baseline,4,7,3,0.45497371610362064,0.7390821256038647,0.3262195121951219,0.0,0.5714285714285714,0,8,177,124,119,15964,0.588039867107681,0.5979729729709529,0.5929648236186517,0.9851684570311898,0.421428571427568
larger,100000,382,Hough transform baseline,5,6,1,0.6148234923379453,0.8241786731267797,0.7530487804878049,0.039999999999999994,0.8333333333333334,1,5,267,39,477,15601,0.8725490196049916,0.35887096774145316,0.5085714281574639,0.9685058593749408,0.34099616858194
larger,100000,383,Hough transform baseline,1,1,0,1.0,1.0,1.0,1.0,1.0,0,0,17,0,0,16367,0.9999999999411765,0.9999999999411765,0.9999999994411766,0.9999999999999389,0.9999999999411765
larger,100000,384,Hough transform baseline,1,1,0,1.0,1.0,1.0,1.0,1.0,0,0,20,0,0,16364,0.99999999995,0.99999999995,0.99999999945,0.9999999999999389,0.99999999995
larger,100000,385,Hough transform baseline,1,1,0,1.0,1.0,1.0,1.0,1.0,0,0,73,0,0,16311,0.9999999999863013,0.9999999999863013,0.9999999994863014,0.9999999999999389,0.9999999999863013
larger,100000,386,Hough transform baseline,4,4,0,0.9887826508695351,0.9782135076252724,0.9929328621908127,1.0,1.0,0,0,271,0,207,15906,0.99999999999631,0.5669456066933746,0.7236315082144951,0.9873657226561897,0.5669456066933746
larger,100000,387,Hough transform baseline,2,2,0,1.0,1.0,1.0,1.0,1.0,0,0,123,0,112,16149,0.9999999999918698,0.5234042553169217,0.6871508375339251,0.9931640624999394,0.5234042553169217
larger,100000,388,Hough transform baseline,5,7,2,0.728667977492486,0.7762516418985775,0.8729641693811074,0.5333333333333333,0.7142857142857143,2,3,247,39,386,15712,0.863636363633344,0.39020537124740884,0.5375408047931837,0.9740600585936905,0.36755952380897683
larger,100000,389,Hough transform baseline,2,2,0,0.5419266917293233,0.825,0.3533834586466166,0.0,1.0,0,1,51,83,68,16182,0.3805970149225329,0.4285714285678271,0.40316205483453893,0.9907836914061895,0.2524752475235026
larger,100000,390,Hough transform baseline,5,6,1,0.7907202162464093,0.8828668091168093,0.8838174273858921,0.5333333333333333,0.8333333333333334,2,3,214,10,332,15828,0.9553571428528779,0.3919413919406741,0.5558441554301501,0.9791259765624402,0.384892086330243
larger,100000,391,Hough transform baseline,1,1,0,0.9755656108597285,0.9542483660130718,0.9807692307692307,1.0,1.0,0,0,105,0,206,16073,0.9999999999904762,0.3376205787770495,0.5048076919278731,0.9874267578124397,0.3376205787770495
larger,100000,392,Hough transform baseline,3,5,2,0.5114472573839661,0.7162962962962962,0.6455696202531646,0.0,0.6,0,1,141,0,188,16055,0.9999999999929079,0.4285714285701259,0.5999999995774469,0.9885253906249396,0.4285714285701259
larger,100000,393,Hough transform baseline,2,2,0,0.8098913043478261,0.65,0.8369565217391304,1.0,1.0,0,0,79,15,132,16158,0.8404255319059529,0.3744075829366142,0.5180327864554259,0.9910278320311895,0.3495575221223471
larger,100000,394,Hough transform baseline,2,3,1,0.601482834994463,0.8542857142857143,0.751937984496124,0.0,0.6666666666666667,0,1,119,0,50,16215,0.9999999999915966,0.704142011830153,0.8263888883982204,0.9969482421874392,0.704142011830153
larger,100000,395,Hough transform baseline,5,4,1,0.8505177496645582,0.7342836879432625,0.9504504504504504,1.0,0.8,0,0,215,0,232,15937,0.9999999999953488,0.4809843400436667,0.6495468273540083,0.9858398437499398,0.4809843400436667
larger,100000,396,Hough transform baseline,3,5,2,0.5927524122297141,0.8589052287581701,0.7312252964426877,0.0,0.6,0,3,214,11,172,15987,0.951111111106884,0.554404145076284,0.7004909978957627,0.9888305664061896,0.5390428211573324
larger,100000,397,Hough transform baseline,2,2,0,1.0,1.0,1.0,1.0,1.0,1,1,153,0,0,16231,0.9999999999934641,0.9999999999934641,0.9999999994934641,0.9999999999999389,0.9999999999934641
larger,100000,398,Hough transform baseline,5,5,0,0.7174988313259638,0.7701994231486065,0.8545454545454545,0.4,1.0,1,2,244,30,318,15792,0.8905109489018594,0.43416370106684316,0.5837320569742108,0.9787597656249403,0.41216216216146595
larger,100000,399,Hough transform baseline,4,4,0,0.8269796437659033,0.6392592592592593,0.9465648854961832,1.0,1.0,0,0,129,1,166,16088,0.9923076923000592,0.437288135591738,0.6070588231019183,0.9898071289061896,0.4358108108093385
larger,100000,400,Hough transform baseline,5,4,1,0.7814799331103679,0.5673913043478261,0.9807692307692307,1.0,0.8,0,0,222,23,249,15890,0.9061224489758934,0.4713375796168337,0.6201117313916583,0.9833984374999399,0.4493927125496976
larger,100000,401,Hough transform baseline,2,2,0,0.9787633145363408,0.9594907407407407,0.9849624060150376,1.0,1.0,0,0,118,0,146,16120,0.9999999999915254,0.4469696969680039,0.6178010466902223,0.9910888671874395,0.4469696969680039
larger,100000,402,Hough transform baseline,4,4,0,0.6318910256410256,0.823005698005698,0.8076923076923077,0.0,1.0,0,1,120,23,117,16124,0.839160839154971,0.5063291139219143,0.6315789468956925,0.9914550781249395,0.46153846153668643
larger,100000,403,Hough transform baseline,4,5,1,0.5098119604815079,0.5641237251744499,0.8797814207650273,0.0,0.8,0,2,161,10,273,15940,0.9415204678307514,0.3709677419346291,0.5322314045514049,0.98272705078119,0.36261261261179595
larger,100000,404,Hough transform baseline,5,6,1,0.6471601990049752,0.8648888888888889,0.8731343283582089,0.0,0.8333333333333334,0,1,258,0,49,16077,0.9999999999961241,0.8403908794760899,0.9132743357837138,0.9970092773436892,0.8403908794760899
larger,100000,405,Hough transform baseline,1,1,0,0.6835,0.3244444444444444,0.9375,1.0,1.0,0,0,33,0,66,16285,0.9999999999696971,0.33333333332996634,0.4999999996174242,0.9959716796874392,0.33333333332996634
larger,100000,406,Hough transform baseline,4,4,0,0.6599247440609004,0.7192933723196882,0.8478802992518704,0.26666666666666666,1.0,1,3,317,58,638,15371,0.8453333333310792,0.33193717277452156,0.47669172891767875,0.9575195312499415,0.31293188548833867
larger,100000,407,Hough transform baseline,2,2,0,0.6592578438135008,0.8321060382916052,0.9240506329113924,0.0,1.0,0,1,152,7,98,16127,0.9559748427612832,0.607999999997568,0.7432762831396991,0.9935913085936894,0.591439688713652
larger,100000,408,Hough transform baseline,1,1,0,1.0,1.0,1.0,1.0,1.0,0,0,31,0,0,16353,0.9999999999677419,0.9999999999677419,0.999999999467742,0.9999999999999389,0.9999999999677419
larger,100000,409,Hough transform baseline,1,1,0,0.9571264367816091,0.9195402298850575,0.9666666666666667,1.0,1.0,0,0,61,0,118,16205,0.9999999999836067,0.34078212290312415,0.5083333329499653,0.9927978515624394,0.34078212290312415
larger,100000,410,Hough transform baseline,3,3,0,0.7999255119021779,0.854488017429194,0.9520295202952029,0.5,1.0,1,2,266,6,378,15734,0.9779411764669929,0.4130434782602282,0.5807860257820693,0.9765624999999404,0.4092307692301397
larger,100000,411,Hough transform baseline,1,1,0,0.9422739018087856,0.8914728682170543,0.9555555555555556,1.0,1.0,0,0,46,0,88,16250,0.999999999978261,0.34328358208699045,0.5111111107249383,0.9946289062499393,0.34328358208699045
larger,100000,412,Hough transform baseline,3,4,1,0.7226214324307243,0.9365456962445997,0.7975460122699387,0.26666666666666666,0.75,1,3,133,0,126,16125,0.9999999999924812,0.5135135135115309,0.6785714281196246,0.9923095703124394,0.5135135135115309
larger,100000,413,Hough transform baseline,4,7,3,0.544640653531037,0.712723311546841,0.6552901023890785,0.14285714285714285,0.5714285714285714,1,7,215,78,380,15711,0.7337883959019325,0.36134453781451875,0.4842342337909742,0.9720458984374406,0.31946508172315086
larger,100000,414,Hough transform baseline,2,2,0,0.9612264150943396,0.9222222222222222,0.9811320754716981,1.0,1.0,0,0,108,0,62,16214,0.9999999999907407,0.6352941176433219,0.7769784167854666,0.9962158203124392,0.6352941176433219
larger,100000,415,Hough transform baseline,4,8,4,0.4421677571647116,0.6726808863353205,0.4473067915690867,0.0,0.5,0,11,222,139,397,15626,0.6149584487517591,0.35864297253576954,0.45306122402352567,0.9672851562499409,0.2928759894455239
larger,100000,416,Hough transform baseline,4,4,0,0.7754641428676511,0.8551685444340238,0.9531914893617022,0.4,1.0,1,2,236,1,451,15696,0.995780590713098,0.3435225618626732,0.5108225104399959,0.9724121093749406,0.3430232558134549
larger,100000,417,Hough transform baseline,1,1,0,1.0,1.0,1.0,1.0,1.0,0,0,19,0,36,16329,0.9999999999473684,0.3454545454482645,0.5135135131179694,0.997802734374939,0.3454545454482645
larger,100000,418,Hough transform baseline,5,5,0,0.7614062431378824,0.6739470263045988,0.9573170731707317,0.6666666666666666,1.0,3,3,315,0,288,15781,0.9999999999968254,0.5223880597006262,0.6862745093516381,0.98242187499994,0.5223880597006262
larger,100000,419,Hough transform baseline,1,1,0,1.0,1.0,1.0,1.0,1.0,0,0,61,0,0,16323,0.9999999999836067,0.9999999999836067,0.9999999994836066,0.9999999999999389,0.9999999999836067
larger,100000,420,Hough transform baseline,5,5,0,0.7992720344654509,0.7921472868217053,0.9640287769784173,0.6,1.0,2,3,270,0,407,15707,0.9999999999962963,0.398818316099854,0.5702217524950575,0.9751586914061905,0.398818316099854
larger,100000,421,Hough transform baseline,4,4,0,0.9334407216494846,0.875,0.9484536082474226,1.0,1.0,0,0,86,2,154,16142,0.9772727272616218,0.3583333333318403,0.5243902435066181,0.9904785156249395,0.3553719008249778
larger,100000,422,Hough transform baseline,1,1,0,1.0,1.0,1.0,1.0,1.0,0,0,26,0,0,16358,0.9999999999615384,0.9999999999615384,0.9999999994615385,0.9999999999999389,0.9999999999615384
larger,100000,423,Hough transform baseline,2,3,1,0.4929001501501502,0.6258641975308642,0.722972972972973,0.0,0.6666666666666667,0,1,111,13,192,16068,0.8951612903153616,0.3663366336621573,0.5199063227704425,0.9874877929686897,0.35126582278369856
larger,100000,424,Hough transform baseline,2,2,0,0.9800802908254002,0.9630801687763714,0.9834710743801653,1.0,1.0,0,0,111,0,160,16113,0.999999999990991,0.409594095939448,0.5811518320454072,0.9902343749999395,0.409594095939448
larger,100000,425,Hough transform baseline,2,3,1,0.28183608815426997,0.39,0.19834710743801653,0.0,0.6666666666666667,0,2,41,79,41,16223,0.34166666666381945,0.49999999999390243,0.40594059357308104,0.9926757812499394,0.254658385091586
larger,100000,426,Hough transform baseline,2,2,0,1.0,1.0,1.0,1.0,1.0,0,0,143,0,0,16241,0.999999999993007,0.999999999993007,0.9999999994930071,0.9999999999999389,0.999999999993007
larger,100000,427,Hough transform baseline,2,2,0,0.9227380228840208,0.8533458411507192,0.9436619718309859,1.0,1.0,0,0,73,0,138,16173,0.9999999999863013,0.345971563979403,0.51408450665669,0.9915771484374395,0.345971563979403
larger,100000,428,Hough transform baseline,3,3,0,0.7143916575868113,0.9325662566256625,0.9736842105263158,0.0,1.0,0,1,184,1,275,15924,0.9945945945892185,0.40087145969411575,0.5714285710173074,0.9831542968749399,0.39999999999913044
larger,100000,429,Hough transform baseline,4,3,1,0.7753662280701754,0.5641666666666667,0.9824561403508771,1.0,0.75,0,0,115,0,204,16065,0.9999999999913043,0.360501567396989,0.5299539166587206,0.9875488281249397,0.360501567396989
larger,100000,430,Hough transform baseline,3,3,0,1.0,1.0,1.0,1.0,1.0,0,0,111,0,106,16167,0.999999999990991,0.5115207373248317,0.6768292678407756,0.9935302734374394,0.5115207373248317
larger,100000,431,Hough transform baseline,2,2,0,0.5111867245657569,0.6197311827956989,0.6615384615384615,0.0,1.0,0,1,91,40,63,16190,0.6946564885443156,0.5909090909052539,0.6385964907268452,0.9937133789061893,0.46907216494603576
larger,100000,432,Hough transform baseline,4,4,0,0.9817585301837272,0.9629629629629631,0.9921259842519685,1.0,1.0,1,1,230,0,76,16078,0.9999999999956523,0.7516339869256483,0.8582089547307307,0.9953613281249393,0.7516339869256483
larger,100000,433,Hough transform baseline,3,5,2,0.49692199775533114,0.7267676767676768,0.5493827160493827,0.0,0.6,0,2,256,40,296,15792,0.864864864861943,0.46376811594118883,0.6037735844498041,0.9794921874999402,0.432432432431702
larger,100000,434,Hough transform baseline,1,1,0,1.0,1.0,1.0,1.0,1.0,0,0,60,0,0,16324,0.9999999999833334,0.9999999999833334,0.9999999994833335,0.9999999999999389,0.9999999999833334
larger,100000,435,Hough transform baseline,5,7,2,0.5591020408824057,0.8108561460010735,0.613941018766756,0.0,0.7142857142857143,1,4,300,40,172,15872,0.8823529411738754,0.6355932203376364,0.7389162556690285,0.9870605468749397,0.5859374999988556
larger,100000,436,Hough transform baseline,1,3,2,0.6817156862745098,0.65,0.5294117647058824,1.0,0.33333333333333337,0,0,37,0,26,16321,0.9999999999729731,0.5873015872922651,0.739999999519,0.998413085937439,0.5873015872922651
larger,100000,437,Hough transform baseline,5,6,1,0.581264986115105,0.7502246094874999,0.8016528925619835,0.0,0.8333333333333334,0,1,221,2,410,15751,0.9910313901300851,0.3502377179075274,0.5175644024232158,0.9748535156249405,0.34913112164241844
larger,100000,438,Hough transform baseline,5,6,1,0.6676394456482485,0.8790527065527065,0.9436619718309859,0.0,0.8333333333333334,0,1,360,0,458,15566,0.9999999999972222,0.44009779951046446,0.6112054325117247,0.9720458984374406,0.44009779951046446
larger,100000,439,Hough transform baseline,2,2,0,1.0,1.0,1.0,1.0,1.0,0,0,42,0,38,16304,0.9999999999761906,0.5249999999934375,0.6885245897011556,0.997680664062439,0.5249999999934375
larger,100000,440,Hough transform baseline,2,2,0,0.9634837962962962,0.9270833333333333,0.9814814814814815,1.0,1.0,0,0,110,0,66,16208,0.999999999990909,0.624999999996449,0.7692307687520172,0.9959716796874392,0.624999999996449
larger,100000,441,Hough transform baseline,2,2,0,0.9494528391500141,0.9033592503987241,0.9647058823529412,1.0,1.0,0,0,73,1,144,16166,0.9864864864731555,0.33640552995236683,0.5017182126757125,0.9911499023436895,0.33486238531956486
larger,100000,442,Hough transform baseline,3,4,1,0.5503795220166967,0.6954742547425475,0.8120805369127517,0.0,0.75,0,1,142,4,244,15994,0.9726027397193658,0.36787564766744074,0.5338345860659166,0.9848632812499398,0.3641025641016305
larger,100000,443,Hough transform baseline,4,7,3,0.5344005963102194,0.6903113157967528,0.7830882352941176,0.039999999999999994,0.5714285714285714,1,5,232,28,430,15694,0.8923076923042604,0.3504531722049087,0.5032537956894048,0.9720458984374406,0.3362318840574837
larger,100000,444,Hough transform baseline,3,3,0,0.9635841170323929,0.9292929292929293,0.9770114942528736,1.0,1.0,0,0,90,0,46,16248,0.9999999999888889,0.661764705877487,0.7964601765048164,0.9971923828124392,0.661764705877487
larger,100000,445,Hough transform baseline,5,6,1,0.7335721743672481,0.8743024887677319,0.8673469387755102,0.3333333333333333,0.8333333333333334,1,3,267,6,360,15751,0.9780219780183955,0.4258373205734835,0.5933333329093703,0.9776611328124403,0.42180094786663225
larger,100000,446,Hough transform baseline,5,9,4,0.5255835887049531,0.743246717422487,0.6778350515463918,0.0,0.5555555555555556,0,5,302,20,456,15606,0.9378881987548513,0.39841688654301,0.5592592588397118,0.9709472656249407,0.3881748071974445
larger,100000,447,Hough transform baseline,4,6,2,0.5702839787477205,0.7718283894754483,0.7814726840855106,0.0,0.6666666666666667,0,7,354,50,350,15630,0.8762376237602073,0.5028409090901949,0.6389891692105918,0.9755859374999404,0.4694960212195365
larger,100000,448,Hough transform baseline,1,1,0,0.9548006379585326,0.9151515151515152,0.9649122807017544,1.0,1.0,0,0,41,0,81,16262,0.9999999999756098,0.33606557376773716,0.503067484279875,0.9950561523436893,0.33606557376773716
larger,100000,449,Hough transform baseline,4,4,0,0.6504099462365591,0.9125,0.6989247311827957,0.0,1.0,0,1,136,53,106,16089,0.7195767195729124,0.5619834710720579,0.6310904867436115,0.9902954101561895,0.4610169491509796
larger,100000,450,Hough transform baseline,4,5,1,0.6306516416932777,0.8028436911487759,0.9468599033816425,0.0,0.8,1,0,196,5,198,15985,0.9751243781046014,0.4974619289327476,0.658823528962158,0.9876098632811897,0.49122807017420744
larger,100000,451,Hough transform baseline,4,4,0,0.9921345752037903,0.9862096138691884,0.991701244813278,1.0,1.0,0,0,234,0,190,15960,0.9999999999957265,0.5518867924515286,0.7112462001474303,0.9884033203124396,0.5518867924515286
larger,100000,452,Hough transform baseline,4,5,1,0.5888495141367585,0.7525848416289592,0.8509316770186335,0.0,0.8,0,1,123,4,364,15893,0.968503937000248,0.25256673511241773,0.4006514654686256,0.9775390624999403,0.2505091649689399
larger,100000,453,Hough transform baseline,3,4,1,0.3268136335209506,0.23076923076923078,0.7398373983739837,0.0,0.75,1,2,101,8,88,16187,0.926605504578655,0.5343915343887069,0.6778523485247736,0.9941406249999393,0.5126903553273467
larger,100000,454,Hough transform baseline,1,2,1,0.8163188405797102,0.7866666666666666,0.8115942028985508,1.0,0.5,0,0,71,0,106,16207,0.9999999999859155,0.40112994350055864,0.5725806447480164,0.9935302734374394,0.40112994350055864
larger,100000,455,Hough transform baseline,4,4,0,0.6728201219512195,0.9125,0.8109756097560976,0.0,1.0,0,1,139,28,94,16123,0.8323353293363334,0.5965665236025899,0.6949999995101375,0.9925537109374394,0.5325670498063887
larger,100000,456,Hough transform baseline,5,6,1,0.5997355203517124,0.7173967095706226,0.7178683385579938,0.2,0.8333333333333334,1,4,257,56,430,15641,0.8210862619782074,0.37409024745214836,0.5139999995689101,0.9703369140624407,0.34589502018795976
larger,100000,457,Hough transform baseline,2,3,1,0.7697322128042124,0.8947701149425287,0.8770949720670391,0.5,0.6666666666666667,1,2,180,0,100,16104,0.9999999999944446,0.642857142854847,0.7826086951724007,0.9938964843749393,0.642857142854847
larger,100000,458,Hough transform baseline,2,2,0,0.8878005952380952,0.76125,0.9761904761904762,1.0,1.0,0,0,39,0,30,16315,0.9999999999743591,0.5652173912961562,0.7222222217474279,0.998168945312439,0.5652173912961562
larger,100000,459,Hough transform baseline,5,6,1,0.6951341481823643,0.8163557754785824,0.7472035794183445,0.38,0.8333333333333334,4,10,332,68,121,15863,0.8299999999979251,0.7328918322279627,0.7784290733570806,0.9884643554686896,0.637236084451752
larger,100000,460,Hough transform baseline,3,4,1,0.5310920494373732,0.7193732193732193,0.6618705035971223,0.0,0.75,0,2,107,4,58,16215,0.9639639639552796,0.6484848484809184,0.775362318354101,0.9962158203124392,0.6331360946708099
larger,100000,461,Hough transform baseline,1,1,0,1.0,1.0,1.0,1.0,1.0,0,0,22,0,18,16344,0.9999999999545455,0.54999999998625,0.7096774188740894,0.998901367187439,0.54999999998625
larger,100000,462,Hough transform baseline,3,3,0,0.5465408805031446,0.7407407407407407,0.5660377358490566,0.0,1.0,0,1,99,62,150,16073,0.6149068322943174,0.3975903614441864,0.4829268287889708,0.9870605468749397,0.3183279742755038
larger,100000,463,Hough transform baseline,5,6,1,0.6468367650423245,0.7181796690307328,0.7516129032258064,0.36,0.8333333333333334,2,5,228,52,268,15836,0.8142857142828062,0.45967741935391193,0.5876288655166064,0.9804687499999402,0.4160583941598247
larger,100000,464,Hough transform baseline,5,5,0,0.8096073051579186,0.8647942386831275,0.9355828220858896,0.5333333333333333,1.0,2,3,298,16,279,15791,0.9490445859842388,0.5164644714029177,0.6689113351200646,0.98199462890619,0.5025295109603667
larger,100000,465,Hough transform baseline,1,1,0,0.9692547969656403,0.9423868312757202,0.9759036144578314,1.0,1.0,0,0,84,0,164,16136,0.9999999999880952,0.3387096774179891,0.5060240960044999,0.9899902343749396,0.3387096774179891
larger,100000,466,Hough transform baseline,3,3,0,0.7766818181818181,0.8481818181818181,0.975,0.4,1.0,1,1,66,0,80,16238,0.9999999999848485,0.45205479451745173,0.622641508999288,0.9951171874999393,0.45205479451745173
larger,100000,467,Hough transform baseline,3,3,0,0.8506555944055944,0.7613636363636364,0.7902097902097902,1.0,1.0,0,0,103,30,125,16126,0.7744360902197411,0.45175438596293094,0.5706371186450381,0.9905395507811895,0.399224806200003
larger,100000,468,Hough transform baseline,3,5,2,0.509157253003407,0.6430976430976432,0.7988165680473372,0.0,0.6,0,3,156,9,272,15947,0.9454545454488155,0.3644859813075596,0.5261382795291213,0.9828491210936899,0.35697940503350806
larger,100000,469,Hough transform baseline,5,7,2,0.535644117983227,0.6883557800224467,0.7722772277227723,0.0,0.7142857142857143,0,2,273,16,255,15840,0.9446366781974235,0.5170454545444753,0.668298653151923,0.9834594726561899,0.5018382352931952
larger,100000,470,Hough transform baseline,4,4,0,0.9915346430080271,0.9845679012345678,0.9923954372623575,1.0,1.0,2,2,255,0,214,15915,0.9999999999960785,0.5437100213208024,0.7044198890445004,0.9869384765624397,0.5437100213208024
larger,100000,471,Hough transform baseline,5,6,1,0.7000373999682107,0.8618303544671007,0.727735368956743,0.3333333333333333,0.8333333333333334,2,6,288,59,429,15608,0.8299711815538041,0.4016736401668038,0.541353383018092,0.9702148437499407,0.37113402061807843
larger,100000,472,Hough transform baseline,2,2,0,1.0,1.0,1.0,1.0,1.0,0,0,123,0,0,16261,0.9999999999918698,0.9999999999918698,0.9999999994918698,0.9999999999999389,0.9999999999918698
larger,100000,473,Hough transform baseline,2,3,1,0.43833333333333335,0.5,0.7333333333333334,0.0,0.6666666666666667,0,1,56,0,22,16306,0.999999999982143,0.7179487179395134,0.8358208950233905,0.998657226562439,0.7179487179395134
larger,100000,474,Hough transform baseline,4,5,1,0.6666931283460376,0.6543588665065745,0.8361581920903955,0.5,0.8,1,2,171,0,292,15921,0.9999999999941521,0.3693304535629172,0.5394321762605111,0.98217773437494,0.3693304535629172
larger,100000,475,Hough transform baseline,5,5,0,0.9812578454958568,0.9652413793103449,0.9844961240310077,1.0,1.0,3,3,260,0,222,15902,0.9999999999961539,0.5394190871358103,0.700808624879796,0.9864501953124397,0.5394190871358103
larger,100000,476,Hough transform baseline,1,1,0,1.0,1.0,1.0,1.0,1.0,0,0,98,0,0,16286,0.9999999999897958,0.9999999999897958,0.9999999994897959,0.9999999999999389,0.9999999999897958
larger,100000,477,Hough transform baseline,1,2,1,0.19340909090909092,0.11666666666666667,0.4545454545454546,0.0,0.5,0,1,35,0,34,16315,0.9999999999714286,0.5072463768042428,0.6730769226174186,0.997924804687439,0.5072463768042428
larger,100000,478,Hough transform baseline,4,4,0,0.7861144935594476,0.8473288439955106,0.8990825688073394,0.5,1.0,1,2,187,12,228,15957,0.9396984924575895,0.45060240963746845,0.6091205207325329,0.9853515624999398,0.43793911006923203
larger,100000,479,Hough transform baseline,5,5,0,0.9515151515151514,0.9009704892057833,0.9803921568627451,1.0,1.0,2,2,184,0,102,16098,0.9999999999945652,0.6433566433543939,0.7829787229244725,0.9937744140624393,0.6433566433543939
larger,100000,480,Hough transform baseline,2,2,0,0.91125,0.825,0.95,1.0,1.0,0,0,42,0,30,16312,0.9999999999761906,0.5833333333252314,0.7368421047848568,0.998168945312439,0.5833333333252314
larger,100000,481,Hough transform baseline,3,3,0,0.9812228878330923,0.966903073286052,0.9805825242718447,1.0,1.0,1,1,105,0,94,16185,0.9999999999904762,0.5276381909521225,0.6907894732274715,0.9942626953124393,0.5276381909521225
larger,100000,482,Hough transform baseline,5,5,0,0.992312462742534,0.9866514111365369,0.9915966386554622,1.0,1.0,0,0,233,0,158,15993,0.9999999999957082,0.5959079283872227,0.7467948713245346,0.9903564453124395,0.5959079283872227
larger,100000,483,Hough transform baseline,2,2,0,0.6417418032786885,0.825,0.8524590163934427,0.0,1.0,0,1,108,15,142,16119,0.8780487804806663,0.43199999999827204,0.5790884714047252,0.9904174804686895,0.40754716980978284
larger,100000,484,Hough transform baseline,2,2,0,0.5401685886564914,0.7073989071038251,0.6091954022988506,0.0,1.0,0,1,92,43,209,16040,0.6814814814764335,0.30564784053054606,0.4220183481943966,0.9846191406249398,0.2674418604643388
larger,100000,485,Hough transform baseline,4,5,1,0.7781381860299359,0.6971376811594203,0.6721311475409837,1.0,0.8,0,0,160,19,233,15972,0.8938547485983585,0.4071246819328063,0.5594405590085884,0.9846191406249398,0.3883495145621642
larger,100000,486,Hough transform baseline,2,2,0,0.9557931034482758,0.9195402298850575,0.96,1.0,1.0,0,0,52,0,60,16272,0.9999999999807693,0.46428571428156884,0.6341463410226056,0.9963378906249392,0.46428571428156884
larger,100000,487,Hough transform baseline,2,2,0,0.9735779418150239,0.950354609929078,0.9795918367346939,1.0,1.0,0,0,100,0,96,16188,0.99999999999,0.51020408163005,0.6756756752237034,0.9941406249999393,0.51020408163005
larger,100000,488,Hough transform baseline,4,4,0,0.7361217948717949,0.825,0.9076923076923077,0.3333333333333333,1.0,1,3,302,24,156,15902,0.9263803680953179,0.65938864628677,0.7704081627775146,0.9890136718749396,0.6265560165962105
larger,100000,489,Hough transform baseline,4,4,0,1.0,1.0,1.0,1.0,1.0,0,0,238,0,0,16146,0.9999999999957984,0.9999999999957984,0.9999999994957984,0.9999999999999389,0.9999999999957984
larger,100000,490,Hough transform baseline,4,4,0,1.0,1.0,1.0,1.0,1.0,0,0,202,0,0,16182,0.9999999999950495,0.9999999999950495,0.9999999994950495,0.9999999999999389,0.9999999999950495
larger,100000,491,Hough transform baseline,4,5,1,0.4806121716993364,0.5843131973836091,0.6883561643835616,0.0,0.8,0,2,247,39,384,15714,0.863636363633344,0.3914421553084129,0.5387131947713432,0.9741821289061905,0.3686567164173602
larger,100000,492,Hough transform baseline,3,3,0,0.9723856729318038,0.950408191504082,0.9735099337748344,1.0,1.0,0,0,154,0,264,15966,0.9999999999935065,0.3684210526306976,0.5384615380661646,0.9838867187499399,0.3684210526306976
larger,100000,493,Hough transform baseline,2,3,1,0.41882092198581555,0.5083333333333333,0.6170212765957447,0.0,0.6666666666666667,0,1,43,0,24,16317,0.9999999999767443,0.6417910447665404,0.7818181813277686,0.998535156249939,0.6417910447665404
larger,100000,494,Hough transform baseline,3,6,3,0.4676892697466468,0.6377943368107303,0.6534090909090908,0.0,0.5,0,2,132,1,228,16023,0.9924812030000566,0.3666666666656482,0.535496957007484,0.9860229492186898,0.365650969528073
larger,100000,495,Hough transform baseline,1,1,0,1.0,1.0,1.0,1.0,1.0,0,0,78,0,0,16306,0.9999999999871795,0.9999999999871795,0.9999999994871795,0.9999999999999389,0.9999999999871795
larger,100000,496,Hough transform baseline,3,4,1,0.5160386974988203,0.6747008547008548,0.6871165644171779,0.0,0.75,0,1,132,23,201,16028,0.8516129032203122,0.396396396395206,0.5409836061216826,0.9863281249999398,0.37078651685289105
larger,100000,497,Hough transform baseline,3,6,3,0.45902928032054247,0.706484820465403,0.4555555555555556,0.0,0.5,0,4,237,91,278,15778,0.7225609756075532,0.46019417475638796,0.5622775795944439,0.9774780273436903,0.39108910891024573
larger,100000,498,Hough transform baseline,5,5,0,0.989170596887791,0.9806502506731339,0.9893899204244032,1.0,1.0,3,3,360,2,398,15624,0.9944751381187998,0.4749340369386874,0.6428571424185012,0.9755859374999404,0.47368421052569254
larger,100000,499,Hough transform baseline,3,3,0,0.9097238895558224,0.803921568627451,0.9897959183673469,1.0,1.0,1,1,174,0,81,16129,0.9999999999942529,0.6823529411737947,0.8111888107028542,0.9950561523436893,0.6823529411737947
larger,100000,500,Hough transform baseline,5,7,2,0.6679315110968054,0.8805443519375065,0.7155756207674944,0.2285714285714286,0.7142857142857143,2,7,372,60,392,15560,0.8611111111091179,0.4869109947637606,0.6220735781328061,0.9724121093749406,0.4514563106790638
larger,100000,501,Hough transform baseline,2,3,1,0.9312676371395141,0.9798850574712643,0.8682634730538922,1.0,0.6666666666666667,0,0,149,0,238,15997,0.9999999999932887,0.38501291989564596,0.555970148850238,0.9854736328124398,0.38501291989564596
larger,100000,502,Hough transform baseline,5,9,4,0.5635037446992317,0.7257840788182784,0.7281553398058253,0.14285714285714285,0.5555555555555556,1,7,349,36,567,15432,0.906493506491152,0.38100436681181116,0.5365103762158264,0.9631958007811912,0.36659663865507713
larger,100000,503,Hough transform baseline,5,6,1,0.6259928506345683,0.8565339243651924,0.786096256684492,0.0,0.8333333333333334,0,1,291,58,417,15618,0.8338108882497599,0.41101694915196185,0.5506149475225773,0.9710083007811907,0.3798955613572064
larger,100000,504,Hough transform baseline,3,4,1,0.5778688405797101,0.7512640901771337,0.8240000000000001,0.0,0.75,0,1,120,0,205,16059,0.9999999999916667,0.36923076922963316,0.5393258423003155,0.9874877929686897,0.36923076922963316
larger,100000,505,Hough transform baseline,1,1,0,0.927124183006536,0.8627450980392158,0.9444444444444444,1.0,1.0,0,0,37,0,70,16277,0.9999999999729731,0.3457943925201328,0.5138888884999037,0.9957275390624392,0.3457943925201328
larger,100000,506,Hough transform baseline,1,1,0,0.9249350649350648,0.8585858585858585,0.9428571428571428,1.0,1.0,0,0,36,0,68,16280,0.9999999999722223,0.34615384615051775,0.5142857138963265,0.9958496093749392,0.34615384615051775
larger,100000,507,Hough transform baseline,4,4,0,0.6708910781841109,0.826631054131054,0.994535519125683,0.0,1.0,1,0,184,3,266,15931,0.9839572192460752,0.40888888888798025,0.577708005862853,0.9835815429686899,0.406181015451642
larger,100000,508,Hough transform baseline,3,3,0,0.9568696468708128,0.9148642755094367,0.9759036144578314,1.0,1.0,0,0,159,1,225,15999,0.9937499999937891,0.41406249999892175,0.5845588231120378,0.9862060546874398,0.4129870129859403
larger,100000,509,Hough transform baseline,5,7,2,0.4860259320325693,0.5103146853146854,0.9247787610619469,0.0,0.7142857142857143,3,1,203,6,390,15785,0.9712918660240608,0.34232715008373976,0.506234413578451,0.9758300781249404,0.3388981636054442
larger,100000,510,Hough transform baseline,4,5,1,0.639083538083538,0.8628282828282827,0.854054054054054,0.0,0.8,0,1,167,0,84,16133,0.999999999994012,0.665338645415676,0.7990430617173255,0.9948730468749393,0.665338645415676
larger,100000,511,Hough transform baseline,3,3,0,1.0,1.0,1.0,1.0,1.0,0,0,97,0,10,16277,0.9999999999896907,0.906542056066294,0.9509803916487408,0.9993896484374389,0.906542056066294
larger,100000,512,Hough transform baseline,1,1,0,0.9116666666666666,0.8333333333333334,0.9333333333333333,1.0,1.0,0,0,31,0,62,16291,0.9999999999677419,0.33333333332974907,0.4999999996169354,0.9962158203124392,0.33333333332974907
larger,100000,513,Hough transform baseline,1,1,0,0.902626893939394,0.7970833333333334,0.9696969696969697,1.0,1.0,0,0,67,0,134,16183,0.9999999999850746,0.333333333331675,0.4999999996212686,0.9918212890624394,0.333333333331675
larger,100000,514,Hough transform baseline,1,1,0,1.0,1.0,1.0,1.0,1.0,0,0,100,0,0,16284,0.99999999999,0.99999999999,0.99999999949,0.9999999999999389,0.99999999999
larger,100000,515,Hough transform baseline,4,4,0,0.832039616396412,0.9109971273455619,0.9854545454545455,0.5,1.0,2,1,278,0,484,15622,0.9999999999964029,0.36482939632498057,0.5346153842226479,0.9704589843749407,0.36482939632498057
larger,100000,516,Hough transform baseline,5,7,2,0.6611959567914624,0.8961797752808988,0.9324324324324325,0.0,0.7142857142857143,0,2,277,24,231,15852,0.9202657807278397,0.5452755905501078,0.684796044030424,0.9844360351561899,0.5206766917283446
larger,100000,517,Hough transform baseline,3,5,2,0.8877631578947369,0.8833333333333333,0.9013157894736842,1.0,0.6,0,0,157,0,23,16204,0.9999999999936307,0.8722222222173766,0.931750741336562,0.998596191406189,0.8722222222173766
larger,100000,518,Hough transform baseline,3,3,0,0.9527101163233123,0.9067949109026666,0.9732620320855615,1.0,1.0,0,0,185,0,348,15851,0.9999999999945947,0.34709193245713493,0.5153203338778601,0.9787597656249403,0.34709193245713493
larger,100000,519,Hough transform baseline,2,2,0,1.0,1.0,1.0,1.0,1.0,0,0,85,0,116,16183,0.9999999999882353,0.4228855721371996,0.5944055939836911,0.9929199218749394,0.4228855721371996
larger,100000,520,Hough transform baseline,1,1,0,1.0,1.0,1.0,1.0,1.0,0,0,104,0,0,16280,0.9999999999903846,0.9999999999903846,0.9999999994903845,0.9999999999999389,0.9999999999903846
larger,100000,521,Hough transform baseline,5,8,3,0.5891788751017438,0.7703678310375497,0.7214953271028037,0.14285714285714285,0.625,1,7,443,79,743,15119,0.8486590038297919,0.3735244519389768,0.5187353625726173,0.949829101562442,0.35019762845822117
larger,100000,522,Hough transform baseline,2,3,1,0.8700633583021224,0.8439679567207659,0.8680555555555556,1.0,0.6666666666666667,0,0,131,0,258,15995,0.9999999999923664,0.33676092544900577,0.5038461534673003,0.9842529296874399,0.33676092544900577
larger,100000,523,Hough transform baseline,3,4,1,0.6044591567852438,0.7334782608695652,0.49696969696969695,0.4,0.75,1,2,92,75,160,16057,0.5508982035895156,0.3650793650779164,0.43914081097432806,0.9856567382811898,0.2813455657483751
larger,100000,524,Hough transform baseline,3,3,0,1.0,1.0,1.0,1.0,1.0,0,0,128,0,0,16256,0.9999999999921876,0.9999999999921876,0.9999999994921875,0.9999999999999389,0.9999999999921876
larger,100000,525,Hough transform baseline,3,3,0,0.6392594178082192,0.8407153729071537,0.8046875,0.0,1.0,0,2,215,42,298,15829,0.8365758754831262,0.41910331383933896,0.5584415579953753,0.9792480468749402,0.3873873873866894
larger,100000,526,Hough transform baseline,2,2,0,0.979039408866995,0.9597701149425287,0.9857142857142858,1.0,1.0,0,0,142,0,118,16124,0.9999999999929579,0.5461538461517456,0.706467661231108,0.9927978515624394,0.5461538461517456
larger,100000,527,Hough transform baseline,2,2,0,0.5905919162129462,0.712171052631579,0.8505747126436781,0.0,1.0,0,1,66,10,115,16193,0.8684210526201523,0.364640883975886,0.5136186766222653,0.9923706054686894,0.34554973821808616
larger,100000,528,Hough transform baseline,5,10,5,0.5113138255858218,0.7332813466962402,0.539039039039039,0.09411764705882353,0.5,2,17,427,154,518,15285,0.7349397590348796,0.4518518518513737,0.5596330270506511,0.9589843749999415,0.38853503184678023
larger,100000,529,Hough transform baseline,4,6,2,0.542854279431884,0.7576655945047158,0.6761904761904762,0.0,0.6666666666666667,0,3,275,16,318,15775,0.9450171821273368,0.46374367622181495,0.622171945258305,0.9796142578124402,0.45155993431781355
larger,100000,530,Hough transform baseline,5,9,4,0.5263078394791533,0.7869329786483783,0.5831622176591376,0.0,0.5555555555555556,0,4,290,104,425,15565,0.7360406091351878,0.40559440559383836,0.5229936875481611,0.9677124023436909,0.35409035408992173
larger,100000,531,Hough transform baseline,3,5,2,0.46310966705607476,0.6071180555555555,0.6495327102803738,0.0,0.6,0,3,162,30,225,15967,0.8437499999956055,0.41860465116170903,0.5595854917827593,0.9844360351561899,0.3884892086321619
larger,100000,532,Hough transform baseline,2,2,0,0.8987068965517242,0.8055555555555556,0.9310344827586207,1.0,1.0,0,0,60,0,112,16212,0.9999999999833334,0.3488372093002975,0.5172413789224138,0.9931640624999394,0.3488372093002975
larger,100000,533,Hough transform baseline,2,2,0,0.9,0.7916666666666667,0.96875,1.0,1.0,0,0,52,0,98,16234,0.9999999999807693,0.3466666666643556,0.5148514847611019,0.9940185546874393,0.3466666666643556
larger,100000,534,Hough transform baseline,4,4,0,0.6642032424512677,0.894503546099291,0.8083832335329342,0.0,1.0,0,1,130,26,151,16077,0.8333333333279915,0.46263345195564903,0.5949656745953952,0.9891967773436896,0.4234527687282624
larger,100000,535,Hough transform baseline,3,3,0,0.7842122990004345,0.8170819450480468,0.9576271186440678,0.5,1.0,2,1,115,0,198,16071,0.9999999999913043,0.36741214057390603,0.5373831771745894,0.9879150390624397,0.36741214057390603
larger,100000,536,Hough transform baseline,4,9,5,0.6235841300119506,0.8934143329337838,0.5855161787365177,0.23999999999999996,0.4444444444444444,4,15,461,106,511,15306,0.8130511463830458,0.47427983539045854,0.5990903179224114,0.9623413085936913,0.4276437847862452
larger,100000,537,Hough transform baseline,4,4,0,0.9691684210526316,0.9385964912280702,0.984,1.0,1.0,0,0,129,0,40,16215,0.9999999999922481,0.763313609462939,0.865771811583735,0.997558593749939,0.763313609462939
larger,100000,538,Hough transform baseline,1,1,0,0.6931241830065359,0.34274509803921555,0.9444444444444444,1.0,1.0,0,0,15,0,26,16343,0.9999999999333333,0.36585365852766216,0.5357142853029336,0.998413085937439,0.36585365852766216
larger,100000,539,Hough transform baseline,2,2,0,0.9806159420289855,0.9661835748792271,0.9791666666666666,1.0,1.0,0,0,98,0,140,16146,0.9999999999897958,0.41176470588062286,0.5833333329166667,0.9914550781249395,0.41176470588062286
larger,100000,540,Hough transform baseline,2,2,0,0.9450000000000001,0.8962962962962964,0.9583333333333334,1.0,1.0,0,0,98,0,188,16098,0.9999999999897958,0.34265734265614456,0.5104166662838541,0.9885253906249396,0.34265734265614456
larger,100000,541,Hough transform baseline,2,2,0,1.0,1.0,1.0,1.0,1.0,0,0,138,0,0,16246,0.9999999999927537,0.9999999999927537,0.9999999994927538,0.9999999999999389,0.9999999999927537
larger,100000,542,Hough transform baseline,3,3,0,0.9472297828585254,0.8933782267115601,0.9760479041916168,1.0,1.0,0,0,170,0,194,16020,0.9999999999941177,0.467032967031684,0.6367041194137945,0.9881591796874397,0.467032967031684
larger,100000,543,Hough transform baseline,5,6,1,0.6227351827530856,0.7682403460579078,0.8018018018018018,0.13333333333333333,0.8333333333333334,1,3,202,9,165,16008,0.9573459715594439,0.5504087193445493,0.6989619372502663,0.9893798828124396,0.5372340425517627
larger,100000,544,Hough transform baseline,3,5,2,0.7667181411459085,0.9769888231426693,0.9186991869918699,0.3333333333333333,0.6,1,3,116,0,175,16093,0.9999999999913792,0.3986254295518948,0.5700245696142083,0.9893188476561896,0.3986254295518948
larger,100000,545,Hough transform baseline,5,6,1,0.5362513221763385,0.7641860465116279,0.5451713395638629,0.0,0.8333333333333334,1,1,190,114,80,16000,0.6249999999979441,0.7037037037010975,0.6620209054227925,0.9881591796874397,0.49479166666537816
larger,100000,546,Hough transform baseline,2,2,0,0.9652264150943396,0.9311111111111111,0.9811320754716981,1.0,1.0,0,0,100,2,79,16203,0.9803921568531334,0.558659217873974,0.7117437717744709,0.9950561523436893,0.5524861878422515
larger,100000,547,Hough transform baseline,2,2,0,0.5646296656099805,0.6825541125541125,0.7874015748031495,0.0,1.0,0,1,97,21,142,16124,0.8220338982981183,0.4058577405840759,0.543417366501173,0.9900512695311895,0.3730769230754882
larger,100000,548,Hough transform baseline,3,5,2,0.8888144698902993,0.9134265734265734,0.8388625592417062,1.0,0.6,0,0,216,0,294,15874,0.9999999999953704,0.42352941176387543,0.5950413218944061,0.98205566406244,0.42352941176387543
larger,100000,549,Hough transform baseline,1,1,0,1.0,1.0,1.0,1.0,1.0,0,0,74,0,0,16310,0.9999999999864865,0.9999999999864865,0.9999999994864865,0.9999999999999389,0.9999999999864865
larger,100000,550,Hough transform baseline,3,3,0,0.7115885478158205,0.8143526170798897,0.8506493506493507,0.3,1.0,1,2,117,14,45,16208,0.8931297709855487,0.7222222222177641,0.7986348117868349,0.9963989257811892,0.6647727272689502
larger,100000,551,Hough transform baseline,5,7,2,0.7815608999355735,0.8409090909090909,0.9086161879895561,0.6,0.7142857142857143,1,1,348,26,296,15714,0.930481283419972,0.5403726708066143,0.6836935162332397,0.9803466796874402,0.5194029850738516
larger,100000,552,Hough transform baseline,1,1,0,0.8465277777777778,0.7083333333333334,0.8888888888888888,1.0,1.0,0,0,19,0,34,16331,0.9999999999473684,0.3584905660309719,0.5277777773746142,0.997924804687439,0.3584905660309719
larger,100000,553,Hough transform baseline,5,5,0,0.6706711133069829,0.8324677938808374,0.7303030303030302,0.2,1.0,1,5,241,57,319,15767,0.8087248322120513,0.4303571428563744,0.561771561316875,0.9770507812499404,0.39059967585025834
larger,100000,554,Hough transform baseline,3,3,0,0.9669248433562543,0.9361614876515797,0.9782608695652174,1.0,1.0,0,0,203,0,397,15784,0.9999999999950739,0.33833333333276944,0.5056039846769942,0.9757690429686904,0.33833333333276944
larger,100000,555,Hough transform baseline,4,4,0,0.9486190363087055,0.8968850876016414,0.975103734439834,1.0,1.0,0,0,245,0,380,15759,0.9999999999959184,0.3919999999993728,0.5632183903986919,0.9768066406249404,0.3919999999993728
larger,100000,556,Hough transform baseline,2,3,1,0.784668818747011,0.7343137254901961,0.6878048780487804,1.0,0.6666666666666667,0,0,162,29,94,16099,0.848167539262575,0.6328124999975281,0.7248322142724302,0.9924926757811894,0.5684210526295845
larger,100000,557,Hough transform baseline,3,3,0,0.8915021302495435,0.7811158449989857,0.95,1.0,1.0,0,0,123,0,208,16053,0.9999999999918698,0.37160120845809186,0.5418502198668806,0.9873046874999397,0.37160120845809186
larger,100000,558,Hough transform baseline,3,3,0,0.9282330097087379,0.8577777777777779,0.9611650485436893,1.0,1.0,0,0,106,0,132,16146,0.999999999990566,0.4453781512586329,0.6162790693374798,0.9919433593749394,0.4453781512586329
larger,100000,559,Hough transform baseline,2,3,1,0.49130594779632,0.6238596491228069,0.7195121951219512,0.0,0.6666666666666667,0,1,79,1,108,16196,0.9874999999876563,0.42245989304586923,0.5917602992013354,0.9933471679686894,0.4202127659552117
larger,100000,560,Hough transform baseline,3,5,2,0.5801748776009792,0.8633515798540278,0.6583333333333333,0.0,0.6,0,1,172,44,329,15839,0.7962962962926098,0.34331337325280775,0.47977684755534555,0.9772338867186904,0.3155963302746503
larger,100000,561,Hough transform baseline,3,3,0,0.9251979282278949,0.8505446623093682,0.9622641509433962,1.0,1.0,0,0,109,0,102,16173,0.9999999999908257,0.5165876777226702,0.681249999546543,0.9937744140624393,0.5165876777226702
larger,100000,562,Hough transform baseline,2,2,0,0.9324956293706294,0.8701923076923076,0.9545454545454546,1.0,1.0,0,0,82,1,149,16152,0.9879518072170126,0.3549783549768183,0.5222929932383261,0.9908447265624395,0.3534482758605455
larger,100000,563,Hough transform baseline,4,5,1,0.6157426188866353,0.8687000726216413,0.7241379310344828,0.0,0.8,0,1,250,49,349,15736,0.8361204013349963,0.4173622704500545,0.5567928726057881,0.9757080078124404,0.3858024691352071
larger,100000,564,Hough transform baseline,2,4,2,0.3850412087912088,0.5318376068376068,0.47857142857142854,0.0,0.5,0,2,105,28,114,16137,0.7894736842045905,0.4794520547923313,0.5965909086173651,0.9913330078124395,0.42510121457317773
larger,100000,565,Hough transform baseline,4,5,1,0.7324634995507637,0.9020502645502645,0.7327044025157232,0.4,0.8,2,4,238,65,232,15849,0.7854785478521932,0.5063829787223268,0.615782664463529,0.98187255859369,0.44485981308328065
larger,100000,566,Hough transform baseline,2,3,1,0.8898395341802783,0.8947701149425287,0.8526315789473684,1.0,0.6666666666666667,0,0,98,0,109,16177,0.9999999999897958,0.4734299516885342,0.6426229503793174,0.9933471679686894,0.4734299516885342
larger,100000,567,Hough transform baseline,2,2,0,0.968329637841833,0.943089430894309,0.9696969696969697,1.0,1.0,0,0,68,0,84,16232,0.9999999999852941,0.4473684210496884,0.6181818177490909,0.9948730468749393,0.4473684210496884
larger,100000,568,Hough transform baseline,2,2,0,1.0,1.0,1.0,1.0,1.0,0,0,121,0,0,16263,0.9999999999917355,0.9999999999917355,0.9999999994917355,0.9999999999999389,0.9999999999917355
larger,100000,569,Hough transform baseline,3,6,3,0.2637778280179257,0.22763915962746373,0.5567010309278351,0.0,0.5,1,7,106,45,181,16052,0.7019867549622385,0.36933797909278976,0.48401826438617834,0.9862060546874398,0.3192771084327733
larger,100000,570,Hough transform baseline,4,6,2,0.5608641848347731,0.7178748266983561,0.8557692307692308,0.0,0.6666666666666667,0,1,292,0,374,15718,0.9999999999965754,0.43843843843778013,0.6096033398672077,0.9771728515624404,0.43843843843778013
larger,100000,571,Hough transform baseline,1,1,0,0.9696283391405343,0.943089430894309,0.9761904761904762,1.0,1.0,0,0,85,0,170,16129,0.9999999999882353,0.33333333333202614,0.49999999962205877,0.9896240234374396,0.33333333333202614
larger,100000,572,Hough transform baseline,5,7,2,0.701995586597722,0.8217393365414675,0.803921568627451,0.4,0.7142857142857143,1,2,293,9,428,15654,0.9701986754934762,0.4063800277386874,0.5728250240206856,0.9733276367186906,0.4013698630131488
larger,100000,573,Hough transform baseline,3,3,0,0.9446860808090266,0.8938516680452165,0.9622641509433962,1.0,1.0,0,0,107,0,187,16090,0.9999999999906541,0.36394557823005463,0.5336658350175434,0.9885864257811896,0.36394557823005463
larger,100000,574,Hough transform baseline,1,1,0,0.931140350877193,0.8703703703703705,0.9473684210526316,1.0,1.0,0,0,39,0,74,16271,0.9999999999743591,0.34513274335977756,0.5131578943485976,0.9954833984374392,0.34513274335977756
larger,100000,575,Hough transform baseline,3,4,1,0.5663191865605659,0.6984615384615386,0.8850574712643678,0.0,0.75,0,1,174,0,209,16001,0.9999999999942529,0.4543080939935919,0.6247755830510976,0.9872436523436897,0.4543080939935919
larger,100000,576,Hough transform baseline,5,6,1,0.660847061466096,0.8226470588235295,0.6199460916442048,0.3333333333333333,0.8333333333333334,1,3,230,87,299,15768,0.7255520504708973,0.43478260869483026,0.5437352241164009,0.9764404296874404,0.37337662337601724
larger,100000,577,Hough transform baseline,3,5,2,0.8840517241379311,0.8833333333333333,0.8827586206896552,1.0,0.6,0,0,150,0,27,16207,0.9999999999933334,0.8474576271138562,0.9174311921583481,0.998352050781189,0.8474576271138562
larger,100000,578,Hough transform baseline,3,3,0,0.9655652173913044,0.9323671497584541,0.98,1.0,1.0,0,0,103,0,52,16229,0.9999999999902912,0.6645161290279709,0.7984496119172224,0.9968261718749392,0.6645161290279709
larger,100000,579,Hough transform baseline,1,1,0,0.9116666666666666,0.8333333333333334,0.9333333333333333,1.0,1.0,0,0,31,0,58,16295,0.9999999999677419,0.34831460673765935,0.516666666274861,0.9964599609374392,0.34831460673765935
larger,100000,580,Hough transform baseline,5,7,2,0.47293156182391854,0.5123005521330294,0.8548387096774194,0.0,0.7142857142857143,2,0,160,37,317,15870,0.8121827411126286,0.33542976939133035,0.47477744765609886,0.9783935546874403,0.3112840466920014
larger,100000,581,Hough transform baseline,2,2,0,0.9183730650154799,0.8290643274853802,0.9764705882352941,1.0,1.0,0,0,87,0,120,16177,0.9999999999885058,0.4202898550704334,0.5918367342731501,0.9926757812499394,0.4202898550704334
larger,100000,582,Hough transform baseline,1,1,0,1.0,1.0,1.0,1.0,1.0,0,0,50,0,0,16334,0.9999999999800001,0.9999999999800001,0.9999999994800002,0.9999999999999389,0.9999999999800001
larger,100000,583,Hough transform baseline,2,2,0,0.981923076923077,0.9666666666666668,0.9846153846153847,1.0,1.0,0,0,132,0,142,16110,0.9999999999924243,0.48175182481576007,0.6502463049766798,0.9913330078124395,0.48175182481576007
larger,100000,584,Hough transform baseline,4,4,0,0.9902020202020202,0.9827160493827161,0.98989898989899,1.0,1.0,1,1,174,0,276,15934,0.9999999999942529,0.3866666666658074,0.5576923072883382,0.9831542968749399,0.3866666666658074
larger,100000,585,Hough transform baseline,3,6,3,0.8225375893067436,0.8778032375612498,0.6376306620209059,1.0,0.5,0,0,237,0,382,15765,0.9999999999957806,0.38287560581521346,0.5537383173552903,0.9766845703124404,0.38287560581521346
larger,100000,586,Hough transform baseline,3,3,0,0.9785714285714286,0.9634920634920636,0.975,1.0,1.0,1,1,191,1,299,15893,0.9947916666614856,0.3897959183665514,0.560117301646606,0.98168945312494,0.38900203665908556
larger,100000,587,Hough transform baseline,1,1,0,0.8326367249602543,0.6641176470588235,0.9189189189189189,1.0,1.0,0,0,33,0,81,16270,0.9999999999696971,0.2894736842079871,0.44897959148243793,0.9950561523436893,0.2894736842079871
larger,100000,588,Hough transform baseline,1,1,0,1.0,1.0,1.0,1.0,1.0,0,0,48,0,0,16336,0.9999999999791668,0.9999999999791668,0.9999999994791668,0.9999999999999389,0.9999999999791668
larger,100000,589,Hough transform baseline,1,1,0,0.9726220016542597,0.9487179487179487,0.978494623655914,1.0,1.0,0,0,94,0,184,16106,0.9999999999893616,0.3381294964016614,0.5053763437056307,0.9887695312499396,0.3381294964016614
larger,100000,590,Hough transform baseline,3,4,1,0.6012648499041942,0.7827530575071558,0.8701298701298701,0.0,0.75,0,1,215,19,407,15743,0.9188034187994923,0.34565916398658253,0.5023364481996844,0.9739990234374405,0.3354134165361382
larger,100000,591,Hough transform baseline,1,1,0,0.9011851851851852,0.8133333333333332,0.9259259259259259,1.0,1.0,0,0,28,0,52,16304,0.9999999999642857,0.349999999995625,0.5185185181248285,0.9968261718749392,0.349999999995625
larger,100000,592,Hough transform baseline,4,7,3,0.5118383102134725,0.7119268774703558,0.6716417910447761,0.0,0.5714285714285714,0,5,171,20,253,15940,0.8952879581104959,0.40330188679150164,0.5560975605455695,0.9833374023436899,0.3851351351342677
larger,100000,593,Hough transform baseline,5,7,2,0.7548680369656217,0.8110952524340058,0.8422330097087378,0.6,0.7142857142857143,4,6,403,10,509,15462,0.9757869249371046,0.44188596491179616,0.6083018863624498,0.9683227539061908,0.43709327548759536
larger,100000,594,Hough transform baseline,1,1,0,0.9146829810901,0.8390804597701148,0.935483870967742,1.0,1.0,0,0,32,0,64,16288,0.9999999999687501,0.3333333333298611,0.4999999996171875,0.9960937499999392,0.3333333333298611
larger,100000,595,Hough transform baseline,5,7,2,0.7744535919371851,0.9239130434782609,0.8113207547169812,0.5,0.7142857142857143,1,2,229,22,123,16010,0.912350597605927,0.6505681818163336,0.7595356545695513,0.9911499023436895,0.6122994652390046
larger,100000,596,Hough transform baseline,3,4,1,0.9445000000000001,0.961111111111111,0.935,1.0,0.75,0,0,204,0,74,16106,0.9999999999950981,0.7338129496376482,0.8464730285539162,0.9954833984374392,0.7338129496376482
larger,100000,597,Hough transform baseline,2,2,0,0.9534507640067912,0.9059139784946236,0.9789473684210527,1.0,1.0,0,0,79,0,152,16153,0.9999999999873417,0.34199134198986153,0.5096774189717586,0.9907226562499395,0.34199134198986153
larger,100000,598,Hough transform baseline,2,2,0,0.9752978978978979,0.954716049382716,0.9783783783783784,1.0,1.0,1,1,147,1,265,15971,0.9932432432365322,0.35679611650398835,0.5249999996092474,0.9837646484374399,0.3559322033889687
larger,100000,599,Hough transform baseline,5,5,0,0.5586416083916084,0.7177272727272727,0.6783216783216783,0.0,1.0,0,3,199,76,164,15945,0.7236363636337323,0.5482093663896743,0.6238244509182153,0.9853515624999398,0.45330296127459385
larger,100000,600,Hough transform baseline,2,3,1,0.8559190590111643,0.7942982456140351,0.9090909090909091,1.0,0.6666666666666667,0,0,113,0,176,16095,0.9999999999911504,0.39100346020625953,0.5621890543194104,0.9892578124999396,0.39100346020625953
larger,100000,601,Hough transform baseline,4,5,1,0.584108045212766,0.7892708333333334,0.7446808510638299,0.0,0.8,0,2,287,31,256,15810,0.9025157232676022,0.5285451197043673,0.6666666661992632,0.98248291015619,0.4999999999991289
larger,100000,602,Hough transform baseline,4,4,0,0.9916532563422945,0.9846491228070174,0.9928057553956835,1.0,1.0,1,1,281,0,152,15951,0.9999999999964413,0.6489607390285244,0.7871148454588306,0.9907226562499395,0.6489607390285244
larger,100000,603,Hough transform baseline,4,7,3,0.37780673674151943,0.4081419546636938,0.56,0.09999999999999999,0.5714285714285714,1,6,186,81,287,15830,0.696629213480537,0.39323467230360837,0.5027027022400912,0.9775390624999403,0.33574007220156005
larger,100000,604,Hough transform baseline,4,6,2,0.623699951138489,0.7929942463686096,0.7509293680297398,0.2,0.6666666666666667,1,5,219,51,256,15858,0.8111111111081071,0.46105263157797677,0.5879194626235287,0.98126220703119,0.41634980988514003
larger,100000,605,Hough transform baseline,5,7,2,0.622792502475165,0.7871631292683925,0.673202614379085,0.25,0.7142857142857143,1,4,196,101,434,15653,0.6599326599304379,0.3111111111106173,0.4228694709767691,0.9673461914061909,0.2681258549927933
larger,100000,606,Hough transform baseline,3,3,0,0.915902800810761,0.8330178326474623,0.9552238805970149,1.0,1.0,0,0,137,0,262,15985,0.9999999999927008,0.3433583959891144,0.5111940294683045,0.9840087890624399,0.3433583959891144
larger,100000,607,Hough transform baseline,4,4,0,1.0,1.0,1.0,1.0,1.0,1,1,177,0,35,16172,0.9999999999943503,0.8349056603734203,0.9100257064402428,0.997863769531189,0.8349056603734203
larger,100000,608,Hough transform baseline,4,4,0,0.6126282290694055,0.7347058823529412,0.91005291005291,0.0,1.0,1,1,173,13,152,16046,0.9301075268767199,0.5323076923060545,0.6771037177339547,0.9899291992186896,0.5118343195251129
larger,100000,609,Hough transform baseline,4,4,0,1.0,1.0,1.0,1.0,1.0,0,0,156,0,0,16228,0.9999999999935898,0.9999999999935898,0.9999999994935898,0.9999999999999389,0.9999999999935898
larger,100000,610,Hough transform baseline,5,7,2,0.9102178400137033,0.894351851851852,0.9316546762589928,1.0,0.7142857142857143,0,0,284,1,202,15897,0.996491228066679,0.5843621399164931,0.7367055767045746,0.9876098632811897,0.5831622176579402
larger,100000,611,Hough transform baseline,2,2,0,0.9274784482758621,0.8541666666666667,0.9655172413793104,1.0,1.0,0,0,60,0,34,16290,0.9999999999833334,0.6382978723336351,0.7792207787350311,0.997924804687439,0.6382978723336351
larger,100000,612,Hough transform baseline,3,3,0,0.9041266993875691,0.8158082497212933,0.935064935064935,1.0,1.0,0,0,69,1,154,16160,0.985714285700204,0.3094170403573569,0.4709897607252734,0.9905395507811895,0.3080357142843391
larger,100000,613,Hough transform baseline,2,2,0,0.9474789915966386,0.896358543417367,0.9705882352941176,1.0,1.0,0,0,107,2,216,16059,0.981651376137783,0.33126934984417566,0.4953703699907729,0.9866943359374397,0.32923076922975625
larger,100000,614,Hough transform baseline,1,1,0,0.956378233719893,0.9181286549707602,0.9661016949152542,1.0,1.0,0,0,60,0,116,16208,0.9999999999833334,0.34090909090715393,0.5084745758876759,0.9929199218749394,0.34090909090715393
larger,100000,615,Hough transform baseline,5,9,4,0.41205179615705934,0.6493567251461988,0.3214285714285714,0.0,0.5555555555555556,0,7,161,171,177,15875,0.48493975903468395,0.4763313609453363,0.4805970144239787,0.9787597656249403,0.31630648329996797
larger,100000,616,Hough transform baseline,5,5,0,0.760369008714597,0.7781862745098039,0.9259259259259259,0.5,1.0,1,2,143,4,120,16117,0.972789115639641,0.5437262357393775,0.6975609751463772,0.9924316406249394,0.5355805243425634
larger,100000,617,Hough transform baseline,2,2,0,0.9364302749719416,0.8806818181818181,0.9506172839506173,1.0,1.0,0,0,71,2,190,16121,0.9726027397127041,0.2720306513399539,0.42514970025467025,0.9882812499999396,0.2699619771852853
larger,100000,618,Hough transform baseline,5,8,3,0.5289815551008477,0.6907878787878787,0.7781350482315113,0.0,0.625,0,1,294,4,259,15827,0.986577181204743,0.5316455696192918,0.6909518209298745,0.9839477539061899,0.5278276481139537
larger,100000,619,Hough transform baseline,3,6,3,0.4493620689655173,0.6874712643678161,0.44999999999999996,0.0,0.5,0,3,170,83,208,15923,0.6719367588906248,0.44973544973426,0.5388272578380404,0.98223876953119,0.3687635574829311
larger,100000,620,Hough transform baseline,4,6,2,0.6908524846566718,0.8800992933723197,0.8192771084337349,0.2571428571428571,0.6666666666666667,3,7,211,28,310,15835,0.8828451882808249,0.4049904030702399,0.5552631574621156,0.9793701171874402,0.3843351548262581
larger,100000,621,Hough transform baseline,3,4,1,0.7160849056603773,0.7611111111111112,0.8679245283018868,0.5,0.75,1,2,154,0,170,16060,0.9999999999935065,0.47530864197384165,0.6443514639956933,0.9896240234374396,0.47530864197384165
larger,100000,622,Hough transform baseline,4,4,0,0.6628310786072565,0.8249067599067599,0.9581151832460733,0.0,1.0,0,1,187,1,189,16007,0.994680851058539,0.4973404255305922,0.6631205669290906,0.9884033203124396,0.4960212201578355
larger,100000,623,Hough transform baseline,2,4,2,0.7687426108374384,0.8183333333333334,0.5024630541871922,1.0,0.5,0,0,117,65,241,15961,0.6428571428536107,0.3268156424571877,0.4333333328848423,0.98132324218744,0.27659574468019715
larger,100000,624,Hough transform baseline,3,4,1,0.9454441340782123,0.9566666666666667,0.9497206703910615,1.0,0.75,0,0,182,1,98,16103,0.9945355191202485,0.6499999999976785,0.7861771053500832,0.9939575195311893,0.6476868327379086
larger,100000,625,Hough transform baseline,3,4,1,0.48751809954751135,0.5768376068376069,0.7647058823529411,0.0,0.75,0,1,122,18,138,16106,0.871428571422347,0.4692307692289645,0.60999999954195,0.9904785156249395,0.4388489208617308
larger,100000,626,Hough transform baseline,4,4,0,0.8515866388928452,0.8927259887005651,0.9159663865546218,0.6666666666666666,1.0,2,3,226,13,248,15897,0.945606694556713,0.4767932489441418,0.6339410935216822,0.9840698242186899,0.46406570841793826
larger,100000,627,Hough transform baseline,2,3,1,0.3937792443064182,0.40945652173913044,0.7142857142857143,0.0,0.6666666666666667,0,1,39,1,55,16289,0.974999999975625,0.41489361701686284,0.5820895518113165,0.9965820312499392,0.41052631578515236
larger,100000,628,Hough transform baseline,4,4,0,0.9471658578663499,0.8947673553803208,0.9726027397260274,1.0,1.0,1,1,222,0,302,15860,0.9999999999954955,0.42366412213659604,0.5951742623149306,0.98156738281244,0.42366412213659604
larger,100000,629,Hough transform baseline,2,2,0,1.0,1.0,1.0,1.0,1.0,0,0,140,0,0,16244,0.9999999999928573,0.9999999999928573,0.9999999994928572,0.9999999999999389,0.9999999999928573
larger,100000,630,Hough transform baseline,4,4,0,0.9464290404893242,0.8928581852143712,0.9732142857142857,1.0,1.0,1,1,213,2,268,15901,0.9906976744139968,0.4428274428265222,0.6120689650885148,0.9835205078124399,0.44099378881896273
larger,100000,631,Hough transform baseline,5,6,1,0.8169453781512604,0.9548677248677248,0.8529411764705882,0.5333333333333333,0.8333333333333334,2,3,213,25,407,15739,0.894957983189517,0.3435483870962201,0.4965034961014502,0.9736328124999406,0.3302325581390229
larger,100000,632,Hough transform baseline,1,1,0,1.0,1.0,1.0,1.0,1.0,0,0,76,0,0,16308,0.9999999999868421,0.9999999999868421,0.999999999486842,0.9999999999999389,0.9999999999868421
larger,100000,633,Hough transform baseline,5,5,0,0.929294305940037,0.8813229866718238,0.9134948096885813,1.0,1.0,0,0,269,0,367,15748,0.9999999999962825,0.4229559748421023,0.5944751377024583,0.9776000976561903,0.4229559748421023
larger,100000,634,Hough transform baseline,3,4,1,0.9460861514340551,0.9599894274292133,0.9454545454545454,1.0,0.75,0,0,224,0,345,15815,0.9999999999955358,0.39367311071987054,0.564943253061056,0.9789428710936903,0.39367311071987054
larger,100000,635,Hough transform baseline,1,1,0,0.8826086956521739,0.7777777777777778,0.9130434782608696,1.0,1.0,0,0,24,0,44,16316,0.9999999999583333,0.3529411764653979,0.5217391300378071,0.997314453124939,0.3529411764653979
larger,100000,636,Hough transform baseline,2,2,0,0.9034614380790814,0.8037974683544306,0.9587628865979382,1.0,1.0,0,0,99,0,190,16095,0.999999999989899,0.3425605536320327,0.5103092779677835,0.9884033203124396,0.3425605536320327
larger,100000,637,Hough transform baseline,2,2,0,0.9104861111111112,0.8208333333333334,0.9555555555555556,1.0,1.0,0,0,92,0,180,16112,0.9999999999891304,0.3382352941164036,0.5054945051139959,0.9890136718749396,0.3382352941164036
larger,100000,638,Hough transform baseline,2,3,1,0.3936109240222144,0.5626923076923077,0.36866359447004604,0.0,0.6666666666666667,0,2,69,103,190,16022,0.4011627906953421,0.2664092664082378,0.32018561436807513,0.98211669921869,0.1906077348061033
larger,100000,639,Hough transform baseline,2,2,0,0.948860565521435,0.896018648018648,0.9782608695652174,1.0,1.0,0,0,105,2,239,16038,0.9813084112057822,0.3052325581386476,0.4656319286825729,0.9852905273436898,0.30346820809160846
larger,100000,640,Hough transform baseline,1,1,0,0.8525714285714286,0.7200000000000001,0.8928571428571429,1.0,1.0,0,0,21,0,78,16285,0.999999999952381,0.21212121211906948,0.3499999997054167,0.9952392578124393,0.21212121211906948
larger,100000,641,Hough transform baseline,5,6,1,0.8260959175457804,0.7797126496012334,0.9594594594594594,0.8,0.8333333333333334,2,2,269,5,604,15506,0.9817518248139353,0.30813287514283144,0.46904969449169165,0.9628295898436912,0.30637813211810205
larger,100000,642,Hough transform baseline,2,3,1,0.5529638673813778,0.7092753623188406,0.8356164383561644,0.0,0.6666666666666667,0,1,130,15,250,15989,0.896551724131748,0.34210526315699447,0.49523809483639,0.9838256835936899,0.3291139240497997
larger,100000,643,Hough transform baseline,3,3,0,0.9711512072134493,0.9484999246193276,0.9716312056737588,1.0,1.0,0,0,144,0,252,15988,0.9999999999930557,0.3636363636354454,0.5333333329402469,0.9846191406249398,0.3636363636354454
larger,100000,644,Hough transform baseline,5,7,2,0.598460704812429,0.756,0.6127320954907162,0.2571428571428572,0.7142857142857143,2,7,275,60,179,15870,0.8208955223856093,0.6057268722453618,0.6970849171268438,0.9854125976561898,0.5350194552518774
larger,100000,645,Hough transform baseline,2,3,1,0.819968794326241,0.8702222222222222,0.8085106382978724,0.8,0.6666666666666667,1,1,72,1,42,16269,0.9863013698495027,0.6315789473628809,0.7700534754516286,0.997375488281189,0.6260869565162949
larger,100000,646,Hough transform baseline,3,3,0,0.9657307692307692,0.9327350427350427,0.98,1.0,1.0,0,0,103,0,136,16145,0.9999999999902912,0.43096234309443116,0.6023391808620943,0.9916992187499395,0.43096234309443116
larger,100000,647,Hough transform baseline,1,1,0,0.9658995433789954,0.9360730593607306,0.9733333333333334,1.0,1.0,0,0,76,0,148,16160,0.9999999999868421,0.3392857142841996,0.5066666662849777,0.9909667968749395,0.3392857142841996
larger,100000,648,Hough transform baseline,3,3,0,0.6622644472361808,0.8541666666666666,0.8894472361809045,0.0,1.0,0,1,172,21,12,16179,0.8911917098399421,0.9347826086905718,0.9124668429967705,0.997985839843689,0.8390243902398097
larger,100000,649,Hough transform baseline,1,1,0,1.0,1.0,1.0,1.0,1.0,0,0,85,0,0,16299,0.9999999999882353,0.9999999999882353,0.9999999994882354,0.9999999999999389,0.9999999999882353
larger,100000,650,Hough transform baseline,3,4,1,0.5947515444830769,0.7517801251956181,0.7405857740585774,0.13333333333333333,0.75,1,3,178,44,285,15877,0.8018018017981902,0.3844492440596448,0.5197080287574533,0.9799194335936902,0.3510848126225817
larger,100000,651,Hough transform baseline,3,4,1,0.9390022215782865,0.9513774858602444,0.9294117647058824,1.0,0.75,0,0,153,0,300,15931,0.9999999999934641,0.33774834437011536,0.5049504946703756,0.98168945312494,0.33774834437011536
larger,100000,652,Hough transform baseline,1,1,0,1.0,1.0,1.0,1.0,1.0,0,0,29,0,0,16355,0.9999999999655173,0.9999999999655173,0.9999999994655173,0.9999999999999389,0.9999999999655173
larger,100000,653,Hough transform baseline,4,5,1,0.5335489361702128,0.7431111111111111,0.5957446808510638,0.0,0.8,0,2,220,59,175,15930,0.7885304659469945,0.5569620253150457,0.6528189906107961,0.9857177734374398,0.4845814977962895
larger,100000,654,Hough transform baseline,5,5,0,0.7490319754365042,0.7772510435301133,0.8713450292397661,0.5,1.0,1,2,157,14,147,16066,0.9181286549653911,0.5164473684193538,0.6610526311153639,0.9901733398436895,0.49371069182234684
larger,100000,655,Hough transform baseline,4,4,0,0.9836254222972973,0.9696180555555556,0.9864864864864865,1.0,1.0,1,1,129,0,204,16051,0.9999999999922481,0.3873873873862241,0.5584415580366279,0.9875488281249397,0.3873873873862241
larger,100000,656,Hough transform baseline,4,8,4,0.6058087260301919,0.8358249467337595,0.6484375,0.19999999999999998,0.5,2,6,176,81,278,15849,0.6848249027210708,0.3876651982370316,0.495077355373842,0.9780883789061903,0.32897196261620754
larger,100000,657,Hough transform baseline,4,7,3,0.5922071940771452,0.7422257419952238,0.8178137651821862,0.15,0.5714285714285714,1,4,214,19,411,15740,0.9184549356183758,0.34239999999945214,0.49883449843770405,0.9737548828124405,0.3322981366454468
larger,100000,658,Hough transform baseline,3,3,0,0.9866780397022331,0.9775641025641024,0.9838709677419355,1.0,1.0,0,0,123,0,162,16099,0.9999999999918698,0.4315789473669068,0.6029411760464605,0.9901123046874395,0.4315789473669068
larger,100000,659,Hough transform baseline,3,3,0,0.9859209842315023,0.9731800766283525,0.9899497487437185,1.0,1.0,0,0,202,0,118,16064,0.9999999999950495,0.6312499999980273,0.7739463596758416,0.9927978515624394,0.6312499999980273
larger,100000,660,Hough transform baseline,4,4,0,0.6529905913978494,0.8865740740740741,0.7701612903225806,0.0,1.0,0,1,201,50,210,15923,0.8007968127458136,0.4890510948893211,0.607250754814382,0.9841308593749399,0.4360086767886421
larger,100000,661,Hough transform baseline,1,1,0,1.0,1.0,1.0,1.0,1.0,0,0,20,0,0,16364,0.99999999995,0.99999999995,0.99999999945,0.9999999999999389,0.99999999995
larger,100000,662,Hough transform baseline,3,6,3,0.5684912517761125,0.8109013209013209,0.5179282868525896,0.2,0.5,1,4,349,130,349,15556,0.7286012526080823,0.4999999999992837,0.5930331346055124,0.9707641601561907,0.42149758454055375
larger,100000,663,Hough transform baseline,4,5,1,0.9108114008941879,0.8924697797648619,0.896,1.0,0.8,1,1,241,2,368,15773,0.9917695473210215,0.39573070607488386,0.5657276991214568,0.9774169921874403,0.39443535188151485
larger,100000,664,Hough transform baseline,2,2,0,0.9693093361698013,0.9421344421344422,0.9767441860465116,1.0,1.0,0,0,124,0,269,15991,0.9999999999919355,0.31552162849792487,0.479690521877219,0.9835815429686899,0.31552162849792487
larger,100000,665,Hough transform baseline,3,4,1,0.8557343184858195,0.8400156572412149,0.7636363636363637,1.0,0.75,0,0,136,10,313,15925,0.9315068493086883,0.3028953229391918,0.45714285677098515,0.9802856445311902,0.2962962962956508
larger,100000,666,Hough transform baseline,1,1,0,1.0,1.0,1.0,1.0,1.0,0,0,21,0,0,16363,0.999999999952381,0.999999999952381,0.9999999994523809,0.9999999999999389,0.999999999952381
larger,100000,667,Hough transform baseline,4,4,0,0.8421086226203807,0.85953216374269,0.9432624113475178,0.6666666666666666,1.0,2,3,270,13,118,15983,0.9540636042369115,0.6958762886580003,0.8047690010001576,0.9920043945311894,0.6733167082277474
larger,100000,668,Hough transform baseline,3,4,1,0.5867819787454256,0.8220223501403545,0.7093596059113301,0.0,0.75,0,1,179,10,208,15987,0.9470899470849361,0.4625322997404069,0.6215277773347017,0.9866943359374397,0.4508816120895444
larger,100000,669,Hough transform baseline,1,1,0,1.0,1.0,1.0,1.0,1.0,0,0,63,0,0,16321,0.999999999984127,0.999999999984127,0.9999999994841271,0.9999999999999389,0.999999999984127
larger,100000,670,Hough transform baseline,1,1,0,0.9249350649350648,0.8585858585858585,0.9428571428571428,1.0,1.0,0,0,36,0,68,16280,0.9999999999722223,0.34615384615051775,0.5142857138963265,0.9958496093749392,0.34615384615051775
larger,100000,671,Hough transform baseline,2,2,0,0.6630893987341772,0.86875,0.8607594936708861,0.0,1.0,0,1,58,7,0,16319,0.8923076922939644,0.9999999999827587,0.9430894303805935,0.9995727539061889,0.8923076922939644
larger,100000,672,Hough transform baseline,4,5,1,0.9462187092158436,0.9406167394339006,0.9647058823529412,1.0,0.8,2,2,258,0,338,15788,0.9999999999961241,0.43288590603954213,0.6042154562513807,0.9793701171874402,0.43288590603954213
larger,100000,673,Hough transform baseline,3,10,7,0.5469537034535873,0.9166463049467004,0.38996138996138996,0.10588235294117647,0.30000000000000004,2,17,378,216,503,15287,0.6363636363625651,0.42905788876228257,0.5125423723995909,0.9561157226561916,0.34457611668154553
larger,100000,674,Hough transform baseline,5,8,3,0.44936431024899304,0.4839536372164795,0.8454258675078864,0.0,0.625,0,5,235,29,398,15722,0.8901515151481434,0.3712480252758748,0.523968784421795,0.9739379882811905,0.3549848942592825
larger,100000,675,Hough transform baseline,2,2,0,0.9499363425925925,0.9052083333333332,0.962962962962963,1.0,1.0,0,0,110,0,216,16058,0.999999999990909,0.3374233128824006,0.504587155583705,0.9868164062499397,0.3374233128824006
larger,100000,676,Hough transform baseline,4,6,2,0.6239037884471118,0.9178912783751494,0.7209302325581395,0.0,0.6666666666666667,0,2,174,30,201,15979,0.8529411764664072,0.4639999999987627,0.6010362689715876,0.9859008789061898,0.4296296296285688
larger,100000,677,Hough transform baseline,4,4,0,0.7795537704759136,0.834551656920078,0.8950276243093923,0.5,1.0,1,2,153,14,114,16103,0.9161676646651727,0.5730337078630223,0.7050691239472595,0.9921874999999394,0.5444839857631869
larger,100000,678,Hough transform baseline,2,3,1,0.547858105022831,0.7244254185692542,0.776,0.0,0.6666666666666667,0,1,119,2,186,16077,0.9834710743720374,0.3901639344249503,0.5586854456000462,0.9885253906249396,0.38762214983587095
larger,100000,679,Hough transform baseline,1,1,0,1.0,1.0,1.0,1.0,1.0,0,0,24,0,0,16360,0.9999999999583333,0.9999999999583333,0.9999999994583333,0.9999999999999389,0.9999999999583333
larger,100000,680,Hough transform baseline,5,5,0,0.5317284242822704,0.596477366255144,0.8165680473372781,0.0,1.0,0,2,302,39,281,15762,0.8856304985311272,0.5180102915943088,0.6536796532125358,0.9804687499999402,0.48553054662301365
larger,100000,681,Hough transform baseline,2,2,0,0.8963709677419355,0.8055555555555556,0.9193548387096774,1.0,1.0,0,0,55,0,144,16185,0.9999999999818182,0.27638190954634984,0.4330708657990266,0.9912109374999395,0.27638190954634984
larger,100000,682,Hough transform baseline,2,2,0,0.4944891304347826,0.6950000000000001,0.408695652173913,0.0,1.0,0,1,51,65,74,16194,0.43965517241000296,0.407999999996736,0.4232365140200065,0.9915161132811895,0.26842105263016625
larger,100000,683,Hough transform baseline,1,2,1,0.7175,0.65,0.625,1.0,0.5,0,0,26,0,28,16330,0.9999999999615384,0.4814814814725652,0.649999999545,0.998291015624939,0.4814814814725652
larger,100000,684,Hough transform baseline,3,3,0,1.0,1.0,1.0,1.0,1.0,0,0,130,0,0,16254,0.9999999999923078,0.9999999999923078,0.9999999994923079,0.9999999999999389,0.9999999999923078
larger,100000,685,Hough transform baseline,2,2,0,1.0,1.0,1.0,1.0,1.0,0,0,170,0,0,16214,0.9999999999941177,0.9999999999941177,0.9999999994941178,0.9999999999999389,0.9999999999941177
larger,100000,686,Hough transform baseline,3,3,0,1.0,1.0,1.0,1.0,1.0,1,1,216,0,80,16088,0.9999999999953704,0.7297297297272645,0.843749999508911,0.9951171874999393,0.7297297297272645
larger,100000,687,Hough transform baseline,1,1,0,0.9103719512195122,0.8116666666666668,0.975609756097561,1.0,1.0,0,0,83,0,166,16135,0.9999999999879517,0.33333333333199466,0.499999999621988,0.9898681640624396,0.33333333333199466
larger,100000,688,Hough transform baseline,4,6,2,0.6865394222630432,0.8418697010263274,0.9551569506726457,0.19999999999999998,0.6666666666666667,1,3,226,0,286,15872,0.9999999999955753,0.4414062499991379,0.612466124234678,0.98254394531244,0.4414062499991379
larger,100000,689,Hough transform baseline,2,2,0,1.0,1.0,1.0,1.0,1.0,0,0,72,0,40,16272,0.9999999999861111,0.642857142851403,0.7826086951672968,0.997558593749939,0.642857142851403
larger,100000,690,Hough transform baseline,3,3,0,0.9385770392101512,0.8764495153968839,0.970873786407767,1.0,1.0,0,0,97,0,130,16157,0.9999999999896907,0.4273127753285141,0.5987654316755638,0.9920654296874394,0.4273127753285141
larger,100000,691,Hough transform baseline,1,2,1,0.8476451814768462,0.8150980392156864,0.9042553191489362,1.0,0.5,0,0,96,0,168,16120,0.9999999999895833,0.36363636363498625,0.5333333329392592,0.9897460937499396,0.36363636363498625
larger,100000,692,Hough transform baseline,1,1,0,0.9713676869430453,0.9463601532567051,0.9775280898876404,1.0,1.0,0,0,90,0,176,16118,0.9999999999888889,0.3383458646603822,0.5056179771474562,0.9892578124999396,0.3383458646603822
larger,100000,693,Hough transform baseline,4,4,0,0.8769538461538461,0.904,0.9507692307692308,0.72,1.0,4,5,279,5,171,15929,0.982394366193724,0.6199999999986222,0.7602179831747286,0.9892578124999396,0.6131868131854655
larger,100000,694,Hough transform baseline,3,4,1,0.6055920640445529,0.6170019723865878,0.7647058823529411,0.4,0.75,1,2,148,37,272,15927,0.7999999999956757,0.3523809523801134,0.4892561979209289,0.98114013671869,0.32385120350038543
larger,100000,695,Hough transform baseline,1,1,0,1.0,1.0,1.0,1.0,1.0,0,0,48,0,38,16298,0.9999999999791668,0.5581395348772309,0.7164179099772778,0.997680664062439,0.5581395348772309
larger,100000,696,Hough transform baseline,5,6,1,0.8167500000000001,0.7455555555555555,0.7395833333333333,1.0,0.8333333333333334,1,1,121,76,107,16080,0.6142131979664254,0.5307017543836373,0.5694117642058629,0.9888305664061896,0.3980263157881644
larger,100000,697,Hough transform baseline,4,4,0,0.9207989766081871,0.941346653671215,0.9859649122807017,0.8,1.0,1,1,288,0,374,15722,0.9999999999965278,0.43504531721988665,0.6063157890499014,0.9771728515624404,0.43504531721988665
larger,100000,698,Hough transform baseline,5,13,8,0.5818278481290096,0.8203279103721581,0.62109375,0.2,0.3846153846153846,3,10,362,106,346,15570,0.7735042735026207,0.5112994350275264,0.615646258023179,0.9724121093749406,0.4447174447168984
larger,100000,699,Hough transform baseline,3,3,0,0.9802952503209242,0.962059620596206,0.9868421052631579,1.0,1.0,0,0,155,0,84,16145,0.9999999999935485,0.648535564850843,0.7868020299755856,0.9948730468749393,0.648535564850843
larger,100000,700,Hough transform baseline,5,6,1,0.6677871659516985,0.6642649809408813,0.9276729559748428,0.4,0.8333333333333334,1,2,293,1,335,15755,0.9965986394523926,0.46656050955339723,0.6355748368744313,0.9794921874999402,0.46581875993566646
larger,100000,701,Hough transform baseline,4,4,0,0.9402250753718833,0.876268085581811,0.9795221843003413,1.0,1.0,1,1,264,1,511,15608,0.9962264150905803,0.34064516128988304,0.5076923073115699,0.9687499999999408,0.3402061855665719
larger,100000,702,Hough transform baseline,5,9,4,0.48639925912106297,0.6910863195853053,0.4951076320939335,0.08333333333333333,0.5555555555555556,1,12,328,117,197,15742,0.7370786516837369,0.6247619047607148,0.6762886592958209,0.9808349609374402,0.5109034267904815
larger,100000,703,Hough transform baseline,3,3,0,0.9584674892877355,0.9210722819593787,0.9699248120300752,1.0,1.0,0,0,128,1,153,16102,0.9922480620078121,0.4555160142332544,0.6243902434681141,0.9906005859374395,0.4539007092182486
larger,100000,704,Hough transform baseline,3,4,1,0.6399870129870131,0.8110822510822512,1.0,0.0,0.75,1,0,159,1,308,15916,0.9937499999937891,0.34047109207635873,0.5071770331110754,0.98114013671869,0.3397435897428638
larger,100000,705,Hough transform baseline,3,3,0,0.8998784838350056,0.7969521863000123,0.95625,1.0,1.0,0,0,159,1,330,15894,0.9937499999937891,0.32515337423246393,0.48998459130648786,0.9797973632811902,0.3244897959177051
larger,100000,706,Hough transform baseline,1,1,0,0.9118488372093023,0.8144444444444445,0.9767441860465116,1.0,1.0,0,0,87,0,174,16123,0.9999999999885058,0.3333333333320562,0.49999999962212643,0.9893798828124396,0.3333333333320562
larger,100000,707,Hough transform baseline,3,5,2,0.502094379884821,0.7827884615384614,0.44919786096256686,0.0,0.6,0,4,123,39,164,16058,0.7592592592545725,0.4285714285699353,0.5478841866187171,0.9876098632811897,0.37730061349577515
larger,100000,708,Hough transform baseline,5,6,1,0.8157150537634409,0.79,0.6344086021505376,1.0,0.8333333333333334,0,0,189,95,137,15963,0.6654929577441356,0.5797546012252155,0.6196721306478795,0.9858398437499398,0.4489311163884824
larger,100000,709,Hough transform baseline,5,10,5,0.5449560346484782,0.6584645515080298,0.8265682656826568,0.13333333333333333,0.5,1,6,246,18,116,16004,0.9318181818146523,0.6795580110478465,0.7859424915225224,0.9918212890624394,0.647368421050928
larger,100000,710,Hough transform baseline,5,5,0,0.5281488247472903,0.5739130434782609,0.5994397759103641,0.19999999999999998,1.0,2,6,243,91,165,15885,0.7275449101774625,0.5955882352926579,0.6549865224142588,0.9843749999999399,0.4869739478948157
larger,100000,711,Hough transform baseline,3,2,1,0.7378508771929825,0.55,0.868421052631579,1.0,0.6666666666666667,0,0,104,12,32,16236,0.8965517241302021,0.7647058823473184,0.825396824893424,0.997314453124939,0.7027027026979548
larger,100000,712,Hough transform baseline,2,2,0,1.0,1.0,1.0,1.0,1.0,0,0,181,0,100,16103,0.9999999999944752,0.6441281138767113,0.7835497830698168,0.9938964843749393,0.6441281138767113
larger,100000,713,Hough transform baseline,5,5,0,0.9684752506610285,0.9427041721228596,0.9712918660287081,1.0,1.0,0,0,214,0,310,15860,0.9999999999953272,0.40839694656410613,0.5799457990446457,0.98107910156244,0.40839694656410613
larger,100000,714,Hough transform baseline,4,9,5,0.6019991341221844,0.8751359751359751,0.6187175043327556,0.16,0.4444444444444444,2,10,412,102,351,15519,0.8015564202319037,0.539973787679502,0.6452623331123615,0.9723510742186906,0.47630057803413145
larger,100000,715,Hough transform baseline,4,6,2,0.8629094026034403,0.8103395061728396,0.9079497907949791,1.0,0.6666666666666667,0,0,226,18,265,15875,0.9262295081929254,0.4602851323819546,0.6149659859493507,0.98272705078119,0.4440078585452967
larger,100000,716,Hough transform baseline,2,5,3,0.4296708261617901,0.5357764390896922,0.7428571428571429,0.0,0.4,1,7,128,0,189,16067,0.9999999999921876,0.40378548895771676,0.5752808984640121,0.9884643554686896,0.40378548895771676
larger,100000,717,Hough transform baseline,2,2,0,0.9710870133263653,0.945736434108527,0.9775280898876404,1.0,1.0,0,0,91,0,88,16205,0.9999999999890109,0.5083798882653163,0.6740740736221947,0.9946289062499393,0.5083798882653163
larger,100000,718,Hough transform baseline,4,4,0,0.643958089668616,0.8345267489711935,0.8421052631578947,0.0,1.0,0,3,171,19,121,16073,0.8999999999952633,0.5856164383541589,0.7095435679841773,0.9914550781249395,0.549839228294052
larger,100000,719,Hough transform baseline,2,2,0,1.0,1.0,1.0,1.0,1.0,0,0,110,0,0,16274,0.999999999990909,0.999999999990909,0.999999999490909,0.9999999999999389,0.999999999990909
larger,100000,720,Hough transform baseline,1,1,0,0.9658995433789954,0.9360730593607306,0.9733333333333334,1.0,1.0,0,0,76,0,152,16156,0.9999999999868421,0.3333333333318714,0.49999999962171054,0.9907226562499395,0.3333333333318714
larger,100000,721,Hough transform baseline,5,5,0,0.8904095155821272,0.8097989235158384,0.88,1.0,1.0,0,0,231,17,460,15676,0.93145161289947,0.33429811866811243,0.49201277916295505,0.9708862304686907,0.32627118644021713
larger,100000,722,Hough transform baseline,5,6,1,0.7832527157256434,0.8783706154072287,0.8982630272952854,0.5,0.8333333333333334,1,2,379,11,571,15423,0.97179487179238,0.39894736842063266,0.5656716413775249,0.9644775390624412,0.3943808532774252
larger,100000,723,Hough transform baseline,5,5,0,0.6653239667486243,0.8017853751187084,0.7226027397260274,0.24,1.0,2,5,203,66,236,15879,0.7546468401458936,0.462414578586646,0.573446327210823,0.98156738281244,0.401980198019006
larger,100000,724,Hough transform baseline,3,4,1,0.8888166248955722,0.8430492898913952,0.9222222222222223,1.0,0.75,0,0,184,0,133,16067,0.9999999999945652,0.5804416403767179,0.734530937656057,0.9918823242186894,0.5804416403767179
larger,100000,725,Hough transform baseline,1,1,0,0.9152710255018991,0.8208771929824561,0.979381443298969,1.0,1.0,0,0,98,0,196,16090,0.9999999999897958,0.33333333333219956,0.49999999962244895,0.9880371093749397,0.33333333333219956
larger,100000,726,Hough transform baseline,4,5,1,0.5253331245662938,0.657954207162245,0.7462686567164178,0.0,0.8,0,2,170,5,276,15933,0.9714285714230204,0.3811659192816566,0.5475040253583514,0.9828491210936899,0.37694013303685825
larger,100000,727,Hough transform baseline,3,3,0,0.9591569525780052,0.9226044226044225,0.9699248120300752,1.0,1.0,0,0,136,0,166,16082,0.9999999999926471,0.4503311258263234,0.6210045657790287,0.9898681640624396,0.4503311258263234
larger,100000,728,Hough transform baseline,1,1,0,1.0,1.0,1.0,1.0,1.0,0,0,79,0,0,16305,0.9999999999873417,0.9999999999873417,0.9999999994873416,0.9999999999999389,0.9999999999873417
larger,100000,729,Hough transform baseline,4,3,1,0.7477413522012579,0.5425,0.8930817610062893,1.0,0.75,0,0,135,26,11,16212,0.8385093167649783,0.9246575342402421,0.8794788268570277,0.997741699218689,0.7848837209256694
larger,100000,730,Hough transform baseline,2,2,0,0.9420945945945945,0.8833333333333334,0.972972972972973,1.0,1.0,0,0,76,0,42,16266,0.9999999999868421,0.6440677966047113,0.7835051541545328,0.997436523437439,0.6440677966047113
larger,100000,731,Hough transform baseline,4,4,0,0.5673775811102315,0.5203018285966072,0.7912087912087912,0.3,1.0,1,2,220,35,273,15856,0.8627450980358324,0.4462474645021374,0.588235293666694,0.98120117187494,0.41666666666587754
larger,100000,732,Hough transform baseline,5,7,2,0.5737975852043483,0.7422320055904962,0.8418230563002681,0.0,0.7142857142857143,0,2,335,35,567,15447,0.9054054054029584,0.37139689578672797,0.5267295593350614,0.9632568359374412,0.35752401280644874
larger,100000,733,Hough transform baseline,4,4,0,0.6415081360106217,0.6634518923848609,0.7981072555205048,0.3333333333333333,1.0,1,3,241,62,281,15800,0.7953795379511704,0.4616858237539048,0.5842424237762409,0.9790649414061903,0.4126712328760057
larger,100000,734,Hough transform baseline,4,6,2,0.8554047685703621,0.8510964912280702,0.7787234042553192,1.0,0.6666666666666667,0,0,230,11,275,15868,0.9543568464690692,0.45544554455355357,0.616621983475174,0.98254394531244,0.44573643410766334
larger,100000,735,Hough transform baseline,3,4,1,0.858879123698117,0.8012128674772971,0.8666666666666667,1.0,0.75,0,0,256,15,504,15609,0.9446494464909791,0.3368421052627147,0.49660523724488104,0.9683227539061908,0.3303225806447351
larger,100000,736,Hough transform baseline,3,3,0,0.9177533882312575,0.9334494195688224,0.9885057471264368,0.8,1.0,1,1,176,0,138,16070,0.9999999999943182,0.5605095541383424,0.7183673464755019,0.9915771484374395,0.5605095541383424
larger,100000,737,Hough transform baseline,3,3,0,0.9500222534877522,0.9025437832607643,0.9693877551020408,1.0,1.0,0,0,89,1,117,16177,0.9888888888779012,0.4320388349493591,0.6013513509240778,0.9927978515624394,0.429951690819179
larger,100000,738,Hough transform baseline,3,3,0,0.7031636481284622,0.9135792622133598,0.9602649006622517,0.0,1.0,0,1,133,3,53,16195,0.9779411764633976,0.7150537634370159,0.8260869560286641,0.9965820312499392,0.7037037036999805
larger,100000,739,Hough transform baseline,3,5,2,0.8332841228639412,0.7924832359939433,0.8333333333333334,1.0,0.6,0,0,137,0,212,16035,0.9999999999927008,0.39255014326535087,0.5637860078232739,0.9870605468749397,0.39255014326535087
larger,100000,740,Hough transform baseline,2,2,0,0.9797031715912172,0.9623655913978496,0.9831932773109243,1.0,1.0,1,1,120,0,124,16140,0.9999999999916667,0.491803278686509,0.659340658895061,0.9924316406249394,0.491803278686509
larger,100000,741,Hough transform baseline,4,4,0,0.5259445438282648,0.5476830318690784,0.8974358974358975,0.0,1.0,0,1,104,3,249,16028,0.9719626168133461,0.29461756373854214,0.45217391268450846,0.9846191406249398,0.2921348314598536
larger,100000,742,Hough transform baseline,2,4,2,0.7806466165413535,0.6617543859649123,0.9142857142857143,1.0,0.5,0,0,143,21,202,16018,0.8719512195068784,0.414492753621987,0.5618860506415678,0.9863891601561897,0.3907103825125937
larger,100000,743,Hough transform baseline,5,6,1,0.5285427488004953,0.603110870350307,0.8690476190476191,0.0,0.8333333333333334,0,1,246,0,444,15694,0.999999999995935,0.3565217391299181,0.5256410252524107,0.9729003906249406,0.3565217391299181
larger,100000,744,Hough transform baseline,3,5,2,0.517525149190111,0.8354589371980676,0.40784313725490196,0.0,0.6,0,4,132,87,139,16026,0.6027397260246451,0.48708487084691116,0.5387755097075135,0.9862060546874398,0.3687150837978528
larger,100000,745,Hough transform baseline,1,1,0,1.0,1.0,1.0,1.0,1.0,0,0,20,0,0,16364,0.99999999995,0.99999999995,0.99999999945,0.9999999999999389,0.99999999995
larger,100000,746,Hough transform baseline,4,7,3,0.3704512380202918,0.4539517345399698,0.5451505016722409,0.0,0.5714285714285714,1,3,178,94,316,15796,0.6544117647034765,0.3603238866389467,0.4647519577653266,0.9749755859374405,0.30272108843485934
larger,100000,747,Hough transform baseline,4,4,0,0.5877848594642073,0.6878310886644221,0.8913043478260869,0.0,1.0,0,1,188,17,246,15933,0.9170731707272338,0.43317972350130607,0.5884194048831876,0.9839477539061899,0.41685144124076084
larger,100000,748,Hough transform baseline,2,3,1,0.5156248114630468,0.7002991452991454,0.6691176470588236,0.0,0.6666666666666667,0,1,119,0,168,16097,0.9999999999915966,0.4146341463400187,0.5862068961344489,0.9897460937499396,0.4146341463400187
larger,100000,749,Hough transform baseline,5,7,2,0.8601833192442205,0.7931923688832607,0.9090909090909091,1.0,0.7142857142857143,0,0,233,57,582,15512,0.8034482758592985,0.2858895705517965,0.42171945662567756,0.9609985351561913,0.2672018348620789
larger,100000,750,Hough transform baseline,5,5,0,0.5847824322681254,0.6767455970841744,0.9012345679012346,0.0,1.0,0,1,229,10,430,15715,0.9581589958118906,0.34749620637276557,0.5100222713231606,0.9731445312499406,0.34230194319829255
larger,100000,751,Hough transform baseline,4,4,0,0.7939054123522068,0.8622367465504721,0.9044943820224719,0.5,1.0,1,2,157,7,217,16003,0.9573170731648944,0.41978609625556207,0.5836431222505908,0.9863281249999398,0.4120734908125667
larger,100000,752,Hough transform baseline,2,2,0,1.0,1.0,1.0,1.0,1.0,0,0,149,0,73,16162,0.9999999999932887,0.671171171168148,0.8032345008627372,0.9955444335936892,0.671171171168148
larger,100000,753,Hough transform baseline,3,3,0,0.9555749805749806,0.9102564102564104,0.9797979797979798,1.0,1.0,0,0,95,0,42,16247,0.9999999999894736,0.6934306569292451,0.8189655167507061,0.997436523437439,0.6934306569292451
larger,100000,754,Hough transform baseline,2,2,0,0.961,0.9222222222222222,0.98,1.0,1.0,0,0,102,0,62,16220,0.9999999999901961,0.6219512195084028,0.7669172927544802,0.9962158203124392,0.6219512195084028
larger,100000,755,Hough transform baseline,4,4,0,0.922603541341882,0.8462015018773467,0.9590643274853801,1.0,1.0,0,0,157,2,306,15919,0.9874213836415886,0.339092872569462,0.504823150743215,0.98120117187494,0.33763440860142446
larger,100000,756,Hough transform baseline,2,2,0,0.9108838130298974,0.8225401606425704,0.9537037037037037,1.0,1.0,0,0,84,1,163,16136,0.9882352941060207,0.3400809716585422,0.5060240960015423,0.9899902343749396,0.3387096774179891
larger,100000,757,Hough transform baseline,2,2,0,0.9132500748125748,0.8206904019404019,0.9696969696969697,1.0,1.0,0,0,106,1,211,16066,0.9906542055982182,0.3343848580431092,0.49999999962029407,0.9870605468749397,0.33333333333228515
larger,100000,758,Hough transform baseline,1,1,0,1.0,1.0,1.0,1.0,1.0,0,0,76,0,0,16308,0.9999999999868421,0.9999999999868421,0.999999999486842,0.9999999999999389,0.9999999999868421
larger,100000,759,Hough transform baseline,3,4,1,0.5380749402526459,0.7430268199233716,0.6435643564356436,0.0,0.75,0,3,90,6,92,16196,0.9374999999902344,0.4945054945027775,0.6474820139316806,0.9940185546874393,0.47872340425277277
larger,100000,760,Hough transform baseline,4,6,2,0.6968562520422705,0.7457778514151063,0.9104477611940298,0.45,0.6666666666666667,2,4,200,1,358,15825,0.9950248756169402,0.35842293906745804,0.5270092222706251,0.9780883789061903,0.3577817531299503
larger,100000,761,Hough transform baseline,5,6,1,0.5035880647130648,0.5304805996472665,0.9076923076923077,0.0,0.8333333333333334,0,1,158,17,335,15874,0.9028571428519837,0.32048681541517143,0.47305389182746327,0.9785156249999403,0.30980392156802
larger,100000,762,Hough transform baseline,1,1,0,1.0,1.0,1.0,1.0,1.0,0,0,25,0,0,16359,0.99999999996,0.99999999996,0.99999999946,0.9999999999999389,0.99999999996
larger,100000,763,Hough transform baseline,5,5,0,0.6493230115361264,0.7921810699588478,0.5475409836065575,0.3333333333333333,1.0,1,3,157,106,205,15916,0.5969581749026732,0.4337016574573655,0.5023999995109377,0.98101806640619,0.3354700854693687
larger,100000,764,Hough transform baseline,1,1,0,0.922610294117647,0.8541666666666666,0.9411764705882353,1.0,1.0,0,0,35,0,66,16283,0.9999999999714286,0.3465346534619155,0.5147058819631272,0.9959716796874392,0.3465346534619155
larger,100000,765,Hough transform baseline,3,3,0,0.6273076923076922,0.8235042735042735,0.7836538461538461,0.0,1.0,0,2,170,39,56,16119,0.813397129182711,0.7522123893772026,0.7816091948994689,0.9942016601561893,0.6415094339598434
larger,100000,766,Hough transform baseline,5,6,1,0.5686469575010765,0.6714942528735631,0.6657060518731989,0.2,0.8333333333333334,1,4,244,102,256,15782,0.7052023121366902,0.487999999999024,0.5768321508154408,0.9781494140624403,0.40531561461726695
larger,100000,767,Hough transform baseline,5,5,0,0.9455622382607146,0.8962537249893572,0.9612403100775194,1.0,1.0,0,0,263,0,506,15615,0.9999999999961977,0.34200260077978933,0.5096899220998343,0.9691162109374408,0.34200260077978933
larger,100000,768,Hough transform baseline,2,2,0,1.0,1.0,1.0,1.0,1.0,0,0,45,0,46,16293,0.9999999999777779,0.49450549450006037,0.6617647054298227,0.9971923828124392,0.49450549450006037
larger,100000,769,Hough transform baseline,3,3,0,0.9638224258289704,0.9242592592592592,0.9895287958115183,1.0,1.0,0,0,194,0,102,16088,0.9999999999948455,0.6554054054031913,0.7918367342123116,0.9937744140624393,0.6554054054031913
larger,100000,770,Hough transform baseline,4,4,0,0.5724536106224345,0.667109500805153,0.8612716763005781,0.0,1.0,0,1,154,15,304,15911,0.9112426035449039,0.33624454148398203,0.4912280697800976,0.9805297851561902,0.3255813953481489
larger,100000,771,Hough transform baseline,3,3,0,0.9200427018519336,0.8326530325391807,0.9767441860465116,1.0,1.0,0,0,174,1,169,16040,0.9942857142800328,0.5072886297361303,0.6718146713646711,0.9896240234374396,0.5058139534869017
larger,100000,772,Hough transform baseline,5,10,5,0.49223337027497577,0.6813374014747012,0.5739910313901345,0.08333333333333333,0.5,1,12,251,118,303,15712,0.6802168021661783,0.45306859205694394,0.5438786560736212,0.9743041992186905,0.37351190476134893
larger,100000,773,Hough transform baseline,4,4,0,0.9645943668753009,0.9345878136200717,0.9701492537313433,1.0,1.0,0,0,138,0,150,16096,0.9999999999927537,0.4791666666650029,0.6478873235026119,0.9908447265624395,0.4791666666650029
larger,100000,774,Hough transform baseline,4,4,0,0.991203277745831,0.9842342342342342,0.9914893617021276,1.0,1.0,2,2,237,0,146,16001,0.9999999999957806,0.6187989556119614,0.7645161285575183,0.9910888671874395,0.6187989556119614
larger,100000,775,Hough transform baseline,2,2,0,0.9028882575757575,0.8178661616161615,0.9242424242424242,1.0,1.0,0,0,57,2,112,16213,0.9661016948988796,0.33727810650688006,0.4999999996119961,0.9930419921874394,0.33333333333138404
larger,100000,776,Hough transform baseline,4,7,3,0.6335865977160096,0.7136993464052287,0.8597285067873304,0.3333333333333333,0.5714285714285714,3,6,190,12,270,15912,0.9405940594012843,0.4130434782599717,0.5740181264624273,0.9827880859374399,0.4025423728805031
larger,100000,777,Hough transform baseline,4,7,3,0.621409756909757,0.7202564102564103,0.7840909090909091,0.3333333333333333,0.5714285714285714,1,3,175,30,300,15879,0.8536585365812017,0.3684210526308033,0.5147058819302551,0.9798583984374402,0.34653465346466034
larger,100000,778,Hough transform baseline,1,1,0,1.0,1.0,1.0,1.0,1.0,0,0,58,0,114,16212,0.9999999999827587,0.3372093023236209,0.5043478257054064,0.9930419921874394,0.3372093023236209
larger,100000,779,Hough transform baseline,5,6,1,0.6419228254218027,0.8667240143369176,0.8428184281842819,0.0,0.8333333333333334,0,1,342,30,396,15616,0.919354838707206,0.46341463414571354,0.6162162157694667,0.9739990234374405,0.4453124999994202
larger,100000,780,Hough transform baseline,3,3,0,0.8454044636023044,0.9471413160733549,0.970954356846473,0.5,1.0,1,2,236,6,0,16142,0.9752066115662182,0.9999999999957627,0.987447698240717,0.9996337890624389,0.9752066115662182
larger,100000,781,Hough transform baseline,3,3,0,0.9724683544303798,0.9444444444444445,0.9873417721518988,1.0,1.0,0,0,161,0,62,16161,0.9999999999937889,0.721973094167166,0.8385416661753337,0.9962158203124392,0.721973094167166
larger,100000,782,Hough transform baseline,4,5,1,0.6314160839160838,0.8621212121212121,0.8173076923076923,0.0,0.8,0,4,252,42,128,15962,0.8571428571399418,0.663157894735097,0.7477744802180877,0.9896240234374396,0.5971563981028504
larger,100000,783,Hough transform baseline,3,4,1,0.5470836873406968,0.7126262626262626,0.7570093457943925,0.0,0.75,0,1,100,0,36,16248,0.99999999999,0.7352941176416523,0.8474576266230969,0.997802734374939,0.7352941176416523
larger,100000,784,Hough transform baseline,5,5,0,0.6833294481632769,0.8823035850495805,0.9314641744548287,0.0,1.0,0,1,298,17,202,15867,0.9460317460287427,0.595999999998808,0.7312883430822507,0.9866333007811897,0.5764023210820572
larger,100000,785,Hough transform baseline,5,8,3,0.48549047474227613,0.7164794713302176,0.5028735632183908,0.0,0.625,0,3,214,108,257,15805,0.6645962732898615,0.45435244161262345,0.5397225720257486,0.9777221679686903,0.3696027633845085
larger,100000,786,Hough transform baseline,2,2,0,0.9235483870967742,0.8444444444444444,0.967741935483871,1.0,1.0,0,0,64,0,32,16288,0.9999999999843749,0.6666666666597222,0.79999999951,0.998046874999939,0.6666666666597222
larger,100000,787,Hough transform baseline,1,1,0,0.8571431334622824,0.7109090909090909,0.9361702127659575,1.0,1.0,0,0,40,1,103,16240,0.9756097560737657,0.27972027971832364,0.43478260834457694,0.9936523437499393,0.2777777777758488
larger,100000,788,Hough transform baseline,2,3,1,0.583643468025508,0.775354609929078,0.8403361344537815,0.0,0.6666666666666667,0,1,120,1,194,16069,0.9917355371818865,0.38216560509432435,0.551724137526923,0.9880981445311897,0.38095238095117157
larger,100000,789,Hough transform baseline,4,7,3,0.4558688355563356,0.6324404761904762,0.4797297297297297,0.07272727272727274,0.5714285714285714,1,11,188,84,261,15851,0.6911764705856942,0.4187082405335886,0.5214979190848585,0.9789428710936903,0.35272045028076415
larger,100000,790,Hough transform baseline,4,4,0,0.7081272479533349,0.733841549397105,0.7644927536231885,0.5,1.0,1,2,203,56,201,15924,0.7837837837807576,0.5024752475235087,0.6123680236547983,0.9843139648436899,0.4413043478251276
larger,100000,791,Hough transform baseline,4,5,1,0.8384059629750582,0.9154144385026739,0.9198473282442748,0.65,0.8,3,4,220,1,228,15935,0.9954751131176676,0.4910714285703324,0.657698056356796,0.9860229492186898,0.4899777282839867
larger,100000,792,Hough transform baseline,3,3,0,0.9703845717391435,0.9462816635775373,0.9727891156462585,1.0,1.0,0,0,150,0,240,15994,0.9999999999933334,0.3846153846143984,0.5555555551522634,0.9853515624999398,0.3846153846143984
larger,100000,793,Hough transform baseline,5,9,4,0.5819330650509436,0.8176810152529089,0.5921052631578947,0.16,0.5555555555555556,2,10,391,89,495,15409,0.8145833333316364,0.4413092550785087,0.5724743772885728,0.9643554687499412,0.4010256410252297
larger,100000,794,Hough transform baseline,3,3,0,0.9801490514905149,0.962059620596206,0.9861111111111112,1.0,1.0,0,0,147,0,84,16153,0.9999999999931973,0.6363636363608816,0.7777777772983538,0.9948730468749393,0.6363636363608816
larger,100000,795,Hough transform baseline,3,3,0,0.898611484669177,0.8024699659315044,0.9375,1.0,1.0,0,0,73,0,141,16170,0.9999999999863013,0.3411214953255088,0.5087108010108657,0.9913940429686895,0.3411214953255088
larger,100000,796,Hough transform baseline,5,9,4,0.5198832938262113,0.7166513621059075,0.5147286821705426,0.15555555555555556,0.5555555555555556,2,9,388,210,441,15345,0.6488294314370421,0.4680337756327286,0.5437981775081355,0.9602661132811914,0.37343599614978495
larger,100000,797,Hough transform baseline,3,4,1,0.5178312013064335,0.6255259188695721,0.8067226890756303,0.0,0.75,0,1,94,2,114,16174,0.979166666656467,0.4519230769209042,0.6184210521953774,0.9929199218749394,0.4476190476169161
larger,100000,798,Hough transform baseline,5,9,4,0.43878495714428606,0.5564108289974171,0.48565121412803536,0.14285714285714285,0.5555555555555556,2,14,264,129,390,15601,0.6717557251891304,0.403669724770025,0.5042979937994488,0.9683227539061908,0.3371647509574238
larger,100000,799,Hough transform baseline,1,1,0,0.931140350877193,0.8703703703703705,0.9473684210526316,1.0,1.0,0,0,39,0,74,16271,0.9999999999743591,0.34513274335977756,0.5131578943485976,0.9954833984374392,0.34513274335977756
larger,100000,800,Hough transform baseline,3,3,0,0.9245916356655587,0.8556431041324188,0.9477611940298507,1.0,1.0,0,0,121,2,304,15957,0.9837398373903761,0.2847058823522713,0.4416058390662995,0.98132324218744,0.2833723653389148
larger,100000,801,Hough transform baseline,1,1,0,0.9037994652406417,0.7992929292929293,0.9705882352941176,1.0,1.0,0,0,69,0,138,16177,0.9999999999855071,0.33333333333172305,0.4999999996213768,0.9915771484374395,0.33333333333172305
larger,100000,802,Hough transform baseline,3,3,0,0.9929397590361446,0.9887550200803213,0.99,1.0,1.0,0,0,167,0,226,15991,0.999999999994012,0.42493638676736656,0.5964285710078762,0.9862060546874398,0.42493638676736656
larger,100000,803,Hough transform baseline,1,1,0,1.0,1.0,1.0,1.0,1.0,0,0,23,0,0,16361,0.9999999999565218,0.9999999999565218,0.9999999994565218,0.9999999999999389,0.9999999999565218
larger,100000,804,Hough transform baseline,2,3,1,0.8525694444444444,0.7958333333333333,0.8888888888888888,1.0,0.6666666666666667,0,0,111,0,191,16082,0.999999999990991,0.36754966887295515,0.5375302659481618,0.9883422851561896,0.36754966887295515
larger,100000,805,Hough transform baseline,1,1,0,0.8101241830065359,0.6027450980392157,0.9444444444444444,1.0,1.0,0,0,39,1,150,16194,0.974999999975625,0.20634920634811457,0.3406113534204916,0.9907836914061895,0.2052631578936565
larger,100000,806,Hough transform baseline,5,10,5,0.49660100662338513,0.7650501672240803,0.36458333333333337,0.11764705882352941,0.5,2,17,282,207,302,15593,0.5766871165632379,0.48287671232794027,0.5256290768561549,0.9689331054686908,0.35651074589082615
larger,100000,807,Hough transform baseline,3,3,0,0.5394444444444445,0.701851851851852,0.6180555555555556,0.0,1.0,0,2,92,53,64,16175,0.634482758616314,0.5897435897398093,0.6112956805597289,0.9928588867186894,0.44019138755770243
larger,100000,808,Hough transform baseline,5,8,3,0.6477811537198062,0.853862377376843,0.616326530612245,0.3111111111111111,0.625,3,9,347,79,483,15475,0.8145539906084166,0.4180722891561228,0.5525477702514884,0.965698242187441,0.3817381738169618
larger,100000,809,Hough transform baseline,5,5,0,0.7146279384231328,0.9341545893719805,0.9712918660287081,0.0,1.0,0,1,212,1,176,15995,0.995305164314576,0.5463917525759113,0.7054908481257359,0.9891967773436896,0.544987146528162
larger,100000,810,Hough transform baseline,5,6,1,0.7789599366477841,0.8885202135774217,0.8789625360230547,0.48,0.8333333333333334,3,5,312,2,210,15860,0.9936305732452433,0.5977011494241423,0.7464114827827546,0.9870605468749397,0.595419847327108
larger,100000,811,Hough transform baseline,4,4,0,0.8472109411609795,0.9400983877651395,0.9958333333333333,0.5,1.0,2,1,243,0,298,15843,0.9999999999958848,0.4491682070231993,0.6198979587543308,0.98181152343744,0.4491682070231993
larger,100000,812,Hough transform baseline,1,1,0,0.9676639815880322,0.9393939393939394,0.9746835443037974,1.0,1.0,0,0,80,0,156,16148,0.9999999999875,0.33898305084602126,0.5063291135427015,0.9904785156249395,0.33898305084602126
larger,100000,813,Hough transform baseline,3,5,2,0.8560210961287518,0.8423976608187135,0.8347107438016529,1.0,0.6,0,0,126,0,106,16152,0.9999999999920635,0.5431034482735211,0.7039106140650416,0.9935302734374394,0.5431034482735211
larger,100000,814,Hough transform baseline,2,2,0,0.9464156578415996,0.8990642736616046,0.9591836734693877,1.0,1.0,0,0,100,0,196,16088,0.99999999999,0.3378378378366965,0.5050505046704419,0.9880371093749397,0.3378378378366965
larger,100000,815,Hough transform baseline,1,1,0,1.0,1.0,1.0,1.0,1.0,0,0,35,0,0,16349,0.9999999999714286,0.9999999999714286,0.9999999994714286,0.9999999999999389,0.9999999999714286
larger,100000,816,Hough transform baseline,2,2,0,0.9361723005563928,0.8701726799151072,0.972972972972973,1.0,1.0,0,0,150,0,296,15938,0.9999999999933334,0.33632286995440286,0.5033557043196253,0.98193359374994,0.33632286995440286
larger,100000,817,Hough transform baseline,5,9,4,0.47603006048595903,0.6868569245366989,0.4444444444444444,0.09,0.5555555555555556,2,20,287,188,483,15426,0.6042105263145174,0.3727272727267887,0.4610441762341588,0.9590454101561915,0.29958246346524053
larger,100000,818,Hough transform baseline,2,2,0,0.9671272395991497,0.9369369369369369,0.9775280898876404,1.0,1.0,0,0,91,0,76,16217,0.9999999999890109,0.5449101796374557,0.7054263561270656,0.9953613281249393,0.5449101796374557
larger,100000,819,Hough transform baseline,4,5,1,0.60304216144548,0.692677671429232,0.7441860465116279,0.25,0.8,1,4,212,16,302,15854,0.9298245613994306,0.41245136186690184,0.571428571001315,0.9805908203124402,0.3999999999992453
larger,100000,820,Hough transform baseline,1,1,0,1.0,1.0,1.0,1.0,1.0,0,0,49,0,0,16335,0.9999999999795919,0.9999999999795919,0.9999999994795918,0.9999999999999389,0.9999999999795919
larger,100000,821,Hough transform baseline,2,2,0,0.5787835365853659,0.7225,0.7682926829268293,0.0,1.0,0,1,59,12,82,16231,0.8309859154812537,0.4184397163090891,0.556603773134167,0.9942626953124393,0.3856209150301594
larger,100000,822,Hough transform baseline,2,2,0,0.9187646321070234,0.8349358974358974,0.9652173913043478,1.0,1.0,0,0,89,1,173,16121,0.9888888888779012,0.3396946564872531,0.5056818177983278,0.9893798828124396,0.33840304182380837
larger,100000,823,Hough transform baseline,1,1,0,0.951276359600444,0.9084967320261439,0.9622641509433962,1.0,1.0,0,0,54,0,108,16222,0.9999999999814816,0.33333333333127574,0.49999999962037045,0.9934082031249394,0.33333333333127574
larger,100000,824,Hough transform baseline,3,3,0,0.9625485625485625,0.9268755935422601,0.9772727272727273,1.0,1.0,1,1,178,0,172,16034,0.999999999994382,0.5085714285699755,0.6742424237929292,0.9895019531249396,0.5085714285699755
larger,100000,825,Hough transform baseline,4,4,0,0.9569217137171994,0.9173423703519464,0.9705882352941176,1.0,1.0,2,2,206,0,260,15918,0.9999999999951457,0.44206008583596124,0.6130952376682611,0.9841308593749399,0.44206008583596124
larger,100000,826,Hough transform baseline,1,1,0,1.0,1.0,1.0,1.0,1.0,0,0,22,0,42,16320,0.9999999999545455,0.3437499999946289,0.5116279065840994,0.997436523437439,0.3437499999946289
larger,100000,827,Hough transform baseline,1,1,0,0.9611268939393939,0.9270833333333333,0.9696969696969697,1.0,1.0,0,0,67,0,130,16187,0.9999999999850746,0.3401015228409132,0.5075757571931531,0.9920654296874394,0.3401015228409132
larger,100000,828,Hough transform baseline,1,2,1,0.13666666666666666,0.0,0.43333333333333335,0.0,0.5,0,1,24,0,24,16336,0.9999999999583333,0.4999999999895834,0.6666666662037037,0.998535156249939,0.4999999999895834
larger,100000,829,Hough transform baseline,1,1,0,0.9696283391405343,0.9430894308943089,0.9761904761904762,1.0,1.0,0,0,31,0,61,16292,0.9999999999677419,0.33695652173546786,0.5040650402651861,0.9962768554686892,0.33695652173546786
larger,100000,830,Hough transform baseline,3,3,0,0.9739819004524887,0.9487179487179488,0.9852941176470589,1.0,1.0,2,2,132,0,68,16184,0.9999999999924243,0.6599999999967,0.7951807224077514,0.9958496093749392,0.6599999999967
larger,100000,831,Hough transform baseline,4,5,1,0.5119108391608391,0.6042463092463092,0.8,0.0,0.8,0,1,95,2,171,16116,0.9793814432888723,0.3571428571415145,0.5234159775669239,0.9894409179686896,0.35447761193897587
larger,100000,832,Hough transform baseline,4,4,0,0.951686799719888,0.9011029411764707,0.9809523809523809,1.0,1.0,0,0,209,0,224,15951,0.9999999999952154,0.48267898383260355,0.6510903422379684,0.9863281249999398,0.48267898383260355
larger,100000,833,Hough transform baseline,5,6,1,0.6382535436312772,0.8057401012155242,0.9616858237547893,0.0,0.8333333333333334,0,1,243,3,459,15679,0.987804878044765,0.34615384615335304,0.5126582274627062,0.9718017578124407,0.3446808510633409
larger,100000,834,Hough transform baseline,2,2,0,1.0,1.0,1.0,1.0,1.0,0,0,78,0,0,16306,0.9999999999871795,0.9999999999871795,0.9999999994871795,0.9999999999999389,0.9999999999871795
larger,100000,835,Hough transform baseline,3,3,0,0.9435,0.8833333333333333,0.98,1.0,1.0,0,0,103,0,30,16251,0.9999999999902912,0.7744360902197411,0.8728813554328856,0.998168945312439,0.7744360902197411
larger,100000,836,Hough transform baseline,4,5,1,0.8695531100478469,0.85153216374269,0.7818181818181819,1.0,0.8,0,0,176,25,311,15872,0.8756218905429074,0.36139630390069527,0.5116279065616591,0.9794921874999402,0.34374999999932865
larger,100000,837,Hough transform baseline,2,2,0,0.9693661971830986,0.9444444444444444,0.971830985915493,1.0,1.0,0,0,73,0,86,16225,0.9999999999863013,0.4591194968524584,0.6293103443908664,0.9947509765624393,0.4591194968524584
larger,100000,838,Hough transform baseline,5,5,0,0.9769317647952909,0.957838506522717,0.9795221843003413,1.0,1.0,0,0,298,0,440,15646,0.9999999999966444,0.40379403793983226,0.5752895748786542,0.9731445312499406,0.40379403793983226
larger,100000,839,Hough transform baseline,4,5,1,0.700552605376701,0.7246376811594203,0.8473282442748091,0.5,0.8,1,2,127,7,113,16137,0.947761194022778,0.5291666666644619,0.6791443845632703,0.9926757812499394,0.5141700404837484
larger,100000,840,Hough transform baseline,5,9,4,0.5395273230917601,0.6492476060191518,0.646551724137931,0.25,0.5555555555555556,4,16,328,91,471,15494,0.7828162291150769,0.4105131414262697,0.53858784848046,0.965698242187441,0.36853932584228255
larger,100000,841,Hough transform baseline,5,7,2,0.9138229748793947,0.9042182672104808,0.9274809160305344,1.0,0.7142857142857143,1,1,268,0,204,15912,0.9999999999962687,0.5677966101682885,0.7243243238603653,0.9875488281249397,0.5677966101682885
larger,100000,842,Hough transform baseline,5,10,5,0.5088814795290809,0.7385714285714284,0.47785977859778594,0.12380952380952381,0.5,3,21,353,76,312,15643,0.8228438228419048,0.5308270676683747,0.6453382079315947,0.9763183593749404,0.4763832658563072
larger,100000,843,Hough transform baseline,5,5,0,0.9752971206848212,0.9545109442613899,0.9788359788359788,1.0,1.0,1,1,377,0,664,15343,0.9999999999973475,0.36215177713702,0.531734837408604,0.9594726562499414,0.36215177713702
larger,100000,844,Hough transform baseline,3,4,1,0.927189644959489,0.9157569667966644,0.9504950495049505,1.0,0.75,0,0,195,0,233,15956,0.9999999999948719,0.4556074766344495,0.6260032098408003,0.9857788085936898,0.4556074766344495
larger,100000,845,Hough transform baseline,5,10,5,0.5602417269575288,0.7175707547169811,0.7094017094017093,0.18181818181818182,0.5,2,11,275,58,370,15681,0.8258258258233458,0.42635658914662583,0.5623721876887957,0.9738769531249405,0.39118065433799265
larger,100000,846,Hough transform baseline,1,1,0,0.8465277777777778,0.7083333333333334,0.8888888888888888,1.0,1.0,0,0,19,0,34,16331,0.9999999999473684,0.3584905660309719,0.5277777773746142,0.997924804687439,0.3584905660309719
larger,100000,847,Hough transform baseline,1,1,0,1.0,1.0,1.0,1.0,1.0,0,0,61,0,0,16323,0.9999999999836067,0.9999999999836067,0.9999999994836066,0.9999999999999389,0.9999999999836067
larger,100000,848,Hough transform baseline,4,5,1,0.6176298796705824,0.8998410174880764,0.6635071090047393,0.0,0.8,0,1,165,41,61,16117,0.8009708737825196,0.7300884955719908,0.763888888386424,0.9937744140624393,0.6179775280875731
larger,100000,849,Hough transform baseline,5,8,3,0.49400519518973884,0.6017736099614848,0.5535353535353535,0.2,0.625,1,5,319,143,482,15440,0.690476190474696,0.3982521847685415,0.5051464761781354,0.9618530273436913,0.3379237288132014
larger,100000,850,Hough transform baseline,1,1,0,1.0,1.0,1.0,1.0,1.0,0,0,64,0,0,16320,0.9999999999843749,0.9999999999843749,0.9999999994843749,0.9999999999999389,0.9999999999843749
larger,100000,851,Hough transform baseline,3,3,0,0.9626638727702558,0.9264870931537599,0.9787234042553191,1.0,1.0,0,0,191,0,262,15931,0.9999999999947644,0.42163355408295444,0.5931677014442681,0.9840087890624399,0.42163355408295444
larger,100000,852,Hough transform baseline,2,2,0,0.8927013593020897,0.7951015531660692,0.9245283018867925,1.0,1.0,0,0,55,0,102,16227,0.9999999999818182,0.3503184713353483,0.518867924139151,0.9937744140624393,0.3503184713353483
larger,100000,853,Hough transform baseline,5,6,1,0.9121380855134258,0.8956937287170369,0.8787128712871287,1.0,0.8333333333333334,0,0,367,16,386,15615,0.9582245430784381,0.487383798140123,0.6461267601152844,0.9754638671874404,0.47724317295126495
larger,100000,854,Hough transform baseline,1,1,0,1.0,1.0,1.0,1.0,1.0,0,0,61,0,0,16323,0.9999999999836067,0.9999999999836067,0.9999999994836066,0.9999999999999389,0.9999999999836067
larger,100000,855,Hough transform baseline,2,2,0,0.9820131845841785,0.966159567275186,0.9862068965517241,1.0,1.0,1,1,105,0,204,16075,0.9999999999904762,0.3398058252416188,0.5072463764305468,0.9875488281249397,0.3398058252416188
larger,100000,856,Hough transform baseline,5,4,1,0.6757971014492754,0.5739935587761674,0.4375,1.0,0.8,0,0,117,136,191,15940,0.4624505928835477,0.3798701298688965,0.4171122989685595,0.9800415039061902,0.26351351351292
larger,100000,857,Hough transform baseline,5,8,3,0.5175737546206653,0.5920442410373761,0.6307692307692307,0.25,0.625,1,4,208,62,303,15811,0.7703703703675172,0.40704500978393926,0.5326504476896523,0.9777221679686903,0.36300174520006456
larger,100000,858,Hough transform baseline,2,2,0,0.9547961075069509,0.9102564102564102,0.9759036144578314,1.0,1.0,0,0,85,0,58,16241,0.9999999999882353,0.5944055944014378,0.745614034613535,0.9964599609374392,0.5944055944014378
larger,100000,859,Hough transform baseline,4,7,3,0.5231441901303848,0.7097581411022271,0.7330508474576272,0.0,0.5714285714285714,0,1,193,1,335,15855,0.9948453608196143,0.36553030302961076,0.5346260383866837,0.9794921874999402,0.36483931947000975
larger,100000,860,Hough transform baseline,1,1,0,0.9007245641425969,0.7934972677595629,0.9682539682539683,1.0,1.0,0,0,64,0,128,16192,0.9999999999843749,0.33333333333159726,0.49999999962109376,0.9921874999999394,0.33333333333159726
larger,100000,861,Hough transform baseline,5,4,1,0.8037035833255504,0.6581871188457533,0.8875968992248062,1.0,0.8,0,0,242,20,296,15826,0.9236641221338792,0.44981412639321594,0.604999999558,0.9807128906249402,0.4336917562716242
larger,100000,862,Hough transform baseline,4,5,1,0.6036476964769648,0.8335802469135802,0.5426829268292683,0.16,0.8,1,5,175,91,220,15898,0.657894736839632,0.4430379746824227,0.5295007559470933,0.98101806640619,0.3600823045260081
larger,100000,863,Hough transform baseline,4,4,0,0.9616803692630899,0.9269116300366301,0.9728506787330317,1.0,1.0,1,1,224,0,352,15808,0.9999999999955358,0.38888888888821377,0.5599999995954,0.9785156249999403,0.38888888888821377
larger,100000,864,Hough transform baseline,1,1,0,0.9084291187739463,0.8271604938271604,0.9310344827586207,1.0,1.0,0,0,30,0,56,16298,0.9999999999666667,0.34883720929826934,0.5172413789179547,0.9965820312499392,0.34883720929826934
larger,100000,865,Hough transform baseline,4,6,2,0.5228511404561825,0.5836601307189543,0.8010204081632653,0.13333333333333333,0.6666666666666667,1,3,159,31,105,16089,0.8368421052587535,0.602272727270446,0.7004405281445594,0.9916992187499395,0.5389830508456306
larger,100000,866,Hough transform baseline,4,5,1,0.6195813095704401,0.822192699946323,0.847972972972973,0.0,0.8,0,1,260,23,175,15926,0.9187279151911,0.5977011494239134,0.724233982807299,0.9879150390624397,0.5676855895184112
larger,100000,867,Hough transform baseline,3,3,0,0.9629085005903187,0.9249206349206349,0.9834710743801653,1.0,1.0,0,0,124,0,104,16156,0.9999999999919355,0.5438596491204217,0.7045454540850983,0.9936523437499393,0.5438596491204217
larger,100000,868,Hough transform baseline,1,1,0,1.0,1.0,1.0,1.0,1.0,0,0,33,0,68,16283,0.9999999999696971,0.3267326732640917,0.49253731305424364,0.9958496093749392,0.3267326732640917
larger,100000,869,Hough transform baseline,4,6,2,0.7206480403342989,0.8034864940128098,0.7120622568093385,0.6,0.6666666666666667,1,1,197,56,188,15943,0.7786561264791357,0.5116883116869826,0.6175548584536364,0.9851074218749398,0.4467120181395766
larger,100000,870,Hough transform baseline,4,7,3,0.46601500490170933,0.6189349112426036,0.6517571884984026,0.0,0.5714285714285714,2,4,206,48,491,15639,0.8110236220440511,0.29555236728795475,0.4332281804698358,0.9671020507811909,0.27651006711372283
larger,100000,871,Hough transform baseline,3,4,1,0.4632179487179488,0.5293732193732195,0.75,0.0,0.75,0,2,91,5,196,16092,0.9479166666567925,0.31707317073060254,0.4751958220761747,0.9877319335936897,0.31164383561537107
larger,100000,872,Hough transform baseline,2,2,0,0.8393741830065359,0.6677450980392157,0.9444444444444444,1.0,1.0,0,0,52,0,96,16236,0.9999999999807693,0.3513513513489774,0.51999999961,0.9941406249999393,0.3513513513489774
larger,100000,873,Hough transform baseline,3,4,1,0.9373518157262906,0.9299428104575164,0.9693877551020408,1.0,0.75,0,0,102,0,194,16088,0.9999999999901961,0.34459459459343045,0.5125628136865735,0.9881591796874397,0.34459459459343045
larger,100000,874,Hough transform baseline,2,2,0,0.9791429475015814,0.9623655913978496,0.9803921568627451,1.0,1.0,0,0,104,0,126,16154,0.9999999999903846,0.45217391304151233,0.6227544905853921,0.9923095703124394,0.45217391304151233
larger,100000,875,Hough transform baseline,5,7,2,0.7459022389211067,0.883875794986906,0.8419811320754718,0.43333333333333335,0.7142857142857143,3,6,318,30,417,15619,0.91379310344565,0.4326530612239012,0.5872576172912936,0.9727172851561906,0.41568627450926054
larger,100000,876,Hough transform baseline,4,4,0,0.9662399492170969,0.9313725490196079,0.9856115107913669,1.0,1.0,0,0,143,0,36,16205,0.999999999993007,0.7988826815597828,0.8881987572647082,0.997802734374939,0.7988826815597828
larger,100000,877,Hough transform baseline,4,4,0,1.0,1.0,1.0,1.0,1.0,1,1,276,0,0,16108,0.9999999999963769,0.9999999999963769,0.9999999994963769,0.9999999999999389,0.9999999999963769
larger,100000,878,Hough transform baseline,4,4,0,0.9922795497185741,0.9871794871794872,0.9902439024390244,1.0,1.0,0,0,209,0,184,15991,0.9999999999952154,0.5318066157747282,0.694352159012842,0.9887695312499396,0.5318066157747282
larger,100000,879,Hough transform baseline,4,5,1,0.9239393939393941,0.8939393939393939,0.9583333333333334,1.0,0.8,0,0,190,0,67,16127,0.9999999999947369,0.739299610892065,0.8501118563306957,0.9959106445311892,0.739299610892065
larger,100000,880,Hough transform baseline,5,5,0,0.899606804407025,0.9081561078128585,0.9546827794561934,0.8,1.0,4,5,310,7,400,15667,0.9779179810694704,0.43661971830924423,0.6037000969430252,0.9751586914061905,0.4323570432351013
larger,100000,881,Hough transform baseline,1,1,0,1.0,1.0,1.0,1.0,1.0,0,0,98,0,0,16286,0.9999999999897958,0.9999999999897958,0.9999999994897959,0.9999999999999389,0.9999999999897958
larger,100000,882,Hough transform baseline,1,1,0,0.8239090909090908,0.6288888888888888,0.9545454545454546,1.0,1.0,0,0,33,0,62,16289,0.9999999999696971,0.34736842104897503,0.5156249996092529,0.9962158203124392,0.34736842104897503
larger,100000,883,Hough transform baseline,2,2,0,0.8799056603773586,0.7666666666666668,0.9245283018867925,1.0,1.0,0,0,55,0,102,16227,0.9999999999818182,0.3503184713353483,0.518867924139151,0.9937744140624393,0.3503184713353483
larger,100000,884,Hough transform baseline,3,3,0,0.9569333333333333,0.9185185185185186,0.968,1.0,1.0,2,2,126,0,148,16110,0.9999999999920635,0.45985401459686187,0.6299999995653,0.9909667968749395,0.45985401459686187
larger,100000,885,Hough transform baseline,4,6,2,0.4663852922321243,0.6368016240635901,0.5657894736842105,0.0,0.6666666666666667,0,2,149,78,259,15898,0.6563876651953463,0.36519607843047747,0.4692913381218228,0.9794311523436902,0.30658436213928686
larger,100000,886,Hough transform baseline,3,4,1,0.8678050974512743,0.8230917874396135,0.8620689655172413,1.0,0.75,0,0,156,1,265,15962,0.9936305732420788,0.37054631828890605,0.5397923871456939,0.9837646484374399,0.36966824644462165
larger,100000,887,Hough transform baseline,5,5,0,0.9616630055309301,0.9231924231924232,0.9811320754716981,1.0,1.0,0,0,202,0,240,15942,0.9999999999950495,0.4570135746595995,0.6273291921140773,0.9853515624999398,0.4570135746595995
larger,100000,888,Hough transform baseline,4,4,0,0.7484414684947021,0.8996794871794872,0.8012618296529969,0.3333333333333333,1.0,1,3,263,55,276,15790,0.8270440251546319,0.4879406307968684,0.6137689610253999,0.9797973632811902,0.4427609427601974
larger,100000,889,Hough transform baseline,4,5,1,0.5807718360071301,0.7811764705882351,0.7462121212121212,0.0,0.8,0,3,239,14,286,15845,0.9446640316168196,0.45523809523722814,0.6143958864489958,0.98168945312494,0.4434137291271922
larger,100000,890,Hough transform baseline,3,4,1,0.6692333983177616,0.9121712292002148,0.9187817258883249,0.0,0.75,0,1,196,4,84,16100,0.9799999999951,0.6999999999975001,0.8166666661771528,0.9946289062499393,0.6901408450679924
larger,100000,891,Hough transform baseline,4,5,1,0.5993936049821806,0.6506883423344524,0.7329192546583851,0.32,0.8,2,5,265,57,457,15605,0.8229813664570715,0.36703601107982403,0.5076628348214683,0.9686279296874408,0.34017971758621285
larger,100000,892,Hough transform baseline,1,1,0,0.9617221584385763,0.9282051282051282,0.9701492537313433,1.0,1.0,0,0,68,0,132,16184,0.9999999999852941,0.3399999999983,0.5074626861846736,0.9919433593749394,0.3399999999983
larger,100000,893,Hough transform baseline,1,2,1,0.5383680862831859,0.8335416666666666,0.5663716814159292,0.0,0.5,0,1,80,11,148,16145,0.8791208791112184,0.35087719298091724,0.5015673977081987,0.9902954101561895,0.33472803347140284
larger,100000,894,Hough transform baseline,4,5,1,0.604967693236715,0.7822685185185185,0.8647342995169083,0.0,0.8,0,1,182,9,181,16012,0.9528795811468436,0.5013774104669384,0.6570397107371594,0.9884033203124396,0.48924731182664183
larger,100000,895,Hough transform baseline,2,2,0,0.9569444444444444,0.9135802469135802,0.9791666666666666,1.0,1.0,0,0,98,0,60,16226,0.9999999999897958,0.6202531645530364,0.7656249995214843,0.9963378906249392,0.6202531645530364
larger,100000,896,Hough transform baseline,1,1,0,0.9175,0.8444444444444444,0.9375,1.0,1.0,0,0,33,0,62,16289,0.9999999999696971,0.34736842104897503,0.5156249996092529,0.9962158203124392,0.34736842104897503
larger,100000,897,Hough transform baseline,1,1,0,0.9644444444444444,0.9333333333333333,0.9722222222222222,1.0,1.0,0,0,73,0,146,16165,0.9999999999863013,0.33333333333181125,0.4999999996215753,0.9910888671874395,0.33333333333181125
larger,100000,898,Hough transform baseline,2,2,0,0.9717213114754099,0.9444444444444444,0.9836065573770492,1.0,1.0,0,0,124,0,90,16170,0.9999999999919355,0.5794392523337409,0.7337278101819964,0.9945068359374393,0.5794392523337409
larger,100000,899,Hough transform baseline,2,2,0,0.9847708795269771,0.9715447154471544,0.9878787878787879,1.0,1.0,0,0,167,0,166,16051,0.999999999994012,0.5015015014999955,0.6679999995524402,0.9898681640624396,0.5015015014999955
larger,100000,900,Hough transform baseline,4,4,0,0.9676227858293076,0.9387860082304527,0.9758454106280193,1.0,1.0,3,3,197,2,222,15963,0.989949748738744,0.4701670644380187,0.6375404526357338,0.9863281249999398,0.4679334916853493
larger,100000,901,Hough transform baseline,1,1,0,1.0,1.0,1.0,1.0,1.0,0,0,25,0,0,16359,0.99999999996,0.99999999996,0.99999999946,0.9999999999999389,0.99999999996
larger,100000,902,Hough transform baseline,5,9,4,0.5324172434914811,0.6740644867875989,0.7009966777408638,0.13333333333333333,0.5555555555555556,1,6,230,47,434,15673,0.8303249097442948,0.34638554216815304,0.48884165739436986,0.9706420898436907,0.32348804500657735
larger,100000,903,Hough transform baseline,5,5,0,0.843099393343171,0.879438596491228,0.9034267912772586,0.6666666666666666,1.0,2,3,296,27,261,15800,0.916408668727813,0.5314183123868377,0.6727272722610976,0.98242187499994,0.5068493150676253
larger,100000,904,Hough transform baseline,3,3,0,0.9849236309988718,0.9718196457326892,0.9880239520958084,1.0,1.0,0,0,165,0,146,16073,0.9999999999939394,0.5305466237925063,0.6932773104684962,0.9910888671874395,0.5305466237925063
larger,100000,905,Hough transform baseline,2,3,1,0.4360928896017108,0.5757364341085272,0.5517241379310345,0.0,0.6666666666666667,0,3,128,26,174,16056,0.831168831163434,0.4238410596012456,0.5614035083221376,0.9877929687499397,0.39024390243783463
larger,100000,906,Hough transform baseline,3,4,1,0.7345189471295668,0.9841161788064443,0.6666666666666667,0.3333333333333333,0.75,1,3,260,17,177,15930,0.9386281588413768,0.5949656750558467,0.7282913160496788,0.9881591796874397,0.5726872246683421
larger,100000,907,Hough transform baseline,4,6,2,0.5363605442176871,0.6333333333333334,0.7448979591836735,0.14285714285714285,0.6666666666666667,1,7,232,42,179,15931,0.8467153284640632,0.5644768856433955,0.677372262291745,0.9865112304686897,0.5121412803520703
larger,100000,908,Hough transform baseline,3,3,0,0.7560919893273765,0.49173747276688456,0.9240506329113924,1.0,1.0,0,0,80,2,158,16144,0.9756097560856632,0.3361344537801003,0.4999999996157032,0.9902343749999395,0.3333333333319445
larger,100000,909,Hough transform baseline,5,5,0,0.620682002226946,0.7559059059059059,0.9026217228464419,0.0,1.0,0,3,252,17,220,15895,0.9368029739742126,0.5338983050836147,0.6801619428555278,0.9855346679686898,0.5153374233118296
larger,100000,910,Hough transform baseline,3,6,3,0.5046169099617951,0.7457523775129409,0.5951417004048583,0.0,0.5,0,1,179,1,322,15882,0.9944444444389198,0.3572854291410034,0.5256975032806208,0.9802856445311902,0.35657370517857256
larger,100000,911,Hough transform baseline,5,6,1,0.6302788742986224,0.7551170751609597,0.7857142857142857,0.19999999999999998,0.8333333333333334,2,6,264,43,356,15721,0.8599348534173944,0.4258064516122165,0.5695792875816643,0.9756469726561904,0.3981900452482682
larger,100000,912,Hough transform baseline,1,1,0,1.0,1.0,1.0,1.0,1.0,0,0,25,0,0,16359,0.99999999996,0.99999999996,0.99999999946,0.9999999999999389,0.99999999996
larger,100000,913,Hough transform baseline,1,1,0,1.0,1.0,1.0,1.0,1.0,0,0,40,0,0,16344,0.9999999999750001,0.9999999999750001,0.9999999994750002,0.9999999999999389,0.9999999999750001
larger,100000,914,Hough transform baseline,4,7,3,0.6812751772635188,0.9069228778467908,0.6738351254480286,0.325,0.5714285714285714,3,8,211,31,249,15893,0.8719008264426781,0.4586956521729159,0.6011396006861065,0.9829101562499399,0.42973523421501075
larger,100000,915,Hough transform baseline,5,6,1,0.5452143151436192,0.6922578184591914,0.7518248175182481,0.0,0.8333333333333334,0,2,205,45,265,15869,0.81999999999672,0.43617021276502943,0.5694444439895447,0.98107910156244,0.3980582524264115
larger,100000,916,Hough transform baseline,5,6,1,0.5592548405864753,0.6503306221786993,0.9163636363636364,0.0,0.8333333333333334,1,2,228,5,264,15887,0.9785407725279891,0.4634146341453996,0.6289655168034549,0.9835815429686899,0.4587525150896202
larger,100000,917,Hough transform baseline,3,3,0,0.9331164994425865,0.8698885172798216,0.9583333333333334,1.0,1.0,0,0,92,0,110,16182,0.9999999999891304,0.45544554455220077,0.6258503397017908,0.9932861328124394,0.45544554455220077
larger,100000,918,Hough transform baseline,5,6,1,0.9598456376505158,0.9657131386128677,0.9597069597069597,1.0,0.8333333333333334,0,0,279,0,240,15865,0.9999999999964158,0.5375722543342243,0.6992481198442252,0.9853515624999398,0.5375722543342243
larger,100000,919,Hough transform baseline,5,6,1,0.9141755210982639,0.8968210233160073,0.8863636363636364,1.0,0.8333333333333334,0,0,402,0,479,15503,0.9999999999975124,0.45629965947734813,0.6266562739256917,0.9707641601561907,0.45629965947734813
larger,100000,920,Hough transform baseline,5,6,1,0.6423152929493546,0.8298830409356726,0.9276729559748428,0.0,0.8333333333333334,0,1,316,1,460,15607,0.9968454258643633,0.4072164948448361,0.5782250682056002,0.9718627929686906,0.4066924066918833
larger,100000,921,Hough transform baseline,2,3,1,0.7951062843341797,0.7436399217221136,0.71900826446281,1.0,0.6666666666666667,0,0,101,7,128,16148,0.935185185176526,0.4410480349325719,0.5994065277508123,0.9917602539061895,0.42796610169310184
larger,100000,922,Hough transform baseline,1,1,0,0.9422739018087856,0.8914728682170543,0.9555555555555556,1.0,1.0,0,0,46,0,88,16250,0.999999999978261,0.34328358208699045,0.5111111107249383,0.9946289062499393,0.34328358208699045
larger,100000,923,Hough transform baseline,2,3,1,0.840297619047619,0.825,0.7619047619047619,1.0,0.6666666666666667,0,0,45,0,27,16312,0.9999999999777779,0.6249999999913194,0.7692307687442472,0.998352050781189,0.6249999999913194
larger,100000,924,Hough transform baseline,5,9,4,0.5743375397832893,0.8407101255157088,0.7023121387283238,0.0,0.5555555555555556,0,4,274,26,281,15803,0.9133333333302889,0.4936936936928042,0.6409356720575958,0.98126220703119,0.47160068846734665
larger,100000,925,Hough transform baseline,1,1,0,1.0,1.0,1.0,1.0,1.0,0,0,72,0,0,16312,0.9999999999861111,0.9999999999861111,0.9999999994861111,0.9999999999999389,0.9999999999861111
larger,100000,926,Hough transform baseline,3,3,0,0.9510933503836317,0.9070048309178745,0.9647058823529412,1.0,1.0,0,0,170,0,346,15868,0.9999999999941177,0.3294573643404468,0.4956268217831856,0.9788818359374403,0.3294573643404468
larger,100000,927,Hough transform baseline,5,5,0,0.794798743931228,0.8316829836829837,0.9777070063694268,0.5,1.0,1,2,307,10,236,15831,0.9684542586720238,0.5653775322273198,0.7139534879049623,0.9849853515624398,0.5551537070514373
larger,100000,928,Hough transform baseline,2,2,0,0.956918505942275,0.904263346538389,1.0,1.0,1.0,0,0,147,0,232,16005,0.9999999999931973,0.3878627968327497,0.5589353608118738,0.9858398437499398,0.3878627968327497
larger,100000,929,Hough transform baseline,1,1,0,0.9699929128277817,0.9437751004016064,0.9764705882352941,1.0,1.0,0,0,86,0,168,16130,0.9999999999883721,0.33858267716402135,0.5058823525602768,0.9897460937499396,0.33858267716402135
larger,100000,930,Hough transform baseline,5,6,1,0.5909323604922672,0.7834448160535118,0.7752442996742671,0.0,0.8333333333333334,0,3,241,49,149,15945,0.8310344827557551,0.6179487179471335,0.7088235289204929,0.9879150390624397,0.5489749430511413
larger,100000,931,Hough transform baseline,2,2,0,0.8960638122909929,0.7996820349761526,0.9310344827586207,1.0,1.0,0,0,60,0,112,16212,0.9999999999833334,0.3488372093002975,0.5172413789224138,0.9931640624999394,0.3488372093002975
larger,100000,932,Hough transform baseline,5,5,0,0.6156083363277038,0.7031884057971014,0.9958677685950413,0.0,1.0,0,2,234,10,350,15790,0.9590163934386926,0.40068493150616324,0.5652173908872903,0.9780273437499403,0.39393939393873073
larger,100000,933,Hough transform baseline,1,1,0,0.9644444444444444,0.9333333333333333,0.9722222222222222,1.0,1.0,0,0,73,0,142,16169,0.9999999999863013,0.33953488371935103,0.506944444062476,0.9913330078124395,0.33953488371935103
larger,100000,934,Hough transform baseline,3,4,1,0.5814232631324134,0.7614161220043573,0.8189300411522633,0.0,0.75,0,2,202,14,168,16000,0.9351851851808557,0.5459459459444704,0.6894197947540215,0.9888916015624396,0.5260416666652968
larger,100000,935,Hough transform baseline,1,1,0,0.892695652173913,0.7971014492753623,0.92,1.0,1.0,0,0,17,2,72,16293,0.8947368420581717,0.19101123595290997,0.31481481451903287,0.9954833984374392,0.1868131868111339
larger,100000,936,Hough transform baseline,3,4,1,0.9153312561339317,0.8884415816782967,0.9526627218934911,1.0,0.75,1,1,169,0,320,15895,0.999999999994083,0.34560327198293334,0.5136778111668452,0.9804687499999402,0.34560327198293334
larger,100000,937,Hough transform baseline,3,3,0,0.5371724137931034,0.7007407407407408,0.6091954022988506,0.0,1.0,0,2,118,57,192,16017,0.6742857142818612,0.3806451612890947,0.4865979376810628,0.9848022460936898,0.321525885557707
larger,100000,938,Hough transform baseline,4,6,2,0.5972045718713677,0.8831876820640865,0.6655172413793103,0.0,0.6666666666666667,0,2,219,66,354,15745,0.7684210526288827,0.38219895287891414,0.5104895100446558,0.9743652343749405,0.34272300469429934
larger,100000,939,Hough transform baseline,2,2,0,0.9485576923076924,0.9027777777777779,0.9615384615384616,1.0,1.0,0,0,54,0,50,16280,0.9999999999814816,0.5192307692257766,0.6835443033388879,0.9969482421874392,0.5192307692257766
larger,100000,940,Hough transform baseline,4,7,3,0.5442211703958691,0.6499999999999999,0.7228915662650602,0.2,0.5714285714285714,1,2,192,32,277,15883,0.8571428571390306,0.40938166311213353,0.5541125536734486,0.98114013671869,0.3832335329333668
larger,100000,941,Hough transform baseline,5,5,0,0.9330544454124886,0.9147006139400505,0.9821958456973294,0.9,1.0,2,2,340,0,386,15658,0.9999999999970589,0.46831955922800506,0.6378986862435363,0.9764404296874404,0.46831955922800506
larger,100000,942,Hough transform baseline,2,2,0,0.9418661971830986,0.8833333333333333,0.971830985915493,1.0,1.0,0,0,60,0,114,16210,0.9999999999833334,0.3448275862049148,0.5128205124348018,0.9930419921874394,0.3448275862049148
larger,100000,943,Hough transform baseline,4,7,3,0.6706736869318715,0.5501630732900082,0.5797872340425532,1.0,0.5714285714285714,0,0,225,122,422,15615,0.6484149855889095,0.34775888717102355,0.4527162973313543,0.9667968749999409,0.2925877763325194
larger,100000,944,Hough transform baseline,3,3,0,0.9808755472170106,0.962059620596206,0.9897435897435898,1.0,1.0,1,1,197,0,84,16103,0.999999999994924,0.7010676156558681,0.8242677819387703,0.9948730468749393,0.7010676156558681
larger,100000,945,Hough transform baseline,3,3,0,0.6545947079154627,0.8152419085752419,0.9386792452830188,0.0,1.0,0,1,210,4,406,15764,0.9813084112103677,0.3409090909085375,0.5060240960016141,0.9749755859374405,0.33870967741880853
larger,100000,946,Hough transform baseline,3,4,1,0.63025,0.7341111111111112,0.812,0.25,0.75,1,4,186,18,198,15982,0.9117647058778836,0.4843749999987386,0.6326530607691934,0.9868164062499397,0.46268656716302814
larger,100000,947,Hough transform baseline,1,1,0,1.0,1.0,1.0,1.0,1.0,0,0,53,0,0,16331,0.9999999999811321,0.9999999999811321,0.9999999994811322,0.9999999999999389,0.9999999999811321
larger,100000,948,Hough transform baseline,5,6,1,0.7264901790033866,0.8432136752136752,0.9018867924528302,0.3333333333333333,0.8333333333333334,1,3,251,17,304,15812,0.9365671641756098,0.4522522522514374,0.6099635475544616,0.9804077148436902,0.4388111888104217
larger,100000,949,Hough transform baseline,1,1,0,0.9249350649350648,0.8585858585858585,0.9428571428571428,1.0,1.0,0,0,36,0,68,16280,0.9999999999722223,0.34615384615051775,0.5142857138963265,0.9958496093749392,0.34615384615051775
larger,100000,950,Hough transform baseline,1,1,0,1.0,1.0,1.0,1.0,1.0,0,0,16,0,0,16368,0.9999999999375,0.9999999999375,0.9999999994375,0.9999999999999389,0.9999999999375
larger,100000,951,Hough transform baseline,5,5,0,0.8237582062623677,0.7787741046831956,0.9915492957746479,0.7,1.0,4,3,303,30,227,15824,0.9099099099071775,0.5716981132064685,0.7022016217723992,0.9843139648436899,0.5410714285704624
larger,100000,952,Hough transform baseline,3,3,0,0.965035767906032,0.9355687047994741,0.9701492537313433,1.0,1.0,0,0,132,0,232,16020,0.9999999999924243,0.36263736263636637,0.5322580641233741,0.9858398437499398,0.36263736263636637
larger,100000,953,Hough transform baseline,1,1,0,1.0,1.0,1.0,1.0,1.0,0,0,28,0,0,16356,0.9999999999642857,0.9999999999642857,0.9999999994642856,0.9999999999999389,0.9999999999642857
larger,100000,954,Hough transform baseline,5,6,1,0.4861532531606537,0.6130434782608696,0.6347517730496454,0.0,0.8333333333333334,0,5,173,82,227,15902,0.6784313725463591,0.43249999999891875,0.5282442743320505,0.98114013671869,0.3589211618249815
larger,100000,955,Hough transform baseline,5,6,1,0.7629163991255644,0.8886850423205856,0.8983739837398375,0.4,0.8333333333333334,1,2,236,0,304,15844,0.9999999999957627,0.4370370370362277,0.6082474222555797,0.98144531249994,0.4370370370362277
larger,100000,956,Hough transform baseline,1,1,0,0.9743101114235134,0.9518900343642611,0.9797979797979798,1.0,1.0,0,0,100,0,196,16088,0.99999999999,0.3378378378366965,0.5050505046704419,0.9880371093749397,0.3378378378366965
larger,100000,957,Hough transform baseline,4,5,1,0.6277427475178998,0.6096527394212772,0.8669950738916257,0.4,0.8,1,2,158,42,239,15945,0.7899999999960501,0.3979848866488716,0.529313232383492,0.9828491210936899,0.35990888382605946
larger,100000,958,Hough transform baseline,5,6,1,0.5599797891118543,0.7062352801519467,0.7942028985507247,0.0,0.8333333333333334,0,3,302,33,289,15760,0.9014925373107419,0.510998307951758,0.6522678181113196,0.9803466796874402,0.4839743589735834
larger,100000,959,Hough transform baseline,3,4,1,0.5783020477815699,0.8833333333333333,0.5290102389078498,0.0,0.75,0,2,171,90,238,15885,0.6551724137905932,0.4180929095344301,0.5104477607169036,0.9799804687499402,0.34268537074079625
larger,100000,960,Hough transform baseline,2,6,4,0.6663429593662151,0.9447425959053866,0.6227106227106227,0.3333333333333333,0.33333333333333337,1,3,225,25,261,15873,0.8999999999964,0.4629629629620104,0.6114130430280084,0.98254394531244,0.4403131115451266
larger,100000,961,Hough transform baseline,3,3,0,0.6849762912526071,0.8710428849902534,0.965034965034965,0.0,1.0,0,1,144,1,199,16040,0.9931034482690132,0.4198250728850734,0.5901639340061224,0.9877929687499397,0.41860465116157386
larger,100000,962,Hough transform baseline,2,2,0,0.9805314088896179,0.9633699633699634,0.9850746268656716,1.0,1.0,0,0,131,0,234,16019,0.9999999999923664,0.3589041095880578,0.5282258060607684,0.9857177734374398,0.3589041095880578
larger,100000,963,Hough transform baseline,5,4,1,0.7764659507391201,0.6720582569772937,0.9701986754966887,0.8,0.8,1,1,259,25,333,15767,0.9119718309827044,0.437499999999261,0.5913242004737026,0.9781494140624403,0.41977309562330667
larger,100000,964,Hough transform baseline,3,4,1,0.9129722162683527,0.8846899224806201,0.9493087557603687,1.0,0.75,1,1,220,0,202,15962,0.9999999999954546,0.5213270142167741,0.685358254999078,0.9876708984374397,0.5213270142167741
larger,100000,965,Hough transform baseline,4,6,2,0.6468647779161478,0.7961784511784512,0.6095890410958904,0.39999999999999997,0.6666666666666667,3,7,355,62,418,15549,0.8513189448420831,0.4592496765841407,0.5966386550059304,0.9707031249999407,0.4251497005982932
larger,100000,966,Hough transform baseline,3,5,2,0.7451563028050017,0.8631313131313132,0.8587360594795539,0.5,0.6,1,2,248,4,261,15871,0.9841269841230789,0.4872298624744848,0.651773981158466,0.9838256835936899,0.4834307992193306
larger,100000,967,Hough transform baseline,2,2,0,0.9885676392572944,0.9814323607427056,0.9846153846153847,1.0,1.0,0,0,122,1,31,16230,0.991869918691123,0.797385620909821,0.8840579705139938,0.998046874999939,0.792207792202648
larger,100000,968,Hough transform baseline,5,6,1,0.936231884057971,0.9204013377926421,0.9435897435897436,1.0,0.8333333333333334,1,1,169,0,244,15971,0.999999999994083,0.40920096852201165,0.5807560133315914,0.9851074218749398,0.40920096852201165
larger,100000,969,Hough transform baseline,5,11,6,0.5488400073361824,0.8250825986939667,0.48861646234676004,0.1375,0.4545454545454546,3,16,365,135,492,15392,0.72999999999854,0.4259043173857341,0.5379513628352129,0.9617309570311913,0.3679435483867259
larger,100000,970,Hough transform baseline,4,4,0,0.6073200948882768,0.7361934156378601,0.8801652892561983,0.0,1.0,0,1,214,25,249,15896,0.8953974895360025,0.4622030237571011,0.6096866092357813,0.9832763671874399,0.4385245901630358
larger,100000,971,Hough transform baseline,1,1,0,1.0,1.0,1.0,1.0,1.0,0,0,77,0,0,16307,0.9999999999870129,0.9999999999870129,0.999999999487013,0.9999999999999389,0.9999999999870129
larger,100000,972,Hough transform baseline,1,1,0,0.805610294117647,0.5941666666666666,0.9411764705882353,1.0,1.0,0,0,35,0,70,16279,0.9999999999714286,0.33333333333015874,0.4999999996178572,0.9957275390624392,0.33333333333015874
larger,100000,973,Hough transform baseline,1,1,0,0.9531046312178387,0.9119496855345911,0.9636363636363636,1.0,1.0,0,0,56,0,108,16220,0.999999999982143,0.34146341463206425,0.5090909087067769,0.9934082031249394,0.34146341463206425
larger,100000,974,Hough transform baseline,2,2,0,0.9579861111111111,0.9189814814814815,0.9722222222222222,1.0,1.0,0,0,64,0,122,16198,0.9999999999843749,0.34408602150352646,0.511999999614976,0.9925537109374394,0.34408602150352646
larger,100000,975,Hough transform baseline,4,7,3,0.5206950404667796,0.7399925061519264,0.4444444444444444,0.16666666666666666,0.5714285714285714,1,6,157,111,306,15810,0.5858208955202022,0.339092872569462,0.42954856314589585,0.9745483398436905,0.27351916376258967
larger,100000,976,Hough transform baseline,2,2,0,0.9832140300644238,0.9696969696969697,0.984251968503937,1.0,1.0,0,0,129,0,156,16099,0.9999999999922481,0.45263157894578027,0.6231884053650844,0.9904785156249395,0.45263157894578027
larger,100000,977,Hough transform baseline,5,6,1,0.628132344371315,0.6614772727272727,0.8190045248868778,0.3333333333333333,0.8333333333333334,1,3,192,20,75,16097,0.9056603773542187,0.7191011235928124,0.8016701456410319,0.9942016601561893,0.6689895470359966
larger,100000,978,Hough transform baseline,5,5,0,0.6544079482329176,0.814239884962039,0.94,0.0,1.0,0,1,202,6,314,15862,0.9711538461491772,0.3914728682162956,0.5580110493127041,0.9804687499999402,0.38697318007588705
larger,100000,979,Hough transform baseline,3,3,0,1.0,1.0,1.0,1.0,1.0,0,0,102,0,9,16273,0.9999999999901961,0.9189189189106404,0.9577464783651392,0.9994506835936889,0.9189189189106404
larger,100000,980,Hough transform baseline,2,2,0,1.0,1.0,1.0,1.0,1.0,0,0,95,0,0,16289,0.9999999999894736,0.9999999999894736,0.9999999994894737,0.9999999999999389,0.9999999999894736
larger,100000,981,Hough transform baseline,1,1,0,1.0,1.0,1.0,1.0,1.0,0,0,15,0,0,16369,0.9999999999333333,0.9999999999333333,0.9999999994333333,0.9999999999999389,0.9999999999333333
larger,100000,982,Hough transform baseline,1,1,0,0.9482499999999999,0.9027777777777778,0.96,1.0,1.0,0,0,18,1,38,16327,0.9473684210027701,0.32142857142283165,0.4799999996088889,0.997619628906189,0.3157894736786704
larger,100000,983,Hough transform baseline,3,4,1,0.563085557299843,0.7717094017094017,0.7040816326530612,0.0,0.75,0,1,117,43,188,16036,0.7312499999954297,0.38360655737579147,0.5032258059980668,0.9859008789061898,0.336206896550758
larger,100000,984,Hough transform baseline,1,2,1,0.7766784555483452,0.8003482587064676,0.5826086956521739,1.0,0.5,0,0,80,0,130,16174,0.9999999999875,0.38095238095056694,0.5517241375277051,0.9920654296874394,0.38095238095056694
larger,100000,985,Hough transform baseline,2,2,0,0.9719791078486731,0.9492753623188406,0.974025974025974,1.0,1.0,0,0,79,0,98,16207,0.9999999999873417,0.4463276836132976,0.6171874995684509,0.9940185546874393,0.4463276836132976
larger,100000,986,Hough transform baseline,2,2,0,0.9763041125541125,0.9558080808080808,0.9809523809523809,1.0,1.0,1,1,95,0,132,16157,0.9999999999894736,0.4185022026413282,0.5900621113816018,0.9919433593749394,0.4185022026413282
larger,100000,987,Hough transform baseline,4,4,0,0.954657862802728,0.9107537998955267,0.9740932642487047,1.0,1.0,0,0,180,1,258,15945,0.9944751381160527,0.41095890410865077,0.5815831982919034,0.9841918945311899,0.4100227790423462
larger,100000,988,Hough transform baseline,5,8,3,0.6158486682323219,0.7731710699674087,0.7771084337349398,0.2,0.625,1,5,266,30,470,15618,0.8986486486456127,0.3614130434777698,0.5155038755588831,0.9694824218749408,0.34725848563923334
larger,100000,989,Hough transform baseline,4,4,0,0.9505932427664079,0.906517094017094,0.963302752293578,1.0,1.0,0,0,113,0,104,16167,0.9999999999911504,0.5207373271865404,0.6848484843939945,0.9936523437499393,0.5207373271865404
larger,100000,990,Hough transform baseline,5,5,0,0.6728033209680269,0.7449369369369369,0.7712418300653595,0.3333333333333333,1.0,1,3,276,32,268,15808,0.8961038961009867,0.507352941175538,0.6478873234805043,0.98168945312494,0.4791666666658348
larger,100000,991,Hough transform baseline,5,11,6,0.4010301573426574,0.5819318181818182,0.46853146853146854,0.0,0.4545454545454546,1,7,161,123,173,15927,0.5669014084487081,0.48203592814226937,0.5210355982070883,0.98193359374994,0.35229759299704094
larger,100000,992,Hough transform baseline,3,6,3,0.7211878997309621,0.8912837930966586,0.9338842975206612,0.3333333333333333,0.5,1,3,245,0,447,15692,0.9999999999959184,0.35404624277405483,0.5229455705838588,0.9727172851561906,0.35404624277405483
larger,100000,993,Hough transform baseline,5,6,1,0.5567255984536121,0.6730785615064053,0.8525345622119815,0.0,0.8333333333333334,0,1,205,8,295,15876,0.9624413145494721,0.40999999999918,0.5750350626930044,0.98150634765619,0.4035433070858198
larger,100000,994,Hough transform baseline,1,1,0,0.9363977485928706,0.8803418803418804,0.9512195121951219,1.0,1.0,0,0,42,0,80,16262,0.9999999999761906,0.3442622950791454,0.5121951215639501,0.9951171874999393,0.3442622950791454
larger,100000,995,Hough transform baseline,2,2,0,0.9801749465811965,0.9635416666666666,0.9829059829059829,1.0,1.0,0,0,109,0,162,16113,0.9999999999908257,0.40221402213873725,0.5736842101141689,0.9901123046874395,0.40221402213873725
larger,100000,996,Hough transform baseline,2,3,1,0.9018830128205129,0.9158653846153847,0.8653846153846154,1.0,0.6666666666666667,0,0,159,0,260,15965,0.9999999999937108,0.3794749403332232,0.5501730099798913,0.9841308593749399,0.3794749403332232
larger,100000,997,Hough transform baseline,4,4,0,0.7482291856365636,0.7069876441641149,0.7754237288135593,0.7,1.0,2,2,144,67,205,15968,0.682464454973069,0.41260744985555126,0.514285713814241,0.9833984374999399,0.3461538461530141
larger,100000,998,Hough transform baseline,1,1,0,0.9379761904761904,0.8833333333333332,0.9523809523809523,1.0,1.0,0,0,43,0,82,16259,0.9999999999767443,0.343999999997248,0.5119047615177863,0.9949951171874393,0.343999999997248
larger,100000,999,Hough transform baseline,3,3,0,0.9329683899096854,0.8656607495069034,0.9671052631578947,1.0,1.0,0,0,145,2,268,15969,0.9863945578164192,0.3510895883768739,0.5178571424681059,0.9835205078124399,0.34939759036060386
larger,100000,1000,Hough transform baseline,4,4,0,0.710343567251462,0.9118745938921378,1.0,0.0,1.0,1,0,136,0,162,16086,0.9999999999926471,0.45637583892464306,0.6267281101658561,0.9901123046874395,0.45637583892464306
larger,100000,1001,Hough transform baseline,3,4,1,0.6014559787059788,0.6638415688415689,0.7636363636363637,0.3,0.75,1,2,134,6,200,16044,0.9571428571360204,0.401197604789218,0.565400843463227,0.9874267578124397,0.3941176470576644
larger,100000,1002,Hough transform baseline,3,3,0,0.950003457814661,0.9462962962962962,0.995850622406639,0.9,1.0,2,2,175,0,333,15876,0.9999999999942858,0.3444881889756998,0.5124450947857291,0.9796752929686902,0.3444881889756998
larger,100000,1003,Hough transform baseline,3,4,1,0.8286263736263737,0.7846153846153846,0.7527472527472527,1.0,0.75,0,0,139,30,127,16088,0.822485207095725,0.5225563909754791,0.6390804592920386,0.9904174804686895,0.4695945945930081
larger,100000,1004,Hough transform baseline,1,1,0,1.0,1.0,1.0,1.0,1.0,0,0,27,0,0,16357,0.999999999962963,0.999999999962963,0.9999999994629629,0.9999999999999389,0.999999999962963
larger,100000,1005,Hough transform baseline,1,1,0,0.8794761904761904,0.7533333333333334,0.9523809523809523,1.0,1.0,0,0,43,0,86,16255,0.9999999999767443,0.3333333333307494,0.49999999961918606,0.9947509765624393,0.3333333333307494
larger,100000,1006,Hough transform baseline,3,3,0,0.6556855288102488,0.7904122862449973,1.0,0.0,1.0,1,0,154,0,259,15971,0.9999999999935065,0.37288135593130056,0.5432098761456224,0.9841918945311899,0.37288135593130056
larger,100000,1007,Hough transform baseline,2,2,0,0.9326084344587288,0.8719211822660098,0.9512195121951219,1.0,1.0,0,0,84,0,164,16136,0.9999999999880952,0.3387096774179891,0.5060240960044999,0.9899902343749396,0.3387096774179891
larger,100000,1008,Hough transform baseline,4,4,0,0.8671742424242425,0.7216666666666667,0.9621212121212122,1.0,1.0,0,0,122,4,88,16170,0.9682539682462836,0.5809523809496145,0.7261904757174036,0.9943847656249393,0.5700934579412613
larger,100000,1009,Hough transform baseline,5,7,2,0.5928916061055649,0.7570973420172504,0.6538461538461539,0.2,0.7142857142857143,2,4,263,99,324,15698,0.7265193370145676,0.4480408858595434,0.5542676496849992,0.9741821289061905,0.38338192419769185
larger,100000,1010,Hough transform baseline,2,2,0,0.9735328389830509,0.95625,0.9661016949152542,1.0,1.0,0,0,49,0,118,16217,0.9999999999795919,0.29341317365093766,0.45370370334872256,0.9927978515624394,0.29341317365093766
larger,100000,1011,Hough transform baseline,2,3,1,0.5656839959989998,0.7791782945736434,0.7419354838709677,0.0,0.6666666666666667,0,1,168,2,192,16022,0.988235294111834,0.4666666666653704,0.6339622637128087,0.9881591796874397,0.46408839778877325
larger,100000,1012,Hough transform baseline,2,2,0,0.8875490196078432,0.784967320261438,0.9215686274509804,1.0,1.0,0,0,53,0,98,16233,0.9999999999811321,0.35099337748111925,0.519607842747549,0.9940185546874393,0.35099337748111925
larger,100000,1013,Hough transform baseline,1,1,0,1.0,1.0,1.0,1.0,1.0,0,0,25,0,0,16359,0.99999999996,0.99999999996,0.99999999946,0.9999999999999389,0.99999999996
larger,100000,1014,Hough transform baseline,1,1,0,0.8554179566563468,0.7254901960784313,0.8947368421052632,1.0,1.0,0,0,20,0,36,16328,0.99999999995,0.35714285713647964,0.5263157890720221,0.997802734374939,0.35714285713647964
larger,100000,1015,Hough transform baseline,4,4,0,0.9367544589774078,0.9782282996432818,0.9827586206896551,0.8,1.0,1,1,106,0,123,16155,0.999999999990566,0.4628820960678477,0.632835820459149,0.9924926757811894,0.4628820960678477
larger,100000,1016,Hough transform baseline,1,2,1,0.43207801418439723,0.6362962962962964,0.4787234042553191,0.0,0.5,0,1,76,8,68,16232,0.9047619047511337,0.5277777777741127,0.6666666661954448,0.9953613281249393,0.4999999999967106
larger,100000,1017,Hough transform baseline,5,6,1,0.592046465973705,0.7206876953680023,0.9220183486238532,0.0,0.8333333333333334,1,1,214,0,128,16042,0.9999999999953272,0.6257309941502172,0.7697841721856011,0.9921874999999394,0.6257309941502172
larger,100000,1018,Hough transform baseline,1,1,0,1.0,1.0,1.0,1.0,1.0,0,0,78,0,0,16306,0.9999999999871795,0.9999999999871795,0.9999999994871795,0.9999999999999389,0.9999999999871795
larger,100000,1019,Hough transform baseline,3,3,0,0.9837725381414701,0.9682539682539683,0.9902912621359223,1.0,1.0,1,1,208,0,104,16072,0.9999999999951924,0.6666666666645299,0.799999999516923,0.9936523437499393,0.6666666666645299
larger,100000,1020,Hough transform baseline,4,7,3,0.6593748513403198,0.9254413969485844,0.5425531914893618,0.30909090909090914,0.5714285714285714,4,11,228,122,248,15786,0.6514285714267102,0.4789915966376492,0.5520581108904431,0.9774169921874403,0.38127090300939587
larger,100000,1021,Hough transform baseline,4,8,4,0.7023346981202442,0.8333805895209404,0.9365671641791045,0.36,0.5,2,5,244,0,449,15691,0.9999999999959017,0.35209235209184403,0.5208110988666342,0.9725952148436906,0.35209235209184403
larger,100000,1022,Hough transform baseline,2,2,0,0.8971153846153846,0.8055555555555556,0.9230769230769231,1.0,1.0,0,0,54,0,100,16230,0.9999999999814816,0.35064935064707375,0.5192307688413462,0.9938964843749393,0.35064935064707375
larger,100000,1023,Hough transform baseline,2,2,0,0.9344416386083053,0.8762626262626263,0.9506172839506173,1.0,1.0,1,1,82,0,154,16148,0.9999999999878049,0.3474576271171718,0.51572327005427,0.9906005859374395,0.3474576271171718
larger,100000,1024,Hough transform baseline,1,1,0,0.9556034482758621,0.9166666666666666,0.9655172413793104,1.0,1.0,0,0,51,0,146,16187,0.9999999999803922,0.25888324872965035,0.4112903222506179,0.9910888671874395,0.25888324872965035
larger,100000,1025,Hough transform baseline,2,4,2,0.8556228552991194,0.9276013513513514,0.6910112359550562,1.0,0.5,0,0,128,1,191,16064,0.9922480620078121,0.40125391849403996,0.5714285710159539,0.9882812499999396,0.39999999999875
larger,100000,1026,Hough transform baseline,4,5,1,0.6887452423214822,0.9353852309099222,0.6266094420600858,0.25,0.8,1,4,152,64,212,15956,0.7037037037004459,0.4175824175812704,0.524137930565232,0.9831542968749399,0.3551401869150581
larger,100000,1027,Hough transform baseline,3,6,3,0.602644149236857,0.8565134099616858,0.8360655737704918,0.0,0.5,1,5,176,0,141,16067,0.9999999999943182,0.5552050473168606,0.7139959427428707,0.9913940429686895,0.5552050473168606
larger,100000,1028,Hough transform baseline,3,3,0,0.7759173492486185,0.8535655194478724,0.9590643274853801,0.4,1.0,1,2,172,0,328,15884,0.9999999999941861,0.343999999999312,0.5119047615223569,0.9799804687499402,0.343999999999312
larger,100000,1029,Hough transform baseline,5,7,2,0.5644200324303417,0.7564758698092031,0.7628865979381443,0.0,0.7142857142857143,0,1,169,23,222,15970,0.8802083333287489,0.4322250639375135,0.5797598623349975,0.9850463867186898,0.4082125603854874
larger,100000,1030,Hough transform baseline,2,2,0,0.8875490196078432,0.784967320261438,0.9215686274509804,1.0,1.0,0,0,53,0,106,16225,0.9999999999811321,0.33333333333123694,0.4999999996202831,0.9935302734374394,0.33333333333123694
larger,100000,1031,Hough transform baseline,4,5,1,0.8951538461538462,0.9533333333333334,0.9307692307692308,0.8,0.8,2,2,220,4,45,16115,0.9821428571384726,0.8301886792421502,0.8997955005223297,0.9970092773436892,0.8178438661679635
larger,100000,1032,Hough transform baseline,2,2,0,1.0,1.0,1.0,1.0,1.0,0,0,79,0,0,16305,0.9999999999873417,0.9999999999873417,0.9999999994873416,0.9999999999999389,0.9999999999873417
larger,100000,1033,Hough transform baseline,4,4,0,0.9890659340659341,0.9820512820512821,0.9857142857142858,1.0,1.0,0,0,144,0,132,16108,0.9999999999930557,0.5217391304328922,0.6857142852604081,0.9919433593749394,0.5217391304328922
larger,100000,1034,Hough transform baseline,1,1,0,0.9394781622234828,0.886178861788618,0.9534883720930233,1.0,1.0,0,0,44,0,84,16256,0.9999999999772728,0.3437499999973145,0.5116279065900486,0.9948730468749393,0.3437499999973145
larger,100000,1035,Hough transform baseline,2,2,0,0.9027255169684555,0.902929625199362,0.9820359281437125,0.8,1.0,1,1,143,0,272,15969,0.999999999993007,0.34457831325218174,0.5125448024843527,0.9833984374999399,0.34457831325218174
larger,100000,1036,Hough transform baseline,1,1,0,1.0,1.0,1.0,1.0,1.0,0,0,68,0,0,16316,0.9999999999852941,0.9999999999852941,0.9999999994852942,0.9999999999999389,0.9999999999852941
larger,100000,1037,Hough transform baseline,1,1,0,1.0,1.0,1.0,1.0,1.0,0,0,80,0,0,16304,0.9999999999875,0.9999999999875,0.9999999994875,0.9999999999999389,0.9999999999875
larger,100000,1038,Hough transform baseline,1,1,0,1.0,1.0,1.0,1.0,1.0,0,0,87,0,0,16297,0.9999999999885058,0.9999999999885058,0.9999999994885058,0.9999999999999389,0.9999999999885058
larger,100000,1039,Hough transform baseline,1,1,0,0.9460144927536233,0.8985507246376813,0.9583333333333334,1.0,1.0,0,0,49,0,94,16241,0.9999999999795919,0.34265734265494646,0.5104166662811958,0.9942626953124393,0.34265734265494646
larger,100000,1040,Hough transform baseline,4,6,2,0.4455945263975155,0.5452365136876005,0.6678571428571429,0.0,0.6666666666666667,0,5,182,64,315,15823,0.7398373983709763,0.36619718309785476,0.4899057869043291,0.9768676757811904,0.32442067736127556
larger,100000,1041,Hough transform baseline,1,1,0,1.0,1.0,1.0,1.0,1.0,0,0,64,0,0,16320,0.9999999999843749,0.9999999999843749,0.9999999994843749,0.9999999999999389,0.9999999999843749
larger,100000,1042,Hough transform baseline,2,2,0,0.9685222672064777,0.9385964912280702,0.9807692307692307,1.0,1.0,0,0,106,0,82,16196,0.999999999990566,0.5638297872310435,0.7210884349081401,0.9949951171874393,0.5638297872310435
larger,100000,1043,Hough transform baseline,2,2,0,0.9680357142857142,0.9416666666666667,0.9714285714285714,1.0,1.0,0,0,72,0,86,16226,0.9999999999861111,0.4556962025287615,0.6260869560862005,0.9947509765624393,0.4556962025287615
larger,100000,1044,Hough transform baseline,1,1,0,1.0,1.0,1.0,1.0,1.0,0,0,47,0,0,16337,0.9999999999787235,0.9999999999787235,0.9999999994787234,0.9999999999999389,0.9999999999787235
larger,100000,1045,Hough transform baseline,5,6,1,0.9495768852861705,0.9475845410628019,0.9491525423728814,1.0,0.8333333333333334,0,0,176,0,114,16094,0.9999999999943182,0.6068965517220452,0.755364806393634,0.9930419921874394,0.6068965517220452
larger,100000,1046,Hough transform baseline,4,8,4,0.6165158942364826,0.8922575427477388,0.825,0.0,0.5,1,7,264,0,359,15761,0.9999999999962121,0.4237560192609571,0.5952649375737987,0.9780883789061903,0.4237560192609571
larger,100000,1047,Hough transform baseline,5,5,0,0.7594600228816148,0.8800216232976754,0.9005847953216375,0.3333333333333333,1.0,1,3,318,26,176,15864,0.9244186046484756,0.6437246963549722,0.7589498801824663,0.9876708984374397,0.6115384615372855
larger,100000,1048,Hough transform baseline,2,2,0,1.0,1.0,1.0,1.0,1.0,0,0,125,0,90,16169,0.999999999992,0.5813953488345052,0.7352941171777682,0.9945068359374393,0.5813953488345052
larger,100000,1049,Hough transform baseline,3,3,0,0.792706634720917,0.705631602061808,0.8758620689655172,0.8,1.0,1,1,113,10,211,16050,0.9186991869844008,0.348765432097689,0.5055928407621478,0.9865112304686897,0.33832335329240026
larger,100000,1050,Hough transform baseline,1,1,0,0.9531046312178387,0.9119496855345911,0.9636363636363636,1.0,1.0,0,0,56,0,108,16220,0.999999999982143,0.34146341463206425,0.5090909087067769,0.9934082031249394,0.34146341463206425
larger,100000,1051,Hough transform baseline,5,5,0,0.9438908590784059,0.8867825542244145,0.9741935483870968,1.0,1.0,0,0,158,0,182,16044,0.999999999993671,0.4647058823515744,0.6345381521746746,0.9888916015624396,0.4647058823515744
larger,100000,1052,Hough transform baseline,1,1,0,1.0,1.0,1.0,1.0,1.0,0,0,28,0,0,16356,0.9999999999642857,0.9999999999642857,0.9999999994642856,0.9999999999999389,0.9999999999642857
larger,100000,1053,Hough transform baseline,4,5,1,0.6795000930752049,0.7393954248366013,0.7088607594936709,0.5,0.8,1,2,233,71,264,15816,0.7664473684185314,0.4688128772626382,0.5817727835475506,0.9795532226561902,0.4102112676049116
larger,100000,1054,Hough transform baseline,4,4,0,0.9634651307596513,0.9309879618098797,0.9726027397260274,1.0,1.0,1,1,222,0,346,15816,0.9999999999954955,0.39084507042184713,0.5620253160501841,0.9788818359374403,0.39084507042184713
larger,100000,1055,Hough transform baseline,2,2,0,0.9353320710095303,0.8674744834453574,0.9748427672955975,1.0,1.0,0,0,161,0,322,15901,0.9999999999937889,0.3333333333326432,0.49999999962344716,0.9803466796874402,0.3333333333326432
larger,100000,1056,Hough transform baseline,2,2,0,0.9559090909090909,0.9222222222222222,0.9545454545454546,1.0,1.0,0,0,46,0,62,16276,0.999999999978261,0.42592592592198214,0.5974025969758813,0.9962158203124392,0.42592592592198214
larger,100000,1057,Hough transform baseline,1,1,0,0.8809781622234827,0.7561788617886179,0.9534883720930233,1.0,1.0,0,0,44,0,88,16252,0.9999999999772728,0.3333333333308081,0.4999999996193182,0.9946289062499393,0.3333333333308081
larger,100000,1058,Hough transform baseline,5,6,1,0.8153480963480965,0.9619753086419753,0.8706293706293706,0.5,0.8333333333333334,2,4,269,12,193,15910,0.9572953736620737,0.582251082249822,0.7240915203890959,0.9874877929686897,0.5675105485220094
larger,100000,1059,Hough transform baseline,4,4,0,0.9798348557256064,0.9617486338797814,0.985239852398524,1.0,1.0,0,0,275,0,252,15857,0.9999999999963637,0.5218216318775677,0.6857855357072561,0.9846191406249398,0.5218216318775677
larger,100000,1060,Hough transform baseline,5,6,1,0.7781703598431405,0.879626047711154,0.870026525198939,0.5,0.8333333333333334,1,2,326,29,236,15793,0.9183098591523429,0.580071174376192,0.7110141761869593,0.9838256835936899,0.5516074450075269
larger,100000,1061,Hough transform baseline,2,2,0,0.5641517857142857,0.7520833333333333,0.6285714285714286,0.0,1.0,0,1,94,47,64,16179,0.6666666666619386,0.5949367088569941,0.6287625413034306,0.9932250976561894,0.4585365853636169
larger,100000,1062,Hough transform baseline,1,1,0,0.9249350649350648,0.8585858585858585,0.9428571428571428,1.0,1.0,0,0,36,0,68,16280,0.9999999999722223,0.34615384615051775,0.5142857138963265,0.9958496093749392,0.34615384615051775
larger,100000,1063,Hough transform baseline,2,2,0,0.9668129877369008,0.9326923076923077,0.9855072463768116,1.0,1.0,0,0,66,1,22,16295,0.985074626850969,0.7499999999914773,0.8516129027239958,0.998596191406189,0.7415730336995329
larger,100000,1064,Hough transform baseline,4,6,2,0.8506561302681992,0.8975840783312048,0.9003831417624522,0.8,0.6666666666666667,1,1,237,0,294,15853,0.9999999999957806,0.44632768361497865,0.6171874995716654,0.98205566406244,0.44632768361497865
larger,100000,1065,Hough transform baseline,1,1,0,1.0,1.0,1.0,1.0,1.0,0,0,80,0,0,16304,0.9999999999875,0.9999999999875,0.9999999994875,0.9999999999999389,0.9999999999875
larger,100000,1066,Hough transform baseline,3,4,1,0.6072515473032716,0.7472767462422636,0.7298850574712643,0.19999999999999998,0.75,1,3,137,1,221,16025,0.992753623181212,0.38268156424474115,0.5524193544348498,0.9864501953124397,0.3816155988847309
larger,100000,1067,Hough transform baseline,3,4,1,0.4762179487179488,0.5611111111111112,0.7435897435897436,0.0,0.75,0,1,74,0,55,16255,0.9999999999864865,0.5736434108482664,0.7290640389383872,0.9966430664061892,0.5736434108482664
larger,100000,1068,Hough transform baseline,5,5,0,0.6490694391229894,0.8247037404832837,0.889763779527559,0.0,1.0,0,2,194,15,206,15969,0.9282296650673291,0.4849999999987875,0.6371100159674504,0.9865112304686897,0.46746987951694585
larger,100000,1069,Hough transform baseline,3,3,0,0.9534256649787229,0.9070208728652752,0.9763313609467456,1.0,1.0,1,1,153,1,200,16030,0.9935064935000423,0.43342776203843225,0.6035502954326374,0.9877319335936897,0.4322033898292876
larger,100000,1070,Hough transform baseline,3,4,1,0.6163213791164504,0.7726941256890207,0.7180451127819549,0.19999999999999998,0.75,1,3,191,39,333,15821,0.8304347826050851,0.36450381679319754,0.5066312993094231,0.9772949218749403,0.33925399644699955
larger,100000,1071,Hough transform baseline,4,6,2,0.5577791732944503,0.7300084688346883,0.8130434782608695,0.0,0.6666666666666667,0,2,208,23,239,15914,0.9004329004290025,0.46532438478643107,0.6135693210828612,0.9840087890624399,0.4425531914884201
larger,100000,1072,Hough transform baseline,2,2,0,0.8957264957264958,0.8024691358024691,0.9230769230769231,1.0,1.0,0,0,54,0,104,16226,0.9999999999814816,0.34177215189657106,0.5094339618796725,0.9936523437499393,0.34177215189657106
larger,100000,1073,Hough transform baseline,4,3,1,0.7872916666666667,0.6365740740740741,0.8791666666666667,1.0,0.75,0,0,213,1,367,15803,0.9953271027990873,0.3672413793097117,0.5365239290759221,0.9775390624999403,0.36660929431950673
larger,100000,1074,Hough transform baseline,5,7,2,0.8734339020966797,0.8597194482683108,0.8256578947368421,1.0,0.7142857142857143,1,1,269,33,309,15773,0.8907284768182426,0.46539792387462736,0.6113636359114308,0.9791259765624402,0.44026186579306015
larger,100000,1075,Hough transform baseline,5,6,1,0.7042127252105347,0.7891336913510457,0.7871794871794872,0.43333333333333335,0.8333333333333334,3,6,330,12,129,15913,0.9649122806989331,0.7189542483644468,0.823970036961794,0.9913940429686895,0.7006369426736717
larger,100000,1076,Hough transform baseline,2,2,0,0.805610294117647,0.5941666666666666,0.9411764705882353,1.0,1.0,0,0,68,2,134,16180,0.9714285714146939,0.33663366336467015,0.4999999996140787,0.9916992187499395,0.33333333333169934
larger,100000,1077,Hough transform baseline,1,1,0,0.9571264367816091,0.9195402298850575,0.9666666666666667,1.0,1.0,0,0,61,0,118,16205,0.9999999999836067,0.34078212290312415,0.5083333329499653,0.9927978515624394,0.34078212290312415
larger,100000,1078,Hough transform baseline,4,5,1,0.6108867205641182,0.8864448635057471,0.6599326599326599,0.0,0.8,0,1,198,40,405,15741,0.8319327731057482,0.3283582089546793,0.470868013861789,0.9728393554686906,0.30793157076157396
larger,100000,1079,Hough transform baseline,3,4,1,0.4361205936920223,0.47595959595959597,0.7346938775510203,0.0,0.75,0,1,76,0,80,16228,0.9999999999868421,0.4871794871763643,0.6551724133469085,0.9951171874999393,0.4871794871763643
larger,100000,1080,Hough transform baseline,1,1,0,0.9713676869430453,0.9463601532567051,0.9775280898876404,1.0,1.0,0,0,90,0,176,16118,0.9999999999888889,0.3383458646603822,0.5056179771474562,0.9892578124999396,0.3383458646603822
larger,100000,1081,Hough transform baseline,2,2,0,0.9360576923076923,0.875,0.9615384615384616,1.0,1.0,0,0,71,2,68,16243,0.9726027397127041,0.5107913669028001,0.6698113202968584,0.9957275390624392,0.503546099287209
larger,100000,1082,Hough transform baseline,5,7,2,0.555681635666695,0.6491797283176594,0.7106109324758842,0.2,0.7142857142857143,2,5,233,47,257,15847,0.8321428571398852,0.47551020408066225,0.6051948047304233,0.98144531249994,0.43389199255040245
larger,100000,1083,Hough transform baseline,2,3,1,0.6258128009062588,0.9787878787878788,0.5934579439252337,0.0,0.6666666666666667,0,1,174,15,183,16012,0.9206349206300496,0.487394957981828,0.63736263690764,0.9879150390624397,0.4677419354826136
larger,100000,1084,Hough transform baseline,1,1,0,1.0,1.0,1.0,1.0,1.0,0,0,20,0,16,16348,0.99999999995,0.5555555555401235,0.7142857138010203,0.999023437499939,0.5555555555401235
larger,100000,1085,Hough transform baseline,2,2,0,0.9611673755094808,0.9268740031897927,0.9703703703703703,1.0,1.0,0,0,137,0,266,15981,0.9999999999927008,0.33995037220759317,0.5074074070268518,0.9837646484374399,0.33995037220759317
larger,100000,1086,Hough transform baseline,1,1,0,0.9556034482758621,0.9166666666666666,0.9655172413793104,1.0,1.0,0,0,59,0,114,16211,0.9999999999830509,0.34104046242577435,0.5086206892715146,0.9930419921874394,0.34104046242577435
larger,100000,1087,Hough transform baseline,1,1,0,0.963931414574403,0.9323671497584541,0.971830985915493,1.0,1.0,0,0,72,0,140,16172,0.9999999999861111,0.339622641507832,0.5070422531390597,0.9914550781249395,0.339622641507832
larger,100000,1088,Hough transform baseline,4,5,1,0.7595439266615738,0.9057205104263927,0.8181818181818181,0.43333333333333335,0.8,3,6,194,0,137,16053,0.9999999999948455,0.5861027190314619,0.7390476185788517,0.9916381835936895,0.5861027190314619
larger,100000,1089,Hough transform baseline,2,3,1,0.5739511587645889,0.7375187168426793,0.8770053475935828,0.0,0.6666666666666667,0,1,182,7,328,15867,0.962962962957868,0.3568627450973395,0.5207439194895057,0.9795532226561902,0.3520309477749477
larger,100000,1090,Hough transform baseline,3,4,1,0.777841872232764,0.7386928104575163,0.6021505376344086,1.0,0.75,0,0,117,64,86,16117,0.6464088397754343,0.5763546798001165,0.6093749994984674,0.9908447265624395,0.43820224718937006
larger,100000,1091,Hough transform baseline,1,1,0,0.8158333333333333,0.65,0.8666666666666667,1.0,1.0,0,0,16,0,28,16340,0.9999999999375,0.3636363636280992,0.5333333329244444,0.998291015624939,0.3636363636280992
larger,100000,1092,Hough transform baseline,4,5,1,0.7944444444444445,0.8654320987654321,0.7916666666666666,0.6666666666666666,0.8,2,3,260,10,176,15938,0.9629629629593964,0.5963302752279901,0.7365439088739979,0.9886474609374396,0.5829596412542983
larger,100000,1093,Hough transform baseline,2,2,0,0.9647623626373626,0.9363461538461538,0.967032967032967,1.0,1.0,0,0,84,2,88,16210,0.9767441860351541,0.48837209302041645,0.6511627902481821,0.9945068359374393,0.48275862068688075
larger,100000,1094,Hough transform baseline,5,5,0,0.7045720583764062,0.9239130434782609,0.9440559440559441,0.0,1.0,0,2,135,4,74,16171,0.9712230215757467,0.6459330143509764,0.7758620684812888,0.9952392578124393,0.6338028168984329
larger,100000,1095,Hough transform baseline,5,7,2,0.3752698837251462,0.5089603377582916,0.3740458015267175,0.0,0.7142857142857143,0,3,199,231,301,15653,0.46279069767334235,0.397999999999204,0.42795698874922417,0.9675292968749409,0.2722298221610503
larger,100000,1096,Hough transform baseline,1,1,0,1.0,1.0,1.0,1.0,1.0,0,0,21,0,0,16363,0.999999999952381,0.999999999952381,0.9999999994523809,0.9999999999999389,0.999999999952381
larger,100000,1097,Hough transform baseline,1,1,0,0.8352079772079772,0.6502564102564103,0.962962962962963,1.0,1.0,0,0,55,0,110,16219,0.9999999999818182,0.33333333333131315,0.49999999962045455,0.9932861328124394,0.33333333333131315
larger,100000,1098,Hough transform baseline,4,5,1,0.6884582868822,0.9228797638217928,0.9658119658119658,0.0,0.8,1,0,233,0,132,16019,0.9999999999957082,0.6383561643818128,0.7792642135685787,0.9919433593749394,0.6383561643818128
larger,100000,1099,Hough transform baseline,1,1,0,0.956378233719893,0.9181286549707602,0.9661016949152542,1.0,1.0,0,0,60,0,120,16204,0.9999999999833334,0.3333333333314815,0.4999999996208334,0.9926757812499394,0.3333333333314815
larger,100000,1100,Hough transform baseline,2,2,0,0.8680126472626472,0.8348998998998999,0.9615384615384616,0.8,1.0,1,1,105,0,200,16079,0.9999999999904762,0.3442622950808385,0.5121951215676978,0.9877929687499397,0.3442622950808385
larger,100000,1101,Hough transform baseline,3,3,0,0.9657321274763134,0.9279835390946501,0.9906976744186047,1.0,1.0,0,0,204,0,124,16056,0.9999999999950981,0.621951219510299,0.7669172927573634,0.9924316406249394,0.621951219510299
larger,100000,1102,Hough transform baseline,3,3,0,0.9900715803370671,0.9818699818699819,0.9911504424778761,1.0,1.0,1,1,204,0,200,15980,0.9999999999950981,0.5049504950482551,0.671052631130843,0.9877929687499397,0.5049504950482551
larger,100000,1103,Hough transform baseline,4,6,2,0.4643008898920714,0.5305113636363636,0.7945205479452055,0.0,0.6666666666666667,0,1,139,2,95,16148,0.9858156028298879,0.5940170940145555,0.7413333328601316,0.9940795898436893,0.5889830508449619
larger,100000,1104,Hough transform baseline,4,3,1,0.7954867536053103,0.7018835074390629,0.7731958762886598,1.0,0.75,1,1,217,0,374,15793,0.9999999999953918,0.36717428087924336,0.5371287124770825,0.9771728515624404,0.36717428087924336
larger,100000,1105,Hough transform baseline,2,4,2,0.7648835403726708,0.7235507246376811,0.6964285714285714,1.0,0.5,0,0,60,0,71,16253,0.9999999999833334,0.45801526717207625,0.6282722508714125,0.9956665039061892,0.45801526717207625
larger,100000,1106,Hough transform baseline,1,2,1,0.3686293250141804,0.4961788617886179,0.4767441860465116,0.0,0.5,0,1,66,0,66,16252,0.9999999999848485,0.49999999999621214,0.6666666662154882,0.9959716796874392,0.49999999999621214
larger,100000,1107,Hough transform baseline,5,7,2,0.42120263056835644,0.6374907407407407,0.3145161290322581,0.0,0.7142857142857143,0,7,180,308,263,15633,0.3688524590156376,0.40632054175980514,0.38668098768508513,0.965148925781191,0.23968042609821613
larger,100000,1108,Hough transform baseline,4,4,0,0.6578308491418248,0.8797325102880659,0.8097560975609757,0.0,1.0,0,1,164,24,226,15970,0.8723404255272749,0.42051282051174227,0.5674740480020114,0.9847412109374398,0.39613526569952623
larger,100000,1109,Hough transform baseline,2,2,0,0.9481288637032675,0.9019573370839193,0.9612403100775194,1.0,1.0,1,1,105,1,199,16079,0.9905660377265041,0.3453947368409691,0.5121951215653301,0.9877929687499397,0.3442622950808385
larger,100000,1110,Hough transform baseline,5,5,0,0.6421170343137255,0.7336805555555556,0.7264705882352941,0.26666666666666666,1.0,1,3,240,75,406,15663,0.7619047619023431,0.371517027863202,0.4994797081951141,0.9706420898436907,0.3328710124822013
larger,100000,1111,Hough transform baseline,4,4,0,0.9509776366964081,0.8973655913978493,0.9858156028368794,1.0,1.0,0,0,145,0,159,16080,0.9999999999931035,0.47697368420895736,0.6458797322992446,0.9902954101561895,0.47697368420895736
larger,100000,1112,Hough transform baseline,3,4,1,0.588674162813507,0.757832422586521,0.8632478632478633,0.0,0.75,0,1,114,0,149,16121,0.999999999991228,0.43346007604397924,0.6047745353839118,0.9909057617186895,0.43346007604397924
larger,100000,1113,Hough transform baseline,4,4,0,0.9690068493150684,0.9351851851851851,0.9908675799086758,1.0,1.0,0,0,223,0,42,16119,0.9999999999955157,0.8415094339590887,0.9139344257294663,0.997436523437439,0.8415094339590887
larger,100000,1114,Hough transform baseline,5,5,0,0.6804818878439568,0.8727609427609428,0.9386973180076629,0.0,1.0,0,1,256,9,172,15947,0.9660377358454112,0.5981308411200978,0.7388167383422682,0.9889526367186896,0.5858123569780646
larger,100000,1115,Hough transform baseline,4,4,0,0.7726101991005044,0.690383295194508,0.8096885813148789,0.8,1.0,1,1,272,20,268,15824,0.9315068493118784,0.503703703702771,0.6538461533890071,0.98242187499994,0.4857142857134184
larger,100000,1116,Hough transform baseline,4,7,3,0.5664945367697689,0.8041458802385749,0.7374301675977654,0.0,0.5714285714285714,0,3,295,4,445,15640,0.9866220735752956,0.39864864864810995,0.5678537050750287,0.9725952148436906,0.3965053763435531
larger,100000,1117,Hough transform baseline,2,2,0,0.775,0.5355555555555556,0.92,1.0,1.0,0,0,52,0,104,16228,0.9999999999807693,0.3333333333311966,0.49999999962019226,0.9936523437499393,0.3333333333311966
larger,100000,1118,Hough transform baseline,1,1,0,0.9658995433789954,0.9360730593607306,0.9733333333333334,1.0,1.0,0,0,76,0,148,16160,0.9999999999868421,0.3392857142841996,0.5066666662849777,0.9909667968749395,0.3392857142841996
larger,100000,1119,Hough transform baseline,5,6,1,0.6964738026592704,0.9214442295293359,0.9924528301886792,0.0,0.8333333333333334,1,0,270,0,215,15899,0.9999999999962963,0.5567010309266872,0.7152317876181219,0.9868774414061897,0.5567010309266872
larger,100000,1120,Hough transform baseline,5,5,0,0.8127274996955304,0.7989026915113873,0.9327731092436975,0.6666666666666666,1.0,2,3,217,9,172,15986,0.9601769911461939,0.557840616965147,0.7056910564433975,0.9889526367186896,0.5452261306518964
larger,100000,1121,Hough transform baseline,1,1,0,1.0,1.0,1.0,1.0,1.0,0,0,84,0,0,16300,0.9999999999880952,0.9999999999880952,0.9999999994880953,0.9999999999999389,0.9999999999880952
larger,100000,1122,Hough transform baseline,3,5,2,0.5682071456005378,0.7175845065632864,0.7764705882352941,0.12,0.6,1,5,149,0,215,16020,0.9999999999932887,0.4093406593395348,0.5808966857454032,0.9868774414061897,0.4093406593395348
larger,100000,1123,Hough transform baseline,1,1,0,1.0,1.0,1.0,1.0,1.0,0,0,28,0,0,16356,0.9999999999642857,0.9999999999642857,0.9999999994642856,0.9999999999999389,0.9999999999642857
larger,100000,1124,Hough transform baseline,3,3,0,0.855948275862069,0.8055555555555556,0.7172413793103448,1.0,1.0,0,0,105,43,2,16234,0.7094594594546658,0.9813084112057822,0.8235294112711726,0.9972534179686892,0.6999999999953334
larger,100000,1125,Hough transform baseline,4,6,2,0.4430429319308863,0.5847485080988917,0.5661971830985916,0.0,0.6666666666666667,0,3,218,97,348,15721,0.692063492061295,0.3851590106000262,0.4948921675303809,0.9728393554686906,0.32880844645500934
larger,100000,1126,Hough transform baseline,4,3,1,0.3518794642857143,0.316875,0.6714285714285715,0.0,0.75,0,1,87,34,126,16137,0.7190082644568677,0.40845070422343455,0.5209580833671519,0.9902343749999395,0.3522267206463473
larger,100000,1127,Hough transform baseline,5,6,1,0.9343297487141037,0.9199631741506297,0.935064935064935,1.0,0.8333333333333334,1,1,155,0,173,16056,0.9999999999935485,0.4725609756083154,0.6418219457312604,0.9894409179686896,0.4725609756083154
larger,100000,1128,Hough transform baseline,4,7,3,0.42190400645878745,0.5904611590126175,0.49526813880126186,0.0,0.5714285714285714,0,12,204,81,295,15804,0.715789473681699,0.4088176352697218,0.5204081628012318,0.9770507812499404,0.35172413793042806
larger,100000,1129,Hough transform baseline,2,3,1,0.8997500038711076,0.9159427695452222,0.8545454545454545,1.0,0.6666666666666667,0,0,147,0,294,15943,0.9999999999931973,0.3333333333325775,0.4999999996232993,0.98205566406244,0.3333333333325775
larger,100000,1130,Hough transform baseline,3,3,0,0.9153260965883916,0.8336936936936936,0.9508196721311475,1.0,1.0,0,0,125,0,242,16017,0.999999999992,0.3405994550399439,0.5081300809197155,0.9852294921874398,0.3405994550399439
larger,100000,1131,Hough transform baseline,5,9,4,0.5379397233201582,0.8113636363636364,0.447463768115942,0.1111111111111111,0.5555555555555556,1,9,287,210,296,15591,0.5774647887312325,0.4922813036012139,0.5314814809836677,0.9691162109374408,0.36191677175238096
larger,100000,1132,Hough transform baseline,5,9,4,0.5296176971466307,0.788083735909823,0.5971223021582734,0.0,0.5555555555555556,0,7,312,68,231,15773,0.8210526315767868,0.5745856353580578,0.6760563375422975,0.98175048828119,0.5106382978715047
larger,100000,1133,Hough transform baseline,5,5,0,0.8230565658371666,0.7403621084797554,0.949468085106383,0.8,1.0,1,1,367,13,386,15618,0.965789473681669,0.487383798140123,0.6478375988469575,0.9756469726561904,0.4791122715398445
larger,100000,1134,Hough transform baseline,2,2,0,1.0,1.0,1.0,1.0,1.0,0,0,110,0,0,16274,0.999999999990909,0.999999999990909,0.999999999490909,0.9999999999999389,0.999999999990909
larger,100000,1135,Hough transform baseline,2,2,0,0.9411111111111111,0.888888888888889,0.9555555555555556,1.0,1.0,0,0,47,0,48,16289,0.9999999999787235,0.49473684210005536,0.6619718305337234,0.9970703124999392,0.49473684210005536
larger,100000,1136,Hough transform baseline,4,4,0,0.9878086419753086,0.9783950617283951,0.9876543209876543,1.0,1.0,0,0,166,0,110,16108,0.9999999999939759,0.6014492753601397,0.751131221247026,0.9932861328124394,0.6014492753601397
larger,100000,1137,Hough transform baseline,5,5,0,0.7502338345864662,0.7601687552213869,0.9157894736842105,0.5,1.0,1,2,272,16,383,15713,0.9444444444411652,0.4152671755718851,0.5768822901365445,0.9756469726561904,0.40536512667599794
larger,100000,1138,Hough transform baseline,4,4,0,0.873782765092274,0.7706763285024155,0.8848920863309353,1.0,1.0,0,0,124,12,122,16126,0.9117647058756488,0.5040650406483574,0.6492146592239247,0.9918212890624394,0.48062015503689687
larger,100000,1139,Hough transform baseline,1,1,0,0.9175,0.8444444444444444,0.9375,1.0,1.0,0,0,33,0,62,16289,0.9999999999696971,0.34736842104897503,0.5156249996092529,0.9962158203124392,0.34736842104897503
larger,100000,1140,Hough transform baseline,1,1,0,1.0,1.0,1.0,1.0,1.0,0,0,17,0,0,16367,0.9999999999411765,0.9999999999411765,0.9999999994411766,0.9999999999999389,0.9999999999411765
larger,100000,1141,Hough transform baseline,5,5,0,0.7295125164690383,0.8893646611037915,0.83399209486166,0.25,1.0,1,4,218,29,268,15869,0.8825910931138357,0.44855967078097003,0.5948158249267043,0.98187255859369,0.4233009708729645
larger,100000,1142,Hough transform baseline,1,1,0,0.8768181818181818,0.7666666666666667,0.9090909090909091,1.0,1.0,0,0,23,0,42,16319,0.9999999999565218,0.35384615384071005,0.5227272723292872,0.997436523437439,0.35384615384071005
larger,100000,1143,Hough transform baseline,2,2,0,0.9677707199032063,0.9385964912280702,0.9770114942528736,1.0,1.0,1,1,88,0,76,16220,0.9999999999886363,0.5365853658503867,0.6984126979526329,0.9953613281249393,0.5365853658503867
larger,100000,1144,Hough transform baseline,4,4,0,0.9203984309034619,0.89203216374269,0.8449197860962567,1.0,1.0,1,1,160,30,1,16193,0.8421052631534627,0.9937888198696039,0.9116809111791301,0.998107910156189,0.8376963350741482
larger,100000,1145,Hough transform baseline,1,1,0,0.892776359600444,0.7784967320261438,0.9622641509433962,1.0,1.0,0,0,54,0,108,16222,0.9999999999814816,0.33333333333127574,0.49999999962037045,0.9934082031249394,0.33333333333127574
larger,100000,1146,Hough transform baseline,4,6,2,0.7911374478234943,0.8338081671415004,0.8087855297157622,0.75,0.6666666666666667,3,4,301,27,277,15779,0.9176829268264705,0.5207612456738395,0.6644591606845069,0.98144531249994,0.49752066115620247
larger,100000,1147,Hough transform baseline,1,1,0,1.0,1.0,1.0,1.0,1.0,0,0,55,0,0,16329,0.9999999999818182,0.9999999999818182,0.9999999994818183,0.9999999999999389,0.9999999999818182
larger,100000,1148,Hough transform baseline,4,5,1,0.556919474363492,0.6663208345539173,0.8853754940711462,0.0,0.8,0,1,233,0,298,15853,0.9999999999957082,0.4387947269294938,0.6099476435535313,0.98181152343744,0.4387947269294938
larger,100000,1149,Hough transform baseline,2,3,1,0.5793456519585996,0.8663207547169811,0.6141732283464567,0.0,0.6666666666666667,0,1,213,16,269,15886,0.9301310043627505,0.4419087136920292,0.5991561177050845,0.98260498046869,0.42771084337263515
larger,100000,1150,Hough transform baseline,3,3,0,0.8551374345549738,0.7083333333333334,0.9319371727748691,1.0,1.0,1,1,169,9,171,16035,0.9494382022418572,0.49705882352794983,0.6525096520560366,0.9890136718749396,0.4842406876776956
larger,100000,1151,Hough transform baseline,3,4,1,0.6248237858032379,0.7302020202020202,0.8561643835616438,0.19999999999999998,0.75,1,3,124,16,199,16045,0.8857142857079593,0.3839009287913811,0.5356371486038746,0.9868774414061897,0.3657817109133753
larger,100000,1152,Hough transform baseline,5,9,4,0.6019567637211874,0.7355165031994301,0.6395939086294415,0.35,0.5555555555555556,2,4,297,60,226,15801,0.8319327731069134,0.5678776290620117,0.6749999995162577,0.98254394531244,0.5094339622632771
larger,100000,1153,Hough transform baseline,1,1,0,1.0,1.0,1.0,1.0,1.0,0,0,46,0,0,16338,0.999999999978261,0.999999999978261,0.9999999994782609,0.9999999999999389,0.999999999978261
larger,100000,1154,Hough transform baseline,4,4,0,0.9464461024684474,0.8979225557499888,0.9619047619047619,1.0,1.0,0,0,107,0,138,16139,0.9999999999906541,0.43673469387576846,0.607954545027941,0.9915771484374395,0.43673469387576846
larger,100000,1155,Hough transform baseline,1,1,0,1.0,1.0,1.0,1.0,1.0,0,0,74,0,0,16310,0.9999999999864865,0.9999999999864865,0.9999999994864865,0.9999999999999389,0.9999999999864865
larger,100000,1156,Hough transform baseline,2,2,0,0.9538295454545455,0.9075,0.9772727272727273,1.0,1.0,0,0,77,1,59,16247,0.987179487166831,0.5661764705840723,0.7196261677543017,0.9963378906249392,0.5620437956163354
larger,100000,1157,Hough transform baseline,5,4,1,0.48492395204340605,0.5676353276353276,0.7474402730375427,0.0,0.8,0,2,206,66,191,15921,0.7573529411736862,0.5188916876561237,0.6158445436112797,0.9843139648436899,0.44492440604655525
larger,100000,1158,Hough transform baseline,2,2,0,0.9518087855297157,0.9135802469135802,0.9534883720930233,1.0,1.0,0,0,45,0,56,16283,0.9999999999777779,0.4455445544510342,0.6164383557294989,0.9965820312499392,0.4455445544510342
larger,100000,1159,Hough transform baseline,3,3,0,0.9914135370299954,0.9858299595141701,0.988950276243094,1.0,1.0,3,3,158,0,107,16119,0.999999999993671,0.5962264150920897,0.7470449167861443,0.9934692382811894,0.5962264150920897
larger,100000,1160,Hough transform baseline,1,1,0,1.0,1.0,1.0,1.0,1.0,0,0,21,0,0,16363,0.999999999952381,0.999999999952381,0.9999999994523809,0.9999999999999389,0.999999999952381
larger,100000,1161,Hough transform baseline,5,4,1,0.8151453237410073,0.7040000000000001,0.841726618705036,1.0,0.8,0,0,125,18,47,16194,0.8741258741197614,0.7267441860422864,0.7936507931499925,0.9960327148436892,0.6578947368386427
larger,100000,1162,Hough transform baseline,1,1,0,0.9808158508158509,0.9641025641025641,0.9848484848484849,1.0,1.0,0,0,48,0,95,16241,0.9999999999791668,0.3356643356619884,0.502617800665552,0.9942016601561893,0.3356643356619884
larger,100000,1163,Hough transform baseline,1,2,1,0.2813256704980843,0.3071604938271605,0.4655172413793104,0.0,0.5,0,1,46,0,44,16294,0.999999999978261,0.5111111111054321,0.6764705877776815,0.997314453124939,0.5111111111054321
larger,100000,1164,Hough transform baseline,5,5,0,0.804276686420837,0.8807455776672195,0.9147058823529411,0.5,1.0,1,2,325,18,526,15515,0.9475218658864504,0.38190364277275923,0.5443886093048395,0.9667968749999409,0.3739930955116525
larger,100000,1165,Hough transform baseline,2,2,0,0.9713744588744588,0.9469696969696969,0.9761904761904762,1.0,1.0,0,0,86,0,90,16208,0.9999999999883721,0.4886363636335873,0.6564885491723093,0.9945068359374393,0.4886363636335873
larger,100000,1166,Hough transform baseline,2,2,0,0.9308170995670996,0.8674242424242424,0.9523809523809523,1.0,1.0,0,0,39,0,46,16299,0.9999999999743591,0.4588235294063668,0.6290322576231789,0.9971923828124392,0.4588235294063668
larger,100000,1167,Hough transform baseline,5,10,5,0.43765106343555404,0.6984626352015733,0.3212598425196851,0.03636363636363637,0.5,1,22,289,258,320,15517,0.5283363802549756,0.4745484400649022,0.49999999950057317,0.964721679687441,0.33333333333294884
larger,100000,1168,Hough transform baseline,2,2,0,0.8401047326906222,0.6528571428571428,0.9815950920245399,1.0,1.0,0,0,132,14,109,16129,0.9041095890349035,0.5477178423213788,0.6821705421622632,0.9924926757811894,0.5176470588214994
larger,100000,1169,Hough transform baseline,5,6,1,0.39991064215414707,0.4921895206243032,0.47546012269938653,0.0,0.8333333333333334,0,3,213,98,191,15882,0.6848874598048718,0.5272277227709722,0.5958041953109882,0.98236083984369,0.4243027888437763
larger,100000,1170,Hough transform baseline,3,4,1,0.8106747429215382,0.7415770609318997,0.759825327510917,1.0,0.75,0,0,230,3,223,15928,0.9871244635150768,0.5077262693145524,0.6705539354095273,0.9862060546874398,0.5043859649111746
larger,100000,1171,Hough transform baseline,3,4,1,0.576934065934066,0.8834188034188035,0.5219780219780219,0.0,0.75,0,1,116,60,38,16170,0.6590909090871643,0.7532467532418621,0.7030303025282645,0.9940185546874393,0.5420560747638222
larger,100000,1172,Hough transform baseline,4,6,2,0.5196162464985995,0.7716339869281046,0.5285714285714286,0.0,0.6666666666666667,0,3,211,90,189,15894,0.7009966777385349,0.5274999999986812,0.6019971464412078,0.9829711914061899,0.4306122448970804
larger,100000,1173,Hough transform baseline,4,4,0,0.6291101299865759,0.7780102336104389,0.8950276243093923,0.0,1.0,0,1,145,7,260,15972,0.9539473684147767,0.3580246913571407,0.5206463191704083,0.9837036132811899,0.35194174757196134
larger,100000,1174,Hough transform baseline,5,12,7,0.2984804005624719,0.43468816153720885,0.26898326898326896,0.02962962962962963,0.41666666666666663,1,27,314,311,249,15510,0.5023999999991962,0.5577264653631302,0.5286195281200006,0.965820312499941,0.3592677345533647
larger,100000,1175,Hough transform baseline,5,6,1,0.7208399872033681,0.762728126677402,0.8463949843260188,0.5,0.8333333333333334,1,2,268,18,144,15954,0.9370629370596607,0.6504854368916251,0.76790830896968,0.9901123046874395,0.623255813952039
larger,100000,1176,Hough transform baseline,2,2,0,0.9836863500213949,0.9715447154471544,0.9824561403508771,1.0,1.0,0,0,116,0,166,16102,0.9999999999913792,0.41134751772903777,0.5829145724483725,0.9898681640624396,0.41134751772903777
larger,100000,1177,Hough transform baseline,4,4,0,0.987531969309463,0.977124183006536,0.9891304347826086,1.0,1.0,0,0,188,0,104,16092,0.9999999999946809,0.6438356164361513,0.7833333328535417,0.9936523437499393,0.6438356164361513
larger,100000,1178,Hough transform baseline,3,4,1,0.5119570740945316,0.629495252373813,0.7684210526315789,0.0,0.75,0,1,157,12,339,15876,0.9289940828347397,0.31653225806387797,0.47218045074729825,0.9785766601561903,0.3090551181096278
larger,100000,1179,Hough transform baseline,1,1,0,1.0,1.0,1.0,1.0,1.0,0,0,52,0,0,16332,0.9999999999807693,0.9999999999807693,0.9999999994807693,0.9999999999999389,0.9999999999807693
larger,100000,1180,Hough transform baseline,3,4,1,0.7731120760959471,0.6254342431761787,0.8333333333333334,1.0,0.75,0,0,78,0,120,16186,0.9999999999871795,0.39393939393740435,0.56521739089477,0.9926757812499394,0.39393939393740435
larger,100000,1181,Hough transform baseline,4,4,0,0.8151037964717741,0.7318155432029271,0.9289340101522843,0.8,1.0,1,1,178,4,388,15814,0.9780219780166043,0.31448763250827827,0.4759358285075066,0.9760742187499404,0.3122807017538381
larger,100000,1182,Hough transform baseline,3,3,0,0.9295987183399451,0.8632183908045977,0.9557522123893806,1.0,1.0,0,0,90,2,152,16140,0.9782608695545841,0.3719008264447442,0.5389221552862419,0.9906005859374395,0.3688524590148818
larger,100000,1183,Hough transform baseline,4,4,0,0.808751559556625,0.8553502864906375,0.9942196531791907,0.5,1.0,2,1,168,0,276,15940,0.9999999999940477,0.3783783783775262,0.5490196074430348,0.9831542968749399,0.3783783783775262
larger,100000,1184,Hough transform baseline,3,3,0,0.9672889317889317,0.9307407407407406,0.9922779922779923,1.0,1.0,0,0,262,0,126,15996,0.9999999999961833,0.6752577319570225,0.8061538456701538,0.9923095703124394,0.6752577319570225
larger,100000,1185,Hough transform baseline,3,3,0,0.5752832649118571,0.6909485094850949,0.8217821782178218,0.0,1.0,0,1,84,19,124,16157,0.8155339805746065,0.4038461538442123,0.5401929255985359,0.9912719726561895,0.37004405286180597
larger,100000,1186,Hough transform baseline,3,3,0,0.9889827672745525,0.9819121447028424,0.9856115107913669,1.0,1.0,0,0,142,0,174,16068,0.9999999999929579,0.4493670886061729,0.6200873358140004,0.9893798828124396,0.4493670886061729
larger,100000,1187,Hough transform baseline,4,5,1,0.5604529106802436,0.6718743509865005,0.8905472636815921,0.0,0.8,0,1,203,0,302,15879,0.9999999999950739,0.401980198019006,0.57344632727297,0.98156738281244,0.401980198019006
larger,100000,1188,Hough transform baseline,2,2,0,0.8873359073359074,0.7813813813813815,0.9285714285714286,1.0,1.0,0,0,58,0,108,16218,0.9999999999827587,0.349397590359341,0.51785714246875,0.9934082031249394,0.349397590359341
larger,100000,1189,Hough transform baseline,3,3,0,0.9655451760256755,0.9338098593912546,0.9766536964980544,1.0,1.0,0,0,260,0,508,15616,0.9999999999961539,0.33854166666622587,0.505836575496601,0.9689941406249408,0.33854166666622587
larger,100000,1190,Hough transform baseline,1,1,0,1.0,1.0,1.0,1.0,1.0,0,0,70,0,0,16314,0.9999999999857142,0.9999999999857142,0.9999999994857143,0.9999999999999389,0.9999999999857142
larger,100000,1191,Hough transform baseline,2,3,1,0.5542789115646258,0.7933333333333333,0.653061224489796,0.0,0.6666666666666667,0,1,43,0,20,16321,0.9999999999767443,0.6825396825288487,0.8113207542194731,0.998779296874939,0.6825396825288487
larger,100000,1192,Hough transform baseline,5,7,2,0.5232448218008168,0.7087545289855072,0.6643835616438356,0.0,0.7142857142857143,1,4,218,44,259,15863,0.8320610686991143,0.4570230607956876,0.5899864677409952,0.98150634765619,0.4184261036460299
larger,100000,1193,Hough transform baseline,4,7,3,0.6250404962276044,0.7146263324690291,0.8982456140350877,0.26666666666666666,0.5714285714285714,2,3,263,12,348,15761,0.9563636363601588,0.43044189852630044,0.5936794578098461,0.9780273437499403,0.42215088282436253
larger,100000,1194,Hough transform baseline,4,10,6,0.583985288880903,0.9373256308018278,0.48594377510040165,0.1,0.4,1,10,319,142,308,15615,0.6919739696297355,0.50877192982375,0.5863970583340908,0.9725341796874406,0.4148244473336608
larger,100000,1195,Hough transform baseline,3,6,3,0.4379153766769866,0.6912280701754386,0.38431372549019605,0.0,0.5,0,3,151,94,128,16011,0.6163265306097293,0.5412186379908918,0.5763358773625007,0.9864501953124397,0.40482573726433024
larger,100000,1196,Hough transform baseline,5,7,2,0.6211491425241426,0.8030827505827506,0.6916666666666667,0.2,0.7142857142857143,1,4,192,17,296,15879,0.9186602870769442,0.3934426229500134,0.5509325677277448,0.9808959960936902,0.38019801980122736
larger,100000,1197,Hough transform baseline,5,6,1,0.6711066801278817,0.9128571428571429,0.5724381625441697,0.25,0.8333333333333334,1,4,171,74,45,16094,0.6979591836706206,0.7916666666630016,0.7418655092601484,0.9927368164061894,0.5896551724117598
larger,100000,1198,Hough transform baseline,5,8,3,0.5111561800979385,0.710842670401494,0.6438848920863309,0.0,0.625,0,3,202,45,272,15865,0.8178137651788753,0.42616033755184357,0.5603328705604906,0.9806518554686902,0.3892100192670728
larger,100000,1199,Hough transform baseline,4,5,1,0.5509593056230757,0.6755936819172113,0.8347107438016529,0.0,0.8,1,2,108,11,182,16083,0.9075630252024575,0.3724137931021641,0.5281173589980213,0.9882202148436896,0.3588039867097714
