Cycle,Training samples,sample,Method,True vectors,Predicted vectors,Vector count error,Engineering score,Line geometry score,Total length score,Junction angle score,Vector count score,True junctions,Predicted junctions,tp,fp,fn,tn,sample_precision,sample_recall,sample_f1,sample_accuracy,sample_iou
medium,20000,0,CNN distance-density,1,1,0,0.5256818181818181,0.010606060606060596,0.8545454545454545,1.0,1.0,0,0,11,31,193,16149,0.2619047618985261,0.05392156862718666,0.08943089402505122,0.9863281249999398,0.04680851063809869
medium,20000,1,CNN distance-density,2,3,1,0.5533528368794327,0.195,0.7446808510638299,1.0,0.6666666666666667,0,0,0,69,220,16095,0.0,0.0,0.0,0.98236083984369,0.0
medium,20000,2,CNN distance-density,2,2,0,0.49878048780487805,0.0,0.7439024390243902,1.0,1.0,0,0,5,52,259,16068,0.08771929824407511,0.0189393939393222,0.031152647682805876,0.98101806640619,0.015822784810076512
medium,20000,3,CNN distance-density,4,5,1,0.5546375661375662,0.13,0.8306878306878307,1.0,0.8,0,0,20,138,541,15685,0.1265822784802115,0.03565062388585446,0.05563282302271159,0.9585571289061915,0.028612303290373946
medium,20000,4,CNN distance-density,4,5,1,0.3954677306261814,0.27140977176188447,0.9666666666666667,0.0,0.8,0,4,28,253,676,15427,0.0996441281135244,0.039772727272670776,0.056852791470267214,0.9432983398436924,0.029258098223584893
medium,20000,5,CNN distance-density,5,5,0,0.2656685342895563,0.04971014492753623,0.7164948453608248,0.0,1.0,1,0,11,116,457,15800,0.08661417322766446,0.02350427350422328,0.03697478958006921,0.965026855468691,0.01883561643832391
medium,20000,6,CNN distance-density,1,1,0,0.883,0.74,1.0,1.0,1.0,0,0,32,1,69,16282,0.969696969667585,0.3168316831651799,0.4776119399201381,0.9957275390624392,0.31372549019300267
medium,20000,7,CNN distance-density,4,5,1,0.6657396115627823,0.3319958847736626,0.9317073170731707,1.0,0.8,0,0,21,173,262,15928,0.1082474226798544,0.07420494699620422,0.0880503139824462,0.9734497070311906,0.04605263157884638
medium,20000,8,CNN distance-density,3,4,1,0.26385405257393213,0.06893939393939393,0.7891566265060241,0.0,0.75,1,0,12,118,242,16012,0.09230769230698226,0.04724409448800298,0.06249999955181208,0.9780273437499403,0.032258064516042316
medium,20000,9,CNN distance-density,2,2,0,0.538,0.0,0.94,1.0,1.0,0,0,0,52,132,16200,0.0,0.0,0.0,0.9887695312499396,0.0
medium,20000,10,CNN distance-density,4,5,1,0.6028691239124988,0.2541745730550285,0.7924528301886793,1.0,0.8,0,0,0,125,461,15798,0.0,0.0,0.0,0.9642333984374412,0.0
medium,20000,11,CNN distance-density,4,4,0,0.34578201970443356,0.18055555555555555,0.8226600985221675,0.0,1.0,0,2,0,193,473,15718,0.0,0.0,0.0,0.9593505859374414,0.0
medium,20000,12,CNN distance-density,5,5,0,0.24976463749735786,0.04543859649122806,0.6465863453815262,0.0,1.0,1,0,5,135,638,15606,0.03571428571403062,0.007776049766706414,0.01277139178804383,0.9528198242186918,0.006426735218500737
medium,20000,13,CNN distance-density,5,5,0,0.5485804840568574,0.19473684210526318,0.5547445255474452,1.0,1.0,0,0,2,69,331,15982,0.028169014084110294,0.00600600600598797,0.009900989809246653,0.9755859374999404,0.004975124378097077
medium,20000,14,CNN distance-density,3,3,0,0.2606299212598425,0.0,0.8031496062992126,0.0,1.0,1,0,12,113,275,15984,0.09599999999923199,0.041811846689749785,0.0582524267614879,0.9763183593749404,0.029999999999925
medium,20000,15,CNN distance-density,2,2,0,0.4768292682926829,0.0,0.6341463414634146,1.0,1.0,0,0,0,27,87,16270,0.0,0.0,0.0,0.9930419921874394,0.0
medium,20000,16,CNN distance-density,3,3,0,0.4931372549019608,0.0,0.7156862745098039,1.0,1.0,0,0,0,68,231,16085,0.0,0.0,0.0,0.98175048828119,0.0
medium,20000,17,CNN distance-density,4,5,1,0.33968198338525446,0.15339506172839507,0.9532710280373832,0.0,0.8,1,3,3,194,554,15633,0.015228426395861786,0.005385996409326058,0.007957559295657486,0.9543457031249417,0.003994673768303602
medium,20000,18,CNN distance-density,3,3,0,0.3878146853146853,0.201981351981352,0.9846153846153847,0.0,1.0,0,2,5,121,244,16014,0.03968253968222474,0.02008032128505992,0.02666666622031645,0.9777221679686903,0.013513513513476991
medium,20000,19,CNN distance-density,2,2,0,0.5379117647058823,0.13,0.6470588235294117,1.0,1.0,0,0,1,30,96,16257,0.03225806451508845,0.010309278350409182,0.015624999632690439,0.9923095703124394,0.007874015747969495
medium,20000,20,CNN distance-density,1,1,0,0.6292812499999999,0.22479166666666658,0.890625,1.0,1.0,0,0,0,58,65,16261,0.0,0.0,0.0,0.9924926757811894,0.0
medium,20000,21,CNN distance-density,4,5,1,0.570780635648755,0.1517857142857143,0.8623853211009174,1.0,0.8,0,0,38,172,615,15559,0.18095238095151928,0.05819295558949741,0.08806488955043511,0.9519653320311918,0.04606060606055023
medium,20000,22,CNN distance-density,3,2,1,0.49583051801801803,0.061805555555555544,0.7567567567567568,1.0,0.6666666666666667,0,0,7,66,164,16147,0.09589041095759054,0.040935672514380496,0.05737704876051465,0.9859619140624398,0.02953586497877833
medium,20000,23,CNN distance-density,1,1,0,0.5119047619047619,0.0,0.8095238095238095,1.0,1.0,0,0,0,35,43,16306,0.0,0.0,0.0,0.9952392578124393,0.0
medium,20000,24,CNN distance-density,1,1,0,0.7075,0.35,1.0,1.0,1.0,0,0,12,48,48,16276,0.19999999999666668,0.19999999999666668,0.19999999949666666,0.9941406249999393,0.1111111111100823
medium,20000,25,CNN distance-density,4,5,1,0.5433321854912765,0.06635802469135803,0.9173553719008265,1.0,0.8,0,0,5,90,250,16039,0.0526315789468144,0.01960784313717801,0.02857142817575511,0.9792480468749402,0.014492753623146398
medium,20000,26,CNN distance-density,1,1,0,0.5147058823529411,0.0,0.8235294117647058,1.0,1.0,0,0,0,14,18,16352,0.0,0.0,0.0,0.998046874999939,0.0
medium,20000,27,CNN distance-density,3,4,1,0.6845700835859281,0.43604288499025334,0.8167539267015707,1.0,0.75,0,0,0,195,447,15742,0.0,0.0,0.0,0.9608154296874414,0.0
medium,20000,28,CNN distance-density,4,4,0,0.3381059602649007,0.12,0.9205298013245033,0.0,1.0,0,1,0,144,329,15911,0.0,0.0,0.0,0.9711303710936907,0.0
medium,20000,29,CNN distance-density,1,1,0,0.5289285714285714,0.016666666666666684,0.8571428571428572,1.0,1.0,0,0,0,13,15,16356,0.0,0.0,0.0,0.998291015624939,0.0
medium,20000,30,CNN distance-density,2,2,0,0.4933962264150944,0.0,0.7169811320754718,1.0,1.0,0,0,0,38,85,16261,0.0,0.0,0.0,0.9924926757811894,0.0
medium,20000,31,CNN distance-density,3,4,1,0.5459037543004108,0.13488816148390617,0.8010204081632653,1.0,0.75,0,0,16,135,513,15720,0.10596026489996054,0.03024574669181428,0.04705882318377596,0.9604492187499414,0.024096385542132386
medium,20000,32,CNN distance-density,4,5,1,0.3986817446490792,0.2682723577235772,0.9897959183673469,0.0,0.8,0,1,6,183,442,15753,0.03174603174586378,0.013392857142827248,0.01883830413519023,0.9618530273436913,0.009508716323281286
medium,20000,33,CNN distance-density,3,3,0,0.5276693252425421,0.011678960309097288,0.8620689655172413,1.0,1.0,0,0,2,166,379,15837,0.011904761904691044,0.00524934383200722,0.007285974074326256,0.9667358398436909,0.0036563071297922188
medium,20000,34,CNN distance-density,3,4,1,0.22466031390134533,0.021666666666666664,0.6995515695067265,0.0,0.75,0,5,0,169,326,15889,0.0,0.0,0.0,0.9697875976561908,0.0
medium,20000,35,CNN distance-density,1,1,0,0.5370454545454545,0.03181818181818179,0.8636363636363636,1.0,1.0,0,0,12,27,33,16312,0.3076923076844182,0.26666666666074074,0.28571428521003406,0.9963378906249392,0.16666666666435184
medium,20000,36,CNN distance-density,2,2,0,0.21040000000000003,0.0,0.552,0.0,1.0,1,0,2,53,124,16205,0.03636363636297521,0.015873015872889897,0.02209944709050396,0.9891967773436896,0.01117318435747948
medium,20000,37,CNN distance-density,1,1,0,0.4981481481481481,0.0,0.7407407407407407,1.0,1.0,0,0,0,37,152,16195,0.0,0.0,0.0,0.9884643554686896,0.0
medium,20000,38,CNN distance-density,5,5,0,0.3654407353248955,0.2114899223436117,0.8513513513513513,0.0,1.0,2,1,16,209,934,15225,0.07111111111079506,0.016842105263140165,0.027234042243502767,0.9302368164061932,0.013805004314051936
medium,20000,39,CNN distance-density,2,2,0,0.5664509276076803,0.0885670731707317,0.8829787234042553,1.0,1.0,0,0,7,81,190,16106,0.07954545454455061,0.0355329949236775,0.04912280659033549,0.9834594726561899,0.02517985611501734
medium,20000,40,CNN distance-density,5,5,0,0.3144698794790594,0.10740514075887393,0.8306878306878307,0.0,1.0,2,1,13,140,552,15679,0.08496732026088258,0.0230088495574814,0.03621169882887704,0.9577636718749415,0.018439716312030584
medium,20000,41,CNN distance-density,1,1,0,0.6855,0.39,0.8,1.0,1.0,0,0,0,57,215,16112,0.0,0.0,0.0,0.9833984374999399,0.0
medium,20000,42,CNN distance-density,1,1,0,0.7436785714285713,0.43833333333333324,0.9821428571428571,1.0,1.0,0,0,0,51,113,16220,0.0,0.0,0.0,0.9899902343749396,0.0
medium,20000,43,CNN distance-density,4,4,0,0.23948453825412877,0.06036821705426356,0.5615942028985508,0.0,1.0,2,0,8,123,420,15833,0.061068702289610165,0.018691588785003058,0.028622539891487813,0.9668579101561909,0.014519056261316663
medium,20000,44,CNN distance-density,5,5,0,0.19990199572344977,0.03985507246376811,0.4098360655737705,0.0,1.0,1,0,2,46,257,16079,0.041666666665798616,0.0077220077219779075,0.013029315697015358,0.98150634765619,0.006557377049158829
medium,20000,45,CNN distance-density,5,5,0,0.37823466351623347,0.18447293447293447,0.9761092150170648,0.0,1.0,1,3,11,248,683,15442,0.04247104247087849,0.01585014409219618,0.023084994357536654,0.9431762695311924,0.011677282377906925
medium,20000,46,CNN distance-density,5,5,0,0.339589029391661,0.19642857142857142,0.7559808612440191,0.0,1.0,1,1,16,116,453,15799,0.12121212121120295,0.03411513859267779,0.053244592003122926,0.965270996093691,0.0273504273503806
medium,20000,47,CNN distance-density,2,2,0,0.5490851370851371,0.07428571428571429,0.8282828282828283,1.0,1.0,0,0,0,82,231,16071,0.0,0.0,0.0,0.9808959960936902,0.0
medium,20000,48,CNN distance-density,2,2,0,0.4184210526315789,0.0,0.3421052631578947,1.0,1.0,0,0,0,13,40,16331,0.0,0.0,0.0,0.9967651367186892,0.0
medium,20000,49,CNN distance-density,4,4,0,0.320150215448452,0.06506410256410257,0.9543568464730291,0.0,1.0,0,4,46,174,590,15574,0.2090909090899587,0.07232704402504352,0.10747663513185648,0.9533691406249418,0.056790123456720014
medium,20000,50,CNN distance-density,4,5,1,0.2930174731182796,0.15509259259259262,0.7161290322580645,0.0,0.8,0,3,20,119,363,15882,0.1438848920852958,0.05221932114868873,0.07662835209937466,0.9705810546874407,0.03984063745011984
medium,20000,51,CNN distance-density,2,2,0,0.5741262458471761,0.07428571428571429,0.9534883720930233,1.0,1.0,0,0,10,59,243,16072,0.14492753622978366,0.039525691699448515,0.06211180090511554,0.98156738281244,0.032051282051179325
medium,20000,52,CNN distance-density,3,3,0,0.29923170542860744,0.09290213967633319,0.7871287128712872,0.0,1.0,1,2,10,143,421,15810,0.06535947712375582,0.023201856148438046,0.03424657495564951,0.965576171874941,0.017421602787426094
medium,20000,53,CNN distance-density,2,2,0,0.5694375,0.04874999999999999,0.9875,1.0,1.0,0,0,0,64,193,16127,0.0,0.0,0.0,0.9843139648436899,0.0
medium,20000,54,CNN distance-density,5,5,0,0.34352499999999997,0.1625,0.852,0.0,1.0,1,0,5,201,301,15877,0.024271844660076352,0.016339869280992354,0.019531249518997207,0.9693603515624408,0.009861932938836564
medium,20000,55,CNN distance-density,4,4,0,0.602741515837104,0.13429738562091503,0.9615384615384616,1.0,1.0,0,0,0,80,177,16127,0.0,0.0,0.0,0.9843139648436899,0.0
medium,20000,56,CNN distance-density,4,4,0,0.5335404172099087,0.01615384615384615,0.8813559322033898,1.0,1.0,0,0,0,108,105,16171,0.0,0.0,0.0,0.9869995117186897,0.0
medium,20000,57,CNN distance-density,4,5,1,0.35166387881452177,0.17639780521262002,0.9614243323442137,0.0,0.8,3,0,22,265,545,15552,0.07665505226454128,0.0388007054673037,0.05152224779718806,0.9505615234374419,0.026442307692275912
medium,20000,58,CNN distance-density,1,1,0,0.5107142857142857,0.0,0.8035714285714286,1.0,1.0,0,0,0,46,173,16165,0.0,0.0,0.0,0.9866333007811897,0.0
medium,20000,59,CNN distance-density,3,4,1,0.37991666666666674,0.3442592592592593,0.75,0.0,0.75,1,0,6,101,228,16049,0.05607476635461612,0.025641025640916065,0.03519061540492428,0.9799194335936902,0.017910447761140567
medium,20000,60,CNN distance-density,2,2,0,0.5181159420289855,0.0,0.8405797101449275,1.0,1.0,0,0,16,52,128,16188,0.23529411764359862,0.11111111111033951,0.15094339578924884,0.9890136718749396,0.081632653060808
medium,20000,61,CNN distance-density,5,5,0,0.3844922793320321,0.23975223499361434,0.8830188679245283,0.0,1.0,0,3,11,206,659,15508,0.05069124423939774,0.01641791044773669,0.024802705380074716,0.9472045898436922,0.012557077625556442
medium,20000,62,CNN distance-density,2,2,0,0.7003119967793882,0.3373188405797102,0.9925925925925926,1.0,1.0,0,0,2,119,251,16012,0.01652892561969811,0.007905138339889704,0.010695186728001965,0.9774169921874403,0.005376344086007053
medium,20000,63,CNN distance-density,2,2,0,0.5790308988764045,0.11944444444444444,0.8764044943820225,1.0,1.0,0,0,5,64,277,16038,0.07246376811489183,0.017730496453837837,0.0284900281739921,0.9791870117186902,0.014450867051981356
medium,20000,64,CNN distance-density,4,4,0,0.5788288477712363,0.09471544715447154,0.9310344827586207,1.0,1.0,0,0,0,110,371,15903,0.0,0.0,0.0,0.9706420898436907,0.0
medium,20000,65,CNN distance-density,3,4,1,0.5359732922444786,0.04949494949494949,0.943502824858757,1.0,0.75,0,0,22,152,424,15786,0.12643678160846877,0.04932735425997909,0.07096774153148805,0.964843749999941,0.03678929765880136
medium,20000,66,CNN distance-density,5,5,0,0.40378556015105194,0.25606965174129354,0.9427710843373494,0.0,1.0,4,7,15,265,701,15403,0.05357142857123725,0.020949720670361802,0.030120481523463336,0.9410400390624425,0.015290519877660254
medium,20000,67,CNN distance-density,5,5,0,0.3140487399612296,0.12463768115942027,0.7898089171974523,0.0,1.0,1,0,12,227,699,15446,0.050209205020710426,0.016877637130777952,0.025263157518109702,0.9434814453124424,0.012793176972267811
medium,20000,68,CNN distance-density,4,5,1,0.5069299419901829,0.20576131687242796,0.42168674698795183,1.0,0.8,0,0,2,62,437,15883,0.031249999999511717,0.004555808656026069,0.007952286060179685,0.9695434570311908,0.003992015968055904
medium,20000,69,CNN distance-density,1,1,0,0.774758064516129,0.65,0.6612903225806452,1.0,1.0,0,0,0,42,63,16279,0.0,0.0,0.0,0.9935913085936894,0.0
medium,20000,70,CNN distance-density,2,3,1,0.35850885191702664,0.31756892230576445,0.7446808510638299,0.0,0.6666666666666667,0,2,1,107,345,15931,0.009259259259173525,0.0028901734103962714,0.00440528598100102,0.9724121093749406,0.002207505518758924
medium,20000,71,CNN distance-density,1,1,0,0.69425,0.39,0.84375,1.0,1.0,0,0,0,28,101,16255,0.0,0.0,0.0,0.9921264648436894,0.0
medium,20000,72,CNN distance-density,2,3,1,0.40887445887445883,0.0,0.461038961038961,1.0,0.6666666666666667,0,0,3,57,237,16087,0.04999999999916667,0.012499999999947917,0.019999999679866674,0.98205566406244,0.010101010100976091
medium,20000,73,CNN distance-density,5,5,0,0.32512079535371463,0.02997364953886692,0.8081632653061225,0.19999999999999996,1.0,1,1,0,190,681,15513,0.0,0.0,0.0,0.9468383789061922,0.0
medium,20000,74,CNN distance-density,4,5,1,0.18685190615835778,0.013434343434343436,0.5040322580645161,0.0,0.8,1,0,11,117,628,15628,0.08593749999932862,0.0172143974960607,0.028683180947411905,0.9545288085936917,0.014550264550245304
medium,20000,75,CNN distance-density,3,5,2,0.3820459687371452,0.30448717948717946,0.9251336898395722,0.0,0.6,1,0,36,134,553,15661,0.21176470588110727,0.061120543293614396,0.09486165973117668,0.9580688476561915,0.04979253112026308
medium,20000,76,CNN distance-density,3,3,0,0.5517906976744186,0.08666666666666667,0.813953488372093,1.0,1.0,0,0,0,104,380,15900,0.0,0.0,0.0,0.9704589843749407,0.0
medium,20000,77,CNN distance-density,5,5,0,0.3487195804195804,0.15177777777777776,0.9020979020979021,0.0,1.0,1,2,16,235,634,15499,0.06374501992006476,0.024615384615346746,0.0355160928277201,0.9469604492186922,0.018079096045177313
medium,20000,78,CNN distance-density,3,3,0,0.632394366197183,0.3333333333333333,0.6619718309859155,1.0,1.0,0,0,3,44,153,16184,0.06382978723268448,0.01923076923064596,0.029556649890169633,0.9879760742186897,0.014999999999925
medium,20000,79,CNN distance-density,5,5,0,0.32399274367620584,0.2771154745208041,0.4964539007092199,0.0,1.0,2,0,7,129,327,15921,0.05147058823491566,0.02095808383227258,0.029787233631163427,0.9721679687499406,0.015118790496727605
medium,20000,80,CNN distance-density,2,2,0,0.5615909090909091,0.11666666666666667,0.7954545454545454,1.0,1.0,0,0,0,42,37,16305,0.0,0.0,0.0,0.9951782226561893,0.0
medium,20000,81,CNN distance-density,2,2,0,0.5836188271604938,0.1625,0.8024691358024691,1.0,1.0,0,0,0,66,78,16240,0.0,0.0,0.0,0.9912109374999395,0.0
medium,20000,82,CNN distance-density,3,3,0,0.4510416666666667,0.33564814814814814,1.0,0.0,1.0,1,1,0,155,263,15966,0.0,0.0,0.0,0.9744873046874405,0.0
medium,20000,83,CNN distance-density,3,4,1,0.569919137840162,0.15419382877009993,0.8776595744680851,1.0,0.75,0,0,10,181,367,15826,0.05235602094213426,0.026525198938921683,0.03521126715912642,0.9665527343749409,0.0179211469533729
medium,20000,84,CNN distance-density,1,2,1,0.5103072289156627,0.12999999999999998,0.7590361445783133,1.0,0.5,0,0,0,85,198,16101,0.0,0.0,0.0,0.98272705078119,0.0
medium,20000,85,CNN distance-density,5,5,0,0.6517045454545455,0.2583333333333333,0.9272727272727272,1.0,1.0,0,0,46,94,341,15903,0.32857142856908167,0.1188630490953001,0.17457305463763598,0.9734497070311906,0.09563409563389681
medium,20000,86,CNN distance-density,1,1,0,0.5111111111111111,0.0,0.8055555555555556,1.0,1.0,0,0,0,30,37,16317,0.0,0.0,0.0,0.9959106445311892,0.0
medium,20000,87,CNN distance-density,5,5,0,0.4290179526355997,0.30654783125371365,0.9553571428571429,0.0,1.0,1,2,30,170,520,15664,0.14999999999925,0.05454545454535537,0.07999999960867556,0.9578857421874415,0.041666666666608794
medium,20000,88,CNN distance-density,4,5,1,0.5605509036354756,0.210239651416122,0.6797153024911031,1.0,0.8,0,0,0,258,338,15788,0.0,0.0,0.0,0.9636230468749412,0.0
medium,20000,89,CNN distance-density,1,1,0,0.5370454545454545,0.03181818181818183,0.8636363636363636,1.0,1.0,0,0,0,58,207,16119,0.0,0.0,0.0,0.9838256835936899,0.0
medium,20000,90,CNN distance-density,3,3,0,0.37142780748663107,0.24666666666666667,0.8021390374331551,0.0,1.0,0,1,0,174,431,15779,0.0,0.0,0.0,0.9630737304686912,0.0
medium,20000,91,CNN distance-density,5,5,0,0.3277763057809331,0.16630028735632182,0.7647058823529411,0.0,1.0,2,0,8,220,686,15470,0.03508771929809172,0.011527377521597222,0.017353578803393555,0.9447021484374423,0.008752735229749724
medium,20000,92,CNN distance-density,2,3,1,0.23095238095238096,0.0,0.8214285714285714,0.0,0.6666666666666667,1,1,8,163,435,15778,0.04678362573072057,0.01805869074488023,0.02605863151986229,0.9635009765624412,0.013201320131991417
medium,20000,93,CNN distance-density,3,3,0,0.5320542072008826,0.06558185404339249,0.7627118644067796,1.0,1.0,0,0,8,77,263,16036,0.09411764705771626,0.0295202952028431,0.04494381986095506,0.9792480468749402,0.022988505747060378
medium,20000,94,CNN distance-density,4,4,0,0.4993449781659389,0.0,0.7467248908296944,1.0,1.0,0,0,6,151,611,15616,0.03821656050931072,0.00972447325768278,0.015503875645557498,0.9534912109374418,0.007812499999989828
medium,20000,95,CNN distance-density,5,5,0,0.2163265306122449,0.0,0.5816326530612245,0.0,1.0,4,0,11,142,334,15897,0.07189542483613141,0.03188405797092208,0.04417670640145322,0.9709472656249407,0.022587268993793454
medium,20000,96,CNN distance-density,2,2,0,0.3448928571428571,0.195,0.7857142857142857,0.0,1.0,0,1,0,59,212,16113,0.0,0.0,0.0,0.9834594726561899,0.0
medium,20000,97,CNN distance-density,2,2,0,0.48949579831932777,0.0,0.6974789915966386,1.0,1.0,0,0,0,68,304,16012,0.0,0.0,0.0,0.9772949218749403,0.0
medium,20000,98,CNN distance-density,2,3,1,0.21345565749235476,0.0,0.7339449541284404,0.0,0.6666666666666667,1,0,9,65,160,16150,0.12162162161997808,0.05325443786950737,0.074074073649884,0.9862670898436898,0.038461538461374095
medium,20000,99,CNN distance-density,1,1,0,0.5214285714285715,0.0,0.8571428571428572,1.0,1.0,0,0,0,20,74,16290,0.0,0.0,0.0,0.9942626953124393,0.0
medium,20000,100,CNN distance-density,5,5,0,0.3134855687606112,0.12315789473684209,0.7903225806451613,0.0,1.0,1,0,5,209,470,15700,0.023364485981199234,0.010526315789451525,0.014513787670400104,0.9585571289061915,0.007309941520457149
medium,20000,101,CNN distance-density,5,5,0,0.35932282098387425,0.14935587761674718,0.9605633802816902,0.0,1.0,4,3,25,273,731,15355,0.08389261744938291,0.033068783068739324,0.047438329765098354,0.9387207031249427,0.024295432458674153
medium,20000,102,CNN distance-density,2,2,0,0.5255555555555556,0.0,0.8777777777777778,1.0,1.0,0,0,0,89,129,16166,0.0,0.0,0.0,0.9866943359374397,0.0
medium,20000,103,CNN distance-density,3,4,1,0.5143333333333333,0.0,0.9466666666666667,1.0,0.75,0,0,10,117,459,15798,0.07874015747969496,0.021321961620423623,0.03355704664439102,0.964843749999941,0.01706484641635313
medium,20000,104,CNN distance-density,4,4,0,0.3465490924092409,0.16064814814814815,0.8712871287128713,0.0,1.0,0,3,0,193,463,15728,0.0,0.0,0.0,0.9599609374999414,0.0
medium,20000,105,CNN distance-density,2,3,1,0.5346666666666666,0.11037037037037034,0.8416666666666667,1.0,0.6666666666666667,0,0,0,123,183,16078,0.0,0.0,0.0,0.98132324218744,0.0
medium,20000,106,CNN distance-density,2,3,1,0.5808996212121211,0.24375000000000002,0.7727272727272727,1.0,0.6666666666666667,0,0,15,89,347,15933,0.14423076922938238,0.041436464088283324,0.06437768205642026,0.9733886718749406,0.0332594235032522
medium,20000,107,CNN distance-density,3,3,0,0.5338851548801871,0.009386973180076617,0.8983050847457628,1.0,1.0,0,0,0,103,373,15908,0.0,0.0,0.0,0.9709472656249407,0.0
medium,20000,108,CNN distance-density,5,5,0,0.28304700794178206,0.09261984392419176,0.7068403908794788,0.0,1.0,1,0,9,178,591,15606,0.04812834224573194,0.014999999999975,0.022871664186557616,0.9530639648436918,0.011568123393301327
medium,20000,109,CNN distance-density,1,1,0,0.6841206896551725,0.39,0.7931034482758621,1.0,1.0,0,0,12,35,167,16170,0.2553191489307379,0.06703910614487688,0.10619468993511631,0.9876708984374397,0.05607476635487816
medium,20000,110,CNN distance-density,1,1,0,0.4845454545454545,0.0,0.6727272727272727,1.0,1.0,0,0,0,38,174,16172,0.0,0.0,0.0,0.9870605468749397,0.0
medium,20000,111,CNN distance-density,4,5,1,0.2958911527165933,0.17824074074074076,0.6784140969162995,0.0,0.8,2,1,14,133,447,15790,0.09523809523744736,0.030368763557417855,0.046052631212154825,0.964599609374941,0.02356902356898389
medium,20000,112,CNN distance-density,2,2,0,0.5585849056603773,0.07777777777777777,0.8679245283018868,1.0,1.0,0,0,3,49,97,16235,0.05769230769119823,0.0299999999997,0.03947368375986843,0.9910888671874395,0.020134228187784334
medium,20000,113,CNN distance-density,5,5,0,0.287833047455689,0.12390572390572391,0.6603773584905661,0.0,1.0,2,0,67,123,939,15255,0.3526315789455125,0.06660039761424791,0.11204013351182593,0.9351806640624429,0.059344552701453196
medium,20000,114,CNN distance-density,1,1,0,0.7105862068965517,0.4181609195402299,0.8620689655172413,1.0,1.0,0,0,0,26,30,16328,0.0,0.0,0.0,0.9965820312499392,0.0
medium,20000,115,CNN distance-density,2,3,1,0.6673432157515925,0.49466162522430146,0.6403940886699507,1.0,0.6666666666666667,0,0,17,140,461,15766,0.10828025477638038,0.03556485355641095,0.05354330671421662,0.9633178710936912,0.02750809061484222
medium,20000,116,CNN distance-density,4,4,0,0.2689922480620155,0.0,0.8449612403100775,0.0,1.0,0,1,17,85,248,16034,0.1666666666650327,0.06415094339598434,0.09264305136924324,0.9796752929686902,0.0485714285712898
medium,20000,117,CNN distance-density,1,1,0,0.6193809523809524,0.26,0.7619047619047619,1.0,1.0,0,0,0,22,17,16345,0.0,0.0,0.0,0.997619628906189,0.0
medium,20000,118,CNN distance-density,3,3,0,0.6165959302325581,0.21049095607235144,0.859375,1.0,1.0,0,0,0,111,361,15912,0.0,0.0,0.0,0.9711914062499407,0.0
medium,20000,119,CNN distance-density,4,5,1,0.46101950354609933,0.10833333333333334,0.4113475177304965,1.0,0.8,0,0,12,48,331,15993,0.19999999999666668,0.03498542274042278,0.05955334962220074,0.9768676757811904,0.030690537084320485
medium,20000,120,CNN distance-density,5,5,0,0.29987982053199447,0.0945945945945946,0.7865612648221344,0.0,1.0,2,0,20,147,360,15857,0.11976047904119905,0.05263157894722992,0.0731261421715256,0.9690551757811908,0.03795066413655038
medium,20000,121,CNN distance-density,3,3,0,0.29108280254777075,0.0,0.9554140127388535,0.0,1.0,1,0,19,139,299,15927,0.12025316455620094,0.05974842767276809,0.07983193232926701,0.9732666015624406,0.0415754923412657
medium,20000,122,CNN distance-density,1,1,0,0.575921052631579,0.10438596491228072,0.8947368421052632,1.0,1.0,0,0,0,17,20,16347,0.0,0.0,0.0,0.997741699218689,0.0
medium,20000,123,CNN distance-density,5,5,0,0.31278787878787884,0.1498989898989899,0.7266666666666667,0.0,1.0,1,0,13,193,729,15449,0.06310679611619852,0.017520215633399568,0.027426159997333943,0.9437255859374424,0.013903743315493152
medium,20000,124,CNN distance-density,2,2,0,0.6949206349206349,0.37142857142857144,0.8888888888888888,1.0,1.0,0,0,0,98,327,15959,0.0,0.0,0.0,0.9740600585936905,0.0
medium,20000,125,CNN distance-density,2,2,0,0.5895343137254903,0.175,0.803921568627451,1.0,1.0,0,0,1,42,126,16215,0.02325581395294754,0.007874015747969495,0.011764705504290669,0.9897460937499396,0.005917159763278597
medium,20000,126,CNN distance-density,1,1,0,0.5289285714285714,0.016666666666666684,0.8571428571428572,1.0,1.0,0,0,0,21,21,16342,0.0,0.0,0.0,0.997436523437439,0.0
medium,20000,127,CNN distance-density,2,2,0,0.7194107142857142,0.38916666666666666,0.9714285714285714,1.0,1.0,0,0,0,63,147,16174,0.0,0.0,0.0,0.9871826171874397,0.0
medium,20000,128,CNN distance-density,3,4,1,0.4045,0.3033333333333334,0.965,0.0,0.75,2,1,3,188,431,15762,0.01570680628264028,0.006912442396297437,0.00959999957555202,0.9622192382811913,0.004823151125394175
medium,20000,129,CNN distance-density,5,5,0,0.3121152805949966,0.03781609195402298,0.9754901960784313,0.0,1.0,0,3,10,171,387,15816,0.05524861878422515,0.02518891687651086,0.034602075694274495,0.965942382812441,0.017605633802785906
medium,20000,130,CNN distance-density,4,5,1,0.3513734567901235,0.18055555555555555,0.9506172839506173,0.0,0.8,1,0,18,202,618,15546,0.08181818181780992,0.02830188679240833,0.042056074384345804,0.949951171874942,0.021479713603792985
medium,20000,131,CNN distance-density,2,2,0,0.7451346153846153,0.45500000000000007,0.9519230769230769,1.0,1.0,0,0,0,106,311,15967,0.0,0.0,0.0,0.9745483398436905,0.0
medium,20000,132,CNN distance-density,3,3,0,0.5650585284280937,0.13974358974358975,0.7608695652173914,1.0,1.0,0,0,0,72,235,16077,0.0,0.0,0.0,0.98126220703119,0.0
medium,20000,133,CNN distance-density,3,3,0,0.49098631239935586,0.08285024154589372,0.5185185185185186,1.0,1.0,0,0,1,53,164,16166,0.018518518518175583,0.00606060606056933,0.00913241971968893,0.9867553710936897,0.00458715596328171
medium,20000,134,CNN distance-density,4,5,1,0.5827752218205717,0.19673202614379084,0.8212290502793296,1.0,0.8,0,0,58,87,362,15877,0.3999999999972414,0.1380952380949093,0.20530973413099857,0.9725952148436906,0.11439842209050415
medium,20000,135,CNN distance-density,3,3,0,0.6717263903079843,0.42104072398190046,0.6612903225806452,1.0,1.0,0,0,4,77,232,16071,0.04938271604877305,0.016949152542301064,0.025236592679318142,0.98114013671869,0.012779552715614123
medium,20000,136,CNN distance-density,4,4,0,0.33113326719576724,0.14208333333333334,0.835978835978836,0.0,1.0,0,1,0,179,330,15875,0.0,0.0,0.0,0.9689331054686908,0.0
medium,20000,137,CNN distance-density,1,1,0,0.8878787878787878,0.7878787878787877,0.9166666666666666,1.0,1.0,0,0,0,35,164,16185,0.0,0.0,0.0,0.9878540039061897,0.0
medium,20000,138,CNN distance-density,4,5,1,0.35515513833992096,0.22015151515151513,0.8804347826086957,0.0,0.8,2,0,11,209,573,15591,0.049999999999772726,0.01883561643832391,0.027363183682019017,0.9522705078124418,0.01387137452709474
medium,20000,139,CNN distance-density,3,4,1,0.30094444444444446,0.11691358024691358,0.8666666666666667,0.0,0.75,1,0,18,109,348,15909,0.14173228346345093,0.049180327868718086,0.07302231199043814,0.9721069335936906,0.03789473684202548
medium,20000,140,CNN distance-density,1,1,0,0.5111940298507462,0.0,0.8059701492537313,1.0,1.0,0,0,0,55,206,16123,0.0,0.0,0.0,0.9840698242186899,0.0
medium,20000,141,CNN distance-density,5,5,0,0.28859243697479,0.0642857142857143,0.7983193277310925,0.0,1.0,0,6,13,197,445,15729,0.06190476190446712,0.02838427947592056,0.038922155257422285,0.9608154296874414,0.019847328244244507
medium,20000,142,CNN distance-density,5,5,0,0.39599767105617534,0.2908135380195709,0.8256578947368421,0.0,1.0,0,3,2,228,631,15523,0.008695652173875237,0.003159557661922339,0.004634993815279671,0.9475708007811922,0.0023228803716581615
medium,20000,143,CNN distance-density,5,5,0,0.2673151750972763,0.0,0.8365758754863813,0.0,1.0,3,0,29,162,528,15665,0.15183246073218937,0.052064631956818555,0.07754010657137395,0.9578857421874415,0.04033379694013862
medium,20000,144,CNN distance-density,5,5,0,0.3724394536040333,0.26774254742547426,0.7597765363128491,0.0,1.0,1,0,2,130,315,15937,0.015151515151400369,0.0063091482649643245,0.008908685553662948,0.9728393554686906,0.00447427293063876
medium,20000,145,CNN distance-density,2,3,1,0.6504136085626911,0.3053703703703704,0.981651376146789,1.0,0.6666666666666667,0,0,0,99,167,16118,0.0,0.0,0.0,0.9837646484374399,0.0
medium,20000,146,CNN distance-density,3,4,1,0.2993881496310253,0.11637205387205385,0.8601036269430051,0.0,0.75,1,0,12,145,357,15870,0.07643312101862144,0.032520325203163905,0.045627376006903385,0.9693603515624408,0.023346303501900104
medium,20000,147,CNN distance-density,1,1,0,0.587,0.26,0.6,1.0,1.0,0,0,0,19,85,16280,0.0,0.0,0.0,0.9936523437499393,0.0
medium,20000,148,CNN distance-density,4,5,1,0.5988829787234042,0.15307328605200946,1.0,1.0,0.8,0,0,3,178,323,15880,0.016574585635267546,0.009202453987701833,0.011834319067477426,0.9694213867186908,0.005952380952369142
medium,20000,149,CNN distance-density,3,4,1,0.5280376344086022,0.11666666666666667,0.7526881720430108,1.0,0.75,0,0,3,125,438,15818,0.023437499999816896,0.006802721088419949,0.010544815116990632,0.965637207031191,0.005300353356881095
medium,20000,150,CNN distance-density,2,2,0,0.6477692307692308,0.26,0.9038461538461539,1.0,1.0,0,0,8,77,300,15999,0.09411764705771626,0.025974025973941644,0.040712467854165456,0.9769897460936904,0.02077922077916681
medium,20000,151,CNN distance-density,3,4,1,0.24479166666666669,0.0,0.8489583333333334,0.0,0.75,1,0,9,128,449,15798,0.0656934306564548,0.019650655021791155,0.03025210048576231,0.964782714843691,0.015358361774717819
medium,20000,152,CNN distance-density,1,1,0,0.6276368523949168,0.19946236559139782,0.9393939393939394,1.0,1.0,0,0,0,34,102,16248,0.0,0.0,0.0,0.9916992187499395,0.0
medium,20000,153,CNN distance-density,4,4,0,0.29645334750121827,0.10454718417047183,0.7470355731225297,0.0,1.0,0,1,0,231,447,15706,0.0,0.0,0.0,0.9586181640624415,0.0
medium,20000,154,CNN distance-density,4,4,0,0.633867671460177,0.22177083333333333,0.9203539823008849,1.0,1.0,0,0,5,99,192,16088,0.0480769230764608,0.025380710659769642,0.033222590909636765,0.98223876953119,0.016891891891834824
medium,20000,155,CNN distance-density,2,2,0,0.5153543307086614,0.0,0.8267716535433071,1.0,1.0,0,0,0,107,399,15878,0.0,0.0,0.0,0.9691162109374408,0.0
medium,20000,156,CNN distance-density,2,2,0,0.4353932584269663,0.0,0.4269662921348315,1.0,1.0,0,0,1,38,98,16247,0.02564102564036818,0.01010101010090807,0.014492753217496336,0.9916992187499395,0.007299270072939422
medium,20000,157,CNN distance-density,5,5,0,0.19910979228486647,0.0,0.49554896142433236,0.0,1.0,3,0,27,133,623,15601,0.16874999999894533,0.04153846153839763,0.06666666634947721,0.9538574218749417,0.034482758620645614
medium,20000,158,CNN distance-density,4,5,1,0.3002629559674183,0.13527131782945737,0.7969543147208122,0.0,0.8,1,0,0,162,256,15966,0.0,0.0,0.0,0.9744873046874405,0.0
medium,20000,159,CNN distance-density,3,3,0,0.525438596491228,0.0,0.8771929824561404,1.0,1.0,0,0,0,101,306,15977,0.0,0.0,0.0,0.9751586914061905,0.0
medium,20000,160,CNN distance-density,5,5,0,0.5811111502347418,0.14216666666666666,0.8356807511737089,1.0,1.0,0,0,6,166,491,15721,0.03488372093002975,0.012072434607621585,0.017937219348888762,0.9598999023436914,0.009049773755642459
medium,20000,161,CNN distance-density,2,3,1,0.48649906890130357,0.0,0.8491620111731844,1.0,0.6666666666666667,0,0,3,115,360,15906,0.025423728813343868,0.008264462809894589,0.012474012103682137,0.9710083007811907,0.0062761506276019325
medium,20000,162,CNN distance-density,2,2,0,0.5388,0.0,0.944,1.0,1.0,0,0,4,121,308,15951,0.031999999999744,0.01282051282047173,0.01830663574707938,0.9738159179686905,0.009237875288662269
medium,20000,163,CNN distance-density,2,2,0,0.5738625,0.13124999999999998,0.8240000000000001,1.0,1.0,0,0,8,98,256,16022,0.07547169811249554,0.03030303030291552,0.04324324283418554,0.9783935546874403,0.02209944751375111
medium,20000,164,CNN distance-density,1,1,0,0.6264936708860759,0.26,0.7974683544303798,1.0,1.0,0,0,0,64,80,16240,0.0,0.0,0.0,0.9912109374999395,0.0
medium,20000,165,CNN distance-density,1,1,0,0.6506818181818183,0.24393939393939396,0.9545454545454546,1.0,1.0,0,0,0,22,23,16339,0.0,0.0,0.0,0.9972534179686892,0.0
medium,20000,166,CNN distance-density,3,3,0,0.35102564102564104,0.1846153846153846,0.8397435897435898,0.0,1.0,0,3,39,102,272,15971,0.2765957446788894,0.12540192926004695,0.1725663712513803,0.9771728515624404,0.09443099273584883
medium,20000,167,CNN distance-density,5,5,0,0.3726545956691153,0.1961276278856619,0.9219858156028369,0.0,1.0,3,5,62,178,589,15555,0.25833333333225694,0.09523809523794895,0.1391694721088828,0.9531860351561918,0.07478890229182776
medium,20000,168,CNN distance-density,1,1,0,0.6614565217391304,0.30565217391304345,0.8695652173913043,1.0,1.0,0,0,0,35,112,16237,0.0,0.0,0.0,0.9910278320311895,0.0
medium,20000,169,CNN distance-density,3,4,1,0.5315062729498163,0.055394056847545205,0.9078947368421053,1.0,0.75,0,0,2,134,288,15960,0.014705882352833046,0.0068965517241141505,0.00938967092680026,0.9742431640624405,0.004716981132064347
medium,20000,170,CNN distance-density,5,5,0,0.32801250000000004,0.15600000000000003,0.7890625,0.0,1.0,2,3,4,173,371,15836,0.0225988700563695,0.010666666666638222,0.014492753187467195,0.9667968749999409,0.007299270072979381
medium,20000,171,CNN distance-density,3,3,0,0.4748913043478261,0.03394648829431438,0.5480769230769231,1.0,1.0,0,0,4,47,266,16067,0.07843137254748174,0.014814814814759946,0.02492211811263478,0.9808959960936902,0.012618296529928649
medium,20000,172,CNN distance-density,4,4,0,0.5984137931034483,0.10758620689655173,1.0,1.0,1.0,0,0,0,80,319,15985,0.0,0.0,0.0,0.9756469726561904,0.0
medium,20000,173,CNN distance-density,2,3,1,0.2919413919413919,0.1538461538461538,0.7802197802197802,0.0,0.6666666666666667,0,1,10,79,208,16087,0.11235955056053529,0.045871559632817104,0.06514657939241796,0.98248291015619,0.0336700336699203
medium,20000,174,CNN distance-density,2,2,0,0.48720930232558135,0.0,0.686046511627907,1.0,1.0,0,0,0,61,124,16199,0.0,0.0,0.0,0.9887084960936896,0.0
medium,20000,175,CNN distance-density,5,5,0,0.5817682490972504,0.2327582712671632,0.6351351351351351,1.0,1.0,0,0,4,85,374,15921,0.044943820224214115,0.010582010581982588,0.017130620676421102,0.9719848632811906,0.008639308855272917
medium,20000,176,CNN distance-density,2,2,0,0.57075,0.175,0.71,1.0,1.0,0,0,5,61,235,16083,0.07575757575642791,0.02083333333324653,0.03267973822354651,0.98193359374994,0.016611295681007936
medium,20000,177,CNN distance-density,2,2,0,0.3645477037582301,0.15103668261562997,0.9829059829059829,0.0,1.0,0,1,0,114,275,15995,0.0,0.0,0.0,0.9762573242186904,0.0
medium,20000,178,CNN distance-density,3,3,0,0.47307692307692306,0.0,0.6153846153846154,1.0,1.0,0,0,9,58,257,16060,0.13432835820695033,0.033834586466038215,0.05405405373229085,0.9807739257811902,0.027777777777692046
medium,20000,179,CNN distance-density,4,5,1,0.3179329925393755,0.22397807865892969,0.6857142857142857,0.0,0.8,0,4,0,298,638,15448,0.0,0.0,0.0,0.9428710937499424,0.0
medium,20000,180,CNN distance-density,5,5,0,0.39006103231806555,0.2589591567852437,0.8676470588235294,0.0,1.0,1,1,5,109,314,15956,0.04385964912242228,0.015673981191173435,0.02309468783367558,0.9741821289061905,0.011682242990626911
medium,20000,181,CNN distance-density,1,1,0,0.5233333333333333,0.0,0.8666666666666667,1.0,1.0,0,0,0,31,27,16326,0.0,0.0,0.0,0.9964599609374392,0.0
medium,20000,182,CNN distance-density,5,5,0,0.35116329030122473,0.12487719298245613,0.9748427672955975,0.0,1.0,2,9,18,251,767,15348,0.06691449814101519,0.022929936305703273,0.03415559734273158,0.9378662109374427,0.017374517374500603
medium,20000,183,CNN distance-density,4,5,1,0.5714849726775957,0.13833333333333334,0.8961748633879781,1.0,0.8,0,0,3,152,516,15713,0.01935483870955255,0.005780346820798111,0.00890207679714096,0.9592285156249414,0.004470938897161742
medium,20000,184,CNN distance-density,2,3,1,0.5615014927994381,0.1726923076923077,0.8356164383561644,1.0,0.6666666666666667,0,0,18,128,362,15876,0.12328767123203228,0.04736842105250692,0.06844106423747633,0.9700927734374407,0.03543307086607198
medium,20000,185,CNN distance-density,4,4,0,0.5429746993413049,0.09311497326203207,0.7553648068669527,1.0,1.0,0,0,33,196,455,15700,0.1441048034928205,0.06762295081953357,0.09205020877000676,0.9602661132811914,0.04824561403501718
medium,20000,186,CNN distance-density,3,4,1,0.6350101067887108,0.3509483854563946,0.7604166666666666,1.0,0.75,0,0,0,75,153,16156,0.0,0.0,0.0,0.9860839843749398,0.0
medium,20000,187,CNN distance-density,5,5,0,0.24195804195804196,0.0,0.7097902097902098,0.0,1.0,4,0,27,155,608,15594,0.14835164835083325,0.04251968503930312,0.06609547088978544,0.9534301757811918,0.034177215189830155
medium,20000,188,CNN distance-density,2,3,1,0.21627296587926512,0.0,0.7480314960629921,0.0,0.6666666666666667,1,0,15,73,367,15929,0.17045454545260846,0.03926701570670349,0.06382978692941603,0.9731445312499406,0.03296703296696051
medium,20000,189,CNN distance-density,3,4,1,0.2769540019242223,0.18394648829431437,0.595890410958904,0.0,0.75,1,1,4,79,293,16008,0.04819277108375671,0.013468013467968122,0.02105263123740998,0.9772949218749403,0.010638297872312132
medium,20000,190,CNN distance-density,2,3,1,0.6769245718050065,0.4165151515151515,0.8641304347826086,1.0,0.6666666666666667,0,0,0,187,487,15710,0.0,0.0,0.0,0.9588623046874415,0.0
medium,20000,191,CNN distance-density,4,5,1,0.32263872192052767,0.19061328182775208,0.7843137254901961,0.0,0.8,1,4,14,287,579,15504,0.04651162790682222,0.023608768971292396,0.03131991006781227,0.9471435546874422,0.01590909090907283
medium,20000,192,CNN distance-density,4,5,1,0.668328385282825,0.3577973281199088,0.8865979381443299,1.0,0.8,0,0,15,169,477,15723,0.08152173912999174,0.030487804877986815,0.04437869782851617,0.9605712890624414,0.02269288956123647
medium,20000,193,CNN distance-density,1,1,0,0.7758333333333334,0.65,0.6666666666666667,1.0,1.0,0,0,0,9,45,16330,0.0,0.0,0.0,0.9967041015624392,0.0
medium,20000,194,CNN distance-density,1,1,0,0.5923731343283583,0.26,0.6268656716417911,1.0,1.0,0,0,0,43,68,16273,0.0,0.0,0.0,0.9932250976561894,0.0
medium,20000,195,CNN distance-density,4,4,0,0.23131433823529413,0.12187500000000001,0.38235294117647056,0.0,1.0,1,0,8,43,256,16077,0.15686274509496348,0.03030303030291552,0.05079365052194508,0.98175048828119,0.026058631921739222
medium,20000,196,CNN distance-density,4,4,0,0.662227422907489,0.3375,0.801762114537445,1.0,1.0,0,0,61,120,260,15943,0.33701657458377343,0.1900311526473831,0.24302788798413522,0.9768066406249404,0.13832199546453897
medium,20000,197,CNN distance-density,2,2,0,0.5361111111111111,0.0,0.9305555555555556,1.0,1.0,0,0,3,124,283,15974,0.023622047243908487,0.010489510489473813,0.01452784461035711,0.9751586914061905,0.007317073170713861
medium,20000,198,CNN distance-density,3,3,0,0.27625,0.05833333333333333,0.75,0.0,1.0,1,1,11,140,396,15837,0.07284768211872286,0.027027027026960623,0.0394265229025899,0.9672851562499409,0.020109689213857203
medium,20000,199,CNN distance-density,1,1,0,0.6532777777777777,0.39,0.6388888888888888,1.0,1.0,0,0,0,47,73,16264,0.0,0.0,0.0,0.9926757812499394,0.0
medium,20000,200,CNN distance-density,5,5,0,0.3740098964113948,0.18752723311546843,0.9481132075471698,0.0,1.0,1,0,16,173,401,15794,0.08465608465563675,0.038369304556262904,0.05280528009865591,0.964965820312441,0.027118644067750646
medium,20000,201,CNN distance-density,4,5,1,0.466514536087812,0.4304927628778204,0.963963963963964,0.0,0.8,1,9,12,266,804,15302,0.04316546762574401,0.014705882352923154,0.021937842399673814,0.9346923828124429,0.011090573012928751
medium,20000,202,CNN distance-density,4,4,0,0.33887939919557564,0.16343570191609408,0.8266666666666667,0.0,1.0,1,0,44,183,558,15599,0.19383259911808884,0.07308970099655633,0.10615198995187422,0.9547729492186917,0.05605095541394134
medium,20000,203,CNN distance-density,1,1,0,0.5449485981308411,0.12999999999999998,0.6822429906542056,1.0,1.0,0,0,0,56,233,16095,0.0,0.0,0.0,0.98236083984369,0.0
medium,20000,204,CNN distance-density,1,1,0,0.7372467532467533,0.52,0.7662337662337663,1.0,1.0,0,0,0,60,240,16084,0.0,0.0,0.0,0.98168945312494,0.0
medium,20000,205,CNN distance-density,3,3,0,0.56174610205528,0.09035947712418298,0.8554216867469879,1.0,1.0,0,0,1,79,115,16189,0.012499999999843749,0.008620689655098096,0.010204081149416932,0.9881591796874397,0.00512820512817883
medium,20000,206,CNN distance-density,5,5,0,0.3558949654009237,0.18122857808392395,0.8717105263157895,0.0,1.0,1,0,5,258,454,15667,0.019011406844034177,0.010893246187340102,0.013850415049274499,0.9565429687499416,0.006973500697340344
medium,20000,207,CNN distance-density,2,2,0,0.6022452547452547,0.15419580419580417,0.9142857142857143,1.0,1.0,0,0,0,32,123,16229,0.0,0.0,0.0,0.9905395507811895,0.0
medium,20000,208,CNN distance-density,1,2,1,0.6250934959349594,0.39,0.7479674796747968,1.0,0.5,0,0,74,51,207,16052,0.591999999995264,0.2633451957286002,0.36453201927645656,0.9842529296874399,0.22289156626438889
medium,20000,209,CNN distance-density,3,4,1,0.508673469387755,0.0,0.9183673469387755,1.0,0.75,0,0,0,150,184,16050,0.0,0.0,0.0,0.9796142578124402,0.0
medium,20000,210,CNN distance-density,2,3,1,0.6032666666666666,0.26,0.848,1.0,0.6666666666666667,0,0,0,127,268,15989,0.0,0.0,0.0,0.9758911132811904,0.0
medium,20000,211,CNN distance-density,5,5,0,0.25579643527204504,0.010170940170940166,0.7560975609756098,0.0,1.0,1,0,9,130,630,15615,0.06474820143838311,0.01408450704223148,0.02313624649308755,0.9536132812499418,0.011703511053300775
medium,20000,212,CNN distance-density,1,1,0,0.5325,0.016666666666666684,0.875,1.0,1.0,0,0,0,16,36,16332,0.0,0.0,0.0,0.9968261718749392,0.0
medium,20000,213,CNN distance-density,1,1,0,0.967948717948718,0.9401709401709402,0.9743589743589743,1.0,1.0,0,0,0,39,40,16305,0.0,0.0,0.0,0.9951782226561893,0.0
medium,20000,214,CNN distance-density,2,2,0,0.5263269476372925,0.07908045977011492,0.7037037037037037,1.0,1.0,0,0,0,54,83,16247,0.0,0.0,0.0,0.9916381835936895,0.0
medium,20000,215,CNN distance-density,5,5,0,0.3135325345121762,0.19076719576719578,0.6384364820846906,0.0,1.0,2,4,9,153,431,15791,0.055555555555212625,0.020454545454498967,0.02990033183244115,0.9643554687499412,0.015177065767259398
medium,20000,216,CNN distance-density,5,5,0,0.5160454545454546,0.025555555555555557,0.7727272727272727,1.0,1.0,0,0,1,140,502,15741,0.007092198581509985,0.0019880715705725884,0.003105589720087033,0.9608154296874414,0.0015552099533412828
medium,20000,217,CNN distance-density,2,2,0,0.4930555555555556,0.0,0.7152777777777778,1.0,1.0,0,0,18,124,309,15933,0.126760563379389,0.05504587155946469,0.07675906141115926,0.9735717773436906,0.03991130820390264
medium,20000,218,CNN distance-density,1,1,0,0.6643888888888889,0.39,0.6944444444444444,1.0,1.0,0,0,0,26,37,16321,0.0,0.0,0.0,0.9961547851561892,0.0
medium,20000,219,CNN distance-density,5,5,0,0.2872205773501111,0.09365079365079364,0.7253886010362695,0.0,1.0,1,0,7,109,287,15981,0.06034482758568668,0.023809523809442824,0.03414634105748959,0.9758300781249404,0.017369727047103302
medium,20000,220,CNN distance-density,4,5,1,0.3101686208637991,0.11061436444678655,0.9019607843137255,0.0,0.8,1,0,21,153,325,15885,0.12068965517172019,0.0606936416183217,0.08076923032362426,0.9708251953124407,0.04208416833658901
medium,20000,221,CNN distance-density,3,4,1,0.6344415584415584,0.29623376623376624,0.8806818181818181,1.0,0.75,0,0,5,174,351,15854,0.0279329608936987,0.014044943820185268,0.01869158833970479,0.9679565429686909,0.009433962264133143
medium,20000,222,CNN distance-density,5,5,0,0.28253212711134634,0.09519437916177045,0.6984732824427481,0.0,1.0,3,1,44,127,661,15552,0.25730994151896314,0.06241134751764197,0.10045662069013624,0.9519042968749418,0.052884615384551824
medium,20000,223,CNN distance-density,3,4,1,0.43989618644067796,0.3358333333333334,0.8813559322033898,0.15,0.75,1,4,7,198,499,15680,0.03414634146324807,0.01383399209483432,0.0196905762421581,0.9574584960936915,0.009943181818167694
medium,20000,224,CNN distance-density,5,5,0,0.5705058252427184,0.17933333333333334,0.6990291262135923,1.0,1.0,0,0,5,135,436,15808,0.03571428571403062,0.011337868480699915,0.01721170359283212,0.965148925781191,0.008680555555540485
medium,20000,225,CNN distance-density,3,4,1,0.3315629139072848,0.20222222222222225,0.8278145695364238,0.0,0.75,0,3,0,138,266,15980,0.0,0.0,0.0,0.9753417968749405,0.0
medium,20000,226,CNN distance-density,4,5,1,0.3474425789972009,0.2587159351865234,0.7551020408163265,0.0,0.8,0,2,13,239,570,15562,0.05158730158709688,0.022298456260682165,0.031137724129392964,0.9506225585936919,0.01581508515813161
medium,20000,227,CNN distance-density,2,3,1,0.5838956031307551,0.27708333333333335,0.7127071823204421,1.0,0.6666666666666667,0,0,3,150,312,15919,0.019607843137126747,0.00952380952377929,0.012820512380369289,0.9718017578124407,0.006451612903211932
medium,20000,228,CNN distance-density,2,2,0,0.48316176470588235,0.008333333333333342,0.6470588235294117,1.0,1.0,0,0,0,22,80,16282,0.0,0.0,0.0,0.9937744140624393,0.0
medium,20000,229,CNN distance-density,3,4,1,0.4980994152046784,0.0,0.8654970760233918,1.0,0.75,0,0,5,125,242,16012,0.03846153846124261,0.02024291497967513,0.026525198487008295,0.9776000976561903,0.013440860215017633
medium,20000,230,CNN distance-density,5,5,0,0.6453216783216783,0.26,0.8916083916083917,1.0,1.0,0,0,16,240,741,15387,0.06249999999975586,0.021136063408162303,0.03158933822046076,0.9401245117186926,0.016048144433283805
medium,20000,231,CNN distance-density,2,2,0,0.5809566570881226,0.11817528735632181,0.8888888888888888,1.0,1.0,0,0,2,42,127,16213,0.0454545454535124,0.015503875968872064,0.023121386903672034,0.9896850585936896,0.011695906432680142
medium,20000,232,CNN distance-density,1,1,0,0.7705000000000001,0.65,0.64,1.0,1.0,0,0,0,33,155,16196,0.0,0.0,0.0,0.9885253906249396,0.0
medium,20000,233,CNN distance-density,4,5,1,0.3260205899116558,0.15185475444096133,0.8884297520661157,0.0,0.8,1,4,6,207,403,15768,0.028169014084374795,0.014669926650330881,0.01929260405119365,0.9627685546874412,0.009740259740243928
medium,20000,234,CNN distance-density,1,1,0,0.7341056511056511,0.4571717171717172,0.8918918918918919,1.0,1.0,0,0,0,28,124,16232,0.0,0.0,0.0,0.9907226562499395,0.0
medium,20000,235,CNN distance-density,4,5,1,0.37467361111111114,0.22273148148148147,0.9722222222222222,0.0,0.8,1,0,2,156,285,15941,0.012658227848021151,0.0069686411149582975,0.008988763586920866,0.9730834960936906,0.004514672686220057
medium,20000,236,CNN distance-density,4,5,1,0.4171052117550788,0.3297173719752924,0.9436619718309859,0.0,0.8,1,0,8,186,505,15685,0.041237113401849296,0.015594541910300986,0.022630834113750362,0.9578247070311915,0.011444921316149579
medium,20000,237,CNN distance-density,3,3,0,0.6064521462706947,0.13015232974910393,0.9894179894179894,1.0,1.0,0,0,0,164,500,15720,0.0,0.0,0.0,0.9594726562499414,0.0
medium,20000,238,CNN distance-density,1,1,0,0.792448717948718,0.5501709401709401,0.9743589743589743,1.0,1.0,0,0,0,39,122,16223,0.0,0.0,0.0,0.9901733398436895,0.0
medium,20000,239,CNN distance-density,4,5,1,0.5860014619883043,0.1478395061728395,0.9473684210526316,1.0,0.8,0,0,3,150,325,15906,0.019607843137126747,0.00914634146338675,0.012474012040145071,0.9710083007811907,0.0062761506276019325
medium,20000,240,CNN distance-density,2,2,0,0.49653128587830087,0.04038461538461537,0.6417910447761195,1.0,1.0,0,0,1,44,68,16271,0.022222222221728396,0.014492753622978366,0.017543859170975697,0.9931640624999394,0.00884955752204558
medium,20000,241,CNN distance-density,2,2,0,0.601314371257485,0.13,0.9640718562874252,1.0,1.0,0,0,0,168,393,15823,0.0,0.0,0.0,0.965759277343691,0.0
medium,20000,242,CNN distance-density,4,4,0,0.5563711240310077,0.048611111111111105,0.9224806201550387,1.0,1.0,0,0,0,108,262,16014,0.0,0.0,0.0,0.9774169921874403,0.0
medium,20000,243,CNN distance-density,1,1,0,0.7075,0.35,1.0,1.0,1.0,0,0,0,60,185,16139,0.0,0.0,0.0,0.9850463867186898,0.0
medium,20000,244,CNN distance-density,4,4,0,0.2899553423477166,0.04206067769897556,0.8551401869158879,0.0,1.0,1,0,6,184,424,15770,0.031578947368254846,0.013953488372060573,0.019354838284536952,0.9628906249999412,0.009771986970668124
medium,20000,245,CNN distance-density,4,3,1,0.2598382486605435,0.028985281923714745,0.858974358974359,0.0,0.75,0,3,0,191,541,15652,0.0,0.0,0.0,0.9553222656249417,0.0
medium,20000,246,CNN distance-density,2,2,0,0.6247464788732394,0.26,0.7887323943661972,1.0,1.0,0,0,9,105,135,16135,0.07894736842036011,0.06249999999956598,0.0697674413666847,0.9853515624999398,0.036144578313107856
medium,20000,247,CNN distance-density,1,1,0,0.4897590361445783,0.0,0.6987951807228916,1.0,1.0,0,0,0,59,254,16071,0.0,0.0,0.0,0.9808959960936902,0.0
medium,20000,248,CNN distance-density,2,2,0,0.6336262886597938,0.19499999999999998,0.979381443298969,1.0,1.0,0,0,17,58,164,16145,0.22666666666364443,0.09392265193318275,0.1328124995846863,0.9864501953124397,0.07112970711267311
medium,20000,249,CNN distance-density,3,4,1,0.3861721611721612,0.2735042735042735,0.9404761904761905,0.0,0.75,1,2,16,137,494,15737,0.10457516339800932,0.03137254901954633,0.048265459674990734,0.9614868164061913,0.02472952086549501
medium,20000,250,CNN distance-density,5,5,0,0.330632911392405,0.1468354430379747,0.8227848101265822,0.0,1.0,1,0,4,232,727,15421,0.016949152542301064,0.00547195622434272,0.008273008938135316,0.9414672851561925,0.004153686396672737
medium,20000,251,CNN distance-density,2,2,0,0.4640009920634921,0.04874999999999999,0.46031746031746035,1.0,1.0,0,0,0,25,109,16250,0.0,0.0,0.0,0.9918212890624394,0.0
medium,20000,252,CNN distance-density,3,4,1,0.6603536585365855,0.3007859078590786,1.0,1.0,0.75,0,0,8,178,379,15819,0.04301075268794081,0.020671834625269583,0.027923210730712193,0.966003417968691,0.01415929203537317
medium,20000,253,CNN distance-density,4,5,1,0.28986590644786153,0.09260041731872719,0.8409785932721713,0.0,0.8,1,0,26,221,688,15449,0.10526315789431068,0.036414565826279534,0.05411030138695277,0.9445190429686924,0.027807486630986304
medium,20000,254,CNN distance-density,2,3,1,0.6524475817202581,0.345177304964539,0.9022556390977443,1.0,0.6666666666666667,0,0,17,104,118,16145,0.14049586776743392,0.12592592592499316,0.13281249950045776,0.9864501953124397,0.07112970711267311
medium,20000,255,CNN distance-density,5,5,0,0.39755448717948716,0.30083333333333334,0.8108974358974359,0.0,1.0,4,3,29,216,702,15437,0.11836734693829239,0.03967168262648472,0.05942622913205246,0.9439697265624424,0.030623020063325637
medium,20000,256,CNN distance-density,4,4,0,0.3536075949367089,0.14444444444444446,0.9430379746835443,0.0,1.0,0,1,3,145,399,15837,0.02027027027013331,0.007462686567145616,0.010909090515689272,0.9667968749999409,0.005484460694688329
medium,20000,257,CNN distance-density,3,3,0,0.5797890216579537,0.07051282051282051,0.9902912621359223,1.0,1.0,0,0,15,164,509,15696,0.0837988826810961,0.02862595419841865,0.04267425282086729,0.9589233398436915,0.02180232558136366
medium,20000,258,CNN distance-density,3,3,0,0.5043181818181818,0.06010101010101009,0.6363636363636364,1.0,1.0,0,0,0,33,112,16239,0.0,0.0,0.0,0.9911499023436895,0.0
medium,20000,259,CNN distance-density,1,1,0,0.6666764705882353,0.39,0.7058823529411764,1.0,1.0,0,0,0,61,86,16237,0.0,0.0,0.0,0.9910278320311895,0.0
medium,20000,260,CNN distance-density,4,5,1,0.345607013222712,0.15958646616541355,0.9689655172413794,0.0,0.8,1,0,30,236,699,15419,0.11278195488679406,0.04115226337442915,0.06030150714583167,0.9429321289061924,0.03108808290152219
medium,20000,261,CNN distance-density,4,5,1,0.3712207845630306,0.26882855706385117,0.8512396694214877,0.0,0.8,0,2,0,193,445,15746,0.0,0.0,0.0,0.9610595703124413,0.0
medium,20000,262,CNN distance-density,3,4,1,0.6413641975308642,0.3134567901234568,0.8765432098765432,1.0,0.75,0,0,2,70,206,16106,0.027777777777391974,0.009615384615338387,0.014285713903571438,0.9831542968749399,0.0071942446042906685
medium,20000,263,CNN distance-density,3,4,1,0.527452711223203,0.04188034188034187,0.9180327868852459,1.0,0.75,0,0,1,166,327,15890,0.005988023952059952,0.003048780487795583,0.004040403593282368,0.9699096679686908,0.0020242914979716107
medium,20000,264,CNN distance-density,4,5,1,0.35449858757062147,0.32499999999999996,0.6412429378531073,0.0,0.8,3,2,10,199,784,15391,0.04784688995192418,0.012594458438271292,0.019940179131665826,0.9400024414061926,0.010070493454169114
medium,20000,265,CNN distance-density,1,1,0,0.7701595744680851,0.65,0.6382978723404256,1.0,1.0,0,0,0,31,150,16203,0.0,0.0,0.0,0.9889526367186896,0.0
medium,20000,266,CNN distance-density,1,1,0,0.6417105263157895,0.22719298245614036,0.9473684210526316,1.0,1.0,0,0,4,26,24,16330,0.1333333333288889,0.14285714285204082,0.13793103397859688,0.9969482421874392,0.07407407407270233
medium,20000,267,CNN distance-density,1,1,0,0.9553571428571428,0.9166666666666666,0.9642857142857143,1.0,1.0,0,0,0,55,57,16272,0.0,0.0,0.0,0.9931640624999394,0.0
medium,20000,268,CNN distance-density,4,5,1,0.2447351301115242,0.10833333333333334,0.5799256505576208,0.0,0.8,3,2,7,140,521,15716,0.04761904761872368,0.01325757575755065,0.02074074039997806,0.9596557617186914,0.010479041916151977
medium,20000,269,CNN distance-density,5,5,0,0.5994711292723341,0.2098912198912199,0.7751004016064257,1.0,1.0,0,0,3,215,455,15711,0.013761467889845131,0.006550218340597052,0.00887573920796718,0.9591064453124414,0.004457652303113733
medium,20000,270,CNN distance-density,2,3,1,0.6106578171091446,0.26,0.8849557522123894,1.0,0.6666666666666667,0,0,0,116,140,16128,0.0,0.0,0.0,0.9843749999999399,0.0
medium,20000,271,CNN distance-density,4,5,1,0.31075512585638,0.11670396419437339,0.8911917098445596,0.0,0.8,0,1,22,163,361,15838,0.11891891891827612,0.0574412532635576,0.07746478829287964,0.9680175781249409,0.0402930402929665
medium,20000,272,CNN distance-density,3,3,0,0.5676231060606061,0.14421296296296296,0.7636363636363637,1.0,1.0,0,0,5,80,272,16027,0.05882352941107266,0.018050541516180324,0.027624309032767625,0.9785156249999403,0.014005602240857128
medium,20000,273,CNN distance-density,3,4,1,0.4045,0.33888888888888885,0.885,0.0,0.75,1,2,16,177,368,15823,0.08290155440371554,0.04166666666655816,0.05545927165164946,0.9667358398436909,0.028520499108683563
medium,20000,274,CNN distance-density,1,1,0,0.7782037037037036,0.5235802469135802,0.962962962962963,1.0,1.0,0,0,0,53,55,16276,0.0,0.0,0.0,0.9934082031249394,0.0
medium,20000,275,CNN distance-density,3,3,0,0.28660457516339866,0.13,0.6405228758169934,0.0,1.0,1,0,2,94,261,16027,0.02083333333311632,0.007604562737613671,0.011142060889471698,0.9783325195311903,0.005602240896342851
medium,20000,276,CNN distance-density,2,2,0,0.2961165048543689,0.0,0.9805825242718447,0.0,1.0,1,1,3,84,142,16155,0.0344827586202933,0.02068965517227111,0.0258620684965443,0.9862060546874398,0.0131004366811655
medium,20000,277,CNN distance-density,5,5,0,0.36018322234231714,0.21803168183350183,0.8103448275862069,0.0,1.0,0,5,0,208,322,15854,0.0,0.0,0.0,0.9676513671874409,0.0
medium,20000,278,CNN distance-density,4,5,1,0.39678125000000003,0.2925,0.92578125,0.0,0.8,1,0,4,257,660,15463,0.015325670498025573,0.006024096385533096,0.008648648243536616,0.9440307617186924,0.004343105320299302
medium,20000,279,CNN distance-density,1,1,0,0.8328043478260869,0.6671014492753623,0.9130434782608696,1.0,1.0,0,0,0,43,47,16294,0.0,0.0,0.0,0.9945068359374393,0.0
medium,20000,280,CNN distance-density,5,5,0,0.26499006121032376,0.06308063916759568,0.6830188679245284,0.0,1.0,1,0,31,137,647,15569,0.1845238095227112,0.045722713864239345,0.07328605169098916,0.9521484374999418,0.03803680981590425
medium,20000,281,CNN distance-density,3,3,0,0.5912763132008656,0.11877828054298642,0.9391304347826087,1.0,1.0,0,0,0,118,240,16026,0.0,0.0,0.0,0.9781494140624403,0.0
medium,20000,282,CNN distance-density,4,5,1,0.5473097014925374,0.065,0.9402985074626866,1.0,0.8,0,0,9,195,428,15752,0.04411764705860727,0.020594965675010082,0.028081122810906328,0.9619750976561913,0.014240506329091391
medium,20000,283,CNN distance-density,5,5,0,0.29088361333788165,0.07188228438228436,0.7926829268292683,0.0,1.0,1,0,11,179,455,15739,0.057894736841800555,0.02360515021454162,0.033536584954259006,0.9613037109374413,0.017054263565865032
medium,20000,284,CNN distance-density,1,1,0,0.6376784037558686,0.21854460093896716,0.9466666666666667,1.0,1.0,0,0,0,76,222,16086,0.0,0.0,0.0,0.98181152343744,0.0
medium,20000,285,CNN distance-density,4,5,1,0.5324090909090909,0.045757575757575754,0.9090909090909091,1.0,0.8,0,0,4,195,676,15509,0.02010050251246181,0.00588235294116782,0.009101251071770733,0.9468383789061922,0.004571428571423347
medium,20000,286,CNN distance-density,1,1,0,0.5779260651629073,0.10438596491228072,0.9047619047619048,1.0,1.0,0,0,0,22,62,16300,0.0,0.0,0.0,0.9948730468749393,0.0
medium,20000,287,CNN distance-density,5,5,0,0.3258733890630442,0.16818181818181815,0.7509578544061303,0.0,1.0,1,0,3,170,572,15639,0.017341040462327508,0.005217391304338752,0.008021390018727316,0.9547119140624417,0.004026845637578488
medium,20000,288,CNN distance-density,3,4,1,0.5013975155279504,0.0,0.8819875776397516,1.0,0.75,0,0,0,144,292,15948,0.0,0.0,0.0,0.9733886718749406,0.0
medium,20000,289,CNN distance-density,1,1,0,0.7470434782608696,0.52,0.8152173913043479,1.0,1.0,0,0,0,76,285,16023,0.0,0.0,0.0,0.9779663085936903,0.0
medium,20000,290,CNN distance-density,3,5,2,0.6165717760605682,0.3233401639344262,0.8053435114503817,1.0,0.6,0,0,13,189,367,15815,0.06435643564324577,0.034210526315699444,0.04467353906551647,0.966064453124941,0.02284710017570677
medium,20000,291,CNN distance-density,3,3,0,0.596462703962704,0.1685185185185185,0.8531468531468531,1.0,1.0,0,0,8,114,444,15818,0.06557377049126578,0.01769911504420863,0.027874564125095612,0.965942382812441,0.014134275618349587
medium,20000,292,CNN distance-density,3,4,1,0.4759933774834437,0.0,0.7549668874172185,1.0,0.75,0,0,0,97,200,16087,0.0,0.0,0.0,0.98187255859369,0.0
medium,20000,293,CNN distance-density,5,5,0,0.530503984063745,0.07,0.7450199203187251,1.0,1.0,0,0,16,167,339,15862,0.08743169398859327,0.04507042253508431,0.059479553454229485,0.9691162109374408,0.030651340996109864
medium,20000,294,CNN distance-density,3,4,1,0.6916666666666667,0.38461538461538464,0.967948717948718,1.0,0.75,0,0,4,156,239,15985,0.02499999999984375,0.0164609053497265,0.019851116146420468,0.9758911132811904,0.01002506265661648
medium,20000,295,CNN distance-density,5,5,0,0.562091174467257,0.1291472868217054,0.7698744769874477,1.0,1.0,0,0,9,155,515,15705,0.054878048780153184,0.01717557251905119,0.026162790334496693,0.9591064453124414,0.013254786450643218
medium,20000,296,CNN distance-density,5,5,0,0.3554391110809695,0.20121220902153963,0.824468085106383,0.0,1.0,1,3,5,126,308,15945,0.038167938931006354,0.015974440894517654,0.022522522106434146,0.9735107421874406,0.011389521640065172
medium,20000,297,CNN distance-density,4,5,1,0.3502830428053082,0.20327799063431246,0.8940397350993378,0.0,0.8,1,0,8,236,696,15444,0.03278688524576727,0.011363636363620222,0.016877636748491173,0.9431152343749424,0.008510638297863287
medium,20000,298,CNN distance-density,4,5,1,0.3471418128654971,0.1515432098765432,0.9947368421052631,0.0,0.8,1,3,1,165,323,15895,0.0060240963855058794,0.0030864197530768938,0.004081632205031286,0.9702148437499407,0.002044989775046943
medium,20000,299,CNN distance-density,5,5,0,0.5011597700483894,0.3551645110581937,0.9566787003610109,0.19999999999999998,1.0,4,6,42,195,795,15352,0.17721518987267,0.0501792114694741,0.07821229015869771,0.9395751953124426,0.04069767441856521
medium,20000,300,CNN distance-density,2,2,0,0.3794452803294267,0.1823170731707317,0.987012987012987,0.0,1.0,0,1,0,59,140,16185,0.0,0.0,0.0,0.9878540039061897,0.0
medium,20000,301,CNN distance-density,5,5,0,0.33027074705480286,0.20093582887700537,0.6992481203007519,0.0,1.0,3,0,54,188,960,15182,0.22314049586684653,0.053254437869769966,0.085987260835257,0.9299316406249433,0.04492512479197593
medium,20000,302,CNN distance-density,1,1,0,0.4642857142857143,0.0,0.5714285714285714,1.0,1.0,0,0,0,7,47,16330,0.0,0.0,0.0,0.9967041015624392,0.0
medium,20000,303,CNN distance-density,5,5,0,0.30394950637597695,0.06433223639105991,0.875,0.0,1.0,0,3,0,211,471,15702,0.0,0.0,0.0,0.9583740234374415,0.0
medium,20000,304,CNN distance-density,3,4,1,0.31778064516129034,0.156,0.8629032258064516,0.0,0.75,1,0,11,166,398,15809,0.06214689265501612,0.026894865525606614,0.03754266169428299,0.965576171874941,0.019130434782575426
medium,20000,305,CNN distance-density,5,5,0,0.3419000000000001,0.18200000000000002,0.8,0.0,1.0,1,4,9,127,482,15766,0.06617647058774871,0.018329938900166334,0.028708133631484837,0.9628295898436912,0.01456310679609294
medium,20000,306,CNN distance-density,3,3,0,0.6011089324618736,0.1399128540305011,0.9407407407407408,1.0,1.0,0,0,11,119,127,16127,0.08461538461473374,0.07971014492695863,0.08208955173863891,0.9849853515624398,0.04280155642006692
medium,20000,307,CNN distance-density,3,3,0,0.6922950819672131,0.4,0.8114754098360656,1.0,1.0,0,0,4,98,331,15951,0.03921568627412533,0.011940298507427045,0.018306635797663503,0.9738159179686905,0.009237875288662269
medium,20000,308,CNN distance-density,4,4,0,0.5413285306334372,0.01188271604938271,0.9299065420560748,1.0,1.0,0,0,12,191,296,15885,0.059113300492319644,0.038961038960912464,0.04696673141916584,0.9702758789061907,0.02404809619233658
medium,20000,309,CNN distance-density,1,1,0,0.46494252873563213,0.0,0.5747126436781609,1.0,1.0,0,0,12,29,190,16153,0.2926829268221297,0.05940594059376532,0.09876543181743976,0.9866333007811897,0.05194805194782707
medium,20000,310,CNN distance-density,5,5,0,0.24554564983888294,0.04225563909774436,0.6326530612244898,0.0,1.0,3,0,14,129,618,15623,0.09790209790141328,0.022151898734142163,0.036129031957031425,0.9544067382811917,0.01839684625490355
medium,20000,311,CNN distance-density,5,5,0,0.34113031563031565,0.1819057519057519,0.7963636363636364,0.0,1.0,1,0,11,188,472,15713,0.05527638190926997,0.02277432712210606,0.0322580641027382,0.9597167968749414,0.01639344262292639
medium,20000,312,CNN distance-density,4,5,1,0.31625984432234433,0.20430555555555552,0.7216117216117216,0.0,0.8,0,3,55,205,512,15612,0.21153846153764794,0.09700176366825926,0.1330108822771662,0.9562377929686916,0.07124352331596989
medium,20000,313,CNN distance-density,2,2,0,0.6757371794871795,0.325,0.8974358974358975,1.0,1.0,0,0,0,80,184,16120,0.0,0.0,0.0,0.9838867187499399,0.0
medium,20000,314,CNN distance-density,5,5,0,0.5722097871406627,0.21413210445468506,0.629251700680272,1.0,1.0,0,0,62,109,777,15436,0.3625730994130844,0.07389749702017415,0.12277227694619547,0.9459228515624423,0.06540084388178755
medium,20000,315,CNN distance-density,2,3,1,0.22095238095238098,0.0,0.7714285714285715,0.0,0.6666666666666667,1,0,19,73,410,15882,0.20652173912818997,0.04428904428894105,0.07293665997763049,0.9705200195311907,0.037848605577613846
medium,20000,316,CNN distance-density,5,5,0,0.2818532238686424,0.07323232323232323,0.7444933920704846,0.0,1.0,1,1,11,152,416,15805,0.0674846625762731,0.02576112412171953,0.037288135193203106,0.965332031249941,0.018998272884250437
medium,20000,317,CNN distance-density,2,2,0,0.29639153439153443,0.07428571428571429,0.8148148148148149,0.0,1.0,1,0,10,54,242,16078,0.1562499999975586,0.039682539682382216,0.0632911389170806,0.98193359374994,0.03267973856198471
medium,20000,318,CNN distance-density,3,3,0,0.3195304114490161,0.23461538461538461,0.5697674418604651,0.0,1.0,1,0,0,51,241,16092,0.0,0.0,0.0,0.98217773437494,0.0
medium,20000,319,CNN distance-density,2,2,0,0.6508620689655172,0.2777777777777778,0.8793103448275862,1.0,1.0,0,0,6,47,109,16222,0.11320754716767534,0.05217391304302457,0.07142857099581917,0.9904785156249395,0.03703703703680841
medium,20000,320,CNN distance-density,2,1,1,0.4484848484848485,0.0,0.7424242424242424,1.0,0.5,0,0,4,44,98,16238,0.08333333333159723,0.03921568627412533,0.053333332897422224,0.9913330078124395,0.027397260273784953
medium,20000,321,CNN distance-density,4,5,1,0.5738158567774936,0.1384313725490196,0.907608695652174,1.0,0.8,0,0,5,157,377,15845,0.030864197530673678,0.01308900523556783,0.018382352522883335,0.9674072265624409,0.00927643784784921
medium,20000,322,CNN distance-density,2,3,1,0.395956607495069,0.0,0.39644970414201186,1.0,0.6666666666666667,0,0,3,56,204,16121,0.05084745762625682,0.014492753623118393,0.022556390632059477,0.9841308593749399,0.011406844106420507
medium,20000,323,CNN distance-density,2,2,0,0.530952380952381,0.0,0.9047619047619048,1.0,1.0,0,0,12,56,175,16141,0.17647058823269896,0.06417112299430924,0.09411764666697424,0.9859008789061898,0.049382716049179494
medium,20000,324,CNN distance-density,5,5,0,0.6911227800976002,0.35357420357420355,0.9100719424460432,1.0,1.0,0,0,16,242,426,15700,0.06201550387572862,0.03619909502254254,0.04571428524870204,0.9592285156249414,0.023391812865462876
medium,20000,325,CNN distance-density,5,5,0,0.5917204201603649,0.20640713524008716,0.7441860465116279,1.0,1.0,0,0,4,157,341,15882,0.024844720496740098,0.011594202898517118,0.015810276245895122,0.9696044921874408,0.007968127490023968
medium,20000,326,CNN distance-density,4,5,1,0.36008666161424785,0.22613675213675213,0.8916256157635468,0.0,0.8,1,0,4,149,342,15889,0.02614379084950233,0.011560693641585086,0.016032063702989156,0.9700317382811907,0.008080808080791755
medium,20000,327,CNN distance-density,3,3,0,0.4990445859872612,0.0,0.7452229299363058,1.0,1.0,0,0,11,101,483,15789,0.0982142857134088,0.022267206477687717,0.03630363006159527,0.9643554687499412,0.01848739495795212
medium,20000,328,CNN distance-density,3,3,0,0.6627215568862276,0.2744444444444445,0.9461077844311377,1.0,1.0,0,0,37,133,333,15881,0.21764705882224916,0.09999999999972974,0.1370370366051166,0.9715576171874407,0.07355864811118577
medium,20000,329,CNN distance-density,2,2,0,0.5491505791505792,0.07619047619047617,0.8243243243243243,1.0,1.0,0,0,3,58,191,16132,0.04918032786804623,0.015463917525693486,0.023529411400538262,0.9848022460936898,0.011904761904714664
medium,20000,330,CNN distance-density,4,4,0,0.5313664596273292,0.0,0.906832298136646,1.0,1.0,0,0,15,147,371,15851,0.09259259259202104,0.038860103626842335,0.05474452513078748,0.9683837890624408,0.028142589118146075
medium,20000,331,CNN distance-density,1,1,0,0.5632169811320755,0.12999999999999998,0.7735849056603774,1.0,1.0,0,0,0,42,168,16174,0.0,0.0,0.0,0.9871826171874397,0.0
medium,20000,332,CNN distance-density,5,5,0,0.2574619135023517,0.04971014492753623,0.6754617414248021,0.0,1.0,2,0,30,191,895,15268,0.1357466063342274,0.03243243243239737,0.05235602063100579,0.9337158203124429,0.02688172043008344
medium,20000,333,CNN distance-density,3,3,0,0.597811320754717,0.17333333333333334,0.8490566037735849,1.0,1.0,0,0,22,114,284,15964,0.1617647058811635,0.07189542483636635,0.09954751088573124,0.9757080078124404,0.05238095238082766
medium,20000,334,CNN distance-density,5,5,0,0.730102394499763,0.41972072072072075,0.956140350877193,1.0,1.0,0,0,0,233,502,15649,0.0,0.0,0.0,0.9551391601561917,0.0
medium,20000,335,CNN distance-density,4,5,1,0.2689425784392599,0.06982323232323231,0.7876106194690266,0.0,0.8,1,0,20,140,623,15601,0.12499999999921876,0.031104199066825655,0.0498132001789057,0.9534301757811918,0.025542784163441197
medium,20000,336,CNN distance-density,4,5,1,0.3444177676151762,0.1120756172839506,0.8699186991869918,0.16,0.8,2,5,44,217,942,15181,0.1685823754782813,0.044624746450259004,0.07056936614844803,0.9292602539061933,0.036575228595148314
medium,20000,337,CNN distance-density,1,1,0,0.729235294117647,0.4113725490196078,0.9705882352941176,1.0,1.0,0,0,0,67,209,16108,0.0,0.0,0.0,0.9831542968749399,0.0
medium,20000,338,CNN distance-density,5,5,0,0.3524854257042246,0.20757670691881214,0.7953795379537953,0.0,1.0,1,1,53,180,710,15441,0.22746781115782203,0.06946264744420778,0.10642570245261164,0.9456787109374423,0.05620360551425641
medium,20000,339,CNN distance-density,3,3,0,0.5725565205403915,0.07671629445822993,0.9401709401709402,1.0,1.0,0,0,19,85,337,15943,0.18269230769055103,0.053370786516704016,0.08260869530187147,0.9742431640624405,0.04308390022665967
medium,20000,340,CNN distance-density,2,2,0,0.3985714285714286,0.0,0.24285714285714288,1.0,1.0,0,0,0,19,124,16241,0.0,0.0,0.0,0.9912719726561895,0.0
medium,20000,341,CNN distance-density,4,5,1,0.3209001991748471,0.1761867501304121,0.8080808080808081,0.0,0.8,1,0,30,258,692,15404,0.10416666666630497,0.04155124653733857,0.05940594018626409,0.9420166015624425,0.030612244897927948
medium,20000,342,CNN distance-density,5,5,0,0.5314017921146954,0.09088888888888891,0.7025089605734767,1.0,1.0,0,0,1,184,377,15822,0.005405405405376187,0.002645502645495647,0.0035523974273068267,0.965759277343691,0.001779359430601816
medium,20000,343,CNN distance-density,2,2,0,0.58175,0.13999999999999999,0.84375,1.0,1.0,0,0,0,53,140,16191,0.0,0.0,0.0,0.9882202148436896,0.0
medium,20000,344,CNN distance-density,5,5,0,0.3505213903743316,0.14509803921568626,0.9261363636363636,0.0,1.0,0,2,0,165,422,15797,0.0,0.0,0.0,0.9641723632811912,0.0
medium,20000,345,CNN distance-density,3,4,1,0.3035489510489511,0.10384615384615385,0.9090909090909091,0.0,0.75,0,3,2,164,505,15713,0.012048192771011759,0.003944773175534625,0.00594353603250843,0.9591674804686914,0.0029806259314411614
medium,20000,346,CNN distance-density,3,3,0,0.3295,0.13222222222222219,0.85,0.0,1.0,1,0,0,87,254,16043,0.0,0.0,0.0,0.9791870117186902,0.0
medium,20000,347,CNN distance-density,3,3,0,0.31606178306955135,0.08380281690140844,0.8917525773195876,0.0,1.0,0,1,0,180,176,16028,0.0,0.0,0.0,0.9782714843749403,0.0
medium,20000,348,CNN distance-density,2,3,1,0.6887106549364613,0.4429260345389377,0.8636363636363636,1.0,0.6666666666666667,0,0,3,109,168,16104,0.02678571428547513,0.01754385964902021,0.02120141294914409,0.9830932617186899,0.01071428571424745
medium,20000,349,CNN distance-density,1,1,0,0.8058432835820896,0.5751741293532338,0.9850746268656716,1.0,1.0,0,0,0,67,206,16111,0.0,0.0,0.0,0.9833374023436899,0.0
medium,20000,350,CNN distance-density,5,5,0,0.2929078350466928,0.045705354477284285,0.8617021276595744,0.0,1.0,1,0,17,201,556,15610,0.07798165137578908,0.02966841186731297,0.0429835647080605,0.9537963867186917,0.021963824289377307
medium,20000,351,CNN distance-density,2,3,1,0.18464419475655433,0.0,0.5898876404494382,0.0,0.6666666666666667,1,0,11,67,360,15946,0.141025641023833,0.029649595687251618,0.04899777254120763,0.9739379882811905,0.025114155251084215
medium,20000,352,CNN distance-density,2,2,0,0.7617927631578947,0.5053728070175438,0.921875,1.0,1.0,0,0,0,65,139,16180,0.0,0.0,0.0,0.9875488281249397,0.0
medium,20000,353,CNN distance-density,4,4,0,0.7327922160243407,0.5042892156862745,0.7793103448275862,1.0,1.0,0,0,0,117,180,16087,0.0,0.0,0.0,0.98187255859369,0.0
medium,20000,354,CNN distance-density,5,5,0,0.3846333333333334,0.26585185185185184,0.825,0.0,1.0,0,4,5,210,466,15703,0.02325581395338021,0.01061571125263139,0.014577259044807025,0.9587402343749415,0.0073421439060097765
medium,20000,355,CNN distance-density,4,5,1,0.33859170305676856,0.23888888888888887,0.7554585152838428,0.0,0.8,1,0,11,160,515,15698,0.06432748537974078,0.020912547528477352,0.03156384467983097,0.9588012695311915,0.01603498542271715
medium,20000,356,CNN distance-density,5,5,0,0.30937766046589577,0.14841126194067367,0.712962962962963,0.0,1.0,1,0,8,142,212,16022,0.05333333333297778,0.03636363636347108,0.043243242760905784,0.9783935546874403,0.02209944751375111
medium,20000,357,CNN distance-density,4,4,0,0.5548381117152743,0.16551326412918108,0.6517857142857143,1.0,1.0,0,0,2,55,369,15958,0.03508771929763004,0.005390835579500294,0.00934579416159709,0.9741210937499405,0.004694835680740153
medium,20000,358,CNN distance-density,3,3,0,0.5358407079646018,0.0,0.9292035398230089,1.0,1.0,0,0,3,95,208,16078,0.03061224489764681,0.014218009478605603,0.019417475294896378,0.98150634765619,0.009803921568595412
medium,20000,359,CNN distance-density,3,3,0,0.613788990825688,0.26,0.7339449541284404,1.0,1.0,0,0,0,82,186,16116,0.0,0.0,0.0,0.9836425781249399,0.0
medium,20000,360,CNN distance-density,5,5,0,0.5400872814685315,0.13026388888888887,0.6573426573426573,1.0,1.0,0,0,8,75,348,15953,0.09638554216751342,0.022471910112296427,0.036446468941485365,0.9741821289061905,0.018561484918750436
medium,20000,361,CNN distance-density,1,1,0,0.5,0.0,0.75,1.0,1.0,0,0,0,13,17,16354,0.0,0.0,0.0,0.998168945312439,0.0
medium,20000,362,CNN distance-density,1,1,0,0.46176470588235297,0.0,0.5588235294117647,1.0,1.0,0,0,0,16,36,16332,0.0,0.0,0.0,0.9968261718749392,0.0
medium,20000,363,CNN distance-density,5,5,0,0.2635992907801419,0.03888888888888889,0.7304964539007093,0.0,1.0,1,0,5,91,334,15954,0.0520833333327908,0.01474926253682965,0.022988505403049284,0.9740600585936905,0.011627906976717145
medium,20000,364,CNN distance-density,1,1,0,0.6885434782608696,0.39,0.8152173913043479,1.0,1.0,0,0,38,38,247,16061,0.49999999999342104,0.1333333333328655,0.2105263154558974,0.98260498046869,0.11764705882316519
medium,20000,365,CNN distance-density,4,5,1,0.2539195344129555,0.04262820512820512,0.7736842105263158,0.0,0.8,2,2,8,128,572,15676,0.05882352941133218,0.01379310344825208,0.02234636840729066,0.9572753906249415,0.011299435028232628
medium,20000,366,CNN distance-density,4,5,1,0.4400767698077825,0.025205761316872417,0.49367088607594933,1.0,0.8,0,0,21,58,507,15798,0.26582278480676175,0.03977272727265194,0.06919275100893744,0.965515136718691,0.03583617747434158
medium,20000,367,CNN distance-density,1,1,0,0.5147058823529411,0.0,0.8235294117647058,1.0,1.0,0,0,0,17,28,16339,0.0,0.0,0.0,0.9972534179686892,0.0
medium,20000,368,CNN distance-density,5,5,0,0.6283855098389982,0.2517094017094017,0.8255813953488372,1.0,1.0,0,0,16,222,619,15527,0.06722689075602006,0.025196850393661107,0.036655211516260375,0.948669433593692,0.018669778296360944
medium,20000,369,CNN distance-density,1,1,0,0.4745901639344262,0.0,0.6229508196721312,1.0,1.0,0,0,0,39,62,16283,0.0,0.0,0.0,0.9938354492186893,0.0
medium,20000,370,CNN distance-density,4,5,1,0.4712436061381074,0.024019607843137253,0.6521739130434783,1.0,0.8,0,0,0,70,317,15997,0.0,0.0,0.0,0.9763793945311904,0.0
medium,20000,371,CNN distance-density,2,2,0,0.610375381097561,0.18836805555555555,0.8780487804878049,1.0,1.0,0,0,0,75,201,16108,0.0,0.0,0.0,0.9831542968749399,0.0
medium,20000,372,CNN distance-density,4,5,1,0.3114076733055427,0.11470588235294119,0.7322834645669292,0.13333333333333333,0.8,3,2,3,176,618,15587,0.01675977653621922,0.004830917874388356,0.0074999996526093895,0.9515380859374419,0.003764115432868552
medium,20000,373,CNN distance-density,5,5,0,0.30783415238023787,0.11097647897362795,0.7894736842105263,0.0,1.0,2,1,5,203,479,15697,0.02403846153834597,0.01033057851237535,0.014450866631519609,0.9583740234374415,0.007278020378446466
medium,20000,374,CNN distance-density,5,5,0,0.3216070325900515,0.15703030303030302,0.7547169811320755,0.0,1.0,1,0,17,201,962,15204,0.07798165137578908,0.01736465781407828,0.028404343895863302,0.9290161132811933,0.01440677966100474
medium,20000,375,CNN distance-density,2,2,0,0.7399204085388296,0.46244939271255064,0.9090909090909091,1.0,1.0,0,0,0,72,79,16233,0.0,0.0,0.0,0.9907836914061895,0.0
medium,20000,376,CNN distance-density,1,1,0,0.5205882352941177,0.0,0.8529411764705882,1.0,1.0,0,0,0,35,92,16257,0.0,0.0,0.0,0.9922485351561894,0.0
medium,20000,377,CNN distance-density,4,5,1,0.31250755410371583,0.21569892473118277,0.6772151898734178,0.0,0.8,0,2,19,280,475,15610,0.06354515050145972,0.0384615384614606,0.047919293351046124,0.9539184570311917,0.024547803617539343
medium,20000,378,CNN distance-density,2,2,0,0.5633769841269841,0.06499999999999999,0.9206349206349207,1.0,1.0,0,0,0,64,188,16132,0.0,0.0,0.0,0.9846191406249398,0.0
medium,20000,379,CNN distance-density,1,1,0,0.8245,0.61,1.0,1.0,1.0,0,0,0,18,60,16306,0.0,0.0,0.0,0.9952392578124393,0.0
medium,20000,380,CNN distance-density,4,5,1,0.24719104308390025,0.02006172839506172,0.7908163265306123,0.0,0.8,0,1,2,176,378,15828,0.011235955056116652,0.005263157894722992,0.007168458346860936,0.966186523437441,0.003597122302151804
medium,20000,381,CNN distance-density,4,5,1,0.6477817395590275,0.28665931740012346,0.9439252336448598,1.0,0.8,0,0,0,92,296,15996,0.0,0.0,0.0,0.9763183593749404,0.0
medium,20000,382,CNN distance-density,5,5,0,0.30990248565247525,0.0757817197971177,0.8790035587188612,0.0,1.0,1,5,41,188,703,15452,0.17903930130926185,0.055107526881646364,0.08427543643332358,0.9456176757811923,0.04399141630896568
medium,20000,383,CNN distance-density,1,1,0,0.766,0.48,1.0,1.0,1.0,0,0,0,17,17,16350,0.0,0.0,0.0,0.997924804687439,0.0
medium,20000,384,CNN distance-density,1,1,0,0.502,0.0,0.76,1.0,1.0,0,0,0,25,20,16339,0.0,0.0,0.0,0.9972534179686892,0.0
medium,20000,385,CNN distance-density,1,1,0,0.5723888888888888,0.12999999999999998,0.8194444444444444,1.0,1.0,0,0,0,60,73,16251,0.0,0.0,0.0,0.9918823242186894,0.0
medium,20000,386,CNN distance-density,4,5,1,0.4208229186625791,0.35058006535947717,0.9153094462540716,0.0,0.8,0,4,12,263,466,15643,0.04363636363620496,0.02510460251040773,0.03187250949641365,0.9555053710936916,0.016194331983783814
medium,20000,387,CNN distance-density,2,2,0,0.5430620437956204,0.029999999999999992,0.8978102189781022,1.0,1.0,0,0,0,118,235,16031,0.0,0.0,0.0,0.9784545898436903,0.0
medium,20000,388,CNN distance-density,5,5,0,0.18955223880597016,0.0,0.4477611940298507,0.0,1.0,2,0,10,93,623,15658,0.0970873786398341,0.015797788309611694,0.02717391280268269,0.9562988281249416,0.01377410468317662
medium,20000,389,CNN distance-density,2,2,0,0.6446808510638298,0.33333333333333337,0.7234042553191489,1.0,1.0,0,0,0,35,119,16230,0.0,0.0,0.0,0.9906005859374395,0.0
medium,20000,390,CNN distance-density,5,5,0,0.3113976190476191,0.09411111111111112,0.8452380952380952,0.0,1.0,2,0,0,240,546,15598,0.0,0.0,0.0,0.9520263671874418,0.0
medium,20000,391,CNN distance-density,1,2,1,0.5842131147540984,0.26,0.8360655737704918,1.0,0.5,0,0,0,124,311,15949,0.0,0.0,0.0,0.9734497070311906,0.0
medium,20000,392,CNN distance-density,3,3,0,0.5886274509803922,0.15555555555555556,0.8431372549019608,1.0,1.0,0,0,0,88,329,15967,0.0,0.0,0.0,0.9745483398436905,0.0
medium,20000,393,CNN distance-density,2,2,0,0.5104166666666666,0.0,0.8020833333333334,1.0,1.0,0,0,0,97,211,16076,0.0,0.0,0.0,0.98120117187494,0.0
medium,20000,394,CNN distance-density,2,2,0,0.5149484536082474,0.0,0.8247422680412371,1.0,1.0,0,0,5,74,164,16141,0.06329113923970517,0.029585798816392984,0.040322580210685494,0.9854736328124398,0.020576131687158123
medium,20000,395,CNN distance-density,5,5,0,0.5368411493748629,0.0761418439716312,0.7628865979381443,1.0,1.0,0,0,2,275,445,15662,0.007220216606472129,0.00447427293063876,0.005524861406004894,0.9560546874999416,0.002770083102489238
medium,20000,396,CNN distance-density,3,4,1,0.1895945945945946,0.0,0.5729729729729729,0.0,0.75,0,1,2,101,384,15897,0.01941747572796682,0.005181347150245644,0.008179958767636481,0.9703979492186907,0.00410677618068972
medium,20000,397,CNN distance-density,2,3,1,0.32861403508771936,0.24,0.7697368421052632,0.0,0.6666666666666667,1,0,8,110,145,16121,0.06779661016891697,0.05228758169900466,0.05904058991380837,0.9844360351561899,0.030418250950454685
medium,20000,398,CNN distance-density,5,5,0,0.24531624758220505,0.035454545454545454,0.6468085106382979,0.0,1.0,1,0,30,107,532,15715,0.21897810218818267,0.05338078291805448,0.08583690955583798,0.9609985351561913,0.04484304932728723
medium,20000,399,CNN distance-density,4,4,0,0.38481060606060613,0.25019640852974184,0.8611111111111112,0.0,1.0,0,1,7,130,288,15959,0.051094890510575953,0.0237288135592416,0.032407406974140525,0.9744873046874405,0.016470588235255365
medium,20000,400,CNN distance-density,5,5,0,0.5769895666266515,0.1410390089956335,0.8176100628930818,1.0,1.0,0,0,6,292,465,15621,0.020134228187851898,0.012738853503157668,0.015604680929685942,0.9537963867186917,0.007863695937080126
medium,20000,401,CNN distance-density,2,3,1,0.4067430025445292,0.0,0.45038167938931295,1.0,0.6666666666666667,0,0,16,44,248,16076,0.2666666666622222,0.06060606060583104,0.0987654317963725,0.98217773437494,0.05194805194788329
medium,20000,402,CNN distance-density,4,4,0,0.5808531746031746,0.07561728395061729,0.9841269841269842,1.0,1.0,0,0,0,109,237,16038,0.0,0.0,0.0,0.9788818359374403,0.0
medium,20000,403,CNN distance-density,4,5,1,0.3224870600414079,0.23796296296296296,0.6770186335403727,0.0,0.8,0,1,0,109,434,15841,0.0,0.0,0.0,0.9668579101561909,0.0
medium,20000,404,CNN distance-density,5,5,0,0.6512952026468155,0.24789247311827955,0.9487179487179487,1.0,1.0,0,0,30,196,277,15881,0.13274336283127106,0.09771986970652209,0.11257035598392054,0.9711303710936907,0.05964214711717765
medium,20000,405,CNN distance-density,1,1,0,0.8768181818181818,0.7666666666666667,0.9090909090909091,1.0,1.0,0,0,0,34,99,16251,0.0,0.0,0.0,0.9918823242186894,0.0
medium,20000,406,CNN distance-density,4,5,1,0.31343556501547987,0.129203216374269,0.8764705882352941,0.0,0.8,1,1,12,268,943,15161,0.0428571428569898,0.012565445026164853,0.019433198029898548,0.9260864257811935,0.009811937857718878
medium,20000,407,CNN distance-density,2,2,0,0.5812260273972603,0.2033333333333333,0.6986301369863014,1.0,1.0,0,0,21,79,229,16055,0.2099999999979,0.08399999999966401,0.11999999959115104,0.98120117187494,0.06382978723384855
medium,20000,408,CNN distance-density,1,1,0,0.758,0.5066666666666667,0.9,1.0,1.0,0,0,0,28,31,16325,0.0,0.0,0.0,0.9963989257811892,0.0
medium,20000,409,CNN distance-density,1,1,0,0.6366896551724138,0.23862068965517236,0.896551724137931,1.0,1.0,0,0,0,53,179,16152,0.0,0.0,0.0,0.9858398437499398,0.0
medium,20000,410,CNN distance-density,3,4,1,0.2122093023255814,0.0,0.686046511627907,0.0,0.75,1,0,9,156,635,15584,0.054545454545123974,0.013975155279481405,0.022249690651743904,0.9517211914061919,0.011249999999985938
medium,20000,411,CNN distance-density,1,1,0,0.7955359408033826,0.5557364341085271,0.9772727272727273,1.0,1.0,0,0,0,45,134,16205,0.0,0.0,0.0,0.9890747070311896,0.0
medium,20000,412,CNN distance-density,3,4,1,0.18884615384615386,0.0,0.5692307692307692,0.0,0.75,1,1,10,63,249,16062,0.13698630136798648,0.03861003860988954,0.06024096351199377,0.98095703124994,0.031055900621021565
medium,20000,413,CNN distance-density,4,5,1,0.3944988913525499,0.2826262626262626,0.9365853658536585,0.0,0.8,1,0,11,197,584,15592,0.052884615384361136,0.01848739495795212,0.027397259890038758,0.9523315429686918,0.013888888888871352
medium,20000,414,CNN distance-density,2,2,0,0.49615384615384617,0.0,0.7307692307692308,1.0,1.0,0,0,0,76,170,16138,0.0,0.0,0.0,0.9849853515624398,0.0
medium,20000,415,CNN distance-density,4,5,1,0.22095940959409596,0.0,0.7047970479704797,0.0,0.8,0,1,11,244,608,15521,0.04313725490179162,0.017770597738258852,0.025171624300627336,0.9479980468749422,0.012746234067192646
medium,20000,416,CNN distance-density,4,5,1,0.3443066109422493,0.1885385005065856,0.8973214285714286,0.0,0.8,1,2,54,142,633,15555,0.27551020408022703,0.07860262008722183,0.12231030543008815,0.9526977539061918,0.06513872135094675
medium,20000,417,CNN distance-density,1,1,0,0.7074999999999999,0.3499999999999999,1.0,1.0,1.0,0,0,0,23,55,16306,0.0,0.0,0.0,0.9952392578124393,0.0
medium,20000,418,CNN distance-density,5,5,0,0.27826963186872505,0.056451977401129935,0.7643312101910829,0.0,1.0,3,3,18,208,585,15573,0.07964601769876263,0.029850746268607214,0.043425813837317626,0.9515991210936919,0.022194821208357342
medium,20000,419,CNN distance-density,1,1,0,0.734,0.52,0.75,1.0,1.0,0,0,0,46,61,16277,0.0,0.0,0.0,0.9934692382811894,0.0
medium,20000,420,CNN distance-density,5,5,0,0.42451004713470597,0.367816091954023,0.7949640287769784,0.0,1.0,2,1,63,154,614,15553,0.29032258064382344,0.09305760708996594,0.14093959694749736,0.9531249999999418,0.07581227436813982
medium,20000,421,CNN distance-density,4,4,0,0.5162297527706735,0.11819172113289758,0.5652173913043479,1.0,1.0,0,0,0,53,240,16091,0.0,0.0,0.0,0.98211669921869,0.0
medium,20000,422,CNN distance-density,1,1,0,0.9011851851851852,0.8133333333333332,0.9259259259259259,1.0,1.0,0,0,0,28,26,16330,0.0,0.0,0.0,0.9967041015624392,0.0
medium,20000,423,CNN distance-density,2,2,0,0.4490654205607477,0.0,0.4953271028037384,1.0,1.0,0,0,4,51,299,16030,0.07272727272595042,0.013201320131969634,0.02234636845490154,0.9786376953124403,0.011299435028216669
medium,20000,424,CNN distance-density,2,2,0,0.6683326906712052,0.27790084388185654,0.9663865546218487,1.0,1.0,0,0,0,117,271,15996,0.0,0.0,0.0,0.9763183593749404,0.0
medium,20000,425,CNN distance-density,2,2,0,0.5516666666666666,0.07777777777777777,0.8333333333333334,1.0,1.0,0,0,0,18,82,16284,0.0,0.0,0.0,0.9938964843749393,0.0
medium,20000,426,CNN distance-density,2,2,0,0.559302398989899,0.07723765432098766,0.8727272727272728,1.0,1.0,0,0,0,140,143,16101,0.0,0.0,0.0,0.98272705078119,0.0
medium,20000,427,CNN distance-density,2,2,0,0.5518412743972445,0.13012820512820514,0.7164179104477613,1.0,1.0,0,0,0,44,211,16129,0.0,0.0,0.0,0.9844360351561899,0.0
medium,20000,428,CNN distance-density,3,3,0,0.603429054054054,0.2652777777777778,0.6702702702702703,1.0,1.0,0,0,3,114,456,15811,0.025641025640806486,0.006535947712404061,0.01041666634290004,0.965209960937441,0.0052356020942317
medium,20000,429,CNN distance-density,4,4,0,0.5361838324258923,0.047270114942528724,0.8245614035087719,1.0,1.0,0,0,0,91,319,15974,0.0,0.0,0.0,0.9749755859374405,0.0
medium,20000,430,CNN distance-density,3,4,1,0.5627834008097166,0.08738191632928474,0.9923076923076923,1.0,0.75,0,0,6,104,211,16063,0.054545454544958676,0.02764976958512604,0.0366972472597331,0.9807739257811902,0.0186915887849885
medium,20000,431,CNN distance-density,2,3,1,0.6130991497874468,0.2194623655913978,0.9883720930232558,1.0,0.6666666666666667,0,0,4,78,150,16152,0.048780487804283165,0.025974025973857312,0.03389830463099685,0.9860839843749398,0.017241379310270512
medium,20000,432,CNN distance-density,4,5,1,0.3081587301587302,0.1437037037037037,0.8174603174603174,0.0,0.8,1,0,7,165,299,15913,0.04069767441836804,0.022875816993389295,0.029288702468041532,0.9716796874999407,0.014861995753683944
medium,20000,433,CNN distance-density,3,4,1,0.533025124843945,0.03780864197530862,0.9550561797752809,1.0,0.75,0,0,11,133,541,15699,0.07638888888835842,0.019927536231847957,0.031609195074027284,0.9588623046874415,0.0160583941605605
medium,20000,434,CNN distance-density,1,1,0,0.7433220338983051,0.52,0.7966101694915254,1.0,1.0,0,0,0,48,60,16276,0.0,0.0,0.0,0.9934082031249394,0.0
medium,20000,435,CNN distance-density,5,5,0,0.3815987648461068,0.30554213633923777,0.7205240174672489,0.0,1.0,1,2,9,151,463,15761,0.05624999999964844,0.019067796610129095,0.0284810122799932,0.9625244140624413,0.014446227929350809
medium,20000,436,CNN distance-density,1,1,0,0.5055555555555555,0.0,0.7777777777777778,1.0,1.0,0,0,0,15,63,16306,0.0,0.0,0.0,0.9952392578124393,0.0
medium,20000,437,CNN distance-density,5,5,0,0.5799187994009031,0.19248851184164015,0.7164948453608248,1.0,1.0,0,0,9,132,622,15621,0.06382978723358987,0.01426307448492193,0.02331606187753699,0.9539794921874417,0.01179554390562019
medium,20000,438,CNN distance-density,5,5,0,0.5886694029850746,0.139,0.8805970149253731,1.0,1.0,0,0,40,255,778,15311,0.13559322033852342,0.04889975550116271,0.07187780733713872,0.9369506835936928,0.0372786579682784
medium,20000,439,CNN distance-density,2,2,0,0.4375,0.0,0.4375,1.0,1.0,0,0,0,22,80,16282,0.0,0.0,0.0,0.9937744140624393,0.0
medium,20000,440,CNN distance-density,2,3,1,0.7197558295107034,0.46354166666666663,0.9724770642201834,1.0,0.6666666666666667,0,0,6,103,170,16105,0.05504587155912802,0.034090909090715396,0.04210526268523239,0.9833374023436899,0.021505376344008943
medium,20000,441,CNN distance-density,2,3,1,0.41666666666666663,0.0,0.5,1.0,0.6666666666666667,0,0,3,40,214,16127,0.06976744185884262,0.01382488479256302,0.023076922800680476,0.9844970703124399,0.011673151750927343
medium,20000,442,CNN distance-density,3,3,0,0.49152046783625736,0.0,0.7076023391812866,1.0,1.0,0,0,40,129,346,15869,0.23668639053114388,0.10362694300491289,0.14414414372006168,0.9710083007811907,0.07766990291247054
medium,20000,443,CNN distance-density,4,5,1,0.34674908424908424,0.24601139601139596,0.7802197802197802,0.0,0.8,1,0,36,242,626,15480,0.12949640287723202,0.05438066465248583,0.07659574426412857,0.9470214843749422,0.039823008849513473
medium,20000,444,CNN distance-density,3,3,0,0.6005614973262031,0.2535353535353535,0.6823529411764706,1.0,1.0,0,0,0,58,136,16190,0.0,0.0,0.0,0.9881591796874397,0.0
medium,20000,445,CNN distance-density,5,5,0,0.3680538394546383,0.17278962664878153,0.9514925373134329,0.0,1.0,1,10,48,174,579,15583,0.21621621621524229,0.07655502392332288,0.11307420456050976,0.9540405273436917,0.05992509363288399
medium,20000,446,CNN distance-density,5,5,0,0.45935911841222377,0.3575111799105607,0.9923954372623575,0.0,1.0,0,5,38,198,720,15428,0.1610169491518601,0.050131926121305896,0.07645875215282844,0.9439697265624424,0.03974895397485382
medium,20000,447,CNN distance-density,4,5,1,0.39023021977732636,0.2935882627945989,0.8905775075987842,0.0,0.8,0,6,3,260,701,15420,0.011406844106420507,0.004261363636357584,0.006204756584329431,0.9413452148436925,0.003112033195017519
medium,20000,448,CNN distance-density,1,1,0,0.6165909090909091,0.1803030303030303,0.9272727272727272,1.0,1.0,0,0,0,42,122,16220,0.0,0.0,0.0,0.9899902343749396,0.0
medium,20000,449,CNN distance-density,4,4,0,0.590173076923077,0.185,0.7846153846153846,1.0,1.0,0,0,2,101,240,16041,0.01941747572796682,0.008264462809883206,0.01159420247964715,0.9791870117186902,0.005830903790070464
medium,20000,450,CNN distance-density,4,5,1,0.36082482993197285,0.24537037037037038,0.8520408163265306,0.0,0.8,1,0,15,154,379,15836,0.08875739644917896,0.03807106598975109,0.05328596760808787,0.9674682617186909,0.02737226277367268
medium,20000,451,CNN distance-density,4,5,1,0.2939404703072235,0.10659610685555829,0.8298611111111112,0.0,0.8,0,7,3,236,421,15724,0.012552301255177607,0.0070754716980965205,0.009049773294559013,0.9598999023436914,0.004545454545447658
medium,20000,452,CNN distance-density,4,5,1,0.5533687183482665,0.09313725490196077,0.9072847682119205,1.0,0.8,0,0,0,136,487,15761,0.0,0.0,0.0,0.9619750976561913,0.0
medium,20000,453,CNN distance-density,3,2,1,0.25514194139194146,0.013461538461538457,0.9120879120879121,0.0,0.6666666666666667,1,0,8,72,181,16123,0.09999999999874999,0.04232804232781837,0.05947955348499883,0.9845581054686898,0.030651340996051147
medium,20000,454,CNN distance-density,1,1,0,0.5763571428571429,0.12999999999999998,0.8392857142857143,1.0,1.0,0,0,8,40,169,16167,0.16666666666319446,0.045197740112739,0.07111111077483458,0.9872436523436897,0.036866359446834716
medium,20000,455,CNN distance-density,4,4,0,0.4582706766917293,0.0,0.5413533834586466,1.0,1.0,0,0,0,65,233,16086,0.0,0.0,0.0,0.98181152343744,0.0
medium,20000,456,CNN distance-density,5,5,0,0.23510082198818394,0.03627450980392156,0.5938864628820961,0.0,1.0,1,0,19,103,668,15594,0.15573770491675623,0.02765647743809657,0.04697156958306812,0.9529418945311918,0.02405063291136196
medium,20000,457,CNN distance-density,2,3,1,0.23223854235302732,0.014080459770114925,0.7961783439490446,0.0,0.6666666666666667,1,1,2,110,278,15994,0.017857142856983418,0.007142857142831633,0.01020408122443775,0.9763183593749404,0.005128205128191979
medium,20000,458,CNN distance-density,2,2,0,0.5621539634146341,0.14625,0.7317073170731707,1.0,1.0,0,0,0,26,69,16289,0.0,0.0,0.0,0.9942016601561893,0.0
medium,20000,459,CNN distance-density,5,5,0,0.31442904933288573,0.12388092133854847,0.7934131736526946,0.0,1.0,4,8,20,210,433,15721,0.08695652173875237,0.04415011037517848,0.05856515328665842,0.9607543945311914,0.030165912518808197
medium,20000,460,CNN distance-density,3,3,0,0.5349498327759197,0.2564102564102564,0.34782608695652173,1.0,1.0,0,0,0,33,165,16186,0.0,0.0,0.0,0.9879150390624397,0.0
medium,20000,461,CNN distance-density,1,1,0,0.5540277777777778,0.05833333333333331,0.8888888888888888,1.0,1.0,0,0,0,26,40,16318,0.0,0.0,0.0,0.9959716796874392,0.0
medium,20000,462,CNN distance-density,3,3,0,0.5264705882352941,0.0,0.8823529411764706,1.0,1.0,0,0,0,96,249,16039,0.0,0.0,0.0,0.9789428710936903,0.0
medium,20000,463,CNN distance-density,5,5,0,0.22188841201716739,0.0,0.6094420600858369,0.0,1.0,2,0,8,130,488,15758,0.05797101449233355,0.016129032258031997,0.025236592719282712,0.9622802734374413,0.012779552715634537
medium,20000,464,CNN distance-density,5,5,0,0.25272736992159656,0.0508695652173913,0.6491803278688524,0.0,1.0,2,0,12,151,565,15656,0.07361963190138884,0.020797227036359105,0.03243243208884222,0.9562988281249416,0.016483516483493842
medium,20000,465,CNN distance-density,1,1,0,0.7782037037037036,0.5235802469135802,0.962962962962963,1.0,1.0,0,0,0,79,248,16057,0.0,0.0,0.0,0.9800415039061902,0.0
medium,20000,466,CNN distance-density,3,3,0,0.3637237762237763,0.29545454545454547,0.6538461538461539,0.0,1.0,1,0,0,53,146,16185,0.0,0.0,0.0,0.9878540039061897,0.0
medium,20000,467,CNN distance-density,3,3,0,0.6023899209486167,0.12415151515151517,0.9826086956521739,1.0,1.0,0,0,10,92,218,16064,0.09803921568531333,0.043859649122614655,0.06060606017858586,0.98107910156244,0.031249999999902345
medium,20000,468,CNN distance-density,3,3,0,0.6837777777777777,0.3466666666666667,0.8888888888888888,1.0,1.0,0,0,0,123,428,15833,0.0,0.0,0.0,0.9663696289061909,0.0
medium,20000,469,CNN distance-density,5,5,0,0.4966783216783217,0.03535353535353535,0.6538461538461539,1.0,1.0,0,0,5,135,523,15721,0.03571428571403062,0.009469696969679035,0.014970059548881287,0.9598388671874414,0.007541478129702049
medium,20000,470,CNN distance-density,4,5,1,0.24062957157784745,0.07087542087542087,0.6436781609195402,0.0,0.8,2,0,16,148,453,15767,0.09756097560916122,0.03411513859267779,0.05055292220675886,0.9633178710936912,0.02593192868715408
medium,20000,471,CNN distance-density,5,5,0,0.28154074186682887,0.015700483091787433,0.6223776223776224,0.2,1.0,2,1,19,149,698,15518,0.11309523809456491,0.026499302649893308,0.04293785279965784,0.948303222656192,0.021939953810598222
medium,20000,472,CNN distance-density,2,3,1,0.7972649189104077,0.699655172413793,0.8287671232876712,1.0,0.6666666666666667,0,0,0,149,123,16112,0.0,0.0,0.0,0.9833984374999399,0.0
medium,20000,473,CNN distance-density,2,2,0,0.6735227272727272,0.325,0.8863636363636364,1.0,1.0,0,0,4,37,74,16269,0.09756097560737657,0.05128205128139382,0.06722689030350965,0.9932250976561894,0.034782608695349715
medium,20000,474,CNN distance-density,4,5,1,0.34526369132290186,0.21109649122807017,0.8513513513513513,0.0,0.8,1,0,6,112,457,15809,0.050847457626687735,0.012958963282909377,0.020654044426660672,0.965270996093691,0.010434782608677504
medium,20000,475,CNN distance-density,5,5,0,0.2987746128463432,0.11801182557280118,0.7283464566929134,0.0,1.0,3,0,15,168,467,15734,0.0819672131143062,0.031120331950142903,0.04511278155583244,0.9612426757811913,0.023076923076887575
medium,20000,476,CNN distance-density,1,1,0,0.48814432989690726,0.0,0.6907216494845361,1.0,1.0,0,0,0,68,98,16218,0.0,0.0,0.0,0.9898681640624396,0.0
medium,20000,477,CNN distance-density,1,1,0,0.5585,0.12999999999999998,0.75,1.0,1.0,0,0,0,16,69,16299,0.0,0.0,0.0,0.9948120117186893,0.0
medium,20000,478,CNN distance-density,4,5,1,0.2833111729540301,0.0844556677890011,0.826530612244898,0.0,0.8,1,0,12,131,403,15838,0.0839160839154971,0.028915662650532734,0.04301075230682417,0.9674072265624409,0.021978021977981727
medium,20000,479,CNN distance-density,5,5,0,0.2575,0.04999999999999999,0.675,0.0,1.0,2,0,9,114,277,15984,0.07317073170672218,0.03146853146842144,0.04400977953029932,0.9761352539061904,0.02249999999994375
medium,20000,480,CNN distance-density,2,2,0,0.5692105263157895,0.07777777777777777,0.9210526315789473,1.0,1.0,0,0,0,36,72,16276,0.0,0.0,0.0,0.9934082031249394,0.0
medium,20000,481,CNN distance-density,3,3,0,0.283970036477332,0.16239766081871346,0.5544554455445545,0.0,1.0,1,0,0,57,199,16128,0.0,0.0,0.0,0.9843749999999399,0.0
medium,20000,482,CNN distance-density,5,5,0,0.35904187206703086,0.18280632411067196,0.8838951310861423,0.0,1.0,0,1,4,257,387,15736,0.015325670498025573,0.010230179028106828,0.01226993817014662,0.9606933593749414,0.006172839506163314
medium,20000,483,CNN distance-density,2,2,0,0.6069615384615384,0.20777777777777776,0.8173076923076923,1.0,1.0,0,0,10,70,240,16064,0.1249999999984375,0.039999999999840004,0.060606060238383844,0.98107910156244,0.031249999999902345
medium,20000,484,CNN distance-density,2,3,1,0.31952439024390245,0.17888888888888888,0.8617886178861789,0.0,0.6666666666666667,0,1,0,118,301,15965,0.0,0.0,0.0,0.9744262695311905,0.0
medium,20000,485,CNN distance-density,4,5,1,0.5798086075205641,0.18576086956521737,0.8310810810810811,1.0,0.8,0,0,0,153,393,15838,0.0,0.0,0.0,0.9666748046874409,0.0
medium,20000,486,CNN distance-density,2,2,0,0.6852298850574713,0.3097701149425287,0.9791666666666666,1.0,1.0,0,0,0,47,112,16225,0.0,0.0,0.0,0.9902954101561895,0.0
medium,20000,487,CNN distance-density,2,3,1,0.5648333333333334,0.195,0.8020833333333334,1.0,0.6666666666666667,0,0,0,79,196,16109,0.0,0.0,0.0,0.9832153320311899,0.0
medium,20000,488,CNN distance-density,4,5,1,0.29429025423728816,0.0875,0.8745762711864407,0.0,0.8,1,0,7,238,451,15688,0.028571428571311955,0.015283842794726455,0.01991465103944284,0.9579467773436915,0.010057471264353366
medium,20000,489,CNN distance-density,4,5,1,0.6392498793768955,0.32444892473118275,0.8162393162393162,1.0,0.8,0,0,9,186,229,15960,0.04615384615360947,0.037815126050261286,0.04157043830381517,0.9746704101561905,0.02122641509428956
medium,20000,490,CNN distance-density,4,4,0,0.3064396818528671,0.05322489464487614,0.9124423963133641,0.0,1.0,0,3,10,167,192,16015,0.05649717514092375,0.04950495049480443,0.05277044805070977,0.9780883789061903,0.027100271002636584
medium,20000,491,CNN distance-density,4,4,0,0.5167976692623838,0.03677536231884058,0.7512437810945274,1.0,1.0,0,0,10,120,621,15633,0.07692307692248522,0.015847860538802144,0.026281208652250573,0.9547729492186917,0.013315579227678674
medium,20000,492,CNN distance-density,3,4,1,0.7058389154704945,0.46424242424242423,0.8596491228070176,1.0,0.75,0,0,0,175,418,15791,0.0,0.0,0.0,0.9638061523436912,0.0
medium,20000,493,CNN distance-density,2,2,0,0.5906034482758621,0.10555555555555556,0.9655172413793104,1.0,1.0,0,0,2,27,65,16290,0.06896551723900118,0.02985074626821118,0.04166666624414063,0.9943847656249393,0.021276595744454504
medium,20000,494,CNN distance-density,3,4,1,0.5234358288770053,0.06515151515151514,0.8455882352941176,1.0,0.75,0,0,12,109,348,15915,0.09917355371818865,0.03333333333324074,0.04989604951928804,0.9721069335936906,0.025586353944508346
medium,20000,495,CNN distance-density,1,1,0,0.7346493506493507,0.52,0.7532467532467533,1.0,1.0,0,0,0,59,78,16247,0.0,0.0,0.0,0.9916381835936895,0.0
medium,20000,496,CNN distance-density,3,3,0,0.5000361480624639,0.08738191632928474,0.5535714285714286,1.0,1.0,0,0,7,46,326,16005,0.13207547169562123,0.021021021020957896,0.03626942981471986,0.9772949218749403,0.0184696569920357
medium,20000,497,CNN distance-density,3,4,1,0.6545449735449735,0.3466666666666666,0.8677248677248677,1.0,0.75,0,0,25,168,490,15701,0.12953367875580554,0.04854368932029409,0.07062146852977673,0.9598388671874414,0.036603221083401756
medium,20000,498,CNN distance-density,5,5,0,0.3813679130536143,0.26541692921655113,0.8096514745308311,0.0,1.0,3,4,22,251,736,15375,0.0805860805857854,0.029023746701808677,0.042677012219680684,0.9397583007811926,0.0218037661050329
medium,20000,499,CNN distance-density,3,4,1,0.25992722862340817,0.07647058823529411,0.7525773195876289,0.0,0.75,1,2,6,135,249,15994,0.04255319148905991,0.023529411764613612,0.030303029844314364,0.9765624999999404,0.015384615384575938
medium,20000,500,CNN distance-density,5,5,0,0.3525986970237279,0.18418357487922704,0.8485804416403786,0.0,1.0,2,0,11,251,753,15369,0.041984732824267235,0.014397905759143459,0.021442494746360712,0.9387207031249427,0.010837438423634643
medium,20000,501,CNN distance-density,2,2,0,0.555801724137931,0.06499999999999999,0.8827586206896552,1.0,1.0,0,0,0,130,387,15867,0.0,0.0,0.0,0.9684448242186908,0.0
medium,20000,502,CNN distance-density,5,5,0,0.3368674242424243,0.11007575757575758,0.9366666666666666,0.0,1.0,1,1,70,188,846,15280,0.2713178294563127,0.0764192139737157,0.11925042555124228,0.9368896484374428,0.06340579710139184
medium,20000,503,CNN distance-density,5,5,0,0.6382078545420155,0.2489275074478649,0.8809523809523809,1.0,1.0,0,0,0,240,708,15436,0.0,0.0,0.0,0.9421386718749425,0.0
medium,20000,504,CNN distance-density,3,3,0,0.5815865384615385,0.1625,0.7923076923076923,1.0,1.0,0,0,34,94,291,15965,0.2656249999979248,0.10461538461506273,0.15011037486983514,0.9765014648436904,0.08114558472534333
medium,20000,505,CNN distance-density,1,1,0,0.4970588235294118,0.0,0.7352941176470589,1.0,1.0,0,0,0,26,107,16251,0.0,0.0,0.0,0.9918823242186894,0.0
medium,20000,506,CNN distance-density,1,1,0,0.6756056511056511,0.32717171717171717,0.8918918918918919,1.0,1.0,0,0,0,38,104,16242,0.0,0.0,0.0,0.9913330078124395,0.0
medium,20000,507,CNN distance-density,4,4,0,0.4155322580645161,0.2662962962962963,0.978494623655914,0.0,1.0,1,3,5,160,445,15774,0.03030303030284665,0.01111111111108642,0.01626016220894971,0.9630737304686912,0.008196721311461973
medium,20000,508,CNN distance-density,3,4,1,0.6251578439481666,0.346029776674938,0.7222222222222222,1.0,0.75,0,0,18,103,366,15897,0.14876033057728297,0.04687499999987793,0.07128712834820117,0.9713745117186907,0.036960985626207477
medium,20000,509,CNN distance-density,5,5,0,0.2938806937579543,0.06703084355258268,0.8185840707964602,0.0,1.0,3,0,6,157,587,15634,0.03680981595069442,0.0101180438448396,0.01587301553473098,0.9545898437499417,0.007999999999989333
medium,20000,510,CNN distance-density,4,5,1,0.5028987341772153,0.04666666666666666,0.759493670886076,1.0,0.8,0,0,2,106,249,16027,0.01851851851834705,0.007968127490008095,0.011142060860607863,0.9783325195311903,0.005602240896342851
medium,20000,511,CNN distance-density,3,3,0,0.5495962389380531,0.05416666666666666,0.8761061946902655,1.0,1.0,0,0,0,107,107,16170,0.0,0.0,0.0,0.9869384765624397,0.0
medium,20000,512,CNN distance-density,1,1,0,0.5142857142857142,0.0,0.8214285714285714,1.0,1.0,0,0,0,24,93,16267,0.0,0.0,0.0,0.9928588867186894,0.0
medium,20000,513,CNN distance-density,1,1,0,0.5903125,0.13124999999999998,0.90625,1.0,1.0,0,0,0,59,201,16124,0.0,0.0,0.0,0.9841308593749399,0.0
medium,20000,514,CNN distance-density,1,2,1,0.6003333333333334,0.26,0.9166666666666666,1.0,0.5,0,0,0,109,100,16175,0.0,0.0,0.0,0.9872436523436897,0.0
medium,20000,515,CNN distance-density,4,5,1,0.4100041946308725,0.32916666666666666,0.9093959731543624,0.0,0.8,2,0,56,247,706,15375,0.18481848184757485,0.07349081364819753,0.10516431884150323,0.9418334960936925,0.055500495540083745
medium,20000,516,CNN distance-density,5,5,0,0.619192349726776,0.19079781420765027,0.9166666666666666,1.0,1.0,0,0,13,244,495,15632,0.05058365758735182,0.02559055118105199,0.03398692765831263,0.9548950195311917,0.017287234042530204
medium,20000,517,CNN distance-density,3,4,1,0.6448877737226277,0.32805555555555554,0.8613138686131387,1.0,0.75,0,0,26,89,154,16115,0.22608695651977315,0.144444444443642,0.17627118596375754,0.9851684570311898,0.0966542750925775
medium,20000,518,CNN distance-density,3,4,1,0.395213399189463,0.29888691883372737,0.9285714285714286,0.0,0.75,0,6,19,133,514,15718,0.12499999999917764,0.035647279549651696,0.05547445220926421,0.9605102539061914,0.028528528528485694
medium,20000,519,CNN distance-density,2,2,0,0.6358808411214953,0.195,0.9906542056074766,1.0,1.0,0,0,0,87,201,16096,0.0,0.0,0.0,0.98242187499994,0.0
medium,20000,520,CNN distance-density,1,1,0,0.7939563106796117,0.65,0.7572815533980582,1.0,1.0,0,0,0,79,104,16201,0.0,0.0,0.0,0.9888305664061896,0.0
medium,20000,521,CNN distance-density,5,5,0,0.2937755356392662,0.1208828828828829,0.6968911917098446,0.0,1.0,1,0,16,221,1170,14977,0.0675105485229219,0.013490725126464173,0.02248770176029481,0.9151000976561942,0.011371712864242095
medium,20000,522,CNN distance-density,2,2,0,0.3757199248120301,0.195,0.9398496240601504,0.0,1.0,0,1,0,126,389,15869,0.0,0.0,0.0,0.9685668945311908,0.0
medium,20000,523,CNN distance-density,3,3,0,0.2975365853658537,0.08666666666666667,0.7926829268292683,0.0,1.0,1,0,0,67,252,16065,0.0,0.0,0.0,0.9805297851561902,0.0
medium,20000,524,CNN distance-density,3,3,0,0.5788654588654589,0.1911295911295911,0.7142857142857143,1.0,1.0,0,0,5,87,123,16169,0.054347826086365784,0.03906249999969483,0.04545454496752067,0.9871826171874397,0.02325581395338021
medium,20000,525,CNN distance-density,3,4,1,0.40729452054794524,0.32037037037037036,0.9406392694063928,0.0,0.75,0,4,3,169,510,15702,0.017441860465014874,0.00584795321636287,0.00875912371147319,0.9585571289061915,0.004398826979465691
medium,20000,526,CNN distance-density,2,3,1,0.5296928176972966,0.1307471264367816,0.770949720670391,1.0,0.6666666666666667,0,0,0,175,260,15949,0.0,0.0,0.0,0.9734497070311906,0.0
medium,20000,527,CNN distance-density,2,2,0,0.5181818181818182,0.0,0.8409090909090909,1.0,1.0,0,0,11,73,170,16130,0.13095238095082198,0.060773480662647664,0.08301886749089356,0.9851684570311898,0.04330708661400273
medium,20000,528,CNN distance-density,5,5,0,0.3717710591859269,0.19129254254254252,0.7409470752089137,0.15,1.0,2,4,11,243,934,15196,0.04330708661400273,0.011640211640199323,0.01834862351924909,0.9281616210936934,0.009259259259251465
medium,20000,529,CNN distance-density,4,5,1,0.3034444506800158,0.16897690308746297,0.7370242214532872,0.0,0.8,0,1,58,205,535,15586,0.22053231939079646,0.09780775716678279,0.13551401826558268,0.9548339843749417,0.07268170426056055
medium,20000,530,CNN distance-density,5,5,0,0.4086116700201208,0.24761904761904763,0.9859154929577465,0.0,1.0,0,3,27,237,688,15432,0.10227272727233988,0.03776223776218495,0.05515832442724383,0.9435424804686924,0.028361344537785334
medium,20000,531,CNN distance-density,3,3,0,0.5485714285714286,0.0,0.9928571428571429,1.0,1.0,0,0,20,120,367,15877,0.14285714285612247,0.05167958656317396,0.07590132788279223,0.9702758789061907,0.03944773175534626
medium,20000,532,CNN distance-density,2,2,0,0.7276969696969696,0.4029629629629629,0.9818181818181818,1.0,1.0,0,0,0,57,172,16155,0.0,0.0,0.0,0.9860229492186898,0.0
medium,20000,533,CNN distance-density,2,2,0,0.5403225806451613,0.0,0.9516129032258065,1.0,1.0,0,0,0,51,150,16183,0.0,0.0,0.0,0.9877319335936897,0.0
medium,20000,534,CNN distance-density,4,4,0,0.5871910002768759,0.13235426962112756,0.8881578947368421,1.0,1.0,0,0,0,140,281,15963,0.0,0.0,0.0,0.9743041992186905,0.0
medium,20000,535,CNN distance-density,3,3,0,0.23783898305084747,0.03888888888888889,0.6016949152542372,0.0,1.0,2,0,14,44,299,16027,0.2413793103406659,0.04472843450464943,0.07547169784901302,0.9790649414061903,0.03921568627439996
medium,20000,536,CNN distance-density,4,5,1,0.3425003269042171,0.1546790890269151,0.8394736842105264,0.09999999999999999,0.8,4,6,65,224,907,15188,0.22491349480891035,0.0668724279834703,0.10309278315167462,0.9309692382811932,0.054347826086911084
medium,20000,537,CNN distance-density,4,4,0,0.5966333975181857,0.28429824561403505,0.5934959349593496,1.0,1.0,0,0,1,72,168,16143,0.013698630136798649,0.005917159763278597,0.008264462388532226,0.9853515624999398,0.004149377593343779
medium,20000,538,CNN distance-density,1,1,0,0.5119047619047619,0.0,0.8095238095238095,1.0,1.0,0,0,0,19,41,16324,0.0,0.0,0.0,0.9963378906249392,0.0
medium,20000,539,CNN distance-density,2,2,0,0.49893617021276593,0.0,0.7446808510638299,1.0,1.0,0,0,1,67,237,16079,0.014705882352724913,0.004201680672251254,0.006535947366696589,0.98144531249994,0.0032786885245794143
medium,20000,540,CNN distance-density,2,2,0,0.6008478260869565,0.2144444444444445,0.7717391304347826,1.0,1.0,0,0,0,73,286,16025,0.0,0.0,0.0,0.9780883789061903,0.0
medium,20000,541,CNN distance-density,2,3,1,0.2399150743099788,0.0,0.8662420382165605,0.0,0.6666666666666667,0,1,4,144,134,16102,0.027027027026844414,0.028985507246166775,0.027972027472443654,0.9830322265624399,0.014184397163070269
medium,20000,542,CNN distance-density,3,3,0,0.35399766899766905,0.1929292929292929,0.8358974358974359,0.0,1.0,0,2,0,172,364,15848,0.0,0.0,0.0,0.9672851562499409,0.0
medium,20000,543,CNN distance-density,5,5,0,0.3394195395142261,0.17498973824634523,0.8033707865168539,0.0,1.0,1,0,0,138,367,15879,0.0,0.0,0.0,0.9691772460936908,0.0
medium,20000,544,CNN distance-density,3,3,0,0.27656250000000004,0.0,0.8828125,0.0,1.0,1,1,18,100,273,15993,0.1525423728800632,0.06185567010288023,0.08801955949122733,0.9772338867186904,0.04603580562648073
medium,20000,545,CNN distance-density,5,5,0,0.24598006644518275,0.10852713178294575,0.48571428571428577,0.0,1.0,1,0,1,79,269,16035,0.012499999999843749,0.0037037037036899865,0.005714285361600022,0.9787597656249403,0.0028653295128857727
medium,20000,546,CNN distance-density,2,3,1,0.6568864468864469,0.37142857142857144,0.8653846153846154,1.0,0.6666666666666667,0,0,0,90,179,16115,0.0,0.0,0.0,0.9835815429686899,0.0
medium,20000,547,CNN distance-density,2,2,0,0.546264705882353,0.05392156862745095,0.86,1.0,1.0,0,0,0,79,239,16066,0.0,0.0,0.0,0.9805908203124402,0.0
medium,20000,548,CNN distance-density,3,4,1,0.6708305084745763,0.3466666666666667,0.9491525423728814,1.0,0.75,0,0,36,136,474,15738,0.2093023255801785,0.07058823529397924,0.10557184712983204,0.9627685546874412,0.0557275541794803
medium,20000,549,CNN distance-density,1,1,0,0.5362671232876712,0.030365296803652946,0.863013698630137,1.0,1.0,0,0,0,64,74,16246,0.0,0.0,0.0,0.9915771484374395,0.0
medium,20000,550,CNN distance-density,3,4,1,0.16812977099236642,0.0,0.46564885496183206,0.0,0.75,1,0,8,54,154,16168,0.12903225806243498,0.04938271604907789,0.07142857102758292,0.9873046874999397,0.03703703703686557
medium,20000,551,CNN distance-density,5,5,0,0.35261590496617723,0.2088782562466773,0.7931034482758621,0.0,1.0,1,0,41,218,603,15522,0.1583011583005471,0.06366459627319307,0.09080841598050059,0.949890136718692,0.04756380510435317
medium,20000,552,CNN distance-density,1,1,0,0.5540277777777778,0.05833333333333331,0.8888888888888888,1.0,1.0,0,0,0,19,53,16312,0.0,0.0,0.0,0.9956054687499392,0.0
medium,20000,553,CNN distance-density,5,5,0,0.30549567021468516,0.14130434782608695,0.7095435684647302,0.0,1.0,1,0,9,157,551,15667,0.05421686746955291,0.016071428571399874,0.02479338807694527,0.9567871093749416,0.012552301255212618
medium,20000,554,CNN distance-density,3,4,1,0.6266909814323607,0.2537577365163572,0.9375,1.0,0.75,0,0,20,204,580,15580,0.08928571428531569,0.03333333333327778,0.04854368892438025,0.9521484374999418,0.024875621890516324
medium,20000,555,CNN distance-density,4,5,1,0.511852495908347,0.020192307692307686,0.8638297872340426,1.0,0.8,0,0,29,154,596,15605,0.15846994535432532,0.04639999999992576,0.07178217786726486,0.9542236328124417,0.037227214377359145
medium,20000,556,CNN distance-density,2,3,1,0.32698809523809524,0.16071428571428567,0.94,0.0,0.6666666666666667,0,1,0,135,256,15993,0.0,0.0,0.0,0.9761352539061904,0.0
medium,20000,557,CNN distance-density,3,3,0,0.5423132427843803,0.04139784946236558,0.868421052631579,1.0,1.0,0,0,0,100,331,15953,0.0,0.0,0.0,0.9736938476561905,0.0
medium,20000,558,CNN distance-density,3,4,1,0.6688787878787879,0.3466666666666667,0.9393939393939394,1.0,0.75,0,0,0,97,238,16049,0.0,0.0,0.0,0.9795532226561902,0.0
medium,20000,559,CNN distance-density,2,2,0,0.5790294117647059,0.12333333333333334,0.8676470588235294,1.0,1.0,0,0,3,66,184,16131,0.043478260868935095,0.01604278074857731,0.023437499606048587,0.9847412109374398,0.011857707509834555
medium,20000,560,CNN distance-density,3,3,0,0.40785987636149545,0.27906976744186046,0.9113924050632911,0.0,1.0,0,1,0,134,501,15749,0.0,0.0,0.0,0.9612426757811913,0.0
medium,20000,561,CNN distance-density,3,3,0,0.4911764705882353,0.0,0.7058823529411764,1.0,1.0,0,0,0,73,211,16100,0.0,0.0,0.0,0.98266601562494,0.0
medium,20000,562,CNN distance-density,2,3,1,0.5869047619047619,0.18571428571428572,0.9333333333333333,1.0,0.6666666666666667,0,0,28,50,203,16103,0.3589743589697567,0.1212121212115965,0.18122977308419475,0.9845581054686898,0.0996441281135244
medium,20000,563,CNN distance-density,4,5,1,0.5512548262548262,0.09132465799132465,0.9007936507936508,1.0,0.8,0,0,2,196,597,15589,0.010101010100959087,0.003338898163600436,0.005018820203725101,0.9515991210936919,0.0025157232704370873
medium,20000,564,CNN distance-density,2,2,0,0.5837733887733888,0.11709401709401708,0.9054054054054054,1.0,1.0,0,0,26,50,193,16115,0.34210526315339335,0.11872146118667251,0.17627118605697215,0.9851684570311898,0.0966542750925775
medium,20000,565,CNN distance-density,4,5,1,0.25047350462050033,0.06218718718718717,0.7124463519313304,0.0,0.8,2,0,9,136,461,15778,0.062068965516813325,0.019148936170172024,0.029268292322464147,0.9635620117186912,0.014851485148490344
medium,20000,566,CNN distance-density,2,2,0,0.7385694192377495,0.48454022988505746,0.8526315789473684,1.0,1.0,0,0,0,97,207,16080,0.0,0.0,0.0,0.98144531249994,0.0
medium,20000,567,CNN distance-density,2,2,0,0.5815,0.195,0.71875,1.0,1.0,0,0,0,46,152,16186,0.0,0.0,0.0,0.9879150390624397,0.0
medium,20000,568,CNN distance-density,2,3,1,0.7038719586374695,0.4225,0.9854014598540146,1.0,0.6666666666666667,0,0,0,127,121,16136,0.0,0.0,0.0,0.9848632812499398,0.0
medium,20000,569,CNN distance-density,3,3,0,0.3817998145770931,0.23597790773229368,0.8780487804878049,0.0,1.0,1,0,7,93,280,16004,0.0699999999993,0.02439024390235404,0.03617571021087141,0.9772338867186904,0.01842105263153047
medium,20000,570,CNN distance-density,4,5,1,0.31256963624610684,0.08214497920380272,0.978021978021978,0.0,0.8,0,1,8,252,658,15466,0.030769230769112428,0.012012012011993976,0.01727861730666282,0.9444580078124424,0.008714596949881574
medium,20000,571,CNN distance-density,1,1,0,0.5158536585365854,0.0,0.8292682926829268,1.0,1.0,0,0,5,64,250,16065,0.07246376811489183,0.01960784313717801,0.030864197195454204,0.9808349609374402,0.015673981191173435
medium,20000,572,CNN distance-density,5,5,0,0.3760657018426907,0.22340118588215999,0.8776758409785933,0.0,1.0,1,7,2,297,719,15366,0.00668896321067997,0.0027739251040183443,0.003921568213027725,0.9379882812499427,0.0019646365422377556
medium,20000,573,CNN distance-density,3,4,1,0.4779656862745098,0.030555555555555555,0.696078431372549,1.0,0.75,0,0,8,62,286,16028,0.11428571428408163,0.027210884353648945,0.043956043645151564,0.9787597656249403,0.022471910112296427
medium,20000,574,CNN distance-density,1,1,0,0.7514418604651163,0.52,0.8372093023255813,1.0,1.0,0,0,0,44,113,16227,0.0,0.0,0.0,0.9904174804686895,0.0
medium,20000,575,CNN distance-density,3,4,1,0.6148436293436292,0.27412698412698416,0.8324324324324324,1.0,0.75,0,0,1,187,382,15814,0.005319148936141919,0.0026109660574344363,0.003502626528528677,0.965270996093691,0.001754385964909203
medium,20000,576,CNN distance-density,5,5,0,0.3519745229195357,0.1947259929612871,0.8217391304347826,0.0,1.0,1,0,16,162,513,15693,0.08988764044893321,0.03024574669181428,0.045261668647155445,0.9588012695311915,0.023154848046276186
medium,20000,577,CNN distance-density,3,4,1,0.49062500000000003,0.0,0.828125,1.0,0.75,0,0,3,94,174,16113,0.030927835051227547,0.016949152542277125,0.02189780976144175,0.9836425781249399,0.011070110701066163
medium,20000,578,CNN distance-density,3,4,1,0.5509246056665804,0.09499341238471672,0.9158878504672897,1.0,0.75,0,0,0,103,155,16126,0.0,0.0,0.0,0.9842529296874399,0.0
medium,20000,579,CNN distance-density,1,1,0,0.5,0.0,0.75,1.0,1.0,0,0,0,22,89,16273,0.0,0.0,0.0,0.9932250976561894,0.0
medium,20000,580,CNN distance-density,5,5,0,0.3010175042348956,0.07428571428571427,0.8379446640316206,0.0,1.0,2,0,6,190,471,15717,0.030612244897803,0.012578616352174887,0.017830608799595533,0.9596557617186914,0.008995502248862076
medium,20000,581,CNN distance-density,2,3,1,0.6212274986917844,0.30038461538461536,0.846938775510204,1.0,0.6666666666666667,0,0,26,75,181,16102,0.25742574257170864,0.12560386473369275,0.16883116838929416,0.9843749999999399,0.09219858155995675
medium,20000,582,CNN distance-density,1,1,0,0.8319795918367346,0.6447619047619048,0.9591836734693877,1.0,1.0,0,0,0,48,50,16286,0.0,0.0,0.0,0.9940185546874393,0.0
medium,20000,583,CNN distance-density,2,3,1,0.5567883639349157,0.16419540229885057,0.8311688311688312,1.0,0.6666666666666667,0,0,0,157,274,15953,0.0,0.0,0.0,0.9736938476561905,0.0
medium,20000,584,CNN distance-density,4,5,1,0.2721568627450981,0.0,0.9607843137254902,0.0,0.8,1,0,12,180,438,15754,0.06249999999967448,0.026666666666607407,0.03738317715072641,0.9622802734374413,0.019047619047588813
medium,20000,585,CNN distance-density,3,3,0,0.5952431254822984,0.10782625334864139,0.9836065573770492,1.0,1.0,0,0,9,153,610,15612,0.055555555555212625,0.014539579967666333,0.023047374831190848,0.9534301757811918,0.0116580310880678
medium,20000,586,CNN distance-density,3,3,0,0.3902724358974359,0.20972222222222223,0.9794871794871794,0.0,1.0,1,1,13,168,477,15726,0.07182320441949269,0.026530612244843814,0.038748136714710564,0.9606323242186914,0.01975683890574505
medium,20000,587,CNN distance-density,1,1,0,0.39117647058823535,0.0,0.20588235294117652,1.0,1.0,0,0,0,8,114,16262,0.0,0.0,0.0,0.9925537109374394,0.0
medium,20000,588,CNN distance-density,1,1,0,0.6616702127659574,0.39,0.6808510638297872,1.0,1.0,0,0,0,33,48,16303,0.0,0.0,0.0,0.9950561523436893,0.0
medium,20000,589,CNN distance-density,1,1,0,0.8051373626373627,0.65,0.8131868131868132,1.0,1.0,0,0,0,75,278,16031,0.0,0.0,0.0,0.9784545898436903,0.0
medium,20000,590,CNN distance-density,3,4,1,0.35432640078297045,0.18291438979963573,0.9850746268656716,0.0,0.75,0,1,17,177,605,15585,0.08762886597892976,0.027331189710566993,0.04166666630411982,0.9522705078124418,0.021276595744654223
medium,20000,591,CNN distance-density,1,1,0,0.47,0.0,0.6,1.0,1.0,0,0,0,16,80,16288,0.0,0.0,0.0,0.9941406249999393,0.0
medium,20000,592,CNN distance-density,4,4,0,0.5462824074074074,0.06416666666666666,0.837037037037037,1.0,1.0,0,0,6,94,418,15866,0.0599999999994,0.014150943396193041,0.022900763049851412,0.9687499999999408,0.011583011582989222
medium,20000,593,CNN distance-density,5,5,0,0.26217031700288185,0.06066666666666667,0.6743515850144093,0.0,1.0,4,1,39,163,873,15309,0.19306930692973728,0.04276315789468995,0.07001795302434174,0.9367675781249428,0.03627906976740811
medium,20000,594,CNN distance-density,1,1,0,0.5111111111111111,0.0,0.8055555555555556,1.0,1.0,0,0,0,37,96,16251,0.0,0.0,0.0,0.9918823242186894,0.0
medium,20000,595,CNN distance-density,5,5,0,0.3969904620339403,0.21759197324414714,0.9953703703703703,0.0,1.0,1,0,3,210,349,15822,0.014084507042187397,0.00852272727270306,0.010619468556773457,0.965881347656191,0.005338078291805448
medium,20000,596,CNN distance-density,3,4,1,0.47262820512820514,0.4574074074074074,0.958974358974359,0.0,0.75,0,1,0,193,278,15913,0.0,0.0,0.0,0.9712524414061907,0.0
medium,20000,597,CNN distance-density,2,2,0,0.5154401881720431,0.17170698924731181,0.4408602150537635,1.0,1.0,0,0,3,36,228,16117,0.07692307692110455,0.012987012986956767,0.022222221974897125,0.9838867187499399,0.011235955056137694
medium,20000,598,CNN distance-density,2,3,1,0.25009208103130753,0.0,0.9171270718232044,0.0,0.6666666666666667,1,0,14,144,398,15828,0.08860759493614806,0.03398058252418937,0.04912280661665744,0.9669189453124409,0.025179856115062627
medium,20000,599,CNN distance-density,5,5,0,0.5509262500689123,0.10744206773618536,0.7628865979381443,1.0,1.0,0,0,7,120,356,15901,0.05511811023578647,0.019283746556420706,0.028571428187296966,0.9709472656249407,0.0144927536231584
medium,20000,600,CNN distance-density,2,2,0,0.55525,0.06499999999999999,0.88,1.0,1.0,0,0,0,90,289,16005,0.0,0.0,0.0,0.9768676757811904,0.0
medium,20000,601,CNN distance-density,4,4,0,0.4132948022959183,0.2934895833333333,0.9061224489795918,0.0,1.0,0,2,50,160,493,15681,0.23809523809410432,0.09208103130738107,0.13280212443142878,0.9601440429686914,0.07112375533418049
medium,20000,602,CNN distance-density,4,5,1,0.29647146034099336,0.04912280701754385,0.971830985915493,0.0,0.8,1,8,2,229,431,15722,0.008658008657971178,0.0046189376443311345,0.006024095931798009,0.9597167968749414,0.003021148036249213
medium,20000,603,CNN distance-density,4,5,1,0.30160248447204974,0.1114975845410628,0.8571428571428572,0.0,0.8,1,0,0,131,473,15780,0.0,0.0,0.0,0.9631347656249412,0.0
medium,20000,604,CNN distance-density,4,4,0,0.3480606435643565,0.20361111111111113,0.7821782178217822,0.0,1.0,1,1,35,113,440,15796,0.23648648648488863,0.07368421052616067,0.11235955019918635,0.966247558593691,0.059523809523708296
medium,20000,605,CNN distance-density,5,5,0,0.511924125874126,0.5491647241647242,0.8240000000000001,0.0,1.0,1,3,15,160,615,15594,0.08571428571379593,0.023809523809486016,0.03726708040498438,0.9526977539061918,0.018987341772127863
medium,20000,606,CNN distance-density,3,4,1,0.741044776119403,0.5,0.9552238805970149,1.0,0.75,0,0,0,138,399,15847,0.0,0.0,0.0,0.9672241210936909,0.0
medium,20000,607,CNN distance-density,4,4,0,0.29085505052223315,0.1432920536635707,0.6318681318681318,0.0,1.0,1,0,0,108,212,16064,0.0,0.0,0.0,0.9804687499999402,0.0
medium,20000,608,CNN distance-density,4,5,1,0.20855677154582766,0.06862745098039216,0.4883720930232558,0.0,0.8,1,0,5,68,320,15991,0.06849315068399324,0.015384615384568048,0.025125627841026746,0.9763183593749404,0.012722646310400198
medium,20000,609,CNN distance-density,4,4,0,0.5397697368421053,0.07083333333333333,0.7894736842105263,1.0,1.0,0,0,1,117,155,16111,0.008474576271114621,0.00641025641021532,0.007299269582556376,0.9833984374999399,0.0036630036629902453
medium,20000,610,CNN distance-density,5,5,0,0.5193988095238096,0.05898148148148147,0.7142857142857143,1.0,1.0,0,0,10,164,476,15734,0.0574712643674858,0.02057613168720046,0.03030302991467402,0.9609374999999413,0.015384615384591717
medium,20000,611,CNN distance-density,2,2,0,0.5035714285714286,0.0,0.7678571428571428,1.0,1.0,0,0,0,43,94,16247,0.0,0.0,0.0,0.9916381835936895,0.0
medium,20000,612,CNN distance-density,3,3,0,0.6481791155704199,0.26755852842809363,0.8888888888888888,1.0,1.0,0,0,0,66,223,16095,0.0,0.0,0.0,0.98236083984369,0.0
medium,20000,613,CNN distance-density,2,3,1,0.5359244652406417,0.15053921568627449,0.7575757575757576,1.0,0.6666666666666667,0,0,0,79,323,15982,0.0,0.0,0.0,0.9754638671874404,0.0
medium,20000,614,CNN distance-density,1,1,0,0.6178771929824561,0.26,0.7543859649122807,1.0,1.0,0,0,0,44,176,16164,0.0,0.0,0.0,0.9865722656249397,0.0
medium,20000,615,CNN distance-density,5,5,0,0.5802314439946019,0.2267251461988304,0.641025641025641,1.0,1.0,0,0,6,61,332,15985,0.08955223880463355,0.01775147928988831,0.029629629353354676,0.9760131835936904,0.015037593984924718
medium,20000,616,CNN distance-density,5,4,1,0.30978333333333335,0.18766666666666668,0.7266666666666667,0.0,0.8,1,0,0,99,263,16022,0.0,0.0,0.0,0.9779052734374403,0.0
medium,20000,617,CNN distance-density,2,2,0,0.6829626623376622,0.318560606060606,0.948051948051948,1.0,1.0,0,0,0,71,261,16052,0.0,0.0,0.0,0.9797363281249402,0.0
medium,20000,618,CNN distance-density,5,5,0,0.6213888779941168,0.24863276836158188,0.7975206611570248,1.0,1.0,0,0,0,193,553,15638,0.0,0.0,0.0,0.9544677734374417,0.0
medium,20000,619,CNN distance-density,3,3,0,0.559681533200342,0.036206896551724134,0.9669421487603306,1.0,1.0,0,0,1,114,377,15892,0.008695652173837429,0.002645502645495647,0.004056794774123768,0.9700317382811907,0.002032520325199121
medium,20000,620,CNN distance-density,4,5,1,0.26846094106247154,0.05714631782945736,0.8137254901960784,0.0,0.8,3,5,14,138,507,15725,0.09210526315728879,0.0268714011515799,0.041604754479311334,0.9606323242186914,0.021244309559907065
medium,20000,621,CNN distance-density,3,4,1,0.21995524296675195,0.07091503267973855,0.5652173913043479,0.0,0.75,1,0,6,67,318,15993,0.08219178082079188,0.018518518518461362,0.03022669995160175,0.9765014648436904,0.015345268542160242
medium,20000,622,CNN distance-density,4,4,0,0.559577868852459,0.065,0.9016393442622951,1.0,1.0,0,0,1,139,375,15869,0.007142857142806123,0.002659574468078033,0.003875968596824149,0.9686279296874408,0.0019417475728117637
medium,20000,623,CNN distance-density,2,3,1,0.3788529723991507,0.40499999999999997,0.6496815286624205,0.0,0.6666666666666667,0,2,51,61,307,15965,0.45535714285307716,0.1424581005582613,0.21702127623179723,0.9775390624999403,0.121718377088015
medium,20000,624,CNN distance-density,3,4,1,0.4944117647058824,0.0,0.8470588235294118,1.0,0.75,0,0,6,138,274,15966,0.04166666666637732,0.0214285714284949,0.028301886343761136,0.9748535156249405,0.014354066985611593
medium,20000,625,CNN distance-density,3,3,0,0.6849337606837607,0.38722222222222225,0.8034188034188035,1.0,1.0,0,0,12,78,248,16046,0.13333333333185185,0.04615384615366864,0.06857142818899593,0.9801025390624402,0.03550295857977662
medium,20000,626,CNN distance-density,4,5,1,0.2770321100917431,0.13,0.6926605504587156,0.0,0.8,2,0,19,132,455,15778,0.12582781456870312,0.04008438818556944,0.060799999633346556,0.9641723632811912,0.031353135313479615
medium,20000,627,CNN distance-density,2,2,0,0.5627232142857143,0.21875,0.5714285714285714,1.0,1.0,0,0,1,19,93,16271,0.0499999999975,0.010638297872227252,0.017543859359495234,0.9931640624999394,0.00884955752204558
medium,20000,628,CNN distance-density,4,5,1,0.33745415173970655,0.2027932636469222,0.8309859154929577,0.0,0.8,1,0,59,109,465,15751,0.3511904761883858,0.11259541984711337,0.17052023084570986,0.964965820312441,0.09320695102670899
medium,20000,629,CNN distance-density,2,2,0,0.6036666666666667,0.1933333333333333,0.8333333333333334,1.0,1.0,0,0,2,110,138,16134,0.017857142856983418,0.014285714285612245,0.015873015379062754,0.9848632812499398,0.007999999999968
medium,20000,630,CNN distance-density,4,5,1,0.33413516536414095,0.1590363511659808,0.9128440366972477,0.0,0.8,1,0,15,177,466,15726,0.0781249999995931,0.031185031184966353,0.044576522623272094,0.9607543945311914,0.02279635258355198
medium,20000,631,CNN distance-density,5,5,0,0.3200985221674877,0.06190476190476191,0.9612068965517241,0.0,1.0,2,0,46,162,574,15602,0.2211538461527829,0.07419354838697712,0.11111111073463792,0.9550781249999417,0.05882352941168949
medium,20000,632,CNN distance-density,1,1,0,0.4753333333333334,0.0,0.6266666666666667,1.0,1.0,0,0,0,48,76,16260,0.0,0.0,0.0,0.9924316406249394,0.0
medium,20000,633,CNN distance-density,5,5,0,0.5636862781345762,0.1165346742090928,0.8062283737024222,1.0,1.0,0,0,18,188,618,15560,0.08737864077627487,0.02830188679240833,0.042755344048352246,0.9508056640624419,0.021844660194148248
medium,20000,634,CNN distance-density,3,4,1,0.5646786554212959,0.09030131826741995,0.9952153110047847,1.0,0.75,0,0,35,176,534,15639,0.1658767772503987,0.06151142354997977,0.08974358934868838,0.9566650390624416,0.04697986577174902
medium,20000,635,CNN distance-density,1,1,0,0.9404761904761905,0.888888888888889,0.9523809523809523,1.0,1.0,0,0,0,21,68,16295,0.0,0.0,0.0,0.9945678710936893,0.0
medium,20000,636,CNN distance-density,2,2,0,0.2870967741935484,0.0,0.935483870967742,0.0,1.0,0,1,0,86,289,16009,0.0,0.0,0.0,0.9771118164061904,0.0
medium,20000,637,CNN distance-density,2,3,1,0.5197044817927171,0.13,0.7226890756302521,1.0,0.6666666666666667,0,0,24,98,248,16014,0.19672131147379737,0.08823529411732267,0.1218274107393646,0.9788818359374403,0.06486486486468955
medium,20000,638,CNN distance-density,2,2,0,0.51375,0.008333333333333342,0.8,1.0,1.0,0,0,0,64,259,16061,0.0,0.0,0.0,0.9802856445311902,0.0
medium,20000,639,CNN distance-density,2,2,0,0.5144444444444445,0.0,0.8222222222222222,1.0,1.0,0,0,12,101,332,15939,0.10619469026454695,0.03488372093013115,0.052516411006076166,0.9735717773436906,0.026966292134770864
medium,20000,640,CNN distance-density,1,1,0,0.5575,0.06999999999999998,0.88,1.0,1.0,0,0,0,20,99,16265,0.0,0.0,0.0,0.9927368164061894,0.0
medium,20000,641,CNN distance-density,5,5,0,0.3132743239095591,0.12339521119182137,0.7887323943661972,0.0,1.0,2,1,10,196,863,15315,0.048543689320152704,0.01145475372278184,0.01853568087731321,0.9353637695311929,0.009354536950412204
medium,20000,642,CNN distance-density,2,2,0,0.5861894155381325,0.14963768115942028,0.8442622950819672,1.0,1.0,0,0,21,83,359,15921,0.20192307692113534,0.055263157894591415,0.08677685916636499,0.9730224609374406,0.04535637149018282
medium,20000,643,CNN distance-density,3,4,1,0.5563676355066771,0.11356550580431177,0.9013157894736842,1.0,0.75,0,0,21,135,375,15853,0.13461538461452172,0.05303030303016912,0.07608695611598142,0.9688720703124408,0.03954802259879558
medium,20000,644,CNN distance-density,5,5,0,0.38930985109524985,0.21334313725490195,0.9665271966527197,0.0,1.0,2,1,62,166,392,15764,0.27192982456021086,0.13656387665168157,0.1818181813725544,0.965942382812441,0.09999999999983872
medium,20000,645,CNN distance-density,2,2,0,0.2885263157894737,0.062222222222222213,0.8026315789473684,0.0,1.0,1,0,5,50,109,16220,0.09090909090743803,0.04385964912242228,0.059171597193375586,0.9902954101561895,0.03048780487786288
medium,20000,646,CNN distance-density,3,4,1,0.5749298245614035,0.17333333333333334,0.8596491228070176,1.0,0.75,0,0,7,111,232,16034,0.059322033897802356,0.02928870292874775,0.039215685831728776,0.9790649414061903,0.01999999999994286
medium,20000,647,CNN distance-density,1,1,0,0.7849657534246576,0.65,0.7123287671232876,1.0,1.0,0,0,0,53,224,16107,0.0,0.0,0.0,0.9830932617186899,0.0
medium,20000,648,CNN distance-density,3,4,1,0.5158319209039548,0.065,0.807909604519774,1.0,0.75,0,0,3,116,181,16084,0.025210084033401595,0.016304347825998346,0.019801979720898834,0.98187255859369,0.009999999999966667
medium,20000,649,CNN distance-density,1,2,1,0.5372234042553192,0.12999999999999998,0.8936170212765957,1.0,0.5,0,0,7,88,78,16211,0.07368421052554017,0.08235294117550172,0.07777777727845679,0.9898681640624396,0.04046242774543086
medium,20000,650,CNN distance-density,3,3,0,0.2593220338983051,0.0,0.7966101694915254,0.0,1.0,1,0,8,106,455,15815,0.07017543859587565,0.017278617710545834,0.027729635731354136,0.965759277343691,0.014059753954281091
medium,20000,651,CNN distance-density,3,3,0,0.3623465568862275,0.1625,0.9461077844311377,0.0,1.0,0,2,0,153,453,15778,0.0,0.0,0.0,0.9630126953124412,0.0
medium,20000,652,CNN distance-density,1,1,0,0.7075,0.35,1.0,1.0,1.0,0,0,0,29,29,16326,0.0,0.0,0.0,0.9964599609374392,0.0
medium,20000,653,CNN distance-density,4,5,1,0.5929659863945578,0.2918518518518518,0.6581632653061225,1.0,0.8,0,0,0,129,395,15860,0.0,0.0,0.0,0.9680175781249409,0.0
medium,20000,654,CNN distance-density,5,5,0,0.3883619478695177,0.2023255813953488,0.9865771812080537,0.0,1.0,1,0,3,145,301,15935,0.02027027027013331,0.009868421052599117,0.013274335842685427,0.9727783203124406,0.006681514476599819
medium,20000,655,CNN distance-density,4,4,0,0.17201840753424658,0.041319444444444436,0.26712328767123283,0.0,1.0,1,0,0,40,333,16011,0.0,0.0,0.0,0.9772338867186904,0.0
medium,20000,656,CNN distance-density,4,4,0,0.3253212587190869,0.160687134502924,0.7650602409638554,0.0,1.0,2,0,1,126,453,15804,0.007874015747969495,0.002202643171801316,0.0034423404501112737,0.964660644531191,0.00172413793103151
medium,20000,657,CNN distance-density,4,5,1,0.3038948747815958,0.11470588235294117,0.8613861386138614,0.0,0.8,1,0,35,134,590,15625,0.2071005917147509,0.0559999999999104,0.08816120873270246,0.9558105468749416,0.04611330698281144
medium,20000,658,CNN distance-density,3,3,0,0.5376521937644041,0.04177718832891246,0.8442622950819672,1.0,1.0,0,0,9,92,276,16007,0.08910891089020684,0.03157894736831025,0.046632123965703785,0.9775390624999403,0.023872679045029516
medium,20000,659,CNN distance-density,3,4,1,0.297952677916361,0.12287356321839081,0.8382978723404255,0.0,0.75,0,1,0,224,320,15840,0.0,0.0,0.0,0.9667968749999409,0.0
medium,20000,660,CNN distance-density,4,4,0,0.4861256544502618,0.0,0.6806282722513088,1.0,1.0,0,0,3,114,408,15859,0.025641025640806486,0.007299270072974941,0.011363636018616575,0.9681396484374409,0.00571428571427483
medium,20000,661,CNN distance-density,1,1,0,0.49736842105263157,0.0,0.736842105263158,1.0,1.0,0,0,0,15,20,16349,0.0,0.0,0.0,0.997863769531189,0.0
medium,20000,662,CNN distance-density,3,5,2,0.2795903010033445,0.08285024154589372,0.9115384615384615,0.0,0.6,1,0,36,193,662,15493,0.15720524017398602,0.0515759312320178,0.07766990254043794,0.9478149414061922,0.040404040403995055
medium,20000,663,CNN distance-density,4,5,1,0.3087415138502457,0.1861282112889313,0.7249190938511327,0.0,0.8,1,6,0,276,609,15499,0.0,0.0,0.0,0.9459838867186923,0.0
medium,20000,664,CNN distance-density,2,2,0,0.6339285714285715,0.25,0.8571428571428572,1.0,1.0,0,0,0,140,393,15851,0.0,0.0,0.0,0.9674682617186909,0.0
medium,20000,665,CNN distance-density,3,4,1,0.5436785714285715,0.10499999999999998,0.8571428571428572,1.0,0.75,0,0,0,106,449,15829,0.0,0.0,0.0,0.966125488281191,0.0
medium,20000,666,CNN distance-density,1,1,0,0.645,0.23333333333333334,0.95,1.0,1.0,0,0,0,19,21,16344,0.0,0.0,0.0,0.997558593749939,0.0
medium,20000,667,CNN distance-density,4,5,1,0.2924586466165414,0.09953216374269006,0.8383458646616542,0.0,0.8,2,0,3,219,385,15777,0.013513513513452643,0.007731958762866671,0.009836065110765947,0.9631347656249412,0.004942339373962204
medium,20000,668,CNN distance-density,3,4,1,0.7028419811320754,0.45075995807127883,0.875,1.0,0.75,0,0,40,87,347,15910,0.3149606299187798,0.10335917312634792,0.15564202297363322,0.9735107421874406,0.08438818565383041
medium,20000,669,CNN distance-density,1,1,0,0.7420645161290322,0.52,0.7903225806451613,1.0,1.0,0,0,0,50,63,16271,0.0,0.0,0.0,0.9931030273436894,0.0
medium,20000,670,CNN distance-density,1,1,0,0.5196969696969697,0.0,0.8484848484848485,1.0,1.0,0,0,0,29,104,16251,0.0,0.0,0.0,0.9918823242186894,0.0
medium,20000,671,CNN distance-density,2,2,0,0.6025827205882353,0.13645833333333332,0.9558823529411765,1.0,1.0,0,0,0,56,58,16270,0.0,0.0,0.0,0.9930419921874394,0.0
medium,20000,672,CNN distance-density,4,5,1,0.231219512195122,0.0,0.7560975609756098,0.0,0.8,2,0,7,145,589,15643,0.04605263157864439,0.011744966442933314,0.01871657721622724,0.9552001953124417,0.009446693657207225
medium,20000,673,CNN distance-density,3,4,1,0.3048086626844503,0.08677685950413222,0.9537953795379538,0.0,0.75,2,2,63,183,818,15320,0.2560975609745687,0.07150964812704709,0.11180124189456031,0.9389038085936927,0.05921052631573383
medium,20000,674,CNN distance-density,5,4,1,0.5006315828882344,0.029264214046822733,0.7873134328358209,1.0,0.8,0,0,25,166,608,15585,0.13089005235533566,0.03949447077402923,0.0606796112942048,0.9527587890624418,0.031289111389197384
medium,20000,675,CNN distance-density,2,2,0,0.305476310483871,0.08385416666666666,0.8387096774193549,0.0,1.0,0,1,0,118,326,15940,0.0,0.0,0.0,0.9729003906249406,0.0
medium,20000,676,CNN distance-density,4,5,1,0.3156628964976527,0.1630205146137483,0.8115183246073299,0.0,0.8,0,5,8,158,367,15851,0.048192771084047036,0.021333333333276444,0.029574860942350206,0.9679565429686909,0.01500938086301124
medium,20000,677,CNN distance-density,4,4,0,0.391854938271605,0.26722222222222225,0.8580246913580247,0.0,1.0,1,1,16,110,251,16007,0.12698412698311917,0.059925093632734364,0.08142493595071514,0.9779663085936903,0.042440318302274696
medium,20000,678,CNN distance-density,2,2,0,0.552937866927593,0.1430365296803653,0.6928571428571428,1.0,1.0,0,0,4,136,301,15943,0.02857142857122449,0.013114754098317657,0.017977527658548174,0.9733276367186906,0.009070294784559932
medium,20000,679,CNN distance-density,1,1,0,0.49782608695652175,0.0,0.7391304347826086,1.0,1.0,0,0,0,17,24,16343,0.0,0.0,0.0,0.997497558593689,0.0
medium,20000,680,CNN distance-density,5,5,0,0.5616615192403798,0.1499080459770115,0.7210144927536232,1.0,1.0,0,0,10,172,573,15629,0.054945054944753054,0.017152658662063204,0.026143790486988772,0.9545288085936917,0.013245033112565238
medium,20000,681,CNN distance-density,2,2,0,0.6636074561403509,0.2680555555555556,0.9649122807017544,1.0,1.0,0,0,0,55,199,16130,0.0,0.0,0.0,0.9844970703124399,0.0
medium,20000,682,CNN distance-density,2,2,0,0.6579521276595744,0.325,0.8085106382978724,1.0,1.0,0,0,0,40,125,16219,0.0,0.0,0.0,0.9899291992186896,0.0
medium,20000,683,CNN distance-density,1,1,0,0.4966666666666667,0.0,0.7333333333333334,1.0,1.0,0,0,0,11,54,16319,0.0,0.0,0.0,0.9960327148436892,0.0
medium,20000,684,CNN distance-density,3,3,0,0.3817663043478261,0.21712962962962964,0.9202898550724637,0.0,1.0,0,1,0,131,130,16123,0.0,0.0,0.0,0.9840698242186899,0.0
medium,20000,685,CNN distance-density,2,2,0,0.3925020703933747,0.2955072463768116,0.7976190476190477,0.0,1.0,0,1,0,129,170,16085,0.0,0.0,0.0,0.98175048828119,0.0
medium,20000,686,CNN distance-density,3,4,1,0.339883069828722,0.15648148148148147,0.9723320158102767,0.0,0.75,1,2,12,219,284,15869,0.05194805194782707,0.04054054054040358,0.04554079647138038,0.9692993164061908,0.023300970873741163
medium,20000,687,CNN distance-density,1,2,1,0.5562908415841585,0.21749999999999997,0.7920792079207921,1.0,0.5,0,0,42,60,207,16075,0.41176470587831604,0.1686746987945033,0.2393162389025738,0.9837036132811899,0.1359223300966475
medium,20000,688,CNN distance-density,4,5,1,0.3850299295774648,0.2500925925925926,0.9624413145539906,0.0,0.8,1,0,0,204,512,15668,0.0,0.0,0.0,0.9562988281249416,0.0
medium,20000,689,CNN distance-density,2,2,0,0.6001623376623376,0.25,0.6883116883116883,1.0,1.0,0,0,3,41,109,16231,0.0681818181802686,0.02678571428547513,0.038461538056048655,0.9908447265624395,0.019607843137126747
medium,20000,690,CNN distance-density,3,3,0,0.5870439729761764,0.15011655011655012,0.847457627118644,1.0,1.0,0,0,8,99,219,16058,0.07476635513948816,0.03524229074874343,0.047904191181021204,0.9805908203124402,0.02453987730053822
medium,20000,691,CNN distance-density,1,1,0,0.7803823529411764,0.5276470588235294,0.9647058823529412,1.0,1.0,0,0,0,83,264,16037,0.0,0.0,0.0,0.9788208007811903,0.0
medium,20000,692,CNN distance-density,1,1,0,0.7526609195402298,0.4759003831417624,0.9425287356321839,1.0,1.0,0,0,0,83,266,16035,0.0,0.0,0.0,0.9786987304686903,0.0
medium,20000,693,CNN distance-density,4,5,1,0.23870809061488676,0.06933333333333333,0.6375404530744336,0.0,0.8,4,1,12,167,438,15767,0.06703910614487688,0.026666666666607407,0.03815580245437657,0.9630737304686912,0.01944894651536556
medium,20000,694,CNN distance-density,3,3,0,0.2734265734265734,0.0,0.8671328671328671,0.0,1.0,1,0,20,92,400,15872,0.17857142856983418,0.04761904761893424,0.0751879695921194,0.9699707031249408,0.03906249999992371
medium,20000,695,CNN distance-density,1,1,0,0.9305555555555555,0.8703703703703703,0.9444444444444444,1.0,1.0,0,0,0,45,86,16253,0.0,0.0,0.0,0.9920043945311894,0.0
medium,20000,696,CNN distance-density,5,5,0,0.30184087215601296,0.1449358974358974,0.6830985915492958,0.0,1.0,1,0,1,94,227,16062,0.01052631578936288,0.004385964912261465,0.0061919500491330595,0.9804077148436902,0.003105590062102157
medium,20000,697,CNN distance-density,4,5,1,0.30866613121863107,0.11906036277133511,0.8754448398576512,0.0,0.8,1,1,11,219,651,15503,0.0478260869563138,0.01661631419937067,0.02466367674726518,0.9468994140624422,0.012485811577738383
medium,20000,698,CNN distance-density,5,5,0,0.46920597484276727,0.32499999999999996,0.6981132075471699,0.3333333333333333,1.0,3,3,27,187,681,15489,0.12616822429847585,0.03813559322028512,0.0585683293614137,0.9470214843749422,0.030167597765329422
medium,20000,699,CNN distance-density,3,3,0,0.30130884855360185,0.0597560975609756,0.872093023255814,0.0,1.0,0,1,0,169,239,15976,0.0,0.0,0.0,0.9750976562499405,0.0
medium,20000,700,CNN distance-density,5,5,0,0.31128444768390595,0.10191270860077022,0.8271186440677967,0.0,1.0,1,1,16,194,612,15562,0.07619047619011338,0.025477707006328856,0.038186157142212684,0.9508056640624419,0.019464720194623523
medium,20000,701,CNN distance-density,4,5,1,0.3146907665505227,0.09722222222222222,0.9547038327526133,0.0,0.8,1,0,22,236,753,15373,0.08527131782912686,0.02838709677415692,0.04259438491073566,0.9396362304686926,0.021760633036575903
medium,20000,702,CNN distance-density,5,5,0,0.29874303338351094,0.09206840093129796,0.7865612648221344,0.0,1.0,1,0,24,155,501,15704,0.13407821228975375,0.04571428571419864,0.06818181780239944,0.9599609374999414,0.03529411764700692
medium,20000,703,CNN distance-density,3,4,1,0.48459121621621626,0.0963888888888889,0.5810810810810811,1.0,0.75,0,0,6,191,275,15912,0.03045685279172357,0.0213523131671838,0.025104602025796122,0.9715576171874407,0.012711864406752729
medium,20000,704,CNN distance-density,3,4,1,0.22201422623178352,0.02474747474747475,0.6793893129770993,0.0,0.75,1,0,0,231,467,15686,0.0,0.0,0.0,0.9573974609374415,0.0
medium,20000,705,CNN distance-density,3,4,1,0.8321988327103418,0.6913786696395392,0.9803921568627451,1.0,0.75,0,0,0,154,489,15741,0.0,0.0,0.0,0.9607543945311914,0.0
medium,20000,706,CNN distance-density,1,1,0,0.8363095238095238,0.6944444444444444,0.8690476190476191,1.0,1.0,0,0,0,74,261,16049,0.0,0.0,0.0,0.9795532226561902,0.0
medium,20000,707,CNN distance-density,3,4,1,0.528908275713051,0.033653846153846145,0.9438202247191011,1.0,0.75,0,0,2,86,285,16011,0.022727272727014462,0.0069686411149582975,0.010666666307413345,0.9773559570311903,0.0053619302948917915
medium,20000,708,CNN distance-density,5,5,0,0.5472275966970882,0.1947179487179487,0.5480225988700564,1.0,1.0,0,0,2,90,324,15968,0.021739130434546314,0.006134969325134555,0.009569377647077689,0.9747314453124405,0.004807692307680751
medium,20000,709,CNN distance-density,5,5,0,0.33088210702341136,0.19362690449646972,0.71875,0.0,1.0,1,1,2,140,360,15882,0.014084507042154335,0.005524861878437777,0.007936507531746052,0.9694824218749408,0.003984063745011984
medium,20000,710,CNN distance-density,5,5,0,0.2898494337755949,0.15812854442344043,0.5934579439252337,0.0,1.0,2,0,3,125,405,15851,0.023437499999816896,0.007352941176452566,0.011194029487149154,0.9676513671874409,0.005628517823629215
medium,20000,711,CNN distance-density,3,3,0,0.629151376146789,0.21666666666666667,0.908256880733945,1.0,1.0,0,0,0,109,136,16139,0.0,0.0,0.0,0.9850463867186898,0.0
medium,20000,712,CNN distance-density,2,3,1,0.6031812515582149,0.37142857142857144,0.5968586387434556,1.0,0.6666666666666667,0,0,32,81,249,16022,0.28318584070545855,0.1138790035583136,0.16243654781343245,0.9798583984374402,0.08839779005500444
medium,20000,713,CNN distance-density,5,5,0,0.5763938621284699,0.1199557089444924,0.8620689655172413,1.0,1.0,0,0,50,125,474,15735,0.28571428571265306,0.09541984732806218,0.14306151607630765,0.9634399414061912,0.07704160246521258
medium,20000,714,CNN distance-density,4,5,1,0.3946618087794559,0.2921522921522922,0.9159663865546218,0.0,0.8,2,0,60,270,703,15351,0.18181818181763085,0.07863695937080126,0.10978956956912028,0.9406127929686926,0.058083252662092855
medium,20000,715,CNN distance-density,4,5,1,0.520527073732719,0.0875,0.7557603686635945,1.0,0.8,0,0,6,138,485,15755,0.04166666666637732,0.012219959266777556,0.018897637444523538,0.9619750976561913,0.009538950715406138
medium,20000,716,CNN distance-density,2,3,1,0.2737380952380952,0.13,0.7428571428571429,0.0,0.6666666666666667,1,1,50,88,267,15979,0.3623188405770847,0.15772870662410812,0.2197802193566381,0.9783325195311903,0.12345679012315196
medium,20000,717,CNN distance-density,2,2,0,0.5935384444197174,0.13417899929527838,0.9157894736842105,1.0,1.0,0,0,9,87,170,16118,0.09374999999902343,0.050279329608657664,0.06545454499961653,0.9843139648436899,0.033834586466038215
medium,20000,718,CNN distance-density,4,5,1,0.5323585858585859,0.08604938271604938,0.8181818181818181,1.0,0.8,0,0,10,127,282,15965,0.07299270072939422,0.03424657534234847,0.046620046185100066,0.9750366210936905,0.023866348448630392
medium,20000,719,CNN distance-density,2,2,0,0.4870833333333333,0.04537037037037035,0.5833333333333333,1.0,1.0,0,0,0,65,110,16209,0.0,0.0,0.0,0.9893188476561896,0.0
medium,20000,720,CNN distance-density,1,1,0,0.7931849315068493,0.65,0.7534246575342466,1.0,1.0,0,0,0,56,228,16100,0.0,0.0,0.0,0.98266601562494,0.0
medium,20000,721,CNN distance-density,5,5,0,0.5403464717101081,0.053846153846153835,0.8305785123966942,1.0,1.0,0,0,11,181,680,15512,0.05729166666636828,0.015918958031814878,0.024915061947278983,0.9474487304686922,0.012614678899068102
medium,20000,722,CNN distance-density,5,5,0,0.28415683073832243,0.14772727272727273,0.5883977900552486,0.0,1.0,1,0,26,177,924,15257,0.12807881773335922,0.02736842105260277,0.04509973951898626,0.932800292968693,0.023070097604238626
medium,20000,723,CNN distance-density,5,5,0,0.2389628144367481,0.08974358974358974,0.4928909952606635,0.0,1.0,2,1,5,88,434,15857,0.05376344085963695,0.011389521640065172,0.018796992192626778,0.9681396484374409,0.009487666034137594
medium,20000,724,CNN distance-density,3,4,1,0.6593132530120482,0.3466666666666667,0.891566265060241,1.0,0.75,0,0,3,148,314,15919,0.0198675496687426,0.009463722397446486,0.012820512383364395,0.9718017578124407,0.006451612903211932
medium,20000,725,CNN distance-density,1,2,1,0.6812868217054264,0.52,0.7364341085271318,1.0,0.5,0,0,58,73,236,16017,0.4427480915996737,0.19727891156395483,0.27294117604285123,0.98114013671869,0.15803814713853395
medium,20000,726,CNN distance-density,4,4,0,0.3543571917382108,0.12664171263462043,0.9868421052631579,0.0,1.0,0,1,31,117,415,15821,0.2094594594580442,0.06950672645724326,0.10437710400259612,0.9675292968749409,0.05506216696260202
medium,20000,727,CNN distance-density,3,4,1,0.6045946608373078,0.28406656656656654,0.7588235294117647,1.0,0.75,0,0,17,157,285,15925,0.09770114942472587,0.056291390728290425,0.07142857096442695,0.9730224609374406,0.03703703703695635
medium,20000,728,CNN distance-density,1,1,0,0.5064102564102564,0.0,0.782051282051282,1.0,1.0,0,0,8,54,71,16251,0.12903225806243498,0.10126582278352828,0.1134751768106232,0.9923706054686894,0.06015037593939737
medium,20000,729,CNN distance-density,4,3,1,0.4514080679730557,0.03677536231884058,0.5492957746478873,1.0,0.75,0,0,0,77,146,16161,0.0,0.0,0.0,0.9863891601561897,0.0
medium,20000,730,CNN distance-density,2,2,0,0.5570277777777778,0.06499999999999999,0.8888888888888888,1.0,1.0,0,0,0,66,118,16200,0.0,0.0,0.0,0.9887695312499396,0.0
medium,20000,731,CNN distance-density,4,5,1,0.3314698176213717,0.13960784313725488,0.9432314410480349,0.0,0.8,1,0,40,163,453,15728,0.1970443349743988,0.08113590263675226,0.11494252832210741,0.9624023437499413,0.06097560975600461
medium,20000,732,CNN distance-density,5,5,0,0.6290588303416329,0.20965656565656565,0.9235668789808917,1.0,1.0,0,0,6,288,896,15194,0.020408163265236708,0.006651884700657814,0.010033444445252305,0.9277343749999434,0.005042016806718452
medium,20000,733,CNN distance-density,4,5,1,0.28321436875145317,0.06862745098039216,0.8616600790513834,0.0,0.8,1,0,20,171,502,15691,0.10471204188426853,0.03831417624513733,0.05610098137478093,0.9589233398436915,0.028860028859987216
medium,20000,734,CNN distance-density,4,5,1,0.36606683034333437,0.19854559748427675,0.9836065573770492,0.0,0.8,0,1,0,167,505,15712,0.0,0.0,0.0,0.9589843749999415,0.0
medium,20000,735,CNN distance-density,3,4,1,0.3255851883561644,0.12803652968036527,0.96484375,0.0,0.75,0,2,11,222,749,15402,0.04721030042898193,0.014473684210507272,0.022155085239978955,0.9407348632811926,0.011201629327890834
medium,20000,736,CNN distance-density,3,4,1,0.26527929776561787,0.04041394335511982,0.8604651162790697,0.0,0.75,1,1,3,129,311,15941,0.022727272727100553,0.009554140127358108,0.01345291438140724,0.9731445312499406,0.006772009029330086
medium,20000,737,CNN distance-density,3,3,0,0.5165578947368421,0.052000000000000005,0.7157894736842105,1.0,1.0,0,0,0,61,206,16117,0.0,0.0,0.0,0.9837036132811899,0.0
medium,20000,738,CNN distance-density,3,4,1,0.48913680414694616,0.10421205519244735,0.5862068965517242,1.0,0.75,0,0,0,66,186,16132,0.0,0.0,0.0,0.9846191406249398,0.0
medium,20000,739,CNN distance-density,3,4,1,0.5440839416058394,0.13,0.8029197080291971,1.0,0.75,0,0,20,121,329,15914,0.1418439716301997,0.05730659025771546,0.08163265265098711,0.9725341796874406,0.04255319148927116
medium,20000,740,CNN distance-density,2,3,1,0.1965811965811966,0.0,0.6495726495726496,0.0,0.6666666666666667,1,0,8,57,236,16083,0.12307692307502958,0.03278688524576727,0.05177993494253308,0.98211669921869,0.0265780730896127
medium,20000,741,CNN distance-density,4,4,0,0.2715517001114828,0.06213768115942029,0.717948717948718,0.0,1.0,0,1,10,65,343,15966,0.13333333333155556,0.028328611897936746,0.04672897167334483,0.9750976562499405,0.023923444976019323
medium,20000,742,CNN distance-density,2,2,0,0.7395625,0.5279166666666667,0.76,1.0,1.0,0,0,0,135,345,15904,0.0,0.0,0.0,0.9707031249999407,0.0
medium,20000,743,CNN distance-density,5,5,0,0.5594100456621005,0.096,0.8310502283105023,1.0,1.0,0,0,13,155,677,15539,0.07738095238049178,0.018840579710117624,0.030303029988029844,0.949218749999942,0.015384615384597178
medium,20000,744,CNN distance-density,3,3,0,0.5699038461538461,0.10833333333333334,0.8557692307692308,1.0,1.0,0,0,28,54,243,16059,0.34146341462998214,0.10332103320995085,0.15864022627132873,0.98187255859369,0.08615384615358107
medium,20000,745,CNN distance-density,1,1,0,0.5078947368421053,0.0,0.7894736842105263,1.0,1.0,0,0,0,16,20,16348,0.0,0.0,0.0,0.997802734374939,0.0
medium,20000,746,CNN distance-density,4,3,1,0.2687581001992688,0.03520886615515771,0.8895705521472392,0.0,0.75,1,0,21,101,473,15789,0.1721311475395727,0.04251012145740383,0.06818181786394206,0.964965820312441,0.03529411764699951
medium,20000,747,CNN distance-density,4,5,1,0.4879245707023743,0.02899610136452241,0.7243816254416962,1.0,0.8,0,0,9,220,425,15730,0.039301310043496504,0.02073732718889231,0.027149320814688942,0.9606323242186914,0.013761467889887215
medium,20000,748,CNN distance-density,2,2,0,0.6586620879120879,0.2854273504273504,0.9010989010989011,1.0,1.0,0,0,0,84,287,16013,0.0,0.0,0.0,0.9773559570311903,0.0
medium,20000,749,CNN distance-density,5,5,0,0.53251444460494,0.0008257499157398028,0.9107142857142857,1.0,1.0,0,0,5,234,810,15335,0.020920502091962678,0.0061349693251458465,0.00948766568346303,0.9362792968749428,0.004766444232597935
medium,20000,750,CNN distance-density,5,5,0,0.3721531170607778,0.2814181486548108,0.7275747508305648,0.0,1.0,0,5,9,259,650,15466,0.0335820895521135,0.013657056145654541,0.01941747531706716,0.9445190429686924,0.009803921568616772
medium,20000,751,CNN distance-density,4,5,1,0.2705667701863354,0.18055555555555555,0.5465838509316769,0.0,0.8,1,0,7,79,367,15931,0.08139534883626284,0.018716577540056907,0.03043478230455577,0.9727783203124406,0.015452538631312468
medium,20000,752,CNN distance-density,2,2,0,0.5154320987654321,0.0,0.8271604938271605,1.0,1.0,0,0,1,104,221,16058,0.009523809523718821,0.004504504504484214,0.006116207515042724,0.9801635742186902,0.0030674846625672776
medium,20000,753,CNN distance-density,3,3,0,0.4201030927835051,0.0,0.35051546391752575,1.0,1.0,0,0,0,31,137,16216,0.0,0.0,0.0,0.9897460937499396,0.0
medium,20000,754,CNN distance-density,2,3,1,0.5887993197278911,0.2011111111111111,0.9081632653061225,1.0,0.6666666666666667,0,0,2,88,162,16132,0.02222222222197531,0.012195121951145152,0.015748031038378088,0.9847412109374398,0.007936507936476442
medium,20000,755,CNN distance-density,4,4,0,0.5050419207317073,0.08437499999999999,0.5853658536585367,1.0,1.0,0,0,12,77,451,15844,0.13483146067264234,0.025917926565818754,0.043478260598935364,0.9677734374999409,0.022222222222181072
medium,20000,756,CNN distance-density,2,2,0,0.6241577669902912,0.195,0.9320388349514563,1.0,1.0,0,0,0,77,247,16060,0.0,0.0,0.0,0.9802246093749402,0.0
medium,20000,757,CNN distance-density,2,3,1,0.5292947154471545,0.195,0.624390243902439,1.0,0.6666666666666667,0,0,19,139,298,15928,0.12025316455620094,0.05993690851716108,0.07999999955568755,0.9733276367186906,0.04166666666657529
medium,20000,758,CNN distance-density,1,1,0,0.6003333333333333,0.26,0.6666666666666667,1.0,1.0,0,0,0,51,76,16257,0.0,0.0,0.0,0.9922485351561894,0.0
medium,20000,759,CNN distance-density,3,3,0,0.308041958041958,0.12727272727272726,0.7538461538461538,0.0,1.0,0,1,0,48,182,16154,0.0,0.0,0.0,0.9859619140624398,0.0
medium,20000,760,CNN distance-density,4,5,1,0.33553484572123426,0.189560639070443,0.8511627906976744,0.0,0.8,2,3,34,168,524,15658,0.16831683168233508,0.06093189964146786,0.08947368382000001,0.9577636718749415,0.046831955922800504
medium,20000,761,CNN distance-density,5,5,0,0.3191991341991342,0.05007215007215007,0.9833333333333333,0.0,1.0,0,1,0,164,493,15727,0.0,0.0,0.0,0.9598999023436914,0.0
medium,20000,762,CNN distance-density,1,1,0,0.5166666666666667,0.0,0.8333333333333334,1.0,1.0,0,0,0,21,25,16338,0.0,0.0,0.0,0.9971923828124392,0.0
medium,20000,763,CNN distance-density,5,5,0,0.30883875106929004,0.14206349206349206,0.7245508982035929,0.0,1.0,1,0,0,118,362,15904,0.0,0.0,0.0,0.9707031249999407,0.0
medium,20000,764,CNN distance-density,1,1,0,0.55125,0.05833333333333331,0.875,1.0,1.0,0,0,0,29,101,16254,0.0,0.0,0.0,0.9920654296874394,0.0
medium,20000,765,CNN distance-density,3,4,1,0.4953975932043417,0.026923076923076918,0.7914110429447853,1.0,0.75,0,0,2,112,224,16046,0.017543859648968912,0.008849557522084738,0.011764705436539812,0.9794921874999402,0.005917159763296103
medium,20000,766,CNN distance-density,5,5,0,0.2757187558817994,0.06340579710144928,0.7359307359307359,0.0,1.0,1,0,24,136,476,15748,0.14999999999906252,0.047999999999904,0.07272727235974288,0.9626464843749413,0.03773584905654444
medium,20000,767,CNN distance-density,5,5,0,0.4057140285279047,0.23670498084291186,0.9959839357429718,0.0,1.0,0,6,64,155,705,15460,0.29223744292104004,0.08322496749013886,0.1295546555251295,0.9475097656249422,0.06926406926399431
medium,20000,768,CNN distance-density,2,2,0,0.5386792452830189,0.0,0.9433962264150944,1.0,1.0,0,0,0,50,91,16243,0.0,0.0,0.0,0.9913940429686895,0.0
medium,20000,769,CNN distance-density,3,3,0,0.5783630952380953,0.16884920634920633,0.7619047619047619,1.0,1.0,0,0,1,137,295,15951,0.007246376811541694,0.003378378378366965,0.004608294497122512,0.9736328124999406,0.0023094688221655672
medium,20000,770,CNN distance-density,4,5,1,0.4721312372337321,0.04142512077294686,0.6174496644295302,1.0,0.8,0,0,6,80,452,15846,0.06976744185965386,0.013100436681194105,0.02205882326313798,0.9675292968749409,0.011152416356856595
medium,20000,771,CNN distance-density,3,4,1,0.312352534562212,0.17824372759856633,0.7857142857142857,0.0,0.75,0,3,0,118,343,15923,0.0,0.0,0.0,0.9718627929686906,0.0
medium,20000,772,CNN distance-density,5,5,0,0.3014471688574317,0.01710481968318167,0.96875,0.0,1.0,1,1,14,218,540,15612,0.060344827585946795,0.025270758122698068,0.03562340925303499,0.9537353515624417,0.018134715025883246
medium,20000,773,CNN distance-density,4,5,1,0.6488081103678931,0.32213768115942026,0.8692307692307693,1.0,0.8,0,0,0,116,288,15980,0.0,0.0,0.0,0.9753417968749405,0.0
medium,20000,774,CNN distance-density,4,5,1,0.34212859029382636,0.22008547008547005,0.8154506437768241,0.0,0.8,2,2,29,150,354,15851,0.16201117318345246,0.07571801566559865,0.10320284654060233,0.9692382812499408,0.054409005628415746
medium,20000,775,CNN distance-density,2,2,0,0.6079629010695188,0.17455808080808077,0.8970588235294118,1.0,1.0,0,0,7,62,162,16153,0.10144927536084855,0.04142011834295018,0.058823528999541,0.9863281249999398,0.030303030302899124
medium,20000,776,CNN distance-density,4,4,0,0.3462808857808858,0.11424242424242424,0.9743589743589743,0.0,1.0,3,6,36,129,424,15795,0.2181818181804959,0.07826086956504726,0.11519999961102334,0.966247558593691,0.061120543293614396
medium,20000,777,CNN distance-density,4,5,1,0.2870131921218878,0.06282051282051282,0.893719806763285,0.0,0.8,1,0,19,136,456,15773,0.12258064516049949,0.03999999999991579,0.06031745994626859,0.9638671874999412,0.031096563011405735
medium,20000,778,CNN distance-density,1,1,0,0.4932098765432099,0.0,0.7160493827160495,1.0,1.0,0,0,9,40,163,16172,0.18367346938400667,0.052325581395044625,0.08144796345504803,0.9876098632811897,0.042452830188479
medium,20000,779,CNN distance-density,5,5,0,0.5874836727402644,0.19476543209876543,0.7491961414790997,1.0,1.0,0,0,6,202,732,15444,0.028846153846015164,0.008130081300801992,0.012684989086090772,0.9429931640624424,0.006382978723397465
medium,20000,780,CNN distance-density,3,4,1,0.20385327635327635,0.001440329218106989,0.641025641025641,0.0,0.75,1,0,2,145,234,16003,0.013605442176778195,0.008474576271150532,0.010443863756709795,0.9768676757811904,0.00524934383200722
medium,20000,781,CNN distance-density,3,4,1,0.6497559117183396,0.3209090909090909,0.9017341040462428,1.0,0.75,0,0,16,160,207,16001,0.09090909090857438,0.07174887892344507,0.08020050075966859,0.9776000976561903,0.04177545691895098
medium,20000,782,CNN distance-density,4,5,1,0.5878475935828877,0.16515151515151516,0.9176470588235294,1.0,0.8,0,0,6,206,374,15798,0.028301886792319333,0.015789473684168977,0.020270269810468422,0.964599609374941,0.010238907849811879
medium,20000,783,CNN distance-density,3,3,0,0.5405460157126823,0.13262626262626262,0.654320987654321,1.0,1.0,0,0,0,54,136,16194,0.0,0.0,0.0,0.9884033203124396,0.0
medium,20000,784,CNN distance-density,5,5,0,0.6596948160535117,0.30471014492753623,0.862876254180602,1.0,1.0,0,0,11,249,489,15635,0.042307692307529586,0.021999999999956,0.028947367970837953,0.9549560546874417,0.014686248331088536
medium,20000,785,CNN distance-density,5,5,0,0.4335660173160173,0.020622895622895612,0.37142857142857144,1.0,1.0,0,0,1,67,470,15846,0.014705882352724913,0.002123142250526278,0.00371057491864617,0.9672241210936909,0.0018587360594760991
medium,20000,786,CNN distance-density,2,2,0,0.5592628205128205,0.12314814814814815,0.7692307692307692,1.0,1.0,0,0,0,78,96,16210,0.0,0.0,0.0,0.9893798828124396,0.0
medium,20000,787,CNN distance-density,1,1,0,0.6790909090909091,0.29696969696969694,0.9772727272727273,1.0,1.0,0,0,12,29,131,16212,0.2926829268221297,0.0839160839154971,0.13043478226092864,0.9902343749999395,0.0697674418600595
medium,20000,788,CNN distance-density,2,2,0,0.5,0.0,0.75,1.0,1.0,0,0,6,54,308,16016,0.09999999999833334,0.019108280254716215,0.032085561227773174,0.9779052734374403,0.01630434782604265
medium,20000,789,CNN distance-density,4,4,0,0.2717693661971831,0.0875,0.6619718309859155,0.0,1.0,1,0,17,77,432,15858,0.18085106382786328,0.037861915367398975,0.0626151010026149,0.9689331054686908,0.03231939163491954
medium,20000,790,CNN distance-density,4,5,1,0.4282950740279508,0.3457800224466891,0.9634703196347032,0.0,0.8,1,0,10,193,394,15787,0.0492610837435997,0.024752475247463483,0.03294892871451952,0.9641723632811912,0.016750418760440953
medium,20000,791,CNN distance-density,4,5,1,0.29919181440965675,0.17727272727272728,0.6970954356846473,0.0,0.8,3,1,19,144,429,15792,0.116564417177199,0.04241071428561962,0.06219312563149676,0.965026855468691,0.03209459459454038
medium,20000,792,CNN distance-density,3,4,1,0.2799335664335665,0.08555555555555555,0.8321678321678322,0.0,0.75,0,1,3,111,387,15883,0.02631578947345337,0.007692307692287969,0.011904761554657984,0.9696044921874408,0.0059880239520838565
medium,20000,793,CNN distance-density,5,5,0,0.2913574656337814,0.12329877724614563,0.6793650793650794,0.0,1.0,2,0,59,150,827,15348,0.2822966507163527,0.06659142212182101,0.10776255676855447,0.9403686523436926,0.05694980694975198
medium,20000,794,CNN distance-density,3,4,1,0.7142323491655969,0.4497560975609756,0.9342105263157895,1.0,0.75,0,0,32,123,199,16030,0.20645161290189387,0.13852813852753884,0.16580310832681414,0.9803466796874402,0.09039548022573335
medium,20000,795,CNN distance-density,3,3,0,0.62834516765286,0.2155818540433925,0.9066666666666666,1.0,1.0,0,0,0,57,214,16113,0.0,0.0,0.0,0.9834594726561899,0.0
medium,20000,796,CNN distance-density,5,5,0,0.29904983570646226,0.17727272727272728,0.5963855421686747,0.0,1.0,2,1,19,172,810,15383,0.0994764397900551,0.022919179734592378,0.03725490165633027,0.9400634765624426,0.01898101898100002
medium,20000,797,CNN distance-density,3,4,1,0.5825990099009901,0.15000000000000002,0.9504950495049505,1.0,0.75,0,0,0,81,208,16095,0.0,0.0,0.0,0.98236083984369,0.0
medium,20000,798,CNN distance-density,5,5,0,0.33669153758245973,0.10990554450948493,0.9361702127659575,0.0,1.0,2,0,31,195,623,15535,0.13716814159231341,0.04740061162072263,0.07045454507266012,0.9500732421874419,0.036513545347424604
medium,20000,799,CNN distance-density,1,1,0,0.5,0.0,0.75,1.0,1.0,0,0,0,49,113,16222,0.0,0.0,0.0,0.9901123046874395,0.0
medium,20000,800,CNN distance-density,3,3,0,0.3183076923076923,0.05094017094017094,0.9769230769230769,0.0,1.0,0,1,18,100,407,15859,0.1525423728800632,0.04235294117637094,0.06629834220101816,0.9690551757811908,0.03428571428564898
medium,20000,801,CNN distance-density,1,1,0,0.6891363636363637,0.39,0.8181818181818181,1.0,1.0,0,0,0,55,207,16122,0.0,0.0,0.0,0.9840087890624399,0.0
medium,20000,802,CNN distance-density,3,3,0,0.6735625577631595,0.2812169608667227,0.9850746268656716,1.0,1.0,0,0,1,153,392,15838,0.006493506493464328,0.0025445292620800393,0.003656306725238925,0.9667358398436909,0.0018315018314984772
medium,20000,803,CNN distance-density,1,1,0,0.5938636363636364,0.13787878787878785,0.9090909090909091,1.0,1.0,0,0,0,21,23,16340,0.0,0.0,0.0,0.997314453124939,0.0
medium,20000,804,CNN distance-density,2,3,1,0.5465416666666667,0.09416666666666665,0.9375,1.0,0.6666666666666667,0,0,21,70,281,16012,0.23076923076669484,0.06953642384082935,0.1068702286512182,0.9785766601561903,0.05645161290307406
medium,20000,805,CNN distance-density,1,1,0,0.5186274509803922,0.0,0.8431372549019608,1.0,1.0,0,0,0,38,189,16157,0.0,0.0,0.0,0.9861450195311898,0.0
medium,20000,806,CNN distance-density,5,5,0,0.3216045548654245,0.09033816425120773,0.9047619047619048,0.0,1.0,2,3,25,120,559,15680,0.17241379310225924,0.042808219178008894,0.06858710530527379,0.9585571289061915,0.035511363636313194
medium,20000,807,CNN distance-density,3,4,1,0.3590168539325843,0.21666666666666667,0.9325842696629214,0.0,0.75,0,2,0,79,156,16149,0.0,0.0,0.0,0.9856567382811898,0.0
medium,20000,808,CNN distance-density,5,5,0,0.32507464077554094,0.07043812740407167,0.9668874172185431,0.0,1.0,3,8,63,179,767,15375,0.26033057851132096,0.07590361445773988,0.11753731308304674,0.9422607421874425,0.06243805748259421
medium,20000,809,CNN distance-density,5,5,0,0.5813702505889913,0.1638550724637681,0.7881773399014779,1.0,1.0,0,0,3,152,385,15844,0.01935483870955255,0.007731958762866671,0.011049723348927773,0.9672241210936909,0.005555555555545268
medium,20000,810,CNN distance-density,5,5,0,0.3262360222105937,0.11367567777217547,0.8754098360655738,0.0,1.0,3,4,8,229,514,15633,0.03375527426146095,0.015325670498054932,0.021080368476898224,0.9546508789061917,0.01065246338214294
medium,20000,811,CNN distance-density,4,5,1,0.26075313807531386,0.0,0.9037656903765691,0.0,0.8,2,0,24,163,517,15680,0.1283422459886185,0.04436229205167401,0.06593406555211101,0.9584960937499415,0.03409090909086067
medium,20000,812,CNN distance-density,1,2,1,0.7563297872340426,0.65,0.8191489361702128,1.0,0.5,0,0,0,96,236,16052,0.0,0.0,0.0,0.9797363281249402,0.0
medium,20000,813,CNN distance-density,3,4,1,0.3017574257425743,0.11666666666666667,0.8712871287128713,0.0,0.75,0,1,0,83,232,16069,0.0,0.0,0.0,0.9807739257811902,0.0
medium,20000,814,CNN distance-density,2,2,0,0.4757781003064022,0.4779874213836478,0.8034188034188035,0.0,1.0,0,1,0,114,296,15974,0.0,0.0,0.0,0.9749755859374405,0.0
medium,20000,815,CNN distance-density,1,1,0,1.0,1.0,1.0,1.0,1.0,0,0,0,35,35,16314,0.0,0.0,0.0,0.9957275390624392,0.0
medium,20000,816,CNN distance-density,2,3,1,0.7186769406392695,0.45500000000000007,0.9863013698630136,1.0,0.6666666666666667,0,0,10,139,436,15799,0.06711409395928111,0.022421524663626857,0.03361344500261846,0.964904785156191,0.017094017093987873
medium,20000,817,CNN distance-density,5,5,0,0.3168085961657391,0.09122448979591838,0.8787878787878788,0.0,1.0,2,0,21,191,749,15423,0.09905660377311766,0.027272727272691855,0.042769857095163046,0.9426269531249425,0.021852237252838864
medium,20000,818,CNN distance-density,2,2,0,0.5614009433962265,0.10500000000000001,0.8207547169811321,1.0,1.0,0,0,0,107,167,16110,0.0,0.0,0.0,0.9832763671874399,0.0
medium,20000,819,CNN distance-density,4,4,0,0.3475694444444445,0.15432098765432098,0.890625,0.0,1.0,1,0,18,154,496,15716,0.10465116279008925,0.035019455252850155,0.05247813373490638,0.9603271484374414,0.0269461077843908
medium,20000,820,CNN distance-density,1,1,0,0.5540277777777778,0.05833333333333331,0.8888888888888888,1.0,1.0,0,0,0,55,49,16280,0.0,0.0,0.0,0.9936523437499393,0.0
medium,20000,821,CNN distance-density,2,2,0,0.5481498015873016,0.06643518518518518,0.8412698412698413,1.0,1.0,0,0,5,43,136,16200,0.10416666666449653,0.03546099290754993,0.052910052530556265,0.9890747070311896,0.02717391304333058
medium,20000,822,CNN distance-density,2,3,1,0.5564714611872147,0.195,0.7602739726027398,1.0,0.6666666666666667,0,0,16,96,246,16026,0.14285714285586734,0.06106870228984325,0.08556149690617404,0.9791259765624402,0.04469273743004276
medium,20000,823,CNN distance-density,1,1,0,0.6434509803921569,0.25124183006535944,0.9019607843137255,1.0,1.0,0,0,0,47,162,16175,0.0,0.0,0.0,0.9872436523436897,0.0
medium,20000,824,CNN distance-density,3,4,1,0.3496794871794872,0.21837606837606838,0.882051282051282,0.0,0.75,1,0,1,194,349,15840,0.00512820512817883,0.002857142857134694,0.0036697243110715167,0.9668579101561909,0.001838235294114268
medium,20000,825,CNN distance-density,4,5,1,0.22550616458704695,0.03602941176470588,0.6464646464646464,0.0,0.8,2,0,13,111,453,15807,0.10483870967657388,0.027896995708094643,0.04406779627802356,0.965576171874941,0.02253032928938903
medium,20000,826,CNN distance-density,1,1,0,0.5033333333333333,0.0,0.7666666666666666,1.0,1.0,0,0,0,21,64,16299,0.0,0.0,0.0,0.9948120117186893,0.0
medium,20000,827,CNN distance-density,1,1,0,0.6880000000000001,0.39,0.8125,1.0,1.0,0,0,0,53,197,16134,0.0,0.0,0.0,0.9847412109374398,0.0
medium,20000,828,CNN distance-density,1,1,0,0.5038461538461538,0.0,0.7692307692307692,1.0,1.0,0,0,0,10,48,16326,0.0,0.0,0.0,0.9964599609374392,0.0
medium,20000,829,CNN distance-density,1,1,0,0.6770121951219512,0.29308943089430894,0.975609756097561,1.0,1.0,0,0,0,32,92,16260,0.0,0.0,0.0,0.9924316406249394,0.0
medium,20000,830,CNN distance-density,3,3,0,0.34599024110218146,0.13205128205128205,0.9328358208955224,0.0,1.0,2,1,5,116,195,16068,0.041322314049245266,0.024999999999875,0.03115264750516785,0.98101806640619,0.015822784810076512
medium,20000,831,CNN distance-density,4,4,0,0.631029526029526,0.18562116895450226,0.9875,1.0,1.0,0,0,7,74,259,16044,0.08641975308535284,0.02631578947358528,0.04034582096753565,0.9796752929686902,0.020588235294057095
medium,20000,832,CNN distance-density,4,5,1,0.3698086807538549,0.31176470588235294,0.7475728155339806,0.0,0.8,0,2,6,133,427,15818,0.04316546762558874,0.013856812932993403,0.020979020611038447,0.965820312499941,0.01060070671376219
medium,20000,833,CNN distance-density,5,5,0,0.5810918902877136,0.09883286647992531,0.9330855018587361,1.0,1.0,0,0,40,229,662,15453,0.14869888475781154,0.05698005697997581,0.08238928899163699,0.9456176757811923,0.04296455424270358
medium,20000,834,CNN distance-density,2,2,0,0.5911578947368421,0.17333333333333334,0.8157894736842105,1.0,1.0,0,0,3,60,75,16246,0.04761904761829176,0.038461538461045365,0.04255319099441678,0.9917602539061895,0.02173913043462508
medium,20000,835,CNN distance-density,3,4,1,0.5558367346938775,0.08666666666666667,0.9591836734693877,1.0,0.75,0,0,0,97,133,16154,0.0,0.0,0.0,0.9859619140624398,0.0
medium,20000,836,CNN distance-density,4,4,0,0.5998855297157623,0.11602469135802469,0.9883720930232558,1.0,1.0,0,0,25,117,462,15780,0.1760563380269292,0.05133470225862149,0.07949125561201191,0.964660644531191,0.04139072847675267
medium,20000,837,CNN distance-density,2,2,0,0.7071256038647343,0.4135802469135802,0.855072463768116,1.0,1.0,0,0,23,38,136,16187,0.3770491803216877,0.1446540880494047,0.20909090868822316,0.9893798828124396,0.11675126903494036
medium,20000,838,CNN distance-density,5,5,0,0.6089952172318388,0.2116270022883295,0.8188153310104529,1.0,1.0,0,0,8,226,730,15420,0.034188034187888086,0.010840108401069323,0.016460904984191102,0.9416503906249425,0.008298755186713382
medium,20000,839,CNN distance-density,4,4,0,0.32619250829777147,0.09824561403508772,0.9099099099099099,0.0,1.0,1,0,11,91,229,16053,0.10784313725384467,0.045833333333142365,0.06432748496115046,0.9804687499999402,0.03323262839869114
medium,20000,840,CNN distance-density,5,5,0,0.3925595776772248,0.24494720965309205,0.7866666666666666,0.1,1.0,4,3,36,180,763,15405,0.16666666666589508,0.04505632040044424,0.07093596025595186,0.9424438476561925,0.036772216547459886
medium,20000,841,CNN distance-density,5,5,0,0.32462469135802474,0.14800000000000002,0.7901234567901234,0.0,1.0,1,0,48,138,424,15774,0.2580645161276448,0.10169491525402183,0.14589665612897143,0.965698242187441,0.07868852459003493
medium,20000,842,CNN distance-density,5,5,0,0.2906778533760241,0.12857626790553617,0.6640926640926641,0.0,1.0,3,3,38,113,627,15606,0.25165562913740624,0.05714285714277122,0.09313725460012075,0.9548339843749417,0.0488431876606056
medium,20000,843,CNN distance-density,5,5,0,0.3487592137592138,0.22727272727272727,0.7324324324324325,0.0,1.0,1,1,17,245,1024,15098,0.06488549618295845,0.016330451488937244,0.026093629763093498,0.9225463867186937,0.013219284603411183
medium,20000,844,CNN distance-density,3,4,1,0.5179710144927536,0.16956521739130437,0.5833333333333333,1.0,0.75,0,0,30,83,398,15873,0.2654867256613674,0.07009345794376147,0.11090572979849049,0.9706420898436907,0.058708414872683544
medium,20000,845,CNN distance-density,5,5,0,0.3788683529142298,0.130193840924973,0.8514056224899599,0.19999999999999998,1.0,2,3,13,179,632,15560,0.0677083333329807,0.020155038759658676,0.031063321032286623,0.9505004882811919,0.015776699029107066
medium,20000,846,CNN distance-density,1,1,0,0.4954545454545455,0.0,0.7272727272727273,1.0,1.0,0,0,0,23,53,16308,0.0,0.0,0.0,0.9953613281249393,0.0
medium,20000,847,CNN distance-density,1,1,0,0.5485,0.12999999999999998,0.7,1.0,1.0,0,0,14,29,47,16294,0.32558139534126557,0.22950819671754905,0.26923076874056956,0.9953613281249393,0.15555555555382716
medium,20000,848,CNN distance-density,4,5,1,0.33993977906477907,0.1543635301968635,0.9523809523809523,0.0,0.8,0,1,0,142,226,16016,0.0,0.0,0.0,0.9775390624999403,0.0
medium,20000,849,CNN distance-density,5,5,0,0.3048541733321797,0.025385591995273585,0.9671532846715328,0.0,1.0,1,5,58,152,743,15431,0.27619047618916104,0.07240948813973482,0.11473788295451125,0.9453735351561923,0.06086044071347234
medium,20000,850,CNN distance-density,1,1,0,0.7827698412698413,0.5737037037037037,0.873015873015873,1.0,1.0,0,0,0,56,64,16264,0.0,0.0,0.0,0.9926757812499394,0.0
medium,20000,851,CNN distance-density,3,3,0,0.3472089947089947,0.11666666666666667,0.9735449735449735,0.0,1.0,0,3,0,177,453,15754,0.0,0.0,0.0,0.9615478515624413,0.0
medium,20000,852,CNN distance-density,2,2,0,0.5607314814814814,0.06499999999999999,0.9074074074074074,1.0,1.0,0,0,2,53,155,16174,0.03636363636297521,0.012738853503103576,0.018867924143867936,0.9873046874999397,0.009523809523764172
medium,20000,853,CNN distance-density,5,5,0,0.35916851834996144,0.15852851226505255,0.9391534391534392,0.0,1.0,0,2,4,322,749,15309,0.01226993865026911,0.005312084993352839,0.007414272052803524,0.9346313476561929,0.003720930232554678
medium,20000,854,CNN distance-density,1,1,0,0.6421666666666667,0.39,0.5833333333333333,1.0,1.0,0,0,0,36,61,16287,0.0,0.0,0.0,0.9940795898436893,0.0
medium,20000,855,CNN distance-density,2,2,0,0.22027972027972031,0.0,0.6013986013986015,0.0,1.0,1,0,10,75,299,16000,0.11764705882214532,0.032362459546820835,0.05076142098115129,0.9771728515624404,0.02604166666659885
medium,20000,856,CNN distance-density,5,5,0,0.5481946169772257,0.1269404186795491,0.7053571428571428,1.0,1.0,0,0,6,73,302,16003,0.07594936708764621,0.019480519480456232,0.0310077516128972,0.9771118164061904,0.01574803149602166
medium,20000,857,CNN distance-density,5,5,0,0.30905832449628845,0.06782608695652174,0.8926829268292683,0.0,1.0,1,0,1,149,510,15724,0.006666666666622223,0.001956947162422785,0.0030257182572959824,0.9597778320311914,0.0015151515151492195
medium,20000,858,CNN distance-density,2,2,0,0.5196688034188034,0.13012820512820514,0.5555555555555556,1.0,1.0,0,0,0,42,143,16199,0.0,0.0,0.0,0.9887084960936896,0.0
medium,20000,859,CNN distance-density,4,4,0,0.3030120794427153,0.15569800569800568,0.6647398843930636,0.0,1.0,0,3,9,81,519,15775,0.09999999999888888,0.017045454545422264,0.029126213343293433,0.9633789062499412,0.014778325123128443
medium,20000,860,CNN distance-density,1,1,0,0.7220409836065574,0.4187431693989071,0.9180327868852459,1.0,1.0,0,0,0,57,192,16135,0.0,0.0,0.0,0.9848022460936898,0.0
medium,20000,861,CNN distance-density,5,5,0,0.5557519650655022,0.10400000000000001,0.7947598253275109,1.0,1.0,0,0,0,174,538,15672,0.0,0.0,0.0,0.9565429687499416,0.0
medium,20000,862,CNN distance-density,4,5,1,0.4035896464646465,0.31953703703703706,0.898989898989899,0.0,0.8,1,4,0,177,395,15812,0.0,0.0,0.0,0.965087890624941,0.0
medium,20000,863,CNN distance-density,4,5,1,0.31544622093023256,0.13458333333333333,0.8744186046511628,0.0,0.8,1,1,8,172,568,15636,0.04444444444419753,0.013888888888864777,0.021164020801153392,0.9548339843749417,0.010695187165761103
medium,20000,864,CNN distance-density,1,1,0,0.5,0.0,0.75,1.0,1.0,0,0,0,37,86,16261,0.0,0.0,0.0,0.9924926757811894,0.0
medium,20000,865,CNN distance-density,4,5,1,0.3149028428250281,0.14267156862745098,0.8535031847133758,0.0,0.8,1,0,0,125,264,15995,0.0,0.0,0.0,0.9762573242186904,0.0
medium,20000,866,CNN distance-density,4,5,1,0.6156194333415628,0.2565554262580867,0.8508474576271187,1.0,0.8,0,0,6,264,429,15685,0.022222222222139917,0.013793103448244155,0.017021276123084367,0.9577026367186915,0.008583690987112183
medium,20000,867,CNN distance-density,3,3,0,0.33575714285714287,0.1007936507936508,0.952,0.0,1.0,0,1,1,123,227,16033,0.008064516128967221,0.004385964912261465,0.00568181772543263,0.9786376953124403,0.0028490028489947324
medium,20000,868,CNN distance-density,1,1,0,0.6241666666666666,0.19444444444444445,0.9333333333333333,1.0,1.0,0,0,0,36,101,16247,0.0,0.0,0.0,0.9916381835936895,0.0
medium,20000,869,CNN distance-density,4,5,1,0.5641055545433948,0.6361504815679044,0.9891891891891892,0.0,0.8,1,0,3,187,382,15812,0.015789473684127423,0.007792207792187553,0.010434782166164102,0.965270996093691,0.005244755244746076
medium,20000,870,CNN distance-density,4,5,1,0.27832121410188326,0.10366300366300367,0.758364312267658,0.0,0.8,2,0,64,181,633,15506,0.26122448979485213,0.09182209469140341,0.13588110364880027,0.9503173828124419,0.07289293849650012
medium,20000,871,CNN distance-density,3,3,0,0.5363095238095238,0.25,0.36904761904761907,1.0,1.0,0,0,0,30,287,16067,0.0,0.0,0.0,0.9806518554686902,0.0
medium,20000,872,CNN distance-density,2,2,0,0.5405330882352941,0.09007352941176469,0.75,1.0,1.0,0,0,0,70,148,16166,0.0,0.0,0.0,0.9866943359374397,0.0
medium,20000,873,CNN distance-density,3,3,0,0.5558684210526316,0.13,0.736842105263158,1.0,1.0,0,0,28,42,268,16046,0.3999999999942857,0.09459459459427502,0.1530054641706829,0.98107910156244,0.08284023668614544
medium,20000,874,CNN distance-density,2,2,0,0.56275,0.175,0.6699999999999999,1.0,1.0,0,0,0,69,230,16085,0.0,0.0,0.0,0.98175048828119,0.0
medium,20000,875,CNN distance-density,5,5,0,0.24359358288770053,0.03151515151515152,0.6470588235294117,0.0,1.0,3,1,12,168,723,15481,0.0666666666662963,0.016326530612222685,0.026229507880619906,0.9456176757811923,0.013289036544835781
medium,20000,876,CNN distance-density,4,5,1,0.5155337591240876,0.1625,0.5620437956204379,1.0,0.8,0,0,3,77,176,16128,0.03749999999953125,0.01675977653621922,0.023166022738897757,0.9845581054686898,0.011718749999954224
medium,20000,877,CNN distance-density,4,5,1,0.3770118056296929,0.23397259488590758,0.9586206896551724,0.0,0.8,1,3,2,248,274,15860,0.007999999999968,0.007246376811567948,0.0076045622388353495,0.9681396484374409,0.003816793893122487
medium,20000,878,CNN distance-density,4,5,1,0.5463169287608942,0.09318376068376066,0.8719211822660098,1.0,0.8,0,0,30,139,363,15852,0.17751479289835792,0.07633587786240119,0.10676156541535062,0.9693603515624408,0.05639097744350303
medium,20000,879,CNN distance-density,4,5,1,0.5820158102766799,0.23636363636363636,0.7282608695652174,1.0,0.8,0,0,10,129,247,15998,0.0719424460426479,0.038910505836424476,0.050505050049191424,0.9770507812499404,0.025906735751228222
medium,20000,880,CNN distance-density,5,5,0,0.2814099164456897,0.10636802810715852,0.6677215189873418,0.0,1.0,4,1,17,176,693,15498,0.08808290155394777,0.023943661971797262,0.03765226987422508,0.9469604492186922,0.019187358916456898
medium,20000,881,CNN distance-density,1,2,1,0.6090792079207921,0.26,0.9603960396039604,1.0,0.5,0,0,18,85,80,16201,0.17475728155170137,0.1836734693858809,0.17910447711046754,0.9899291992186896,0.09836065573716743
medium,20000,882,CNN distance-density,1,1,0,0.9116666666666666,0.8333333333333334,0.9333333333333333,1.0,1.0,0,0,0,33,95,16256,0.0,0.0,0.0,0.9921874999999394,0.0
medium,20000,883,CNN distance-density,2,2,0,0.6268622448979592,0.325,0.653061224489796,1.0,1.0,0,0,0,34,157,16193,0.0,0.0,0.0,0.9883422851561896,0.0
medium,20000,884,CNN distance-density,3,4,1,0.2022727272727273,0.0,0.6363636363636364,0.0,0.75,2,3,9,63,265,16047,0.12499999999826389,0.03284671532834728,0.05202312105740253,0.9799804687499402,0.02670623145392669
medium,20000,885,CNN distance-density,4,5,1,0.5644195736434109,0.12472222222222222,0.8914728682170543,1.0,0.8,0,0,41,68,367,15908,0.3761467889873748,0.10049019607818507,0.15860734976333482,0.9734497070311906,0.08613445378133165
medium,20000,886,CNN distance-density,3,3,0,0.5070680628272252,0.0,0.7853403141361257,1.0,1.0,0,0,0,182,421,15781,0.0,0.0,0.0,0.9631958007811912,0.0
medium,20000,887,CNN distance-density,5,5,0,0.5095945945945946,0.13243243243243244,0.5,1.0,1.0,0,0,2,102,440,15840,0.019230769230584317,0.004524886877817817,0.007326007017590482,0.9669189453124409,0.003676470588228536
medium,20000,888,CNN distance-density,4,5,1,0.3183421846205395,0.1779432624113475,0.7913385826771654,0.0,0.8,1,0,6,186,533,15659,0.03124999999983724,0.011131725417419051,0.016415868285672052,0.9561157226561916,0.008275862068954103
medium,20000,889,CNN distance-density,4,4,0,0.6008116539763113,0.13773148148148145,0.9441624365482233,1.0,1.0,0,0,12,170,513,15689,0.06593406593370366,0.02285714285709932,0.03394625138562246,0.9583129882811915,0.01726618705033487
medium,20000,890,CNN distance-density,3,3,0,0.21823204419889503,0.0,0.5911602209944751,0.0,1.0,0,1,1,89,279,16015,0.011111111110987655,0.0035714285714158163,0.005405405037224277,0.9775390624999403,0.0027100271002636588
medium,20000,891,CNN distance-density,4,5,1,0.2854007865392274,0.13271505376344084,0.7283950617283951,0.0,0.8,2,8,70,206,652,15456,0.2536231884048782,0.09695290858712334,0.14028056072182038,0.9476318359374422,0.07543103448267734
medium,20000,892,CNN distance-density,1,1,0,0.6054615384615384,0.26,0.6923076923076923,1.0,1.0,0,0,0,46,200,16138,0.0,0.0,0.0,0.9849853515624398,0.0
medium,20000,893,CNN distance-density,1,2,1,0.5421186926605505,0.2770833333333333,0.5871559633027523,1.0,0.5,0,0,0,83,228,16073,0.0,0.0,0.0,0.98101806640619,0.0
medium,20000,894,CNN distance-density,4,5,1,0.5595766410614526,0.2420138888888889,0.6033519553072626,1.0,0.8,0,0,0,100,363,15921,0.0,0.0,0.0,0.9717407226561907,0.0
medium,20000,895,CNN distance-density,2,2,0,0.6856185145700071,0.3479353233830846,0.8952380952380953,1.0,1.0,0,0,4,100,154,16126,0.038461538461168635,0.025316455696042302,0.030534350666045106,0.9844970703124399,0.015503875968932155
medium,20000,896,CNN distance-density,1,1,0,0.5121621621621621,0.0,0.8108108108108107,1.0,1.0,0,0,0,38,95,16251,0.0,0.0,0.0,0.9918823242186894,0.0
medium,20000,897,CNN distance-density,1,1,0,0.6127142857142857,0.26,0.7285714285714286,1.0,1.0,0,0,0,52,219,16113,0.0,0.0,0.0,0.9834594726561899,0.0
medium,20000,898,CNN distance-density,2,2,0,0.544643665158371,0.04038461538461537,0.8823529411764706,1.0,1.0,0,0,0,135,214,16035,0.0,0.0,0.0,0.9786987304686903,0.0
medium,20000,899,CNN distance-density,2,2,0,0.6005298546339247,0.15046170832078687,0.9141104294478528,1.0,1.0,0,0,11,134,322,15917,0.07586206896499406,0.03303303303293383,0.04602510417966248,0.9721679687499406,0.023554603854339284
medium,20000,900,CNN distance-density,4,5,1,0.24729327099376605,0.04393004115226337,0.7376237623762376,0.0,0.8,3,2,14,122,405,15843,0.10294117646983132,0.03341288782808255,0.05045045008027272,0.9678344726561909,0.02587800369680984
medium,20000,901,CNN distance-density,1,1,0,0.5083333333333333,0.0,0.7916666666666666,1.0,1.0,0,0,0,20,25,16339,0.0,0.0,0.0,0.9972534179686892,0.0
medium,20000,902,CNN distance-density,5,5,0,0.31853845595967656,0.055467720685111986,0.9678899082568807,0.0,1.0,1,3,0,204,664,15516,0.0,0.0,0.0,0.9470214843749422,0.0
medium,20000,903,CNN distance-density,5,5,0,0.31122087604846227,0.14294294294294294,0.7344827586206897,0.0,1.0,2,0,26,179,531,15648,0.12682926829206426,0.0466786355474925,0.06824146942278919,0.9566650390624416,0.03532608695647374
medium,20000,904,CNN distance-density,3,3,0,0.5023106060606061,0.05833333333333333,0.6303030303030304,1.0,1.0,0,0,3,98,308,15975,0.029702970296735614,0.009646302250772842,0.014563106425947318,0.9752197265624405,0.0073349633251654405
medium,20000,905,CNN distance-density,2,2,0,0.5790406976744186,0.14786821705426353,0.8125,1.0,1.0,0,0,2,77,300,16005,0.02531645569588207,0.006622516556269462,0.010498687335276013,0.9769897460936904,0.005277044854867343
medium,20000,906,CNN distance-density,3,4,1,0.30233333333333334,0.12000000000000001,0.8666666666666667,0.0,0.75,1,0,9,140,428,15807,0.06040268456335301,0.020594965675010082,0.03071672317015342,0.965332031249941,0.015597920277269329
medium,20000,907,CNN distance-density,4,5,1,0.2996587429492345,0.06803921568627451,0.9452054794520548,0.0,0.8,1,0,4,189,407,15784,0.020725388600928884,0.009732360097299922,0.013245032677673144,0.9636230468749412,0.006666666666655555
medium,20000,908,CNN distance-density,3,3,0,0.5790068493150685,0.21666666666666667,0.6575342465753424,1.0,1.0,0,0,0,49,238,16097,0.0,0.0,0.0,0.98248291015619,0.0
medium,20000,909,CNN distance-density,5,5,0,0.4110448734139155,0.30393558776167473,0.8713692946058091,0.0,1.0,0,2,5,197,467,15715,0.024752475247402216,0.010593220338960608,0.01483679483241907,0.9594726562499414,0.007473841554547872
medium,20000,910,CNN distance-density,3,4,1,0.5416911764705883,0.09722222222222222,0.8647058823529412,1.0,0.75,0,0,25,131,476,15752,0.16025641025538298,0.0499001996006988,0.07610350039867578,0.9629516601561912,0.03955696202525387
medium,20000,911,CNN distance-density,5,5,0,0.20551444679351658,0.015621329574817946,0.49242424242424243,0.0,1.0,2,1,9,103,611,15661,0.08035714285642538,0.014516129032234652,0.024590163675169464,0.9564208984374416,0.01244813278006577
medium,20000,912,CNN distance-density,1,1,0,0.6554166666666666,0.25277777777777777,0.9583333333333334,1.0,1.0,0,0,0,24,25,16335,0.0,0.0,0.0,0.9970092773436892,0.0
medium,20000,913,CNN distance-density,1,1,0,0.514102564102564,0.0,0.8205128205128205,1.0,1.0,0,0,0,33,40,16311,0.0,0.0,0.0,0.9955444335936892,0.0
medium,20000,914,CNN distance-density,4,5,1,0.26190425531914896,0.13,0.6170212765957447,0.0,0.8,3,2,19,80,441,15844,0.19191919191725335,0.041304347825997165,0.06797853280309524,0.9682006835936908,0.03518518518512003
medium,20000,915,CNN distance-density,5,5,0,0.5737294216969185,0.12608695652173912,0.8349514563106796,1.0,1.0,0,0,21,151,449,15763,0.12209302325510411,0.04468085106373472,0.06542056035518871,0.9633789062499412,0.033816425120718495
medium,20000,916,CNN distance-density,5,5,0,0.29724545102593886,0.12439024390243905,0.7063492063492063,0.0,1.0,1,0,1,170,491,15722,0.005847953216340071,0.002032520325199121,0.0030165908690831735,0.9596557617186914,0.0015105740181246064
medium,20000,917,CNN distance-density,3,3,0,0.5471739130434783,0.056521739130434775,0.8586956521739131,1.0,1.0,0,0,0,80,202,16102,0.0,0.0,0.0,0.9827880859374399,0.0
medium,20000,918,CNN distance-density,5,5,0,0.3762169800781977,0.2406178861788618,0.8396946564885497,0.0,1.0,0,1,13,204,506,15661,0.059907834101106415,0.025048169556791816,0.035326086540609494,0.9566650390624416,0.017980636237872778
medium,20000,919,CNN distance-density,5,5,0,0.5944428482223003,0.16207305936073063,0.8575498575498576,1.0,1.0,0,0,44,262,837,15241,0.1437908496727327,0.04994324631095353,0.07413647813447422,0.932922363281193,0.03849518810145364
medium,20000,920,CNN distance-density,5,5,0,0.6535839497701228,0.25278542510121454,0.9491525423728814,1.0,1.0,0,0,35,249,741,15359,0.12323943661928437,0.045103092783447034,0.06603773545665007,0.9395751953124426,0.03414634146338132
medium,20000,921,CNN distance-density,2,2,0,0.5362068965517242,0.0,0.9310344827586207,1.0,1.0,0,0,0,79,229,16076,0.0,0.0,0.0,0.98120117187494,0.0
medium,20000,922,CNN distance-density,1,1,0,0.5621511627906977,0.07868217054263568,0.8837209302325582,1.0,1.0,0,0,15,24,119,16226,0.3846153846055227,0.11194029850662732,0.1734104042730462,0.9912719726561895,0.09493670886015863
medium,20000,923,CNN distance-density,2,2,0,0.475,0.0,0.625,1.0,1.0,0,0,0,21,72,16291,0.0,0.0,0.0,0.9943237304686893,0.0
medium,20000,924,CNN distance-density,5,5,0,0.5929077552289368,0.1043111406521177,0.9798387096774194,1.0,1.0,0,0,19,210,536,15619,0.08296943231404817,0.03423423423417255,0.048469387341430005,0.9544677734374417,0.024836601307157077
medium,20000,925,CNN distance-density,1,1,0,0.5490492957746479,0.05422535211267606,0.8732394366197183,1.0,1.0,0,0,0,63,72,16249,0.0,0.0,0.0,0.9917602539061895,0.0
medium,20000,926,CNN distance-density,3,4,1,0.5361585365853658,0.1277777777777778,0.7682926829268293,1.0,0.75,0,0,0,121,516,15747,0.0,0.0,0.0,0.9611206054686913,0.0
medium,20000,927,CNN distance-density,5,5,0,0.24267100977198697,0.0,0.7133550488599348,0.0,1.0,1,0,10,177,533,15664,0.05347593582859104,0.018416206261476213,0.027397259892809164,0.9566650390624416,0.0138888888888696
medium,20000,928,CNN distance-density,2,2,0,0.30937422360248445,0.06499999999999999,0.9006211180124224,0.0,1.0,0,1,60,94,319,15911,0.3896103896078597,0.15831134564602029,0.2251407125338468,0.9747924804686905,0.12684989429148658
medium,20000,929,CNN distance-density,1,1,0,0.6321987951807229,0.20943775100401604,0.9397590361445783,1.0,1.0,0,0,0,79,254,16051,0.0,0.0,0.0,0.9796752929686902,0.0
medium,20000,930,CNN distance-density,5,5,0,0.5005690537084398,0.086231884057971,0.5588235294117647,1.0,1.0,0,0,0,129,390,15865,0.0,0.0,0.0,0.9683227539061908,0.0
medium,20000,931,CNN distance-density,2,2,0,0.5886824324324325,0.21040540540540537,0.72,1.0,1.0,0,0,0,76,172,16136,0.0,0.0,0.0,0.9848632812499398,0.0
medium,20000,932,CNN distance-density,5,5,0,0.6047642720915448,0.19148717948717947,0.8429752066115702,1.0,1.0,0,0,3,194,581,15606,0.015228426395861786,0.005136986301361067,0.007682458009433409,0.9526977539061918,0.0038560411311004423
medium,20000,933,CNN distance-density,1,1,0,0.7401428571428572,0.47333333333333344,0.8857142857142857,1.0,1.0,0,0,47,16,168,16153,0.7460317460199043,0.21860465116177394,0.3381294960499198,0.9887695312499396,0.2034632034623227
medium,20000,934,CNN distance-density,3,3,0,0.6509262647110944,0.24554587267005568,0.9521531100478469,1.0,1.0,0,0,2,156,368,15858,0.012658227848021151,0.005405405405390797,0.007575757156336112,0.9680175781249409,0.003802281368814064
medium,20000,935,CNN distance-density,1,1,0,0.5065217391304347,0.0,0.782608695652174,1.0,1.0,0,0,0,17,89,16278,0.0,0.0,0.0,0.9935302734374394,0.0
medium,20000,936,CNN distance-density,3,4,1,0.29219979296066256,0.07962962962962963,0.906832298136646,0.0,0.75,1,1,2,122,487,15773,0.016129032257934443,0.004089979550093886,0.006525285158488344,0.9628295898436912,0.0032733224222532354
medium,20000,937,CNN distance-density,3,3,0,0.5575566037735848,0.13,0.7452830188679245,1.0,1.0,0,0,0,78,310,15996,0.0,0.0,0.0,0.9763183593749404,0.0
medium,20000,938,CNN distance-density,4,5,1,0.5833186528497409,0.13,0.9740932642487047,1.0,0.8,0,0,4,183,569,15628,0.021390374331436417,0.006980802792308934,0.010526315418424527,0.9541015624999417,0.005291005290998292
medium,20000,939,CNN distance-density,2,2,0,0.55,0.0,1.0,1.0,1.0,0,0,0,48,104,16232,0.0,0.0,0.0,0.9907226562499395,0.0
medium,20000,940,CNN distance-density,4,4,0,0.29152777777777783,0.24537037037037038,0.40555555555555556,0.0,1.0,1,0,18,55,451,15860,0.24657534246237567,0.038379530916762515,0.0664206639733051,0.9691162109374408,0.03435114503810238
medium,20000,941,CNN distance-density,5,5,0,0.35064158935276424,0.11522233014947926,0.9939577039274925,0.0,1.0,2,6,32,272,694,15386,0.10526315789439059,0.04407713498616518,0.062135921913907065,0.9410400390624425,0.032064128256480896
medium,20000,942,CNN distance-density,2,2,0,0.5501901223776223,0.05170454545454545,0.8846153846153846,1.0,1.0,0,0,0,74,174,16136,0.0,0.0,0.0,0.9848632812499398,0.0
medium,20000,943,CNN distance-density,4,5,1,0.38597309136420527,0.2676470588235294,0.9276595744680851,0.0,0.8,0,5,12,189,635,15548,0.05970149253701641,0.018547140649121257,0.028301886430694312,0.949707031249942,0.014354066985628763
medium,20000,944,CNN distance-density,3,4,1,0.4811887755102041,0.46499999999999997,0.9846938775510204,0.0,0.75,1,0,15,183,266,15920,0.07575757575719315,0.0533807829179595,0.06263047968176569,0.9725952148436906,0.03232758620682688
medium,20000,945,CNN distance-density,3,4,1,0.5189698492462311,0.0,0.9698492462311558,1.0,0.75,0,0,38,156,578,15612,0.19587628865878415,0.061688311688211546,0.09382716012930954,0.9552001953124417,0.04922279792739738
medium,20000,946,CNN distance-density,3,4,1,0.31010000000000004,0.078,1.0,0.0,0.75,1,0,16,168,368,15832,0.08695652173865785,0.04166666666655816,0.05633802773080738,0.9672851562499409,0.028985507246324302
medium,20000,947,CNN distance-density,1,1,0,0.8078846153846154,0.65,0.8269230769230769,1.0,1.0,0,0,0,44,53,16287,0.0,0.0,0.0,0.9940795898436893,0.0
medium,20000,948,CNN distance-density,5,5,0,0.3002877200225481,0.0768829854522454,0.8284518828451883,0.0,1.0,1,1,5,185,550,15644,0.02631578947354571,0.009009009008992777,0.013422818411927401,0.9551391601561917,0.006756756756747626
medium,20000,949,CNN distance-density,1,1,0,0.6891363636363637,0.39,0.8181818181818181,1.0,1.0,0,0,0,28,104,16252,0.0,0.0,0.0,0.9919433593749394,0.0
medium,20000,950,CNN distance-density,1,1,0,0.625,0.19444444444444445,0.9375,1.0,1.0,0,0,0,16,16,16352,0.0,0.0,0.0,0.998046874999939,0.0
medium,20000,951,CNN distance-density,5,5,0,0.289963952874978,0.08754615790399155,0.7528409090909091,0.0,1.0,4,0,8,230,522,15624,0.03361344537801003,0.01509433962261303,0.02083333290555828,0.9541015624999417,0.010526315789459834
medium,20000,952,CNN distance-density,3,4,1,0.6306360946745562,0.23474687705456934,1.0,1.0,0.75,0,0,42,91,322,15929,0.3157894736818362,0.1153846153842984,0.16901408411437638,0.9747924804686905,0.09230769230748943
medium,20000,953,CNN distance-density,1,1,0,0.836968253968254,0.6535802469135803,0.9642857142857143,1.0,1.0,0,0,0,29,28,16327,0.0,0.0,0.0,0.9965209960936892,0.0
medium,20000,954,CNN distance-density,5,5,0,0.559296852970163,0.16715253484368925,0.6703910614525139,1.0,1.0,0,0,3,117,397,15867,0.024999999999791665,0.00749999999998125,0.011538461183387584,0.9686279296874408,0.005802707930356281
medium,20000,955,CNN distance-density,5,5,0,0.2484162895927602,0.0,0.7420814479638009,0.0,1.0,1,0,12,131,528,15713,0.0839160839154971,0.022222222222181072,0.03513909190894535,0.9597778320311914,0.01788375558864697
medium,20000,956,CNN distance-density,1,1,0,0.7530721649484536,0.52,0.845360824742268,1.0,1.0,0,0,0,83,296,16005,0.0,0.0,0.0,0.9768676757811904,0.0
medium,20000,957,CNN distance-density,4,5,1,0.31390005303789265,0.19248826291079812,0.7364016736401673,0.0,0.8,1,1,0,222,397,15765,0.0,0.0,0.0,0.9622192382811913,0.0
medium,20000,958,CNN distance-density,5,5,0,0.5694273317112732,0.15671604938271602,0.7445255474452555,1.0,1.0,0,0,7,179,584,15614,0.03763440860194821,0.011844331641265915,0.01801801765381488,0.9534301757811918,0.009090909090897284
medium,20000,959,CNN distance-density,3,4,1,0.38306451612903225,0.0,0.29032258064516125,1.0,0.75,0,0,6,41,403,15934,0.12765957446536896,0.014669926650330881,0.026315789288675364,0.9729003906249406,0.013333333333303703
medium,20000,960,CNN distance-density,2,3,1,0.2631372549019608,0.0,0.9823529411764705,0.0,0.6666666666666667,1,0,38,118,448,15780,0.24358974358818214,0.07818930041136175,0.11838006193703476,0.965454101562441,0.06291390728466405
medium,20000,961,CNN distance-density,3,3,0,0.34931731502669716,0.15146198830409355,0.9057971014492754,0.0,1.0,0,3,6,111,337,15930,0.05128205128161297,0.01749271137021139,0.026086956142315695,0.9726562499999406,0.013215859030807894
medium,20000,962,CNN distance-density,2,3,1,0.676632730015083,0.4332579185520362,0.825,1.0,0.6666666666666667,0,0,0,161,365,15858,0.0,0.0,0.0,0.9678955078124409,0.0
medium,20000,963,CNN distance-density,5,5,0,0.39327814569536423,0.3,0.7913907284768211,0.0,1.0,1,0,4,238,588,15554,0.01652892561976641,0.0067567567567453435,0.009592325727124793,0.949584960937442,0.004819277108427928
medium,20000,964,CNN distance-density,3,4,1,0.22354368932038837,0.0,0.7427184466019418,0.0,0.75,1,0,3,141,419,15821,0.02083333333318866,0.007109004739319647,0.010600706334365533,0.965820312499941,0.005328596802832454
medium,20000,965,CNN distance-density,4,5,1,0.26198987061627516,0.06318181818181819,0.7677902621722846,0.0,0.8,3,0,21,163,752,15448,0.11413043478198842,0.027166882276808323,0.04388714702473006,0.9441528320311924,0.022435897435873466
medium,20000,966,CNN distance-density,3,4,1,0.2598679653679654,0.04333333333333333,0.8268398268398268,0.0,0.75,1,3,10,169,499,15706,0.0558659217873974,0.01964636542235826,0.029069767056808585,0.9592285156249414,0.014749262536851403
medium,20000,967,CNN distance-density,2,3,1,0.43974358974358974,0.0,0.6153846153846154,1.0,0.6666666666666667,0,0,3,79,150,16152,0.03658536585321237,0.019607843137126747,0.0255319144390403,0.9860229492186898,0.012931034482702884
medium,20000,968,CNN distance-density,5,5,0,0.2967391304347826,0.0,0.9836956521739131,0.0,1.0,1,0,5,158,408,15813,0.030674846625578685,0.01210653753023703,0.017361110705240896,0.965454101562441,0.008756567425553842
medium,20000,969,CNN distance-density,5,5,0,0.32332812473154454,0.08170885543688504,0.8494623655913979,0.06666666666666665,1.0,3,1,12,214,845,15313,0.05309734513250842,0.014002333722270709,0.022160664489638836,0.9353637695311929,0.011204481792706625
medium,20000,970,CNN distance-density,4,5,1,0.48697378716744916,0.010802469135802474,0.7605633802816901,1.0,0.8,0,0,6,148,457,15773,0.03896103896078597,0.012958963282909377,0.01944894614073956,0.9630737304686912,0.009819967266759705
medium,20000,971,CNN distance-density,1,1,0,0.5184210526315789,0.0,0.8421052631578947,1.0,1.0,0,0,0,65,77,16242,0.0,0.0,0.0,0.9913330078124395,0.0
medium,20000,972,CNN distance-density,1,1,0,0.69425,0.39,0.84375,1.0,1.0,0,0,0,28,105,16251,0.0,0.0,0.0,0.9918823242186894,0.0
medium,20000,973,CNN distance-density,1,1,0,0.9292452830188679,0.8679245283018868,0.9433962264150944,1.0,1.0,0,0,0,51,164,16169,0.0,0.0,0.0,0.9868774414061897,0.0
medium,20000,974,CNN distance-density,2,2,0,0.41000000000000003,0.0,0.30000000000000004,1.0,1.0,0,0,3,20,183,16178,0.13043478260302457,0.0161290322579778,0.028708133775142513,0.9876098632811897,0.01456310679604581
medium,20000,975,CNN distance-density,4,5,1,0.3101708074534162,0.12101449275362319,0.8785714285714286,0.0,0.8,1,0,6,98,457,15823,0.05769230769175296,0.012958963282909377,0.021164020864390388,0.966125488281191,0.010695187165756338
medium,20000,976,CNN distance-density,2,3,1,0.4814666666666667,0.0,0.8240000000000001,1.0,0.6666666666666667,0,0,3,94,282,16005,0.030927835051227547,0.01052631578943675,0.015706805903744424,0.9770507812499404,0.007915567282301014
medium,20000,977,CNN distance-density,5,5,0,0.1994475138121547,0.0,0.49723756906077343,0.0,1.0,1,0,2,87,265,16030,0.022471910112107057,0.0074906367040917955,0.011235954681116666,0.9785156249999403,0.005649717514108334
medium,20000,978,CNN distance-density,5,5,0,0.33144329759135727,0.1644366424015976,0.7872340425531915,0.0,1.0,0,4,27,144,489,15724,0.1578947368411819,0.052325581395247435,0.07860261971320151,0.9613647460936913,0.040909090909028924
medium,20000,979,CNN distance-density,3,3,0,0.5423809523809524,0.0,0.9619047619047619,1.0,1.0,0,0,0,103,111,16170,0.0,0.0,0.0,0.9869384765624397,0.0
medium,20000,980,CNN distance-density,2,2,0,0.6955810762832217,0.361745283018868,0.9139784946236559,1.0,1.0,0,0,0,87,95,16202,0.0,0.0,0.0,0.9888916015624396,0.0
medium,20000,981,CNN distance-density,1,1,0,0.5147058823529411,0.0,0.8235294117647058,1.0,1.0,0,0,0,18,15,16351,0.0,0.0,0.0,0.997985839843689,0.0
medium,20000,982,CNN distance-density,1,1,0,0.6557499999999999,0.25277777777777777,0.96,1.0,1.0,0,0,0,22,56,16306,0.0,0.0,0.0,0.9952392578124393,0.0
medium,20000,983,CNN distance-density,3,3,0,0.5300869565217392,0.12000000000000001,0.6304347826086957,1.0,1.0,0,0,1,67,304,16012,0.014705882352724913,0.0032786885245794143,0.005361929996736858,0.9773559570311903,0.0026881720430035265
medium,20000,984,CNN distance-density,1,1,0,0.7302686567164179,0.52,0.7313432835820896,1.0,1.0,0,0,25,25,185,16149,0.49999999999000005,0.11904761904705216,0.19230769199556216,0.9871826171874397,0.10638297872295156
medium,20000,985,CNN distance-density,2,2,0,0.6652608695652173,0.27391304347826084,0.96,1.0,1.0,0,0,0,73,177,16134,0.0,0.0,0.0,0.9847412109374398,0.0
medium,20000,986,CNN distance-density,2,3,1,0.36082018608414246,0.24375000000000002,0.9223300970873787,0.0,0.6666666666666667,1,0,1,94,226,16063,0.01052631578936288,0.004405286343592929,0.006211179708209589,0.9804687499999402,0.0031152647974980836
medium,20000,987,CNN distance-density,4,4,0,0.7014095744680852,0.3861111111111111,0.8882978723404256,1.0,1.0,0,0,3,161,435,15785,0.018292682926717728,0.0068493150684775135,0.009966777012185311,0.9636230468749412,0.005008347245400654
medium,20000,988,CNN distance-density,5,5,0,0.3131423697042027,0.13237986918394262,0.7678571428571428,0.0,1.0,1,1,31,267,705,15381,0.10402684563723481,0.04211956521733408,0.059961314870065736,0.9406738281249426,0.030907278165472674
medium,20000,989,CNN distance-density,4,5,1,0.5454088827838828,0.1442948717948718,0.7523809523809524,1.0,0.8,0,0,0,77,217,16090,0.0,0.0,0.0,0.98205566406244,0.0
medium,20000,990,CNN distance-density,5,5,0,0.40298267462595827,0.25898221479968137,0.9322033898305084,0.0,1.0,1,2,45,160,499,15680,0.21951219512088044,0.08272058823514206,0.12016021322026163,0.9597778320311914,0.06392045454536376
medium,20000,991,CNN distance-density,5,5,0,0.36306409489633173,0.18754984051036683,0.8933333333333333,0.0,1.0,1,1,0,140,334,15910,0.0,0.0,0.0,0.9710693359374407,0.0
medium,20000,992,CNN distance-density,3,4,1,0.35484610472541506,0.1889300411522634,0.9741379310344828,0.0,0.75,1,5,15,194,677,15498,0.07177033492788627,0.02167630057800336,0.033296337046497856,0.9468383789061922,0.016930022573344323
medium,20000,993,CNN distance-density,5,5,0,0.5594743437217121,0.10273577884104199,0.8162162162162162,1.0,1.0,0,0,3,148,497,15736,0.0198675496687426,0.005999999999988,0.009216589505423551,0.9606323242186914,0.004629629629622485
medium,20000,994,CNN distance-density,1,1,0,0.5812030411449016,0.11068376068376067,0.9069767441860466,1.0,1.0,0,0,0,44,122,16218,0.0,0.0,0.0,0.9898681640624396,0.0
medium,20000,995,CNN distance-density,2,3,1,0.6176992753623188,0.325,0.7739130434782608,1.0,0.6666666666666667,0,0,26,63,245,16050,0.2921348314573917,0.09594095940924008,0.1444444440714352,0.98120117187494,0.07784431137701245
medium,20000,996,CNN distance-density,2,3,1,0.5700608384458078,0.195,0.8282208588957055,1.0,0.6666666666666667,0,0,0,166,419,15799,0.0,0.0,0.0,0.9642944335936912,0.0
medium,20000,997,CNN distance-density,4,4,0,0.24426229508196723,0.0,0.7213114754098361,0.0,1.0,2,1,27,107,322,15928,0.20149253731192918,0.07736389684791586,0.11180124183463427,0.9738159179686905,0.05921052631565963
medium,20000,998,CNN distance-density,1,1,0,0.5540277777777778,0.05833333333333331,0.8888888888888888,1.0,1.0,0,0,0,46,125,16213,0.0,0.0,0.0,0.9895629882811896,0.0
medium,20000,999,CNN distance-density,3,4,1,0.6104411764705882,0.25,0.8647058823529412,1.0,0.75,0,0,31,143,382,15828,0.178160919539206,0.0750605326874696,0.10562180537469128,0.9679565429686909,0.05575539568335296
medium,20000,1000,CNN distance-density,4,4,0,0.347159302759135,0.16743827160493827,0.8590604026845637,0.0,1.0,1,1,8,113,290,15973,0.06611570247879243,0.026845637583802533,0.0381861571069429,0.9754028320311905,0.019464720194599845
medium,20000,1001,CNN distance-density,3,3,0,0.41747113997114005,0.3069023569023569,0.8968253968253969,0.0,1.0,1,0,15,81,319,15969,0.15624999999837239,0.0449101796405841,0.0697674415133153,0.9755859374999404,0.03614457831316592
medium,20000,1002,CNN distance-density,3,5,2,0.24083333333333334,0.0,0.9041666666666667,0.0,0.6,2,1,16,183,492,15693,0.08040201004984723,0.031496062992063985,0.04526166861942708,0.9588012695311915,0.023154848046276186
medium,20000,1003,CNN distance-density,3,4,1,0.564507299270073,0.25,0.635036496350365,1.0,0.75,0,0,0,89,266,16029,0.0,0.0,0.0,0.9783325195311903,0.0
medium,20000,1004,CNN distance-density,1,1,0,0.5192307692307693,0.0,0.8461538461538461,1.0,1.0,0,0,0,22,27,16335,0.0,0.0,0.0,0.9970092773436892,0.0
medium,20000,1005,CNN distance-density,1,1,0,0.5843181818181818,0.11666666666666667,0.9090909090909091,1.0,1.0,0,0,0,45,129,16210,0.0,0.0,0.0,0.9893798828124396,0.0
medium,20000,1006,CNN distance-density,3,3,0,0.3496756756756757,0.12000000000000001,0.9783783783783784,0.0,1.0,1,2,6,153,407,15818,0.03773584905636644,0.014527845036284437,0.020979020577540475,0.965820312499941,0.01060070671376219
medium,20000,1007,CNN distance-density,2,2,0,0.5652032019704434,0.07976190476190474,0.896551724137931,1.0,1.0,0,0,0,88,248,16048,0.0,0.0,0.0,0.9794921874999402,0.0
medium,20000,1008,CNN distance-density,4,4,0,0.5816287878787879,0.09722222222222222,0.9393939393939394,1.0,1.0,0,0,0,119,210,16055,0.0,0.0,0.0,0.9799194335936902,0.0
medium,20000,1009,CNN distance-density,5,5,0,0.34662277366880945,0.13846455150802975,0.9215686274509804,0.0,1.0,2,1,22,190,565,15607,0.10377358490517088,0.03747870528102644,0.05506883565505693,0.9539184570311917,0.028314028313991876
medium,20000,1010,CNN distance-density,2,2,0,0.6216209677419354,0.195,0.9193548387096774,1.0,1.0,0,0,0,50,167,16167,0.0,0.0,0.0,0.9867553710936897,0.0
medium,20000,1011,CNN distance-density,2,4,2,0.2602,0.156,0.7,0.0,0.5,0,2,34,104,326,15920,0.2463768115924176,0.0944444444441821,0.13654618433776874,0.9737548828124405,0.0732758620688076
medium,20000,1012,CNN distance-density,2,2,0,0.6138144555694618,0.2363725490196078,0.7872340425531915,1.0,1.0,0,0,0,36,151,16197,0.0,0.0,0.0,0.9885864257811896,0.0
medium,20000,1013,CNN distance-density,1,1,0,0.4916666666666667,0.0,0.7083333333333333,1.0,1.0,0,0,0,18,25,16341,0.0,0.0,0.0,0.997375488281189,0.0
medium,20000,1014,CNN distance-density,1,1,0,0.6339705882352941,0.21274509803921565,0.9411764705882353,1.0,1.0,0,0,0,16,56,16312,0.0,0.0,0.0,0.9956054687499392,0.0
medium,20000,1015,CNN distance-density,4,4,0,0.42096491228070176,0.3,0.9298245614035088,0.0,1.0,1,0,6,99,223,16056,0.057142857142312924,0.026200873362331,0.035928143281275776,0.9803466796874402,0.0182926829267735
medium,20000,1016,CNN distance-density,1,1,0,0.7669444444444445,0.65,0.6222222222222222,1.0,1.0,0,0,0,29,144,16211,0.0,0.0,0.0,0.9894409179686896,0.0
medium,20000,1017,CNN distance-density,5,5,0,0.391604952438233,0.289802050194415,0.8059701492537313,0.0,1.0,1,1,6,132,336,15910,0.04347826086925016,0.01754385964907151,0.024999999590208342,0.9714355468749407,0.012658227848074561
medium,20000,1018,CNN distance-density,1,1,0,0.5136363636363637,0.0,0.8181818181818181,1.0,1.0,0,0,0,64,78,16242,0.0,0.0,0.0,0.9913330078124395,0.0
medium,20000,1019,CNN distance-density,3,4,1,0.21503501400560227,0.021428571428571425,0.6519607843137255,0.0,0.75,1,1,3,111,309,15961,0.02631578947345337,0.009615384615353797,0.01408450665020169,0.9743652343749405,0.007092198581543517
medium,20000,1020,CNN distance-density,4,5,1,0.35233078162771964,0.19117647058823528,0.9315068493150684,0.0,0.8,4,2,25,181,451,15727,0.12135922330038176,0.05252100840325101,0.07331378256935356,0.9614257812499413,0.03805175038045959
medium,20000,1021,CNN distance-density,4,5,1,0.26247011952191235,0.0,0.9123505976095617,0.0,0.8,2,0,16,196,677,15495,0.07547169811285155,0.02308802308798977,0.03535911566326303,0.9467163085936922,0.017997750281194602
medium,20000,1022,CNN distance-density,2,2,0,0.5231250000000001,0.029166666666666657,0.8,1.0,1.0,0,0,0,61,154,16169,0.0,0.0,0.0,0.9868774414061897,0.0
medium,20000,1023,CNN distance-density,2,3,1,0.21212121212121215,0.0,0.7272727272727273,0.0,0.6666666666666667,1,1,12,35,224,16113,0.2553191489307379,0.05084745762690319,0.08480565343265617,0.9841918945311899,0.04428044280426465
medium,20000,1024,CNN distance-density,1,1,0,0.8898565573770493,0.7916666666666667,0.9180327868852459,1.0,1.0,0,0,0,54,197,16133,0.0,0.0,0.0,0.9846801757811898,0.0
medium,20000,1025,CNN distance-density,2,3,1,0.5511842977697409,0.7307142857142859,0.7784810126582279,0.0,0.6666666666666667,0,1,13,128,306,15937,0.0921985815596298,0.040752351097050936,0.056521738705056716,0.9735107421874406,0.02908277404915194
medium,20000,1026,CNN distance-density,4,4,0,0.3177226027397261,0.09722222222222222,0.8698630136986302,0.0,1.0,1,2,13,85,351,15935,0.1326530612231362,0.035714285714187596,0.05627705594256104,0.9733886718749406,0.028953229398599213
medium,20000,1027,CNN distance-density,3,4,1,0.3272674743709227,0.19302681992337165,0.827027027027027,0.0,0.75,1,2,10,159,307,15908,0.05917159763278597,0.03154574132482162,0.041152262920684524,0.9715576171874407,0.021008403361300405
medium,20000,1028,CNN distance-density,3,4,1,0.2286585365853659,0.0,0.7682926829268293,0.0,0.75,1,0,14,104,486,15780,0.11864406779560471,0.027999999999944,0.045307443056587175,0.9639892578124412,0.023178807946981492
medium,20000,1029,CNN distance-density,5,5,0,0.5724179239877769,0.11838903743315508,0.8457142857142858,1.0,1.0,0,0,21,135,370,15858,0.13461538461452172,0.05370843989756085,0.07678244931778122,0.9691772460936908,0.03992395437254767
medium,20000,1030,CNN distance-density,2,2,0,0.5144852941176471,0.058333333333333334,0.6911764705882353,1.0,1.0,0,0,0,69,159,16156,0.0,0.0,0.0,0.9860839843749398,0.0
medium,20000,1031,CNN distance-density,4,5,1,0.20406301652892564,0.03694444444444444,0.5371900826446281,0.0,0.8,2,3,0,97,265,16022,0.0,0.0,0.0,0.9779052734374403,0.0
medium,20000,1032,CNN distance-density,2,2,0,0.46965909090909097,0.0638888888888889,0.4545454545454546,1.0,1.0,0,0,2,31,77,16274,0.06060606060422406,0.02531645569588207,0.035714285297991075,0.9934082031249394,0.018181818181652893
medium,20000,1033,CNN distance-density,4,4,0,0.5140126811594203,0.0875,0.6231884057971014,1.0,1.0,0,0,1,79,275,16029,0.012499999999843749,0.003623188405783974,0.005617977179617494,0.9783935546874403,0.0028169014084427693
medium,20000,1034,CNN distance-density,1,1,0,0.7330365853658537,0.43926829268292683,0.926829268292683,1.0,1.0,0,0,29,10,99,16246,0.7435897435706772,0.22656249999823,0.3473053888594069,0.9933471679686894,0.21014492753470912
medium,20000,1035,CNN distance-density,2,3,1,0.24788213627992636,0.0,0.9060773480662984,0.0,0.6666666666666667,1,0,16,150,399,15819,0.09638554216809407,0.03855421686737698,0.05507745225946125,0.9664916992186909,0.02831858407074634
medium,20000,1036,CNN distance-density,1,1,0,0.7334736842105263,0.52,0.7473684210526316,1.0,1.0,0,0,0,52,68,16264,0.0,0.0,0.0,0.9926757812499394,0.0
medium,20000,1037,CNN distance-density,1,1,0,0.7405949367088608,0.47417721518987344,0.8860759493670887,1.0,1.0,0,0,11,60,69,16244,0.1549295774626066,0.13749999999828125,0.1456953637382571,0.9921264648436894,0.07857142857086735
medium,20000,1038,CNN distance-density,1,1,0,0.6816744186046512,0.52,0.4883720930232558,1.0,1.0,0,0,0,43,87,16254,0.0,0.0,0.0,0.9920654296874394,0.0
medium,20000,1039,CNN distance-density,1,1,0,0.8641304347826086,0.7463768115942029,0.8913043478260869,1.0,1.0,0,0,0,42,143,16199,0.0,0.0,0.0,0.9887084960936896,0.0
medium,20000,1040,CNN distance-density,4,4,0,0.63275,0.18388888888888888,1.0,1.0,1.0,0,0,2,162,495,15725,0.012195121951145152,0.004024144869207195,0.006051436843218821,0.9598999023436914,0.0030349013657010094
medium,20000,1041,CNN distance-density,1,1,0,0.6094607843137255,0.16481481481481478,0.9264705882352942,1.0,1.0,0,0,0,69,64,16251,0.0,0.0,0.0,0.9918823242186894,0.0
medium,20000,1042,CNN distance-density,2,2,0,0.30600183823529414,0.06562499999999999,0.8823529411764706,0.0,1.0,0,1,14,74,174,16122,0.15909090908910123,0.07446808510598688,0.10144927492722117,0.9848632812499398,0.053435114503612845
medium,20000,1043,CNN distance-density,2,2,0,0.5225,0.049999999999999996,0.75,1.0,1.0,0,0,0,52,158,16174,0.0,0.0,0.0,0.9871826171874397,0.0
medium,20000,1044,CNN distance-density,1,1,0,0.7120144927536232,0.37855072463768114,0.9583333333333334,1.0,1.0,0,0,0,49,47,16288,0.0,0.0,0.0,0.9941406249999393,0.0
medium,20000,1045,CNN distance-density,5,5,0,0.6473636166858545,0.21900909528073492,0.9940476190476191,1.0,1.0,0,0,3,168,287,15926,0.01754385964902021,0.010344827586171225,0.013015183915039,0.9722290039061906,0.006550218340597052
medium,20000,1046,CNN distance-density,4,5,1,0.3223521984551396,0.10590050835148873,0.9734848484848485,0.0,0.8,1,2,12,231,611,15530,0.049382716049179494,0.019261637239134412,0.027713625462259125,0.948608398437442,0.014051522248227106
medium,20000,1047,CNN distance-density,5,5,0,0.3319816738816739,0.1908395061728395,0.7305194805194806,0.0,1.0,1,0,30,200,464,15690,0.13043478260812855,0.06072874493914832,0.08287292774304814,0.9594726562499414,0.043227665705989585
medium,20000,1048,CNN distance-density,2,2,0,0.5218309859154929,0.0,0.8591549295774648,1.0,1.0,0,0,1,106,214,16063,0.00934579439243602,0.0046511627906760415,0.006211179680432887,0.9804687499999402,0.0031152647974980836
medium,20000,1049,CNN distance-density,3,3,0,0.2637795275590551,0.0,0.8188976377952756,0.0,1.0,1,0,16,81,308,15979,0.16494845360654692,0.0493827160492303,0.0760095008326516,0.9762573242186904,0.039506172839408625
medium,20000,1050,CNN distance-density,1,1,0,0.6839150943396226,0.3059748427672956,0.9811320754716981,1.0,1.0,0,0,0,53,164,16167,0.0,0.0,0.0,0.9867553710936897,0.0
medium,20000,1051,CNN distance-density,5,5,0,0.5692116947621915,0.19280303030303028,0.6622516556291391,1.0,1.0,0,0,13,92,327,15952,0.12380952380834467,0.0382352941175346,0.05842696593131171,0.9744262695311905,0.030092592592522935
medium,20000,1052,CNN distance-density,1,1,0,0.592925925925926,0.26,0.6296296296296297,1.0,1.0,0,0,0,18,28,16338,0.0,0.0,0.0,0.9971923828124392,0.0
medium,20000,1053,CNN distance-density,4,5,1,0.38227113054524137,0.25703108375133,0.9330357142857143,0.0,0.8,1,1,4,201,493,15686,0.01951219512185604,0.00804828973841439,0.011396010982487985,0.9576416015624415,0.005730659025779756
medium,20000,1054,CNN distance-density,4,5,1,0.40233904442917673,0.2948170731707317,0.9483568075117371,0.0,0.8,1,1,9,179,559,15637,0.04787234042527728,0.015845070422507317,0.02380952343578708,0.9549560546874417,0.012048192771068209
medium,20000,1055,CNN distance-density,2,3,1,0.5380314309346568,0.10769230769230771,0.864516129032258,1.0,0.6666666666666667,0,0,15,107,468,15794,0.12295081967112335,0.031055900621053716,0.0495867765373622,0.964904785156191,0.025423728813516233
medium,20000,1056,CNN distance-density,2,2,0,0.5716071428571429,0.175,0.7142857142857143,1.0,1.0,0,0,0,31,108,16245,0.0,0.0,0.0,0.9915161132811895,0.0
medium,20000,1057,CNN distance-density,1,1,0,0.5499634146341463,0.12999999999999998,0.7073170731707317,1.0,1.0,0,0,0,30,132,16222,0.0,0.0,0.0,0.9901123046874395,0.0
medium,20000,1058,CNN distance-density,5,5,0,0.23012048192771084,0.0,0.6506024096385542,0.0,1.0,2,0,9,133,453,15789,0.0633802816896945,0.019480519480477316,0.029801324143557305,0.9642333984374412,0.015126050420142645
medium,20000,1059,CNN distance-density,4,5,1,0.28305711610486894,0.10833333333333332,0.7715355805243446,0.0,0.8,0,4,9,174,518,15683,0.049180327868583715,0.017077798861447672,0.025352112293358472,0.9577636718749415,0.012838801711821914
medium,20000,1060,CNN distance-density,5,5,0,0.3031624168514413,0.11136363636363637,0.7652439024390244,0.0,1.0,1,1,6,230,556,15592,0.025423728813451594,0.010676156583610897,0.015037593568369558,0.9520263671874418,0.007575757575748011
medium,20000,1061,CNN distance-density,2,2,0,0.5323011363636364,0.10208333333333333,0.6818181818181819,1.0,1.0,0,0,0,51,158,16175,0.0,0.0,0.0,0.9872436523436897,0.0
medium,20000,1062,CNN distance-density,1,1,0,0.8245,0.61,1.0,1.0,1.0,0,0,0,34,104,16246,0.0,0.0,0.0,0.9915771484374395,0.0
medium,20000,1063,CNN distance-density,2,2,0,0.5337837837837838,0.0,0.9189189189189189,1.0,1.0,0,0,0,75,88,16221,0.0,0.0,0.0,0.9900512695311895,0.0
medium,20000,1064,CNN distance-density,4,5,1,0.2803989361702128,0.18055555555555555,0.5957446808510638,0.0,0.8,1,1,15,125,516,15728,0.10714285714209185,0.028248587570568272,0.04470938864132765,0.9608764648436914,0.02286585365850173
medium,20000,1065,CNN distance-density,1,1,0,0.5967405063291139,0.1432489451476793,0.9113924050632911,1.0,1.0,0,0,0,73,80,16231,0.0,0.0,0.0,0.9906616210936895,0.0
medium,20000,1066,CNN distance-density,3,3,0,0.2723008782556027,0.02243589743589743,0.8110236220472441,0.0,1.0,1,0,12,88,346,15938,0.1199999999988,0.03351955307253207,0.05240174638332603,0.9735107421874406,0.02690582959635223
medium,20000,1067,CNN distance-density,3,3,0,0.48353448275862065,0.005555555555555562,0.6551724137931034,1.0,1.0,0,0,0,39,129,16216,0.0,0.0,0.0,0.9897460937499396,0.0
medium,20000,1068,CNN distance-density,5,5,0,0.5121134140661389,0.10263157894736843,0.5796460176991151,1.0,1.0,0,0,11,122,389,15862,0.08270676691667138,0.02749999999993125,0.04127579699867295,0.9688110351561908,0.02107279693482553
medium,20000,1069,CNN distance-density,3,4,1,0.24783501845610661,0.01923536439665471,0.8208955223880597,0.0,0.75,1,2,16,167,337,15864,0.08743169398859327,0.04532577903669879,0.05970149208738723,0.9692382812499408,0.0307692307691716
medium,20000,1070,CNN distance-density,3,4,1,0.32427884615384617,0.22235576923076922,0.74609375,0.0,0.75,1,6,64,156,460,15704,0.2909090909077686,0.12213740457991959,0.17204301033570354,0.9624023437499413,0.09411764705868512
medium,20000,1071,CNN distance-density,4,4,0,0.32316713570981864,0.15807692307692306,0.7601626016260162,0.0,1.0,0,6,23,197,424,15740,0.10454545454497935,0.05145413870234574,0.06896551679908472,0.9620971679686913,0.03571428571423026
medium,20000,1072,CNN distance-density,2,3,1,0.6578787878787878,0.37037037037037035,0.8727272727272728,1.0,0.6666666666666667,0,0,0,58,158,16168,0.0,0.0,0.0,0.9868164062499397,0.0
medium,20000,1073,CNN distance-density,4,4,0,0.3413333333333333,0.227037037037037,0.6958333333333333,0.0,1.0,0,1,0,156,580,15648,0.0,0.0,0.0,0.9550781249999417,0.0
medium,20000,1074,CNN distance-density,5,5,0,0.3248000047488495,0.0938990004519887,0.9127272727272727,0.0,1.0,1,8,20,204,558,15602,0.08928571428531569,0.03460207612450761,0.04987531131798932,0.9534912109374418,0.025575447570299777
medium,20000,1075,CNN distance-density,5,5,0,0.34279724154382996,0.2051303159895462,0.752442996742671,0.0,1.0,3,0,14,196,445,15729,0.06666666666634921,0.030501089324552286,0.04185351227467094,0.9608764648436914,0.021374045801494084
medium,20000,1076,CNN distance-density,2,2,0,0.8485667229729729,0.7235416666666665,0.8648648648648649,1.0,1.0,0,0,0,76,202,16106,0.0,0.0,0.0,0.9830322265624399,0.0
medium,20000,1077,CNN distance-density,1,1,0,0.7460689655172413,0.52,0.8103448275862069,1.0,1.0,0,0,0,48,179,16157,0.0,0.0,0.0,0.9861450195311898,0.0
medium,20000,1078,CNN distance-density,4,5,1,0.5490981263194934,0.1558189655172414,0.7448979591836735,1.0,0.8,0,0,3,129,600,15652,0.022727272727100553,0.004975124378101202,0.00816326501142303,0.9555053710936916,0.004098360655732106
medium,20000,1079,CNN distance-density,3,3,0,0.6384595959595959,0.24595959595959596,0.8888888888888888,1.0,1.0,0,0,0,67,156,16161,0.0,0.0,0.0,0.9863891601561897,0.0
medium,20000,1080,CNN distance-density,1,1,0,0.7919252873563218,0.65,0.7471264367816092,1.0,1.0,0,0,0,66,266,16052,0.0,0.0,0.0,0.9797363281249402,0.0
medium,20000,1081,CNN distance-density,2,2,0,0.68025,0.325,0.92,1.0,1.0,0,0,0,70,139,16175,0.0,0.0,0.0,0.9872436523436897,0.0
medium,20000,1082,CNN distance-density,5,5,0,0.32709224598930486,0.13863636363636364,0.8235294117647058,0.0,1.0,2,0,6,165,484,15729,0.03508771929804042,0.012244897959158684,0.018154311265414124,0.9603881835936914,0.009160305343497465
medium,20000,1083,CNN distance-density,2,2,0,0.5452755905511811,0.0,0.9763779527559056,1.0,1.0,0,0,16,108,341,15919,0.12903225806347554,0.04481792717074281,0.06652806614511521,0.9725952148436906,0.03440860215046364
medium,20000,1084,CNN distance-density,1,1,0,0.48636363636363633,0.0,0.6818181818181819,1.0,1.0,0,0,0,15,36,16333,0.0,0.0,0.0,0.9968872070311892,0.0
medium,20000,1085,CNN distance-density,2,3,1,0.7036301357129577,0.5027272727272727,0.803680981595092,1.0,0.6666666666666667,0,0,46,120,357,15861,0.27710843373327043,0.11414392059525026,0.1616871700606929,0.9708862304686907,0.08795411089849339
medium,20000,1086,CNN distance-density,1,1,0,0.6505,0.39,0.625,1.0,1.0,0,0,0,36,173,16175,0.0,0.0,0.0,0.9872436523436897,0.0
medium,20000,1087,CNN distance-density,1,1,0,0.8875144927536232,0.7685507246376811,0.9583333333333334,1.0,1.0,0,0,0,73,212,16099,0.0,0.0,0.0,0.98260498046869,0.0
medium,20000,1088,CNN distance-density,4,5,1,0.343811919504644,0.16519607843137254,0.9473684210526316,0.0,0.8,3,1,1,180,330,15873,0.005524861878422515,0.003021148036244649,0.003906249542900139,0.9688720703124408,0.001956947162422785
medium,20000,1089,CNN distance-density,2,2,0,0.4878048780487805,0.0,0.6890243902439024,1.0,1.0,0,0,3,95,507,15779,0.03061224489764681,0.005882352941164936,0.009868420782191403,0.9632568359374412,0.004958677685942217
medium,20000,1090,CNN distance-density,3,4,1,0.5408861236802414,0.06493212669683258,0.9333333333333333,1.0,0.75,0,0,0,123,203,16058,0.0,0.0,0.0,0.9801025390624402,0.0
medium,20000,1091,CNN distance-density,1,1,0,0.5818333333333333,0.12999999999999998,0.8666666666666667,1.0,1.0,0,0,0,16,44,16324,0.0,0.0,0.0,0.9963378906249392,0.0
medium,20000,1092,CNN distance-density,4,5,1,0.4343498452012384,0.43071895424836604,0.8026315789473684,0.0,0.8,2,0,33,149,403,15799,0.18131868131768508,0.07568807339432182,0.10679611608897058,0.966308593749941,0.05641025641015998
medium,20000,1093,CNN distance-density,2,2,0,0.6956083916083916,0.38923076923076927,0.8522727272727273,1.0,1.0,0,0,0,73,172,16139,0.0,0.0,0.0,0.9850463867186898,0.0
medium,20000,1094,CNN distance-density,5,5,0,0.40348608907225214,0.23645732689210944,0.9854014598540146,0.0,1.0,0,1,2,129,207,16046,0.015267175572402541,0.009569377990384835,0.011764705408598634,0.9794921874999402,0.005917159763296103
medium,20000,1095,CNN distance-density,5,5,0,0.5653911564625851,0.12037037037037036,0.8061224489795918,1.0,1.0,0,0,9,136,491,15748,0.062068965516813325,0.017999999999964,0.02790697639556277,0.9617309570311913,0.014150943396204166
medium,20000,1096,CNN distance-density,1,1,0,0.49,0.0,0.7,1.0,1.0,0,0,0,14,21,16349,0.0,0.0,0.0,0.997863769531189,0.0
medium,20000,1097,CNN distance-density,1,1,0,0.8798076923076924,0.7756410256410257,0.9038461538461539,1.0,1.0,0,0,0,48,165,16171,0.0,0.0,0.0,0.9869995117186897,0.0
medium,20000,1098,CNN distance-density,4,5,1,0.3691261061946903,0.24722222222222218,0.8893805309734513,0.0,0.8,1,0,58,145,307,15874,0.28571428571287827,0.15890410958860574,0.20422535165262967,0.9724121093749406,0.11372549019585544
medium,20000,1099,CNN distance-density,1,1,0,0.6869035087719298,0.39,0.8070175438596492,1.0,1.0,0,0,0,47,180,16157,0.0,0.0,0.0,0.9861450195311898,0.0
medium,20000,1100,CNN distance-density,2,3,1,0.20666666666666667,0.0,0.7,0.0,0.6666666666666667,1,0,6,56,299,16023,0.09677419354682623,0.019672131147476485,0.0326975474029505,0.9783325195311903,0.01662049861491241
medium,20000,1101,CNN distance-density,3,4,1,0.27131336405529954,0.0,0.9815668202764977,0.0,0.75,0,2,6,171,322,15885,0.03389830508455425,0.0182926829267735,0.023762375782233124,0.9699096679686908,0.01202404809616829
medium,20000,1102,CNN distance-density,3,4,1,0.3097396423300038,0.15291936978683968,0.8296296296296296,0.0,0.75,1,4,5,248,399,15732,0.019762845849724257,0.012376237623731742,0.015220699678572189,0.9605102539061914,0.007668711656429956
medium,20000,1103,CNN distance-density,4,4,0,0.3289159482758621,0.07958333333333333,0.9655172413793104,0.0,1.0,0,1,0,107,234,16043,0.0,0.0,0.0,0.9791870117186902,0.0
medium,20000,1104,CNN distance-density,4,4,0,0.3519491757557647,0.1383521202361782,0.9484536082474226,0.0,1.0,1,6,0,243,591,15550,0.0,0.0,0.0,0.949096679687442,0.0
medium,20000,1105,CNN distance-density,2,2,0,0.5892900641025641,0.1670833333333333,0.8205128205128205,1.0,1.0,0,0,0,34,131,16219,0.0,0.0,0.0,0.9899291992186896,0.0
medium,20000,1106,CNN distance-density,1,1,0,0.6523292682926829,0.39,0.6341463414634146,1.0,1.0,0,0,0,27,132,16225,0.0,0.0,0.0,0.9902954101561895,0.0
medium,20000,1107,CNN distance-density,5,5,0,0.33733717948717956,0.12855555555555556,0.8974358974358975,0.0,1.0,0,1,0,128,443,15813,0.0,0.0,0.0,0.965148925781191,0.0
medium,20000,1108,CNN distance-density,4,4,0,0.655946357304456,0.2832260747745381,0.8924731182795699,1.0,1.0,0,0,0,190,390,15804,0.0,0.0,0.0,0.964599609374941,0.0
medium,20000,1109,CNN distance-density,2,3,1,0.3175745614035088,0.195,0.8157894736842105,0.0,0.6666666666666667,1,0,0,115,304,15965,0.0,0.0,0.0,0.9744262695311905,0.0
medium,20000,1110,CNN distance-density,5,5,0,0.3901431226765799,0.23666666666666666,0.9182156133828996,0.0,1.0,1,5,3,232,643,15506,0.012765957446754189,0.004643962848290025,0.006810442287576956,0.9465942382811922,0.003416856492023443
medium,20000,1111,CNN distance-density,4,5,1,0.3855555555555556,0.25,0.9652777777777778,0.0,0.8,0,2,8,121,296,15959,0.06201550387548826,0.026315789473597646,0.036951500736235196,0.9745483398436905,0.018823529411720417
medium,20000,1112,CNN distance-density,3,3,0,0.6764333587204875,0.36017094017094015,0.8217821782178218,1.0,1.0,0,0,0,82,263,16039,0.0,0.0,0.0,0.9789428710936903,0.0
medium,20000,1113,CNN distance-density,4,5,1,0.31141039823008854,0.0875,0.9601769911504425,0.0,0.8,0,3,9,196,256,15923,0.043902439024176086,0.03396226415081524,0.038297871848411054,0.9724121093749406,0.019522776572625765
medium,20000,1114,CNN distance-density,5,5,0,0.39178014842300557,0.2112121212121212,0.9836734693877551,0.0,1.0,0,5,10,210,418,15746,0.04545454545433884,0.023364485981253822,0.030864197082285487,0.9616699218749413,0.015673981191198002
medium,20000,1115,CNN distance-density,4,4,0,0.37544603761948814,0.169549114331723,0.9957446808510638,0.0,1.0,1,2,15,204,525,15640,0.06849315068461875,0.027777777777726338,0.03952569128893334,0.9555053710936916,0.020161290322553548
medium,20000,1116,CNN distance-density,4,4,0,0.6900700104493208,0.3129501915708812,0.9962121212121212,1.0,1.0,0,0,0,263,740,15381,0.0,0.0,0.0,0.9387817382811927,0.0
medium,20000,1117,CNN distance-density,2,2,0,0.44130434782608696,0.0,0.4565217391304348,1.0,1.0,0,0,0,20,156,16208,0.0,0.0,0.0,0.9892578124999396,0.0
medium,20000,1118,CNN distance-density,1,1,0,0.6732534246575342,0.2860730593607306,0.9726027397260274,1.0,1.0,0,0,0,72,224,16088,0.0,0.0,0.0,0.98193359374994,0.0
medium,20000,1119,CNN distance-density,5,5,0,0.30042170756999653,0.10909090909090909,0.7566539923954373,0.0,1.0,1,2,4,186,481,15713,0.021052631578836568,0.008247422680395366,0.011851851447317435,0.9592895507811914,0.005961251862882323
medium,20000,1120,CNN distance-density,5,5,0,0.3207968089489829,0.11228119706380575,0.8513513513513513,0.0,1.0,2,1,6,172,383,15823,0.033707865168349956,0.015424164524381943,0.02116402073318839,0.966125488281191,0.010695187165756338
medium,20000,1121,CNN distance-density,1,1,0,0.553078313253012,0.12999999999999998,0.7228915662650602,1.0,1.0,0,0,0,61,84,16239,0.0,0.0,0.0,0.9911499023436895,0.0
medium,20000,1122,CNN distance-density,3,3,0,0.3290334880636605,0.10436560565870909,0.9103448275862069,0.0,1.0,1,1,13,124,351,15896,0.09489051094821249,0.035714285714187596,0.05189620718727017,0.9710083007811907,0.026639344262240492
medium,20000,1123,CNN distance-density,1,1,0,0.5223148148148148,0.004320987654320967,0.8518518518518519,1.0,1.0,0,0,0,24,28,16332,0.0,0.0,0.0,0.9968261718749392,0.0
medium,20000,1124,CNN distance-density,3,3,0,0.4442307692307692,0.0,0.47115384615384615,1.0,1.0,0,0,2,42,105,16235,0.0454545454535124,0.01869158878487204,0.026490065811850365,0.9910278320311895,0.013422818791856224
medium,20000,1125,CNN distance-density,4,5,1,0.5571168831168831,0.11797979797979799,0.8701298701298701,1.0,0.8,0,0,4,194,562,15624,0.020202020201918174,0.007067137809174793,0.010471203804459872,0.9538574218749417,0.005263157894729917
medium,20000,1126,CNN distance-density,4,3,1,0.4785219414893617,0.024374999999999994,0.7127659574468085,1.0,0.75,0,0,8,53,205,16118,0.13114754098145662,0.03755868544583306,0.058394160237386125,0.9842529296874399,0.030075187969811748
medium,20000,1127,CNN distance-density,5,5,0,0.33378031992162427,0.20161058748015268,0.7152777777777778,0.0,1.0,1,0,33,66,295,15990,0.33333333332996634,0.10060975609725424,0.1545667443737639,0.9779663085936903,0.0837563451774524
medium,20000,1128,CNN distance-density,4,4,0,0.47866242038216567,0.0,0.6433121019108281,1.0,1.0,0,0,18,77,481,15808,0.18947368420853186,0.036072144288504866,0.06060606033714814,0.965942382812441,0.031249999999945748
medium,20000,1129,CNN distance-density,2,2,0,0.49468085106382975,0.0,0.7234042553191489,1.0,1.0,0,0,0,101,441,15842,0.0,0.0,0.0,0.9669189453124409,0.0
medium,20000,1130,CNN distance-density,3,3,0,0.2896302816901408,0.058333333333333334,0.8169014084507042,0.0,1.0,0,1,0,126,367,15891,0.0,0.0,0.0,0.9699096679686908,0.0
medium,20000,1131,CNN distance-density,5,5,0,0.34330373573794626,0.2815656565656566,0.582995951417004,0.0,1.0,1,2,8,118,575,15683,0.06349206349155959,0.013722126929650563,0.022566995476359764,0.9577026367186915,0.011412268188286145
medium,20000,1132,CNN distance-density,5,5,0,0.4486535840188014,0.33211907559733644,0.996,0.0,1.0,0,1,0,238,543,15603,0.0,0.0,0.0,0.9523315429686918,0.0
medium,20000,1133,CNN distance-density,5,5,0,0.3760267689385336,0.23617526617526616,0.8487394957983193,0.0,1.0,1,7,17,257,736,15374,0.06204379562021152,0.022576361221749566,0.03310613398066044,0.9393920898436926,0.016831683168300166
medium,20000,1134,CNN distance-density,2,2,0,0.3385,0.13,0.9,0.0,1.0,0,1,0,114,110,16160,0.0,0.0,0.0,0.9863281249999398,0.0
medium,20000,1135,CNN distance-density,2,2,0,0.60075,0.175,0.86,1.0,1.0,0,0,0,49,95,16240,0.0,0.0,0.0,0.9912109374999395,0.0
medium,20000,1136,CNN distance-density,4,5,1,0.5241931818181818,0.12598484848484848,0.6875,1.0,0.8,0,0,7,105,269,16003,0.06249999999944196,0.02536231884048782,0.0360824738159475,0.9771728515624404,0.01837270341202527
medium,20000,1137,CNN distance-density,5,5,0,0.3242835249042146,0.1288888888888889,0.8314176245210728,0.0,1.0,1,1,5,196,650,15533,0.024875621890423506,0.007633587786247888,0.011682242631275121,0.948364257812442,0.0058754406580424495
medium,20000,1138,CNN distance-density,4,4,0,0.5498406862745098,0.04212962962962963,0.9044117647058824,1.0,1.0,0,0,7,131,239,16007,0.050724637680791856,0.02845528455272986,0.03645833287269424,0.9774169921874403,0.01856763925724518
medium,20000,1139,CNN distance-density,1,1,0,0.6658333333333334,0.2722222222222222,0.9666666666666667,1.0,1.0,0,0,0,30,95,16259,0.0,0.0,0.0,0.9923706054686894,0.0
medium,20000,1140,CNN distance-density,1,1,0,0.7879545454545455,0.65,0.7272727272727273,1.0,1.0,0,0,0,23,17,16344,0.0,0.0,0.0,0.997558593749939,0.0
medium,20000,1141,CNN distance-density,5,5,0,0.2986847669303613,0.20560806553245117,0.5308056872037914,0.0,1.0,1,3,1,89,485,15809,0.011111111110987655,0.002057613168720046,0.0034722219585383105,0.964965820312441,0.001739130434779584
medium,20000,1142,CNN distance-density,1,1,0,0.6793461538461538,0.39,0.7692307692307692,1.0,1.0,0,0,0,27,65,16292,0.0,0.0,0.0,0.9943847656249393,0.0
medium,20000,1143,CNN distance-density,2,2,0,0.1776470588235294,0.0,0.388235294117647,0.0,1.0,1,0,0,32,164,16188,0.0,0.0,0.0,0.9880371093749397,0.0
medium,20000,1144,CNN distance-density,4,4,0,0.21339926160337555,0.05509259259259258,0.44303797468354433,0.0,1.0,1,0,2,65,159,16158,0.02985074626821118,0.012422360248370049,0.017543859233956613,0.9863281249999398,0.008849557522084738
medium,20000,1145,CNN distance-density,1,1,0,0.6830656108597285,0.30424836601307187,0.9807692307692307,1.0,1.0,0,0,0,53,162,16169,0.0,0.0,0.0,0.9868774414061897,0.0
medium,20000,1146,CNN distance-density,4,5,1,0.3497309603779252,0.1369420702754036,0.853035143769968,0.15,0.8,3,4,17,210,561,15596,0.07488986784107979,0.02941176470583147,0.042236024439674405,0.9529418945311918,0.021573604060886327
medium,20000,1147,CNN distance-density,1,1,0,0.8245,0.61,1.0,1.0,1.0,0,0,6,49,49,16280,0.10909090908892563,0.10909090908892563,0.10909090858892563,0.9940185546874393,0.05769230769175296
medium,20000,1148,CNN distance-density,4,4,0,0.27208646616541354,0.11654135338345864,0.5982142857142857,0.0,1.0,0,1,13,119,518,15734,0.0984848484841024,0.024482109227825833,0.039215685955479127,0.9611206054686913,0.01999999999996923
medium,20000,1149,CNN distance-density,2,3,1,0.7165423011844332,0.5366666666666667,0.7918781725888324,1.0,0.6666666666666667,0,0,0,200,482,15702,0.0,0.0,0.0,0.9583740234374415,0.0
medium,20000,1150,CNN distance-density,3,3,0,0.2910112359550562,0.0,0.9550561797752809,0.0,1.0,1,0,14,127,326,15917,0.09929078014113979,0.04117647058811419,0.058212057797398874,0.9723510742186906,0.029978586723704542
medium,20000,1151,CNN distance-density,3,3,0,0.196,0.0,0.48,0.0,1.0,1,2,5,47,318,16014,0.09615384615199704,0.015479876160942787,0.026666666427648002,0.9777221679686903,0.013513513513476991
medium,20000,1152,CNN distance-density,5,5,0,0.3347976487435329,0.15140218239303602,0.8333333333333334,0.0,1.0,2,0,20,166,503,15695,0.10752688171985202,0.038240917781953654,0.056417489034524884,0.9591674804686914,0.02902757619734539
medium,20000,1153,CNN distance-density,1,1,0,0.484375,0.0,0.671875,1.0,1.0,0,0,0,34,46,16304,0.0,0.0,0.0,0.9951171874999393,0.0
medium,20000,1154,CNN distance-density,4,4,0,0.5954513686662783,0.10980392156862745,0.9801980198019802,1.0,1.0,0,0,0,100,245,16039,0.0,0.0,0.0,0.9789428710936903,0.0
medium,20000,1155,CNN distance-density,1,1,0,0.6204246575342466,0.26,0.7671232876712328,1.0,1.0,0,0,0,57,74,16253,0.0,0.0,0.0,0.9920043945311894,0.0
medium,20000,1156,CNN distance-density,2,2,0,0.6109153816986855,0.18704710144927533,0.8837209302325582,1.0,1.0,0,0,0,71,136,16177,0.0,0.0,0.0,0.9873657226561897,0.0
medium,20000,1157,CNN distance-density,5,5,0,0.339476298468258,0.1932552954292085,0.7625570776255708,0.0,1.0,0,1,6,156,391,15831,0.03703703703680841,0.015113350125906515,0.021466904776123997,0.9666137695311909,0.01084990958406718
medium,20000,1158,CNN distance-density,2,2,0,0.654169191919192,0.2617901234567901,0.9318181818181819,1.0,1.0,0,0,0,45,101,16238,0.0,0.0,0.0,0.9910888671874395,0.0
medium,20000,1159,CNN distance-density,3,3,0,0.300585368360083,0.1751059085841694,0.6089385474860336,0.0,1.0,3,1,13,90,252,16029,0.12621359223178433,0.049056603773399786,0.07065217350955517,0.9791259765624402,0.036619718309756
medium,20000,1160,CNN distance-density,1,1,0,0.5825,0.11666666666666667,0.9,1.0,1.0,0,0,0,18,21,16345,0.0,0.0,0.0,0.997619628906189,0.0
medium,20000,1161,CNN distance-density,5,5,0,0.592232292827945,0.17742028985507247,0.811965811965812,1.0,1.0,0,0,1,89,171,16123,0.011111111110987655,0.005813953488338291,0.00763358733517863,0.9841308593749399,0.0038314176245063934
medium,20000,1162,CNN distance-density,1,1,0,0.5161538461538462,0.0,0.8307692307692307,1.0,1.0,0,0,11,34,132,16207,0.24444444443901236,0.07692307692253901,0.11702127623036442,0.9898681640624396,0.06214689265501612
medium,20000,1163,CNN distance-density,1,1,0,0.7610185185185185,0.65,0.5925925925925926,1.0,1.0,0,0,0,17,90,16277,0.0,0.0,0.0,0.9934692382811894,0.0
medium,20000,1164,CNN distance-density,5,5,0,0.3331574184657786,0.16085714285714287,0.8038585209003215,0.0,1.0,1,0,56,190,795,15343,0.22764227642183887,0.06580493537007544,0.10209662681688769,0.9398803710936926,0.05379442843414621
medium,20000,1165,CNN distance-density,2,2,0,0.4865853658536585,0.0,0.6829268292682926,1.0,1.0,0,0,0,48,176,16160,0.0,0.0,0.0,0.9863281249999398,0.0
medium,20000,1166,CNN distance-density,2,2,0,0.5318181818181819,0.0,0.9090909090909091,1.0,1.0,0,0,0,44,85,16255,0.0,0.0,0.0,0.9921264648436894,0.0
medium,20000,1167,CNN distance-density,5,5,0,0.30300454545454547,0.039,0.9272727272727272,0.0,1.0,1,1,0,202,609,15573,0.0,0.0,0.0,0.9505004882811919,0.0
medium,20000,1168,CNN distance-density,2,2,0,0.530170245398773,0.06499999999999999,0.754601226993865,1.0,1.0,0,0,28,97,213,16046,0.223999999998208,0.1161825726136258,0.15300546403026363,0.98107910156244,0.08284023668614544
medium,20000,1169,CNN distance-density,5,5,0,0.5642354368932039,0.14166666666666666,0.7524271844660194,1.0,1.0,0,0,7,191,397,15789,0.0353535353533568,0.01732673267322444,0.023255813511959038,0.9641113281249412,0.011764705882333169
medium,20000,1170,CNN distance-density,3,3,0,0.6189779239502613,0.16569892473118278,0.9720670391061452,1.0,1.0,0,0,24,157,429,15774,0.13259668508214037,0.05298013245021417,0.07570977877160187,0.9642333984374412,0.03934426229501747
medium,20000,1171,CNN distance-density,3,3,0,0.5081757561324125,0.052086475615887355,0.6736842105263158,1.0,1.0,0,0,5,59,149,16171,0.0781249999987793,0.03246753246732164,0.04587155921782679,0.9873046874999397,0.023474178403645664
medium,20000,1172,CNN distance-density,4,5,1,0.5011316803228567,0.09440673705379587,0.6432432432432432,1.0,0.8,0,0,21,100,379,15884,0.17355371900683014,0.05249999999986875,0.08061420309796972,0.9707641601561907,0.041999999999916
medium,20000,1173,CNN distance-density,4,4,0,0.29228561046511625,0.09241763565891471,0.7534883720930232,0.0,1.0,0,1,18,163,387,15816,0.09944751381160527,0.04444444444433471,0.06143344667182496,0.9664306640624409,0.03169014084501463
medium,20000,1174,CNN distance-density,5,5,0,0.38700405879723276,0.20397499509432904,0.9760765550239234,0.0,1.0,1,2,0,172,563,15649,0.0,0.0,0.0,0.9551391601561917,0.0
medium,20000,1175,CNN distance-density,5,5,0,0.275823268921095,0.14051261406333868,0.5629629629629629,0.0,1.0,1,0,2,150,410,15822,0.013157894736755542,0.004854368932027052,0.007092198187792388,0.965820312499941,0.003558718861203632
medium,20000,1176,CNN distance-density,2,3,1,0.709531914893617,0.52,0.7943262411347518,1.0,0.6666666666666667,0,0,0,144,282,15958,0.0,0.0,0.0,0.9739990234374405,0.0
medium,20000,1177,CNN distance-density,4,5,1,0.5251584406972338,0.06738505747126436,0.8241758241758241,1.0,0.8,0,0,4,129,288,15963,0.030075187969698686,0.013698630136939388,0.018823528981658143,0.9745483398436905,0.009501187648433489
medium,20000,1178,CNN distance-density,3,4,1,0.31453634760128724,0.20291777188328913,0.7411167512690355,0.0,0.75,0,1,2,192,494,15696,0.010309278350462324,0.004032258064507999,0.0057971010450409855,0.9581298828124415,0.002906976744181821
medium,20000,1179,CNN distance-density,1,1,0,0.7679901960784313,0.65,0.6274509803921569,1.0,1.0,0,0,0,33,52,16299,0.0,0.0,0.0,0.9948120117186893,0.0
medium,20000,1180,CNN distance-density,3,3,0,0.4361538461538461,0.0,0.4307692307692308,1.0,1.0,0,0,0,29,198,16157,0.0,0.0,0.0,0.9861450195311898,0.0
medium,20000,1181,CNN distance-density,4,4,0,0.290550312769629,0.11743421052631578,0.6885245901639344,0.0,1.0,1,1,7,115,559,15703,0.057377049179857566,0.012367491166055887,0.020348836917480736,0.9588623046874415,0.010279001468413687
medium,20000,1182,CNN distance-density,3,4,1,0.6125673981191222,0.22524555903866245,0.9310344827586207,1.0,0.75,0,0,2,105,240,16037,0.01869158878487204,0.008264462809883206,0.011461317626324923,0.9789428710936903,0.005763688760790307
medium,20000,1183,CNN distance-density,4,4,0,0.3494570119802678,0.18225589225589223,0.8372093023255813,0.0,1.0,2,0,14,102,430,15838,0.12068965517137337,0.031531531531460516,0.04999999967135205,0.9675292968749409,0.02564102564097868
medium,20000,1184,CNN distance-density,3,5,2,0.22338782924613987,0.05185185185185184,0.7002724795640327,0.0,0.6,0,1,24,318,364,15678,0.07017543859628604,0.061855670102933365,0.06575342415933946,0.9583740234374415,0.033994334277572244
medium,20000,1185,CNN distance-density,3,3,0,0.6330421686746988,0.21666666666666667,0.927710843373494,1.0,1.0,0,0,0,80,208,16096,0.0,0.0,0.0,0.98242187499994,0.0
medium,20000,1186,CNN distance-density,3,3,0,0.31662230215827336,0.04333333333333333,0.9856115107913669,0.0,1.0,0,3,0,126,316,15942,0.0,0.0,0.0,0.9730224609374406,0.0
medium,20000,1187,CNN distance-density,4,4,0,0.2911631165919283,0.06805555555555555,0.8026905829596412,0.0,1.0,0,2,0,212,505,15667,0.0,0.0,0.0,0.9562377929686916,0.0
medium,20000,1188,CNN distance-density,2,2,0,0.24647887323943662,0.0,0.7323943661971831,0.0,1.0,0,1,8,53,158,16165,0.13114754098145662,0.048192771084047036,0.07048458110415494,0.9871215820311897,0.036529680365130004
medium,20000,1189,CNN distance-density,3,5,2,0.5159410167999413,0.10573643410852715,0.7917981072555205,1.0,0.6,0,0,56,262,712,15354,0.17610062893026385,0.07291666666657172,0.10313075465011583,0.9405517578124426,0.05436893203878217
medium,20000,1190,CNN distance-density,1,1,0,0.5181159420289855,0.0,0.8405797101449275,1.0,1.0,0,0,0,59,70,16255,0.0,0.0,0.0,0.9921264648436894,0.0
medium,20000,1191,CNN distance-density,2,2,0,0.5833333333333334,0.15740740740740738,0.8125,1.0,1.0,0,0,0,27,63,16294,0.0,0.0,0.0,0.9945068359374393,0.0
medium,20000,1192,CNN distance-density,5,5,0,0.3767598690313304,0.21211435070306037,0.9065420560747663,0.0,1.0,1,6,2,174,475,15733,0.011363636363571798,0.00419287211739163,0.0061255738788065246,0.9603881835936914,0.003072196620578998
medium,20000,1193,CNN distance-density,4,5,1,0.3031726618705036,0.08666666666666667,0.920863309352518,0.0,0.8,2,1,3,234,608,15539,0.012658227848047857,0.004909983633379853,0.007075471295353685,0.948608398437442,0.003550295857983964
medium,20000,1194,CNN distance-density,4,5,1,0.2991558441558442,0.06277056277056277,0.9545454545454546,0.0,0.8,1,0,12,190,615,15567,0.05940594059376532,0.01913875598083072,0.028950542454021233,0.9508666992186919,0.014687882496922046
medium,20000,1195,CNN distance-density,3,3,0,0.5193507402961185,0.07701525054466228,0.6734693877551021,1.0,1.0,0,0,3,63,276,16042,0.04545454545385675,0.010752688172004471,0.017391304038311288,0.9793090820311902,0.008771929824535755
medium,20000,1196,CNN distance-density,5,5,0,0.3014067634173056,0.1369949494949495,0.6987951807228916,0.0,1.0,1,1,16,99,472,15797,0.13913043478139886,0.03278688524583445,0.053067993057641594,0.965148925781191,0.027257240204382867
medium,20000,1197,CNN distance-density,5,5,0,0.3105731922398589,0.06190476190476191,0.9135802469135803,0.0,1.0,1,0,0,148,216,16020,0.0,0.0,0.0,0.9777832031249403,0.0
medium,20000,1198,CNN distance-density,5,5,0,0.6123423782920989,0.18571428571428572,0.8938547486033519,1.0,1.0,0,0,58,88,416,15822,0.3972602739698818,0.12236286919805409,0.18709677383288242,0.9692382812499408,0.10320284697490534
medium,20000,1199,CNN distance-density,4,4,0,0.2827500728013978,0.01887254901960783,0.8712871287128713,0.0,1.0,1,0,0,90,290,16004,0.0,0.0,0.0,0.9768066406249404,0.0
medium,20000,0,Hough transform baseline,1,1,0,0.8738824451410658,0.7427272727272727,0.9482758620689655,1.0,1.0,0,0,42,1,162,16179,0.9767441860237968,0.20588235294016724,0.3400809713696012,0.9900512695311895,0.2048780487794884
medium,20000,1,Hough transform baseline,2,2,0,0.9783333333333333,0.961111111111111,0.9791666666666666,1.0,1.0,0,0,98,0,122,16164,0.9999999999897958,0.44545454545252067,0.616352200827578,0.9925537109374394,0.44545454545252067
medium,20000,2,Hough transform baseline,2,3,1,0.5075801815143921,0.6905661881977672,0.6507936507936508,0.0,0.6666666666666667,0,1,109,0,155,16120,0.9999999999908257,0.412878787877224,0.5844504017279791,0.9905395507811895,0.412878787877224
medium,20000,3,Hough transform baseline,4,5,1,0.8209031422238198,0.6983725071225071,0.883177570093458,1.0,0.8,0,0,189,6,372,15817,0.9692307692257989,0.33689839572132463,0.4999999996158667,0.9769287109374404,0.33333333333274545
medium,20000,4,Hough transform baseline,4,5,1,0.632757463137599,0.8944408795113021,0.7512953367875648,0.0,0.8,0,1,304,52,400,15628,0.8539325842672643,0.4318181818175684,0.5735849052131862,0.9724121093749406,0.40211640211587024
medium,20000,5,Hough transform baseline,5,5,0,0.6878937819231623,0.757438596491228,0.8185654008438819,0.3333333333333333,1.0,1,3,203,36,265,15880,0.8493723849336847,0.4337606837597569,0.5742574252934066,0.98162841796869,0.40277777777697865
medium,20000,6,Hough transform baseline,1,1,0,0.805610294117647,0.5941666666666666,0.9411764705882353,1.0,1.0,0,0,34,1,67,16282,0.9714285714008164,0.3366336633630036,0.49999999961040226,0.9958496093749392,0.3333333333300654
medium,20000,7,Hough transform baseline,4,5,1,0.6323932350718064,0.8556584362139917,0.8367346938775511,0.0,0.8,0,1,225,0,58,16101,0.9999999999955556,0.7950530035307596,0.8858267711565736,0.9964599609374392,0.7950530035307596
medium,20000,8,Hough transform baseline,3,3,0,0.9106190476190476,0.9177777777777778,0.9880952380952381,0.8,1.0,1,1,170,0,84,16130,0.9999999999941177,0.6692913385800422,0.8018867919686722,0.9948730468749393,0.6692913385800422
medium,20000,9,Hough transform baseline,2,3,1,0.5300503370503371,0.7474592074592075,0.6351351351351351,0.0,0.6666666666666667,0,1,66,0,66,16252,0.9999999999848485,0.49999999999621214,0.6666666662154882,0.9959716796874392,0.49999999999621214
medium,20000,10,Hough transform baseline,4,6,2,0.463963667245451,0.6100379506641367,0.6138996138996139,0.0,0.6666666666666667,0,1,201,36,260,15887,0.8481012658192063,0.4360086767886421,0.5759312316415341,0.98193359374994,0.40442655935532307
medium,20000,11,Hough transform baseline,4,8,4,0.5611798679867988,0.7685185185185186,0.8267326732673268,0.0,0.5,0,3,184,15,289,15896,0.9246231155732432,0.38900634249389215,0.547619047200543,0.98144531249994,0.3770491803270962
medium,20000,12,Hough transform baseline,5,8,3,0.5963137399732236,0.8200037997734124,0.6240601503759399,0.16,0.625,1,5,307,80,336,15661,0.7932816537447203,0.4774494556757738,0.5961165043840984,0.9746093749999405,0.4246196403866879
medium,20000,13,Hough transform baseline,5,5,0,0.6616226629105886,0.8500837679785047,0.8954248366013072,0.0,1.0,0,1,123,5,210,16046,0.9609374999924928,0.36936936936826015,0.5336225592494859,0.9868774414061897,0.36390532544271037
medium,20000,14,Hough transform baseline,3,6,3,0.6982869623655914,0.852824074074074,0.8225806451612903,0.4,0.5,1,2,117,4,170,16093,0.9669421487523393,0.4076655052250604,0.5735294113446631,0.9893798828124396,0.40206185566872144
medium,20000,15,Hough transform baseline,2,2,0,0.9381976744186047,0.8833333333333334,0.9534883720930233,1.0,1.0,0,0,45,0,42,16297,0.9999999999777779,0.5172413793043995,0.6818181813584709,0.997436523437439,0.5172413793043995
medium,20000,16,Hough transform baseline,3,4,1,0.5116024767801858,0.6075610595115238,0.8160000000000001,0.0,0.75,0,1,119,0,112,16153,0.9999999999915966,0.515151515149285,0.6799999995473143,0.9931640624999394,0.515151515149285
medium,20000,17,Hough transform baseline,4,7,3,0.6880957962434823,0.8592326521924223,0.5964912280701755,0.5,0.5714285714285714,1,2,234,90,323,15737,0.7222222222199932,0.4201077199274325,0.5312145284781482,0.9747924804686905,0.3616692426578645
medium,20000,18,Hough transform baseline,3,3,0,0.9832333767926988,0.9695784441547153,0.9846153846153847,1.0,1.0,0,0,129,0,120,16135,0.9999999999922481,0.518072289154546,0.6825396820864618,0.9926757812499394,0.518072289154546
medium,20000,19,Hough transform baseline,2,2,0,0.9399528301886793,0.8833333333333334,0.9622641509433962,1.0,1.0,0,0,55,0,42,16287,0.9999999999818182,0.5670103092725051,0.7236842100549687,0.997436523437439,0.5670103092725051
medium,20000,20,Hough transform baseline,1,1,0,1.0,1.0,1.0,1.0,1.0,0,0,65,0,0,16319,0.9999999999846153,0.9999999999846153,0.9999999994846154,0.9999999999999389,0.9999999999846153
medium,20000,21,Hough transform baseline,4,12,8,0.3859623563218391,0.6722126436781609,0.2506666666666667,0.0,0.33333333333333337,0,20,317,275,336,15456,0.5354729729720684,0.48545176110185995,0.5092369472915469,0.9627075195311913,0.3415948275858388
medium,20000,22,Hough transform baseline,3,3,0,0.8671944444444445,0.783888888888889,0.8222222222222222,1.0,1.0,0,0,93,17,78,16196,0.8454545454468595,0.5438596491196266,0.6619217077039043,0.9942016601561893,0.4946808510611985
medium,20000,23,Hough transform baseline,1,1,0,1.0,1.0,1.0,1.0,1.0,0,0,43,0,0,16341,0.9999999999767443,0.9999999999767443,0.9999999994767443,0.9999999999999389,0.9999999999767443
medium,20000,24,Hough transform baseline,1,1,0,1.0,1.0,1.0,1.0,1.0,0,0,60,0,0,16324,0.9999999999833334,0.9999999999833334,0.9999999994833335,0.9999999999999389,0.9999999999833334
medium,20000,25,Hough transform baseline,4,4,0,0.8273121929931393,0.7266702977487292,0.7515527950310559,1.0,1.0,0,0,106,38,149,16091,0.7361111111059992,0.4156862745081738,0.5313283203380381,0.9885864257811896,0.361774744026069
medium,20000,26,Hough transform baseline,1,1,0,1.0,1.0,1.0,1.0,1.0,0,0,18,0,0,16366,0.9999999999444444,0.9999999999444444,0.9999999994444444,0.9999999999999389,0.9999999999444444
medium,20000,27,Hough transform baseline,3,3,0,0.974285563305855,0.9539679184574555,0.975,1.0,1.0,0,0,163,0,284,15937,0.9999999999938651,0.36465324384705894,0.534426229114824,0.98266601562494,0.36465324384705894
medium,20000,28,Hough transform baseline,4,4,0,0.9766392441628816,0.9543913857677904,0.9858156028368794,1.0,1.0,0,0,145,0,184,16055,0.9999999999931035,0.4407294832813352,0.6118143455643238,0.9887695312499396,0.4407294832813352
medium,20000,29,Hough transform baseline,1,1,0,1.0,1.0,1.0,1.0,1.0,0,0,15,0,0,16369,0.9999999999333333,0.9999999999333333,0.9999999994333333,0.9999999999999389,0.9999999999333333
medium,20000,30,Hough transform baseline,2,2,0,0.9139772727272727,0.825,0.9636363636363636,1.0,1.0,0,0,57,0,28,16299,0.9999999999824563,0.6705882352862284,0.8028169009165841,0.998291015624939,0.6705882352862284
medium,20000,31,Hough transform baseline,3,5,2,0.5766055612866052,0.8217535153019024,0.7340823970037453,0.0,0.6,0,1,208,32,321,15823,0.8666666666630556,0.39319470699358566,0.5409622882558166,0.9784545898436903,0.37076648841288634
medium,20000,32,Hough transform baseline,4,4,0,0.9480749173476389,0.8979442607725311,0.97,1.0,1.0,0,0,204,0,244,15936,0.9999999999950981,0.45535714285612644,0.6257668707337498,0.9851074218749398,0.45535714285612644
medium,20000,33,Hough transform baseline,3,3,0,0.8859868724090281,0.7918803418803418,0.8982035928143712,1.0,1.0,0,0,146,14,235,15989,0.912499999994297,0.383202099736527,0.5397412195444733,0.9848022460936898,0.36962025316362124
medium,20000,34,Hough transform baseline,3,3,0,0.9564942528735633,0.9144316730523627,0.975,1.0,1.0,0,0,157,0,169,16058,0.9999999999936307,0.4815950920230626,0.6501035192272588,0.9896850585936896,0.4815950920230626
medium,20000,35,Hough transform baseline,1,1,0,1.0,1.0,1.0,1.0,1.0,0,0,45,0,0,16339,0.9999999999777779,0.9999999999777779,0.999999999477778,0.9999999999999389,0.9999999999777779
medium,20000,36,Hough transform baseline,2,2,0,1.0,1.0,1.0,1.0,1.0,1,1,126,0,0,16258,0.9999999999920635,0.9999999999920635,0.9999999994920634,0.9999999999999389,0.9999999999920635
medium,20000,37,Hough transform baseline,1,2,1,0.7910726495726497,0.7835802469135802,0.6923076923076923,1.0,0.5,0,0,63,7,89,16225,0.8999999999871429,0.41447368420779956,0.5675675671306711,0.9941406249999393,0.39622641509184764
medium,20000,38,Hough transform baseline,5,8,3,0.5605404795940728,0.7415787380699893,0.5943775100401607,0.18181818181818182,0.625,2,11,353,88,597,15346,0.800453514737414,0.37157894736802993,0.5075485258063355,0.9581909179686915,0.3400770712906165
medium,20000,39,Hough transform baseline,2,3,1,0.6058184523809523,0.86875,0.7410714285714286,0.0,0.6666666666666667,0,1,89,6,108,16181,0.9368421052532964,0.45177664974389964,0.6095890406527256,0.9930419921874394,0.43842364531803735
medium,20000,40,Hough transform baseline,5,14,9,0.3291478751468053,0.5012236376183065,0.2921174652241113,0.03783783783783783,0.3571428571428571,2,37,334,151,231,15668,0.6886597938130131,0.5911504424768298,0.6361904756921668,0.9766845703124404,0.4664804469267228
medium,20000,41,Hough transform baseline,1,1,0,0.9644444444444444,0.9333333333333333,0.9722222222222222,1.0,1.0,0,0,73,0,142,16169,0.9999999999863013,0.33953488371935103,0.506944444062476,0.9913330078124395,0.33953488371935103
medium,20000,42,Hough transform baseline,1,1,0,0.9192412280701755,0.8283333333333334,0.9824561403508771,1.0,1.0,0,0,51,0,62,16271,0.9999999999803922,0.45132743362432454,0.6219512190760708,0.9962158203124392,0.45132743362432454
medium,20000,43,Hough transform baseline,4,4,0,0.98095266004001,0.9624515503875969,0.989247311827957,1.0,1.0,2,2,281,0,147,15956,0.9999999999964413,0.6565420560732323,0.792665725894434,0.9910278320311895,0.6565420560732323
medium,20000,44,Hough transform baseline,5,7,2,0.7274485232689568,0.8739441195581547,0.8970588235294118,0.3333333333333333,0.7142857142857143,1,3,124,0,135,16125,0.9999999999919355,0.4787644787626303,0.6475195818041707,0.9917602539061895,0.4787644787626303
medium,20000,45,Hough transform baseline,5,5,0,0.8061662477902887,0.8686811278456632,0.9512987012987013,0.5,1.0,1,2,284,6,410,15684,0.9793103448242093,0.4092219020167014,0.5772357719408338,0.9746093749999405,0.4057142857137061
medium,20000,46,Hough transform baseline,5,6,1,0.5834386475593373,0.59985088985089,0.9008620689655172,0.19999999999999998,0.8333333333333334,1,3,161,34,308,15881,0.8256410256367916,0.3432835820888203,0.4849397586198242,0.9791259765624402,0.3200795228621867
medium,20000,47,Hough transform baseline,2,2,0,0.25456709956709955,0.18571428571428572,0.35497835497835495,0.0,1.0,0,1,80,106,151,16047,0.43010752687940806,0.3463203463188471,0.38369304506753155,0.9843139648436899,0.2373887240349039
medium,20000,48,Hough transform baseline,2,2,0,1.0,1.0,1.0,1.0,1.0,0,0,40,0,0,16344,0.9999999999750001,0.9999999999750001,0.9999999994750002,0.9999999999999389,0.9999999999750001
medium,20000,49,Hough transform baseline,4,5,1,0.577421721782647,0.738993710691824,0.8243727598566308,0.0,0.8,0,1,271,11,365,15737,0.9609929077980107,0.42610062893014766,0.5904139429281852,0.9770507812499404,0.4188562596593217
medium,20000,50,Hough transform baseline,4,5,1,0.5674034231167384,0.7767004985754986,0.68944099378882,0.0,0.8,0,2,120,19,263,15982,0.8633093525117748,0.31331592689213233,0.4597701145500139,0.9827880859374399,0.2985074626858246
medium,20000,51,Hough transform baseline,2,2,0,0.7649487734487734,0.4974170274170274,0.9555555555555556,1.0,1.0,0,0,82,1,171,16130,0.9879518072170126,0.3241106719354778,0.48809523772032665,0.9895019531249396,0.32283464566802034
medium,20000,52,Hough transform baseline,3,4,1,0.8232143466234063,0.7451358240376771,0.814516129032258,1.0,0.75,1,1,194,27,237,15926,0.8778280542946705,0.45011600927969814,0.5950920240899215,0.9838867187499399,0.42358078602527605
medium,20000,53,Hough transform baseline,2,2,0,0.8785164505269655,0.7514555660974067,0.9518072289156626,1.0,1.0,0,0,67,0,126,16191,0.9999999999850746,0.34715025906555885,0.515384614998077,0.9923095703124394,0.34715025906555885
medium,20000,54,Hough transform baseline,5,5,0,0.9366168414918415,0.9150925925925926,0.8741258741258742,1.0,1.0,1,1,215,24,91,16054,0.8995815899543951,0.7026143790826712,0.7889908251927346,0.9929809570311894,0.6515151515131773
medium,20000,55,Hough transform baseline,4,5,1,0.4412660256410257,0.6176282051282052,0.41666666666666663,0.0,0.8,0,1,101,69,76,16138,0.5941176470553288,0.5706214689233299,0.5821325643383468,0.9911499023436895,0.4105691056893879
medium,20000,56,Hough transform baseline,4,4,0,0.32625055397277625,0.31256410256410255,0.42798353909465026,0.0,1.0,0,1,49,139,56,16140,0.26063829787095405,0.46666666666222223,0.3344709892989319,0.9880981445311897,0.2008196721303245
medium,20000,57,Hough transform baseline,4,4,0,0.9373057173248238,0.9388309178743961,0.9908256880733946,0.8666666666666667,1.0,3,3,284,0,283,15817,0.9999999999964789,0.5008818342142841,0.6674500583081326,0.98272705078119,0.5008818342142841
medium,20000,58,Hough transform baseline,1,1,0,0.9556034482758621,0.9166666666666666,0.9655172413793104,1.0,1.0,0,0,59,0,114,16211,0.9999999999830509,0.34104046242577435,0.5086206892715146,0.9930419921874394,0.34104046242577435
medium,20000,59,Hough transform baseline,3,4,1,0.7032417582417583,0.7666666666666667,0.7912087912087912,0.5,0.75,1,2,165,19,69,16131,0.896739130429909,0.7051282051251918,0.789473683713903,0.9946289062499393,0.6521739130409006
medium,20000,60,Hough transform baseline,2,2,0,0.965701754385965,0.9385964912280702,0.9666666666666667,1.0,1.0,0,0,62,0,82,16240,0.999999999983871,0.43055555555256564,0.6019417471461966,0.9949951171874393,0.43055555555256564
medium,20000,61,Hough transform baseline,5,6,1,0.6333683213338386,0.8987346497691325,0.7280219780219781,0.0,0.8333333333333334,0,4,290,76,380,15638,0.7923497267737915,0.4328358208948764,0.5598455593875314,0.9721679687499406,0.38873994638017595
medium,20000,62,Hough transform baseline,2,2,0,0.9771939283344393,0.9558080808080808,0.9854014598540146,1.0,1.0,0,0,119,0,134,16131,0.9999999999915966,0.4703557312234373,0.6397849457979968,0.9918212890624394,0.4703557312234373
medium,20000,63,Hough transform baseline,2,2,0,0.9440139700724807,0.885354609929078,0.978021978021978,1.0,1.0,0,0,93,0,189,16102,0.9999999999892473,0.32978723404138377,0.4959999996243627,0.9884643554686896,0.32978723404138377
medium,20000,64,Hough transform baseline,4,5,1,0.4450130400359237,0.5113984869015358,0.6744186046511628,0.0,0.8,0,2,143,2,228,16011,0.9862068965449228,0.38544474393427103,0.5542635654852397,0.9859619140624398,0.3833780160847631
medium,20000,65,Hough transform baseline,3,4,1,0.6136790701128936,0.8001543209876543,0.893048128342246,0.0,0.75,0,2,172,10,274,15928,0.9450549450497525,0.38565022421438194,0.5477707002235587,0.98266601562494,0.3771929824553132
medium,20000,66,Hough transform baseline,5,6,1,0.7652134572181749,0.8155605680868838,0.8601036269430051,0.5714285714285714,0.8333333333333334,4,7,318,67,398,15601,0.8259740259718806,0.4441340782116702,0.5776566752934603,0.9716186523436907,0.40613026819871506
medium,20000,67,Hough transform baseline,5,5,0,0.9777934074230827,0.957618230358505,0.9843260188087775,1.0,1.0,1,1,290,0,421,15673,0.9999999999965518,0.40787623066046713,0.5794205790078653,0.9743041992186905,0.40787623066046713
medium,20000,68,Hough transform baseline,4,5,1,0.6041258887092222,0.7659253983328058,0.8972972972972972,0.0,0.8,0,1,175,1,264,15944,0.9943181818125324,0.398633257402281,0.5691056906464987,0.9838256835936899,0.3977272727263688
medium,20000,69,Hough transform baseline,1,1,0,1.0,1.0,1.0,1.0,1.0,0,0,63,0,0,16321,0.999999999984127,0.999999999984127,0.9999999994841271,0.9999999999999389,0.999999999984127
medium,20000,70,Hough transform baseline,2,3,1,0.4946610458184296,0.724561403508772,0.5097087378640777,0.0,0.6666666666666667,0,1,121,52,225,15986,0.6994219653138762,0.3497109826579488,0.46628130976570475,0.9830932617186899,0.3040201005017487
medium,20000,71,Hough transform baseline,1,1,0,0.922610294117647,0.8541666666666666,0.9411764705882353,1.0,1.0,0,0,35,0,66,16283,0.9999999999714286,0.3465346534619155,0.5147058819631272,0.9959716796874392,0.3465346534619155
medium,20000,72,Hough transform baseline,2,2,0,0.9814242455883889,0.9672131147540984,0.9808917197452229,1.0,1.0,0,0,149,1,91,16143,0.9933333333267111,0.6208333333307465,0.7641025636252727,0.9943847656249393,0.618257261408223
medium,20000,73,Hough transform baseline,5,7,2,0.5592794681942648,0.6378168076274668,0.8166666666666667,0.15,0.7142857142857143,1,4,252,5,429,15698,0.9805447470778967,0.37004405286289277,0.5373134324368388,0.9735107421874406,0.3673469387749747
medium,20000,74,Hough transform baseline,4,4,0,0.7256323257387773,0.8888695557727815,0.7948717948717949,0.26666666666666666,1.0,1,3,240,32,399,15713,0.8823529411732267,0.3755868544595061,0.5268935231804279,0.9736938476561905,0.35767511177293937
medium,20000,75,Hough transform baseline,3,3,0,0.959432956251113,0.9236679396253865,0.9689119170984456,1.0,1.0,1,1,179,2,410,15793,0.9889502762376302,0.30390492359880494,0.4649350645742385,0.9748535156249405,0.3028764805409427
medium,20000,76,Hough transform baseline,3,5,2,0.5645257092198581,0.8162037037037037,0.6861702127659575,0.0,0.6,0,1,164,24,216,15980,0.8723404255272749,0.4315789473672853,0.5774647882874925,0.9853515624999398,0.40594059405840116
medium,20000,77,Hough transform baseline,5,5,0,0.9549017930727254,0.9089141824751582,0.9794520547945206,1.0,1.0,1,1,296,0,354,15734,0.9999999999966217,0.4553846153839148,0.6257928114080159,0.9783935546874403,0.4553846153839148
medium,20000,78,Hough transform baseline,3,4,1,0.5743667953667954,0.8279579579579579,0.6339285714285714,0.0,0.75,0,1,96,0,60,16228,0.9999999999895833,0.6153846153806707,0.7619047614270598,0.9963378906249392,0.6153846153806707
medium,20000,79,Hough transform baseline,5,5,0,0.9838650415818896,0.9672744273024777,0.9929577464788732,1.0,1.0,2,2,270,0,64,16050,0.9999999999962963,0.8083832335305139,0.8940397346019912,0.9960937499999392,0.8083832335305139
medium,20000,80,Hough transform baseline,2,2,0,1.0,1.0,1.0,1.0,1.0,0,0,37,0,0,16347,0.9999999999729731,0.9999999999729731,0.9999999994729731,0.9999999999999389,0.9999999999729731
medium,20000,81,Hough transform baseline,2,2,0,1.0,1.0,1.0,1.0,1.0,0,0,78,0,0,16306,0.9999999999871795,0.9999999999871795,0.9999999994871795,0.9999999999999389,0.9999999999871795
medium,20000,82,Hough transform baseline,3,3,0,0.9716086811313802,0.9478821171918188,0.9753086419753086,1.0,1.0,1,1,153,1,110,16120,0.9935064935000423,0.5817490494274459,0.7338129491709309,0.9932250976561894,0.5795454545432593
medium,20000,83,Hough transform baseline,3,4,1,0.9263986013986014,0.9197746697746697,0.9375,1.0,0.75,0,0,173,1,204,16006,0.9942528735575044,0.4588859416433451,0.627949182868673,0.9874877929686897,0.4576719576707469
medium,20000,84,Hough transform baseline,1,1,0,0.9605128205128205,0.9259259259259259,0.9692307692307692,1.0,1.0,0,0,66,0,132,16186,0.9999999999848485,0.33333333333164983,0.4999999996212121,0.9919433593749394,0.33333333333164983
medium,20000,85,Hough transform baseline,5,9,4,0.368552614379085,0.523,0.388235294117647,0.0,0.5555555555555556,0,8,195,161,192,15836,0.5477528089872254,0.5038759689909461,0.5248990573729433,0.9784545898436903,0.35583941605774483
medium,20000,86,Hough transform baseline,1,1,0,1.0,1.0,1.0,1.0,1.0,0,0,37,0,0,16347,0.9999999999729731,0.9999999999729731,0.9999999994729731,0.9999999999999389,0.9999999999729731
medium,20000,87,Hough transform baseline,5,8,3,0.5746272727272728,0.7163434343434344,0.6363636363636364,0.25,0.625,1,4,254,89,296,15745,0.740524781338949,0.46181818181734213,0.5688689804886382,0.9765014648436904,0.39749608763631067
medium,20000,88,Hough transform baseline,4,4,0,0.5349793998571089,0.6229411764705882,0.7732793522267206,0.0,1.0,0,1,166,70,172,15976,0.7033898305054942,0.4911242603535766,0.5783972120573274,0.9852294921874398,0.406862745097042
medium,20000,89,Hough transform baseline,1,2,1,0.8965601965601966,0.9292929292929293,0.8918918918918919,1.0,0.5,0,0,76,0,131,16177,0.9999999999868421,0.3671497584523326,0.5371024731015744,0.9920043945311894,0.3671497584523326
medium,20000,90,Hough transform baseline,3,3,0,0.9526861471861471,0.9064021164021163,0.974025974025974,1.0,1.0,0,0,157,0,274,15953,0.9999999999936307,0.36426914153047735,0.5340136050489321,0.9832763671874399,0.36426914153047735
medium,20000,91,Hough transform baseline,5,5,0,0.7327877736563273,0.7852110186823568,0.9472140762463344,0.36,1.0,2,5,260,35,434,15655,0.8813559322004022,0.37463976945190974,0.5257836193983157,0.9713745117186907,0.3566529492450526
medium,20000,92,Hough transform baseline,2,2,0,0.988507866273353,0.9783950617283951,0.9911504424778761,1.0,1.0,1,1,227,0,216,15941,0.9999999999955947,0.5124153498859765,0.6776119398484518,0.9868164062499397,0.5124153498859765
medium,20000,93,Hough transform baseline,3,4,1,0.5533565088757397,0.7526923076923077,0.6982248520710059,0.0,0.75,0,1,134,2,137,16111,0.9852941176398141,0.4944649446476219,0.6584766580284336,0.9915161132811895,0.4908424908406929
medium,20000,94,Hough transform baseline,4,4,0,0.4992615165474603,0.5386937810643715,0.7842465753424658,0.0,1.0,0,1,221,55,396,15712,0.8007246376782583,0.35818476499131574,0.49496080584279617,0.9724731445311906,0.32886904761855823
medium,20000,95,Hough transform baseline,5,5,0,0.9811486486486486,0.9611111111111111,0.9932432432432432,1.0,1.0,4,4,297,0,48,16039,0.999999999996633,0.8608695652148961,0.9252336443597257,0.9970703124999392,0.8608695652148961
medium,20000,96,Hough transform baseline,2,2,0,0.9483022270398108,0.8954519774011299,0.9767441860465116,1.0,1.0,0,0,88,0,124,16172,0.9999999999886363,0.41509433962068354,0.5866666662481778,0.9924316406249394,0.41509433962068354
medium,20000,97,Hough transform baseline,2,2,0,0.9621924425652274,0.9269121674491393,0.9754098360655737,1.0,1.0,0,0,102,1,202,16079,0.9902912621263078,0.33552631578837,0.5012285008479859,0.9876098632811897,0.33442622950710027
medium,20000,98,Hough transform baseline,2,2,0,0.9166386324212411,0.933871635610766,0.9819819819819819,0.8,1.0,1,1,106,0,63,16215,0.999999999990566,0.6272189349075313,0.7709090904297258,0.9961547851561892,0.6272189349075313
medium,20000,99,Hough transform baseline,1,1,0,0.5799285714285715,0.12999999999999998,0.8571428571428572,1.0,1.0,0,0,16,1,58,16309,0.941176470532872,0.21621621621329437,0.35164835133679506,0.9963989257811892,0.21333333333048887
medium,20000,100,Hough transform baseline,5,5,0,0.8209005516624422,0.9339181286549707,0.8781869688385269,0.5,1.0,1,2,290,34,185,15875,0.8950617283922992,0.6105263157881884,0.7259073837463287,0.9866333007811897,0.5697445972483896
medium,20000,101,Hough transform baseline,5,6,1,0.8056285074890289,0.8668887778333056,0.9824046920821115,0.5428571428571428,0.8333333333333334,4,7,284,11,472,15617,0.9627118644035163,0.37566137566087876,0.5404376779966921,0.9705200195311907,0.3702737940021248
medium,20000,102,Hough transform baseline,2,2,0,0.8548117283950617,0.6883333333333334,0.9753086419753086,1.0,1.0,0,0,83,0,46,16255,0.9999999999879517,0.6434108527081907,0.7830188674406816,0.9971923828124392,0.6434108527081907
medium,20000,103,Hough transform baseline,3,3,0,0.9280980698144594,0.8573119500150381,0.9615384615384616,1.0,1.0,0,0,159,0,310,15915,0.9999999999937108,0.33901918976473555,0.5063694263718153,0.98107910156244,0.33901918976473555
medium,20000,104,Hough transform baseline,4,7,3,0.5985418719211824,0.8177777777777777,0.8669950738916257,0.0,0.5714285714285714,0,3,196,5,267,15916,0.9751243781046014,0.423326133908373,0.5903614453592003,0.9833984374999399,0.4188034188025239
medium,20000,105,Hough transform baseline,2,2,0,0.9669498381877023,0.9351851851851851,0.9805825242718447,1.0,1.0,0,0,105,0,78,16201,0.9999999999904762,0.5737704918001434,0.7291666661982784,0.9952392578124393,0.5737704918001434
medium,20000,106,Hough transform baseline,2,3,1,0.8780344386258288,0.8532810391363023,0.8869565217391304,1.0,0.6666666666666667,0,0,84,2,278,16020,0.9767441860351541,0.23204419889438663,0.37499999968809794,0.9829101562499399,0.2307692307685968
medium,20000,107,Hough transform baseline,3,3,0,0.842685598377282,0.7863601532567049,0.6941176470588235,1.0,1.0,0,0,124,49,249,15962,0.7167630057762038,0.3324396782832911,0.45421245377787844,0.98181152343744,0.2938388625585454
medium,20000,108,Hough transform baseline,5,7,2,0.6324010433499421,0.7605297227316862,0.7811704834605597,0.25,0.7142857142857143,1,4,320,53,280,15731,0.8579088471826866,0.5333333333324445,0.6577595062062322,0.9796752929686902,0.49004594180629396
medium,20000,109,Hough transform baseline,1,1,0,0.9571264367816091,0.9195402298850575,0.9666666666666667,1.0,1.0,0,0,61,0,118,16205,0.9999999999836067,0.34078212290312415,0.5083333329499653,0.9927978515624394,0.34078212290312415
medium,20000,110,Hough transform baseline,1,2,1,0.8667477592829707,0.9151515151515153,0.7746478873239436,1.0,0.5,0,0,73,0,101,16210,0.9999999999863013,0.41954022988264633,0.591093116987723,0.9938354492186893,0.41954022988264633
medium,20000,111,Hough transform baseline,4,4,0,0.842774891217222,0.9283886471493822,1.0,0.5,1.0,2,1,206,0,255,15923,0.9999999999951457,0.4468546637734342,0.6176911539940165,0.9844360351561899,0.4468546637734342
medium,20000,112,Hough transform baseline,2,2,0,0.9479166666666667,0.9027777777777779,0.9583333333333334,1.0,1.0,0,0,50,0,50,16284,0.9999999999800001,0.499999999995,0.6666666662133334,0.9969482421874392,0.499999999995
medium,20000,113,Hough transform baseline,5,8,3,0.5895009532808146,0.7196680226091992,0.6943231441048034,0.2571428571428572,0.625,2,7,349,83,657,15295,0.8078703703685003,0.3469184890652615,0.48539638344547265,0.9548339843749417,0.32047750229538985
medium,20000,114,Hough transform baseline,1,1,0,1.0,1.0,1.0,1.0,1.0,0,0,30,0,0,16354,0.9999999999666667,0.9999999999666667,0.9999999994666666,0.9999999999999389,0.9999999999666667
medium,20000,115,Hough transform baseline,2,2,0,0.95127626344622,0.908185935230283,0.962962962962963,1.0,1.0,0,0,96,2,382,15904,0.979591836724698,0.20083682008326184,0.3333333330497926,0.9765624999999404,0.19999999999958334
medium,20000,116,Hough transform baseline,4,4,0,0.9884788229500123,0.9811827956989247,0.9847328244274809,1.0,1.0,0,0,135,0,130,16119,0.9999999999925927,0.5094339622622286,0.6749999995494376,0.9920654296874394,0.5094339622622286
medium,20000,117,Hough transform baseline,1,1,0,1.0,1.0,1.0,1.0,1.0,0,0,17,0,0,16367,0.9999999999411765,0.9999999999411765,0.9999999994411766,0.9999999999999389,0.9999999999411765
medium,20000,118,Hough transform baseline,3,4,1,0.8098184912081678,0.7304909560723514,0.7804878048780488,1.0,0.75,0,0,157,11,204,16012,0.934523809518247,0.43490304709020805,0.5935727783922871,0.9868774414061897,0.42204301075155365
medium,20000,119,Hough transform baseline,4,7,3,0.5742678571428572,0.8227777777777778,0.734375,0.0,0.5714285714285714,0,4,153,17,190,16024,0.8999999999947059,0.4460641399403905,0.5964912276247126,0.9873657226561897,0.42499999999881943
medium,20000,120,Hough transform baseline,5,6,1,0.7714380754380755,0.8394594594594594,0.9267399267399268,0.5,0.8333333333333334,2,2,245,16,135,15988,0.9386973180040663,0.6447368421035665,0.7644305767379361,0.9907836914061895,0.6186868686853063
medium,20000,121,Hough transform baseline,3,6,3,0.5507798489853706,0.7038461538461539,0.9202453987730062,0.0,0.5,1,3,162,0,156,16066,0.9999999999938273,0.509433962262549,0.67499999955,0.9904785156249395,0.509433962262549
medium,20000,122,Hough transform baseline,1,1,0,1.0,1.0,1.0,1.0,1.0,0,0,20,0,0,16364,0.99999999995,0.99999999995,0.99999999945,0.9999999999999389,0.99999999995
medium,20000,123,Hough transform baseline,5,8,3,0.6494615347018573,0.8348249158249158,0.8064516129032258,0.2,0.625,1,4,326,45,416,15597,0.878706199458548,0.4393530997298661,0.5858041325284471,0.9718627929686906,0.41423125794102383
medium,20000,124,Hough transform baseline,2,3,1,0.7860022457299221,0.665015197568389,0.8503937007874016,1.0,0.6666666666666667,0,0,128,0,199,16057,0.9999999999921876,0.3914373088673045,0.5626373622305326,0.9878540039061897,0.3914373088673045
medium,20000,125,Hough transform baseline,2,2,0,0.9606346483704974,0.9292929292929293,0.9622641509433962,1.0,1.0,0,0,55,0,72,16257,0.9999999999818182,0.43307086613832224,0.6043956039672141,0.9956054687499392,0.43307086613832224
medium,20000,126,Hough transform baseline,1,1,0,1.0,1.0,1.0,1.0,1.0,0,0,21,0,0,16363,0.999999999952381,0.999999999952381,0.9999999994523809,0.9999999999999389,0.999999999952381
medium,20000,127,Hough transform baseline,2,2,0,0.9616319444444444,0.9270833333333333,0.9722222222222222,1.0,1.0,0,0,65,0,82,16237,0.9999999999846153,0.44217687074529133,0.6132075467388304,0.9949951171874393,0.44217687074529133
medium,20000,128,Hough transform baseline,3,3,0,0.9659245514106952,0.9333010335917312,0.9796954314720813,1.0,1.0,2,2,198,0,236,15950,0.9999999999949496,0.45622119815563084,0.6265822780487502,0.9855957031249398,0.45622119815563084
medium,20000,129,Hough transform baseline,5,5,0,0.6880013698630137,0.8926666666666666,0.9315068493150684,0.0,1.0,0,1,213,10,184,15977,0.9551569506683626,0.5365239294696813,0.6870967737307129,0.9881591796874397,0.5233415233402375
medium,20000,130,Hough transform baseline,4,7,3,0.5388460311780862,0.7588583428789615,0.5010845986984815,0.16,0.5714285714285714,1,5,228,190,408,15558,0.5454545454532406,0.35849056603717216,0.4326375706780639,0.9635009765624412,0.27602905568973846
medium,20000,131,Hough transform baseline,2,2,0,0.9410261131570138,0.8862068965517242,0.9611650485436893,1.0,1.0,0,0,105,0,206,16073,0.9999999999904762,0.3376205787770495,0.5048076919278731,0.9874267578124397,0.3376205787770495
medium,20000,132,Hough transform baseline,3,3,0,0.9613554571414998,0.92815832581152,0.968421052631579,1.0,1.0,0,0,93,1,142,16148,0.9893617021171344,0.3957446808493798,0.5653495436613483,0.9912719726561895,0.3940677966084997
medium,20000,133,Hough transform baseline,3,3,0,0.7065511163337251,0.9154589371980677,0.972972972972973,0.0,1.0,0,1,113,0,52,16219,0.9999999999911504,0.6848484848443342,0.812949639799415,0.9968261718749392,0.6848484848443342
medium,20000,134,Hough transform baseline,4,5,1,0.6356335865416929,0.8612410426017797,0.8403755868544601,0.0,0.8,0,1,204,1,216,15963,0.995121951214658,0.48571428571312925,0.652799999557079,0.9867553710936897,0.48456057007010794
medium,20000,135,Hough transform baseline,3,3,0,0.9730697407167995,0.9472096530920061,0.9841269841269842,1.0,1.0,0,0,120,0,116,16148,0.9999999999916667,0.5084745762690319,0.6741573029200858,0.9929199218749394,0.5084745762690319
medium,20000,136,Hough transform baseline,4,4,0,0.8144768893387314,0.7478703703703704,0.6396761133603239,1.0,1.0,0,0,182,69,148,15985,0.7250996015907367,0.5515151515134803,0.6265060236034731,0.9867553710936897,0.45614035087604976
medium,20000,137,Hough transform baseline,1,1,0,0.9156431334622824,0.8409090909090909,0.9361702127659575,1.0,1.0,0,0,32,2,132,16218,0.9411764705605538,0.19512195121832243,0.32323232294459747,0.9918212890624394,0.19277108433618814
medium,20000,138,Hough transform baseline,4,4,0,0.8244467646765594,0.9448195251937985,0.9963898916967509,0.4,1.0,2,1,279,0,305,15800,0.9999999999964158,0.4777397260265792,0.646581691333839,0.98138427734369,0.4777397260265792
medium,20000,139,Hough transform baseline,3,3,0,0.898223396721186,0.896484893146647,0.974025974025974,0.8,1.0,1,1,156,0,210,16018,0.9999999999935898,0.42622950819555677,0.5977011490039196,0.9871826171874397,0.42622950819555677
medium,20000,140,Hough transform baseline,1,1,0,0.9628596149686351,0.9303482587064676,0.9710144927536232,1.0,1.0,0,0,70,0,136,16178,0.9999999999857142,0.33980582524106895,0.5072463764293216,0.9916992187499395,0.33980582524106895
medium,20000,141,Hough transform baseline,5,5,0,0.6953546874570304,0.9090670614513531,0.9313725490196079,0.0,1.0,0,1,180,8,278,15918,0.9574468085055455,0.3930131004358231,0.5572755413812841,0.98254394531244,0.38626609441977194
medium,20000,142,Hough transform baseline,5,5,0,0.7919045969353764,0.5521856540084388,0.9671052631578947,1.0,1.0,0,0,277,21,356,15730,0.9295302013391626,0.43759873617624395,0.5950590758255436,0.9769897460936904,0.4235474006109732
medium,20000,143,Hough transform baseline,5,7,2,0.7882207614876259,0.8736523142453462,0.8682432432432432,0.6,0.7142857142857143,3,3,240,11,317,15816,0.9561752988009714,0.4308797127460846,0.5940594055108354,0.9799804687499402,0.4225352112668617
medium,20000,144,Hough transform baseline,5,5,0,0.7384666666666666,0.8651111111111112,0.7458333333333333,0.4,1.0,1,2,187,56,130,16011,0.7695473250997138,0.5899053627741644,0.6678571423634886,0.9886474609374396,0.5013404825723825
medium,20000,145,Hough transform baseline,2,2,0,0.9574413863404688,0.9135802469135802,0.981651376146789,1.0,1.0,0,0,111,0,56,16217,0.999999999990991,0.6646706586786547,0.7985611505936805,0.9965820312499392,0.6646706586786547
medium,20000,146,Hough transform baseline,3,3,0,0.7946616721401204,0.8433641975308642,0.9507389162561576,0.5,1.0,1,2,189,5,180,16010,0.9742268041186896,0.5121951219498314,0.6714031967040057,0.9887084960936896,0.5053475935815365
medium,20000,147,Hough transform baseline,1,1,0,1.0,1.0,1.0,1.0,1.0,0,0,29,0,56,16299,0.9999999999655173,0.34117647058422146,0.5087719294362881,0.9965820312499392,0.34117647058422146
medium,20000,148,Hough transform baseline,4,5,1,0.5896646341463416,0.7694444444444444,0.8170731707317074,0.0,0.8,0,1,205,7,121,16051,0.9669811320709105,0.628834355826292,0.7620817839062339,0.9921874999999394,0.615615615613767
medium,20000,149,Hough transform baseline,3,3,0,0.9256783625730994,0.8441975308641976,0.9789473684210527,1.0,1.0,0,0,193,0,248,15943,0.9999999999948187,0.4376417233550167,0.6088328071455632,0.9848632812499398,0.4376417233550167
medium,20000,150,Hough transform baseline,2,4,2,0.49453385214007783,0.808,0.4046692607003891,0.0,0.5,0,4,133,81,175,15995,0.6214953270998996,0.43181818181677983,0.5095785435755641,0.9843749999999399,0.34190231362379975
medium,20000,151,Hough transform baseline,3,4,1,0.705923979864576,0.815096766848816,0.6956521739130435,0.5,0.75,1,2,241,27,217,15899,0.8992537313399281,0.5262008733612965,0.6639118452624441,0.9851074218749398,0.4969072164938208
medium,20000,152,Hough transform baseline,1,2,1,0.35069745845552297,0.45946236559139786,0.4696969696969697,0.0,0.5,0,1,52,0,50,16282,0.9999999999807693,0.5098039215636293,0.6753246748686118,0.9969482421874392,0.5098039215636293
medium,20000,153,Hough transform baseline,4,4,0,0.9421856898260302,0.882978508891751,0.9742268041237113,1.0,1.0,0,0,193,1,254,15936,0.9948453608196143,0.43176733780664034,0.602184086939508,0.9844360351561899,0.43080357142760983
medium,20000,154,Hough transform baseline,4,6,2,0.6089992417830441,0.8438725490196077,0.8129496402877698,0.0,0.6666666666666667,0,3,127,14,70,16173,0.9007092198517681,0.6446700507581489,0.7514792894501068,0.9948730468749393,0.6018957345943038
medium,20000,155,Hough transform baseline,2,4,2,0.8525839311334291,0.8837908496732026,0.774390243902439,1.0,0.5,0,0,168,0,231,15985,0.9999999999940477,0.42105263157789213,0.5925925921734927,0.9859008789061898,0.42105263157789213
medium,20000,156,Hough transform baseline,2,2,0,1.0,1.0,1.0,1.0,1.0,0,0,84,0,15,16285,0.9999999999880952,0.8484848484762779,0.9180327863785721,0.999084472656189,0.8484848484762779
medium,20000,157,Hough transform baseline,5,6,1,0.7272163379621921,0.7427232675161853,0.9232876712328767,0.5,0.8333333333333334,3,4,343,11,307,15723,0.9689265536695794,0.5276923076914959,0.683266931813015,0.9805908203124402,0.5189107413002739
medium,20000,158,Hough transform baseline,4,4,0,0.8477399497487437,0.8883333333333333,0.9899497487437185,0.6,1.0,1,1,202,0,54,16128,0.9999999999950495,0.7890624999969178,0.8820960693720944,0.9967041015624392,0.7890624999969178
medium,20000,159,Hough transform baseline,3,4,1,0.5555532776971457,0.7492378917378918,0.7169811320754718,0.0,0.75,0,1,129,19,177,16059,0.8716216216157323,0.4215686274496027,0.5682819378840458,0.9880371093749397,0.39692307692185563
medium,20000,160,Hough transform baseline,5,5,0,0.9474128440366972,0.8933333333333333,0.9770642201834863,1.0,1.0,0,0,204,0,293,15887,0.9999999999950981,0.4104627766591339,0.5820256771891144,0.98211669921869,0.4104627766591339
medium,20000,161,Hough transform baseline,2,2,0,0.9857210897313774,0.9731800766283525,0.988950276243094,1.0,1.0,0,0,183,0,180,16021,0.9999999999945356,0.5041322314035699,0.6703296698815562,0.9890136718749396,0.5041322314035699
medium,20000,162,Hough transform baseline,2,2,0,0.9560036231884058,0.9096376811594202,0.9833333333333333,1.0,1.0,0,0,122,0,190,16072,0.9999999999918032,0.39102564102438775,0.5622119811600585,0.9884033203124396,0.39102564102438775
medium,20000,163,Hough transform baseline,2,2,0,0.9663609307359308,0.9337121212121212,0.9809523809523809,1.0,1.0,0,0,90,0,174,16120,0.9999999999888889,0.3409090909077996,0.5084745758891123,0.9893798828124396,0.3409090909077996
medium,20000,164,Hough transform baseline,1,1,0,1.0,1.0,1.0,1.0,1.0,0,0,80,0,0,16304,0.9999999999875,0.9999999999875,0.9999999994875,0.9999999999999389,0.9999999999875
medium,20000,165,Hough transform baseline,1,1,0,1.0,1.0,1.0,1.0,1.0,0,0,23,0,0,16361,0.9999999999565218,0.9999999999565218,0.9999999994565218,0.9999999999999389,0.9999999999565218
medium,20000,166,Hough transform baseline,3,3,0,0.9455316742081448,0.8952991452991453,0.9632352941176471,1.0,1.0,0,0,131,2,180,16071,0.984962406007632,0.4212218649504141,0.5900900896677927,0.9888916015624396,0.4185303514363625
medium,20000,167,Hough transform baseline,5,6,1,0.7557717476883988,0.8929273252058737,0.817391304347826,0.42857142857142855,0.8333333333333334,3,7,301,1,350,15732,0.996688741718554,0.46236559139713923,0.6316894014545023,0.9785766601561903,0.46165644171708337
medium,20000,168,Hough transform baseline,1,1,0,0.9460144927536231,0.8985507246376812,0.9583333333333334,1.0,1.0,0,0,42,1,70,16271,0.9767441860237968,0.3749999999966518,0.5419354834630593,0.9956665039061892,0.3716814159259143
medium,20000,169,Hough transform baseline,3,3,0,0.6154762311901505,0.8312908496732027,0.7069767441860465,0.0,1.0,0,1,155,57,135,16037,0.7311320754682494,0.5344827586188466,0.6175298799876986,0.9882812499999396,0.4466858789612488
medium,20000,170,Hough transform baseline,5,5,0,0.8988529014844804,0.967251461988304,0.9846153846153847,0.6666666666666666,1.0,2,3,261,1,114,16008,0.9961832061030681,0.695999999998144,0.819466247550838,0.9929809570311894,0.6941489361683666
medium,20000,171,Hough transform baseline,3,3,0,0.9543374157620226,0.9149884959320667,0.962962962962963,1.0,1.0,0,0,104,0,166,16114,0.9999999999903846,0.3851851851837586,0.5561497322158483,0.9898681640624396,0.3851851851837586
medium,20000,172,Hough transform baseline,4,6,2,0.46684491400916084,0.7155172413793103,0.39097744360902253,0.0,0.6666666666666667,0,6,129,78,190,15987,0.623188405794091,0.40438871473227467,0.4904942960987508,0.9836425781249399,0.32493702770699007
medium,20000,173,Hough transform baseline,2,3,1,0.3580936843742708,0.40299888517279825,0.5503875968992248,0.0,0.6666666666666667,0,1,90,26,128,16140,0.7758620689588287,0.41284403669535397,0.5389221552320269,0.9906005859374395,0.3688524590148818
medium,20000,174,Hough transform baseline,2,3,1,0.460801282051282,0.5083333333333333,0.8269230769230769,0.0,0.6666666666666667,0,1,100,0,24,16260,0.99999999999,0.8064516128967222,0.8928571423549105,0.998535156249939,0.8064516128967222
medium,20000,175,Hough transform baseline,5,6,1,0.5358292195932804,0.6647289124717305,0.766839378238342,0.0,0.8333333333333334,0,2,175,3,203,16003,0.9831460674102072,0.4629629629617382,0.6294964024401299,0.9874267578124397,0.4593175853006317
medium,20000,176,Hough transform baseline,2,2,0,0.9804067895815043,0.9651741293532339,0.9803921568627451,1.0,1.0,0,0,104,0,136,16144,0.9999999999903846,0.4333333333315278,0.6046511623653326,0.9916992187499395,0.4333333333315278
medium,20000,177,Hough transform baseline,2,2,0,0.9829448329448329,0.9696969696969697,0.9829059829059829,1.0,1.0,0,0,119,0,156,16109,0.9999999999915966,0.43272727272569916,0.6040609132809013,0.9904785156249395,0.43272727272569916
medium,20000,178,Hough transform baseline,3,3,0,0.9867795005326074,0.9780907668231612,0.9831932773109243,1.0,1.0,0,0,122,0,144,16118,0.9999999999918032,0.4586466165396292,0.6288659789470719,0.9912109374999395,0.4586466165396292
medium,20000,179,Hough transform baseline,4,4,0,0.5975962486308872,0.7202272727272727,0.8674698795180723,0.0,1.0,0,1,224,28,414,15718,0.8888888888853615,0.3510971786828353,0.503370786109774,0.9730224609374406,0.3363363363358313
medium,20000,180,Hough transform baseline,5,5,0,0.5317488120087045,0.5849099692577954,0.5093632958801498,0.26666666666666666,1.0,1,3,143,97,176,15968,0.5958333333308508,0.44827586206756026,0.5116279064848999,0.9833374023436899,0.34374999999917366
medium,20000,181,Hough transform baseline,1,1,0,1.0,1.0,1.0,1.0,1.0,0,0,27,0,0,16357,0.999999999962963,0.999999999962963,0.9999999994629629,0.9999999999999389,0.999999999962963
medium,20000,182,Hough transform baseline,5,5,0,0.7307885460495558,0.7608921095008051,0.9419354838709677,0.4,1.0,2,1,289,7,496,15592,0.976351351348053,0.36815286624156923,0.5346901013589568,0.9692993164061908,0.36489898989852915
medium,20000,183,Hough transform baseline,4,5,1,0.6140743146773273,0.7920098039215687,0.8883495145631068,0.0,0.8,0,1,207,0,312,15865,0.9999999999951691,0.3988439306350697,0.57024793347507,0.98095703124994,0.3988439306350697
medium,20000,184,Hough transform baseline,2,3,1,0.8816361236802415,0.8567948717948719,0.8970588235294118,1.0,0.6666666666666667,0,0,139,0,241,16004,0.9999999999928059,0.36578947368324793,0.5356454716674054,0.9852905273436898,0.36578947368324793
medium,20000,185,Hough transform baseline,4,4,0,0.9454212037962038,0.8933658008658009,0.967032967032967,1.0,1.0,0,0,186,0,302,15896,0.9999999999946237,0.38114754098282555,0.5519287829815355,0.98156738281244,0.38114754098282555
medium,20000,186,Hough transform baseline,3,3,0,0.9654835847382431,0.9323671497584541,0.9795918367346939,1.0,1.0,0,0,101,0,52,16231,0.9999999999900989,0.6601307189499338,0.7952755900658751,0.9968261718749392,0.6601307189499338
medium,20000,187,Hough transform baseline,5,7,2,0.8745044864695695,0.9261259928887904,0.9315960912052117,0.8,0.7142857142857143,4,5,307,0,328,15749,0.9999999999967427,0.48346456692837253,0.6518046704721873,0.9799804687499402,0.48346456692837253
medium,20000,188,Hough transform baseline,2,2,0,0.9569745251198295,0.9179586563307494,0.9694656488549618,1.0,1.0,1,1,132,0,250,16002,0.9999999999924243,0.3455497382189907,0.5136186766590864,0.9847412109374398,0.3455497382189907
medium,20000,189,Hough transform baseline,3,3,0,0.9140620731015424,0.823743532572964,0.9668874172185431,1.0,1.0,1,1,144,2,153,16085,0.9863013698562583,0.4848484848468524,0.6501128663723128,0.9905395507811895,0.48160535116895786
medium,20000,190,Hough transform baseline,2,2,0,0.9659049616028144,0.9351398601398602,0.9754601226993865,1.0,1.0,0,0,165,0,322,15897,0.9999999999939394,0.33880903490690184,0.5061349689455522,0.9803466796874402,0.33880903490690184
medium,20000,191,Hough transform baseline,4,4,0,0.9743579478594219,0.9492774428174945,0.9859154929577465,1.0,1.0,1,1,261,0,332,15791,0.9999999999961686,0.44013490725052257,0.6112412173727301,0.9797363281249402,0.44013490725052257
medium,20000,192,Hough transform baseline,4,5,1,0.9116085043988269,0.910241120886282,0.86,1.0,0.8,0,0,187,7,305,15885,0.9639175257682273,0.3800813008122356,0.545189503965941,0.98095703124994,0.374749498997245
medium,20000,193,Hough transform baseline,1,1,0,0.8139285714285714,0.65,0.8571428571428572,1.0,1.0,0,0,15,0,30,16339,0.9999999999333333,0.33333333332592596,0.4999999996083333,0.998168945312439,0.33333333332592596
medium,20000,194,Hough transform baseline,1,1,0,1.0,1.0,1.0,1.0,1.0,0,0,68,0,0,16316,0.9999999999852941,0.9999999999852941,0.9999999994852942,0.9999999999999389,0.9999999999852941
medium,20000,195,Hough transform baseline,4,4,0,0.97205845323741,0.9475,0.9784172661870504,1.0,1.0,1,1,120,0,144,16120,0.9999999999916667,0.4545454545437328,0.6249999995670573,0.9912109374999395,0.4545454545437328
medium,20000,196,Hough transform baseline,4,5,1,0.640231886657102,0.8740447154471545,0.8345588235294118,0.0,0.8,0,1,255,0,66,16063,0.9999999999960785,0.7943925233620113,0.8854166661701569,0.9959716796874392,0.7943925233620113
medium,20000,197,Hough transform baseline,2,2,0,0.9587997476568133,0.9145321637426901,0.9863013698630136,1.0,1.0,0,0,129,0,157,16098,0.9999999999922481,0.45104895104737397,0.6216867465565162,0.9904174804686895,0.45104895104737397
medium,20000,198,Hough transform baseline,3,3,0,0.6512551663435363,0.7883643072741352,0.9824561403508771,0.0,1.0,1,2,219,2,188,15975,0.99095022623986,0.538083538082216,0.6974522288410027,0.9884033203124396,0.5354523227370771
medium,20000,199,Hough transform baseline,1,1,0,1.0,1.0,1.0,1.0,1.0,0,0,73,0,0,16311,0.9999999999863013,0.9999999999863013,0.9999999994863014,0.9999999999999389,0.9999999999863013
medium,20000,200,Hough transform baseline,5,5,0,0.679275974025974,0.6783333333333332,0.8701298701298701,0.4,1.0,1,2,174,15,243,15952,0.9206349206300496,0.4172661870493591,0.5742574253114564,0.9842529296874399,0.4027777777768454
medium,20000,201,Hough transform baseline,4,6,2,0.6053369639851075,0.779431177860744,0.73963133640553,0.16,0.6666666666666667,1,5,371,19,445,15549,0.9512820512796121,0.45465686274454087,0.6152570476542357,0.9716796874999407,0.4443113772449769
medium,20000,202,Hough transform baseline,4,7,3,0.5951934035909446,0.7024074074074074,0.6098360655737705,0.4,0.5714285714285714,1,2,212,62,390,15720,0.7737226277344025,0.3521594684379532,0.48401826440917617,0.9724121093749406,0.31927710843325413
medium,20000,203,Hough transform baseline,1,1,0,0.9182041070050587,0.826386292834891,0.981651376146789,1.0,1.0,0,0,79,0,154,16151,0.9999999999873417,0.33905579398996116,0.5064102560288255,0.9906005859374395,0.33905579398996116
medium,20000,204,Hough transform baseline,1,1,0,0.9091639815880322,0.8093939393939393,0.9746835443037974,1.0,1.0,0,0,80,0,160,16144,0.9999999999875,0.3333333333319445,0.49999999962187497,0.9902343749999395,0.3333333333319445
medium,20000,205,Hough transform baseline,3,3,0,0.9533440773569701,0.9084967320261438,0.9726027397260274,1.0,1.0,0,0,76,0,40,16268,0.9999999999868421,0.6551724137874554,0.7916666661801216,0.997558593749939,0.6551724137874554
medium,20000,206,Hough transform baseline,5,5,0,0.9113589773339149,0.920739900064627,0.9851301115241635,0.8,1.0,1,1,238,0,221,15925,0.9999999999957984,0.5185185185173888,0.6829268288166007,0.9865112304686897,0.5185185185173888
medium,20000,207,Hough transform baseline,2,2,0,0.6775099067599067,0.3289393939393939,0.8974358974358975,1.0,1.0,0,0,41,0,82,16261,0.9999999999756098,0.3333333333306233,0.49999999961890246,0.9949951171874393,0.3333333333306233
medium,20000,208,Hough transform baseline,1,1,0,0.972918593894542,0.9492753623188406,0.9787234042553191,1.0,1.0,0,0,95,0,186,16103,0.9999999999894736,0.3380782918137435,0.5053191485558369,0.9886474609374396,0.3380782918137435
medium,20000,209,Hough transform baseline,3,4,1,0.5615439706862093,0.7014619883040936,0.8544303797468354,0.0,0.75,0,1,152,0,32,16200,0.9999999999934212,0.8260869565172496,0.9047619042610545,0.998046874999939,0.8260869565172496
medium,20000,210,Hough transform baseline,2,2,0,0.953230506822612,0.904298245614035,0.9814814814814815,1.0,1.0,0,0,110,0,158,16116,0.999999999990909,0.4104477611924984,0.5820105815948602,0.9903564453124395,0.4104477611924984
medium,20000,211,Hough transform baseline,5,7,2,0.537743749594782,0.6659924701058755,0.6902356902356903,0.1142857142857143,0.7142857142857143,1,7,246,38,393,15707,0.8661971830955416,0.3849765258209938,0.5330444199411736,0.9736938476561905,0.36336779911320033
medium,20000,212,Hough transform baseline,1,1,0,0.6495,0.27666666666666667,0.875,1.0,1.0,0,0,15,0,21,16348,0.9999999999333333,0.4166666666550926,0.588235293679354,0.998718261718689,0.4166666666550926
medium,20000,213,Hough transform baseline,1,1,0,1.0,1.0,1.0,1.0,1.0,0,0,40,0,0,16344,0.9999999999750001,0.9999999999750001,0.9999999994750002,0.9999999999999389,0.9999999999750001
medium,20000,214,Hough transform baseline,2,2,0,1.0,1.0,1.0,1.0,1.0,0,0,83,0,0,16301,0.9999999999879517,0.9999999999879517,0.9999999994879518,0.9999999999999389,0.9999999999879517
medium,20000,215,Hough transform baseline,5,5,0,0.9549610357315098,0.916632326007326,0.9623824451410659,1.0,1.0,2,2,274,10,166,15934,0.9647887323909691,0.6227272727258575,0.756906076869189,0.9892578124999396,0.6088888888875358
medium,20000,216,Hough transform baseline,5,7,2,0.5637243243243243,0.7542222222222221,0.7644787644787645,0.0,0.7142857142857143,0,3,216,45,287,15836,0.8275862068933809,0.4294234592436791,0.5654450257266967,0.9797363281249402,0.3941605839408866
medium,20000,217,Hough transform baseline,2,2,0,0.8921047598348185,0.7768475452196382,0.9626168224299065,1.0,1.0,0,0,109,0,218,16057,0.9999999999908257,0.33333333333231396,0.4999999996227064,0.9866943359374397,0.33333333333231396
medium,20000,218,Hough transform baseline,1,1,0,1.0,1.0,1.0,1.0,1.0,0,0,37,0,0,16347,0.9999999999729731,0.9999999999729731,0.9999999994729731,0.9999999999999389,0.9999999999729731
medium,20000,219,Hough transform baseline,5,7,2,0.6779901366319023,0.8328073768651019,0.8464912280701754,0.25,0.7142857142857143,1,4,178,12,116,16078,0.9368421052582272,0.605442176868689,0.7355371896026911,0.9921874999999394,0.5816993464033278
medium,20000,220,Hough transform baseline,4,4,0,0.8060677749360614,0.8970588235294118,0.8869565217391304,0.5,1.0,1,2,204,23,142,16015,0.8986784140929575,0.5895953757208393,0.7120418843358339,0.9899291992186896,0.5528455284537863
medium,20000,221,Hough transform baseline,3,3,0,0.9647737482643143,0.932900432900433,0.9748427672955975,1.0,1.0,0,0,162,0,194,16028,0.9999999999938273,0.45505617977400264,0.6254826250503421,0.9881591796874397,0.45505617977400264
medium,20000,222,Hough transform baseline,5,9,4,0.5949297699886592,0.7739340407315722,0.6805194805194805,0.22000000000000003,0.5555555555555556,3,10,313,28,392,15651,0.9178885630471616,0.443971631205044,0.5984703628481239,0.9743652343749405,0.4270122783077394
medium,20000,223,Hough transform baseline,3,4,1,0.8267785673018102,0.8242422268542643,0.9043478260869565,0.8,0.75,1,1,201,0,305,15878,0.999999999995025,0.3972332015802426,0.5685997167060132,0.98138427734369,0.3972332015802426
medium,20000,224,Hough transform baseline,5,6,1,0.5777275504151839,0.7728333333333333,0.7330960854092528,0.0,0.8333333333333334,0,4,241,26,200,15917,0.9026217228430614,0.5464852607697359,0.6807909599802539,0.9862060546874398,0.5160599571723425
medium,20000,225,Hough transform baseline,3,3,0,0.9864026325067576,0.976782752902156,0.984251968503937,1.0,1.0,0,0,130,0,136,16118,0.9999999999923078,0.4887218045094409,0.6565656561213141,0.9916992187499395,0.4887218045094409
medium,20000,226,Hough transform baseline,4,4,0,0.9803740373755991,0.9642530230765526,0.9823008849557522,1.0,1.0,0,0,225,0,358,15801,0.9999999999955556,0.3859348198964221,0.5569306926660836,0.9781494140624403,0.3859348198964221
medium,20000,227,Hough transform baseline,2,2,0,0.9635960214072353,0.9258876811594203,0.9847328244274809,1.0,1.0,0,0,112,1,203,16068,0.9911504424691049,0.3555555555544268,0.5233644855902372,0.9875488281249397,0.35443037974571384
medium,20000,228,Hough transform baseline,2,2,0,0.9363888888888888,0.8833333333333334,0.9444444444444444,1.0,1.0,0,0,38,0,42,16304,0.9999999999736843,0.4749999999940625,0.644067796162597,0.997436523437439,0.4749999999940625
medium,20000,229,Hough transform baseline,3,3,0,0.6157894736842106,0.7999999999999999,0.7789473684210526,0.0,1.0,0,1,137,39,110,16098,0.7784090909046681,0.5546558704430986,0.6477541366268631,0.9909057617186895,0.4790209790193041
medium,20000,230,Hough transform baseline,5,7,2,0.6311167127928683,0.8573954644299471,0.8693009118541033,0.0,0.7142857142857143,0,1,322,13,435,15614,0.961194029847877,0.4253632760892664,0.5897435893171802,0.9726562499999406,0.4181818181812751
medium,20000,231,Hough transform baseline,2,2,0,0.9422236842105264,0.895,0.9473684210526316,1.0,1.0,0,0,51,0,78,16255,0.9999999999803922,0.39534883720623765,0.5666666662542593,0.9952392578124393,0.39534883720623765
medium,20000,232,Hough transform baseline,1,1,0,0.9503076923076923,0.9066666666666666,0.9615384615384616,1.0,1.0,0,0,53,0,102,16229,0.9999999999811321,0.3419354838687617,0.509615384230723,0.9937744140624393,0.3419354838687617
medium,20000,233,Hough transform baseline,4,4,0,0.8454545454545455,0.9444444444444445,0.9772727272727273,0.5,1.0,1,2,213,1,196,15974,0.9953271027990873,0.5207823960867463,0.683788121537159,0.9879760742186897,0.5195121951206841
medium,20000,234,Hough transform baseline,1,1,0,0.9249350649350649,0.8585858585858586,0.9428571428571428,1.0,1.0,0,0,24,2,100,16258,0.9230769230414201,0.19354838709521333,0.3199999997091555,0.9937744140624393,0.19047619047467876
medium,20000,235,Hough transform baseline,4,4,0,0.9690511363636364,0.93375,0.9943181818181818,1.0,1.0,1,1,152,0,135,16097,0.9999999999934212,0.5296167247368306,0.6924829152616686,0.9917602539061895,0.5296167247368306
medium,20000,236,Hough transform baseline,4,4,0,0.8117825919621378,0.8813422678523697,0.9508928571428571,0.5,1.0,1,2,218,2,295,15869,0.9909090909045868,0.42495126705570185,0.5948158249534384,0.98187255859369,0.4233009708729645
medium,20000,237,Hough transform baseline,3,4,1,0.5367324561403508,0.7001461988304093,0.7333333333333334,0.0,0.75,0,1,196,3,304,15881,0.9849246231106286,0.39199999999921603,0.5608011440832417,0.98126220703119,0.3896620278322273
medium,20000,238,Hough transform baseline,1,1,0,0.9363977485928706,0.8803418803418804,0.9512195121951219,1.0,1.0,0,0,42,0,80,16262,0.9999999999761906,0.3442622950791454,0.5121951215639501,0.9951171874999393,0.3442622950791454
medium,20000,239,Hough transform baseline,4,4,0,0.9613441461595823,0.9290123456790123,0.9664429530201343,1.0,1.0,0,0,138,2,190,16054,0.985714285707245,0.42073170731579046,0.5897435893217546,0.9882812499999396,0.418181818180551
medium,20000,240,Hough transform baseline,2,2,0,1.0,1.0,1.0,1.0,1.0,0,0,69,0,0,16315,0.9999999999855071,0.9999999999855071,0.9999999994855071,0.9999999999999389,0.9999999999855071
medium,20000,241,Hough transform baseline,2,2,0,0.9882539768717086,0.9793510324483776,0.9877300613496932,1.0,1.0,0,0,165,0,228,15991,0.9999999999939394,0.41984732824320653,0.5913978490437237,0.9860839843749398,0.41984732824320653
medium,20000,242,Hough transform baseline,4,4,0,0.6130532094594595,0.8302083333333334,0.6972972972972973,0.0,1.0,0,1,113,37,149,16085,0.7533333333283112,0.431297709922018,0.5485436888546753,0.9886474609374396,0.3779264214034183
medium,20000,243,Hough transform baseline,1,1,0,0.9585483870967743,0.9222222222222223,0.967741935483871,1.0,1.0,0,0,63,0,122,16199,0.999999999984127,0.3405405405386998,0.5080645157459353,0.9925537109374394,0.3405405405386998
medium,20000,244,Hough transform baseline,4,5,1,0.6073564621579739,0.7094790068156996,0.6654545454545455,0.3,0.8,1,2,136,94,294,15860,0.591304347823516,0.31627906976670633,0.41212121166587695,0.9763183593749404,0.25954198473232915
medium,20000,245,Hough transform baseline,4,3,1,0.81205734149764,0.7214759535655059,0.811965811965812,1.0,0.75,0,0,193,0,348,15843,0.9999999999948187,0.3567467652488785,0.5258855581940657,0.9787597656249403,0.3567467652488785
medium,20000,246,Hough transform baseline,2,2,0,1.0,1.0,1.0,1.0,1.0,0,0,144,0,0,16240,0.9999999999930557,0.9999999999930557,0.9999999994930557,0.9999999999999389,0.9999999999930557
medium,20000,247,Hough transform baseline,1,1,0,0.9699929128277817,0.9437751004016064,0.9764705882352941,1.0,1.0,0,0,86,0,168,16130,0.9999999999883721,0.33858267716402135,0.5058823525602768,0.9897460937499396,0.33858267716402135
medium,20000,248,Hough transform baseline,2,2,0,1.0,1.0,1.0,1.0,1.0,0,0,69,0,112,16203,0.9999999999855071,0.38121546961115355,0.5519999995959359,0.9931640624999394,0.38121546961115355
medium,20000,249,Hough transform baseline,3,3,0,0.9526022827746967,0.9099974099974102,0.9655172413793104,1.0,1.0,1,1,176,0,334,15874,0.9999999999943182,0.34509803921500964,0.5131195331447271,0.9796142578124402,0.34509803921500964
medium,20000,250,Hough transform baseline,5,7,2,0.6997668015796293,0.8543848877249139,0.9693251533742331,0.19999999999999998,0.7142857142857143,1,3,328,1,403,15652,0.9969604863191582,0.44870041039610303,0.6188679240990477,0.9753417968749405,0.44808743169337695
medium,20000,251,Hough transform baseline,2,2,0,0.5867570093457944,0.8200000000000001,0.5887850467289719,0.0,1.0,0,1,56,30,53,16245,0.6511627906901027,0.5137614678851948,0.5743589738600393,0.9949340820311893,0.40287769783882826
medium,20000,252,Hough transform baseline,3,3,0,0.9656627910365125,0.9332530362340662,0.978494623655914,1.0,1.0,0,0,189,0,198,15997,0.999999999994709,0.48837209302199386,0.6562499995568033,0.9879150390624397,0.48837209302199386
medium,20000,253,Hough transform baseline,4,4,0,0.7832983949320649,0.8266080191272857,0.9316239316239316,0.5,1.0,1,2,314,12,400,15658,0.9631901840461252,0.43977591036352975,0.6038461534145858,0.9748535156249405,0.4325068870517459
medium,20000,254,Hough transform baseline,2,2,0,1.0,1.0,1.0,1.0,1.0,0,0,135,0,0,16249,0.9999999999925927,0.9999999999925927,0.9999999994925928,0.9999999999999389,0.9999999999925927
medium,20000,255,Hough transform baseline,5,6,1,0.7017889288438488,0.7288431222984998,0.9166666666666666,0.42857142857142855,0.8333333333333334,4,7,265,20,466,15633,0.9298245614002463,0.3625170998627052,0.5216535429024098,0.9703369140624407,0.3528628495334849
medium,20000,256,Hough transform baseline,4,5,1,0.5683424787825578,0.8875272331154684,0.4447761194029851,0.0,0.8,0,4,159,168,243,15814,0.4862385321086048,0.3955223880587176,0.43621399127364274,0.9749145507811905,0.2789473684205633
medium,20000,257,Hough transform baseline,3,4,1,0.9244423955040393,0.9180911680911681,0.9315068493150684,1.0,0.75,0,0,187,0,337,15860,0.9999999999946525,0.35687022900695253,0.5260196901875016,0.9794311523436902,0.35687022900695253
medium,20000,258,Hough transform baseline,3,3,0,0.7800770416024653,0.5414141414141415,0.9322033898305084,1.0,1.0,0,0,49,0,63,16272,0.9999999999795919,0.43749999999609374,0.6086956517429112,0.9961547851561892,0.43749999999609374
medium,20000,259,Hough transform baseline,1,1,0,1.0,1.0,1.0,1.0,1.0,0,0,86,0,0,16298,0.9999999999883721,0.9999999999883721,0.9999999994883721,0.9999999999999389,0.9999999999883721
medium,20000,260,Hough transform baseline,4,5,1,0.6113282272956186,0.7320807453416149,0.7594594594594595,0.2,0.8,1,5,237,53,492,15602,0.8172413793075268,0.32510288065799026,0.46516192304625464,0.9667358398436909,0.30306905370805237
medium,20000,261,Hough transform baseline,4,4,0,0.991719289513796,0.9852414083913135,0.9918032786885246,1.0,1.0,0,0,245,0,200,15939,0.9999999999959184,0.5505617977515718,0.7101449270761814,0.9877929687499397,0.5505617977515718
medium,20000,262,Hough transform baseline,3,5,2,0.8527153110047847,0.8423976608187135,0.8181818181818181,1.0,0.6,0,0,104,0,104,16176,0.9999999999903846,0.4999999999975962,0.6666666662179488,0.9936523437499393,0.4999999999975962
medium,20000,263,Hough transform baseline,3,3,0,0.6650249753763895,0.8607890499194847,0.8883495145631068,0.0,1.0,0,1,188,20,140,16036,0.9038461538418084,0.5731707317055696,0.7014925368358766,0.9902343749999395,0.5402298850559188
medium,20000,264,Hough transform baseline,4,4,0,0.9669114931029349,0.9314358443876516,0.9888268156424581,1.0,1.0,3,3,328,0,466,15590,0.9999999999969512,0.4130982367752984,0.5846702313142625,0.9715576171874407,0.4130982367752984
medium,20000,265,Hough transform baseline,1,1,0,0.9471558836300478,0.900709219858156,0.9591836734693877,1.0,1.0,0,0,50,0,100,16234,0.9999999999800001,0.33333333333111115,0.4999999996200001,0.9938964843749393,0.33333333333111115
medium,20000,266,Hough transform baseline,1,1,0,1.0,1.0,1.0,1.0,1.0,0,0,28,0,0,16356,0.9999999999642857,0.9999999999642857,0.9999999994642856,0.9999999999999389,0.9999999999642857
medium,20000,267,Hough transform baseline,1,1,0,1.0,1.0,1.0,1.0,1.0,0,0,57,0,0,16327,0.9999999999824563,0.9999999999824563,0.9999999994824562,0.9999999999999389,0.9999999999824563
medium,20000,268,Hough transform baseline,4,4,0,0.8924174436674436,0.9262345679012345,0.9405594405594405,0.75,1.0,3,4,249,9,279,15847,0.9651162790660267,0.47159090909001594,0.6335877858169298,0.98242187499994,0.46368715083712536
medium,20000,269,Hough transform baseline,5,6,1,0.5716606549088168,0.750102381278852,0.75390625,0.0,0.8333333333333334,0,1,199,33,259,15893,0.857758620685958,0.4344978165929378,0.5768115937548666,0.98217773437494,0.4052953156814556
medium,20000,270,Hough transform baseline,2,3,1,0.46848389355742304,0.5194444444444445,0.8403361344537815,0.0,0.6666666666666667,0,1,114,0,26,16244,0.999999999991228,0.814285714279898,0.8976377947737614,0.998413085937439,0.814285714279898
medium,20000,271,Hough transform baseline,4,4,0,0.9380145827639274,0.8796351373649037,0.9608938547486033,1.0,1.0,0,0,174,2,209,15999,0.9886363636307465,0.4543080939935919,0.6225402500135624,0.9871215820311897,0.4519480519468781
medium,20000,272,Hough transform baseline,3,3,0,0.9508528265107212,0.9063786008230453,0.9649122807017544,1.0,1.0,0,0,117,0,160,16107,0.999999999991453,0.4223826714786196,0.5939086290210647,0.9902343749999395,0.4223826714786196
medium,20000,273,Hough transform baseline,3,4,1,0.6475204991087344,0.8526599326599327,0.6941176470588235,0.2,0.75,1,4,185,33,199,15967,0.8486238532071164,0.48177083333207876,0.614617939735312,0.9858398437499398,0.4436450839317898
medium,20000,274,Hough transform baseline,1,1,0,1.0,1.0,1.0,1.0,1.0,0,0,55,0,0,16329,0.9999999999818182,0.9999999999818182,0.9999999994818183,0.9999999999999389,0.9999999999818182
medium,20000,275,Hough transform baseline,3,3,0,0.9842118076688983,0.970649895178197,0.9870967741935484,1.0,1.0,1,1,157,0,106,16121,0.9999999999936307,0.5969581749026732,0.7476190471473356,0.9935302734374394,0.5969581749026732
medium,20000,276,Hough transform baseline,2,3,1,0.6779358974358974,0.8951282051282051,0.7923076923076923,0.19999999999999998,0.6666666666666667,1,3,118,0,27,16239,0.9999999999915254,0.8137931034426635,0.897338402540271,0.998352050781189,0.8137931034426635
medium,20000,277,Hough transform baseline,5,5,0,0.9590763495064063,0.9183178137179399,0.9791666666666666,1.0,1.0,0,0,192,0,130,16062,0.9999999999947917,0.5962732919236141,0.7470817115913337,0.9920654296874394,0.5962732919236141
medium,20000,278,Hough transform baseline,4,5,1,0.9487994171082179,0.9416393082514578,0.9753086419753086,1.0,0.8,1,1,246,0,418,15720,0.999999999995935,0.37048192771028543,0.5406593402636493,0.9744873046874405,0.37048192771028543
medium,20000,279,Hough transform baseline,1,1,0,1.0,1.0,1.0,1.0,1.0,0,0,47,0,0,16337,0.9999999999787235,0.9999999999787235,0.9999999994787234,0.9999999999999389,0.9999999999787235
medium,20000,280,Hough transform baseline,5,5,0,0.7192074301020167,0.8351556846408106,0.9044368600682594,0.25,1.0,1,4,269,18,409,15688,0.937282229961891,0.39675516224130275,0.5575129529488061,0.9739379882811905,0.3864942528730079
medium,20000,281,Hough transform baseline,3,3,0,0.9805265322912382,0.9648064353946708,0.9818181818181818,1.0,1.0,0,0,108,0,132,16144,0.9999999999907407,0.449999999998125,0.6206896547407847,0.9919433593749394,0.449999999998125
medium,20000,282,Hough transform baseline,4,4,0,0.9692097609894702,0.9407885304659498,0.9792746113989638,1.0,1.0,0,0,197,0,240,15947,0.999999999994924,0.4508009153307762,0.6214511036706356,0.9853515624999398,0.4508009153307762
medium,20000,283,Hough transform baseline,5,6,1,0.5219759407259408,0.6702741702741702,0.5913461538461539,0.075,0.8333333333333334,1,8,250,114,216,15804,0.6868131868113,0.5364806866941277,0.6024096380603164,0.9798583984374402,0.43103448275787754
medium,20000,284,Hough transform baseline,1,1,0,0.906443083156473,0.8042723004694835,0.9726027397260274,1.0,1.0,0,0,74,0,148,16162,0.9999999999864865,0.33333333333183185,0.4999999996216216,0.9909667968749395,0.33333333333183185
medium,20000,285,Hough transform baseline,4,6,2,0.8827646220509657,0.8272563472563472,0.9691629955947136,1.0,0.6666666666666667,0,0,232,1,448,15703,0.9957081545021644,0.3411764705877336,0.5082146765081139,0.9725952148436906,0.34067547723885366
medium,20000,286,Hough transform baseline,1,1,0,0.8704260651629073,0.7543859649122807,0.9047619047619048,1.0,1.0,0,0,22,0,40,16322,0.9999999999545455,0.3548387096716962,0.5238095234104307,0.997558593749939,0.3548387096716962
medium,20000,287,Hough transform baseline,5,8,3,0.60630761996711,0.7657132861016356,0.9961832061068703,0.0,0.625,1,0,268,0,307,15809,0.9999999999962687,0.4660869565209286,0.6358244361009838,0.98126220703119,0.4660869565209286
medium,20000,288,Hough transform baseline,3,3,0,0.9862556896892936,0.9749103942652331,0.9877300613496932,1.0,1.0,0,0,166,0,126,16092,0.9999999999939759,0.5684931506829847,0.7248908292290003,0.9923095703124394,0.5684931506829847
medium,20000,289,Hough transform baseline,1,2,1,0.8959812524930196,0.9492753623188406,0.8440366972477065,1.0,0.5,0,0,111,0,174,16099,0.999999999990991,0.38947368420915973,0.5606060601997628,0.9893798828124396,0.38947368420915973
medium,20000,290,Hough transform baseline,3,4,1,0.9391135067712046,0.9569672131147542,0.9173913043478261,1.0,0.75,0,0,164,2,216,16002,0.9879518072229642,0.4315789473672853,0.6007326003072093,0.9866943359374397,0.4293193717266248
medium,20000,291,Hough transform baseline,3,5,2,0.5433327150680092,0.7625258591925258,0.7009803921568627,0.0,0.6,0,1,189,0,263,15932,0.999999999994709,0.4181415929194289,0.5897035877258573,0.9839477539061899,0.4181415929194289
medium,20000,292,Hough transform baseline,3,5,2,0.5639473684210528,0.7666666666666667,0.7947368421052632,0.0,0.6,0,1,173,21,27,16163,0.891752577314991,0.864999999995675,0.8781725883281455,0.9970703124999392,0.7828054298607113
medium,20000,293,Hough transform baseline,5,5,0,0.9284873737373737,0.8981818181818181,0.8715277777777778,1.0,1.0,0,0,254,39,101,15990,0.8668941979492598,0.7154929577444634,0.7839506167861082,0.9914550781249395,0.6446700507597851
medium,20000,294,Hough transform baseline,3,3,0,0.9224710910005028,0.8335232668566003,0.9869281045751634,1.0,1.0,0,0,149,0,94,16141,0.9999999999932887,0.6131687242773121,0.7602040811575255,0.9942626953124393,0.6131687242773121
medium,20000,295,Hough transform baseline,5,5,0,0.9841815031405674,0.9721637426900585,0.9835390946502057,1.0,1.0,0,0,248,0,276,15860,0.9999999999959678,0.4732824427471884,0.6424870461943677,0.9831542968749399,0.4732824427471884
medium,20000,296,Hough transform baseline,5,5,0,0.6895609324857429,0.8245429666119322,0.7800829875518672,0.25,1.0,1,4,184,30,129,16041,0.8598130841081317,0.5878594249182497,0.6982922196288469,0.9902954101561895,0.5364431486864827
medium,20000,297,Hough transform baseline,4,5,1,0.8651256230007467,0.8768652119960508,0.9526813880126183,0.8,0.8,1,1,313,2,391,15678,0.9936507936476392,0.4446022727266412,0.6143277718974692,0.9760131835936904,0.44334277620333806
medium,20000,298,Hough transform baseline,4,4,0,0.7342967189180882,0.8739711934156378,0.7883817427385892,0.3333333333333333,1.0,1,3,190,43,134,16017,0.8154506437733243,0.5864197530846098,0.6822262113600881,0.9891967773436896,0.5177111716607147
medium,20000,299,Hough transform baseline,5,12,7,0.4470200624344739,0.6359136822773186,0.4235474006116208,0.13793103448275862,0.41666666666666663,4,29,364,144,473,15403,0.7165354330694557,0.4348864994021089,0.5412639400495582,0.9623413085936913,0.3710499490312222
medium,20000,300,Hough transform baseline,2,2,0,0.9573717948717949,0.9166666666666667,0.9743589743589743,1.0,1.0,0,0,68,0,72,16244,0.9999999999852941,0.4857142857108164,0.6538461533997781,0.9956054687499392,0.4857142857108164
medium,20000,301,Hough transform baseline,5,9,4,0.6780741817789757,0.8474417478756919,0.7995991983967936,0.325,0.5555555555555556,3,8,439,18,575,15352,0.9606126914639812,0.43293885601535215,0.5968728751657113,0.9638061523436912,0.4253875968988126
medium,20000,302,Hough transform baseline,1,1,0,0.8250000000000001,0.6666666666666667,0.875,1.0,1.0,0,0,17,0,30,16337,0.9999999999411765,0.3617021276518787,0.5312499995932617,0.998168945312439,0.3617021276518787
medium,20000,303,Hough transform baseline,5,7,2,0.49971452460582905,0.65,0.6789297658862876,0.0,0.7142857142857143,0,3,233,66,238,15847,0.7792642140442165,0.49469214437262277,0.6051948047181818,0.98144531249994,0.43389199255040245
medium,20000,304,Hough transform baseline,3,4,1,0.8936132448076268,0.9618787878787879,0.9288389513108615,0.8,0.75,1,1,227,3,182,15972,0.9869565217348394,0.5550122249375183,0.7104851325573557,0.9887084960936896,0.5509708737850705
medium,20000,305,Hough transform baseline,5,7,2,0.9233831168831169,0.9033333333333333,0.9772727272727273,1.0,0.7142857142857143,1,1,225,0,266,15893,0.9999999999955556,0.45824847250415834,0.6284916196789856,0.9837646484374399,0.45824847250415834
medium,20000,306,Hough transform baseline,3,2,1,0.7402222222222222,0.5066666666666666,0.9777777777777777,1.0,0.6666666666666667,0,0,120,14,18,16232,0.8955223880530185,0.8695652173850033,0.8823529406700908,0.998046874999939,0.7894736842053325
medium,20000,307,Hough transform baseline,3,4,1,0.5929859895410277,0.7943548305590087,0.8026315789473684,0.0,0.75,0,2,134,14,201,16035,0.9054054053992878,0.399999999998806,0.5548654240032921,0.9868774414061897,0.38395415472669353
medium,20000,308,Hough transform baseline,4,4,0,0.8877568795430945,0.7900308641975309,0.9112149532710281,1.0,1.0,0,0,192,7,116,16069,0.9648241205981668,0.6233766233745994,0.7573964492242647,0.9924926757811894,0.6095238095218746
medium,20000,309,Hough transform baseline,1,1,0,0.9713676869430453,0.946360153256705,0.9775280898876404,1.0,1.0,0,0,77,1,125,16181,0.987179487166831,0.38118811880999415,0.5499999995941326,0.9923095703124394,0.3793103448257177
medium,20000,310,Hough transform baseline,5,11,6,0.5267291446824958,0.7396095602992154,0.511482254697286,0.18461538461538465,0.4545454545454546,3,13,246,151,386,15601,0.6196473551621672,0.38924050632849805,0.4781341103123208,0.9672241210936909,0.3141762452103267
medium,20000,311,Hough transform baseline,5,5,0,0.8096780240351669,0.8835626535626535,0.935374149659864,0.5,1.0,1,2,282,15,201,15886,0.9494949494917526,0.5838509316758098,0.723076922603501,0.9868164062499397,0.5662650602398268
medium,20000,312,Hough transform baseline,4,6,2,0.6208967457980616,0.8771464646464647,0.7975708502024291,0.0,0.6666666666666667,0,2,211,18,356,15799,0.9213973799086402,0.37213403880004914,0.5301507533576646,0.9771728515624404,0.3606837606831441
medium,20000,313,Hough transform baseline,2,2,0,0.9450021367521367,0.8901282051282051,0.9722222222222222,1.0,1.0,0,0,74,0,110,16200,0.9999999999864865,0.4021739130412926,0.5736434104391563,0.9932861328124394,0.4021739130412926
medium,20000,314,Hough transform baseline,5,5,0,0.5801764527179712,0.7345736269050761,0.7480916030534351,0.0,1.0,0,2,287,69,552,15476,0.8061797752786344,0.34207389749661254,0.4803347276143512,0.9620971679686913,0.3160792951538369
medium,20000,315,Hough transform baseline,2,3,1,0.917089788483305,0.9328399122807017,0.9032258064516129,1.0,0.6666666666666667,1,1,157,0,272,15955,0.9999999999936307,0.3659673659665129,0.535836177080298,0.9833984374999399,0.3659673659665129
medium,20000,316,Hough transform baseline,5,6,1,0.59473816713126,0.691274906600249,0.7516556291390728,0.2,0.8333333333333334,1,5,246,47,181,15910,0.8395904436831414,0.5761124121766368,0.6833333328487539,0.9860839843749398,0.518987341771057
medium,20000,317,Hough transform baseline,2,4,2,0.5391699352480095,0.80607367475292,0.4655172413793104,0.13333333333333333,0.5,1,6,118,19,134,16113,0.8613138686068518,0.46825396825211013,0.6066838041678286,0.9906616210936895,0.4354243542419357
medium,20000,318,Hough transform baseline,3,3,0,0.7573200308463467,0.7073534263007948,0.945054945054945,0.6,1.0,1,1,86,0,155,16143,0.9999999999883721,0.35684647302756495,0.5259938834011727,0.9905395507811895,0.35684647302756495
medium,20000,319,Hough transform baseline,2,2,0,0.9311014344262295,0.86875,0.9508196721311475,1.0,1.0,0,0,57,0,58,16269,0.9999999999824563,0.49565217390873345,0.6627906972235668,0.9964599609374392,0.49565217390873345
medium,20000,320,Hough transform baseline,2,2,0,0.916619092039801,0.8213425925925926,0.9850746268656716,1.0,1.0,0,0,62,0,40,16282,0.999999999983871,0.6078431372489427,0.7560975604961332,0.997558593749939,0.6078431372489427
medium,20000,321,Hough transform baseline,4,6,2,0.8848742962531547,0.857843137254902,0.9108910891089109,1.0,0.6666666666666667,0,0,199,0,183,16002,0.9999999999949749,0.5209424083755997,0.6850258171031843,0.9888305664061896,0.5209424083755997
medium,20000,322,Hough transform baseline,2,2,0,1.0,1.0,1.0,1.0,1.0,0,0,162,0,45,16177,0.9999999999938273,0.7826086956483932,0.8780487799904819,0.9972534179686892,0.7826086956483932
medium,20000,323,Hough transform baseline,2,2,0,0.9678126815713022,0.9398686371100163,0.9743589743589743,1.0,1.0,0,0,72,0,115,16197,0.9999999999861111,0.3850267379658555,0.5559845555788375,0.9929809570311894,0.3850267379658555
medium,20000,324,Hough transform baseline,5,5,0,0.9922915242652085,0.9860446570972886,0.9928571428571429,1.0,1.0,0,0,279,0,163,15942,0.9999999999964158,0.6312217194555855,0.7739251035455996,0.9900512695311895,0.6312217194555855
medium,20000,325,Hough transform baseline,5,5,0,0.9635823138440611,0.9271895152902019,0.9817351598173516,1.0,1.0,0,0,217,0,128,16039,0.9999999999953918,0.6289855072445537,0.772241992405751,0.9921874999999394,0.6289855072445537
medium,20000,326,Hough transform baseline,4,4,0,0.9616728266728266,0.9244381133270021,0.9783783783783784,1.0,1.0,1,1,162,0,184,16038,0.9999999999938273,0.4682080924841959,0.6377952751536363,0.9887695312499396,0.4682080924841959
medium,20000,327,Hough transform baseline,3,3,0,0.6757780490649467,0.8591587167976056,0.9457831325301205,0.0,1.0,0,1,168,0,326,15890,0.9999999999940477,0.3400809716592306,0.5075528697103532,0.9801025390624402,0.3400809716592306
medium,20000,328,Hough transform baseline,3,5,2,0.5388983050847458,0.7666666666666667,0.6694915254237288,0.0,0.6,0,1,211,8,159,16006,0.9634703196303038,0.570270270268729,0.7164685903623476,0.9898071289061896,0.5582010581995815
medium,20000,329,Hough transform baseline,2,2,0,0.9621281464530893,0.927536231884058,0.9736842105263158,1.0,1.0,0,0,74,0,120,16190,0.9999999999864865,0.381443298967106,0.552238805566273,0.9926757812499394,0.381443298967106
medium,20000,330,Hough transform baseline,4,3,1,0.7992975500526871,0.6491239316239317,0.910958904109589,1.0,0.75,0,0,112,24,274,15974,0.8235294117586506,0.29015544041375607,0.42911877355940165,0.98181152343744,0.2731707317066508
medium,20000,331,Hough transform baseline,1,1,0,0.8946046312178387,0.7819496855345912,0.9636363636363636,1.0,1.0,0,0,56,0,112,16216,0.999999999982143,0.33333333333134924,0.4999999996205357,0.9931640624999394,0.33333333333134924
medium,20000,332,Hough transform baseline,5,6,1,0.8744441632082329,0.9601297253471166,0.9619289340101522,0.6666666666666666,0.8333333333333334,2,3,391,2,534,15457,0.9949109414732954,0.42270270270224575,0.5933232165760106,0.9672851562499409,0.42179072276114155
medium,20000,333,Hough transform baseline,3,3,0,0.9875155279503106,0.9777777777777779,0.9875776397515528,1.0,1.0,0,0,164,0,142,16078,0.9999999999939025,0.5359477124165493,0.6978723399682029,0.9913330078124395,0.5359477124165493
medium,20000,334,Hough transform baseline,5,8,3,0.4923868421052632,0.7003333333333334,0.5736842105263158,0.0,0.625,0,9,297,56,205,15826,0.8413597733687214,0.5916334661342796,0.6947368416188228,0.9840698242186899,0.5322580645151752
medium,20000,335,Hough transform baseline,4,7,3,0.5159988761238762,0.6802417027417028,0.6208791208791209,0.1142857142857143,0.5714285714285714,1,7,268,69,375,15672,0.7952522255169281,0.4167962674954638,0.5469387750578363,0.9729003906249406,0.3764044943814938
medium,20000,336,Hough transform baseline,4,7,3,0.7248004951312522,0.9550263253449529,0.7394789579158316,0.36,0.5714285714285714,2,5,367,70,619,15328,0.8398169336365222,0.37221095334647847,0.5158116650691298,0.9579467773436915,0.34753787878754966
medium,20000,337,Hough transform baseline,1,1,0,0.9634033613445377,0.9313725490196079,0.9714285714285714,1.0,1.0,0,0,71,0,138,16175,0.9999999999859155,0.33971291865866166,0.5071428567606888,0.9915771484374395,0.33971291865866166
medium,20000,338,Hough transform baseline,5,6,1,0.6274169861146607,0.74998778998779,0.7829457364341086,0.2,0.8333333333333334,1,4,297,58,466,15563,0.8366197183075025,0.38925294888546624,0.5313059029645658,0.9680175781249409,0.36175395858664827
medium,20000,339,Hough transform baseline,3,5,2,0.477186266932433,0.7267162944582299,0.4508196721311475,0.0,0.6,0,2,143,44,213,15984,0.7647058823488518,0.40168539325729863,0.5267034986256829,0.9843139648436899,0.35749999999910625
medium,20000,340,Hough transform baseline,2,2,0,0.5973958333333333,0.78125,0.7291666666666667,0.0,1.0,0,1,62,23,62,16237,0.729411764697301,0.4999999999959677,0.5933014349184312,0.9948120117186893,0.42176870748012407
medium,20000,341,Hough transform baseline,4,7,3,0.6065805633716908,0.8603733877484223,0.6030150753768844,0.16666666666666666,0.5714285714285714,1,6,268,51,454,15611,0.8401253918468962,0.3711911357335579,0.5148895288726959,0.9691772460936908,0.3467011642945062
medium,20000,342,Hough transform baseline,5,5,0,0.7173452749014412,0.9398226395409495,0.9721254355400697,0.0,1.0,0,1,286,5,92,16001,0.9828178694124302,0.756613756611755,0.8550074733474544,0.9940795898436893,0.7467362924262487
medium,20000,343,Hough transform baseline,2,3,1,0.5562078431372549,0.9205490196078431,0.3764705882352941,0.0,0.6666666666666667,0,2,62,69,78,16175,0.4732824427444788,0.44285714285397965,0.4575645751429311,0.9910278320311895,0.2966507177019299
medium,20000,344,Hough transform baseline,5,6,1,0.8080256808078687,0.7163464419475655,0.7616822429906542,1.0,0.8333333333333334,0,0,165,33,257,15929,0.8333333333291246,0.3909952606625806,0.5322580640796775,0.98229980468744,0.36263736263656565
medium,20000,345,Hough transform baseline,3,3,0,0.9693683502507032,0.943941679235797,0.972972972972973,1.0,1.0,0,0,175,0,332,15877,0.9999999999942858,0.34516765285927975,0.5131964805554003,0.9797363281249402,0.34516765285927975
medium,20000,346,Hough transform baseline,3,5,2,0.6932630802670394,0.8287524366471735,0.8849557522123894,0.3333333333333333,0.6,1,3,108,6,146,16124,0.9473684210443213,0.4251968503920268,0.5869565213083058,0.9907226562499395,0.41538461538301774
medium,20000,347,Hough transform baseline,3,3,0,1.0,1.0,1.0,1.0,1.0,0,0,176,0,0,16208,0.9999999999943182,0.9999999999943182,0.9999999994943183,0.9999999999999389,0.9999999999943182
medium,20000,348,Hough transform baseline,2,4,2,0.5579406474820144,0.825,0.6834532374100719,0.0,0.5,0,1,125,0,46,16213,0.999999999992,0.7309941520425088,0.8445945941009632,0.9971923828124392,0.7309941520425088
medium,20000,349,Hough transform baseline,1,1,0,0.9628596149686351,0.9303482587064676,0.9710144927536232,1.0,1.0,0,0,70,0,136,16178,0.9999999999857142,0.33980582524106895,0.5072463764293216,0.9916992187499395,0.33980582524106895
medium,20000,350,Hough transform baseline,5,5,0,0.8499600687258674,0.7884541319629039,0.9757785467128027,0.8,1.0,1,1,232,0,341,15811,0.9999999999956897,0.4048865619539182,0.5763975151162378,0.9791870117186902,0.4048865619539182
medium,20000,351,Hough transform baseline,2,3,1,0.9341169795117163,0.9935897435897436,0.8516746411483254,1.0,0.6666666666666667,1,1,184,9,187,16004,0.9533678756427287,0.4959568733140271,0.652482269051035,0.9880371093749397,0.4842105263145152
medium,20000,352,Hough transform baseline,2,2,0,0.9589031492666091,0.9232456140350878,0.9672131147540983,1.0,1.0,0,0,57,0,82,16245,0.9999999999824563,0.41007194244309303,0.5816326526428052,0.9949951171874393,0.41007194244309303
medium,20000,353,Hough transform baseline,4,4,0,0.9407732447817837,0.8970588235294118,0.935483870967742,1.0,1.0,0,0,144,10,36,16194,0.9350649350588632,0.7999999999955556,0.862275448599663,0.9971923828124392,0.7578947368381164
medium,20000,354,Hough transform baseline,5,6,1,0.8988846153846154,0.8337037037037036,0.9519230769230769,1.0,0.8333333333333334,0,0,214,0,257,15913,0.9999999999953272,0.45435244161262345,0.6248175178167318,0.9843139648436899,0.45435244161262345
medium,20000,355,Hough transform baseline,4,5,1,0.5982299465240641,0.7661002178649237,0.8674242424242424,0.0,0.8,1,1,231,14,295,15844,0.9428571428532945,0.4391634980980244,0.5992217894481302,0.98114013671869,0.4277777777769856
medium,20000,356,Hough transform baseline,5,5,0,0.9607838471735953,0.9189412737799835,0.9863013698630136,1.0,1.0,1,1,218,5,2,16159,0.9775784753319392,0.9909090909045868,0.9841986450937737,0.9995727539061889,0.9688888888845828
medium,20000,357,Hough transform baseline,4,6,2,0.5282497507477567,0.7445098039215686,0.6327683615819208,0.0,0.6666666666666667,0,3,157,12,214,16001,0.9289940828347397,0.4231805929907731,0.5814814810492935,0.9862060546874398,0.4099216710172065
medium,20000,358,Hough transform baseline,3,3,0,1.0,1.0,1.0,1.0,1.0,0,0,81,0,130,16173,0.9999999999876543,0.38388625592235126,0.5547945201432493,0.9920654296874394,0.38388625592235126
medium,20000,359,Hough transform baseline,3,3,0,0.9751842751842751,0.9528619528619529,0.9819819819819819,1.0,1.0,0,0,114,0,72,16198,0.999999999991228,0.6129032258031565,0.7599999995237333,0.9956054687499392,0.6129032258031565
medium,20000,360,Hough transform baseline,5,5,0,0.8748713087248322,0.7398333333333333,0.9597315436241611,1.0,1.0,0,0,135,2,221,16026,0.9854014598468219,0.3792134831450022,0.5476673423956321,0.9863891601561897,0.3770949720659858
medium,20000,361,Hough transform baseline,1,1,0,1.0,1.0,1.0,1.0,1.0,0,0,17,0,0,16367,0.9999999999411765,0.9999999999411765,0.9999999994411766,0.9999999999999389,0.9999999999411765
medium,20000,362,Hough transform baseline,1,1,0,1.0,1.0,1.0,1.0,1.0,0,0,30,0,6,16348,0.9999999999666667,0.8333333333101852,0.9090909085674931,0.9996337890624389,0.8333333333101852
medium,20000,363,Hough transform baseline,5,6,1,0.7956918238993711,0.6333333333333333,0.8867924528301887,1.0,0.8333333333333334,1,1,144,19,195,16026,0.8834355828166661,0.4247787610606939,0.5737051788420422,0.9869384765624397,0.40223463687038485
medium,20000,364,Hough transform baseline,1,2,1,0.8315057714505579,0.8192753623188406,0.8141592920353982,1.0,0.5,0,0,95,0,190,16099,0.9999999999894736,0.33333333333216375,0.49999999962236835,0.9884033203124396,0.33333333333216375
medium,20000,365,Hough transform baseline,4,7,3,0.6833232522499436,0.8145278621427317,0.8482142857142857,0.36,0.5714285714285714,2,5,216,0,364,15804,0.9999999999953704,0.3724137931028062,0.5427135674423879,0.9777832031249403,0.3724137931028062
medium,20000,366,Hough transform baseline,4,5,1,0.8776436205359888,0.8179959244234092,0.8977272727272727,1.0,0.8,0,0,164,2,364,15854,0.9879518072229642,0.31060606060547236,0.47262247802084567,0.9776611328124403,0.3094339622635671
medium,20000,367,Hough transform baseline,1,1,0,1.0,1.0,1.0,1.0,1.0,0,0,13,0,15,16356,0.9999999999230769,0.4642857142691327,0.634146340999405,0.999084472656189,0.4642857142691327
medium,20000,368,Hough transform baseline,5,8,3,0.5127175163910972,0.7937875910098132,0.46506550218340614,0.0,0.625,0,6,289,58,346,15691,0.8328530259341993,0.45511811023550375,0.5885947042261253,0.9753417968749405,0.4170274170268153
medium,20000,369,Hough transform baseline,1,1,0,1.0,1.0,1.0,1.0,1.0,0,0,62,0,0,16322,0.999999999983871,0.999999999983871,0.9999999994838711,0.9999999999999389,0.999999999983871
medium,20000,370,Hough transform baseline,4,7,3,0.4639763870828188,0.7051985922574158,0.44747081712062253,0.0,0.5714285714285714,0,3,167,73,150,15994,0.6958333333304341,0.5268138801245211,0.599640933080113,0.9863891601561897,0.4282051282040302
medium,20000,371,Hough transform baseline,2,2,0,0.9672508445945945,0.9392361111111112,0.972972972972973,1.0,1.0,0,0,69,0,132,16183,0.9999999999855071,0.3432835820878444,0.5111111107268312,0.9919433593749394,0.3432835820878444
medium,20000,372,Hough transform baseline,4,7,3,0.7394874577281398,0.8609887445187626,0.8494983277591973,0.5,0.5714285714285714,3,6,283,0,338,15763,0.9999999999964665,0.45571658615063493,0.6261061942587787,0.9793701171874402,0.45571658615063493
medium,20000,373,Hough transform baseline,5,7,2,0.4563148319457293,0.5751046698872786,0.547112462006079,0.06666666666666667,0.7142857142857143,2,9,213,73,271,15827,0.7447552447526408,0.44008264462718993,0.5532467527783774,0.9790039062499403,0.3824057450621501
medium,20000,374,Hough transform baseline,5,8,3,0.5427375799638957,0.7176026936026936,0.6437246963562753,0.1142857142857143,0.625,1,7,384,90,595,15315,0.8101265822767719,0.3922369765062388,0.5285615962561603,0.9581909179686915,0.3592142188958286
medium,20000,375,Hough transform baseline,2,2,0,1.0,1.0,1.0,1.0,1.0,0,0,79,0,0,16305,0.9999999999873417,0.9999999999873417,0.9999999994873416,0.9999999999999389,0.9999999999873417
medium,20000,376,Hough transform baseline,1,1,0,0.9146829810901,0.8390804597701148,0.935483870967742,1.0,1.0,0,0,32,0,60,16292,0.9999999999687501,0.34782608695274103,0.5161290318668055,0.9963378906249392,0.34782608695274103
medium,20000,377,Hough transform baseline,4,4,0,0.953385404917663,0.908533223049352,0.9727272727272728,1.0,1.0,0,0,224,0,270,15890,0.9999999999955358,0.45344129554564083,0.6239554313238413,0.9835205078124399,0.45344129554564083
medium,20000,378,Hough transform baseline,2,3,1,0.420270979020979,0.45530303030303027,0.7435897435897436,0.0,0.6666666666666667,0,1,73,0,115,16196,0.9999999999863013,0.38829787233836016,0.55938697277286,0.9929809570311894,0.38829787233836016
medium,20000,379,Hough transform baseline,1,2,1,0.7285,0.65,0.6799999999999999,1.0,0.5,0,0,27,0,33,16324,0.999999999962963,0.4499999999925,0.6206896547300832,0.997985839843689,0.4499999999925
medium,20000,380,Hough transform baseline,4,4,0,0.9559912807318468,0.9133838383838384,0.9748427672955975,1.0,1.0,0,0,156,0,224,16004,0.9999999999935898,0.4105263157883934,0.5820895518239586,0.9863281249999398,0.4105263157883934
medium,20000,381,Hough transform baseline,4,7,3,0.45497371610362064,0.7390821256038647,0.3262195121951219,0.0,0.5714285714285714,0,8,177,124,119,15964,0.588039867107681,0.5979729729709529,0.5929648236186517,0.9851684570311898,0.421428571427568
medium,20000,382,Hough transform baseline,5,6,1,0.6148234923379453,0.8241786731267797,0.7530487804878049,0.039999999999999994,0.8333333333333334,1,5,267,39,477,15601,0.8725490196049916,0.35887096774145316,0.5085714281574639,0.9685058593749408,0.34099616858194
medium,20000,383,Hough transform baseline,1,1,0,1.0,1.0,1.0,1.0,1.0,0,0,17,0,0,16367,0.9999999999411765,0.9999999999411765,0.9999999994411766,0.9999999999999389,0.9999999999411765
medium,20000,384,Hough transform baseline,1,1,0,1.0,1.0,1.0,1.0,1.0,0,0,20,0,0,16364,0.99999999995,0.99999999995,0.99999999945,0.9999999999999389,0.99999999995
medium,20000,385,Hough transform baseline,1,1,0,1.0,1.0,1.0,1.0,1.0,0,0,73,0,0,16311,0.9999999999863013,0.9999999999863013,0.9999999994863014,0.9999999999999389,0.9999999999863013
medium,20000,386,Hough transform baseline,4,4,0,0.9887826508695351,0.9782135076252724,0.9929328621908127,1.0,1.0,0,0,271,0,207,15906,0.99999999999631,0.5669456066933746,0.7236315082144951,0.9873657226561897,0.5669456066933746
medium,20000,387,Hough transform baseline,2,2,0,1.0,1.0,1.0,1.0,1.0,0,0,123,0,112,16149,0.9999999999918698,0.5234042553169217,0.6871508375339251,0.9931640624999394,0.5234042553169217
medium,20000,388,Hough transform baseline,5,7,2,0.728667977492486,0.7762516418985775,0.8729641693811074,0.5333333333333333,0.7142857142857143,2,3,247,39,386,15712,0.863636363633344,0.39020537124740884,0.5375408047931837,0.9740600585936905,0.36755952380897683
medium,20000,389,Hough transform baseline,2,2,0,0.5419266917293233,0.825,0.3533834586466166,0.0,1.0,0,1,51,83,68,16182,0.3805970149225329,0.4285714285678271,0.40316205483453893,0.9907836914061895,0.2524752475235026
medium,20000,390,Hough transform baseline,5,6,1,0.7907202162464093,0.8828668091168093,0.8838174273858921,0.5333333333333333,0.8333333333333334,2,3,214,10,332,15828,0.9553571428528779,0.3919413919406741,0.5558441554301501,0.9791259765624402,0.384892086330243
medium,20000,391,Hough transform baseline,1,1,0,0.9755656108597285,0.9542483660130718,0.9807692307692307,1.0,1.0,0,0,105,0,206,16073,0.9999999999904762,0.3376205787770495,0.5048076919278731,0.9874267578124397,0.3376205787770495
medium,20000,392,Hough transform baseline,3,5,2,0.5114472573839661,0.7162962962962962,0.6455696202531646,0.0,0.6,0,1,141,0,188,16055,0.9999999999929079,0.4285714285701259,0.5999999995774469,0.9885253906249396,0.4285714285701259
medium,20000,393,Hough transform baseline,2,2,0,0.8098913043478261,0.65,0.8369565217391304,1.0,1.0,0,0,79,15,132,16158,0.8404255319059529,0.3744075829366142,0.5180327864554259,0.9910278320311895,0.3495575221223471
medium,20000,394,Hough transform baseline,2,3,1,0.601482834994463,0.8542857142857143,0.751937984496124,0.0,0.6666666666666667,0,1,119,0,50,16215,0.9999999999915966,0.704142011830153,0.8263888883982204,0.9969482421874392,0.704142011830153
medium,20000,395,Hough transform baseline,5,4,1,0.8505177496645582,0.7342836879432625,0.9504504504504504,1.0,0.8,0,0,215,0,232,15937,0.9999999999953488,0.4809843400436667,0.6495468273540083,0.9858398437499398,0.4809843400436667
medium,20000,396,Hough transform baseline,3,5,2,0.5927524122297141,0.8589052287581701,0.7312252964426877,0.0,0.6,0,3,214,11,172,15987,0.951111111106884,0.554404145076284,0.7004909978957627,0.9888305664061896,0.5390428211573324
medium,20000,397,Hough transform baseline,2,2,0,1.0,1.0,1.0,1.0,1.0,1,1,153,0,0,16231,0.9999999999934641,0.9999999999934641,0.9999999994934641,0.9999999999999389,0.9999999999934641
medium,20000,398,Hough transform baseline,5,5,0,0.7174988313259638,0.7701994231486065,0.8545454545454545,0.4,1.0,1,2,244,30,318,15792,0.8905109489018594,0.43416370106684316,0.5837320569742108,0.9787597656249403,0.41216216216146595
medium,20000,399,Hough transform baseline,4,4,0,0.8269796437659033,0.6392592592592593,0.9465648854961832,1.0,1.0,0,0,129,1,166,16088,0.9923076923000592,0.437288135591738,0.6070588231019183,0.9898071289061896,0.4358108108093385
medium,20000,400,Hough transform baseline,5,4,1,0.7814799331103679,0.5673913043478261,0.9807692307692307,1.0,0.8,0,0,222,23,249,15890,0.9061224489758934,0.4713375796168337,0.6201117313916583,0.9833984374999399,0.4493927125496976
medium,20000,401,Hough transform baseline,2,2,0,0.9787633145363408,0.9594907407407407,0.9849624060150376,1.0,1.0,0,0,118,0,146,16120,0.9999999999915254,0.4469696969680039,0.6178010466902223,0.9910888671874395,0.4469696969680039
medium,20000,402,Hough transform baseline,4,4,0,0.6318910256410256,0.823005698005698,0.8076923076923077,0.0,1.0,0,1,120,23,117,16124,0.839160839154971,0.5063291139219143,0.6315789468956925,0.9914550781249395,0.46153846153668643
medium,20000,403,Hough transform baseline,4,5,1,0.5098119604815079,0.5641237251744499,0.8797814207650273,0.0,0.8,0,2,161,10,273,15940,0.9415204678307514,0.3709677419346291,0.5322314045514049,0.98272705078119,0.36261261261179595
medium,20000,404,Hough transform baseline,5,6,1,0.6471601990049752,0.8648888888888889,0.8731343283582089,0.0,0.8333333333333334,0,1,258,0,49,16077,0.9999999999961241,0.8403908794760899,0.9132743357837138,0.9970092773436892,0.8403908794760899
medium,20000,405,Hough transform baseline,1,1,0,0.6835,0.3244444444444444,0.9375,1.0,1.0,0,0,33,0,66,16285,0.9999999999696971,0.33333333332996634,0.4999999996174242,0.9959716796874392,0.33333333332996634
medium,20000,406,Hough transform baseline,4,4,0,0.6599247440609004,0.7192933723196882,0.8478802992518704,0.26666666666666666,1.0,1,3,317,58,638,15371,0.8453333333310792,0.33193717277452156,0.47669172891767875,0.9575195312499415,0.31293188548833867
medium,20000,407,Hough transform baseline,2,2,0,0.6592578438135008,0.8321060382916052,0.9240506329113924,0.0,1.0,0,1,152,7,98,16127,0.9559748427612832,0.607999999997568,0.7432762831396991,0.9935913085936894,0.591439688713652
medium,20000,408,Hough transform baseline,1,1,0,1.0,1.0,1.0,1.0,1.0,0,0,31,0,0,16353,0.9999999999677419,0.9999999999677419,0.999999999467742,0.9999999999999389,0.9999999999677419
medium,20000,409,Hough transform baseline,1,1,0,0.9571264367816091,0.9195402298850575,0.9666666666666667,1.0,1.0,0,0,61,0,118,16205,0.9999999999836067,0.34078212290312415,0.5083333329499653,0.9927978515624394,0.34078212290312415
medium,20000,410,Hough transform baseline,3,3,0,0.7999255119021779,0.854488017429194,0.9520295202952029,0.5,1.0,1,2,266,6,378,15734,0.9779411764669929,0.4130434782602282,0.5807860257820693,0.9765624999999404,0.4092307692301397
medium,20000,411,Hough transform baseline,1,1,0,0.9422739018087856,0.8914728682170543,0.9555555555555556,1.0,1.0,0,0,46,0,88,16250,0.999999999978261,0.34328358208699045,0.5111111107249383,0.9946289062499393,0.34328358208699045
medium,20000,412,Hough transform baseline,3,4,1,0.7226214324307243,0.9365456962445997,0.7975460122699387,0.26666666666666666,0.75,1,3,133,0,126,16125,0.9999999999924812,0.5135135135115309,0.6785714281196246,0.9923095703124394,0.5135135135115309
medium,20000,413,Hough transform baseline,4,7,3,0.544640653531037,0.712723311546841,0.6552901023890785,0.14285714285714285,0.5714285714285714,1,7,215,78,380,15711,0.7337883959019325,0.36134453781451875,0.4842342337909742,0.9720458984374406,0.31946508172315086
medium,20000,414,Hough transform baseline,2,2,0,0.9612264150943396,0.9222222222222222,0.9811320754716981,1.0,1.0,0,0,108,0,62,16214,0.9999999999907407,0.6352941176433219,0.7769784167854666,0.9962158203124392,0.6352941176433219
medium,20000,415,Hough transform baseline,4,8,4,0.4421677571647116,0.6726808863353205,0.4473067915690867,0.0,0.5,0,11,222,139,397,15626,0.6149584487517591,0.35864297253576954,0.45306122402352567,0.9672851562499409,0.2928759894455239
medium,20000,416,Hough transform baseline,4,4,0,0.7754641428676511,0.8551685444340238,0.9531914893617022,0.4,1.0,1,2,236,1,451,15696,0.995780590713098,0.3435225618626732,0.5108225104399959,0.9724121093749406,0.3430232558134549
medium,20000,417,Hough transform baseline,1,1,0,1.0,1.0,1.0,1.0,1.0,0,0,19,0,36,16329,0.9999999999473684,0.3454545454482645,0.5135135131179694,0.997802734374939,0.3454545454482645
medium,20000,418,Hough transform baseline,5,5,0,0.7614062431378824,0.6739470263045988,0.9573170731707317,0.6666666666666666,1.0,3,3,315,0,288,15781,0.9999999999968254,0.5223880597006262,0.6862745093516381,0.98242187499994,0.5223880597006262
medium,20000,419,Hough transform baseline,1,1,0,1.0,1.0,1.0,1.0,1.0,0,0,61,0,0,16323,0.9999999999836067,0.9999999999836067,0.9999999994836066,0.9999999999999389,0.9999999999836067
medium,20000,420,Hough transform baseline,5,5,0,0.7992720344654509,0.7921472868217053,0.9640287769784173,0.6,1.0,2,3,270,0,407,15707,0.9999999999962963,0.398818316099854,0.5702217524950575,0.9751586914061905,0.398818316099854
medium,20000,421,Hough transform baseline,4,4,0,0.9334407216494846,0.875,0.9484536082474226,1.0,1.0,0,0,86,2,154,16142,0.9772727272616218,0.3583333333318403,0.5243902435066181,0.9904785156249395,0.3553719008249778
medium,20000,422,Hough transform baseline,1,1,0,1.0,1.0,1.0,1.0,1.0,0,0,26,0,0,16358,0.9999999999615384,0.9999999999615384,0.9999999994615385,0.9999999999999389,0.9999999999615384
medium,20000,423,Hough transform baseline,2,3,1,0.4929001501501502,0.6258641975308642,0.722972972972973,0.0,0.6666666666666667,0,1,111,13,192,16068,0.8951612903153616,0.3663366336621573,0.5199063227704425,0.9874877929686897,0.35126582278369856
medium,20000,424,Hough transform baseline,2,2,0,0.9800802908254002,0.9630801687763714,0.9834710743801653,1.0,1.0,0,0,111,0,160,16113,0.999999999990991,0.409594095939448,0.5811518320454072,0.9902343749999395,0.409594095939448
medium,20000,425,Hough transform baseline,2,3,1,0.28183608815426997,0.39,0.19834710743801653,0.0,0.6666666666666667,0,2,41,79,41,16223,0.34166666666381945,0.49999999999390243,0.40594059357308104,0.9926757812499394,0.254658385091586
medium,20000,426,Hough transform baseline,2,2,0,1.0,1.0,1.0,1.0,1.0,0,0,143,0,0,16241,0.999999999993007,0.999999999993007,0.9999999994930071,0.9999999999999389,0.999999999993007
medium,20000,427,Hough transform baseline,2,2,0,0.9227380228840208,0.8533458411507192,0.9436619718309859,1.0,1.0,0,0,73,0,138,16173,0.9999999999863013,0.345971563979403,0.51408450665669,0.9915771484374395,0.345971563979403
medium,20000,428,Hough transform baseline,3,3,0,0.7143916575868113,0.9325662566256625,0.9736842105263158,0.0,1.0,0,1,184,1,275,15924,0.9945945945892185,0.40087145969411575,0.5714285710173074,0.9831542968749399,0.39999999999913044
medium,20000,429,Hough transform baseline,4,3,1,0.7753662280701754,0.5641666666666667,0.9824561403508771,1.0,0.75,0,0,115,0,204,16065,0.9999999999913043,0.360501567396989,0.5299539166587206,0.9875488281249397,0.360501567396989
medium,20000,430,Hough transform baseline,3,3,0,1.0,1.0,1.0,1.0,1.0,0,0,111,0,106,16167,0.999999999990991,0.5115207373248317,0.6768292678407756,0.9935302734374394,0.5115207373248317
medium,20000,431,Hough transform baseline,2,2,0,0.5111867245657569,0.6197311827956989,0.6615384615384615,0.0,1.0,0,1,91,40,63,16190,0.6946564885443156,0.5909090909052539,0.6385964907268452,0.9937133789061893,0.46907216494603576
medium,20000,432,Hough transform baseline,4,4,0,0.9817585301837272,0.9629629629629631,0.9921259842519685,1.0,1.0,1,1,230,0,76,16078,0.9999999999956523,0.7516339869256483,0.8582089547307307,0.9953613281249393,0.7516339869256483
medium,20000,433,Hough transform baseline,3,5,2,0.49692199775533114,0.7267676767676768,0.5493827160493827,0.0,0.6,0,2,256,40,296,15792,0.864864864861943,0.46376811594118883,0.6037735844498041,0.9794921874999402,0.432432432431702
medium,20000,434,Hough transform baseline,1,1,0,1.0,1.0,1.0,1.0,1.0,0,0,60,0,0,16324,0.9999999999833334,0.9999999999833334,0.9999999994833335,0.9999999999999389,0.9999999999833334
medium,20000,435,Hough transform baseline,5,7,2,0.5591020408824057,0.8108561460010735,0.613941018766756,0.0,0.7142857142857143,1,4,300,40,172,15872,0.8823529411738754,0.6355932203376364,0.7389162556690285,0.9870605468749397,0.5859374999988556
medium,20000,436,Hough transform baseline,1,3,2,0.6817156862745098,0.65,0.5294117647058824,1.0,0.33333333333333337,0,0,37,0,26,16321,0.9999999999729731,0.5873015872922651,0.739999999519,0.998413085937439,0.5873015872922651
medium,20000,437,Hough transform baseline,5,6,1,0.581264986115105,0.7502246094874999,0.8016528925619835,0.0,0.8333333333333334,0,1,221,2,410,15751,0.9910313901300851,0.3502377179075274,0.5175644024232158,0.9748535156249405,0.34913112164241844
medium,20000,438,Hough transform baseline,5,6,1,0.6676394456482485,0.8790527065527065,0.9436619718309859,0.0,0.8333333333333334,0,1,360,0,458,15566,0.9999999999972222,0.44009779951046446,0.6112054325117247,0.9720458984374406,0.44009779951046446
medium,20000,439,Hough transform baseline,2,2,0,1.0,1.0,1.0,1.0,1.0,0,0,42,0,38,16304,0.9999999999761906,0.5249999999934375,0.6885245897011556,0.997680664062439,0.5249999999934375
medium,20000,440,Hough transform baseline,2,2,0,0.9634837962962962,0.9270833333333333,0.9814814814814815,1.0,1.0,0,0,110,0,66,16208,0.999999999990909,0.624999999996449,0.7692307687520172,0.9959716796874392,0.624999999996449
medium,20000,441,Hough transform baseline,2,2,0,0.9494528391500141,0.9033592503987241,0.9647058823529412,1.0,1.0,0,0,73,1,144,16166,0.9864864864731555,0.33640552995236683,0.5017182126757125,0.9911499023436895,0.33486238531956486
medium,20000,442,Hough transform baseline,3,4,1,0.5503795220166967,0.6954742547425475,0.8120805369127517,0.0,0.75,0,1,142,4,244,15994,0.9726027397193658,0.36787564766744074,0.5338345860659166,0.9848632812499398,0.3641025641016305
medium,20000,443,Hough transform baseline,4,7,3,0.5344005963102194,0.6903113157967528,0.7830882352941176,0.039999999999999994,0.5714285714285714,1,5,232,28,430,15694,0.8923076923042604,0.3504531722049087,0.5032537956894048,0.9720458984374406,0.3362318840574837
medium,20000,444,Hough transform baseline,3,3,0,0.9635841170323929,0.9292929292929293,0.9770114942528736,1.0,1.0,0,0,90,0,46,16248,0.9999999999888889,0.661764705877487,0.7964601765048164,0.9971923828124392,0.661764705877487
medium,20000,445,Hough transform baseline,5,6,1,0.7335721743672481,0.8743024887677319,0.8673469387755102,0.3333333333333333,0.8333333333333334,1,3,267,6,360,15751,0.9780219780183955,0.4258373205734835,0.5933333329093703,0.9776611328124403,0.42180094786663225
medium,20000,446,Hough transform baseline,5,9,4,0.5255835887049531,0.743246717422487,0.6778350515463918,0.0,0.5555555555555556,0,5,302,20,456,15606,0.9378881987548513,0.39841688654301,0.5592592588397118,0.9709472656249407,0.3881748071974445
medium,20000,447,Hough transform baseline,4,6,2,0.5702839787477205,0.7718283894754483,0.7814726840855106,0.0,0.6666666666666667,0,7,354,50,350,15630,0.8762376237602073,0.5028409090901949,0.6389891692105918,0.9755859374999404,0.4694960212195365
medium,20000,448,Hough transform baseline,1,1,0,0.9548006379585326,0.9151515151515152,0.9649122807017544,1.0,1.0,0,0,41,0,81,16262,0.9999999999756098,0.33606557376773716,0.503067484279875,0.9950561523436893,0.33606557376773716
medium,20000,449,Hough transform baseline,4,4,0,0.6504099462365591,0.9125,0.6989247311827957,0.0,1.0,0,1,136,53,106,16089,0.7195767195729124,0.5619834710720579,0.6310904867436115,0.9902954101561895,0.4610169491509796
medium,20000,450,Hough transform baseline,4,5,1,0.6306516416932777,0.8028436911487759,0.9468599033816425,0.0,0.8,1,0,196,5,198,15985,0.9751243781046014,0.4974619289327476,0.658823528962158,0.9876098632811897,0.49122807017420744
medium,20000,451,Hough transform baseline,4,4,0,0.9921345752037903,0.9862096138691884,0.991701244813278,1.0,1.0,0,0,234,0,190,15960,0.9999999999957265,0.5518867924515286,0.7112462001474303,0.9884033203124396,0.5518867924515286
medium,20000,452,Hough transform baseline,4,5,1,0.5888495141367585,0.7525848416289592,0.8509316770186335,0.0,0.8,0,1,123,4,364,15893,0.968503937000248,0.25256673511241773,0.4006514654686256,0.9775390624999403,0.2505091649689399
medium,20000,453,Hough transform baseline,3,4,1,0.3268136335209506,0.23076923076923078,0.7398373983739837,0.0,0.75,1,2,101,8,88,16187,0.926605504578655,0.5343915343887069,0.6778523485247736,0.9941406249999393,0.5126903553273467
medium,20000,454,Hough transform baseline,1,2,1,0.8163188405797102,0.7866666666666666,0.8115942028985508,1.0,0.5,0,0,71,0,106,16207,0.9999999999859155,0.40112994350055864,0.5725806447480164,0.9935302734374394,0.40112994350055864
medium,20000,455,Hough transform baseline,4,4,0,0.6728201219512195,0.9125,0.8109756097560976,0.0,1.0,0,1,139,28,94,16123,0.8323353293363334,0.5965665236025899,0.6949999995101375,0.9925537109374394,0.5325670498063887
medium,20000,456,Hough transform baseline,5,6,1,0.5997355203517124,0.7173967095706226,0.7178683385579938,0.2,0.8333333333333334,1,4,257,56,430,15641,0.8210862619782074,0.37409024745214836,0.5139999995689101,0.9703369140624407,0.34589502018795976
medium,20000,457,Hough transform baseline,2,3,1,0.7697322128042124,0.8947701149425287,0.8770949720670391,0.5,0.6666666666666667,1,2,180,0,100,16104,0.9999999999944446,0.642857142854847,0.7826086951724007,0.9938964843749393,0.642857142854847
medium,20000,458,Hough transform baseline,2,2,0,0.8878005952380952,0.76125,0.9761904761904762,1.0,1.0,0,0,39,0,30,16315,0.9999999999743591,0.5652173912961562,0.7222222217474279,0.998168945312439,0.5652173912961562
medium,20000,459,Hough transform baseline,5,6,1,0.6951341481823643,0.8163557754785824,0.7472035794183445,0.38,0.8333333333333334,4,10,332,68,121,15863,0.8299999999979251,0.7328918322279627,0.7784290733570806,0.9884643554686896,0.637236084451752
medium,20000,460,Hough transform baseline,3,4,1,0.5310920494373732,0.7193732193732193,0.6618705035971223,0.0,0.75,0,2,107,4,58,16215,0.9639639639552796,0.6484848484809184,0.775362318354101,0.9962158203124392,0.6331360946708099
medium,20000,461,Hough transform baseline,1,1,0,1.0,1.0,1.0,1.0,1.0,0,0,22,0,18,16344,0.9999999999545455,0.54999999998625,0.7096774188740894,0.998901367187439,0.54999999998625
medium,20000,462,Hough transform baseline,3,3,0,0.5465408805031446,0.7407407407407407,0.5660377358490566,0.0,1.0,0,1,99,62,150,16073,0.6149068322943174,0.3975903614441864,0.4829268287889708,0.9870605468749397,0.3183279742755038
medium,20000,463,Hough transform baseline,5,6,1,0.6468367650423245,0.7181796690307328,0.7516129032258064,0.36,0.8333333333333334,2,5,228,52,268,15836,0.8142857142828062,0.45967741935391193,0.5876288655166064,0.9804687499999402,0.4160583941598247
medium,20000,464,Hough transform baseline,5,5,0,0.8096073051579186,0.8647942386831275,0.9355828220858896,0.5333333333333333,1.0,2,3,298,16,279,15791,0.9490445859842388,0.5164644714029177,0.6689113351200646,0.98199462890619,0.5025295109603667
medium,20000,465,Hough transform baseline,1,1,0,0.9692547969656403,0.9423868312757202,0.9759036144578314,1.0,1.0,0,0,84,0,164,16136,0.9999999999880952,0.3387096774179891,0.5060240960044999,0.9899902343749396,0.3387096774179891
medium,20000,466,Hough transform baseline,3,3,0,0.7766818181818181,0.8481818181818181,0.975,0.4,1.0,1,1,66,0,80,16238,0.9999999999848485,0.45205479451745173,0.622641508999288,0.9951171874999393,0.45205479451745173
medium,20000,467,Hough transform baseline,3,3,0,0.8506555944055944,0.7613636363636364,0.7902097902097902,1.0,1.0,0,0,103,30,125,16126,0.7744360902197411,0.45175438596293094,0.5706371186450381,0.9905395507811895,0.399224806200003
medium,20000,468,Hough transform baseline,3,5,2,0.509157253003407,0.6430976430976432,0.7988165680473372,0.0,0.6,0,3,156,9,272,15947,0.9454545454488155,0.3644859813075596,0.5261382795291213,0.9828491210936899,0.35697940503350806
medium,20000,469,Hough transform baseline,5,7,2,0.535644117983227,0.6883557800224467,0.7722772277227723,0.0,0.7142857142857143,0,2,273,16,255,15840,0.9446366781974235,0.5170454545444753,0.668298653151923,0.9834594726561899,0.5018382352931952
medium,20000,470,Hough transform baseline,4,4,0,0.9915346430080271,0.9845679012345678,0.9923954372623575,1.0,1.0,2,2,255,0,214,15915,0.9999999999960785,0.5437100213208024,0.7044198890445004,0.9869384765624397,0.5437100213208024
medium,20000,471,Hough transform baseline,5,6,1,0.7000373999682107,0.8618303544671007,0.727735368956743,0.3333333333333333,0.8333333333333334,2,6,288,59,429,15608,0.8299711815538041,0.4016736401668038,0.541353383018092,0.9702148437499407,0.37113402061807843
medium,20000,472,Hough transform baseline,2,2,0,1.0,1.0,1.0,1.0,1.0,0,0,123,0,0,16261,0.9999999999918698,0.9999999999918698,0.9999999994918698,0.9999999999999389,0.9999999999918698
medium,20000,473,Hough transform baseline,2,3,1,0.43833333333333335,0.5,0.7333333333333334,0.0,0.6666666666666667,0,1,56,0,22,16306,0.999999999982143,0.7179487179395134,0.8358208950233905,0.998657226562439,0.7179487179395134
medium,20000,474,Hough transform baseline,4,5,1,0.6666931283460376,0.6543588665065745,0.8361581920903955,0.5,0.8,1,2,171,0,292,15921,0.9999999999941521,0.3693304535629172,0.5394321762605111,0.98217773437494,0.3693304535629172
medium,20000,475,Hough transform baseline,5,5,0,0.9812578454958568,0.9652413793103449,0.9844961240310077,1.0,1.0,3,3,260,0,222,15902,0.9999999999961539,0.5394190871358103,0.700808624879796,0.9864501953124397,0.5394190871358103
medium,20000,476,Hough transform baseline,1,1,0,1.0,1.0,1.0,1.0,1.0,0,0,98,0,0,16286,0.9999999999897958,0.9999999999897958,0.9999999994897959,0.9999999999999389,0.9999999999897958
medium,20000,477,Hough transform baseline,1,2,1,0.19340909090909092,0.11666666666666667,0.4545454545454546,0.0,0.5,0,1,35,0,34,16315,0.9999999999714286,0.5072463768042428,0.6730769226174186,0.997924804687439,0.5072463768042428
medium,20000,478,Hough transform baseline,4,4,0,0.7861144935594476,0.8473288439955106,0.8990825688073394,0.5,1.0,1,2,187,12,228,15957,0.9396984924575895,0.45060240963746845,0.6091205207325329,0.9853515624999398,0.43793911006923203
medium,20000,479,Hough transform baseline,5,5,0,0.9515151515151514,0.9009704892057833,0.9803921568627451,1.0,1.0,2,2,184,0,102,16098,0.9999999999945652,0.6433566433543939,0.7829787229244725,0.9937744140624393,0.6433566433543939
medium,20000,480,Hough transform baseline,2,2,0,0.91125,0.825,0.95,1.0,1.0,0,0,42,0,30,16312,0.9999999999761906,0.5833333333252314,0.7368421047848568,0.998168945312439,0.5833333333252314
medium,20000,481,Hough transform baseline,3,3,0,0.9812228878330923,0.966903073286052,0.9805825242718447,1.0,1.0,1,1,105,0,94,16185,0.9999999999904762,0.5276381909521225,0.6907894732274715,0.9942626953124393,0.5276381909521225
medium,20000,482,Hough transform baseline,5,5,0,0.992312462742534,0.9866514111365369,0.9915966386554622,1.0,1.0,0,0,233,0,158,15993,0.9999999999957082,0.5959079283872227,0.7467948713245346,0.9903564453124395,0.5959079283872227
medium,20000,483,Hough transform baseline,2,2,0,0.6417418032786885,0.825,0.8524590163934427,0.0,1.0,0,1,108,15,142,16119,0.8780487804806663,0.43199999999827204,0.5790884714047252,0.9904174804686895,0.40754716980978284
medium,20000,484,Hough transform baseline,2,2,0,0.5401685886564914,0.7073989071038251,0.6091954022988506,0.0,1.0,0,1,92,43,209,16040,0.6814814814764335,0.30564784053054606,0.4220183481943966,0.9846191406249398,0.2674418604643388
medium,20000,485,Hough transform baseline,4,5,1,0.7781381860299359,0.6971376811594203,0.6721311475409837,1.0,0.8,0,0,160,19,233,15972,0.8938547485983585,0.4071246819328063,0.5594405590085884,0.9846191406249398,0.3883495145621642
medium,20000,486,Hough transform baseline,2,2,0,0.9557931034482758,0.9195402298850575,0.96,1.0,1.0,0,0,52,0,60,16272,0.9999999999807693,0.46428571428156884,0.6341463410226056,0.9963378906249392,0.46428571428156884
medium,20000,487,Hough transform baseline,2,2,0,0.9735779418150239,0.950354609929078,0.9795918367346939,1.0,1.0,0,0,100,0,96,16188,0.99999999999,0.51020408163005,0.6756756752237034,0.9941406249999393,0.51020408163005
medium,20000,488,Hough transform baseline,4,4,0,0.7361217948717949,0.825,0.9076923076923077,0.3333333333333333,1.0,1,3,302,24,156,15902,0.9263803680953179,0.65938864628677,0.7704081627775146,0.9890136718749396,0.6265560165962105
medium,20000,489,Hough transform baseline,4,4,0,1.0,1.0,1.0,1.0,1.0,0,0,238,0,0,16146,0.9999999999957984,0.9999999999957984,0.9999999994957984,0.9999999999999389,0.9999999999957984
medium,20000,490,Hough transform baseline,4,4,0,1.0,1.0,1.0,1.0,1.0,0,0,202,0,0,16182,0.9999999999950495,0.9999999999950495,0.9999999994950495,0.9999999999999389,0.9999999999950495
medium,20000,491,Hough transform baseline,4,5,1,0.4806121716993364,0.5843131973836091,0.6883561643835616,0.0,0.8,0,2,247,39,384,15714,0.863636363633344,0.3914421553084129,0.5387131947713432,0.9741821289061905,0.3686567164173602
medium,20000,492,Hough transform baseline,3,3,0,0.9723856729318038,0.950408191504082,0.9735099337748344,1.0,1.0,0,0,154,0,264,15966,0.9999999999935065,0.3684210526306976,0.5384615380661646,0.9838867187499399,0.3684210526306976
medium,20000,493,Hough transform baseline,2,3,1,0.41882092198581555,0.5083333333333333,0.6170212765957447,0.0,0.6666666666666667,0,1,43,0,24,16317,0.9999999999767443,0.6417910447665404,0.7818181813277686,0.998535156249939,0.6417910447665404
medium,20000,494,Hough transform baseline,3,6,3,0.4676892697466468,0.6377943368107303,0.6534090909090908,0.0,0.5,0,2,132,1,228,16023,0.9924812030000566,0.3666666666656482,0.535496957007484,0.9860229492186898,0.365650969528073
medium,20000,495,Hough transform baseline,1,1,0,1.0,1.0,1.0,1.0,1.0,0,0,78,0,0,16306,0.9999999999871795,0.9999999999871795,0.9999999994871795,0.9999999999999389,0.9999999999871795
medium,20000,496,Hough transform baseline,3,4,1,0.5160386974988203,0.6747008547008548,0.6871165644171779,0.0,0.75,0,1,132,23,201,16028,0.8516129032203122,0.396396396395206,0.5409836061216826,0.9863281249999398,0.37078651685289105
medium,20000,497,Hough transform baseline,3,6,3,0.45902928032054247,0.706484820465403,0.4555555555555556,0.0,0.5,0,4,237,91,278,15778,0.7225609756075532,0.46019417475638796,0.5622775795944439,0.9774780273436903,0.39108910891024573
medium,20000,498,Hough transform baseline,5,5,0,0.989170596887791,0.9806502506731339,0.9893899204244032,1.0,1.0,3,3,360,2,398,15624,0.9944751381187998,0.4749340369386874,0.6428571424185012,0.9755859374999404,0.47368421052569254
medium,20000,499,Hough transform baseline,3,3,0,0.9097238895558224,0.803921568627451,0.9897959183673469,1.0,1.0,1,1,174,0,81,16129,0.9999999999942529,0.6823529411737947,0.8111888107028542,0.9950561523436893,0.6823529411737947
medium,20000,500,Hough transform baseline,5,7,2,0.6679315110968054,0.8805443519375065,0.7155756207674944,0.2285714285714286,0.7142857142857143,2,7,372,60,392,15560,0.8611111111091179,0.4869109947637606,0.6220735781328061,0.9724121093749406,0.4514563106790638
medium,20000,501,Hough transform baseline,2,3,1,0.9312676371395141,0.9798850574712643,0.8682634730538922,1.0,0.6666666666666667,0,0,149,0,238,15997,0.9999999999932887,0.38501291989564596,0.555970148850238,0.9854736328124398,0.38501291989564596
medium,20000,502,Hough transform baseline,5,9,4,0.5635037446992317,0.7257840788182784,0.7281553398058253,0.14285714285714285,0.5555555555555556,1,7,349,36,567,15432,0.906493506491152,0.38100436681181116,0.5365103762158264,0.9631958007811912,0.36659663865507713
medium,20000,503,Hough transform baseline,5,6,1,0.6259928506345683,0.8565339243651924,0.786096256684492,0.0,0.8333333333333334,0,1,291,58,417,15618,0.8338108882497599,0.41101694915196185,0.5506149475225773,0.9710083007811907,0.3798955613572064
medium,20000,504,Hough transform baseline,3,4,1,0.5778688405797101,0.7512640901771337,0.8240000000000001,0.0,0.75,0,1,120,0,205,16059,0.9999999999916667,0.36923076922963316,0.5393258423003155,0.9874877929686897,0.36923076922963316
medium,20000,505,Hough transform baseline,1,1,0,0.927124183006536,0.8627450980392158,0.9444444444444444,1.0,1.0,0,0,37,0,70,16277,0.9999999999729731,0.3457943925201328,0.5138888884999037,0.9957275390624392,0.3457943925201328
medium,20000,506,Hough transform baseline,1,1,0,0.9249350649350648,0.8585858585858585,0.9428571428571428,1.0,1.0,0,0,36,0,68,16280,0.9999999999722223,0.34615384615051775,0.5142857138963265,0.9958496093749392,0.34615384615051775
medium,20000,507,Hough transform baseline,4,4,0,0.6708910781841109,0.826631054131054,0.994535519125683,0.0,1.0,1,0,184,3,266,15931,0.9839572192460752,0.40888888888798025,0.577708005862853,0.9835815429686899,0.406181015451642
medium,20000,508,Hough transform baseline,3,3,0,0.9568696468708128,0.9148642755094367,0.9759036144578314,1.0,1.0,0,0,159,1,225,15999,0.9937499999937891,0.41406249999892175,0.5845588231120378,0.9862060546874398,0.4129870129859403
medium,20000,509,Hough transform baseline,5,7,2,0.4860259320325693,0.5103146853146854,0.9247787610619469,0.0,0.7142857142857143,3,1,203,6,390,15785,0.9712918660240608,0.34232715008373976,0.506234413578451,0.9758300781249404,0.3388981636054442
medium,20000,510,Hough transform baseline,4,5,1,0.639083538083538,0.8628282828282827,0.854054054054054,0.0,0.8,0,1,167,0,84,16133,0.999999999994012,0.665338645415676,0.7990430617173255,0.9948730468749393,0.665338645415676
medium,20000,511,Hough transform baseline,3,3,0,1.0,1.0,1.0,1.0,1.0,0,0,97,0,10,16277,0.9999999999896907,0.906542056066294,0.9509803916487408,0.9993896484374389,0.906542056066294
medium,20000,512,Hough transform baseline,1,1,0,0.9116666666666666,0.8333333333333334,0.9333333333333333,1.0,1.0,0,0,31,0,62,16291,0.9999999999677419,0.33333333332974907,0.4999999996169354,0.9962158203124392,0.33333333332974907
medium,20000,513,Hough transform baseline,1,1,0,0.902626893939394,0.7970833333333334,0.9696969696969697,1.0,1.0,0,0,67,0,134,16183,0.9999999999850746,0.333333333331675,0.4999999996212686,0.9918212890624394,0.333333333331675
medium,20000,514,Hough transform baseline,1,1,0,1.0,1.0,1.0,1.0,1.0,0,0,100,0,0,16284,0.99999999999,0.99999999999,0.99999999949,0.9999999999999389,0.99999999999
medium,20000,515,Hough transform baseline,4,4,0,0.832039616396412,0.9109971273455619,0.9854545454545455,0.5,1.0,2,1,278,0,484,15622,0.9999999999964029,0.36482939632498057,0.5346153842226479,0.9704589843749407,0.36482939632498057
medium,20000,516,Hough transform baseline,5,7,2,0.6611959567914624,0.8961797752808988,0.9324324324324325,0.0,0.7142857142857143,0,2,277,24,231,15852,0.9202657807278397,0.5452755905501078,0.684796044030424,0.9844360351561899,0.5206766917283446
medium,20000,517,Hough transform baseline,3,5,2,0.8877631578947369,0.8833333333333333,0.9013157894736842,1.0,0.6,0,0,157,0,23,16204,0.9999999999936307,0.8722222222173766,0.931750741336562,0.998596191406189,0.8722222222173766
medium,20000,518,Hough transform baseline,3,3,0,0.9527101163233123,0.9067949109026666,0.9732620320855615,1.0,1.0,0,0,185,0,348,15851,0.9999999999945947,0.34709193245713493,0.5153203338778601,0.9787597656249403,0.34709193245713493
medium,20000,519,Hough transform baseline,2,2,0,1.0,1.0,1.0,1.0,1.0,0,0,85,0,116,16183,0.9999999999882353,0.4228855721371996,0.5944055939836911,0.9929199218749394,0.4228855721371996
medium,20000,520,Hough transform baseline,1,1,0,1.0,1.0,1.0,1.0,1.0,0,0,104,0,0,16280,0.9999999999903846,0.9999999999903846,0.9999999994903845,0.9999999999999389,0.9999999999903846
medium,20000,521,Hough transform baseline,5,8,3,0.5891788751017438,0.7703678310375497,0.7214953271028037,0.14285714285714285,0.625,1,7,443,79,743,15119,0.8486590038297919,0.3735244519389768,0.5187353625726173,0.949829101562442,0.35019762845822117
medium,20000,522,Hough transform baseline,2,3,1,0.8700633583021224,0.8439679567207659,0.8680555555555556,1.0,0.6666666666666667,0,0,131,0,258,15995,0.9999999999923664,0.33676092544900577,0.5038461534673003,0.9842529296874399,0.33676092544900577
medium,20000,523,Hough transform baseline,3,4,1,0.6044591567852438,0.7334782608695652,0.49696969696969695,0.4,0.75,1,2,92,75,160,16057,0.5508982035895156,0.3650793650779164,0.43914081097432806,0.9856567382811898,0.2813455657483751
medium,20000,524,Hough transform baseline,3,3,0,1.0,1.0,1.0,1.0,1.0,0,0,128,0,0,16256,0.9999999999921876,0.9999999999921876,0.9999999994921875,0.9999999999999389,0.9999999999921876
medium,20000,525,Hough transform baseline,3,3,0,0.6392594178082192,0.8407153729071537,0.8046875,0.0,1.0,0,2,215,42,298,15829,0.8365758754831262,0.41910331383933896,0.5584415579953753,0.9792480468749402,0.3873873873866894
medium,20000,526,Hough transform baseline,2,2,0,0.979039408866995,0.9597701149425287,0.9857142857142858,1.0,1.0,0,0,142,0,118,16124,0.9999999999929579,0.5461538461517456,0.706467661231108,0.9927978515624394,0.5461538461517456
medium,20000,527,Hough transform baseline,2,2,0,0.5905919162129462,0.712171052631579,0.8505747126436781,0.0,1.0,0,1,66,10,115,16193,0.8684210526201523,0.364640883975886,0.5136186766222653,0.9923706054686894,0.34554973821808616
medium,20000,528,Hough transform baseline,5,10,5,0.5113138255858218,0.7332813466962402,0.539039039039039,0.09411764705882353,0.5,2,17,427,154,518,15285,0.7349397590348796,0.4518518518513737,0.5596330270506511,0.9589843749999415,0.38853503184678023
medium,20000,529,Hough transform baseline,4,6,2,0.542854279431884,0.7576655945047158,0.6761904761904762,0.0,0.6666666666666667,0,3,275,16,318,15775,0.9450171821273368,0.46374367622181495,0.622171945258305,0.9796142578124402,0.45155993431781355
medium,20000,530,Hough transform baseline,5,9,4,0.5263078394791533,0.7869329786483783,0.5831622176591376,0.0,0.5555555555555556,0,4,290,104,425,15565,0.7360406091351878,0.40559440559383836,0.5229936875481611,0.9677124023436909,0.35409035408992173
medium,20000,531,Hough transform baseline,3,5,2,0.46310966705607476,0.6071180555555555,0.6495327102803738,0.0,0.6,0,3,162,30,225,15967,0.8437499999956055,0.41860465116170903,0.5595854917827593,0.9844360351561899,0.3884892086321619
medium,20000,532,Hough transform baseline,2,2,0,0.8987068965517242,0.8055555555555556,0.9310344827586207,1.0,1.0,0,0,60,0,112,16212,0.9999999999833334,0.3488372093002975,0.5172413789224138,0.9931640624999394,0.3488372093002975
medium,20000,533,Hough transform baseline,2,2,0,0.9,0.7916666666666667,0.96875,1.0,1.0,0,0,52,0,98,16234,0.9999999999807693,0.3466666666643556,0.5148514847611019,0.9940185546874393,0.3466666666643556
medium,20000,534,Hough transform baseline,4,4,0,0.6642032424512677,0.894503546099291,0.8083832335329342,0.0,1.0,0,1,130,26,151,16077,0.8333333333279915,0.46263345195564903,0.5949656745953952,0.9891967773436896,0.4234527687282624
medium,20000,535,Hough transform baseline,3,3,0,0.7842122990004345,0.8170819450480468,0.9576271186440678,0.5,1.0,2,1,115,0,198,16071,0.9999999999913043,0.36741214057390603,0.5373831771745894,0.9879150390624397,0.36741214057390603
medium,20000,536,Hough transform baseline,4,9,5,0.6235841300119506,0.8934143329337838,0.5855161787365177,0.23999999999999996,0.4444444444444444,4,15,461,106,511,15306,0.8130511463830458,0.47427983539045854,0.5990903179224114,0.9623413085936913,0.4276437847862452
medium,20000,537,Hough transform baseline,4,4,0,0.9691684210526316,0.9385964912280702,0.984,1.0,1.0,0,0,129,0,40,16215,0.9999999999922481,0.763313609462939,0.865771811583735,0.997558593749939,0.763313609462939
medium,20000,538,Hough transform baseline,1,1,0,0.6931241830065359,0.34274509803921555,0.9444444444444444,1.0,1.0,0,0,15,0,26,16343,0.9999999999333333,0.36585365852766216,0.5357142853029336,0.998413085937439,0.36585365852766216
medium,20000,539,Hough transform baseline,2,2,0,0.9806159420289855,0.9661835748792271,0.9791666666666666,1.0,1.0,0,0,98,0,140,16146,0.9999999999897958,0.41176470588062286,0.5833333329166667,0.9914550781249395,0.41176470588062286
medium,20000,540,Hough transform baseline,2,2,0,0.9450000000000001,0.8962962962962964,0.9583333333333334,1.0,1.0,0,0,98,0,188,16098,0.9999999999897958,0.34265734265614456,0.5104166662838541,0.9885253906249396,0.34265734265614456
medium,20000,541,Hough transform baseline,2,2,0,1.0,1.0,1.0,1.0,1.0,0,0,138,0,0,16246,0.9999999999927537,0.9999999999927537,0.9999999994927538,0.9999999999999389,0.9999999999927537
medium,20000,542,Hough transform baseline,3,3,0,0.9472297828585254,0.8933782267115601,0.9760479041916168,1.0,1.0,0,0,170,0,194,16020,0.9999999999941177,0.467032967031684,0.6367041194137945,0.9881591796874397,0.467032967031684
medium,20000,543,Hough transform baseline,5,6,1,0.6227351827530856,0.7682403460579078,0.8018018018018018,0.13333333333333333,0.8333333333333334,1,3,202,9,165,16008,0.9573459715594439,0.5504087193445493,0.6989619372502663,0.9893798828124396,0.5372340425517627
medium,20000,544,Hough transform baseline,3,5,2,0.7667181411459085,0.9769888231426693,0.9186991869918699,0.3333333333333333,0.6,1,3,116,0,175,16093,0.9999999999913792,0.3986254295518948,0.5700245696142083,0.9893188476561896,0.3986254295518948
medium,20000,545,Hough transform baseline,5,6,1,0.5362513221763385,0.7641860465116279,0.5451713395638629,0.0,0.8333333333333334,1,1,190,114,80,16000,0.6249999999979441,0.7037037037010975,0.6620209054227925,0.9881591796874397,0.49479166666537816
medium,20000,546,Hough transform baseline,2,2,0,0.9652264150943396,0.9311111111111111,0.9811320754716981,1.0,1.0,0,0,100,2,79,16203,0.9803921568531334,0.558659217873974,0.7117437717744709,0.9950561523436893,0.5524861878422515
medium,20000,547,Hough transform baseline,2,2,0,0.5646296656099805,0.6825541125541125,0.7874015748031495,0.0,1.0,0,1,97,21,142,16124,0.8220338982981183,0.4058577405840759,0.543417366501173,0.9900512695311895,0.3730769230754882
medium,20000,548,Hough transform baseline,3,5,2,0.8888144698902993,0.9134265734265734,0.8388625592417062,1.0,0.6,0,0,216,0,294,15874,0.9999999999953704,0.42352941176387543,0.5950413218944061,0.98205566406244,0.42352941176387543
medium,20000,549,Hough transform baseline,1,1,0,1.0,1.0,1.0,1.0,1.0,0,0,74,0,0,16310,0.9999999999864865,0.9999999999864865,0.9999999994864865,0.9999999999999389,0.9999999999864865
medium,20000,550,Hough transform baseline,3,3,0,0.7115885478158205,0.8143526170798897,0.8506493506493507,0.3,1.0,1,2,117,14,45,16208,0.8931297709855487,0.7222222222177641,0.7986348117868349,0.9963989257811892,0.6647727272689502
medium,20000,551,Hough transform baseline,5,7,2,0.7815608999355735,0.8409090909090909,0.9086161879895561,0.6,0.7142857142857143,1,1,348,26,296,15714,0.930481283419972,0.5403726708066143,0.6836935162332397,0.9803466796874402,0.5194029850738516
medium,20000,552,Hough transform baseline,1,1,0,0.8465277777777778,0.7083333333333334,0.8888888888888888,1.0,1.0,0,0,19,0,34,16331,0.9999999999473684,0.3584905660309719,0.5277777773746142,0.997924804687439,0.3584905660309719
medium,20000,553,Hough transform baseline,5,5,0,0.6706711133069829,0.8324677938808374,0.7303030303030302,0.2,1.0,1,5,241,57,319,15767,0.8087248322120513,0.4303571428563744,0.561771561316875,0.9770507812499404,0.39059967585025834
medium,20000,554,Hough transform baseline,3,3,0,0.9669248433562543,0.9361614876515797,0.9782608695652174,1.0,1.0,0,0,203,0,397,15784,0.9999999999950739,0.33833333333276944,0.5056039846769942,0.9757690429686904,0.33833333333276944
medium,20000,555,Hough transform baseline,4,4,0,0.9486190363087055,0.8968850876016414,0.975103734439834,1.0,1.0,0,0,245,0,380,15759,0.9999999999959184,0.3919999999993728,0.5632183903986919,0.9768066406249404,0.3919999999993728
medium,20000,556,Hough transform baseline,2,3,1,0.784668818747011,0.7343137254901961,0.6878048780487804,1.0,0.6666666666666667,0,0,162,29,94,16099,0.848167539262575,0.6328124999975281,0.7248322142724302,0.9924926757811894,0.5684210526295845
medium,20000,557,Hough transform baseline,3,3,0,0.8915021302495435,0.7811158449989857,0.95,1.0,1.0,0,0,123,0,208,16053,0.9999999999918698,0.37160120845809186,0.5418502198668806,0.9873046874999397,0.37160120845809186
medium,20000,558,Hough transform baseline,3,3,0,0.9282330097087379,0.8577777777777779,0.9611650485436893,1.0,1.0,0,0,106,0,132,16146,0.999999999990566,0.4453781512586329,0.6162790693374798,0.9919433593749394,0.4453781512586329
medium,20000,559,Hough transform baseline,2,3,1,0.49130594779632,0.6238596491228069,0.7195121951219512,0.0,0.6666666666666667,0,1,79,1,108,16196,0.9874999999876563,0.42245989304586923,0.5917602992013354,0.9933471679686894,0.4202127659552117
medium,20000,560,Hough transform baseline,3,5,2,0.5801748776009792,0.8633515798540278,0.6583333333333333,0.0,0.6,0,1,172,44,329,15839,0.7962962962926098,0.34331337325280775,0.47977684755534555,0.9772338867186904,0.3155963302746503
medium,20000,561,Hough transform baseline,3,3,0,0.9251979282278949,0.8505446623093682,0.9622641509433962,1.0,1.0,0,0,109,0,102,16173,0.9999999999908257,0.5165876777226702,0.681249999546543,0.9937744140624393,0.5165876777226702
medium,20000,562,Hough transform baseline,2,2,0,0.9324956293706294,0.8701923076923076,0.9545454545454546,1.0,1.0,0,0,82,1,149,16152,0.9879518072170126,0.3549783549768183,0.5222929932383261,0.9908447265624395,0.3534482758605455
medium,20000,563,Hough transform baseline,4,5,1,0.6157426188866353,0.8687000726216413,0.7241379310344828,0.0,0.8,0,1,250,49,349,15736,0.8361204013349963,0.4173622704500545,0.5567928726057881,0.9757080078124404,0.3858024691352071
medium,20000,564,Hough transform baseline,2,4,2,0.3850412087912088,0.5318376068376068,0.47857142857142854,0.0,0.5,0,2,105,28,114,16137,0.7894736842045905,0.4794520547923313,0.5965909086173651,0.9913330078124395,0.42510121457317773
medium,20000,565,Hough transform baseline,4,5,1,0.7324634995507637,0.9020502645502645,0.7327044025157232,0.4,0.8,2,4,238,65,232,15849,0.7854785478521932,0.5063829787223268,0.615782664463529,0.98187255859369,0.44485981308328065
medium,20000,566,Hough transform baseline,2,3,1,0.8898395341802783,0.8947701149425287,0.8526315789473684,1.0,0.6666666666666667,0,0,98,0,109,16177,0.9999999999897958,0.4734299516885342,0.6426229503793174,0.9933471679686894,0.4734299516885342
medium,20000,567,Hough transform baseline,2,2,0,0.968329637841833,0.943089430894309,0.9696969696969697,1.0,1.0,0,0,68,0,84,16232,0.9999999999852941,0.4473684210496884,0.6181818177490909,0.9948730468749393,0.4473684210496884
medium,20000,568,Hough transform baseline,2,2,0,1.0,1.0,1.0,1.0,1.0,0,0,121,0,0,16263,0.9999999999917355,0.9999999999917355,0.9999999994917355,0.9999999999999389,0.9999999999917355
medium,20000,569,Hough transform baseline,3,6,3,0.2637778280179257,0.22763915962746373,0.5567010309278351,0.0,0.5,1,7,106,45,181,16052,0.7019867549622385,0.36933797909278976,0.48401826438617834,0.9862060546874398,0.3192771084327733
medium,20000,570,Hough transform baseline,4,6,2,0.5608641848347731,0.7178748266983561,0.8557692307692308,0.0,0.6666666666666667,0,1,292,0,374,15718,0.9999999999965754,0.43843843843778013,0.6096033398672077,0.9771728515624404,0.43843843843778013
medium,20000,571,Hough transform baseline,1,1,0,0.9696283391405343,0.943089430894309,0.9761904761904762,1.0,1.0,0,0,85,0,170,16129,0.9999999999882353,0.33333333333202614,0.49999999962205877,0.9896240234374396,0.33333333333202614
medium,20000,572,Hough transform baseline,5,7,2,0.701995586597722,0.8217393365414675,0.803921568627451,0.4,0.7142857142857143,1,2,293,9,428,15654,0.9701986754934762,0.4063800277386874,0.5728250240206856,0.9733276367186906,0.4013698630131488
medium,20000,573,Hough transform baseline,3,3,0,0.9446860808090266,0.8938516680452165,0.9622641509433962,1.0,1.0,0,0,107,0,187,16090,0.9999999999906541,0.36394557823005463,0.5336658350175434,0.9885864257811896,0.36394557823005463
medium,20000,574,Hough transform baseline,1,1,0,0.931140350877193,0.8703703703703705,0.9473684210526316,1.0,1.0,0,0,39,0,74,16271,0.9999999999743591,0.34513274335977756,0.5131578943485976,0.9954833984374392,0.34513274335977756
medium,20000,575,Hough transform baseline,3,4,1,0.5663191865605659,0.6984615384615386,0.8850574712643678,0.0,0.75,0,1,174,0,209,16001,0.9999999999942529,0.4543080939935919,0.6247755830510976,0.9872436523436897,0.4543080939935919
medium,20000,576,Hough transform baseline,5,6,1,0.660847061466096,0.8226470588235295,0.6199460916442048,0.3333333333333333,0.8333333333333334,1,3,230,87,299,15768,0.7255520504708973,0.43478260869483026,0.5437352241164009,0.9764404296874404,0.37337662337601724
medium,20000,577,Hough transform baseline,3,5,2,0.8840517241379311,0.8833333333333333,0.8827586206896552,1.0,0.6,0,0,150,0,27,16207,0.9999999999933334,0.8474576271138562,0.9174311921583481,0.998352050781189,0.8474576271138562
medium,20000,578,Hough transform baseline,3,3,0,0.9655652173913044,0.9323671497584541,0.98,1.0,1.0,0,0,103,0,52,16229,0.9999999999902912,0.6645161290279709,0.7984496119172224,0.9968261718749392,0.6645161290279709
medium,20000,579,Hough transform baseline,1,1,0,0.9116666666666666,0.8333333333333334,0.9333333333333333,1.0,1.0,0,0,31,0,58,16295,0.9999999999677419,0.34831460673765935,0.516666666274861,0.9964599609374392,0.34831460673765935
medium,20000,580,Hough transform baseline,5,7,2,0.47293156182391854,0.5123005521330294,0.8548387096774194,0.0,0.7142857142857143,2,0,160,37,317,15870,0.8121827411126286,0.33542976939133035,0.47477744765609886,0.9783935546874403,0.3112840466920014
medium,20000,581,Hough transform baseline,2,2,0,0.9183730650154799,0.8290643274853802,0.9764705882352941,1.0,1.0,0,0,87,0,120,16177,0.9999999999885058,0.4202898550704334,0.5918367342731501,0.9926757812499394,0.4202898550704334
medium,20000,582,Hough transform baseline,1,1,0,1.0,1.0,1.0,1.0,1.0,0,0,50,0,0,16334,0.9999999999800001,0.9999999999800001,0.9999999994800002,0.9999999999999389,0.9999999999800001
medium,20000,583,Hough transform baseline,2,2,0,0.981923076923077,0.9666666666666668,0.9846153846153847,1.0,1.0,0,0,132,0,142,16110,0.9999999999924243,0.48175182481576007,0.6502463049766798,0.9913330078124395,0.48175182481576007
medium,20000,584,Hough transform baseline,4,4,0,0.9902020202020202,0.9827160493827161,0.98989898989899,1.0,1.0,1,1,174,0,276,15934,0.9999999999942529,0.3866666666658074,0.5576923072883382,0.9831542968749399,0.3866666666658074
medium,20000,585,Hough transform baseline,3,6,3,0.8225375893067436,0.8778032375612498,0.6376306620209059,1.0,0.5,0,0,237,0,382,15765,0.9999999999957806,0.38287560581521346,0.5537383173552903,0.9766845703124404,0.38287560581521346
medium,20000,586,Hough transform baseline,3,3,0,0.9785714285714286,0.9634920634920636,0.975,1.0,1.0,1,1,191,1,299,15893,0.9947916666614856,0.3897959183665514,0.560117301646606,0.98168945312494,0.38900203665908556
medium,20000,587,Hough transform baseline,1,1,0,0.8326367249602543,0.6641176470588235,0.9189189189189189,1.0,1.0,0,0,33,0,81,16270,0.9999999999696971,0.2894736842079871,0.44897959148243793,0.9950561523436893,0.2894736842079871
medium,20000,588,Hough transform baseline,1,1,0,1.0,1.0,1.0,1.0,1.0,0,0,48,0,0,16336,0.9999999999791668,0.9999999999791668,0.9999999994791668,0.9999999999999389,0.9999999999791668
medium,20000,589,Hough transform baseline,1,1,0,0.9726220016542597,0.9487179487179487,0.978494623655914,1.0,1.0,0,0,94,0,184,16106,0.9999999999893616,0.3381294964016614,0.5053763437056307,0.9887695312499396,0.3381294964016614
medium,20000,590,Hough transform baseline,3,4,1,0.6012648499041942,0.7827530575071558,0.8701298701298701,0.0,0.75,0,1,215,19,407,15743,0.9188034187994923,0.34565916398658253,0.5023364481996844,0.9739990234374405,0.3354134165361382
medium,20000,591,Hough transform baseline,1,1,0,0.9011851851851852,0.8133333333333332,0.9259259259259259,1.0,1.0,0,0,28,0,52,16304,0.9999999999642857,0.349999999995625,0.5185185181248285,0.9968261718749392,0.349999999995625
medium,20000,592,Hough transform baseline,4,7,3,0.5118383102134725,0.7119268774703558,0.6716417910447761,0.0,0.5714285714285714,0,5,171,20,253,15940,0.8952879581104959,0.40330188679150164,0.5560975605455695,0.9833374023436899,0.3851351351342677
medium,20000,593,Hough transform baseline,5,7,2,0.7548680369656217,0.8110952524340058,0.8422330097087378,0.6,0.7142857142857143,4,6,403,10,509,15462,0.9757869249371046,0.44188596491179616,0.6083018863624498,0.9683227539061908,0.43709327548759536
medium,20000,594,Hough transform baseline,1,1,0,0.9146829810901,0.8390804597701148,0.935483870967742,1.0,1.0,0,0,32,0,64,16288,0.9999999999687501,0.3333333333298611,0.4999999996171875,0.9960937499999392,0.3333333333298611
medium,20000,595,Hough transform baseline,5,7,2,0.7744535919371851,0.9239130434782609,0.8113207547169812,0.5,0.7142857142857143,1,2,229,22,123,16010,0.912350597605927,0.6505681818163336,0.7595356545695513,0.9911499023436895,0.6122994652390046
medium,20000,596,Hough transform baseline,3,4,1,0.9445000000000001,0.961111111111111,0.935,1.0,0.75,0,0,204,0,74,16106,0.9999999999950981,0.7338129496376482,0.8464730285539162,0.9954833984374392,0.7338129496376482
medium,20000,597,Hough transform baseline,2,2,0,0.9534507640067912,0.9059139784946236,0.9789473684210527,1.0,1.0,0,0,79,0,152,16153,0.9999999999873417,0.34199134198986153,0.5096774189717586,0.9907226562499395,0.34199134198986153
medium,20000,598,Hough transform baseline,2,2,0,0.9752978978978979,0.954716049382716,0.9783783783783784,1.0,1.0,1,1,147,1,265,15971,0.9932432432365322,0.35679611650398835,0.5249999996092474,0.9837646484374399,0.3559322033889687
medium,20000,599,Hough transform baseline,5,5,0,0.5586416083916084,0.7177272727272727,0.6783216783216783,0.0,1.0,0,3,199,76,164,15945,0.7236363636337323,0.5482093663896743,0.6238244509182153,0.9853515624999398,0.45330296127459385
medium,20000,600,Hough transform baseline,2,3,1,0.8559190590111643,0.7942982456140351,0.9090909090909091,1.0,0.6666666666666667,0,0,113,0,176,16095,0.9999999999911504,0.39100346020625953,0.5621890543194104,0.9892578124999396,0.39100346020625953
medium,20000,601,Hough transform baseline,4,5,1,0.584108045212766,0.7892708333333334,0.7446808510638299,0.0,0.8,0,2,287,31,256,15810,0.9025157232676022,0.5285451197043673,0.6666666661992632,0.98248291015619,0.4999999999991289
medium,20000,602,Hough transform baseline,4,4,0,0.9916532563422945,0.9846491228070174,0.9928057553956835,1.0,1.0,1,1,281,0,152,15951,0.9999999999964413,0.6489607390285244,0.7871148454588306,0.9907226562499395,0.6489607390285244
medium,20000,603,Hough transform baseline,4,7,3,0.37780673674151943,0.4081419546636938,0.56,0.09999999999999999,0.5714285714285714,1,6,186,81,287,15830,0.696629213480537,0.39323467230360837,0.5027027022400912,0.9775390624999403,0.33574007220156005
medium,20000,604,Hough transform baseline,4,6,2,0.623699951138489,0.7929942463686096,0.7509293680297398,0.2,0.6666666666666667,1,5,219,51,256,15858,0.8111111111081071,0.46105263157797677,0.5879194626235287,0.98126220703119,0.41634980988514003
medium,20000,605,Hough transform baseline,5,7,2,0.622792502475165,0.7871631292683925,0.673202614379085,0.25,0.7142857142857143,1,4,196,101,434,15653,0.6599326599304379,0.3111111111106173,0.4228694709767691,0.9673461914061909,0.2681258549927933
medium,20000,606,Hough transform baseline,3,3,0,0.915902800810761,0.8330178326474623,0.9552238805970149,1.0,1.0,0,0,137,0,262,15985,0.9999999999927008,0.3433583959891144,0.5111940294683045,0.9840087890624399,0.3433583959891144
medium,20000,607,Hough transform baseline,4,4,0,1.0,1.0,1.0,1.0,1.0,1,1,177,0,35,16172,0.9999999999943503,0.8349056603734203,0.9100257064402428,0.997863769531189,0.8349056603734203
medium,20000,608,Hough transform baseline,4,4,0,0.6126282290694055,0.7347058823529412,0.91005291005291,0.0,1.0,1,1,173,13,152,16046,0.9301075268767199,0.5323076923060545,0.6771037177339547,0.9899291992186896,0.5118343195251129
medium,20000,609,Hough transform baseline,4,4,0,1.0,1.0,1.0,1.0,1.0,0,0,156,0,0,16228,0.9999999999935898,0.9999999999935898,0.9999999994935898,0.9999999999999389,0.9999999999935898
medium,20000,610,Hough transform baseline,5,7,2,0.9102178400137033,0.894351851851852,0.9316546762589928,1.0,0.7142857142857143,0,0,284,1,202,15897,0.996491228066679,0.5843621399164931,0.7367055767045746,0.9876098632811897,0.5831622176579402
medium,20000,611,Hough transform baseline,2,2,0,0.9274784482758621,0.8541666666666667,0.9655172413793104,1.0,1.0,0,0,60,0,34,16290,0.9999999999833334,0.6382978723336351,0.7792207787350311,0.997924804687439,0.6382978723336351
medium,20000,612,Hough transform baseline,3,3,0,0.9041266993875691,0.8158082497212933,0.935064935064935,1.0,1.0,0,0,69,1,154,16160,0.985714285700204,0.3094170403573569,0.4709897607252734,0.9905395507811895,0.3080357142843391
medium,20000,613,Hough transform baseline,2,2,0,0.9474789915966386,0.896358543417367,0.9705882352941176,1.0,1.0,0,0,107,2,216,16059,0.981651376137783,0.33126934984417566,0.4953703699907729,0.9866943359374397,0.32923076922975625
medium,20000,614,Hough transform baseline,1,1,0,0.956378233719893,0.9181286549707602,0.9661016949152542,1.0,1.0,0,0,60,0,116,16208,0.9999999999833334,0.34090909090715393,0.5084745758876759,0.9929199218749394,0.34090909090715393
medium,20000,615,Hough transform baseline,5,9,4,0.41205179615705934,0.6493567251461988,0.3214285714285714,0.0,0.5555555555555556,0,7,161,171,177,15875,0.48493975903468395,0.4763313609453363,0.4805970144239787,0.9787597656249403,0.31630648329996797
medium,20000,616,Hough transform baseline,5,5,0,0.760369008714597,0.7781862745098039,0.9259259259259259,0.5,1.0,1,2,143,4,120,16117,0.972789115639641,0.5437262357393775,0.6975609751463772,0.9924316406249394,0.5355805243425634
medium,20000,617,Hough transform baseline,2,2,0,0.9364302749719416,0.8806818181818181,0.9506172839506173,1.0,1.0,0,0,71,2,190,16121,0.9726027397127041,0.2720306513399539,0.42514970025467025,0.9882812499999396,0.2699619771852853
medium,20000,618,Hough transform baseline,5,8,3,0.5289815551008477,0.6907878787878787,0.7781350482315113,0.0,0.625,0,1,294,4,259,15827,0.986577181204743,0.5316455696192918,0.6909518209298745,0.9839477539061899,0.5278276481139537
medium,20000,619,Hough transform baseline,3,6,3,0.4493620689655173,0.6874712643678161,0.44999999999999996,0.0,0.5,0,3,170,83,208,15923,0.6719367588906248,0.44973544973426,0.5388272578380404,0.98223876953119,0.3687635574829311
medium,20000,620,Hough transform baseline,4,6,2,0.6908524846566718,0.8800992933723197,0.8192771084337349,0.2571428571428571,0.6666666666666667,3,7,211,28,310,15835,0.8828451882808249,0.4049904030702399,0.5552631574621156,0.9793701171874402,0.3843351548262581
medium,20000,621,Hough transform baseline,3,4,1,0.7160849056603773,0.7611111111111112,0.8679245283018868,0.5,0.75,1,2,154,0,170,16060,0.9999999999935065,0.47530864197384165,0.6443514639956933,0.9896240234374396,0.47530864197384165
medium,20000,622,Hough transform baseline,4,4,0,0.6628310786072565,0.8249067599067599,0.9581151832460733,0.0,1.0,0,1,187,1,189,16007,0.994680851058539,0.4973404255305922,0.6631205669290906,0.9884033203124396,0.4960212201578355
medium,20000,623,Hough transform baseline,2,4,2,0.7687426108374384,0.8183333333333334,0.5024630541871922,1.0,0.5,0,0,117,65,241,15961,0.6428571428536107,0.3268156424571877,0.4333333328848423,0.98132324218744,0.27659574468019715
medium,20000,624,Hough transform baseline,3,4,1,0.9454441340782123,0.9566666666666667,0.9497206703910615,1.0,0.75,0,0,182,1,98,16103,0.9945355191202485,0.6499999999976785,0.7861771053500832,0.9939575195311893,0.6476868327379086
medium,20000,625,Hough transform baseline,3,4,1,0.48751809954751135,0.5768376068376069,0.7647058823529411,0.0,0.75,0,1,122,18,138,16106,0.871428571422347,0.4692307692289645,0.60999999954195,0.9904785156249395,0.4388489208617308
medium,20000,626,Hough transform baseline,4,4,0,0.8515866388928452,0.8927259887005651,0.9159663865546218,0.6666666666666666,1.0,2,3,226,13,248,15897,0.945606694556713,0.4767932489441418,0.6339410935216822,0.9840698242186899,0.46406570841793826
medium,20000,627,Hough transform baseline,2,3,1,0.3937792443064182,0.40945652173913044,0.7142857142857143,0.0,0.6666666666666667,0,1,39,1,55,16289,0.974999999975625,0.41489361701686284,0.5820895518113165,0.9965820312499392,0.41052631578515236
medium,20000,628,Hough transform baseline,4,4,0,0.9471658578663499,0.8947673553803208,0.9726027397260274,1.0,1.0,1,1,222,0,302,15860,0.9999999999954955,0.42366412213659604,0.5951742623149306,0.98156738281244,0.42366412213659604
medium,20000,629,Hough transform baseline,2,2,0,1.0,1.0,1.0,1.0,1.0,0,0,140,0,0,16244,0.9999999999928573,0.9999999999928573,0.9999999994928572,0.9999999999999389,0.9999999999928573
medium,20000,630,Hough transform baseline,4,4,0,0.9464290404893242,0.8928581852143712,0.9732142857142857,1.0,1.0,1,1,213,2,268,15901,0.9906976744139968,0.4428274428265222,0.6120689650885148,0.9835205078124399,0.44099378881896273
medium,20000,631,Hough transform baseline,5,6,1,0.8169453781512604,0.9548677248677248,0.8529411764705882,0.5333333333333333,0.8333333333333334,2,3,213,25,407,15739,0.894957983189517,0.3435483870962201,0.4965034961014502,0.9736328124999406,0.3302325581390229
medium,20000,632,Hough transform baseline,1,1,0,1.0,1.0,1.0,1.0,1.0,0,0,76,0,0,16308,0.9999999999868421,0.9999999999868421,0.999999999486842,0.9999999999999389,0.9999999999868421
medium,20000,633,Hough transform baseline,5,5,0,0.929294305940037,0.8813229866718238,0.9134948096885813,1.0,1.0,0,0,269,0,367,15748,0.9999999999962825,0.4229559748421023,0.5944751377024583,0.9776000976561903,0.4229559748421023
medium,20000,634,Hough transform baseline,3,4,1,0.9460861514340551,0.9599894274292133,0.9454545454545454,1.0,0.75,0,0,224,0,345,15815,0.9999999999955358,0.39367311071987054,0.564943253061056,0.9789428710936903,0.39367311071987054
medium,20000,635,Hough transform baseline,1,1,0,0.8826086956521739,0.7777777777777778,0.9130434782608696,1.0,1.0,0,0,24,0,44,16316,0.9999999999583333,0.3529411764653979,0.5217391300378071,0.997314453124939,0.3529411764653979
medium,20000,636,Hough transform baseline,2,2,0,0.9034614380790814,0.8037974683544306,0.9587628865979382,1.0,1.0,0,0,99,0,190,16095,0.999999999989899,0.3425605536320327,0.5103092779677835,0.9884033203124396,0.3425605536320327
medium,20000,637,Hough transform baseline,2,2,0,0.9104861111111112,0.8208333333333334,0.9555555555555556,1.0,1.0,0,0,92,0,180,16112,0.9999999999891304,0.3382352941164036,0.5054945051139959,0.9890136718749396,0.3382352941164036
medium,20000,638,Hough transform baseline,2,3,1,0.3936109240222144,0.5626923076923077,0.36866359447004604,0.0,0.6666666666666667,0,2,69,103,190,16022,0.4011627906953421,0.2664092664082378,0.32018561436807513,0.98211669921869,0.1906077348061033
medium,20000,639,Hough transform baseline,2,2,0,0.948860565521435,0.896018648018648,0.9782608695652174,1.0,1.0,0,0,105,2,239,16038,0.9813084112057822,0.3052325581386476,0.4656319286825729,0.9852905273436898,0.30346820809160846
medium,20000,640,Hough transform baseline,1,1,0,0.8525714285714286,0.7200000000000001,0.8928571428571429,1.0,1.0,0,0,21,0,78,16285,0.999999999952381,0.21212121211906948,0.3499999997054167,0.9952392578124393,0.21212121211906948
medium,20000,641,Hough transform baseline,5,6,1,0.8260959175457804,0.7797126496012334,0.9594594594594594,0.8,0.8333333333333334,2,2,269,5,604,15506,0.9817518248139353,0.30813287514283144,0.46904969449169165,0.9628295898436912,0.30637813211810205
medium,20000,642,Hough transform baseline,2,3,1,0.5529638673813778,0.7092753623188406,0.8356164383561644,0.0,0.6666666666666667,0,1,130,15,250,15989,0.896551724131748,0.34210526315699447,0.49523809483639,0.9838256835936899,0.3291139240497997
medium,20000,643,Hough transform baseline,3,3,0,0.9711512072134493,0.9484999246193276,0.9716312056737588,1.0,1.0,0,0,144,0,252,15988,0.9999999999930557,0.3636363636354454,0.5333333329402469,0.9846191406249398,0.3636363636354454
medium,20000,644,Hough transform baseline,5,7,2,0.598460704812429,0.756,0.6127320954907162,0.2571428571428572,0.7142857142857143,2,7,275,60,179,15870,0.8208955223856093,0.6057268722453618,0.6970849171268438,0.9854125976561898,0.5350194552518774
medium,20000,645,Hough transform baseline,2,3,1,0.819968794326241,0.8702222222222222,0.8085106382978724,0.8,0.6666666666666667,1,1,72,1,42,16269,0.9863013698495027,0.6315789473628809,0.7700534754516286,0.997375488281189,0.6260869565162949
medium,20000,646,Hough transform baseline,3,3,0,0.9657307692307692,0.9327350427350427,0.98,1.0,1.0,0,0,103,0,136,16145,0.9999999999902912,0.43096234309443116,0.6023391808620943,0.9916992187499395,0.43096234309443116
medium,20000,647,Hough transform baseline,1,1,0,0.9658995433789954,0.9360730593607306,0.9733333333333334,1.0,1.0,0,0,76,0,148,16160,0.9999999999868421,0.3392857142841996,0.5066666662849777,0.9909667968749395,0.3392857142841996
medium,20000,648,Hough transform baseline,3,3,0,0.6622644472361808,0.8541666666666666,0.8894472361809045,0.0,1.0,0,1,172,21,12,16179,0.8911917098399421,0.9347826086905718,0.9124668429967705,0.997985839843689,0.8390243902398097
medium,20000,649,Hough transform baseline,1,1,0,1.0,1.0,1.0,1.0,1.0,0,0,85,0,0,16299,0.9999999999882353,0.9999999999882353,0.9999999994882354,0.9999999999999389,0.9999999999882353
medium,20000,650,Hough transform baseline,3,4,1,0.5947515444830769,0.7517801251956181,0.7405857740585774,0.13333333333333333,0.75,1,3,178,44,285,15877,0.8018018017981902,0.3844492440596448,0.5197080287574533,0.9799194335936902,0.3510848126225817
medium,20000,651,Hough transform baseline,3,4,1,0.9390022215782865,0.9513774858602444,0.9294117647058824,1.0,0.75,0,0,153,0,300,15931,0.9999999999934641,0.33774834437011536,0.5049504946703756,0.98168945312494,0.33774834437011536
medium,20000,652,Hough transform baseline,1,1,0,1.0,1.0,1.0,1.0,1.0,0,0,29,0,0,16355,0.9999999999655173,0.9999999999655173,0.9999999994655173,0.9999999999999389,0.9999999999655173
medium,20000,653,Hough transform baseline,4,5,1,0.5335489361702128,0.7431111111111111,0.5957446808510638,0.0,0.8,0,2,220,59,175,15930,0.7885304659469945,0.5569620253150457,0.6528189906107961,0.9857177734374398,0.4845814977962895
medium,20000,654,Hough transform baseline,5,5,0,0.7490319754365042,0.7772510435301133,0.8713450292397661,0.5,1.0,1,2,157,14,147,16066,0.9181286549653911,0.5164473684193538,0.6610526311153639,0.9901733398436895,0.49371069182234684
medium,20000,655,Hough transform baseline,4,4,0,0.9836254222972973,0.9696180555555556,0.9864864864864865,1.0,1.0,1,1,129,0,204,16051,0.9999999999922481,0.3873873873862241,0.5584415580366279,0.9875488281249397,0.3873873873862241
medium,20000,656,Hough transform baseline,4,8,4,0.6058087260301919,0.8358249467337595,0.6484375,0.19999999999999998,0.5,2,6,176,81,278,15849,0.6848249027210708,0.3876651982370316,0.495077355373842,0.9780883789061903,0.32897196261620754
medium,20000,657,Hough transform baseline,4,7,3,0.5922071940771452,0.7422257419952238,0.8178137651821862,0.15,0.5714285714285714,1,4,214,19,411,15740,0.9184549356183758,0.34239999999945214,0.49883449843770405,0.9737548828124405,0.3322981366454468
medium,20000,658,Hough transform baseline,3,3,0,0.9866780397022331,0.9775641025641024,0.9838709677419355,1.0,1.0,0,0,123,0,162,16099,0.9999999999918698,0.4315789473669068,0.6029411760464605,0.9901123046874395,0.4315789473669068
medium,20000,659,Hough transform baseline,3,3,0,0.9859209842315023,0.9731800766283525,0.9899497487437185,1.0,1.0,0,0,202,0,118,16064,0.9999999999950495,0.6312499999980273,0.7739463596758416,0.9927978515624394,0.6312499999980273
medium,20000,660,Hough transform baseline,4,4,0,0.6529905913978494,0.8865740740740741,0.7701612903225806,0.0,1.0,0,1,201,50,210,15923,0.8007968127458136,0.4890510948893211,0.607250754814382,0.9841308593749399,0.4360086767886421
medium,20000,661,Hough transform baseline,1,1,0,1.0,1.0,1.0,1.0,1.0,0,0,20,0,0,16364,0.99999999995,0.99999999995,0.99999999945,0.9999999999999389,0.99999999995
medium,20000,662,Hough transform baseline,3,6,3,0.5684912517761125,0.8109013209013209,0.5179282868525896,0.2,0.5,1,4,349,130,349,15556,0.7286012526080823,0.4999999999992837,0.5930331346055124,0.9707641601561907,0.42149758454055375
medium,20000,663,Hough transform baseline,4,5,1,0.9108114008941879,0.8924697797648619,0.896,1.0,0.8,1,1,241,2,368,15773,0.9917695473210215,0.39573070607488386,0.5657276991214568,0.9774169921874403,0.39443535188151485
medium,20000,664,Hough transform baseline,2,2,0,0.9693093361698013,0.9421344421344422,0.9767441860465116,1.0,1.0,0,0,124,0,269,15991,0.9999999999919355,0.31552162849792487,0.479690521877219,0.9835815429686899,0.31552162849792487
medium,20000,665,Hough transform baseline,3,4,1,0.8557343184858195,0.8400156572412149,0.7636363636363637,1.0,0.75,0,0,136,10,313,15925,0.9315068493086883,0.3028953229391918,0.45714285677098515,0.9802856445311902,0.2962962962956508
medium,20000,666,Hough transform baseline,1,1,0,1.0,1.0,1.0,1.0,1.0,0,0,21,0,0,16363,0.999999999952381,0.999999999952381,0.9999999994523809,0.9999999999999389,0.999999999952381
medium,20000,667,Hough transform baseline,4,4,0,0.8421086226203807,0.85953216374269,0.9432624113475178,0.6666666666666666,1.0,2,3,270,13,118,15983,0.9540636042369115,0.6958762886580003,0.8047690010001576,0.9920043945311894,0.6733167082277474
medium,20000,668,Hough transform baseline,3,4,1,0.5867819787454256,0.8220223501403545,0.7093596059113301,0.0,0.75,0,1,179,10,208,15987,0.9470899470849361,0.4625322997404069,0.6215277773347017,0.9866943359374397,0.4508816120895444
medium,20000,669,Hough transform baseline,1,1,0,1.0,1.0,1.0,1.0,1.0,0,0,63,0,0,16321,0.999999999984127,0.999999999984127,0.9999999994841271,0.9999999999999389,0.999999999984127
medium,20000,670,Hough transform baseline,1,1,0,0.9249350649350648,0.8585858585858585,0.9428571428571428,1.0,1.0,0,0,36,0,68,16280,0.9999999999722223,0.34615384615051775,0.5142857138963265,0.9958496093749392,0.34615384615051775
medium,20000,671,Hough transform baseline,2,2,0,0.6630893987341772,0.86875,0.8607594936708861,0.0,1.0,0,1,58,7,0,16319,0.8923076922939644,0.9999999999827587,0.9430894303805935,0.9995727539061889,0.8923076922939644
medium,20000,672,Hough transform baseline,4,5,1,0.9462187092158436,0.9406167394339006,0.9647058823529412,1.0,0.8,2,2,258,0,338,15788,0.9999999999961241,0.43288590603954213,0.6042154562513807,0.9793701171874402,0.43288590603954213
medium,20000,673,Hough transform baseline,3,10,7,0.5469537034535873,0.9166463049467004,0.38996138996138996,0.10588235294117647,0.30000000000000004,2,17,378,216,503,15287,0.6363636363625651,0.42905788876228257,0.5125423723995909,0.9561157226561916,0.34457611668154553
medium,20000,674,Hough transform baseline,5,8,3,0.44936431024899304,0.4839536372164795,0.8454258675078864,0.0,0.625,0,5,235,29,398,15722,0.8901515151481434,0.3712480252758748,0.523968784421795,0.9739379882811905,0.3549848942592825
medium,20000,675,Hough transform baseline,2,2,0,0.9499363425925925,0.9052083333333332,0.962962962962963,1.0,1.0,0,0,110,0,216,16058,0.999999999990909,0.3374233128824006,0.504587155583705,0.9868164062499397,0.3374233128824006
medium,20000,676,Hough transform baseline,4,6,2,0.6239037884471118,0.9178912783751494,0.7209302325581395,0.0,0.6666666666666667,0,2,174,30,201,15979,0.8529411764664072,0.4639999999987627,0.6010362689715876,0.9859008789061898,0.4296296296285688
medium,20000,677,Hough transform baseline,4,4,0,0.7795537704759136,0.834551656920078,0.8950276243093923,0.5,1.0,1,2,153,14,114,16103,0.9161676646651727,0.5730337078630223,0.7050691239472595,0.9921874999999394,0.5444839857631869
medium,20000,678,Hough transform baseline,2,3,1,0.547858105022831,0.7244254185692542,0.776,0.0,0.6666666666666667,0,1,119,2,186,16077,0.9834710743720374,0.3901639344249503,0.5586854456000462,0.9885253906249396,0.38762214983587095
medium,20000,679,Hough transform baseline,1,1,0,1.0,1.0,1.0,1.0,1.0,0,0,24,0,0,16360,0.9999999999583333,0.9999999999583333,0.9999999994583333,0.9999999999999389,0.9999999999583333
medium,20000,680,Hough transform baseline,5,5,0,0.5317284242822704,0.596477366255144,0.8165680473372781,0.0,1.0,0,2,302,39,281,15762,0.8856304985311272,0.5180102915943088,0.6536796532125358,0.9804687499999402,0.48553054662301365
medium,20000,681,Hough transform baseline,2,2,0,0.8963709677419355,0.8055555555555556,0.9193548387096774,1.0,1.0,0,0,55,0,144,16185,0.9999999999818182,0.27638190954634984,0.4330708657990266,0.9912109374999395,0.27638190954634984
medium,20000,682,Hough transform baseline,2,2,0,0.4944891304347826,0.6950000000000001,0.408695652173913,0.0,1.0,0,1,51,65,74,16194,0.43965517241000296,0.407999999996736,0.4232365140200065,0.9915161132811895,0.26842105263016625
medium,20000,683,Hough transform baseline,1,2,1,0.7175,0.65,0.625,1.0,0.5,0,0,26,0,28,16330,0.9999999999615384,0.4814814814725652,0.649999999545,0.998291015624939,0.4814814814725652
medium,20000,684,Hough transform baseline,3,3,0,1.0,1.0,1.0,1.0,1.0,0,0,130,0,0,16254,0.9999999999923078,0.9999999999923078,0.9999999994923079,0.9999999999999389,0.9999999999923078
medium,20000,685,Hough transform baseline,2,2,0,1.0,1.0,1.0,1.0,1.0,0,0,170,0,0,16214,0.9999999999941177,0.9999999999941177,0.9999999994941178,0.9999999999999389,0.9999999999941177
medium,20000,686,Hough transform baseline,3,3,0,1.0,1.0,1.0,1.0,1.0,1,1,216,0,80,16088,0.9999999999953704,0.7297297297272645,0.843749999508911,0.9951171874999393,0.7297297297272645
medium,20000,687,Hough transform baseline,1,1,0,0.9103719512195122,0.8116666666666668,0.975609756097561,1.0,1.0,0,0,83,0,166,16135,0.9999999999879517,0.33333333333199466,0.499999999621988,0.9898681640624396,0.33333333333199466
medium,20000,688,Hough transform baseline,4,6,2,0.6865394222630432,0.8418697010263274,0.9551569506726457,0.19999999999999998,0.6666666666666667,1,3,226,0,286,15872,0.9999999999955753,0.4414062499991379,0.612466124234678,0.98254394531244,0.4414062499991379
medium,20000,689,Hough transform baseline,2,2,0,1.0,1.0,1.0,1.0,1.0,0,0,72,0,40,16272,0.9999999999861111,0.642857142851403,0.7826086951672968,0.997558593749939,0.642857142851403
medium,20000,690,Hough transform baseline,3,3,0,0.9385770392101512,0.8764495153968839,0.970873786407767,1.0,1.0,0,0,97,0,130,16157,0.9999999999896907,0.4273127753285141,0.5987654316755638,0.9920654296874394,0.4273127753285141
medium,20000,691,Hough transform baseline,1,2,1,0.8476451814768462,0.8150980392156864,0.9042553191489362,1.0,0.5,0,0,96,0,168,16120,0.9999999999895833,0.36363636363498625,0.5333333329392592,0.9897460937499396,0.36363636363498625
medium,20000,692,Hough transform baseline,1,1,0,0.9713676869430453,0.9463601532567051,0.9775280898876404,1.0,1.0,0,0,90,0,176,16118,0.9999999999888889,0.3383458646603822,0.5056179771474562,0.9892578124999396,0.3383458646603822
medium,20000,693,Hough transform baseline,4,4,0,0.8769538461538461,0.904,0.9507692307692308,0.72,1.0,4,5,279,5,171,15929,0.982394366193724,0.6199999999986222,0.7602179831747286,0.9892578124999396,0.6131868131854655
medium,20000,694,Hough transform baseline,3,4,1,0.6055920640445529,0.6170019723865878,0.7647058823529411,0.4,0.75,1,2,148,37,272,15927,0.7999999999956757,0.3523809523801134,0.4892561979209289,0.98114013671869,0.32385120350038543
medium,20000,695,Hough transform baseline,1,1,0,1.0,1.0,1.0,1.0,1.0,0,0,48,0,38,16298,0.9999999999791668,0.5581395348772309,0.7164179099772778,0.997680664062439,0.5581395348772309
medium,20000,696,Hough transform baseline,5,6,1,0.8167500000000001,0.7455555555555555,0.7395833333333333,1.0,0.8333333333333334,1,1,121,76,107,16080,0.6142131979664254,0.5307017543836373,0.5694117642058629,0.9888305664061896,0.3980263157881644
medium,20000,697,Hough transform baseline,4,4,0,0.9207989766081871,0.941346653671215,0.9859649122807017,0.8,1.0,1,1,288,0,374,15722,0.9999999999965278,0.43504531721988665,0.6063157890499014,0.9771728515624404,0.43504531721988665
medium,20000,698,Hough transform baseline,5,13,8,0.5818278481290096,0.8203279103721581,0.62109375,0.2,0.3846153846153846,3,10,362,106,346,15570,0.7735042735026207,0.5112994350275264,0.615646258023179,0.9724121093749406,0.4447174447168984
medium,20000,699,Hough transform baseline,3,3,0,0.9802952503209242,0.962059620596206,0.9868421052631579,1.0,1.0,0,0,155,0,84,16145,0.9999999999935485,0.648535564850843,0.7868020299755856,0.9948730468749393,0.648535564850843
medium,20000,700,Hough transform baseline,5,6,1,0.6677871659516985,0.6642649809408813,0.9276729559748428,0.4,0.8333333333333334,1,2,293,1,335,15755,0.9965986394523926,0.46656050955339723,0.6355748368744313,0.9794921874999402,0.46581875993566646
medium,20000,701,Hough transform baseline,4,4,0,0.9402250753718833,0.876268085581811,0.9795221843003413,1.0,1.0,1,1,264,1,511,15608,0.9962264150905803,0.34064516128988304,0.5076923073115699,0.9687499999999408,0.3402061855665719
medium,20000,702,Hough transform baseline,5,9,4,0.48639925912106297,0.6910863195853053,0.4951076320939335,0.08333333333333333,0.5555555555555556,1,12,328,117,197,15742,0.7370786516837369,0.6247619047607148,0.6762886592958209,0.9808349609374402,0.5109034267904815
medium,20000,703,Hough transform baseline,3,3,0,0.9584674892877355,0.9210722819593787,0.9699248120300752,1.0,1.0,0,0,128,1,153,16102,0.9922480620078121,0.4555160142332544,0.6243902434681141,0.9906005859374395,0.4539007092182486
medium,20000,704,Hough transform baseline,3,4,1,0.6399870129870131,0.8110822510822512,1.0,0.0,0.75,1,0,159,1,308,15916,0.9937499999937891,0.34047109207635873,0.5071770331110754,0.98114013671869,0.3397435897428638
medium,20000,705,Hough transform baseline,3,3,0,0.8998784838350056,0.7969521863000123,0.95625,1.0,1.0,0,0,159,1,330,15894,0.9937499999937891,0.32515337423246393,0.48998459130648786,0.9797973632811902,0.3244897959177051
medium,20000,706,Hough transform baseline,1,1,0,0.9118488372093023,0.8144444444444445,0.9767441860465116,1.0,1.0,0,0,87,0,174,16123,0.9999999999885058,0.3333333333320562,0.49999999962212643,0.9893798828124396,0.3333333333320562
medium,20000,707,Hough transform baseline,3,5,2,0.502094379884821,0.7827884615384614,0.44919786096256686,0.0,0.6,0,4,123,39,164,16058,0.7592592592545725,0.4285714285699353,0.5478841866187171,0.9876098632811897,0.37730061349577515
medium,20000,708,Hough transform baseline,5,6,1,0.8157150537634409,0.79,0.6344086021505376,1.0,0.8333333333333334,0,0,189,95,137,15963,0.6654929577441356,0.5797546012252155,0.6196721306478795,0.9858398437499398,0.4489311163884824
medium,20000,709,Hough transform baseline,5,10,5,0.5449560346484782,0.6584645515080298,0.8265682656826568,0.13333333333333333,0.5,1,6,246,18,116,16004,0.9318181818146523,0.6795580110478465,0.7859424915225224,0.9918212890624394,0.647368421050928
medium,20000,710,Hough transform baseline,5,5,0,0.5281488247472903,0.5739130434782609,0.5994397759103641,0.19999999999999998,1.0,2,6,243,91,165,15885,0.7275449101774625,0.5955882352926579,0.6549865224142588,0.9843749999999399,0.4869739478948157
medium,20000,711,Hough transform baseline,3,2,1,0.7378508771929825,0.55,0.868421052631579,1.0,0.6666666666666667,0,0,104,12,32,16236,0.8965517241302021,0.7647058823473184,0.825396824893424,0.997314453124939,0.7027027026979548
medium,20000,712,Hough transform baseline,2,2,0,1.0,1.0,1.0,1.0,1.0,0,0,181,0,100,16103,0.9999999999944752,0.6441281138767113,0.7835497830698168,0.9938964843749393,0.6441281138767113
medium,20000,713,Hough transform baseline,5,5,0,0.9684752506610285,0.9427041721228596,0.9712918660287081,1.0,1.0,0,0,214,0,310,15860,0.9999999999953272,0.40839694656410613,0.5799457990446457,0.98107910156244,0.40839694656410613
medium,20000,714,Hough transform baseline,4,9,5,0.6019991341221844,0.8751359751359751,0.6187175043327556,0.16,0.4444444444444444,2,10,412,102,351,15519,0.8015564202319037,0.539973787679502,0.6452623331123615,0.9723510742186906,0.47630057803413145
medium,20000,715,Hough transform baseline,4,6,2,0.8629094026034403,0.8103395061728396,0.9079497907949791,1.0,0.6666666666666667,0,0,226,18,265,15875,0.9262295081929254,0.4602851323819546,0.6149659859493507,0.98272705078119,0.4440078585452967
medium,20000,716,Hough transform baseline,2,5,3,0.4296708261617901,0.5357764390896922,0.7428571428571429,0.0,0.4,1,7,128,0,189,16067,0.9999999999921876,0.40378548895771676,0.5752808984640121,0.9884643554686896,0.40378548895771676
medium,20000,717,Hough transform baseline,2,2,0,0.9710870133263653,0.945736434108527,0.9775280898876404,1.0,1.0,0,0,91,0,88,16205,0.9999999999890109,0.5083798882653163,0.6740740736221947,0.9946289062499393,0.5083798882653163
medium,20000,718,Hough transform baseline,4,4,0,0.643958089668616,0.8345267489711935,0.8421052631578947,0.0,1.0,0,3,171,19,121,16073,0.8999999999952633,0.5856164383541589,0.7095435679841773,0.9914550781249395,0.549839228294052
medium,20000,719,Hough transform baseline,2,2,0,1.0,1.0,1.0,1.0,1.0,0,0,110,0,0,16274,0.999999999990909,0.999999999990909,0.999999999490909,0.9999999999999389,0.999999999990909
medium,20000,720,Hough transform baseline,1,1,0,0.9658995433789954,0.9360730593607306,0.9733333333333334,1.0,1.0,0,0,76,0,152,16156,0.9999999999868421,0.3333333333318714,0.49999999962171054,0.9907226562499395,0.3333333333318714
medium,20000,721,Hough transform baseline,5,5,0,0.8904095155821272,0.8097989235158384,0.88,1.0,1.0,0,0,231,17,460,15676,0.93145161289947,0.33429811866811243,0.49201277916295505,0.9708862304686907,0.32627118644021713
medium,20000,722,Hough transform baseline,5,6,1,0.7832527157256434,0.8783706154072287,0.8982630272952854,0.5,0.8333333333333334,1,2,379,11,571,15423,0.97179487179238,0.39894736842063266,0.5656716413775249,0.9644775390624412,0.3943808532774252
medium,20000,723,Hough transform baseline,5,5,0,0.6653239667486243,0.8017853751187084,0.7226027397260274,0.24,1.0,2,5,203,66,236,15879,0.7546468401458936,0.462414578586646,0.573446327210823,0.98156738281244,0.401980198019006
medium,20000,724,Hough transform baseline,3,4,1,0.8888166248955722,0.8430492898913952,0.9222222222222223,1.0,0.75,0,0,184,0,133,16067,0.9999999999945652,0.5804416403767179,0.734530937656057,0.9918823242186894,0.5804416403767179
medium,20000,725,Hough transform baseline,1,1,0,0.9152710255018991,0.8208771929824561,0.979381443298969,1.0,1.0,0,0,98,0,196,16090,0.9999999999897958,0.33333333333219956,0.49999999962244895,0.9880371093749397,0.33333333333219956
medium,20000,726,Hough transform baseline,4,5,1,0.5253331245662938,0.657954207162245,0.7462686567164178,0.0,0.8,0,2,170,5,276,15933,0.9714285714230204,0.3811659192816566,0.5475040253583514,0.9828491210936899,0.37694013303685825
medium,20000,727,Hough transform baseline,3,3,0,0.9591569525780052,0.9226044226044225,0.9699248120300752,1.0,1.0,0,0,136,0,166,16082,0.9999999999926471,0.4503311258263234,0.6210045657790287,0.9898681640624396,0.4503311258263234
medium,20000,728,Hough transform baseline,1,1,0,1.0,1.0,1.0,1.0,1.0,0,0,79,0,0,16305,0.9999999999873417,0.9999999999873417,0.9999999994873416,0.9999999999999389,0.9999999999873417
medium,20000,729,Hough transform baseline,4,3,1,0.7477413522012579,0.5425,0.8930817610062893,1.0,0.75,0,0,135,26,11,16212,0.8385093167649783,0.9246575342402421,0.8794788268570277,0.997741699218689,0.7848837209256694
medium,20000,730,Hough transform baseline,2,2,0,0.9420945945945945,0.8833333333333334,0.972972972972973,1.0,1.0,0,0,76,0,42,16266,0.9999999999868421,0.6440677966047113,0.7835051541545328,0.997436523437439,0.6440677966047113
medium,20000,731,Hough transform baseline,4,4,0,0.5673775811102315,0.5203018285966072,0.7912087912087912,0.3,1.0,1,2,220,35,273,15856,0.8627450980358324,0.4462474645021374,0.588235293666694,0.98120117187494,0.41666666666587754
medium,20000,732,Hough transform baseline,5,7,2,0.5737975852043483,0.7422320055904962,0.8418230563002681,0.0,0.7142857142857143,0,2,335,35,567,15447,0.9054054054029584,0.37139689578672797,0.5267295593350614,0.9632568359374412,0.35752401280644874
medium,20000,733,Hough transform baseline,4,4,0,0.6415081360106217,0.6634518923848609,0.7981072555205048,0.3333333333333333,1.0,1,3,241,62,281,15800,0.7953795379511704,0.4616858237539048,0.5842424237762409,0.9790649414061903,0.4126712328760057
medium,20000,734,Hough transform baseline,4,6,2,0.8554047685703621,0.8510964912280702,0.7787234042553192,1.0,0.6666666666666667,0,0,230,11,275,15868,0.9543568464690692,0.45544554455355357,0.616621983475174,0.98254394531244,0.44573643410766334
medium,20000,735,Hough transform baseline,3,4,1,0.858879123698117,0.8012128674772971,0.8666666666666667,1.0,0.75,0,0,256,15,504,15609,0.9446494464909791,0.3368421052627147,0.49660523724488104,0.9683227539061908,0.3303225806447351
medium,20000,736,Hough transform baseline,3,3,0,0.9177533882312575,0.9334494195688224,0.9885057471264368,0.8,1.0,1,1,176,0,138,16070,0.9999999999943182,0.5605095541383424,0.7183673464755019,0.9915771484374395,0.5605095541383424
medium,20000,737,Hough transform baseline,3,3,0,0.9500222534877522,0.9025437832607643,0.9693877551020408,1.0,1.0,0,0,89,1,117,16177,0.9888888888779012,0.4320388349493591,0.6013513509240778,0.9927978515624394,0.429951690819179
medium,20000,738,Hough transform baseline,3,3,0,0.7031636481284622,0.9135792622133598,0.9602649006622517,0.0,1.0,0,1,133,3,53,16195,0.9779411764633976,0.7150537634370159,0.8260869560286641,0.9965820312499392,0.7037037036999805
medium,20000,739,Hough transform baseline,3,5,2,0.8332841228639412,0.7924832359939433,0.8333333333333334,1.0,0.6,0,0,137,0,212,16035,0.9999999999927008,0.39255014326535087,0.5637860078232739,0.9870605468749397,0.39255014326535087
medium,20000,740,Hough transform baseline,2,2,0,0.9797031715912172,0.9623655913978496,0.9831932773109243,1.0,1.0,1,1,120,0,124,16140,0.9999999999916667,0.491803278686509,0.659340658895061,0.9924316406249394,0.491803278686509
medium,20000,741,Hough transform baseline,4,4,0,0.5259445438282648,0.5476830318690784,0.8974358974358975,0.0,1.0,0,1,104,3,249,16028,0.9719626168133461,0.29461756373854214,0.45217391268450846,0.9846191406249398,0.2921348314598536
medium,20000,742,Hough transform baseline,2,4,2,0.7806466165413535,0.6617543859649123,0.9142857142857143,1.0,0.5,0,0,143,21,202,16018,0.8719512195068784,0.414492753621987,0.5618860506415678,0.9863891601561897,0.3907103825125937
medium,20000,743,Hough transform baseline,5,6,1,0.5285427488004953,0.603110870350307,0.8690476190476191,0.0,0.8333333333333334,0,1,246,0,444,15694,0.999999999995935,0.3565217391299181,0.5256410252524107,0.9729003906249406,0.3565217391299181
medium,20000,744,Hough transform baseline,3,5,2,0.517525149190111,0.8354589371980676,0.40784313725490196,0.0,0.6,0,4,132,87,139,16026,0.6027397260246451,0.48708487084691116,0.5387755097075135,0.9862060546874398,0.3687150837978528
medium,20000,745,Hough transform baseline,1,1,0,1.0,1.0,1.0,1.0,1.0,0,0,20,0,0,16364,0.99999999995,0.99999999995,0.99999999945,0.9999999999999389,0.99999999995
medium,20000,746,Hough transform baseline,4,7,3,0.3704512380202918,0.4539517345399698,0.5451505016722409,0.0,0.5714285714285714,1,3,178,94,316,15796,0.6544117647034765,0.3603238866389467,0.4647519577653266,0.9749755859374405,0.30272108843485934
medium,20000,747,Hough transform baseline,4,4,0,0.5877848594642073,0.6878310886644221,0.8913043478260869,0.0,1.0,0,1,188,17,246,15933,0.9170731707272338,0.43317972350130607,0.5884194048831876,0.9839477539061899,0.41685144124076084
medium,20000,748,Hough transform baseline,2,3,1,0.5156248114630468,0.7002991452991454,0.6691176470588236,0.0,0.6666666666666667,0,1,119,0,168,16097,0.9999999999915966,0.4146341463400187,0.5862068961344489,0.9897460937499396,0.4146341463400187
medium,20000,749,Hough transform baseline,5,7,2,0.8601833192442205,0.7931923688832607,0.9090909090909091,1.0,0.7142857142857143,0,0,233,57,582,15512,0.8034482758592985,0.2858895705517965,0.42171945662567756,0.9609985351561913,0.2672018348620789
medium,20000,750,Hough transform baseline,5,5,0,0.5847824322681254,0.6767455970841744,0.9012345679012346,0.0,1.0,0,1,229,10,430,15715,0.9581589958118906,0.34749620637276557,0.5100222713231606,0.9731445312499406,0.34230194319829255
medium,20000,751,Hough transform baseline,4,4,0,0.7939054123522068,0.8622367465504721,0.9044943820224719,0.5,1.0,1,2,157,7,217,16003,0.9573170731648944,0.41978609625556207,0.5836431222505908,0.9863281249999398,0.4120734908125667
medium,20000,752,Hough transform baseline,2,2,0,1.0,1.0,1.0,1.0,1.0,0,0,149,0,73,16162,0.9999999999932887,0.671171171168148,0.8032345008627372,0.9955444335936892,0.671171171168148
medium,20000,753,Hough transform baseline,3,3,0,0.9555749805749806,0.9102564102564104,0.9797979797979798,1.0,1.0,0,0,95,0,42,16247,0.9999999999894736,0.6934306569292451,0.8189655167507061,0.997436523437439,0.6934306569292451
medium,20000,754,Hough transform baseline,2,2,0,0.961,0.9222222222222222,0.98,1.0,1.0,0,0,102,0,62,16220,0.9999999999901961,0.6219512195084028,0.7669172927544802,0.9962158203124392,0.6219512195084028
medium,20000,755,Hough transform baseline,4,4,0,0.922603541341882,0.8462015018773467,0.9590643274853801,1.0,1.0,0,0,157,2,306,15919,0.9874213836415886,0.339092872569462,0.504823150743215,0.98120117187494,0.33763440860142446
medium,20000,756,Hough transform baseline,2,2,0,0.9108838130298974,0.8225401606425704,0.9537037037037037,1.0,1.0,0,0,84,1,163,16136,0.9882352941060207,0.3400809716585422,0.5060240960015423,0.9899902343749396,0.3387096774179891
medium,20000,757,Hough transform baseline,2,2,0,0.9132500748125748,0.8206904019404019,0.9696969696969697,1.0,1.0,0,0,106,1,211,16066,0.9906542055982182,0.3343848580431092,0.49999999962029407,0.9870605468749397,0.33333333333228515
medium,20000,758,Hough transform baseline,1,1,0,1.0,1.0,1.0,1.0,1.0,0,0,76,0,0,16308,0.9999999999868421,0.9999999999868421,0.999999999486842,0.9999999999999389,0.9999999999868421
medium,20000,759,Hough transform baseline,3,4,1,0.5380749402526459,0.7430268199233716,0.6435643564356436,0.0,0.75,0,3,90,6,92,16196,0.9374999999902344,0.4945054945027775,0.6474820139316806,0.9940185546874393,0.47872340425277277
medium,20000,760,Hough transform baseline,4,6,2,0.6968562520422705,0.7457778514151063,0.9104477611940298,0.45,0.6666666666666667,2,4,200,1,358,15825,0.9950248756169402,0.35842293906745804,0.5270092222706251,0.9780883789061903,0.3577817531299503
medium,20000,761,Hough transform baseline,5,6,1,0.5035880647130648,0.5304805996472665,0.9076923076923077,0.0,0.8333333333333334,0,1,158,17,335,15874,0.9028571428519837,0.32048681541517143,0.47305389182746327,0.9785156249999403,0.30980392156802
medium,20000,762,Hough transform baseline,1,1,0,1.0,1.0,1.0,1.0,1.0,0,0,25,0,0,16359,0.99999999996,0.99999999996,0.99999999946,0.9999999999999389,0.99999999996
medium,20000,763,Hough transform baseline,5,5,0,0.6493230115361264,0.7921810699588478,0.5475409836065575,0.3333333333333333,1.0,1,3,157,106,205,15916,0.5969581749026732,0.4337016574573655,0.5023999995109377,0.98101806640619,0.3354700854693687
medium,20000,764,Hough transform baseline,1,1,0,0.922610294117647,0.8541666666666666,0.9411764705882353,1.0,1.0,0,0,35,0,66,16283,0.9999999999714286,0.3465346534619155,0.5147058819631272,0.9959716796874392,0.3465346534619155
medium,20000,765,Hough transform baseline,3,3,0,0.6273076923076922,0.8235042735042735,0.7836538461538461,0.0,1.0,0,2,170,39,56,16119,0.813397129182711,0.7522123893772026,0.7816091948994689,0.9942016601561893,0.6415094339598434
medium,20000,766,Hough transform baseline,5,6,1,0.5686469575010765,0.6714942528735631,0.6657060518731989,0.2,0.8333333333333334,1,4,244,102,256,15782,0.7052023121366902,0.487999999999024,0.5768321508154408,0.9781494140624403,0.40531561461726695
medium,20000,767,Hough transform baseline,5,5,0,0.9455622382607146,0.8962537249893572,0.9612403100775194,1.0,1.0,0,0,263,0,506,15615,0.9999999999961977,0.34200260077978933,0.5096899220998343,0.9691162109374408,0.34200260077978933
medium,20000,768,Hough transform baseline,2,2,0,1.0,1.0,1.0,1.0,1.0,0,0,45,0,46,16293,0.9999999999777779,0.49450549450006037,0.6617647054298227,0.9971923828124392,0.49450549450006037
medium,20000,769,Hough transform baseline,3,3,0,0.9638224258289704,0.9242592592592592,0.9895287958115183,1.0,1.0,0,0,194,0,102,16088,0.9999999999948455,0.6554054054031913,0.7918367342123116,0.9937744140624393,0.6554054054031913
medium,20000,770,Hough transform baseline,4,4,0,0.5724536106224345,0.667109500805153,0.8612716763005781,0.0,1.0,0,1,154,15,304,15911,0.9112426035449039,0.33624454148398203,0.4912280697800976,0.9805297851561902,0.3255813953481489
medium,20000,771,Hough transform baseline,3,3,0,0.9200427018519336,0.8326530325391807,0.9767441860465116,1.0,1.0,0,0,174,1,169,16040,0.9942857142800328,0.5072886297361303,0.6718146713646711,0.9896240234374396,0.5058139534869017
medium,20000,772,Hough transform baseline,5,10,5,0.49223337027497577,0.6813374014747012,0.5739910313901345,0.08333333333333333,0.5,1,12,251,118,303,15712,0.6802168021661783,0.45306859205694394,0.5438786560736212,0.9743041992186905,0.37351190476134893
medium,20000,773,Hough transform baseline,4,4,0,0.9645943668753009,0.9345878136200717,0.9701492537313433,1.0,1.0,0,0,138,0,150,16096,0.9999999999927537,0.4791666666650029,0.6478873235026119,0.9908447265624395,0.4791666666650029
medium,20000,774,Hough transform baseline,4,4,0,0.991203277745831,0.9842342342342342,0.9914893617021276,1.0,1.0,2,2,237,0,146,16001,0.9999999999957806,0.6187989556119614,0.7645161285575183,0.9910888671874395,0.6187989556119614
medium,20000,775,Hough transform baseline,2,2,0,0.9028882575757575,0.8178661616161615,0.9242424242424242,1.0,1.0,0,0,57,2,112,16213,0.9661016948988796,0.33727810650688006,0.4999999996119961,0.9930419921874394,0.33333333333138404
medium,20000,776,Hough transform baseline,4,7,3,0.6335865977160096,0.7136993464052287,0.8597285067873304,0.3333333333333333,0.5714285714285714,3,6,190,12,270,15912,0.9405940594012843,0.4130434782599717,0.5740181264624273,0.9827880859374399,0.4025423728805031
medium,20000,777,Hough transform baseline,4,7,3,0.621409756909757,0.7202564102564103,0.7840909090909091,0.3333333333333333,0.5714285714285714,1,3,175,30,300,15879,0.8536585365812017,0.3684210526308033,0.5147058819302551,0.9798583984374402,0.34653465346466034
medium,20000,778,Hough transform baseline,1,1,0,1.0,1.0,1.0,1.0,1.0,0,0,58,0,114,16212,0.9999999999827587,0.3372093023236209,0.5043478257054064,0.9930419921874394,0.3372093023236209
medium,20000,779,Hough transform baseline,5,6,1,0.6419228254218027,0.8667240143369176,0.8428184281842819,0.0,0.8333333333333334,0,1,342,30,396,15616,0.919354838707206,0.46341463414571354,0.6162162157694667,0.9739990234374405,0.4453124999994202
medium,20000,780,Hough transform baseline,3,3,0,0.8454044636023044,0.9471413160733549,0.970954356846473,0.5,1.0,1,2,236,6,0,16142,0.9752066115662182,0.9999999999957627,0.987447698240717,0.9996337890624389,0.9752066115662182
medium,20000,781,Hough transform baseline,3,3,0,0.9724683544303798,0.9444444444444445,0.9873417721518988,1.0,1.0,0,0,161,0,62,16161,0.9999999999937889,0.721973094167166,0.8385416661753337,0.9962158203124392,0.721973094167166
medium,20000,782,Hough transform baseline,4,5,1,0.6314160839160838,0.8621212121212121,0.8173076923076923,0.0,0.8,0,4,252,42,128,15962,0.8571428571399418,0.663157894735097,0.7477744802180877,0.9896240234374396,0.5971563981028504
medium,20000,783,Hough transform baseline,3,4,1,0.5470836873406968,0.7126262626262626,0.7570093457943925,0.0,0.75,0,1,100,0,36,16248,0.99999999999,0.7352941176416523,0.8474576266230969,0.997802734374939,0.7352941176416523
medium,20000,784,Hough transform baseline,5,5,0,0.6833294481632769,0.8823035850495805,0.9314641744548287,0.0,1.0,0,1,298,17,202,15867,0.9460317460287427,0.595999999998808,0.7312883430822507,0.9866333007811897,0.5764023210820572
medium,20000,785,Hough transform baseline,5,8,3,0.48549047474227613,0.7164794713302176,0.5028735632183908,0.0,0.625,0,3,214,108,257,15805,0.6645962732898615,0.45435244161262345,0.5397225720257486,0.9777221679686903,0.3696027633845085
medium,20000,786,Hough transform baseline,2,2,0,0.9235483870967742,0.8444444444444444,0.967741935483871,1.0,1.0,0,0,64,0,32,16288,0.9999999999843749,0.6666666666597222,0.79999999951,0.998046874999939,0.6666666666597222
medium,20000,787,Hough transform baseline,1,1,0,0.8571431334622824,0.7109090909090909,0.9361702127659575,1.0,1.0,0,0,40,1,103,16240,0.9756097560737657,0.27972027971832364,0.43478260834457694,0.9936523437499393,0.2777777777758488
medium,20000,788,Hough transform baseline,2,3,1,0.583643468025508,0.775354609929078,0.8403361344537815,0.0,0.6666666666666667,0,1,120,1,194,16069,0.9917355371818865,0.38216560509432435,0.551724137526923,0.9880981445311897,0.38095238095117157
medium,20000,789,Hough transform baseline,4,7,3,0.4558688355563356,0.6324404761904762,0.4797297297297297,0.07272727272727274,0.5714285714285714,1,11,188,84,261,15851,0.6911764705856942,0.4187082405335886,0.5214979190848585,0.9789428710936903,0.35272045028076415
medium,20000,790,Hough transform baseline,4,4,0,0.7081272479533349,0.733841549397105,0.7644927536231885,0.5,1.0,1,2,203,56,201,15924,0.7837837837807576,0.5024752475235087,0.6123680236547983,0.9843139648436899,0.4413043478251276
medium,20000,791,Hough transform baseline,4,5,1,0.8384059629750582,0.9154144385026739,0.9198473282442748,0.65,0.8,3,4,220,1,228,15935,0.9954751131176676,0.4910714285703324,0.657698056356796,0.9860229492186898,0.4899777282839867
medium,20000,792,Hough transform baseline,3,3,0,0.9703845717391435,0.9462816635775373,0.9727891156462585,1.0,1.0,0,0,150,0,240,15994,0.9999999999933334,0.3846153846143984,0.5555555551522634,0.9853515624999398,0.3846153846143984
medium,20000,793,Hough transform baseline,5,9,4,0.5819330650509436,0.8176810152529089,0.5921052631578947,0.16,0.5555555555555556,2,10,391,89,495,15409,0.8145833333316364,0.4413092550785087,0.5724743772885728,0.9643554687499412,0.4010256410252297
medium,20000,794,Hough transform baseline,3,3,0,0.9801490514905149,0.962059620596206,0.9861111111111112,1.0,1.0,0,0,147,0,84,16153,0.9999999999931973,0.6363636363608816,0.7777777772983538,0.9948730468749393,0.6363636363608816
medium,20000,795,Hough transform baseline,3,3,0,0.898611484669177,0.8024699659315044,0.9375,1.0,1.0,0,0,73,0,141,16170,0.9999999999863013,0.3411214953255088,0.5087108010108657,0.9913940429686895,0.3411214953255088
medium,20000,796,Hough transform baseline,5,9,4,0.5198832938262113,0.7166513621059075,0.5147286821705426,0.15555555555555556,0.5555555555555556,2,9,388,210,441,15345,0.6488294314370421,0.4680337756327286,0.5437981775081355,0.9602661132811914,0.37343599614978495
medium,20000,797,Hough transform baseline,3,4,1,0.5178312013064335,0.6255259188695721,0.8067226890756303,0.0,0.75,0,1,94,2,114,16174,0.979166666656467,0.4519230769209042,0.6184210521953774,0.9929199218749394,0.4476190476169161
medium,20000,798,Hough transform baseline,5,9,4,0.43878495714428606,0.5564108289974171,0.48565121412803536,0.14285714285714285,0.5555555555555556,2,14,264,129,390,15601,0.6717557251891304,0.403669724770025,0.5042979937994488,0.9683227539061908,0.3371647509574238
medium,20000,799,Hough transform baseline,1,1,0,0.931140350877193,0.8703703703703705,0.9473684210526316,1.0,1.0,0,0,39,0,74,16271,0.9999999999743591,0.34513274335977756,0.5131578943485976,0.9954833984374392,0.34513274335977756
medium,20000,800,Hough transform baseline,3,3,0,0.9245916356655587,0.8556431041324188,0.9477611940298507,1.0,1.0,0,0,121,2,304,15957,0.9837398373903761,0.2847058823522713,0.4416058390662995,0.98132324218744,0.2833723653389148
medium,20000,801,Hough transform baseline,1,1,0,0.9037994652406417,0.7992929292929293,0.9705882352941176,1.0,1.0,0,0,69,0,138,16177,0.9999999999855071,0.33333333333172305,0.4999999996213768,0.9915771484374395,0.33333333333172305
medium,20000,802,Hough transform baseline,3,3,0,0.9929397590361446,0.9887550200803213,0.99,1.0,1.0,0,0,167,0,226,15991,0.999999999994012,0.42493638676736656,0.5964285710078762,0.9862060546874398,0.42493638676736656
medium,20000,803,Hough transform baseline,1,1,0,1.0,1.0,1.0,1.0,1.0,0,0,23,0,0,16361,0.9999999999565218,0.9999999999565218,0.9999999994565218,0.9999999999999389,0.9999999999565218
medium,20000,804,Hough transform baseline,2,3,1,0.8525694444444444,0.7958333333333333,0.8888888888888888,1.0,0.6666666666666667,0,0,111,0,191,16082,0.999999999990991,0.36754966887295515,0.5375302659481618,0.9883422851561896,0.36754966887295515
medium,20000,805,Hough transform baseline,1,1,0,0.8101241830065359,0.6027450980392157,0.9444444444444444,1.0,1.0,0,0,39,1,150,16194,0.974999999975625,0.20634920634811457,0.3406113534204916,0.9907836914061895,0.2052631578936565
medium,20000,806,Hough transform baseline,5,10,5,0.49660100662338513,0.7650501672240803,0.36458333333333337,0.11764705882352941,0.5,2,17,282,207,302,15593,0.5766871165632379,0.48287671232794027,0.5256290768561549,0.9689331054686908,0.35651074589082615
medium,20000,807,Hough transform baseline,3,3,0,0.5394444444444445,0.701851851851852,0.6180555555555556,0.0,1.0,0,2,92,53,64,16175,0.634482758616314,0.5897435897398093,0.6112956805597289,0.9928588867186894,0.44019138755770243
medium,20000,808,Hough transform baseline,5,8,3,0.6477811537198062,0.853862377376843,0.616326530612245,0.3111111111111111,0.625,3,9,347,79,483,15475,0.8145539906084166,0.4180722891561228,0.5525477702514884,0.965698242187441,0.3817381738169618
medium,20000,809,Hough transform baseline,5,5,0,0.7146279384231328,0.9341545893719805,0.9712918660287081,0.0,1.0,0,1,212,1,176,15995,0.995305164314576,0.5463917525759113,0.7054908481257359,0.9891967773436896,0.544987146528162
medium,20000,810,Hough transform baseline,5,6,1,0.7789599366477841,0.8885202135774217,0.8789625360230547,0.48,0.8333333333333334,3,5,312,2,210,15860,0.9936305732452433,0.5977011494241423,0.7464114827827546,0.9870605468749397,0.595419847327108
medium,20000,811,Hough transform baseline,4,4,0,0.8472109411609795,0.9400983877651395,0.9958333333333333,0.5,1.0,2,1,243,0,298,15843,0.9999999999958848,0.4491682070231993,0.6198979587543308,0.98181152343744,0.4491682070231993
medium,20000,812,Hough transform baseline,1,1,0,0.9676639815880322,0.9393939393939394,0.9746835443037974,1.0,1.0,0,0,80,0,156,16148,0.9999999999875,0.33898305084602126,0.5063291135427015,0.9904785156249395,0.33898305084602126
medium,20000,813,Hough transform baseline,3,5,2,0.8560210961287518,0.8423976608187135,0.8347107438016529,1.0,0.6,0,0,126,0,106,16152,0.9999999999920635,0.5431034482735211,0.7039106140650416,0.9935302734374394,0.5431034482735211
medium,20000,814,Hough transform baseline,2,2,0,0.9464156578415996,0.8990642736616046,0.9591836734693877,1.0,1.0,0,0,100,0,196,16088,0.99999999999,0.3378378378366965,0.5050505046704419,0.9880371093749397,0.3378378378366965
medium,20000,815,Hough transform baseline,1,1,0,1.0,1.0,1.0,1.0,1.0,0,0,35,0,0,16349,0.9999999999714286,0.9999999999714286,0.9999999994714286,0.9999999999999389,0.9999999999714286
medium,20000,816,Hough transform baseline,2,2,0,0.9361723005563928,0.8701726799151072,0.972972972972973,1.0,1.0,0,0,150,0,296,15938,0.9999999999933334,0.33632286995440286,0.5033557043196253,0.98193359374994,0.33632286995440286
medium,20000,817,Hough transform baseline,5,9,4,0.47603006048595903,0.6868569245366989,0.4444444444444444,0.09,0.5555555555555556,2,20,287,188,483,15426,0.6042105263145174,0.3727272727267887,0.4610441762341588,0.9590454101561915,0.29958246346524053
medium,20000,818,Hough transform baseline,2,2,0,0.9671272395991497,0.9369369369369369,0.9775280898876404,1.0,1.0,0,0,91,0,76,16217,0.9999999999890109,0.5449101796374557,0.7054263561270656,0.9953613281249393,0.5449101796374557
medium,20000,819,Hough transform baseline,4,5,1,0.60304216144548,0.692677671429232,0.7441860465116279,0.25,0.8,1,4,212,16,302,15854,0.9298245613994306,0.41245136186690184,0.571428571001315,0.9805908203124402,0.3999999999992453
medium,20000,820,Hough transform baseline,1,1,0,1.0,1.0,1.0,1.0,1.0,0,0,49,0,0,16335,0.9999999999795919,0.9999999999795919,0.9999999994795918,0.9999999999999389,0.9999999999795919
medium,20000,821,Hough transform baseline,2,2,0,0.5787835365853659,0.7225,0.7682926829268293,0.0,1.0,0,1,59,12,82,16231,0.8309859154812537,0.4184397163090891,0.556603773134167,0.9942626953124393,0.3856209150301594
medium,20000,822,Hough transform baseline,2,2,0,0.9187646321070234,0.8349358974358974,0.9652173913043478,1.0,1.0,0,0,89,1,173,16121,0.9888888888779012,0.3396946564872531,0.5056818177983278,0.9893798828124396,0.33840304182380837
medium,20000,823,Hough transform baseline,1,1,0,0.951276359600444,0.9084967320261439,0.9622641509433962,1.0,1.0,0,0,54,0,108,16222,0.9999999999814816,0.33333333333127574,0.49999999962037045,0.9934082031249394,0.33333333333127574
medium,20000,824,Hough transform baseline,3,3,0,0.9625485625485625,0.9268755935422601,0.9772727272727273,1.0,1.0,1,1,178,0,172,16034,0.999999999994382,0.5085714285699755,0.6742424237929292,0.9895019531249396,0.5085714285699755
medium,20000,825,Hough transform baseline,4,4,0,0.9569217137171994,0.9173423703519464,0.9705882352941176,1.0,1.0,2,2,206,0,260,15918,0.9999999999951457,0.44206008583596124,0.6130952376682611,0.9841308593749399,0.44206008583596124
medium,20000,826,Hough transform baseline,1,1,0,1.0,1.0,1.0,1.0,1.0,0,0,22,0,42,16320,0.9999999999545455,0.3437499999946289,0.5116279065840994,0.997436523437439,0.3437499999946289
medium,20000,827,Hough transform baseline,1,1,0,0.9611268939393939,0.9270833333333333,0.9696969696969697,1.0,1.0,0,0,67,0,130,16187,0.9999999999850746,0.3401015228409132,0.5075757571931531,0.9920654296874394,0.3401015228409132
medium,20000,828,Hough transform baseline,1,2,1,0.13666666666666666,0.0,0.43333333333333335,0.0,0.5,0,1,24,0,24,16336,0.9999999999583333,0.4999999999895834,0.6666666662037037,0.998535156249939,0.4999999999895834
medium,20000,829,Hough transform baseline,1,1,0,0.9696283391405343,0.9430894308943089,0.9761904761904762,1.0,1.0,0,0,31,0,61,16292,0.9999999999677419,0.33695652173546786,0.5040650402651861,0.9962768554686892,0.33695652173546786
medium,20000,830,Hough transform baseline,3,3,0,0.9739819004524887,0.9487179487179488,0.9852941176470589,1.0,1.0,2,2,132,0,68,16184,0.9999999999924243,0.6599999999967,0.7951807224077514,0.9958496093749392,0.6599999999967
medium,20000,831,Hough transform baseline,4,5,1,0.5119108391608391,0.6042463092463092,0.8,0.0,0.8,0,1,95,2,171,16116,0.9793814432888723,0.3571428571415145,0.5234159775669239,0.9894409179686896,0.35447761193897587
medium,20000,832,Hough transform baseline,4,4,0,0.951686799719888,0.9011029411764707,0.9809523809523809,1.0,1.0,0,0,209,0,224,15951,0.9999999999952154,0.48267898383260355,0.6510903422379684,0.9863281249999398,0.48267898383260355
medium,20000,833,Hough transform baseline,5,6,1,0.6382535436312772,0.8057401012155242,0.9616858237547893,0.0,0.8333333333333334,0,1,243,3,459,15679,0.987804878044765,0.34615384615335304,0.5126582274627062,0.9718017578124407,0.3446808510633409
medium,20000,834,Hough transform baseline,2,2,0,1.0,1.0,1.0,1.0,1.0,0,0,78,0,0,16306,0.9999999999871795,0.9999999999871795,0.9999999994871795,0.9999999999999389,0.9999999999871795
medium,20000,835,Hough transform baseline,3,3,0,0.9435,0.8833333333333333,0.98,1.0,1.0,0,0,103,0,30,16251,0.9999999999902912,0.7744360902197411,0.8728813554328856,0.998168945312439,0.7744360902197411
medium,20000,836,Hough transform baseline,4,5,1,0.8695531100478469,0.85153216374269,0.7818181818181819,1.0,0.8,0,0,176,25,311,15872,0.8756218905429074,0.36139630390069527,0.5116279065616591,0.9794921874999402,0.34374999999932865
medium,20000,837,Hough transform baseline,2,2,0,0.9693661971830986,0.9444444444444444,0.971830985915493,1.0,1.0,0,0,73,0,86,16225,0.9999999999863013,0.4591194968524584,0.6293103443908664,0.9947509765624393,0.4591194968524584
medium,20000,838,Hough transform baseline,5,5,0,0.9769317647952909,0.957838506522717,0.9795221843003413,1.0,1.0,0,0,298,0,440,15646,0.9999999999966444,0.40379403793983226,0.5752895748786542,0.9731445312499406,0.40379403793983226
medium,20000,839,Hough transform baseline,4,5,1,0.700552605376701,0.7246376811594203,0.8473282442748091,0.5,0.8,1,2,127,7,113,16137,0.947761194022778,0.5291666666644619,0.6791443845632703,0.9926757812499394,0.5141700404837484
medium,20000,840,Hough transform baseline,5,9,4,0.5395273230917601,0.6492476060191518,0.646551724137931,0.25,0.5555555555555556,4,16,328,91,471,15494,0.7828162291150769,0.4105131414262697,0.53858784848046,0.965698242187441,0.36853932584228255
medium,20000,841,Hough transform baseline,5,7,2,0.9138229748793947,0.9042182672104808,0.9274809160305344,1.0,0.7142857142857143,1,1,268,0,204,15912,0.9999999999962687,0.5677966101682885,0.7243243238603653,0.9875488281249397,0.5677966101682885
medium,20000,842,Hough transform baseline,5,10,5,0.5088814795290809,0.7385714285714284,0.47785977859778594,0.12380952380952381,0.5,3,21,353,76,312,15643,0.8228438228419048,0.5308270676683747,0.6453382079315947,0.9763183593749404,0.4763832658563072
medium,20000,843,Hough transform baseline,5,5,0,0.9752971206848212,0.9545109442613899,0.9788359788359788,1.0,1.0,1,1,377,0,664,15343,0.9999999999973475,0.36215177713702,0.531734837408604,0.9594726562499414,0.36215177713702
medium,20000,844,Hough transform baseline,3,4,1,0.927189644959489,0.9157569667966644,0.9504950495049505,1.0,0.75,0,0,195,0,233,15956,0.9999999999948719,0.4556074766344495,0.6260032098408003,0.9857788085936898,0.4556074766344495
medium,20000,845,Hough transform baseline,5,10,5,0.5602417269575288,0.7175707547169811,0.7094017094017093,0.18181818181818182,0.5,2,11,275,58,370,15681,0.8258258258233458,0.42635658914662583,0.5623721876887957,0.9738769531249405,0.39118065433799265
medium,20000,846,Hough transform baseline,1,1,0,0.8465277777777778,0.7083333333333334,0.8888888888888888,1.0,1.0,0,0,19,0,34,16331,0.9999999999473684,0.3584905660309719,0.5277777773746142,0.997924804687439,0.3584905660309719
medium,20000,847,Hough transform baseline,1,1,0,1.0,1.0,1.0,1.0,1.0,0,0,61,0,0,16323,0.9999999999836067,0.9999999999836067,0.9999999994836066,0.9999999999999389,0.9999999999836067
medium,20000,848,Hough transform baseline,4,5,1,0.6176298796705824,0.8998410174880764,0.6635071090047393,0.0,0.8,0,1,165,41,61,16117,0.8009708737825196,0.7300884955719908,0.763888888386424,0.9937744140624393,0.6179775280875731
medium,20000,849,Hough transform baseline,5,8,3,0.49400519518973884,0.6017736099614848,0.5535353535353535,0.2,0.625,1,5,319,143,482,15440,0.690476190474696,0.3982521847685415,0.5051464761781354,0.9618530273436913,0.3379237288132014
medium,20000,850,Hough transform baseline,1,1,0,1.0,1.0,1.0,1.0,1.0,0,0,64,0,0,16320,0.9999999999843749,0.9999999999843749,0.9999999994843749,0.9999999999999389,0.9999999999843749
medium,20000,851,Hough transform baseline,3,3,0,0.9626638727702558,0.9264870931537599,0.9787234042553191,1.0,1.0,0,0,191,0,262,15931,0.9999999999947644,0.42163355408295444,0.5931677014442681,0.9840087890624399,0.42163355408295444
medium,20000,852,Hough transform baseline,2,2,0,0.8927013593020897,0.7951015531660692,0.9245283018867925,1.0,1.0,0,0,55,0,102,16227,0.9999999999818182,0.3503184713353483,0.518867924139151,0.9937744140624393,0.3503184713353483
medium,20000,853,Hough transform baseline,5,6,1,0.9121380855134258,0.8956937287170369,0.8787128712871287,1.0,0.8333333333333334,0,0,367,16,386,15615,0.9582245430784381,0.487383798140123,0.6461267601152844,0.9754638671874404,0.47724317295126495
medium,20000,854,Hough transform baseline,1,1,0,1.0,1.0,1.0,1.0,1.0,0,0,61,0,0,16323,0.9999999999836067,0.9999999999836067,0.9999999994836066,0.9999999999999389,0.9999999999836067
medium,20000,855,Hough transform baseline,2,2,0,0.9820131845841785,0.966159567275186,0.9862068965517241,1.0,1.0,1,1,105,0,204,16075,0.9999999999904762,0.3398058252416188,0.5072463764305468,0.9875488281249397,0.3398058252416188
medium,20000,856,Hough transform baseline,5,4,1,0.6757971014492754,0.5739935587761674,0.4375,1.0,0.8,0,0,117,136,191,15940,0.4624505928835477,0.3798701298688965,0.4171122989685595,0.9800415039061902,0.26351351351292
medium,20000,857,Hough transform baseline,5,8,3,0.5175737546206653,0.5920442410373761,0.6307692307692307,0.25,0.625,1,4,208,62,303,15811,0.7703703703675172,0.40704500978393926,0.5326504476896523,0.9777221679686903,0.36300174520006456
medium,20000,858,Hough transform baseline,2,2,0,0.9547961075069509,0.9102564102564102,0.9759036144578314,1.0,1.0,0,0,85,0,58,16241,0.9999999999882353,0.5944055944014378,0.745614034613535,0.9964599609374392,0.5944055944014378
medium,20000,859,Hough transform baseline,4,7,3,0.5231441901303848,0.7097581411022271,0.7330508474576272,0.0,0.5714285714285714,0,1,193,1,335,15855,0.9948453608196143,0.36553030302961076,0.5346260383866837,0.9794921874999402,0.36483931947000975
medium,20000,860,Hough transform baseline,1,1,0,0.9007245641425969,0.7934972677595629,0.9682539682539683,1.0,1.0,0,0,64,0,128,16192,0.9999999999843749,0.33333333333159726,0.49999999962109376,0.9921874999999394,0.33333333333159726
medium,20000,861,Hough transform baseline,5,4,1,0.8037035833255504,0.6581871188457533,0.8875968992248062,1.0,0.8,0,0,242,20,296,15826,0.9236641221338792,0.44981412639321594,0.604999999558,0.9807128906249402,0.4336917562716242
medium,20000,862,Hough transform baseline,4,5,1,0.6036476964769648,0.8335802469135802,0.5426829268292683,0.16,0.8,1,5,175,91,220,15898,0.657894736839632,0.4430379746824227,0.5295007559470933,0.98101806640619,0.3600823045260081
medium,20000,863,Hough transform baseline,4,4,0,0.9616803692630899,0.9269116300366301,0.9728506787330317,1.0,1.0,1,1,224,0,352,15808,0.9999999999955358,0.38888888888821377,0.5599999995954,0.9785156249999403,0.38888888888821377
medium,20000,864,Hough transform baseline,1,1,0,0.9084291187739463,0.8271604938271604,0.9310344827586207,1.0,1.0,0,0,30,0,56,16298,0.9999999999666667,0.34883720929826934,0.5172413789179547,0.9965820312499392,0.34883720929826934
medium,20000,865,Hough transform baseline,4,6,2,0.5228511404561825,0.5836601307189543,0.8010204081632653,0.13333333333333333,0.6666666666666667,1,3,159,31,105,16089,0.8368421052587535,0.602272727270446,0.7004405281445594,0.9916992187499395,0.5389830508456306
medium,20000,866,Hough transform baseline,4,5,1,0.6195813095704401,0.822192699946323,0.847972972972973,0.0,0.8,0,1,260,23,175,15926,0.9187279151911,0.5977011494239134,0.724233982807299,0.9879150390624397,0.5676855895184112
medium,20000,867,Hough transform baseline,3,3,0,0.9629085005903187,0.9249206349206349,0.9834710743801653,1.0,1.0,0,0,124,0,104,16156,0.9999999999919355,0.5438596491204217,0.7045454540850983,0.9936523437499393,0.5438596491204217
medium,20000,868,Hough transform baseline,1,1,0,1.0,1.0,1.0,1.0,1.0,0,0,33,0,68,16283,0.9999999999696971,0.3267326732640917,0.49253731305424364,0.9958496093749392,0.3267326732640917
medium,20000,869,Hough transform baseline,4,6,2,0.7206480403342989,0.8034864940128098,0.7120622568093385,0.6,0.6666666666666667,1,1,197,56,188,15943,0.7786561264791357,0.5116883116869826,0.6175548584536364,0.9851074218749398,0.4467120181395766
medium,20000,870,Hough transform baseline,4,7,3,0.46601500490170933,0.6189349112426036,0.6517571884984026,0.0,0.5714285714285714,2,4,206,48,491,15639,0.8110236220440511,0.29555236728795475,0.4332281804698358,0.9671020507811909,0.27651006711372283
medium,20000,871,Hough transform baseline,3,4,1,0.4632179487179488,0.5293732193732195,0.75,0.0,0.75,0,2,91,5,196,16092,0.9479166666567925,0.31707317073060254,0.4751958220761747,0.9877319335936897,0.31164383561537107
medium,20000,872,Hough transform baseline,2,2,0,0.8393741830065359,0.6677450980392157,0.9444444444444444,1.0,1.0,0,0,52,0,96,16236,0.9999999999807693,0.3513513513489774,0.51999999961,0.9941406249999393,0.3513513513489774
medium,20000,873,Hough transform baseline,3,4,1,0.9373518157262906,0.9299428104575164,0.9693877551020408,1.0,0.75,0,0,102,0,194,16088,0.9999999999901961,0.34459459459343045,0.5125628136865735,0.9881591796874397,0.34459459459343045
medium,20000,874,Hough transform baseline,2,2,0,0.9791429475015814,0.9623655913978496,0.9803921568627451,1.0,1.0,0,0,104,0,126,16154,0.9999999999903846,0.45217391304151233,0.6227544905853921,0.9923095703124394,0.45217391304151233
medium,20000,875,Hough transform baseline,5,7,2,0.7459022389211067,0.883875794986906,0.8419811320754718,0.43333333333333335,0.7142857142857143,3,6,318,30,417,15619,0.91379310344565,0.4326530612239012,0.5872576172912936,0.9727172851561906,0.41568627450926054
medium,20000,876,Hough transform baseline,4,4,0,0.9662399492170969,0.9313725490196079,0.9856115107913669,1.0,1.0,0,0,143,0,36,16205,0.999999999993007,0.7988826815597828,0.8881987572647082,0.997802734374939,0.7988826815597828
medium,20000,877,Hough transform baseline,4,4,0,1.0,1.0,1.0,1.0,1.0,1,1,276,0,0,16108,0.9999999999963769,0.9999999999963769,0.9999999994963769,0.9999999999999389,0.9999999999963769
medium,20000,878,Hough transform baseline,4,4,0,0.9922795497185741,0.9871794871794872,0.9902439024390244,1.0,1.0,0,0,209,0,184,15991,0.9999999999952154,0.5318066157747282,0.694352159012842,0.9887695312499396,0.5318066157747282
medium,20000,879,Hough transform baseline,4,5,1,0.9239393939393941,0.8939393939393939,0.9583333333333334,1.0,0.8,0,0,190,0,67,16127,0.9999999999947369,0.739299610892065,0.8501118563306957,0.9959106445311892,0.739299610892065
medium,20000,880,Hough transform baseline,5,5,0,0.899606804407025,0.9081561078128585,0.9546827794561934,0.8,1.0,4,5,310,7,400,15667,0.9779179810694704,0.43661971830924423,0.6037000969430252,0.9751586914061905,0.4323570432351013
medium,20000,881,Hough transform baseline,1,1,0,1.0,1.0,1.0,1.0,1.0,0,0,98,0,0,16286,0.9999999999897958,0.9999999999897958,0.9999999994897959,0.9999999999999389,0.9999999999897958
medium,20000,882,Hough transform baseline,1,1,0,0.8239090909090908,0.6288888888888888,0.9545454545454546,1.0,1.0,0,0,33,0,62,16289,0.9999999999696971,0.34736842104897503,0.5156249996092529,0.9962158203124392,0.34736842104897503
medium,20000,883,Hough transform baseline,2,2,0,0.8799056603773586,0.7666666666666668,0.9245283018867925,1.0,1.0,0,0,55,0,102,16227,0.9999999999818182,0.3503184713353483,0.518867924139151,0.9937744140624393,0.3503184713353483
medium,20000,884,Hough transform baseline,3,3,0,0.9569333333333333,0.9185185185185186,0.968,1.0,1.0,2,2,126,0,148,16110,0.9999999999920635,0.45985401459686187,0.6299999995653,0.9909667968749395,0.45985401459686187
medium,20000,885,Hough transform baseline,4,6,2,0.4663852922321243,0.6368016240635901,0.5657894736842105,0.0,0.6666666666666667,0,2,149,78,259,15898,0.6563876651953463,0.36519607843047747,0.4692913381218228,0.9794311523436902,0.30658436213928686
medium,20000,886,Hough transform baseline,3,4,1,0.8678050974512743,0.8230917874396135,0.8620689655172413,1.0,0.75,0,0,156,1,265,15962,0.9936305732420788,0.37054631828890605,0.5397923871456939,0.9837646484374399,0.36966824644462165
medium,20000,887,Hough transform baseline,5,5,0,0.9616630055309301,0.9231924231924232,0.9811320754716981,1.0,1.0,0,0,202,0,240,15942,0.9999999999950495,0.4570135746595995,0.6273291921140773,0.9853515624999398,0.4570135746595995
medium,20000,888,Hough transform baseline,4,4,0,0.7484414684947021,0.8996794871794872,0.8012618296529969,0.3333333333333333,1.0,1,3,263,55,276,15790,0.8270440251546319,0.4879406307968684,0.6137689610253999,0.9797973632811902,0.4427609427601974
medium,20000,889,Hough transform baseline,4,5,1,0.5807718360071301,0.7811764705882351,0.7462121212121212,0.0,0.8,0,3,239,14,286,15845,0.9446640316168196,0.45523809523722814,0.6143958864489958,0.98168945312494,0.4434137291271922
medium,20000,890,Hough transform baseline,3,4,1,0.6692333983177616,0.9121712292002148,0.9187817258883249,0.0,0.75,0,1,196,4,84,16100,0.9799999999951,0.6999999999975001,0.8166666661771528,0.9946289062499393,0.6901408450679924
medium,20000,891,Hough transform baseline,4,5,1,0.5993936049821806,0.6506883423344524,0.7329192546583851,0.32,0.8,2,5,265,57,457,15605,0.8229813664570715,0.36703601107982403,0.5076628348214683,0.9686279296874408,0.34017971758621285
medium,20000,892,Hough transform baseline,1,1,0,0.9617221584385763,0.9282051282051282,0.9701492537313433,1.0,1.0,0,0,68,0,132,16184,0.9999999999852941,0.3399999999983,0.5074626861846736,0.9919433593749394,0.3399999999983
medium,20000,893,Hough transform baseline,1,2,1,0.5383680862831859,0.8335416666666666,0.5663716814159292,0.0,0.5,0,1,80,11,148,16145,0.8791208791112184,0.35087719298091724,0.5015673977081987,0.9902954101561895,0.33472803347140284
medium,20000,894,Hough transform baseline,4,5,1,0.604967693236715,0.7822685185185185,0.8647342995169083,0.0,0.8,0,1,182,9,181,16012,0.9528795811468436,0.5013774104669384,0.6570397107371594,0.9884033203124396,0.48924731182664183
medium,20000,895,Hough transform baseline,2,2,0,0.9569444444444444,0.9135802469135802,0.9791666666666666,1.0,1.0,0,0,98,0,60,16226,0.9999999999897958,0.6202531645530364,0.7656249995214843,0.9963378906249392,0.6202531645530364
medium,20000,896,Hough transform baseline,1,1,0,0.9175,0.8444444444444444,0.9375,1.0,1.0,0,0,33,0,62,16289,0.9999999999696971,0.34736842104897503,0.5156249996092529,0.9962158203124392,0.34736842104897503
medium,20000,897,Hough transform baseline,1,1,0,0.9644444444444444,0.9333333333333333,0.9722222222222222,1.0,1.0,0,0,73,0,146,16165,0.9999999999863013,0.33333333333181125,0.4999999996215753,0.9910888671874395,0.33333333333181125
medium,20000,898,Hough transform baseline,2,2,0,0.9717213114754099,0.9444444444444444,0.9836065573770492,1.0,1.0,0,0,124,0,90,16170,0.9999999999919355,0.5794392523337409,0.7337278101819964,0.9945068359374393,0.5794392523337409
medium,20000,899,Hough transform baseline,2,2,0,0.9847708795269771,0.9715447154471544,0.9878787878787879,1.0,1.0,0,0,167,0,166,16051,0.999999999994012,0.5015015014999955,0.6679999995524402,0.9898681640624396,0.5015015014999955
medium,20000,900,Hough transform baseline,4,4,0,0.9676227858293076,0.9387860082304527,0.9758454106280193,1.0,1.0,3,3,197,2,222,15963,0.989949748738744,0.4701670644380187,0.6375404526357338,0.9863281249999398,0.4679334916853493
medium,20000,901,Hough transform baseline,1,1,0,1.0,1.0,1.0,1.0,1.0,0,0,25,0,0,16359,0.99999999996,0.99999999996,0.99999999946,0.9999999999999389,0.99999999996
medium,20000,902,Hough transform baseline,5,9,4,0.5324172434914811,0.6740644867875989,0.7009966777408638,0.13333333333333333,0.5555555555555556,1,6,230,47,434,15673,0.8303249097442948,0.34638554216815304,0.48884165739436986,0.9706420898436907,0.32348804500657735
medium,20000,903,Hough transform baseline,5,5,0,0.843099393343171,0.879438596491228,0.9034267912772586,0.6666666666666666,1.0,2,3,296,27,261,15800,0.916408668727813,0.5314183123868377,0.6727272722610976,0.98242187499994,0.5068493150676253
medium,20000,904,Hough transform baseline,3,3,0,0.9849236309988718,0.9718196457326892,0.9880239520958084,1.0,1.0,0,0,165,0,146,16073,0.9999999999939394,0.5305466237925063,0.6932773104684962,0.9910888671874395,0.5305466237925063
medium,20000,905,Hough transform baseline,2,3,1,0.4360928896017108,0.5757364341085272,0.5517241379310345,0.0,0.6666666666666667,0,3,128,26,174,16056,0.831168831163434,0.4238410596012456,0.5614035083221376,0.9877929687499397,0.39024390243783463
medium,20000,906,Hough transform baseline,3,4,1,0.7345189471295668,0.9841161788064443,0.6666666666666667,0.3333333333333333,0.75,1,3,260,17,177,15930,0.9386281588413768,0.5949656750558467,0.7282913160496788,0.9881591796874397,0.5726872246683421
medium,20000,907,Hough transform baseline,4,6,2,0.5363605442176871,0.6333333333333334,0.7448979591836735,0.14285714285714285,0.6666666666666667,1,7,232,42,179,15931,0.8467153284640632,0.5644768856433955,0.677372262291745,0.9865112304686897,0.5121412803520703
medium,20000,908,Hough transform baseline,3,3,0,0.7560919893273765,0.49173747276688456,0.9240506329113924,1.0,1.0,0,0,80,2,158,16144,0.9756097560856632,0.3361344537801003,0.4999999996157032,0.9902343749999395,0.3333333333319445
medium,20000,909,Hough transform baseline,5,5,0,0.620682002226946,0.7559059059059059,0.9026217228464419,0.0,1.0,0,3,252,17,220,15895,0.9368029739742126,0.5338983050836147,0.6801619428555278,0.9855346679686898,0.5153374233118296
medium,20000,910,Hough transform baseline,3,6,3,0.5046169099617951,0.7457523775129409,0.5951417004048583,0.0,0.5,0,1,179,1,322,15882,0.9944444444389198,0.3572854291410034,0.5256975032806208,0.9802856445311902,0.35657370517857256
medium,20000,911,Hough transform baseline,5,6,1,0.6302788742986224,0.7551170751609597,0.7857142857142857,0.19999999999999998,0.8333333333333334,2,6,264,43,356,15721,0.8599348534173944,0.4258064516122165,0.5695792875816643,0.9756469726561904,0.3981900452482682
medium,20000,912,Hough transform baseline,1,1,0,1.0,1.0,1.0,1.0,1.0,0,0,25,0,0,16359,0.99999999996,0.99999999996,0.99999999946,0.9999999999999389,0.99999999996
medium,20000,913,Hough transform baseline,1,1,0,1.0,1.0,1.0,1.0,1.0,0,0,40,0,0,16344,0.9999999999750001,0.9999999999750001,0.9999999994750002,0.9999999999999389,0.9999999999750001
medium,20000,914,Hough transform baseline,4,7,3,0.6812751772635188,0.9069228778467908,0.6738351254480286,0.325,0.5714285714285714,3,8,211,31,249,15893,0.8719008264426781,0.4586956521729159,0.6011396006861065,0.9829101562499399,0.42973523421501075
medium,20000,915,Hough transform baseline,5,6,1,0.5452143151436192,0.6922578184591914,0.7518248175182481,0.0,0.8333333333333334,0,2,205,45,265,15869,0.81999999999672,0.43617021276502943,0.5694444439895447,0.98107910156244,0.3980582524264115
medium,20000,916,Hough transform baseline,5,6,1,0.5592548405864753,0.6503306221786993,0.9163636363636364,0.0,0.8333333333333334,1,2,228,5,264,15887,0.9785407725279891,0.4634146341453996,0.6289655168034549,0.9835815429686899,0.4587525150896202
medium,20000,917,Hough transform baseline,3,3,0,0.9331164994425865,0.8698885172798216,0.9583333333333334,1.0,1.0,0,0,92,0,110,16182,0.9999999999891304,0.45544554455220077,0.6258503397017908,0.9932861328124394,0.45544554455220077
medium,20000,918,Hough transform baseline,5,6,1,0.9598456376505158,0.9657131386128677,0.9597069597069597,1.0,0.8333333333333334,0,0,279,0,240,15865,0.9999999999964158,0.5375722543342243,0.6992481198442252,0.9853515624999398,0.5375722543342243
medium,20000,919,Hough transform baseline,5,6,1,0.9141755210982639,0.8968210233160073,0.8863636363636364,1.0,0.8333333333333334,0,0,402,0,479,15503,0.9999999999975124,0.45629965947734813,0.6266562739256917,0.9707641601561907,0.45629965947734813
medium,20000,920,Hough transform baseline,5,6,1,0.6423152929493546,0.8298830409356726,0.9276729559748428,0.0,0.8333333333333334,0,1,316,1,460,15607,0.9968454258643633,0.4072164948448361,0.5782250682056002,0.9718627929686906,0.4066924066918833
medium,20000,921,Hough transform baseline,2,3,1,0.7951062843341797,0.7436399217221136,0.71900826446281,1.0,0.6666666666666667,0,0,101,7,128,16148,0.935185185176526,0.4410480349325719,0.5994065277508123,0.9917602539061895,0.42796610169310184
medium,20000,922,Hough transform baseline,1,1,0,0.9422739018087856,0.8914728682170543,0.9555555555555556,1.0,1.0,0,0,46,0,88,16250,0.999999999978261,0.34328358208699045,0.5111111107249383,0.9946289062499393,0.34328358208699045
medium,20000,923,Hough transform baseline,2,3,1,0.840297619047619,0.825,0.7619047619047619,1.0,0.6666666666666667,0,0,45,0,27,16312,0.9999999999777779,0.6249999999913194,0.7692307687442472,0.998352050781189,0.6249999999913194
medium,20000,924,Hough transform baseline,5,9,4,0.5743375397832893,0.8407101255157088,0.7023121387283238,0.0,0.5555555555555556,0,4,274,26,281,15803,0.9133333333302889,0.4936936936928042,0.6409356720575958,0.98126220703119,0.47160068846734665
medium,20000,925,Hough transform baseline,1,1,0,1.0,1.0,1.0,1.0,1.0,0,0,72,0,0,16312,0.9999999999861111,0.9999999999861111,0.9999999994861111,0.9999999999999389,0.9999999999861111
medium,20000,926,Hough transform baseline,3,3,0,0.9510933503836317,0.9070048309178745,0.9647058823529412,1.0,1.0,0,0,170,0,346,15868,0.9999999999941177,0.3294573643404468,0.4956268217831856,0.9788818359374403,0.3294573643404468
medium,20000,927,Hough transform baseline,5,5,0,0.794798743931228,0.8316829836829837,0.9777070063694268,0.5,1.0,1,2,307,10,236,15831,0.9684542586720238,0.5653775322273198,0.7139534879049623,0.9849853515624398,0.5551537070514373
medium,20000,928,Hough transform baseline,2,2,0,0.956918505942275,0.904263346538389,1.0,1.0,1.0,0,0,147,0,232,16005,0.9999999999931973,0.3878627968327497,0.5589353608118738,0.9858398437499398,0.3878627968327497
medium,20000,929,Hough transform baseline,1,1,0,0.9699929128277817,0.9437751004016064,0.9764705882352941,1.0,1.0,0,0,86,0,168,16130,0.9999999999883721,0.33858267716402135,0.5058823525602768,0.9897460937499396,0.33858267716402135
medium,20000,930,Hough transform baseline,5,6,1,0.5909323604922672,0.7834448160535118,0.7752442996742671,0.0,0.8333333333333334,0,3,241,49,149,15945,0.8310344827557551,0.6179487179471335,0.7088235289204929,0.9879150390624397,0.5489749430511413
medium,20000,931,Hough transform baseline,2,2,0,0.8960638122909929,0.7996820349761526,0.9310344827586207,1.0,1.0,0,0,60,0,112,16212,0.9999999999833334,0.3488372093002975,0.5172413789224138,0.9931640624999394,0.3488372093002975
medium,20000,932,Hough transform baseline,5,5,0,0.6156083363277038,0.7031884057971014,0.9958677685950413,0.0,1.0,0,2,234,10,350,15790,0.9590163934386926,0.40068493150616324,0.5652173908872903,0.9780273437499403,0.39393939393873073
medium,20000,933,Hough transform baseline,1,1,0,0.9644444444444444,0.9333333333333333,0.9722222222222222,1.0,1.0,0,0,73,0,142,16169,0.9999999999863013,0.33953488371935103,0.506944444062476,0.9913330078124395,0.33953488371935103
medium,20000,934,Hough transform baseline,3,4,1,0.5814232631324134,0.7614161220043573,0.8189300411522633,0.0,0.75,0,2,202,14,168,16000,0.9351851851808557,0.5459459459444704,0.6894197947540215,0.9888916015624396,0.5260416666652968
medium,20000,935,Hough transform baseline,1,1,0,0.892695652173913,0.7971014492753623,0.92,1.0,1.0,0,0,17,2,72,16293,0.8947368420581717,0.19101123595290997,0.31481481451903287,0.9954833984374392,0.1868131868111339
medium,20000,936,Hough transform baseline,3,4,1,0.9153312561339317,0.8884415816782967,0.9526627218934911,1.0,0.75,1,1,169,0,320,15895,0.999999999994083,0.34560327198293334,0.5136778111668452,0.9804687499999402,0.34560327198293334
medium,20000,937,Hough transform baseline,3,3,0,0.5371724137931034,0.7007407407407408,0.6091954022988506,0.0,1.0,0,2,118,57,192,16017,0.6742857142818612,0.3806451612890947,0.4865979376810628,0.9848022460936898,0.321525885557707
medium,20000,938,Hough transform baseline,4,6,2,0.5972045718713677,0.8831876820640865,0.6655172413793103,0.0,0.6666666666666667,0,2,219,66,354,15745,0.7684210526288827,0.38219895287891414,0.5104895100446558,0.9743652343749405,0.34272300469429934
medium,20000,939,Hough transform baseline,2,2,0,0.9485576923076924,0.9027777777777779,0.9615384615384616,1.0,1.0,0,0,54,0,50,16280,0.9999999999814816,0.5192307692257766,0.6835443033388879,0.9969482421874392,0.5192307692257766
medium,20000,940,Hough transform baseline,4,7,3,0.5442211703958691,0.6499999999999999,0.7228915662650602,0.2,0.5714285714285714,1,2,192,32,277,15883,0.8571428571390306,0.40938166311213353,0.5541125536734486,0.98114013671869,0.3832335329333668
medium,20000,941,Hough transform baseline,5,5,0,0.9330544454124886,0.9147006139400505,0.9821958456973294,0.9,1.0,2,2,340,0,386,15658,0.9999999999970589,0.46831955922800506,0.6378986862435363,0.9764404296874404,0.46831955922800506
medium,20000,942,Hough transform baseline,2,2,0,0.9418661971830986,0.8833333333333333,0.971830985915493,1.0,1.0,0,0,60,0,114,16210,0.9999999999833334,0.3448275862049148,0.5128205124348018,0.9930419921874394,0.3448275862049148
medium,20000,943,Hough transform baseline,4,7,3,0.6706736869318715,0.5501630732900082,0.5797872340425532,1.0,0.5714285714285714,0,0,225,122,422,15615,0.6484149855889095,0.34775888717102355,0.4527162973313543,0.9667968749999409,0.2925877763325194
medium,20000,944,Hough transform baseline,3,3,0,0.9808755472170106,0.962059620596206,0.9897435897435898,1.0,1.0,1,1,197,0,84,16103,0.999999999994924,0.7010676156558681,0.8242677819387703,0.9948730468749393,0.7010676156558681
medium,20000,945,Hough transform baseline,3,3,0,0.6545947079154627,0.8152419085752419,0.9386792452830188,0.0,1.0,0,1,210,4,406,15764,0.9813084112103677,0.3409090909085375,0.5060240960016141,0.9749755859374405,0.33870967741880853
medium,20000,946,Hough transform baseline,3,4,1,0.63025,0.7341111111111112,0.812,0.25,0.75,1,4,186,18,198,15982,0.9117647058778836,0.4843749999987386,0.6326530607691934,0.9868164062499397,0.46268656716302814
medium,20000,947,Hough transform baseline,1,1,0,1.0,1.0,1.0,1.0,1.0,0,0,53,0,0,16331,0.9999999999811321,0.9999999999811321,0.9999999994811322,0.9999999999999389,0.9999999999811321
medium,20000,948,Hough transform baseline,5,6,1,0.7264901790033866,0.8432136752136752,0.9018867924528302,0.3333333333333333,0.8333333333333334,1,3,251,17,304,15812,0.9365671641756098,0.4522522522514374,0.6099635475544616,0.9804077148436902,0.4388111888104217
medium,20000,949,Hough transform baseline,1,1,0,0.9249350649350648,0.8585858585858585,0.9428571428571428,1.0,1.0,0,0,36,0,68,16280,0.9999999999722223,0.34615384615051775,0.5142857138963265,0.9958496093749392,0.34615384615051775
medium,20000,950,Hough transform baseline,1,1,0,1.0,1.0,1.0,1.0,1.0,0,0,16,0,0,16368,0.9999999999375,0.9999999999375,0.9999999994375,0.9999999999999389,0.9999999999375
medium,20000,951,Hough transform baseline,5,5,0,0.8237582062623677,0.7787741046831956,0.9915492957746479,0.7,1.0,4,3,303,30,227,15824,0.9099099099071775,0.5716981132064685,0.7022016217723992,0.9843139648436899,0.5410714285704624
medium,20000,952,Hough transform baseline,3,3,0,0.965035767906032,0.9355687047994741,0.9701492537313433,1.0,1.0,0,0,132,0,232,16020,0.9999999999924243,0.36263736263636637,0.5322580641233741,0.9858398437499398,0.36263736263636637
medium,20000,953,Hough transform baseline,1,1,0,1.0,1.0,1.0,1.0,1.0,0,0,28,0,0,16356,0.9999999999642857,0.9999999999642857,0.9999999994642856,0.9999999999999389,0.9999999999642857
medium,20000,954,Hough transform baseline,5,6,1,0.4861532531606537,0.6130434782608696,0.6347517730496454,0.0,0.8333333333333334,0,5,173,82,227,15902,0.6784313725463591,0.43249999999891875,0.5282442743320505,0.98114013671869,0.3589211618249815
medium,20000,955,Hough transform baseline,5,6,1,0.7629163991255644,0.8886850423205856,0.8983739837398375,0.4,0.8333333333333334,1,2,236,0,304,15844,0.9999999999957627,0.4370370370362277,0.6082474222555797,0.98144531249994,0.4370370370362277
medium,20000,956,Hough transform baseline,1,1,0,0.9743101114235134,0.9518900343642611,0.9797979797979798,1.0,1.0,0,0,100,0,196,16088,0.99999999999,0.3378378378366965,0.5050505046704419,0.9880371093749397,0.3378378378366965
medium,20000,957,Hough transform baseline,4,5,1,0.6277427475178998,0.6096527394212772,0.8669950738916257,0.4,0.8,1,2,158,42,239,15945,0.7899999999960501,0.3979848866488716,0.529313232383492,0.9828491210936899,0.35990888382605946
medium,20000,958,Hough transform baseline,5,6,1,0.5599797891118543,0.7062352801519467,0.7942028985507247,0.0,0.8333333333333334,0,3,302,33,289,15760,0.9014925373107419,0.510998307951758,0.6522678181113196,0.9803466796874402,0.4839743589735834
medium,20000,959,Hough transform baseline,3,4,1,0.5783020477815699,0.8833333333333333,0.5290102389078498,0.0,0.75,0,2,171,90,238,15885,0.6551724137905932,0.4180929095344301,0.5104477607169036,0.9799804687499402,0.34268537074079625
medium,20000,960,Hough transform baseline,2,6,4,0.6663429593662151,0.9447425959053866,0.6227106227106227,0.3333333333333333,0.33333333333333337,1,3,225,25,261,15873,0.8999999999964,0.4629629629620104,0.6114130430280084,0.98254394531244,0.4403131115451266
medium,20000,961,Hough transform baseline,3,3,0,0.6849762912526071,0.8710428849902534,0.965034965034965,0.0,1.0,0,1,144,1,199,16040,0.9931034482690132,0.4198250728850734,0.5901639340061224,0.9877929687499397,0.41860465116157386
medium,20000,962,Hough transform baseline,2,2,0,0.9805314088896179,0.9633699633699634,0.9850746268656716,1.0,1.0,0,0,131,0,234,16019,0.9999999999923664,0.3589041095880578,0.5282258060607684,0.9857177734374398,0.3589041095880578
medium,20000,963,Hough transform baseline,5,4,1,0.7764659507391201,0.6720582569772937,0.9701986754966887,0.8,0.8,1,1,259,25,333,15767,0.9119718309827044,0.437499999999261,0.5913242004737026,0.9781494140624403,0.41977309562330667
medium,20000,964,Hough transform baseline,3,4,1,0.9129722162683527,0.8846899224806201,0.9493087557603687,1.0,0.75,1,1,220,0,202,15962,0.9999999999954546,0.5213270142167741,0.685358254999078,0.9876708984374397,0.5213270142167741
medium,20000,965,Hough transform baseline,4,6,2,0.6468647779161478,0.7961784511784512,0.6095890410958904,0.39999999999999997,0.6666666666666667,3,7,355,62,418,15549,0.8513189448420831,0.4592496765841407,0.5966386550059304,0.9707031249999407,0.4251497005982932
medium,20000,966,Hough transform baseline,3,5,2,0.7451563028050017,0.8631313131313132,0.8587360594795539,0.5,0.6,1,2,248,4,261,15871,0.9841269841230789,0.4872298624744848,0.651773981158466,0.9838256835936899,0.4834307992193306
medium,20000,967,Hough transform baseline,2,2,0,0.9885676392572944,0.9814323607427056,0.9846153846153847,1.0,1.0,0,0,122,1,31,16230,0.991869918691123,0.797385620909821,0.8840579705139938,0.998046874999939,0.792207792202648
medium,20000,968,Hough transform baseline,5,6,1,0.936231884057971,0.9204013377926421,0.9435897435897436,1.0,0.8333333333333334,1,1,169,0,244,15971,0.999999999994083,0.40920096852201165,0.5807560133315914,0.9851074218749398,0.40920096852201165
medium,20000,969,Hough transform baseline,5,11,6,0.5488400073361824,0.8250825986939667,0.48861646234676004,0.1375,0.4545454545454546,3,16,365,135,492,15392,0.72999999999854,0.4259043173857341,0.5379513628352129,0.9617309570311913,0.3679435483867259
medium,20000,970,Hough transform baseline,4,4,0,0.6073200948882768,0.7361934156378601,0.8801652892561983,0.0,1.0,0,1,214,25,249,15896,0.8953974895360025,0.4622030237571011,0.6096866092357813,0.9832763671874399,0.4385245901630358
medium,20000,971,Hough transform baseline,1,1,0,1.0,1.0,1.0,1.0,1.0,0,0,77,0,0,16307,0.9999999999870129,0.9999999999870129,0.999999999487013,0.9999999999999389,0.9999999999870129
medium,20000,972,Hough transform baseline,1,1,0,0.805610294117647,0.5941666666666666,0.9411764705882353,1.0,1.0,0,0,35,0,70,16279,0.9999999999714286,0.33333333333015874,0.4999999996178572,0.9957275390624392,0.33333333333015874
medium,20000,973,Hough transform baseline,1,1,0,0.9531046312178387,0.9119496855345911,0.9636363636363636,1.0,1.0,0,0,56,0,108,16220,0.999999999982143,0.34146341463206425,0.5090909087067769,0.9934082031249394,0.34146341463206425
medium,20000,974,Hough transform baseline,2,2,0,0.9579861111111111,0.9189814814814815,0.9722222222222222,1.0,1.0,0,0,64,0,122,16198,0.9999999999843749,0.34408602150352646,0.511999999614976,0.9925537109374394,0.34408602150352646
medium,20000,975,Hough transform baseline,4,7,3,0.5206950404667796,0.7399925061519264,0.4444444444444444,0.16666666666666666,0.5714285714285714,1,6,157,111,306,15810,0.5858208955202022,0.339092872569462,0.42954856314589585,0.9745483398436905,0.27351916376258967
medium,20000,976,Hough transform baseline,2,2,0,0.9832140300644238,0.9696969696969697,0.984251968503937,1.0,1.0,0,0,129,0,156,16099,0.9999999999922481,0.45263157894578027,0.6231884053650844,0.9904785156249395,0.45263157894578027
medium,20000,977,Hough transform baseline,5,6,1,0.628132344371315,0.6614772727272727,0.8190045248868778,0.3333333333333333,0.8333333333333334,1,3,192,20,75,16097,0.9056603773542187,0.7191011235928124,0.8016701456410319,0.9942016601561893,0.6689895470359966
medium,20000,978,Hough transform baseline,5,5,0,0.6544079482329176,0.814239884962039,0.94,0.0,1.0,0,1,202,6,314,15862,0.9711538461491772,0.3914728682162956,0.5580110493127041,0.9804687499999402,0.38697318007588705
medium,20000,979,Hough transform baseline,3,3,0,1.0,1.0,1.0,1.0,1.0,0,0,102,0,9,16273,0.9999999999901961,0.9189189189106404,0.9577464783651392,0.9994506835936889,0.9189189189106404
medium,20000,980,Hough transform baseline,2,2,0,1.0,1.0,1.0,1.0,1.0,0,0,95,0,0,16289,0.9999999999894736,0.9999999999894736,0.9999999994894737,0.9999999999999389,0.9999999999894736
medium,20000,981,Hough transform baseline,1,1,0,1.0,1.0,1.0,1.0,1.0,0,0,15,0,0,16369,0.9999999999333333,0.9999999999333333,0.9999999994333333,0.9999999999999389,0.9999999999333333
medium,20000,982,Hough transform baseline,1,1,0,0.9482499999999999,0.9027777777777778,0.96,1.0,1.0,0,0,18,1,38,16327,0.9473684210027701,0.32142857142283165,0.4799999996088889,0.997619628906189,0.3157894736786704
medium,20000,983,Hough transform baseline,3,4,1,0.563085557299843,0.7717094017094017,0.7040816326530612,0.0,0.75,0,1,117,43,188,16036,0.7312499999954297,0.38360655737579147,0.5032258059980668,0.9859008789061898,0.336206896550758
medium,20000,984,Hough transform baseline,1,2,1,0.7766784555483452,0.8003482587064676,0.5826086956521739,1.0,0.5,0,0,80,0,130,16174,0.9999999999875,0.38095238095056694,0.5517241375277051,0.9920654296874394,0.38095238095056694
medium,20000,985,Hough transform baseline,2,2,0,0.9719791078486731,0.9492753623188406,0.974025974025974,1.0,1.0,0,0,79,0,98,16207,0.9999999999873417,0.4463276836132976,0.6171874995684509,0.9940185546874393,0.4463276836132976
medium,20000,986,Hough transform baseline,2,2,0,0.9763041125541125,0.9558080808080808,0.9809523809523809,1.0,1.0,1,1,95,0,132,16157,0.9999999999894736,0.4185022026413282,0.5900621113816018,0.9919433593749394,0.4185022026413282
medium,20000,987,Hough transform baseline,4,4,0,0.954657862802728,0.9107537998955267,0.9740932642487047,1.0,1.0,0,0,180,1,258,15945,0.9944751381160527,0.41095890410865077,0.5815831982919034,0.9841918945311899,0.4100227790423462
medium,20000,988,Hough transform baseline,5,8,3,0.6158486682323219,0.7731710699674087,0.7771084337349398,0.2,0.625,1,5,266,30,470,15618,0.8986486486456127,0.3614130434777698,0.5155038755588831,0.9694824218749408,0.34725848563923334
medium,20000,989,Hough transform baseline,4,4,0,0.9505932427664079,0.906517094017094,0.963302752293578,1.0,1.0,0,0,113,0,104,16167,0.9999999999911504,0.5207373271865404,0.6848484843939945,0.9936523437499393,0.5207373271865404
medium,20000,990,Hough transform baseline,5,5,0,0.6728033209680269,0.7449369369369369,0.7712418300653595,0.3333333333333333,1.0,1,3,276,32,268,15808,0.8961038961009867,0.507352941175538,0.6478873234805043,0.98168945312494,0.4791666666658348
medium,20000,991,Hough transform baseline,5,11,6,0.4010301573426574,0.5819318181818182,0.46853146853146854,0.0,0.4545454545454546,1,7,161,123,173,15927,0.5669014084487081,0.48203592814226937,0.5210355982070883,0.98193359374994,0.35229759299704094
medium,20000,992,Hough transform baseline,3,6,3,0.7211878997309621,0.8912837930966586,0.9338842975206612,0.3333333333333333,0.5,1,3,245,0,447,15692,0.9999999999959184,0.35404624277405483,0.5229455705838588,0.9727172851561906,0.35404624277405483
medium,20000,993,Hough transform baseline,5,6,1,0.5567255984536121,0.6730785615064053,0.8525345622119815,0.0,0.8333333333333334,0,1,205,8,295,15876,0.9624413145494721,0.40999999999918,0.5750350626930044,0.98150634765619,0.4035433070858198
medium,20000,994,Hough transform baseline,1,1,0,0.9363977485928706,0.8803418803418804,0.9512195121951219,1.0,1.0,0,0,42,0,80,16262,0.9999999999761906,0.3442622950791454,0.5121951215639501,0.9951171874999393,0.3442622950791454
medium,20000,995,Hough transform baseline,2,2,0,0.9801749465811965,0.9635416666666666,0.9829059829059829,1.0,1.0,0,0,109,0,162,16113,0.9999999999908257,0.40221402213873725,0.5736842101141689,0.9901123046874395,0.40221402213873725
medium,20000,996,Hough transform baseline,2,3,1,0.9018830128205129,0.9158653846153847,0.8653846153846154,1.0,0.6666666666666667,0,0,159,0,260,15965,0.9999999999937108,0.3794749403332232,0.5501730099798913,0.9841308593749399,0.3794749403332232
medium,20000,997,Hough transform baseline,4,4,0,0.7482291856365636,0.7069876441641149,0.7754237288135593,0.7,1.0,2,2,144,67,205,15968,0.682464454973069,0.41260744985555126,0.514285713814241,0.9833984374999399,0.3461538461530141
medium,20000,998,Hough transform baseline,1,1,0,0.9379761904761904,0.8833333333333332,0.9523809523809523,1.0,1.0,0,0,43,0,82,16259,0.9999999999767443,0.343999999997248,0.5119047615177863,0.9949951171874393,0.343999999997248
medium,20000,999,Hough transform baseline,3,3,0,0.9329683899096854,0.8656607495069034,0.9671052631578947,1.0,1.0,0,0,145,2,268,15969,0.9863945578164192,0.3510895883768739,0.5178571424681059,0.9835205078124399,0.34939759036060386
medium,20000,1000,Hough transform baseline,4,4,0,0.710343567251462,0.9118745938921378,1.0,0.0,1.0,1,0,136,0,162,16086,0.9999999999926471,0.45637583892464306,0.6267281101658561,0.9901123046874395,0.45637583892464306
medium,20000,1001,Hough transform baseline,3,4,1,0.6014559787059788,0.6638415688415689,0.7636363636363637,0.3,0.75,1,2,134,6,200,16044,0.9571428571360204,0.401197604789218,0.565400843463227,0.9874267578124397,0.3941176470576644
medium,20000,1002,Hough transform baseline,3,3,0,0.950003457814661,0.9462962962962962,0.995850622406639,0.9,1.0,2,2,175,0,333,15876,0.9999999999942858,0.3444881889756998,0.5124450947857291,0.9796752929686902,0.3444881889756998
medium,20000,1003,Hough transform baseline,3,4,1,0.8286263736263737,0.7846153846153846,0.7527472527472527,1.0,0.75,0,0,139,30,127,16088,0.822485207095725,0.5225563909754791,0.6390804592920386,0.9904174804686895,0.4695945945930081
medium,20000,1004,Hough transform baseline,1,1,0,1.0,1.0,1.0,1.0,1.0,0,0,27,0,0,16357,0.999999999962963,0.999999999962963,0.9999999994629629,0.9999999999999389,0.999999999962963
medium,20000,1005,Hough transform baseline,1,1,0,0.8794761904761904,0.7533333333333334,0.9523809523809523,1.0,1.0,0,0,43,0,86,16255,0.9999999999767443,0.3333333333307494,0.49999999961918606,0.9947509765624393,0.3333333333307494
medium,20000,1006,Hough transform baseline,3,3,0,0.6556855288102488,0.7904122862449973,1.0,0.0,1.0,1,0,154,0,259,15971,0.9999999999935065,0.37288135593130056,0.5432098761456224,0.9841918945311899,0.37288135593130056
medium,20000,1007,Hough transform baseline,2,2,0,0.9326084344587288,0.8719211822660098,0.9512195121951219,1.0,1.0,0,0,84,0,164,16136,0.9999999999880952,0.3387096774179891,0.5060240960044999,0.9899902343749396,0.3387096774179891
medium,20000,1008,Hough transform baseline,4,4,0,0.8671742424242425,0.7216666666666667,0.9621212121212122,1.0,1.0,0,0,122,4,88,16170,0.9682539682462836,0.5809523809496145,0.7261904757174036,0.9943847656249393,0.5700934579412613
medium,20000,1009,Hough transform baseline,5,7,2,0.5928916061055649,0.7570973420172504,0.6538461538461539,0.2,0.7142857142857143,2,4,263,99,324,15698,0.7265193370145676,0.4480408858595434,0.5542676496849992,0.9741821289061905,0.38338192419769185
medium,20000,1010,Hough transform baseline,2,2,0,0.9735328389830509,0.95625,0.9661016949152542,1.0,1.0,0,0,49,0,118,16217,0.9999999999795919,0.29341317365093766,0.45370370334872256,0.9927978515624394,0.29341317365093766
medium,20000,1011,Hough transform baseline,2,3,1,0.5656839959989998,0.7791782945736434,0.7419354838709677,0.0,0.6666666666666667,0,1,168,2,192,16022,0.988235294111834,0.4666666666653704,0.6339622637128087,0.9881591796874397,0.46408839778877325
medium,20000,1012,Hough transform baseline,2,2,0,0.8875490196078432,0.784967320261438,0.9215686274509804,1.0,1.0,0,0,53,0,98,16233,0.9999999999811321,0.35099337748111925,0.519607842747549,0.9940185546874393,0.35099337748111925
medium,20000,1013,Hough transform baseline,1,1,0,1.0,1.0,1.0,1.0,1.0,0,0,25,0,0,16359,0.99999999996,0.99999999996,0.99999999946,0.9999999999999389,0.99999999996
medium,20000,1014,Hough transform baseline,1,1,0,0.8554179566563468,0.7254901960784313,0.8947368421052632,1.0,1.0,0,0,20,0,36,16328,0.99999999995,0.35714285713647964,0.5263157890720221,0.997802734374939,0.35714285713647964
medium,20000,1015,Hough transform baseline,4,4,0,0.9367544589774078,0.9782282996432818,0.9827586206896551,0.8,1.0,1,1,106,0,123,16155,0.999999999990566,0.4628820960678477,0.632835820459149,0.9924926757811894,0.4628820960678477
medium,20000,1016,Hough transform baseline,1,2,1,0.43207801418439723,0.6362962962962964,0.4787234042553191,0.0,0.5,0,1,76,8,68,16232,0.9047619047511337,0.5277777777741127,0.6666666661954448,0.9953613281249393,0.4999999999967106
medium,20000,1017,Hough transform baseline,5,6,1,0.592046465973705,0.7206876953680023,0.9220183486238532,0.0,0.8333333333333334,1,1,214,0,128,16042,0.9999999999953272,0.6257309941502172,0.7697841721856011,0.9921874999999394,0.6257309941502172
medium,20000,1018,Hough transform baseline,1,1,0,1.0,1.0,1.0,1.0,1.0,0,0,78,0,0,16306,0.9999999999871795,0.9999999999871795,0.9999999994871795,0.9999999999999389,0.9999999999871795
medium,20000,1019,Hough transform baseline,3,3,0,0.9837725381414701,0.9682539682539683,0.9902912621359223,1.0,1.0,1,1,208,0,104,16072,0.9999999999951924,0.6666666666645299,0.799999999516923,0.9936523437499393,0.6666666666645299
medium,20000,1020,Hough transform baseline,4,7,3,0.6593748513403198,0.9254413969485844,0.5425531914893618,0.30909090909090914,0.5714285714285714,4,11,228,122,248,15786,0.6514285714267102,0.4789915966376492,0.5520581108904431,0.9774169921874403,0.38127090300939587
medium,20000,1021,Hough transform baseline,4,8,4,0.7023346981202442,0.8333805895209404,0.9365671641791045,0.36,0.5,2,5,244,0,449,15691,0.9999999999959017,0.35209235209184403,0.5208110988666342,0.9725952148436906,0.35209235209184403
medium,20000,1022,Hough transform baseline,2,2,0,0.8971153846153846,0.8055555555555556,0.9230769230769231,1.0,1.0,0,0,54,0,100,16230,0.9999999999814816,0.35064935064707375,0.5192307688413462,0.9938964843749393,0.35064935064707375
medium,20000,1023,Hough transform baseline,2,2,0,0.9344416386083053,0.8762626262626263,0.9506172839506173,1.0,1.0,1,1,82,0,154,16148,0.9999999999878049,0.3474576271171718,0.51572327005427,0.9906005859374395,0.3474576271171718
medium,20000,1024,Hough transform baseline,1,1,0,0.9556034482758621,0.9166666666666666,0.9655172413793104,1.0,1.0,0,0,51,0,146,16187,0.9999999999803922,0.25888324872965035,0.4112903222506179,0.9910888671874395,0.25888324872965035
medium,20000,1025,Hough transform baseline,2,4,2,0.8556228552991194,0.9276013513513514,0.6910112359550562,1.0,0.5,0,0,128,1,191,16064,0.9922480620078121,0.40125391849403996,0.5714285710159539,0.9882812499999396,0.39999999999875
medium,20000,1026,Hough transform baseline,4,5,1,0.6887452423214822,0.9353852309099222,0.6266094420600858,0.25,0.8,1,4,152,64,212,15956,0.7037037037004459,0.4175824175812704,0.524137930565232,0.9831542968749399,0.3551401869150581
medium,20000,1027,Hough transform baseline,3,6,3,0.602644149236857,0.8565134099616858,0.8360655737704918,0.0,0.5,1,5,176,0,141,16067,0.9999999999943182,0.5552050473168606,0.7139959427428707,0.9913940429686895,0.5552050473168606
medium,20000,1028,Hough transform baseline,3,3,0,0.7759173492486185,0.8535655194478724,0.9590643274853801,0.4,1.0,1,2,172,0,328,15884,0.9999999999941861,0.343999999999312,0.5119047615223569,0.9799804687499402,0.343999999999312
medium,20000,1029,Hough transform baseline,5,7,2,0.5644200324303417,0.7564758698092031,0.7628865979381443,0.0,0.7142857142857143,0,1,169,23,222,15970,0.8802083333287489,0.4322250639375135,0.5797598623349975,0.9850463867186898,0.4082125603854874
medium,20000,1030,Hough transform baseline,2,2,0,0.8875490196078432,0.784967320261438,0.9215686274509804,1.0,1.0,0,0,53,0,106,16225,0.9999999999811321,0.33333333333123694,0.4999999996202831,0.9935302734374394,0.33333333333123694
medium,20000,1031,Hough transform baseline,4,5,1,0.8951538461538462,0.9533333333333334,0.9307692307692308,0.8,0.8,2,2,220,4,45,16115,0.9821428571384726,0.8301886792421502,0.8997955005223297,0.9970092773436892,0.8178438661679635
medium,20000,1032,Hough transform baseline,2,2,0,1.0,1.0,1.0,1.0,1.0,0,0,79,0,0,16305,0.9999999999873417,0.9999999999873417,0.9999999994873416,0.9999999999999389,0.9999999999873417
medium,20000,1033,Hough transform baseline,4,4,0,0.9890659340659341,0.9820512820512821,0.9857142857142858,1.0,1.0,0,0,144,0,132,16108,0.9999999999930557,0.5217391304328922,0.6857142852604081,0.9919433593749394,0.5217391304328922
medium,20000,1034,Hough transform baseline,1,1,0,0.9394781622234828,0.886178861788618,0.9534883720930233,1.0,1.0,0,0,44,0,84,16256,0.9999999999772728,0.3437499999973145,0.5116279065900486,0.9948730468749393,0.3437499999973145
medium,20000,1035,Hough transform baseline,2,2,0,0.9027255169684555,0.902929625199362,0.9820359281437125,0.8,1.0,1,1,143,0,272,15969,0.999999999993007,0.34457831325218174,0.5125448024843527,0.9833984374999399,0.34457831325218174
medium,20000,1036,Hough transform baseline,1,1,0,1.0,1.0,1.0,1.0,1.0,0,0,68,0,0,16316,0.9999999999852941,0.9999999999852941,0.9999999994852942,0.9999999999999389,0.9999999999852941
medium,20000,1037,Hough transform baseline,1,1,0,1.0,1.0,1.0,1.0,1.0,0,0,80,0,0,16304,0.9999999999875,0.9999999999875,0.9999999994875,0.9999999999999389,0.9999999999875
medium,20000,1038,Hough transform baseline,1,1,0,1.0,1.0,1.0,1.0,1.0,0,0,87,0,0,16297,0.9999999999885058,0.9999999999885058,0.9999999994885058,0.9999999999999389,0.9999999999885058
medium,20000,1039,Hough transform baseline,1,1,0,0.9460144927536233,0.8985507246376813,0.9583333333333334,1.0,1.0,0,0,49,0,94,16241,0.9999999999795919,0.34265734265494646,0.5104166662811958,0.9942626953124393,0.34265734265494646
medium,20000,1040,Hough transform baseline,4,6,2,0.4455945263975155,0.5452365136876005,0.6678571428571429,0.0,0.6666666666666667,0,5,182,64,315,15823,0.7398373983709763,0.36619718309785476,0.4899057869043291,0.9768676757811904,0.32442067736127556
medium,20000,1041,Hough transform baseline,1,1,0,1.0,1.0,1.0,1.0,1.0,0,0,64,0,0,16320,0.9999999999843749,0.9999999999843749,0.9999999994843749,0.9999999999999389,0.9999999999843749
medium,20000,1042,Hough transform baseline,2,2,0,0.9685222672064777,0.9385964912280702,0.9807692307692307,1.0,1.0,0,0,106,0,82,16196,0.999999999990566,0.5638297872310435,0.7210884349081401,0.9949951171874393,0.5638297872310435
medium,20000,1043,Hough transform baseline,2,2,0,0.9680357142857142,0.9416666666666667,0.9714285714285714,1.0,1.0,0,0,72,0,86,16226,0.9999999999861111,0.4556962025287615,0.6260869560862005,0.9947509765624393,0.4556962025287615
medium,20000,1044,Hough transform baseline,1,1,0,1.0,1.0,1.0,1.0,1.0,0,0,47,0,0,16337,0.9999999999787235,0.9999999999787235,0.9999999994787234,0.9999999999999389,0.9999999999787235
medium,20000,1045,Hough transform baseline,5,6,1,0.9495768852861705,0.9475845410628019,0.9491525423728814,1.0,0.8333333333333334,0,0,176,0,114,16094,0.9999999999943182,0.6068965517220452,0.755364806393634,0.9930419921874394,0.6068965517220452
medium,20000,1046,Hough transform baseline,4,8,4,0.6165158942364826,0.8922575427477388,0.825,0.0,0.5,1,7,264,0,359,15761,0.9999999999962121,0.4237560192609571,0.5952649375737987,0.9780883789061903,0.4237560192609571
medium,20000,1047,Hough transform baseline,5,5,0,0.7594600228816148,0.8800216232976754,0.9005847953216375,0.3333333333333333,1.0,1,3,318,26,176,15864,0.9244186046484756,0.6437246963549722,0.7589498801824663,0.9876708984374397,0.6115384615372855
medium,20000,1048,Hough transform baseline,2,2,0,1.0,1.0,1.0,1.0,1.0,0,0,125,0,90,16169,0.999999999992,0.5813953488345052,0.7352941171777682,0.9945068359374393,0.5813953488345052
medium,20000,1049,Hough transform baseline,3,3,0,0.792706634720917,0.705631602061808,0.8758620689655172,0.8,1.0,1,1,113,10,211,16050,0.9186991869844008,0.348765432097689,0.5055928407621478,0.9865112304686897,0.33832335329240026
medium,20000,1050,Hough transform baseline,1,1,0,0.9531046312178387,0.9119496855345911,0.9636363636363636,1.0,1.0,0,0,56,0,108,16220,0.999999999982143,0.34146341463206425,0.5090909087067769,0.9934082031249394,0.34146341463206425
medium,20000,1051,Hough transform baseline,5,5,0,0.9438908590784059,0.8867825542244145,0.9741935483870968,1.0,1.0,0,0,158,0,182,16044,0.999999999993671,0.4647058823515744,0.6345381521746746,0.9888916015624396,0.4647058823515744
medium,20000,1052,Hough transform baseline,1,1,0,1.0,1.0,1.0,1.0,1.0,0,0,28,0,0,16356,0.9999999999642857,0.9999999999642857,0.9999999994642856,0.9999999999999389,0.9999999999642857
medium,20000,1053,Hough transform baseline,4,5,1,0.6795000930752049,0.7393954248366013,0.7088607594936709,0.5,0.8,1,2,233,71,264,15816,0.7664473684185314,0.4688128772626382,0.5817727835475506,0.9795532226561902,0.4102112676049116
medium,20000,1054,Hough transform baseline,4,4,0,0.9634651307596513,0.9309879618098797,0.9726027397260274,1.0,1.0,1,1,222,0,346,15816,0.9999999999954955,0.39084507042184713,0.5620253160501841,0.9788818359374403,0.39084507042184713
medium,20000,1055,Hough transform baseline,2,2,0,0.9353320710095303,0.8674744834453574,0.9748427672955975,1.0,1.0,0,0,161,0,322,15901,0.9999999999937889,0.3333333333326432,0.49999999962344716,0.9803466796874402,0.3333333333326432
medium,20000,1056,Hough transform baseline,2,2,0,0.9559090909090909,0.9222222222222222,0.9545454545454546,1.0,1.0,0,0,46,0,62,16276,0.999999999978261,0.42592592592198214,0.5974025969758813,0.9962158203124392,0.42592592592198214
medium,20000,1057,Hough transform baseline,1,1,0,0.8809781622234827,0.7561788617886179,0.9534883720930233,1.0,1.0,0,0,44,0,88,16252,0.9999999999772728,0.3333333333308081,0.4999999996193182,0.9946289062499393,0.3333333333308081
medium,20000,1058,Hough transform baseline,5,6,1,0.8153480963480965,0.9619753086419753,0.8706293706293706,0.5,0.8333333333333334,2,4,269,12,193,15910,0.9572953736620737,0.582251082249822,0.7240915203890959,0.9874877929686897,0.5675105485220094
medium,20000,1059,Hough transform baseline,4,4,0,0.9798348557256064,0.9617486338797814,0.985239852398524,1.0,1.0,0,0,275,0,252,15857,0.9999999999963637,0.5218216318775677,0.6857855357072561,0.9846191406249398,0.5218216318775677
medium,20000,1060,Hough transform baseline,5,6,1,0.7781703598431405,0.879626047711154,0.870026525198939,0.5,0.8333333333333334,1,2,326,29,236,15793,0.9183098591523429,0.580071174376192,0.7110141761869593,0.9838256835936899,0.5516074450075269
medium,20000,1061,Hough transform baseline,2,2,0,0.5641517857142857,0.7520833333333333,0.6285714285714286,0.0,1.0,0,1,94,47,64,16179,0.6666666666619386,0.5949367088569941,0.6287625413034306,0.9932250976561894,0.4585365853636169
medium,20000,1062,Hough transform baseline,1,1,0,0.9249350649350648,0.8585858585858585,0.9428571428571428,1.0,1.0,0,0,36,0,68,16280,0.9999999999722223,0.34615384615051775,0.5142857138963265,0.9958496093749392,0.34615384615051775
medium,20000,1063,Hough transform baseline,2,2,0,0.9668129877369008,0.9326923076923077,0.9855072463768116,1.0,1.0,0,0,66,1,22,16295,0.985074626850969,0.7499999999914773,0.8516129027239958,0.998596191406189,0.7415730336995329
medium,20000,1064,Hough transform baseline,4,6,2,0.8506561302681992,0.8975840783312048,0.9003831417624522,0.8,0.6666666666666667,1,1,237,0,294,15853,0.9999999999957806,0.44632768361497865,0.6171874995716654,0.98205566406244,0.44632768361497865
medium,20000,1065,Hough transform baseline,1,1,0,1.0,1.0,1.0,1.0,1.0,0,0,80,0,0,16304,0.9999999999875,0.9999999999875,0.9999999994875,0.9999999999999389,0.9999999999875
medium,20000,1066,Hough transform baseline,3,4,1,0.6072515473032716,0.7472767462422636,0.7298850574712643,0.19999999999999998,0.75,1,3,137,1,221,16025,0.992753623181212,0.38268156424474115,0.5524193544348498,0.9864501953124397,0.3816155988847309
medium,20000,1067,Hough transform baseline,3,4,1,0.4762179487179488,0.5611111111111112,0.7435897435897436,0.0,0.75,0,1,74,0,55,16255,0.9999999999864865,0.5736434108482664,0.7290640389383872,0.9966430664061892,0.5736434108482664
medium,20000,1068,Hough transform baseline,5,5,0,0.6490694391229894,0.8247037404832837,0.889763779527559,0.0,1.0,0,2,194,15,206,15969,0.9282296650673291,0.4849999999987875,0.6371100159674504,0.9865112304686897,0.46746987951694585
medium,20000,1069,Hough transform baseline,3,3,0,0.9534256649787229,0.9070208728652752,0.9763313609467456,1.0,1.0,1,1,153,1,200,16030,0.9935064935000423,0.43342776203843225,0.6035502954326374,0.9877319335936897,0.4322033898292876
medium,20000,1070,Hough transform baseline,3,4,1,0.6163213791164504,0.7726941256890207,0.7180451127819549,0.19999999999999998,0.75,1,3,191,39,333,15821,0.8304347826050851,0.36450381679319754,0.5066312993094231,0.9772949218749403,0.33925399644699955
medium,20000,1071,Hough transform baseline,4,6,2,0.5577791732944503,0.7300084688346883,0.8130434782608695,0.0,0.6666666666666667,0,2,208,23,239,15914,0.9004329004290025,0.46532438478643107,0.6135693210828612,0.9840087890624399,0.4425531914884201
medium,20000,1072,Hough transform baseline,2,2,0,0.8957264957264958,0.8024691358024691,0.9230769230769231,1.0,1.0,0,0,54,0,104,16226,0.9999999999814816,0.34177215189657106,0.5094339618796725,0.9936523437499393,0.34177215189657106
medium,20000,1073,Hough transform baseline,4,3,1,0.7872916666666667,0.6365740740740741,0.8791666666666667,1.0,0.75,0,0,213,1,367,15803,0.9953271027990873,0.3672413793097117,0.5365239290759221,0.9775390624999403,0.36660929431950673
medium,20000,1074,Hough transform baseline,5,7,2,0.8734339020966797,0.8597194482683108,0.8256578947368421,1.0,0.7142857142857143,1,1,269,33,309,15773,0.8907284768182426,0.46539792387462736,0.6113636359114308,0.9791259765624402,0.44026186579306015
medium,20000,1075,Hough transform baseline,5,6,1,0.7042127252105347,0.7891336913510457,0.7871794871794872,0.43333333333333335,0.8333333333333334,3,6,330,12,129,15913,0.9649122806989331,0.7189542483644468,0.823970036961794,0.9913940429686895,0.7006369426736717
medium,20000,1076,Hough transform baseline,2,2,0,0.805610294117647,0.5941666666666666,0.9411764705882353,1.0,1.0,0,0,68,2,134,16180,0.9714285714146939,0.33663366336467015,0.4999999996140787,0.9916992187499395,0.33333333333169934
medium,20000,1077,Hough transform baseline,1,1,0,0.9571264367816091,0.9195402298850575,0.9666666666666667,1.0,1.0,0,0,61,0,118,16205,0.9999999999836067,0.34078212290312415,0.5083333329499653,0.9927978515624394,0.34078212290312415
medium,20000,1078,Hough transform baseline,4,5,1,0.6108867205641182,0.8864448635057471,0.6599326599326599,0.0,0.8,0,1,198,40,405,15741,0.8319327731057482,0.3283582089546793,0.470868013861789,0.9728393554686906,0.30793157076157396
medium,20000,1079,Hough transform baseline,3,4,1,0.4361205936920223,0.47595959595959597,0.7346938775510203,0.0,0.75,0,1,76,0,80,16228,0.9999999999868421,0.4871794871763643,0.6551724133469085,0.9951171874999393,0.4871794871763643
medium,20000,1080,Hough transform baseline,1,1,0,0.9713676869430453,0.9463601532567051,0.9775280898876404,1.0,1.0,0,0,90,0,176,16118,0.9999999999888889,0.3383458646603822,0.5056179771474562,0.9892578124999396,0.3383458646603822
medium,20000,1081,Hough transform baseline,2,2,0,0.9360576923076923,0.875,0.9615384615384616,1.0,1.0,0,0,71,2,68,16243,0.9726027397127041,0.5107913669028001,0.6698113202968584,0.9957275390624392,0.503546099287209
medium,20000,1082,Hough transform baseline,5,7,2,0.555681635666695,0.6491797283176594,0.7106109324758842,0.2,0.7142857142857143,2,5,233,47,257,15847,0.8321428571398852,0.47551020408066225,0.6051948047304233,0.98144531249994,0.43389199255040245
medium,20000,1083,Hough transform baseline,2,3,1,0.6258128009062588,0.9787878787878788,0.5934579439252337,0.0,0.6666666666666667,0,1,174,15,183,16012,0.9206349206300496,0.487394957981828,0.63736263690764,0.9879150390624397,0.4677419354826136
medium,20000,1084,Hough transform baseline,1,1,0,1.0,1.0,1.0,1.0,1.0,0,0,20,0,16,16348,0.99999999995,0.5555555555401235,0.7142857138010203,0.999023437499939,0.5555555555401235
medium,20000,1085,Hough transform baseline,2,2,0,0.9611673755094808,0.9268740031897927,0.9703703703703703,1.0,1.0,0,0,137,0,266,15981,0.9999999999927008,0.33995037220759317,0.5074074070268518,0.9837646484374399,0.33995037220759317
medium,20000,1086,Hough transform baseline,1,1,0,0.9556034482758621,0.9166666666666666,0.9655172413793104,1.0,1.0,0,0,59,0,114,16211,0.9999999999830509,0.34104046242577435,0.5086206892715146,0.9930419921874394,0.34104046242577435
medium,20000,1087,Hough transform baseline,1,1,0,0.963931414574403,0.9323671497584541,0.971830985915493,1.0,1.0,0,0,72,0,140,16172,0.9999999999861111,0.339622641507832,0.5070422531390597,0.9914550781249395,0.339622641507832
medium,20000,1088,Hough transform baseline,4,5,1,0.7595439266615738,0.9057205104263927,0.8181818181818181,0.43333333333333335,0.8,3,6,194,0,137,16053,0.9999999999948455,0.5861027190314619,0.7390476185788517,0.9916381835936895,0.5861027190314619
medium,20000,1089,Hough transform baseline,2,3,1,0.5739511587645889,0.7375187168426793,0.8770053475935828,0.0,0.6666666666666667,0,1,182,7,328,15867,0.962962962957868,0.3568627450973395,0.5207439194895057,0.9795532226561902,0.3520309477749477
medium,20000,1090,Hough transform baseline,3,4,1,0.777841872232764,0.7386928104575163,0.6021505376344086,1.0,0.75,0,0,117,64,86,16117,0.6464088397754343,0.5763546798001165,0.6093749994984674,0.9908447265624395,0.43820224718937006
medium,20000,1091,Hough transform baseline,1,1,0,0.8158333333333333,0.65,0.8666666666666667,1.0,1.0,0,0,16,0,28,16340,0.9999999999375,0.3636363636280992,0.5333333329244444,0.998291015624939,0.3636363636280992
medium,20000,1092,Hough transform baseline,4,5,1,0.7944444444444445,0.8654320987654321,0.7916666666666666,0.6666666666666666,0.8,2,3,260,10,176,15938,0.9629629629593964,0.5963302752279901,0.7365439088739979,0.9886474609374396,0.5829596412542983
medium,20000,1093,Hough transform baseline,2,2,0,0.9647623626373626,0.9363461538461538,0.967032967032967,1.0,1.0,0,0,84,2,88,16210,0.9767441860351541,0.48837209302041645,0.6511627902481821,0.9945068359374393,0.48275862068688075
medium,20000,1094,Hough transform baseline,5,5,0,0.7045720583764062,0.9239130434782609,0.9440559440559441,0.0,1.0,0,2,135,4,74,16171,0.9712230215757467,0.6459330143509764,0.7758620684812888,0.9952392578124393,0.6338028168984329
medium,20000,1095,Hough transform baseline,5,7,2,0.3752698837251462,0.5089603377582916,0.3740458015267175,0.0,0.7142857142857143,0,3,199,231,301,15653,0.46279069767334235,0.397999999999204,0.42795698874922417,0.9675292968749409,0.2722298221610503
medium,20000,1096,Hough transform baseline,1,1,0,1.0,1.0,1.0,1.0,1.0,0,0,21,0,0,16363,0.999999999952381,0.999999999952381,0.9999999994523809,0.9999999999999389,0.999999999952381
medium,20000,1097,Hough transform baseline,1,1,0,0.8352079772079772,0.6502564102564103,0.962962962962963,1.0,1.0,0,0,55,0,110,16219,0.9999999999818182,0.33333333333131315,0.49999999962045455,0.9932861328124394,0.33333333333131315
medium,20000,1098,Hough transform baseline,4,5,1,0.6884582868822,0.9228797638217928,0.9658119658119658,0.0,0.8,1,0,233,0,132,16019,0.9999999999957082,0.6383561643818128,0.7792642135685787,0.9919433593749394,0.6383561643818128
medium,20000,1099,Hough transform baseline,1,1,0,0.956378233719893,0.9181286549707602,0.9661016949152542,1.0,1.0,0,0,60,0,120,16204,0.9999999999833334,0.3333333333314815,0.4999999996208334,0.9926757812499394,0.3333333333314815
medium,20000,1100,Hough transform baseline,2,2,0,0.8680126472626472,0.8348998998998999,0.9615384615384616,0.8,1.0,1,1,105,0,200,16079,0.9999999999904762,0.3442622950808385,0.5121951215676978,0.9877929687499397,0.3442622950808385
medium,20000,1101,Hough transform baseline,3,3,0,0.9657321274763134,0.9279835390946501,0.9906976744186047,1.0,1.0,0,0,204,0,124,16056,0.9999999999950981,0.621951219510299,0.7669172927573634,0.9924316406249394,0.621951219510299
medium,20000,1102,Hough transform baseline,3,3,0,0.9900715803370671,0.9818699818699819,0.9911504424778761,1.0,1.0,1,1,204,0,200,15980,0.9999999999950981,0.5049504950482551,0.671052631130843,0.9877929687499397,0.5049504950482551
medium,20000,1103,Hough transform baseline,4,6,2,0.4643008898920714,0.5305113636363636,0.7945205479452055,0.0,0.6666666666666667,0,1,139,2,95,16148,0.9858156028298879,0.5940170940145555,0.7413333328601316,0.9940795898436893,0.5889830508449619
medium,20000,1104,Hough transform baseline,4,3,1,0.7954867536053103,0.7018835074390629,0.7731958762886598,1.0,0.75,1,1,217,0,374,15793,0.9999999999953918,0.36717428087924336,0.5371287124770825,0.9771728515624404,0.36717428087924336
medium,20000,1105,Hough transform baseline,2,4,2,0.7648835403726708,0.7235507246376811,0.6964285714285714,1.0,0.5,0,0,60,0,71,16253,0.9999999999833334,0.45801526717207625,0.6282722508714125,0.9956665039061892,0.45801526717207625
medium,20000,1106,Hough transform baseline,1,2,1,0.3686293250141804,0.4961788617886179,0.4767441860465116,0.0,0.5,0,1,66,0,66,16252,0.9999999999848485,0.49999999999621214,0.6666666662154882,0.9959716796874392,0.49999999999621214
medium,20000,1107,Hough transform baseline,5,7,2,0.42120263056835644,0.6374907407407407,0.3145161290322581,0.0,0.7142857142857143,0,7,180,308,263,15633,0.3688524590156376,0.40632054175980514,0.38668098768508513,0.965148925781191,0.23968042609821613
medium,20000,1108,Hough transform baseline,4,4,0,0.6578308491418248,0.8797325102880659,0.8097560975609757,0.0,1.0,0,1,164,24,226,15970,0.8723404255272749,0.42051282051174227,0.5674740480020114,0.9847412109374398,0.39613526569952623
medium,20000,1109,Hough transform baseline,2,2,0,0.9481288637032675,0.9019573370839193,0.9612403100775194,1.0,1.0,1,1,105,1,199,16079,0.9905660377265041,0.3453947368409691,0.5121951215653301,0.9877929687499397,0.3442622950808385
medium,20000,1110,Hough transform baseline,5,5,0,0.6421170343137255,0.7336805555555556,0.7264705882352941,0.26666666666666666,1.0,1,3,240,75,406,15663,0.7619047619023431,0.371517027863202,0.4994797081951141,0.9706420898436907,0.3328710124822013
medium,20000,1111,Hough transform baseline,4,4,0,0.9509776366964081,0.8973655913978493,0.9858156028368794,1.0,1.0,0,0,145,0,159,16080,0.9999999999931035,0.47697368420895736,0.6458797322992446,0.9902954101561895,0.47697368420895736
medium,20000,1112,Hough transform baseline,3,4,1,0.588674162813507,0.757832422586521,0.8632478632478633,0.0,0.75,0,1,114,0,149,16121,0.999999999991228,0.43346007604397924,0.6047745353839118,0.9909057617186895,0.43346007604397924
medium,20000,1113,Hough transform baseline,4,4,0,0.9690068493150684,0.9351851851851851,0.9908675799086758,1.0,1.0,0,0,223,0,42,16119,0.9999999999955157,0.8415094339590887,0.9139344257294663,0.997436523437439,0.8415094339590887
medium,20000,1114,Hough transform baseline,5,5,0,0.6804818878439568,0.8727609427609428,0.9386973180076629,0.0,1.0,0,1,256,9,172,15947,0.9660377358454112,0.5981308411200978,0.7388167383422682,0.9889526367186896,0.5858123569780646
medium,20000,1115,Hough transform baseline,4,4,0,0.7726101991005044,0.690383295194508,0.8096885813148789,0.8,1.0,1,1,272,20,268,15824,0.9315068493118784,0.503703703702771,0.6538461533890071,0.98242187499994,0.4857142857134184
medium,20000,1116,Hough transform baseline,4,7,3,0.5664945367697689,0.8041458802385749,0.7374301675977654,0.0,0.5714285714285714,0,3,295,4,445,15640,0.9866220735752956,0.39864864864810995,0.5678537050750287,0.9725952148436906,0.3965053763435531
medium,20000,1117,Hough transform baseline,2,2,0,0.775,0.5355555555555556,0.92,1.0,1.0,0,0,52,0,104,16228,0.9999999999807693,0.3333333333311966,0.49999999962019226,0.9936523437499393,0.3333333333311966
medium,20000,1118,Hough transform baseline,1,1,0,0.9658995433789954,0.9360730593607306,0.9733333333333334,1.0,1.0,0,0,76,0,148,16160,0.9999999999868421,0.3392857142841996,0.5066666662849777,0.9909667968749395,0.3392857142841996
medium,20000,1119,Hough transform baseline,5,6,1,0.6964738026592704,0.9214442295293359,0.9924528301886792,0.0,0.8333333333333334,1,0,270,0,215,15899,0.9999999999962963,0.5567010309266872,0.7152317876181219,0.9868774414061897,0.5567010309266872
medium,20000,1120,Hough transform baseline,5,5,0,0.8127274996955304,0.7989026915113873,0.9327731092436975,0.6666666666666666,1.0,2,3,217,9,172,15986,0.9601769911461939,0.557840616965147,0.7056910564433975,0.9889526367186896,0.5452261306518964
medium,20000,1121,Hough transform baseline,1,1,0,1.0,1.0,1.0,1.0,1.0,0,0,84,0,0,16300,0.9999999999880952,0.9999999999880952,0.9999999994880953,0.9999999999999389,0.9999999999880952
medium,20000,1122,Hough transform baseline,3,5,2,0.5682071456005378,0.7175845065632864,0.7764705882352941,0.12,0.6,1,5,149,0,215,16020,0.9999999999932887,0.4093406593395348,0.5808966857454032,0.9868774414061897,0.4093406593395348
medium,20000,1123,Hough transform baseline,1,1,0,1.0,1.0,1.0,1.0,1.0,0,0,28,0,0,16356,0.9999999999642857,0.9999999999642857,0.9999999994642856,0.9999999999999389,0.9999999999642857
medium,20000,1124,Hough transform baseline,3,3,0,0.855948275862069,0.8055555555555556,0.7172413793103448,1.0,1.0,0,0,105,43,2,16234,0.7094594594546658,0.9813084112057822,0.8235294112711726,0.9972534179686892,0.6999999999953334
medium,20000,1125,Hough transform baseline,4,6,2,0.4430429319308863,0.5847485080988917,0.5661971830985916,0.0,0.6666666666666667,0,3,218,97,348,15721,0.692063492061295,0.3851590106000262,0.4948921675303809,0.9728393554686906,0.32880844645500934
medium,20000,1126,Hough transform baseline,4,3,1,0.3518794642857143,0.316875,0.6714285714285715,0.0,0.75,0,1,87,34,126,16137,0.7190082644568677,0.40845070422343455,0.5209580833671519,0.9902343749999395,0.3522267206463473
medium,20000,1127,Hough transform baseline,5,6,1,0.9343297487141037,0.9199631741506297,0.935064935064935,1.0,0.8333333333333334,1,1,155,0,173,16056,0.9999999999935485,0.4725609756083154,0.6418219457312604,0.9894409179686896,0.4725609756083154
medium,20000,1128,Hough transform baseline,4,7,3,0.42190400645878745,0.5904611590126175,0.49526813880126186,0.0,0.5714285714285714,0,12,204,81,295,15804,0.715789473681699,0.4088176352697218,0.5204081628012318,0.9770507812499404,0.35172413793042806
medium,20000,1129,Hough transform baseline,2,3,1,0.8997500038711076,0.9159427695452222,0.8545454545454545,1.0,0.6666666666666667,0,0,147,0,294,15943,0.9999999999931973,0.3333333333325775,0.4999999996232993,0.98205566406244,0.3333333333325775
medium,20000,1130,Hough transform baseline,3,3,0,0.9153260965883916,0.8336936936936936,0.9508196721311475,1.0,1.0,0,0,125,0,242,16017,0.999999999992,0.3405994550399439,0.5081300809197155,0.9852294921874398,0.3405994550399439
medium,20000,1131,Hough transform baseline,5,9,4,0.5379397233201582,0.8113636363636364,0.447463768115942,0.1111111111111111,0.5555555555555556,1,9,287,210,296,15591,0.5774647887312325,0.4922813036012139,0.5314814809836677,0.9691162109374408,0.36191677175238096
medium,20000,1132,Hough transform baseline,5,9,4,0.5296176971466307,0.788083735909823,0.5971223021582734,0.0,0.5555555555555556,0,7,312,68,231,15773,0.8210526315767868,0.5745856353580578,0.6760563375422975,0.98175048828119,0.5106382978715047
medium,20000,1133,Hough transform baseline,5,5,0,0.8230565658371666,0.7403621084797554,0.949468085106383,0.8,1.0,1,1,367,13,386,15618,0.965789473681669,0.487383798140123,0.6478375988469575,0.9756469726561904,0.4791122715398445
medium,20000,1134,Hough transform baseline,2,2,0,1.0,1.0,1.0,1.0,1.0,0,0,110,0,0,16274,0.999999999990909,0.999999999990909,0.999999999490909,0.9999999999999389,0.999999999990909
medium,20000,1135,Hough transform baseline,2,2,0,0.9411111111111111,0.888888888888889,0.9555555555555556,1.0,1.0,0,0,47,0,48,16289,0.9999999999787235,0.49473684210005536,0.6619718305337234,0.9970703124999392,0.49473684210005536
medium,20000,1136,Hough transform baseline,4,4,0,0.9878086419753086,0.9783950617283951,0.9876543209876543,1.0,1.0,0,0,166,0,110,16108,0.9999999999939759,0.6014492753601397,0.751131221247026,0.9932861328124394,0.6014492753601397
medium,20000,1137,Hough transform baseline,5,5,0,0.7502338345864662,0.7601687552213869,0.9157894736842105,0.5,1.0,1,2,272,16,383,15713,0.9444444444411652,0.4152671755718851,0.5768822901365445,0.9756469726561904,0.40536512667599794
medium,20000,1138,Hough transform baseline,4,4,0,0.873782765092274,0.7706763285024155,0.8848920863309353,1.0,1.0,0,0,124,12,122,16126,0.9117647058756488,0.5040650406483574,0.6492146592239247,0.9918212890624394,0.48062015503689687
medium,20000,1139,Hough transform baseline,1,1,0,0.9175,0.8444444444444444,0.9375,1.0,1.0,0,0,33,0,62,16289,0.9999999999696971,0.34736842104897503,0.5156249996092529,0.9962158203124392,0.34736842104897503
medium,20000,1140,Hough transform baseline,1,1,0,1.0,1.0,1.0,1.0,1.0,0,0,17,0,0,16367,0.9999999999411765,0.9999999999411765,0.9999999994411766,0.9999999999999389,0.9999999999411765
medium,20000,1141,Hough transform baseline,5,5,0,0.7295125164690383,0.8893646611037915,0.83399209486166,0.25,1.0,1,4,218,29,268,15869,0.8825910931138357,0.44855967078097003,0.5948158249267043,0.98187255859369,0.4233009708729645
medium,20000,1142,Hough transform baseline,1,1,0,0.8768181818181818,0.7666666666666667,0.9090909090909091,1.0,1.0,0,0,23,0,42,16319,0.9999999999565218,0.35384615384071005,0.5227272723292872,0.997436523437439,0.35384615384071005
medium,20000,1143,Hough transform baseline,2,2,0,0.9677707199032063,0.9385964912280702,0.9770114942528736,1.0,1.0,1,1,88,0,76,16220,0.9999999999886363,0.5365853658503867,0.6984126979526329,0.9953613281249393,0.5365853658503867
medium,20000,1144,Hough transform baseline,4,4,0,0.9203984309034619,0.89203216374269,0.8449197860962567,1.0,1.0,1,1,160,30,1,16193,0.8421052631534627,0.9937888198696039,0.9116809111791301,0.998107910156189,0.8376963350741482
medium,20000,1145,Hough transform baseline,1,1,0,0.892776359600444,0.7784967320261438,0.9622641509433962,1.0,1.0,0,0,54,0,108,16222,0.9999999999814816,0.33333333333127574,0.49999999962037045,0.9934082031249394,0.33333333333127574
medium,20000,1146,Hough transform baseline,4,6,2,0.7911374478234943,0.8338081671415004,0.8087855297157622,0.75,0.6666666666666667,3,4,301,27,277,15779,0.9176829268264705,0.5207612456738395,0.6644591606845069,0.98144531249994,0.49752066115620247
medium,20000,1147,Hough transform baseline,1,1,0,1.0,1.0,1.0,1.0,1.0,0,0,55,0,0,16329,0.9999999999818182,0.9999999999818182,0.9999999994818183,0.9999999999999389,0.9999999999818182
medium,20000,1148,Hough transform baseline,4,5,1,0.556919474363492,0.6663208345539173,0.8853754940711462,0.0,0.8,0,1,233,0,298,15853,0.9999999999957082,0.4387947269294938,0.6099476435535313,0.98181152343744,0.4387947269294938
medium,20000,1149,Hough transform baseline,2,3,1,0.5793456519585996,0.8663207547169811,0.6141732283464567,0.0,0.6666666666666667,0,1,213,16,269,15886,0.9301310043627505,0.4419087136920292,0.5991561177050845,0.98260498046869,0.42771084337263515
medium,20000,1150,Hough transform baseline,3,3,0,0.8551374345549738,0.7083333333333334,0.9319371727748691,1.0,1.0,1,1,169,9,171,16035,0.9494382022418572,0.49705882352794983,0.6525096520560366,0.9890136718749396,0.4842406876776956
medium,20000,1151,Hough transform baseline,3,4,1,0.6248237858032379,0.7302020202020202,0.8561643835616438,0.19999999999999998,0.75,1,3,124,16,199,16045,0.8857142857079593,0.3839009287913811,0.5356371486038746,0.9868774414061897,0.3657817109133753
medium,20000,1152,Hough transform baseline,5,9,4,0.6019567637211874,0.7355165031994301,0.6395939086294415,0.35,0.5555555555555556,2,4,297,60,226,15801,0.8319327731069134,0.5678776290620117,0.6749999995162577,0.98254394531244,0.5094339622632771
medium,20000,1153,Hough transform baseline,1,1,0,1.0,1.0,1.0,1.0,1.0,0,0,46,0,0,16338,0.999999999978261,0.999999999978261,0.9999999994782609,0.9999999999999389,0.999999999978261
medium,20000,1154,Hough transform baseline,4,4,0,0.9464461024684474,0.8979225557499888,0.9619047619047619,1.0,1.0,0,0,107,0,138,16139,0.9999999999906541,0.43673469387576846,0.607954545027941,0.9915771484374395,0.43673469387576846
medium,20000,1155,Hough transform baseline,1,1,0,1.0,1.0,1.0,1.0,1.0,0,0,74,0,0,16310,0.9999999999864865,0.9999999999864865,0.9999999994864865,0.9999999999999389,0.9999999999864865
medium,20000,1156,Hough transform baseline,2,2,0,0.9538295454545455,0.9075,0.9772727272727273,1.0,1.0,0,0,77,1,59,16247,0.987179487166831,0.5661764705840723,0.7196261677543017,0.9963378906249392,0.5620437956163354
medium,20000,1157,Hough transform baseline,5,4,1,0.48492395204340605,0.5676353276353276,0.7474402730375427,0.0,0.8,0,2,206,66,191,15921,0.7573529411736862,0.5188916876561237,0.6158445436112797,0.9843139648436899,0.44492440604655525
medium,20000,1158,Hough transform baseline,2,2,0,0.9518087855297157,0.9135802469135802,0.9534883720930233,1.0,1.0,0,0,45,0,56,16283,0.9999999999777779,0.4455445544510342,0.6164383557294989,0.9965820312499392,0.4455445544510342
medium,20000,1159,Hough transform baseline,3,3,0,0.9914135370299954,0.9858299595141701,0.988950276243094,1.0,1.0,3,3,158,0,107,16119,0.999999999993671,0.5962264150920897,0.7470449167861443,0.9934692382811894,0.5962264150920897
medium,20000,1160,Hough transform baseline,1,1,0,1.0,1.0,1.0,1.0,1.0,0,0,21,0,0,16363,0.999999999952381,0.999999999952381,0.9999999994523809,0.9999999999999389,0.999999999952381
medium,20000,1161,Hough transform baseline,5,4,1,0.8151453237410073,0.7040000000000001,0.841726618705036,1.0,0.8,0,0,125,18,47,16194,0.8741258741197614,0.7267441860422864,0.7936507931499925,0.9960327148436892,0.6578947368386427
medium,20000,1162,Hough transform baseline,1,1,0,0.9808158508158509,0.9641025641025641,0.9848484848484849,1.0,1.0,0,0,48,0,95,16241,0.9999999999791668,0.3356643356619884,0.502617800665552,0.9942016601561893,0.3356643356619884
medium,20000,1163,Hough transform baseline,1,2,1,0.2813256704980843,0.3071604938271605,0.4655172413793104,0.0,0.5,0,1,46,0,44,16294,0.999999999978261,0.5111111111054321,0.6764705877776815,0.997314453124939,0.5111111111054321
medium,20000,1164,Hough transform baseline,5,5,0,0.804276686420837,0.8807455776672195,0.9147058823529411,0.5,1.0,1,2,325,18,526,15515,0.9475218658864504,0.38190364277275923,0.5443886093048395,0.9667968749999409,0.3739930955116525
medium,20000,1165,Hough transform baseline,2,2,0,0.9713744588744588,0.9469696969696969,0.9761904761904762,1.0,1.0,0,0,86,0,90,16208,0.9999999999883721,0.4886363636335873,0.6564885491723093,0.9945068359374393,0.4886363636335873
medium,20000,1166,Hough transform baseline,2,2,0,0.9308170995670996,0.8674242424242424,0.9523809523809523,1.0,1.0,0,0,39,0,46,16299,0.9999999999743591,0.4588235294063668,0.6290322576231789,0.9971923828124392,0.4588235294063668
medium,20000,1167,Hough transform baseline,5,10,5,0.43765106343555404,0.6984626352015733,0.3212598425196851,0.03636363636363637,0.5,1,22,289,258,320,15517,0.5283363802549756,0.4745484400649022,0.49999999950057317,0.964721679687441,0.33333333333294884
medium,20000,1168,Hough transform baseline,2,2,0,0.8401047326906222,0.6528571428571428,0.9815950920245399,1.0,1.0,0,0,132,14,109,16129,0.9041095890349035,0.5477178423213788,0.6821705421622632,0.9924926757811894,0.5176470588214994
medium,20000,1169,Hough transform baseline,5,6,1,0.39991064215414707,0.4921895206243032,0.47546012269938653,0.0,0.8333333333333334,0,3,213,98,191,15882,0.6848874598048718,0.5272277227709722,0.5958041953109882,0.98236083984369,0.4243027888437763
medium,20000,1170,Hough transform baseline,3,4,1,0.8106747429215382,0.7415770609318997,0.759825327510917,1.0,0.75,0,0,230,3,223,15928,0.9871244635150768,0.5077262693145524,0.6705539354095273,0.9862060546874398,0.5043859649111746
medium,20000,1171,Hough transform baseline,3,4,1,0.576934065934066,0.8834188034188035,0.5219780219780219,0.0,0.75,0,1,116,60,38,16170,0.6590909090871643,0.7532467532418621,0.7030303025282645,0.9940185546874393,0.5420560747638222
medium,20000,1172,Hough transform baseline,4,6,2,0.5196162464985995,0.7716339869281046,0.5285714285714286,0.0,0.6666666666666667,0,3,211,90,189,15894,0.7009966777385349,0.5274999999986812,0.6019971464412078,0.9829711914061899,0.4306122448970804
medium,20000,1173,Hough transform baseline,4,4,0,0.6291101299865759,0.7780102336104389,0.8950276243093923,0.0,1.0,0,1,145,7,260,15972,0.9539473684147767,0.3580246913571407,0.5206463191704083,0.9837036132811899,0.35194174757196134
medium,20000,1174,Hough transform baseline,5,12,7,0.2984804005624719,0.43468816153720885,0.26898326898326896,0.02962962962962963,0.41666666666666663,1,27,314,311,249,15510,0.5023999999991962,0.5577264653631302,0.5286195281200006,0.965820312499941,0.3592677345533647
medium,20000,1175,Hough transform baseline,5,6,1,0.7208399872033681,0.762728126677402,0.8463949843260188,0.5,0.8333333333333334,1,2,268,18,144,15954,0.9370629370596607,0.6504854368916251,0.76790830896968,0.9901123046874395,0.623255813952039
medium,20000,1176,Hough transform baseline,2,2,0,0.9836863500213949,0.9715447154471544,0.9824561403508771,1.0,1.0,0,0,116,0,166,16102,0.9999999999913792,0.41134751772903777,0.5829145724483725,0.9898681640624396,0.41134751772903777
medium,20000,1177,Hough transform baseline,4,4,0,0.987531969309463,0.977124183006536,0.9891304347826086,1.0,1.0,0,0,188,0,104,16092,0.9999999999946809,0.6438356164361513,0.7833333328535417,0.9936523437499393,0.6438356164361513
medium,20000,1178,Hough transform baseline,3,4,1,0.5119570740945316,0.629495252373813,0.7684210526315789,0.0,0.75,0,1,157,12,339,15876,0.9289940828347397,0.31653225806387797,0.47218045074729825,0.9785766601561903,0.3090551181096278
medium,20000,1179,Hough transform baseline,1,1,0,1.0,1.0,1.0,1.0,1.0,0,0,52,0,0,16332,0.9999999999807693,0.9999999999807693,0.9999999994807693,0.9999999999999389,0.9999999999807693
medium,20000,1180,Hough transform baseline,3,4,1,0.7731120760959471,0.6254342431761787,0.8333333333333334,1.0,0.75,0,0,78,0,120,16186,0.9999999999871795,0.39393939393740435,0.56521739089477,0.9926757812499394,0.39393939393740435
medium,20000,1181,Hough transform baseline,4,4,0,0.8151037964717741,0.7318155432029271,0.9289340101522843,0.8,1.0,1,1,178,4,388,15814,0.9780219780166043,0.31448763250827827,0.4759358285075066,0.9760742187499404,0.3122807017538381
medium,20000,1182,Hough transform baseline,3,3,0,0.9295987183399451,0.8632183908045977,0.9557522123893806,1.0,1.0,0,0,90,2,152,16140,0.9782608695545841,0.3719008264447442,0.5389221552862419,0.9906005859374395,0.3688524590148818
medium,20000,1183,Hough transform baseline,4,4,0,0.808751559556625,0.8553502864906375,0.9942196531791907,0.5,1.0,2,1,168,0,276,15940,0.9999999999940477,0.3783783783775262,0.5490196074430348,0.9831542968749399,0.3783783783775262
medium,20000,1184,Hough transform baseline,3,3,0,0.9672889317889317,0.9307407407407406,0.9922779922779923,1.0,1.0,0,0,262,0,126,15996,0.9999999999961833,0.6752577319570225,0.8061538456701538,0.9923095703124394,0.6752577319570225
medium,20000,1185,Hough transform baseline,3,3,0,0.5752832649118571,0.6909485094850949,0.8217821782178218,0.0,1.0,0,1,84,19,124,16157,0.8155339805746065,0.4038461538442123,0.5401929255985359,0.9912719726561895,0.37004405286180597
medium,20000,1186,Hough transform baseline,3,3,0,0.9889827672745525,0.9819121447028424,0.9856115107913669,1.0,1.0,0,0,142,0,174,16068,0.9999999999929579,0.4493670886061729,0.6200873358140004,0.9893798828124396,0.4493670886061729
medium,20000,1187,Hough transform baseline,4,5,1,0.5604529106802436,0.6718743509865005,0.8905472636815921,0.0,0.8,0,1,203,0,302,15879,0.9999999999950739,0.401980198019006,0.57344632727297,0.98156738281244,0.401980198019006
medium,20000,1188,Hough transform baseline,2,2,0,0.8873359073359074,0.7813813813813815,0.9285714285714286,1.0,1.0,0,0,58,0,108,16218,0.9999999999827587,0.349397590359341,0.51785714246875,0.9934082031249394,0.349397590359341
medium,20000,1189,Hough transform baseline,3,3,0,0.9655451760256755,0.9338098593912546,0.9766536964980544,1.0,1.0,0,0,260,0,508,15616,0.9999999999961539,0.33854166666622587,0.505836575496601,0.9689941406249408,0.33854166666622587
medium,20000,1190,Hough transform baseline,1,1,0,1.0,1.0,1.0,1.0,1.0,0,0,70,0,0,16314,0.9999999999857142,0.9999999999857142,0.9999999994857143,0.9999999999999389,0.9999999999857142
medium,20000,1191,Hough transform baseline,2,3,1,0.5542789115646258,0.7933333333333333,0.653061224489796,0.0,0.6666666666666667,0,1,43,0,20,16321,0.9999999999767443,0.6825396825288487,0.8113207542194731,0.998779296874939,0.6825396825288487
medium,20000,1192,Hough transform baseline,5,7,2,0.5232448218008168,0.7087545289855072,0.6643835616438356,0.0,0.7142857142857143,1,4,218,44,259,15863,0.8320610686991143,0.4570230607956876,0.5899864677409952,0.98150634765619,0.4184261036460299
medium,20000,1193,Hough transform baseline,4,7,3,0.6250404962276044,0.7146263324690291,0.8982456140350877,0.26666666666666666,0.5714285714285714,2,3,263,12,348,15761,0.9563636363601588,0.43044189852630044,0.5936794578098461,0.9780273437499403,0.42215088282436253
medium,20000,1194,Hough transform baseline,4,10,6,0.583985288880903,0.9373256308018278,0.48594377510040165,0.1,0.4,1,10,319,142,308,15615,0.6919739696297355,0.50877192982375,0.5863970583340908,0.9725341796874406,0.4148244473336608
medium,20000,1195,Hough transform baseline,3,6,3,0.4379153766769866,0.6912280701754386,0.38431372549019605,0.0,0.5,0,3,151,94,128,16011,0.6163265306097293,0.5412186379908918,0.5763358773625007,0.9864501953124397,0.40482573726433024
medium,20000,1196,Hough transform baseline,5,7,2,0.6211491425241426,0.8030827505827506,0.6916666666666667,0.2,0.7142857142857143,1,4,192,17,296,15879,0.9186602870769442,0.3934426229500134,0.5509325677277448,0.9808959960936902,0.38019801980122736
medium,20000,1197,Hough transform baseline,5,6,1,0.6711066801278817,0.9128571428571429,0.5724381625441697,0.25,0.8333333333333334,1,4,171,74,45,16094,0.6979591836706206,0.7916666666630016,0.7418655092601484,0.9927368164061894,0.5896551724117598
medium,20000,1198,Hough transform baseline,5,8,3,0.5111561800979385,0.710842670401494,0.6438848920863309,0.0,0.625,0,3,202,45,272,15865,0.8178137651788753,0.42616033755184357,0.5603328705604906,0.9806518554686902,0.3892100192670728
medium,20000,1199,Hough transform baseline,4,5,1,0.5509593056230757,0.6755936819172113,0.8347107438016529,0.0,0.8,1,2,108,11,182,16083,0.9075630252024575,0.3724137931021641,0.5281173589980213,0.9882202148436896,0.3588039867097714
