Cycle,Training samples,sample,Method,True vectors,Predicted vectors,Vector count error,Engineering score,Line geometry score,Total length score,Junction angle score,Vector count score,True junctions,Predicted junctions,tp,fp,fn,tn,sample_precision,sample_recall,sample_f1,sample_accuracy,sample_iou
very_large,200000,0,CNN distance-density,1,2,1,0.30571428571428566,0.3499999999999999,0.4910714285714286,0.0,0.5,0,1,22,71,182,16109,0.2365591397824026,0.10784313725437332,0.1481481477169903,0.9845581054686898,0.0799999999997091
very_large,200000,1,CNN distance-density,2,2,0,0.5555,0.03888888888888888,0.94,1.0,1.0,0,0,8,90,212,16074,0.0816326530603915,0.03636363636347108,0.05031446498208141,0.98156738281244,0.02580645161281998
very_large,200000,2,CNN distance-density,2,32,30,0.055319385126432113,0.09545454545454544,0.030574198359433313,0.0,0.0625,0,203,45,756,219,15364,0.05617977528082874,0.1704545454538998,0.08450704188048405,0.9404907226561926,0.044117647058780275
very_large,200000,3,CNN distance-density,4,5,1,0.5500716303035529,0.11236645299145298,0.8475336322869955,1.0,0.8,0,0,27,192,534,15631,0.12328767123231377,0.04812834224590352,0.06923076882671599,0.9556884765624416,0.035856573705131664
very_large,200000,4,CNN distance-density,4,10,6,0.2804746229904681,0.42250533504054627,0.25173611111111116,0.0,0.4,0,19,38,783,666,14897,0.046285018270345576,0.05397727272719605,0.049836065076648214,0.9115600585936944,0.025554808338920272
very_large,200000,5,CNN distance-density,5,6,1,0.3124795339463693,0.1910505975082634,0.7158671586715868,0.0,0.8333333333333334,1,2,21,230,447,15686,0.083665338645085,0.04487179487169899,0.05841446407945667,0.9586791992186915,0.030085959885343717
very_large,200000,6,CNN distance-density,1,1,0,0.5919196428571428,0.13124999999999998,0.9142857142857143,1.0,1.0,0,0,9,26,92,16257,0.2571428571355102,0.08910891089020684,0.13235294079227938,0.9927978515624394,0.07086614173172547
very_large,200000,7,CNN distance-density,4,4,0,0.598770325203252,0.18425925925925923,0.8292682926829268,1.0,1.0,0,0,8,159,275,15942,0.047904191616479616,0.028268551236649227,0.03555555508862222,0.9735107421874406,0.01809954751127127
very_large,200000,8,CNN distance-density,3,4,1,0.2980279187817259,0.1211111111111111,0.8426395939086294,0.0,0.75,1,3,13,162,241,15968,0.0742857142852898,0.051181102362003225,0.06060606012273352,0.9754028320311905,0.03124999999992488
very_large,200000,9,CNN distance-density,2,2,0,0.6198706293706294,0.18193473193473195,0.94,1.0,1.0,0,0,24,28,108,16224,0.46153846152958583,0.18181818181680443,0.26086956480907375,0.9916992187499395,0.14999999999906252
very_large,200000,10,CNN distance-density,4,6,2,0.20384457872146491,0.0833142037302726,0.4984326018808778,0.0,0.6666666666666667,0,3,5,284,456,15639,0.017301038062223873,0.010845986984792092,0.013333332859594683,0.9548339843749417,0.006711409395964146
very_large,200000,11,CNN distance-density,4,6,2,0.23971094123268039,0.22141706924315618,0.36703296703296706,0.0,0.6666666666666667,0,3,0,416,473,15495,0.0,0.0,0.0,0.9457397460936923,0.0
very_large,200000,12,CNN distance-density,5,6,1,0.3459204526781565,0.21613655299275314,0.7155172413793103,0.08888888888888889,0.8333333333333334,1,9,9,303,634,15438,0.02884615384606139,0.013996889580071545,0.018848167099292247,0.9428100585936924,0.00951374207187155
very_large,200000,13,CNN distance-density,5,5,0,0.579620687625103,0.10161793372319687,0.9194630872483222,1.0,1.0,0,0,17,110,316,15941,0.13385826771548143,0.051051051050897744,0.07391304307821361,0.9739990234374405,0.038374717832870484
very_large,200000,14,CNN distance-density,3,14,11,0.10644014550264552,0.15393518518518517,0.07870370370370372,0.0,0.2142857142857143,1,17,92,703,195,15394,0.11572327044010601,0.3205574912880817,0.17005545247496592,0.9451904296874423,0.09292929292919906
very_large,200000,15,CNN distance-density,2,2,0,0.5452380952380952,0.0,0.9761904761904762,1.0,1.0,0,0,7,32,80,16265,0.17948717948257728,0.0804597701140177,0.11111111068190979,0.9931640624999394,0.05882352941127039
very_large,200000,16,CNN distance-density,3,4,1,0.5204072739666001,0.10573597113350752,0.7391304347826086,1.0,0.75,0,0,2,133,229,16020,0.014814814814705077,0.008658008657971178,0.010928961282973534,0.9779052734374403,0.0054945054944904
very_large,200000,17,CNN distance-density,4,6,2,0.1992641318953669,0.08575166364186329,0.4700460829493087,0.0,0.6666666666666667,1,0,11,420,546,15407,0.025522041763281853,0.01974865350086221,0.022267205985819726,0.9410400390624425,0.011258955987705979
very_large,200000,18,CNN distance-density,3,10,7,0.09789954551062532,0.0781399391568883,0.16368286445012792,0.0,0.30000000000000004,0,11,49,478,200,15657,0.09297912713454842,0.1967871485935872,0.12628865935765954,0.9586181640624415,0.06740027510307098
very_large,200000,19,CNN distance-density,2,2,0,0.5620921470121629,0.09973118279569891,0.8360655737704918,1.0,1.0,0,0,0,60,97,16227,0.0,0.0,0.0,0.9904174804686895,0.0
very_large,200000,20,CNN distance-density,1,1,0,0.8243125,0.65125,0.90625,1.0,1.0,0,0,0,59,65,16260,0.0,0.0,0.0,0.9924316406249394,0.0
very_large,200000,21,CNN distance-density,4,4,0,0.3744110774283188,0.18131236579512439,0.9641025641025641,0.0,1.0,0,1,37,142,616,15589,0.20670391061337037,0.05666156202135274,0.08894230735437951,0.9537353515624417,0.046540880503086114
very_large,200000,22,CNN distance-density,3,3,0,0.3897434782608695,0.2148888888888889,0.9652173913043478,0.0,1.0,0,1,16,75,155,16138,0.1758241758222437,0.09356725146144114,0.12213740412583765,0.9859619140624398,0.06504065040623967
very_large,200000,23,CNN distance-density,1,1,0,0.9409090909090909,0.888888888888889,0.9545454545454546,1.0,1.0,0,0,0,45,43,16296,0.0,0.0,0.0,0.9946289062499393,0.0
very_large,200000,24,CNN distance-density,1,1,0,0.5820294117647059,0.12999999999999998,0.8676470588235294,1.0,1.0,0,0,0,69,60,16255,0.0,0.0,0.0,0.9921264648436894,0.0
very_large,200000,25,CNN distance-density,4,4,0,0.6120625000000001,0.1622222222222222,0.9453125,1.0,1.0,0,0,12,94,243,16035,0.11320754716874332,0.047058823529227224,0.06648199404464362,0.9794311523436902,0.034383954154629276
very_large,200000,26,CNN distance-density,1,1,0,0.927124183006536,0.8627450980392158,0.9444444444444444,1.0,1.0,0,0,0,19,18,16347,0.0,0.0,0.0,0.997741699218689,0.0
very_large,200000,27,CNN distance-density,3,3,0,0.6877192982456141,0.3060428849902534,1.0,1.0,1.0,0,0,0,159,447,15778,0.0,0.0,0.0,0.9630126953124412,0.0
very_large,200000,28,CNN distance-density,4,7,3,0.17018750118957737,0.1291198501872659,0.27470355731225293,0.0,0.5714285714285714,0,7,0,410,329,15645,0.0,0.0,0.0,0.9548950195311917,0.0
very_large,200000,29,CNN distance-density,1,1,0,0.49736842105263157,0.0,0.736842105263158,1.0,1.0,0,0,0,19,15,16350,0.0,0.0,0.0,0.997924804687439,0.0
very_large,200000,30,CNN distance-density,2,2,0,0.5160377358490567,0.0,0.8301886792452831,1.0,1.0,0,0,3,37,82,16262,0.07499999999812501,0.0352941176466436,0.04799999956403201,0.9927368164061894,0.02459016393422467
very_large,200000,31,CNN distance-density,3,8,5,0.08867493472584856,0.0,0.25587467362924277,0.0,0.375,0,13,20,462,509,15393,0.04149377593352387,0.03780718336476785,0.03956478684027038,0.9407348632811926,0.02018163471239134
very_large,200000,32,CNN distance-density,4,7,3,0.17525005448304667,0.11754914068128022,0.3260504201680672,0.0,0.5714285714285714,0,6,25,484,423,15452,0.049115913555895646,0.05580357142844687,0.05224660347266417,0.9446411132811923,0.026824034334735167
very_large,200000,33,CNN distance-density,3,13,10,0.10049401031556764,0.12397260273972603,0.10814708002883922,0.0,0.23076923076923073,0,11,25,939,356,15064,0.025933609958479324,0.06561679790009024,0.0371747207834784,0.9209594726561937,0.01893939393937959
very_large,200000,34,CNN distance-density,3,11,8,0.07811719577078638,0.054330065359477125,0.13197969543147203,0.0,0.2727272727272727,0,14,11,624,315,15434,0.01732283464564201,0.03374233128824006,0.022892819530834718,0.9426879882811925,0.011578947368408865
very_large,200000,35,CNN distance-density,1,1,0,0.8850770750988143,0.7639393939393939,0.9565217391304348,1.0,1.0,0,0,0,47,45,16292,0.0,0.0,0.0,0.9943847656249393,0.0
very_large,200000,36,CNN distance-density,2,2,0,0.32632735849056604,0.08694968553459119,0.9359999999999999,0.0,1.0,1,1,6,97,120,16161,0.05825242718390046,0.04761904761866969,0.05240174622947694,0.9867553710936897,0.026905829596291904
very_large,200000,37,CNN distance-density,1,2,1,0.5482563025210084,0.35,0.45378151260504207,1.0,0.5,0,0,11,105,141,16127,0.09482758620607908,0.07236842105215548,0.08208955174721543,0.9849853515624398,0.04280155642006692
very_large,200000,38,CNN distance-density,5,6,1,0.3286362782785437,0.1637972045481324,0.8579710144927536,0.0,0.8333333333333334,2,2,38,265,912,15169,0.1254125412537115,0.039999999999957896,0.06065442900273056,0.9281616210936934,0.03127572016458331
very_large,200000,39,CNN distance-density,2,2,0,0.55,0.0,1.0,1.0,1.0,0,0,10,68,187,16119,0.12820512820348454,0.050761421319539285,0.07272727232037025,0.9844360351561899,0.03773584905646138
very_large,200000,40,CNN distance-density,5,7,2,0.207046992481203,0.12637426900584794,0.39375000000000004,0.0,0.7142857142857143,2,0,50,392,515,15427,0.11312217194544542,0.08849557522108231,0.09930486544569345,0.9446411132811923,0.05224660397068731
very_large,200000,41,CNN distance-density,1,1,0,0.8294285714285715,0.64,0.9571428571428572,1.0,1.0,0,0,0,68,215,16101,0.0,0.0,0.0,0.98272705078119,0.0
very_large,200000,42,CNN distance-density,1,1,0,0.8607412280701754,0.6983333333333333,0.9824561403508771,1.0,1.0,0,0,0,49,113,16222,0.0,0.0,0.0,0.9901123046874395,0.0
very_large,200000,43,CNN distance-density,4,6,2,0.29546046225173206,0.20851215644820295,0.6748166259168704,0.0,0.6666666666666667,2,5,29,341,399,15615,0.07837837837816655,0.06775700934563608,0.0726817037631108,0.9548339843749417,0.037711313393969166
very_large,200000,44,CNN distance-density,5,6,1,0.31975769583202707,0.23229437912622636,0.6594594594594594,0.0,0.8333333333333334,1,1,15,164,244,15961,0.0837988826810961,0.057915057914834304,0.06849315020129898,0.9750976562499405,0.035460992907717585
very_large,200000,45,CNN distance-density,5,6,1,0.29965890287843744,0.19452080167532299,0.6439560439560439,0.0,0.8333333333333334,1,8,16,401,678,15289,0.038369304556262904,0.023054755043194444,0.02880287981905842,0.9341430664061929,0.014611872146105378
very_large,200000,46,CNN distance-density,5,8,3,0.14412115761935906,0.04772727272727272,0.30071942446043165,0.0,0.625,1,11,70,457,399,15458,0.13282732447792633,0.14925373134296535,0.1405622484973972,0.9477539062499422,0.07559395248371967
very_large,200000,47,CNN distance-density,2,22,20,0.11123102950689158,0.20952380952380953,0.039272030651340994,0.0,0.09090909090909094,0,93,74,878,157,15275,0.07773109243689313,0.3203463203449336,0.1251056632527158,0.9368286132811928,0.06672678088361882
very_large,200000,48,CNN distance-density,2,2,0,0.5221710526315789,0.008333333333333342,0.8421052631578947,1.0,1.0,0,0,0,31,40,16313,0.0,0.0,0.0,0.9956665039061892,0.0
very_large,200000,49,CNN distance-density,4,6,2,0.23745100259462176,0.17217343976777938,0.46653144016227177,0.0,0.6666666666666667,0,1,40,432,596,15316,0.08474576271168487,0.0628930817609074,0.07220216557580576,0.9372558593749428,0.03745318352056418
very_large,200000,50,CNN distance-density,4,5,1,0.21242478287841193,0.0953525641025641,0.44758064516129037,0.0,0.8,0,1,0,241,383,15760,0.0,0.0,0.0,0.9619140624999413,0.0
very_large,200000,51,CNN distance-density,2,2,0,0.5290697674418605,0.0,0.8953488372093024,1.0,1.0,0,0,4,55,249,16076,0.06779661016834243,0.015810276679779408,0.025641025334175713,0.98144531249994,0.012987012986970822
very_large,200000,52,CNN distance-density,3,15,12,0.11193293103285454,0.1445232466509062,0.13448735019973368,0.0,0.19999999999999996,1,52,45,680,386,15273,0.062068965517155766,0.10440835266797122,0.07785467081248279,0.9349365234374429,0.040504050405004044
very_large,200000,53,CNN distance-density,2,10,8,0.197250655922039,0.34125000000000005,0.11844077961019495,0.0,0.19999999999999996,0,20,5,557,188,15634,0.00889679715300908,0.025906735751161106,0.013245032731981942,0.9545288085936917,0.0066666666666577775
very_large,200000,54,CNN distance-density,5,7,2,0.22504468599929162,0.0786951219512195,0.5910165484633569,0.0,0.7142857142857143,1,3,6,370,300,15708,0.0159574468084682,0.019607843137190824,0.01759530742310439,0.9591064453124414,0.008875739644957284
very_large,200000,55,CNN distance-density,4,5,1,0.18754807692307696,0.06805555555555555,0.3846153846153846,0.0,0.8,0,2,4,175,173,16032,0.02234636871495896,0.0225988700563695,0.022471909612249097,0.9787597656249403,0.01136363636360408
very_large,200000,56,CNN distance-density,4,6,2,0.2553584634846494,0.27021116138763196,0.3354838709677419,0.0,0.6666666666666667,0,5,11,227,94,16052,0.04621848739476379,0.10476190476090702,0.06413994126576512,0.9804077148436902,0.033132530120382135
very_large,200000,57,CNN distance-density,4,12,8,0.1673794750265195,0.21012894375857336,0.19744058500914075,0.0,0.33333333333333337,3,33,57,832,510,14985,0.06411698537675578,0.10052910052892323,0.07829670282105025,0.9180908203124439,0.040743388134352576
very_large,200000,58,CNN distance-density,1,1,0,0.7946666666666666,0.5733333333333334,0.9333333333333333,1.0,1.0,0,0,0,61,173,16150,0.0,0.0,0.0,0.9857177734374398,0.0
very_large,200000,59,CNN distance-density,3,3,0,0.42757452574525745,0.3143631436314363,0.9305555555555556,0.0,1.0,1,1,6,126,228,16024,0.045454545454201106,0.025641025640916065,0.03278688478455613,0.9783935546874403,0.01666666666662037
very_large,200000,60,CNN distance-density,2,3,1,0.22826127819548875,0.11359649122807017,0.5523809523809524,0.0,0.6666666666666667,0,2,0,94,144,16146,0.0,0.0,0.0,0.9854736328124398,0.0
very_large,200000,61,CNN distance-density,5,8,3,0.20209997052755674,0.1466419098143236,0.3680555555555556,0.0,0.625,0,13,55,532,615,15182,0.0936967632025661,0.08208955223868344,0.08750994381389438,0.9299926757811933,0.0457570715473829
very_large,200000,62,CNN distance-density,2,11,9,0.09711686117936118,0.13036616161616163,0.10135135135135132,0.0,0.18181818181818177,0,12,32,725,221,15406,0.042272126816324605,0.12648221343823526,0.06336633625804333,0.9422607421874425,0.03271983640078454
very_large,200000,63,CNN distance-density,2,4,2,0.3326913407821229,0.40722222222222226,0.4972067039106145,0.0,0.5,0,1,11,164,271,15938,0.06285714285678368,0.03900709219844324,0.048140043290875234,0.9734497070311906,0.024663677129989545
very_large,200000,64,CNN distance-density,4,4,0,0.5944810872773906,0.13412022922312553,0.9206349206349207,1.0,1.0,0,0,3,118,368,15895,0.02479338842954716,0.00808625336925044,0.01219512158026804,0.9703369140624407,0.006134969325140828
very_large,200000,65,CNN distance-density,3,9,6,0.11975688350803966,0.08995849297573434,0.22971114167812934,0.0,0.33333333333333337,0,13,94,523,352,15415,0.15235008103703024,0.21076233183809245,0.1768579487129824,0.9465942382811922,0.09700722394210835
very_large,200000,66,CNN distance-density,5,10,5,0.19572241152406117,0.14169042008005087,0.3177033492822966,0.07368421052631578,0.5,4,19,38,805,678,14863,0.045077105575272745,0.0530726256982499,0.048749197707232454,0.9094848632811945,0.024983563445085483
very_large,200000,67,CNN distance-density,5,5,0,0.30553517031293276,0.051932367149758456,0.910828025477707,0.0,1.0,1,0,12,262,699,15411,0.04379562043779637,0.016877637130777952,0.024365481831867875,0.9413452148436925,0.012332990750244263
very_large,200000,68,CNN distance-density,4,5,1,0.6227254496459234,0.27599451303155004,0.8426395939086294,1.0,0.8,0,0,16,174,423,15771,0.08421052631534627,0.03644646924820855,0.05087440339377365,0.9635620117186912,0.026101141924916638
very_large,200000,69,CNN distance-density,1,1,0,0.8229627791563275,0.6270967741935484,0.9538461538461538,1.0,1.0,0,0,0,66,63,16255,0.0,0.0,0.0,0.9921264648436894,0.0
very_large,200000,70,CNN distance-density,2,13,11,0.06767069080796267,0.08009950248756217,0.08120649651972156,0.0,0.15384615384615385,0,27,51,741,295,15297,0.0643939393938581,0.14739884393020983,0.0896309310353409,0.9367675781249428,0.046918123275025835
very_large,200000,71,CNN distance-density,1,1,0,0.5540277777777778,0.05833333333333331,0.8888888888888888,1.0,1.0,0,0,0,37,101,16246,0.0,0.0,0.0,0.9915771484374395,0.0
very_large,200000,72,CNN distance-density,2,18,16,0.1696760466496877,0.3102209295493272,0.09482758620689657,0.0,0.11111111111111116,0,110,70,607,170,15537,0.10339734121107327,0.2916666666654514,0.1526717553384097,0.9525756835936918,0.08264462809907598
very_large,200000,73,CNN distance-density,5,8,3,0.1966852548391819,0.13687258277019848,0.36296296296296293,0.0,0.625,1,12,15,536,666,15167,0.027223230489968744,0.02202643171802933,0.02435064885617701,0.9266357421874434,0.012325390304016167
very_large,200000,74,CNN distance-density,4,7,3,0.21232460851595222,0.1466069295101553,0.4460431654676259,0.0,0.5714285714285714,1,10,26,462,613,15283,0.053278688524480984,0.04068857589977983,0.046140194717412174,0.9343872070311929,0.023614895549479004
very_large,200000,75,CNN distance-density,3,4,1,0.38562193126022914,0.24819058010547373,0.9946808510638298,0.0,0.75,1,0,49,137,540,15658,0.26344086021363744,0.08319185059408626,0.12645161253809947,0.9586791992186915,0.06749311294756544
very_large,200000,76,CNN distance-density,3,15,12,0.06462010617120105,0.0611111111111111,0.08560053085600527,0.0,0.19999999999999996,0,27,51,777,329,15227,0.061594202898476336,0.13421052631543628,0.08443708566134435,0.932495117187443,0.04407951598959025
very_large,200000,77,CNN distance-density,5,7,2,0.21761778776111634,0.12278048780487805,0.45468998410174877,0.0,0.7142857142857143,1,7,55,533,595,15201,0.09353741496582732,0.08461538461525443,0.08885298819254829,0.9311523437499432,0.04649196956885335
very_large,200000,78,CNN distance-density,3,3,0,0.6084999999999999,0.13,1.0,1.0,1.0,0,0,4,63,152,16165,0.05970149253642236,0.02564102564086128,0.035874439041203326,0.9868774414061897,0.018264840182565002
very_large,200000,79,CNN distance-density,5,7,2,0.2536344343216651,0.16011025087354142,0.55078125,0.0,0.7142857142857143,2,8,24,443,310,15607,0.051391862954922075,0.07185628742493456,0.05992509314659423,0.9540405273436917,0.030888030887991136
very_large,200000,80,CNN distance-density,2,2,0,0.4629032258064516,0.0,0.564516129032258,1.0,1.0,0,0,3,58,34,16289,0.04918032786804623,0.08108108107888971,0.061224489324656406,0.9943847656249393,0.03157894736808864
very_large,200000,81,CNN distance-density,2,2,0,0.495679012345679,0.0,0.7283950617283951,1.0,1.0,0,0,0,56,78,16250,0.0,0.0,0.0,0.9918212890624394,0.0
very_large,200000,82,CNN distance-density,3,15,12,0.06321713063894013,0.04672470978441127,0.1109550561797753,0.0,0.19999999999999996,1,17,3,814,260,15307,0.0036719706242305116,0.011406844106420507,0.005555555187110793,0.9344482421874429,0.0027855153203316754
very_large,200000,83,CNN distance-density,3,3,0,0.5968939393939394,0.15000000000000002,0.896969696969697,1.0,1.0,0,0,12,137,365,15870,0.08053691275113734,0.03183023872670602,0.04562737601962585,0.9693603515624408,0.023346303501900104
very_large,200000,84,CNN distance-density,1,1,0,0.8631587301587301,0.702962962962963,0.9841269841269842,1.0,1.0,0,0,0,63,198,16123,0.0,0.0,0.0,0.9840698242186899,0.0
very_large,200000,85,CNN distance-density,5,5,0,0.6443479500891266,0.24737254901960778,0.9151515151515152,1.0,1.0,0,0,7,133,380,15864,0.04999999999964286,0.018087855297110884,0.026565464505370354,0.9686889648436908,0.013461538461512575
very_large,200000,86,CNN distance-density,1,1,0,0.6033333333333334,0.15555555555555553,0.9166666666666666,1.0,1.0,0,0,0,34,37,16313,0.0,0.0,0.0,0.9956665039061892,0.0
very_large,200000,87,CNN distance-density,5,7,2,0.18282001353695165,0.08539393939393937,0.3648208469055375,0.0,0.7142857142857143,1,5,28,522,522,15312,0.050909090908998346,0.050909090908998346,0.05090909040899835,0.9362792968749428,0.026119402985050263
very_large,200000,88,CNN distance-density,4,10,6,0.13664275909402884,0.13422194409678764,0.18121442125237197,0.0,0.4,0,6,31,819,307,15227,0.03647058823525121,0.0917159763310896,0.05218855178133468,0.9312744140624432,0.026793431287790152
very_large,200000,89,CNN distance-density,1,1,0,0.8674242424242424,0.7525252525252526,0.8939393939393939,1.0,1.0,0,0,60,0,147,16177,0.9999999999833334,0.28985507246236786,0.4494382018953836,0.9910278320311895,0.28985507246236786
very_large,200000,90,CNN distance-density,3,9,6,0.3862753623188405,0.15629629629629627,0.1630434782608695,1.0,0.33333333333333337,0,0,26,856,405,15097,0.0294784580498532,0.060324825985938926,0.03960395995497135,0.9230346679686936,0.020202020202004504
very_large,200000,91,CNN distance-density,5,14,9,0.19656720113531495,0.2572725871107,0.2254012561060712,0.0,0.3571428571428571,2,37,45,846,649,14844,0.05050505050499382,0.06484149855898438,0.05678233389251043,0.9087524414061945,0.029220779220760246
very_large,200000,92,CNN distance-density,2,13,11,0.2412267027797364,0.42419753086419754,0.1575246132208158,0.013793103448275864,0.15384615384615385,1,29,24,1004,419,14937,0.023346303501922815,0.05417607223464069,0.032630862937293455,0.9131469726561943,0.016586040082918738
very_large,200000,93,CNN distance-density,3,3,0,0.5650762711864407,0.09,0.8728813559322034,1.0,1.0,0,0,3,91,268,16022,0.031914893616681754,0.011070110701066163,0.01643835578187278,0.9780883789061903,0.008287292817656665
very_large,200000,94,CNN distance-density,4,8,4,0.17957205998781745,0.13087343920475208,0.3533950617283951,0.0,0.5,0,12,21,539,596,15228,0.03749999999993304,0.034035656401889734,0.03568394172711032,0.9307250976561932,0.018166089965382208
very_large,200000,95,CNN distance-density,5,6,1,0.35067850547421187,0.19047619047619047,0.814404432132964,0.075,0.8333333333333334,4,8,28,297,317,15742,0.08615384615358107,0.08115942028961982,0.08358208905243485,0.9625244140624413,0.0436137071650411
very_large,200000,96,CNN distance-density,2,3,1,0.20152394363814743,0.07612994350282486,0.5029940119760479,0.0,0.6666666666666667,0,1,0,164,212,16008,0.0,0.0,0.0,0.9770507812499404,0.0
very_large,200000,97,CNN distance-density,2,20,18,0.23922835974178408,0.46532228090766825,0.09916666666666663,0.0,0.09999999999999998,0,45,32,616,272,15464,0.04938271604930651,0.10526315789439059,0.06722689032144623,0.9458007812499423,0.034782608695614364
very_large,200000,98,CNN distance-density,2,2,0,0.27385919425608296,0.02753623188405796,0.8073394495412844,0.0,1.0,1,1,10,64,159,16151,0.13513513513330896,0.05917159763278597,0.08230452632471337,0.9863891601561897,0.04291845493543812
very_large,200000,99,CNN distance-density,1,1,0,0.7990217391304348,0.65,0.782608695652174,1.0,1.0,0,0,0,17,74,16293,0.0,0.0,0.0,0.9944458007811893,0.0
very_large,200000,100,CNN distance-density,5,8,3,0.2522945438308415,0.19552956465237167,0.5090311986863711,0.0,0.625,1,4,7,515,468,15394,0.013409961685798066,0.014736842105232134,0.01404212588022042,0.9400024414061926,0.007070707070699928
very_large,200000,101,CNN distance-density,5,22,17,0.09508025021559773,0.10648286967627296,0.12217843067001077,0.0,0.2272727272727273,4,125,121,1030,635,14598,0.10512597741085566,0.16005291005269834,0.1269008909738619,0.8983764648436952,0.06774916013434057
very_large,200000,102,CNN distance-density,2,16,14,0.16289489707820237,0.3106779661016949,0.05294906166219837,0.0,0.125,0,30,28,829,101,15426,0.032672112018631655,0.2170542635642089,0.056795131618297134,0.9432373046874424,0.02922755741124298
very_large,200000,103,CNN distance-density,3,15,12,0.08496175030599754,0.08953488372093023,0.12335526315789469,0.0,0.19999999999999996,0,59,26,650,443,15265,0.038461538461481565,0.055437100213101415,0.04541484667783452,0.933288574218693,0.023235031277905955
very_large,200000,104,CNN distance-density,4,7,3,0.1835938547954393,0.14328703703703705,0.3098591549295775,0.0,0.5714285714285714,0,2,3,546,460,15375,0.005464480874306987,0.0064794816414546885,0.0059288532585398575,0.9385986328124427,0.0029732408325044866
very_large,200000,105,CNN distance-density,2,2,0,0.6753501523229246,0.30935897435897436,0.9306930693069306,1.0,1.0,0,0,0,96,183,16105,0.0,0.0,0.0,0.9829711914061899,0.0
very_large,200000,106,CNN distance-density,2,2,0,0.6083345682166581,0.1339473684210526,0.9902912621359223,1.0,1.0,0,0,4,76,358,15946,0.049999999999374996,0.011049723756875554,0.0180995472147581,0.9735107421874406,0.00913242009130335
very_large,200000,107,CNN distance-density,3,6,3,0.1466215106732348,0.08984674329501914,0.28095238095238095,0.0,0.5,0,4,37,317,336,15694,0.10451977401100418,0.09919571045549813,0.10178817006402298,0.9601440429686914,0.05362318840571939
very_large,200000,108,CNN distance-density,5,6,1,0.32436147186634934,0.15869973081001715,0.8480662983425414,0.0,0.8333333333333334,1,3,26,300,574,15484,0.07975460122674922,0.043333333333261115,0.05615550710305129,0.9466552734374422,0.02888888888885679
very_large,200000,109,CNN distance-density,1,1,0,0.8922413793103448,0.7988505747126436,0.9137931034482758,1.0,1.0,0,0,0,54,179,16151,0.0,0.0,0.0,0.9857788085936898,0.0
very_large,200000,110,CNN distance-density,1,2,1,0.6019367816091955,0.39,0.632183908045977,1.0,0.5,0,0,34,55,140,16155,0.38202247190581995,0.19540229884945173,0.25855513263010893,0.9880981445311897,0.1484716157198757
very_large,200000,111,CNN distance-density,4,10,6,0.14921575719197328,0.13219906612211657,0.24863088718510407,0.0,0.4,2,0,55,760,406,15163,0.06748466257660432,0.11930585683271301,0.08620689609007258,0.9288330078124433,0.045045045045008156
very_large,200000,112,CNN distance-density,2,2,0,0.6809027777777777,0.45138888888888895,0.6388888888888888,1.0,1.0,0,0,22,49,78,16235,0.3098591549252132,0.21999999999779998,0.25730994103183885,0.9922485351561894,0.14765100671041845
very_large,200000,113,CNN distance-density,5,6,1,0.3487449982760785,0.16133697457226867,0.8390501319261214,0.1,0.8333333333333334,2,8,93,271,913,15107,0.2554945054938036,0.09244532803171725,0.13576642296726518,0.9277343749999434,0.07282693813619982
very_large,200000,114,CNN distance-density,1,1,0,0.6212931034482758,0.1890804597701149,0.9310344827586207,1.0,1.0,0,0,1,26,29,16328,0.03703703703566529,0.03333333333222222,0.03508771879839951,0.9966430664061892,0.01785714285682398
very_large,200000,115,CNN distance-density,2,10,8,0.09327553424629345,0.11349397590361444,0.11101622544833478,0.0,0.19999999999999996,0,25,0,455,478,15451,0.0,0.0,0.0,0.9430541992186924,0.0
very_large,200000,116,CNN distance-density,4,6,2,0.17128821044546852,0.06868279569892473,0.36857142857142855,0.0,0.6666666666666667,0,3,46,262,219,15857,0.14935064935016445,0.17358490565972232,0.16055846372564103,0.9706420898436907,0.08728652751406588
very_large,200000,117,CNN distance-density,1,1,0,0.5540277777777778,0.05833333333333331,0.8888888888888888,1.0,1.0,0,0,0,19,17,16348,0.0,0.0,0.0,0.997802734374939,0.0
very_large,200000,118,CNN distance-density,3,3,0,0.6104418604651163,0.21764857881136948,0.8125,1.0,1.0,0,0,9,95,352,15928,0.08653846153762944,0.024930747922368615,0.03870967707192046,0.9727172851561906,0.019736842105219875
very_large,200000,119,CNN distance-density,4,5,1,0.5820390070921986,0.19444444444444445,0.8226950354609929,1.0,0.8,0,0,12,103,331,15938,0.10434782608604914,0.03498542274042278,0.05240174634857269,0.9735107421874406,0.02690582959635223
very_large,200000,120,CNN distance-density,5,5,0,0.33545337036641387,0.1227027027027027,0.9011857707509882,0.0,1.0,2,0,23,189,357,15815,0.10849056603722411,0.0605263157893144,0.07770270224270681,0.9666748046874409,0.04042179261855813
very_large,200000,121,CNN distance-density,3,16,13,0.16111667846242317,0.27803418803418806,0.08625646923519259,0.0,0.1875,1,39,67,1166,251,14900,0.054339010543346035,0.21069182389870852,0.08639587330382054,0.9135131835936943,0.045148247978406233
very_large,200000,122,CNN distance-density,1,1,0,0.5453421052631579,0.12999999999999998,0.6842105263157895,1.0,1.0,0,0,0,14,20,16350,0.0,0.0,0.0,0.997924804687439,0.0
very_large,200000,123,CNN distance-density,5,7,2,0.3285039584781819,0.28761850716906895,0.5882352941176471,0.04,0.7142857142857143,1,10,38,434,704,15208,0.08050847457610062,0.05121293800532182,0.0626029649282533,0.9305419921874432,0.03231292517004055
very_large,200000,124,CNN distance-density,2,2,0,0.6002380952380952,0.18571428571428572,0.8333333333333334,1.0,1.0,0,0,0,88,327,15969,0.0,0.0,0.0,0.9746704101561905,0.0
very_large,200000,125,CNN distance-density,2,2,0,0.7131818181818181,0.4292929292929292,0.85,1.0,1.0,0,0,28,34,99,16223,0.4516129032185224,0.2204724409431459,0.2962962958522997,0.9918823242186894,0.17391304347718067
very_large,200000,126,CNN distance-density,1,1,0,0.5289285714285714,0.016666666666666684,0.8571428571428572,1.0,1.0,0,0,0,20,21,16343,0.0,0.0,0.0,0.997497558593689,0.0
very_large,200000,127,CNN distance-density,2,2,0,0.7600044642857143,0.479375,0.9714285714285714,1.0,1.0,0,0,13,48,134,16189,0.213114754094867,0.08843537414905826,0.1249999995842733,0.9888916015624396,0.06666666666632479
very_large,200000,128,CNN distance-density,3,11,8,0.09169807753542429,0.06805555555555555,0.16900175131348516,0.0,0.2727272727272727,2,21,26,732,408,15218,0.03430079155668298,0.05990783410124445,0.04362416061069322,0.9304199218749432,0.022298456260701288
very_large,200000,129,CNN distance-density,5,6,1,0.19119649398220828,0.034102564102564105,0.4625850340136054,0.0,0.8333333333333334,0,4,45,336,352,15651,0.11811023622016244,0.11335012594429887,0.11568123343307604,0.9580078124999415,0.06139154160973889
very_large,200000,130,CNN distance-density,4,8,4,0.12843168496801927,0.050448644520809466,0.278648974668275,0.0,0.5,1,2,50,677,586,15071,0.068775790921501,0.07861635220113425,0.07336757103550334,0.9229125976561936,0.03808073115000908
very_large,200000,131,CNN distance-density,2,2,0,0.697979797979798,0.33333333333333337,0.98989898989899,1.0,1.0,0,0,19,81,292,15992,0.1899999999981,0.061093247588228,0.0924574205559048,0.9772338867186904,0.048469387754978395
very_large,200000,132,CNN distance-density,3,3,0,0.7229056175953744,0.3890656236418948,0.9891304347826086,1.0,1.0,0,0,0,89,235,16060,0.0,0.0,0.0,0.9802246093749402,0.0
very_large,200000,133,CNN distance-density,3,3,0,0.399597423510467,0.29951690821256044,0.8240740740740741,0.0,1.0,0,1,5,82,160,16137,0.0574712643671555,0.03030303030284665,0.03968253923012724,0.9852294921874398,0.02024291497967513
very_large,200000,134,CNN distance-density,4,5,1,0.37849275653861275,0.3159130640207891,0.7816593886462881,0.0,0.8,0,6,5,205,415,15759,0.023809523809410434,0.01190476190473356,0.015873015428521053,0.9621582031249413,0.0079999999999872
very_large,200000,135,CNN distance-density,3,5,2,0.2819668542839275,0.2692307692307692,0.5040650406504066,0.0,0.6,0,1,19,209,217,15939,0.08333333333296784,0.08050847457593005,0.08189655122393356,0.9739990234374405,0.0426966292133872
very_large,200000,136,CNN distance-density,4,8,4,0.09196547144754318,0.0,0.20982735723771584,0.0,0.5,0,18,35,554,295,15500,0.05942275042434733,0.10606060606028467,0.07616974926751295,0.9481811523436922,0.03959276018095069
very_large,200000,137,CNN distance-density,1,1,0,0.8850770750988143,0.763939393939394,0.9565217391304348,1.0,1.0,0,0,16,18,148,16202,0.4705882352802769,0.09756097560916122,0.16161616133006837,0.9898681640624396,0.08791208791160489
very_large,200000,138,CNN distance-density,4,6,2,0.31642532592250194,0.283632812112279,0.6106194690265487,0.0,0.6666666666666667,2,4,15,416,569,15384,0.03480278422265707,0.025684931506805335,0.029556649757608296,0.9398803710936926,0.014999999999985001
very_large,200000,139,CNN distance-density,3,5,2,0.36757141102572205,0.38587297688255684,0.6696428571428572,0.0,0.6,1,4,20,179,346,15839,0.10050251256230903,0.0546448087430201,0.07079645972042291,0.9679565429686909,0.036697247706354685
very_large,200000,140,CNN distance-density,1,1,0,0.926045827202018,0.8606965174129353,0.9436619718309859,1.0,1.0,0,0,0,72,206,16106,0.0,0.0,0.0,0.9830322265624399,0.0
very_large,200000,141,CNN distance-density,5,6,1,0.21846546382358303,0.1213859020310633,0.40254237288135597,0.0,0.8333333333333334,0,7,50,335,408,15591,0.12987012986979254,0.10917030567661754,0.1186239615438001,0.9546508789061917,0.06305170239588519
very_large,200000,142,CNN distance-density,5,8,3,0.19034150204294603,0.1012625770853619,0.4113667117726658,0.0,0.625,0,9,8,649,625,15102,0.012176560121747068,0.012638230647689356,0.012403100275347655,0.9222412109374437,0.006240249609979532
very_large,200000,143,CNN distance-density,5,4,1,0.2652806046093984,0.024358974358974356,0.8715953307392996,0.0,0.8,3,0,45,161,512,15666,0.21844660194068716,0.08078994613989086,0.11795543866185935,0.9589233398436915,0.0626740947074336
very_large,200000,144,CNN distance-density,5,5,0,0.35591030032141424,0.2650423976608187,0.6832061068702291,0.0,1.0,1,4,33,218,284,15849,0.13147410358513356,0.10410094637191136,0.1161971826049333,0.9693603515624408,0.06168224299053891
very_large,200000,145,CNN distance-density,2,2,0,0.5994698857736241,0.1971604938271605,0.8037383177570093,1.0,1.0,0,0,0,88,167,16129,0.0,0.0,0.0,0.9844360351561899,0.0
very_large,200000,146,CNN distance-density,3,3,0,0.4066296056419113,0.1396604938271605,0.9689119170984456,0.19999999999999998,1.0,1,3,52,125,317,15890,0.2937853107328035,0.14092140921371024,0.19047619003732102,0.9730224609374406,0.10526315789452376
very_large,200000,147,CNN distance-density,1,1,0,0.6905,0.38999999999999996,0.825,1.0,1.0,0,0,0,25,85,16274,0.0,0.0,0.0,0.9932861328124394,0.0
very_large,200000,148,CNN distance-density,4,5,1,0.4012666112956811,0.3151162790697674,0.8973214285714286,0.0,0.8,0,1,4,199,322,15859,0.01970443349743988,0.01226993865026911,0.01512287287290999,0.9682006835936908,0.007619047619033106
very_large,200000,149,CNN distance-density,3,5,2,0.2660461393596987,0.17765432098765432,0.6305084745762712,0.0,0.6,0,1,9,259,432,15684,0.0335820895521135,0.020408163265259845,0.0253878697694721,0.9578247070311915,0.01285714285712449
very_large,200000,150,CNN distance-density,2,12,10,0.20371940928270038,0.37666666666666665,0.08776371308016873,0.0,0.16666666666666663,0,17,55,766,253,15310,0.06699147381234227,0.1785714285708488,0.09743135478463662,0.9378051757811927,0.05121042830535269
very_large,200000,151,CNN distance-density,3,6,3,0.16553569942581345,0.040163934426229515,0.4873096446700508,0.0,0.5,1,5,22,327,436,15599,0.063037249283487,0.048034934497711713,0.05452292392038683,0.9534301757811918,0.02802547770697067
very_large,200000,152,CNN distance-density,1,1,0,0.6268548387096774,0.19946236559139782,0.935483870967742,1.0,1.0,0,0,5,25,97,16257,0.1666666666611111,0.049019607842656666,0.07575757540518825,0.9925537109374394,0.03937007873984748
very_large,200000,153,CNN distance-density,4,11,7,0.07082124803182234,0.0,0.17228805834092986,0.0,0.36363636363636365,0,20,13,843,434,15094,0.015186915887832726,0.02908277404915194,0.01995395196673125,0.9220581054686937,0.01007751937983715
very_large,200000,154,CNN distance-density,4,4,0,0.6427058904867257,0.21781250000000002,0.9734513274336283,1.0,1.0,0,0,13,97,184,16090,0.1181818181807438,0.06598984771540108,0.08469055328553089,0.9828491210936899,0.04421768707467953
very_large,200000,155,CNN distance-density,2,2,0,0.34396873552570634,0.14320261437908494,0.8976377952755905,0.0,1.0,0,1,37,72,362,15913,0.33944954128128946,0.09273182957370243,0.14566929100095327,0.9735107421874406,0.07855626326947228
very_large,200000,156,CNN distance-density,2,3,1,0.5378205128205128,0.11111111111111109,0.8557692307692308,1.0,0.6666666666666667,0,0,5,99,94,16186,0.0480769230764608,0.05050505050454035,0.04926108324366037,0.9882202148436896,0.025252525252397715
very_large,200000,157,CNN distance-density,5,7,2,0.23885313927427398,0.026643967193348727,0.6105072463768115,0.13333333333333333,0.7142857142857143,3,9,52,426,598,15308,0.1087866108784335,0.07999999999987692,0.09219858107174564,0.9374999999999427,0.04832713754642349
very_large,200000,158,CNN distance-density,4,4,0,0.35623735391335143,0.20393410852713179,0.8223350253807107,0.0,1.0,1,0,3,148,253,15980,0.0198675496687426,0.011718749999954224,0.014742014275220513,0.9755249023436904,0.007425742574239045
very_large,200000,159,CNN distance-density,3,3,0,0.5970108695652174,0.10833333333333334,0.991304347826087,1.0,1.0,0,0,0,117,306,15961,0.0,0.0,0.0,0.9741821289061905,0.0
very_large,200000,160,CNN distance-density,5,5,0,0.6211401115023474,0.18104166666666666,0.9483568075117371,1.0,1.0,0,0,0,198,497,15689,0.0,0.0,0.0,0.9575805664061915,0.0
very_large,200000,161,CNN distance-density,2,13,11,0.15803090986775928,0.2568590704647676,0.1352985638699924,0.0,0.15384615384615385,0,38,10,795,353,15226,0.012422360248431774,0.027548209366315295,0.01712328724280618,0.9299316406249433,0.008635578583757655
very_large,200000,162,CNN distance-density,2,2,0,0.746619918699187,0.45500000000000007,0.959349593495935,1.0,1.0,0,0,0,115,312,15957,0.0,0.0,0.0,0.9739379882811905,0.0
very_large,200000,163,CNN distance-density,2,10,8,0.07211830382534085,0.0719279661016949,0.09875359539789075,0.0,0.19999999999999996,0,9,0,666,264,15454,0.0,0.0,0.0,0.9432373046874424,0.0
very_large,200000,164,CNN distance-density,1,1,0,0.8197088607594937,0.6218565400843882,0.9493670886075949,1.0,1.0,0,0,0,76,80,16228,0.0,0.0,0.0,0.9904785156249395,0.0
very_large,200000,165,CNN distance-density,1,1,0,0.5136363636363637,0.0,0.8181818181818181,1.0,1.0,0,0,0,19,23,16342,0.0,0.0,0.0,0.997436523437439,0.0
very_large,200000,166,CNN distance-density,3,15,12,0.12703511053315997,0.2,0.08517555266579979,0.0,0.19999999999999996,0,21,63,1036,248,15037,0.05732484076427905,0.2025723472662297,0.089361701783698,0.9216308593749437,0.046770601336268175
very_large,200000,167,CNN distance-density,5,12,7,0.11916738258170484,0.06690168429298864,0.23697478991596643,0.0,0.41666666666666663,3,26,103,785,548,14948,0.11599099099086037,0.1582181259598184,0.13385315090869448,0.9186401367186939,0.0717270194985573
very_large,200000,168,CNN distance-density,1,1,0,0.5444565217391304,0.045652173913043444,0.8695652173913043,1.0,1.0,0,0,0,29,112,16243,0.0,0.0,0.0,0.9913940429686895,0.0
very_large,200000,169,CNN distance-density,3,7,4,0.24494915993590466,0.2965977605512489,0.3431151241534989,0.0,0.4285714285714286,0,8,3,352,287,15742,0.008450704225328308,0.010344827586171225,0.009302325086444352,0.9609985351561913,0.004672897196254404
very_large,200000,170,CNN distance-density,5,7,2,0.24291035063543104,0.19814814814814813,0.4115755627009646,0.0,0.7142857142857143,2,9,19,505,356,15504,0.03625954198466363,0.05066666666653156,0.04226918750029263,0.9474487304686922,0.021590909090884555
very_large,200000,171,CNN distance-density,3,19,16,0.18154063471671944,0.3390070921985816,0.06598984771573602,0.0,0.1578947368421053,0,86,31,821,239,15293,0.03638497652577889,0.11481481481438958,0.055258466657607856,0.9353027343749429,0.028414298808406586
very_large,200000,172,CNN distance-density,4,6,2,0.15704597701149425,0.05862068965517241,0.31999999999999995,0.0,0.6666666666666667,0,2,14,272,305,15793,0.0489510489508778,0.04388714733528562,0.046280991236871814,0.964782714843691,0.02368866328253183
very_large,200000,173,CNN distance-density,2,2,0,0.5519002530959053,0.022240802675585276,0.9594594594594594,1.0,1.0,0,0,5,70,213,16096,0.06666666666577778,0.022935779816408552,0.034129692451630195,0.98272705078119,0.01736111111105083
very_large,200000,174,CNN distance-density,2,2,0,0.5430232558139535,0.0,0.9651162790697675,1.0,1.0,0,0,14,66,110,16194,0.1749999999978125,0.1129032258055411,0.13725490148269895,0.9892578124999396,0.07368421052592798
very_large,200000,175,CNN distance-density,5,5,0,0.36817588161997405,0.1695199771735159,0.9594594594594594,0.0,1.0,0,1,16,124,362,15882,0.11428571428489796,0.04232804232793035,0.06177606138137477,0.9703369140624407,0.03187250996009587
very_large,200000,176,CNN distance-density,2,2,0,0.6660227272727273,0.3289393939393939,0.84,1.0,1.0,0,0,0,86,240,16058,0.0,0.0,0.0,0.9801025390624402,0.0
very_large,200000,177,CNN distance-density,2,35,33,0.09222145266200915,0.175,0.038785834738617186,0.0,0.05714285714285716,0,233,0,989,275,15120,0.0,0.0,0.0,0.9228515624999436,0.0
very_large,200000,178,CNN distance-density,3,5,2,0.49436363636363634,0.17333333333333334,0.5318181818181817,1.0,0.6,0,0,10,203,256,15915,0.04694835680729133,0.03759398496226469,0.04175365295062348,0.9719848632811906,0.021321961620423623
very_large,200000,179,CNN distance-density,4,10,6,0.10853108288770054,0.06672979797979797,0.1925133689839572,0.0,0.4,0,15,44,932,594,14814,0.04508196721306856,0.06896551724127122,0.05452292393326055,0.9068603515624446,0.02802547770698852
very_large,200000,180,CNN distance-density,5,5,0,0.27375713658322354,0.0808519982433026,0.6868686868686869,0.0,1.0,1,0,8,192,311,15873,0.0399999999998,0.025078369905877498,0.030828515903816814,0.9692993164061908,0.01565557729938228
very_large,200000,181,CNN distance-density,1,1,0,0.6597079772079772,0.2602564102564103,0.962962962962963,1.0,1.0,0,0,0,28,27,16329,0.0,0.0,0.0,0.9966430664061892,0.0
very_large,200000,182,CNN distance-density,5,8,3,0.2168257907542579,0.1753333333333333,0.3771289537712895,0.0,0.625,2,18,108,350,677,15249,0.23580786026149386,0.13757961783421965,0.17377312905966605,0.9373168945311927,0.0951541850219426
very_large,200000,183,CNN distance-density,4,5,1,0.31730576587070475,0.12470588235294118,0.905940594059406,0.0,0.8,0,1,13,184,506,15681,0.06598984771540108,0.025048169556791816,0.03631284876303409,0.9578857421874415,0.018492176386886924
very_large,200000,184,CNN distance-density,2,2,0,0.7892118537200504,0.5461538461538462,0.9672131147540983,1.0,1.0,0,0,0,120,380,15884,0.0,0.0,0.0,0.9694824218749408,0.0
very_large,200000,185,CNN distance-density,4,11,7,0.10539322777054455,0.0875,0.1482729570345409,0.0,0.36363636363636365,0,9,47,1011,441,14885,0.044423440453644214,0.0963114754096387,0.060802069425586046,0.9113769531249444,0.03135423615741738
very_large,200000,186,CNN distance-density,3,4,1,0.22013569174555722,0.13119341563786008,0.4304932735426009,0.0,0.75,0,1,11,207,142,16024,0.05045871559609882,0.07189542483613141,0.059299190889691315,0.9786987304686903,0.03055555555547068
very_large,200000,187,CNN distance-density,5,6,1,0.3440975168176139,0.2576756820044491,0.7240506329113924,0.0,0.8333333333333334,4,8,42,306,593,15443,0.12068965517206699,0.06614173228336041,0.08545269537154207,0.9451293945311923,0.04463336875659444
very_large,200000,188,CNN distance-density,2,3,1,0.35416666666666663,0.175,0.79375,0.19999999999999998,0.6666666666666667,1,3,34,123,348,15879,0.21656050955276077,0.08900523560186124,0.1261595543176431,0.9712524414061907,0.06732673267313401
very_large,200000,189,CNN distance-density,3,5,2,0.23942543331413313,0.1116042077580539,0.6460176991150443,0.0,0.6,1,3,11,178,286,15909,0.058201058200750264,0.037037037036912336,0.04526748923643923,0.9716796874999407,0.023157894736793354
very_large,200000,190,CNN distance-density,2,2,0,0.7827421383647799,0.52,0.9937106918238994,1.0,1.0,0,0,0,160,487,15737,0.0,0.0,0.0,0.9605102539061914,0.0
very_large,200000,191,CNN distance-density,4,15,11,0.11291765547036631,0.12027216610549941,0.1606425702811245,0.0,0.2666666666666667,1,5,53,1349,540,14442,0.03780313837372482,0.0893760539627498,0.05313283166236796,0.8847045898436959,0.02729145211121149
very_large,200000,192,CNN distance-density,4,4,0,0.5945947623269454,0.14044314108830236,0.9069767441860466,1.0,1.0,0,0,3,150,489,15742,0.019607843137126747,0.006097560975597363,0.00930232521948442,0.9609985351561913,0.004672897196254404
very_large,200000,193,CNN distance-density,1,1,0,0.7758333333333334,0.65,0.6666666666666667,1.0,1.0,0,0,0,19,45,16320,0.0,0.0,0.0,0.9960937499999392,0.0
very_large,200000,194,CNN distance-density,1,1,0,0.773589552238806,0.5565671641791045,0.8656716417910448,1.0,1.0,0,0,0,59,68,16257,0.0,0.0,0.0,0.9922485351561894,0.0
very_large,200000,195,CNN distance-density,4,5,1,0.2820736190817791,0.007876016260162585,0.9926470588235294,0.0,0.8,1,1,7,127,257,15993,0.05223880596975942,0.02651515151505108,0.035175878950152784,0.9765624999999404,0.01790281329918695
very_large,200000,196,CNN distance-density,4,5,1,0.3701160130718955,0.31500000000000006,0.7418300653594772,0.0,0.8,0,2,28,272,293,15791,0.09333333333302223,0.08722741432994634,0.09017713315567588,0.965515136718691,0.04721753794258479
very_large,200000,197,CNN distance-density,2,2,0,0.5472602739726027,0.0,0.9863013698630136,1.0,1.0,0,0,0,132,286,15966,0.0,0.0,0.0,0.9744873046874405,0.0
very_large,200000,198,CNN distance-density,3,13,10,0.2585011230724844,0.4484795508778583,0.16804201050262568,0.0,0.23076923076923073,1,46,108,737,299,15240,0.12781065088742272,0.2653562653556134,0.17252396122226035,0.9367675781249428,0.09440559440551188
very_large,200000,199,CNN distance-density,1,1,0,0.924138888888889,0.8375925925925927,0.9861111111111112,1.0,1.0,0,0,0,72,73,16239,0.0,0.0,0.0,0.9911499023436895,0.0
very_large,200000,200,CNN distance-density,5,5,0,0.3930856809609249,0.22792078654823747,0.95260663507109,0.0,1.0,1,1,3,163,414,15804,0.018072289156517637,0.0071942446042992944,0.010291594789899073,0.964782714843691,0.00517241379309453
very_large,200000,201,CNN distance-density,4,25,21,0.13028701190662148,0.2083470036826247,0.10265430124720176,0.0,0.16000000000000003,1,45,63,1776,753,13792,0.03425774877649034,0.07720588235284656,0.0474576266928405,0.8456420898436984,0.024305555555546178
very_large,200000,202,CNN distance-density,4,4,0,0.35202210371328024,0.1226593486397408,0.9841269841269842,0.0,1.0,1,0,37,149,565,15633,0.1989247311817262,0.06146179401983146,0.09390862908073513,0.9564208984374416,0.0492676431424111
very_large,200000,203,CNN distance-density,1,1,0,0.6024485981308411,0.17470404984423674,0.8691588785046729,1.0,1.0,0,0,12,59,221,16092,0.16901408450466177,0.05150214592252574,0.07894736806252163,0.9829101562499399,0.04109589041081817
very_large,200000,204,CNN distance-density,1,1,0,0.8342987012987012,0.649090909090909,0.961038961038961,1.0,1.0,0,0,62,13,178,16131,0.8266666666556444,0.25833333333225694,0.3936507932854825,0.9883422851561896,0.2450592885365808
very_large,200000,205,CNN distance-density,3,23,20,0.16187085286065614,0.31388888888888894,0.037886872998932786,0.0,0.13043478260869568,0,29,16,1171,100,15097,0.01347935973040145,0.13793103448156954,0.024558710505452615,0.9224243164061937,0.012432012432002773
very_large,200000,206,CNN distance-density,5,11,6,0.12374980499980501,0.07451499118165784,0.22381756756756754,0.0,0.4545454545454546,1,3,9,989,450,14936,0.009018036072135253,0.019607843137212182,0.012354151936289406,0.9121704101561943,0.006215469613255376
very_large,200000,207,CNN distance-density,2,2,0,0.5457549019607844,0.13,0.6862745098039216,1.0,1.0,0,0,0,53,123,16208,0.0,0.0,0.0,0.9892578124999396,0.0
very_large,200000,208,CNN distance-density,1,1,0,0.7973260869565217,0.5592753623188406,0.9782608695652174,1.0,1.0,0,0,67,24,214,16079,0.7362637362556455,0.2384341637002191,0.36021505339193843,0.9854736328124398,0.21967213114682074
very_large,200000,209,CNN distance-density,3,3,0,0.679076923076923,0.3466666666666667,0.8653846153846154,1.0,1.0,0,0,15,144,169,16056,0.09433962264091611,0.08152173912999174,0.08746355635345819,0.9808959960936902,0.045731707316933747
very_large,200000,210,CNN distance-density,2,2,0,0.6028396226415095,0.13,0.9716981132075472,1.0,1.0,0,0,7,98,261,16018,0.06666666666603174,0.02611940298497717,0.03753351165962524,0.9780883789061903,0.019125683060057033
very_large,200000,211,CNN distance-density,5,6,1,0.38783598942163966,0.26810256410256406,0.9192825112107623,0.0,0.8333333333333334,1,1,8,209,631,15536,0.036866359446834716,0.012519561815316872,0.018691588406522956,0.948730468749942,0.009433962264139818
very_large,200000,212,CNN distance-density,1,1,0,0.49736842105263157,0.0,0.736842105263158,1.0,1.0,0,0,0,18,36,16330,0.0,0.0,0.0,0.9967041015624392,0.0
very_large,200000,213,CNN distance-density,1,1,0,0.5029411764705882,0.0,0.7647058823529411,1.0,1.0,0,0,0,52,40,16292,0.0,0.0,0.0,0.9943847656249393,0.0
very_large,200000,214,CNN distance-density,2,2,0,0.5324643465304385,0.0543103448275862,0.7901234567901234,1.0,1.0,0,0,1,61,82,16240,0.016129032257804373,0.012048192770939178,0.013793102958573148,0.9912719726561895,0.00694444444439622
very_large,200000,215,CNN distance-density,5,7,2,0.2475834349999152,0.15601392870414607,0.4880763116057234,0.03333333333333333,0.7142857142857143,2,12,7,527,433,15417,0.01310861423218519,0.015909090909054752,0.014373716137071052,0.9414062499999425,0.007238883143736051
very_large,200000,216,CNN distance-density,5,6,1,0.25673974001857014,0.14022222222222222,0.5515320334261838,0.0,0.8333333333333334,0,1,2,342,501,15539,0.005813953488355192,0.003976143141145177,0.004722549694704186,0.948547363281192,0.0023668639053226427
very_large,200000,217,CNN distance-density,2,23,21,0.22483296873575792,0.46111111111111114,0.04318658280922427,0.0,0.08695652173913049,0,123,68,753,259,15304,0.08282582216798681,0.2079510703357555,0.11846689854708235,0.9382324218749427,0.06296296296290467
very_large,200000,218,CNN distance-density,1,1,0,0.5585,0.12999999999999998,0.75,1.0,1.0,0,0,0,28,37,16319,0.0,0.0,0.0,0.9960327148436892,0.0
very_large,200000,219,CNN distance-density,5,7,2,0.17090198338801693,0.06131687242798354,0.35940409683426444,0.0,0.7142857142857143,1,3,26,386,268,15704,0.06310679611635168,0.08843537414935906,0.07365439044860324,0.9600830078124414,0.03823529411759083
very_large,200000,220,CNN distance-density,4,8,4,0.20061443953096297,0.19563944980977463,0.31288343558282206,0.0,0.5,1,21,26,487,320,15551,0.050682261208478206,0.07514450867030305,0.06053550592155105,0.9507446289061919,0.031212484993960128
very_large,200000,221,CNN distance-density,3,3,0,0.74003736726107,0.438868407578085,0.9627329192546584,1.0,1.0,0,0,40,123,316,15905,0.24539877300462948,0.11235955056148214,0.1541425814567959,0.9732055664061906,0.08350730688917848
very_large,200000,222,CNN distance-density,5,7,2,0.24499444364843798,0.17702013818672058,0.46953405017921146,0.0,0.7142857142857143,3,13,59,377,646,15302,0.13532110091712082,0.08368794326229265,0.10341805386590941,0.9375610351561927,0.0545286506468997
very_large,200000,223,CNN distance-density,3,7,4,0.2035078652095979,0.17607635763576357,0.3301587301587302,0.06153846153846154,0.4285714285714286,1,13,43,510,463,15368,0.07775768535248145,0.08498023715398226,0.08120868694181356,0.9406127929686926,0.04232283464562764
very_large,200000,224,CNN distance-density,5,6,1,0.4956285714285714,0.14266666666666666,0.4904761904761905,1.0,0.8333333333333334,0,0,20,398,421,15545,0.047846889952038646,0.04535147392279966,0.04656577365624539,0.9500122070311919,0.023837902264572303
very_large,200000,225,CNN distance-density,3,10,7,0.07215549610438374,0.02379767827529021,0.1572327044025157,0.0,0.30000000000000004,0,13,8,633,258,15485,0.012480499219949329,0.030075187969811748,0.017640572904064806,0.9456176757811923,0.008898776418232593
very_large,200000,226,CNN distance-density,4,17,13,0.0950283545122301,0.10455467453439055,0.1222466960352423,0.0,0.23529411764705888,0,70,62,1027,521,14774,0.056932966023822834,0.10634648370479186,0.07416267897154155,0.9055175781249447,0.038509316770162415
very_large,200000,227,CNN distance-density,2,9,7,0.04714975845410629,0.0,0.12463768115942031,0.0,0.2222222222222222,0,6,34,446,281,15623,0.07083333333318577,0.10793650793616529,0.0855345907162913,0.9556274414061916,0.04467805519048006
very_large,200000,228,CNN distance-density,2,2,0,0.5206617647058823,0.09166666666666666,0.6470588235294117,1.0,1.0,0,0,0,22,80,16282,0.0,0.0,0.0,0.9937744140624393,0.0
very_large,200000,229,CNN distance-density,3,10,7,0.35640497737556565,0.11026143790849673,0.13393665158371038,1.0,0.30000000000000004,0,0,0,743,247,15394,0.0,0.0,0.0,0.9395751953124426,0.0
very_large,200000,230,CNN distance-density,5,5,0,0.29983916083916085,0.08666666666666668,0.8041958041958042,0.0,1.0,0,1,12,186,745,15441,0.06060606060575452,0.01585204755612173,0.02513088972361504,0.9431762695311924,0.012725344644737301
very_large,200000,231,CNN distance-density,2,3,1,0.38963963963963966,0.0,0.3648648648648649,1.0,0.6666666666666667,0,0,2,137,127,16118,0.01438848920852958,0.015503875968872064,0.014925372634913137,0.9838867187499399,0.007518796992452937
very_large,200000,232,CNN distance-density,1,1,0,0.7748076923076923,0.5166666666666666,0.9615384615384616,1.0,1.0,0,0,9,44,146,16185,0.169811320751513,0.05806451612865765,0.08653846115786798,0.9884033203124396,0.04522613065303907
very_large,200000,233,CNN distance-density,4,11,7,0.08495896741295517,0.024242424242424235,0.1884312007011394,0.0,0.36363636363636365,1,24,78,712,331,15263,0.09873417721506489,0.19070904645430145,0.1301084232366755,0.9363403320311928,0.06958073148967923
very_large,200000,234,CNN distance-density,1,1,0,0.903621212121212,0.7992929292929293,0.9696969696969697,1.0,1.0,0,0,22,2,102,16258,0.9166666666284722,0.17741935483727886,0.2972972970215485,0.9936523437499393,0.17460317460178887
very_large,200000,235,CNN distance-density,4,4,0,0.37485615079365076,0.19174382716049382,0.9428571428571428,0.0,1.0,1,0,23,118,264,15979,0.16312056737472966,0.08013937282202042,0.10747663507169843,0.9766845703124404,0.0567901234566499
very_large,200000,236,CNN distance-density,4,5,1,0.3675926539629937,0.1988235294117647,0.9906103286384976,0.0,0.8,1,0,31,169,482,15702,0.154999999999225,0.06042884990241632,0.08695652133524272,0.9602661132811914,0.04545454545447881
very_large,200000,237,CNN distance-density,3,3,0,0.676776710505811,0.3246675155631013,0.9033816425120773,1.0,1.0,0,0,0,182,500,15702,0.0,0.0,0.0,0.9583740234374415,0.0
very_large,200000,238,CNN distance-density,1,1,0,0.5089743589743589,0.0,0.7948717948717949,1.0,1.0,0,0,1,30,121,16232,0.03225806451508845,0.008196721311408223,0.013071895101542148,0.9907836914061895,0.006578947368377771
very_large,200000,239,CNN distance-density,4,4,0,0.5673611111111111,0.07561728395061727,0.9166666666666666,1.0,1.0,0,0,12,114,316,15942,0.09523809523733938,0.036585365853547,0.052863435722098236,0.9737548828124405,0.027149321266906903
very_large,200000,240,CNN distance-density,2,2,0,0.7502539454806313,0.45154471544715447,0.9852941176470589,1.0,1.0,0,0,0,67,69,16248,0.0,0.0,0.0,0.9916992187499395,0.0
very_large,200000,241,CNN distance-density,2,11,9,0.2012532365988492,0.3493510324483776,0.12931726907630525,0.0,0.18181818181818177,0,9,46,611,347,15380,0.07001522070004564,0.11704834605568182,0.08761904715048889,0.9415283203124425,0.04581673306768345
very_large,200000,242,CNN distance-density,4,4,0,0.6525757874987657,0.2313649978605049,0.9923076923076923,1.0,1.0,0,0,7,117,255,16005,0.05645161290277055,0.026717557251806422,0.03626942961553331,0.9772949218749403,0.0184696569920357
very_large,200000,243,CNN distance-density,1,1,0,0.6867213114754098,0.31111111111111106,0.9836065573770492,1.0,1.0,0,0,19,42,166,16157,0.31147540983095945,0.10270270270214756,0.15447154434123206,0.9873046874999397,0.08370044052826564
very_large,200000,244,CNN distance-density,4,4,0,0.3681688596491228,0.005653021442495124,0.953125,0.3,1.0,1,2,14,152,416,15802,0.08433734939708232,0.032558139534808,0.04697986536975812,0.965332031249941,0.024054982817828086
very_large,200000,245,CNN distance-density,4,14,10,0.1065580098093396,0.10625,0.15087040618955516,0.0,0.2857142857142857,0,6,92,1140,449,14703,0.07467532467526407,0.17005545286475035,0.10377890538519224,0.9030151367186948,0.05472932778105013
very_large,200000,246,CNN distance-density,2,2,0,0.7556049757079168,0.4600079491255961,0.993006993006993,1.0,1.0,0,0,0,145,144,16095,0.0,0.0,0.0,0.98236083984369,0.0
very_large,200000,247,CNN distance-density,1,1,0,0.7943795180722892,0.5537751004016065,0.9759036144578314,1.0,1.0,0,0,0,82,254,16048,0.0,0.0,0.0,0.9794921874999402,0.0
very_large,200000,248,CNN distance-density,2,2,0,0.55,0.0,1.0,1.0,1.0,0,0,0,83,181,16120,0.0,0.0,0.0,0.9838867187499399,0.0
very_large,200000,249,CNN distance-density,3,3,0,0.38028354978354983,0.18898989898989899,0.9761904761904762,0.0,1.0,1,1,44,120,466,15754,0.26829268292519337,0.08627450980375241,0.13056379785096286,0.9642333984374412,0.06984126984115899
very_large,200000,250,CNN distance-density,5,6,1,0.37115196322747146,0.19646588098355885,0.7470449172576832,0.2,0.8333333333333334,1,5,48,369,683,15284,0.11510791366878871,0.06566347469211263,0.08362369291705163,0.9357910156249428,0.04363636363632397
very_large,200000,251,CNN distance-density,2,2,0,0.5424603174603174,0.16666666666666663,0.5873015873015873,1.0,1.0,0,0,5,32,104,16243,0.13513513513148284,0.04587155963260668,0.06849315030559204,0.9916992187499395,0.03546099290754993
very_large,200000,252,CNN distance-density,3,3,0,0.7368816425120772,0.4201234567901234,0.9891304347826086,1.0,1.0,0,0,0,187,387,15810,0.0,0.0,0.0,0.964965820312441,0.0
very_large,200000,253,CNN distance-density,4,6,2,0.3287232891833257,0.2270098267281366,0.7995110024449877,0.0,0.6666666666666667,1,3,27,360,687,15310,0.06976744186028484,0.03781512605036721,0.04904632106990178,0.9360961914061928,0.025139664804445867
very_large,200000,254,CNN distance-density,2,2,0,0.36132921244228833,0.19309582714827642,0.8721804511278195,0.0,1.0,0,1,0,116,135,16133,0.0,0.0,0.0,0.9846801757811898,0.0
very_large,200000,255,CNN distance-density,5,16,11,0.13338955947178058,0.146868961352657,0.18024263431542464,0.0,0.3125,4,69,51,981,680,14672,0.0494186046511149,0.06976744186036968,0.0578559269109923,0.8986206054686952,0.029789719626150825
very_large,200000,256,CNN distance-density,4,6,2,0.16878614348965393,0.07434640522875816,0.3433179723502304,0.0,0.6666666666666667,0,7,25,353,377,15629,0.06613756613739118,0.062189054726213465,0.06410256360287311,0.9554443359374417,0.033112582781413095
very_large,200000,257,CNN distance-density,3,10,7,0.0805929859004105,0.0423076923076923,0.15777262180974483,0.0,0.30000000000000004,0,3,95,795,429,15065,0.10674157303358793,0.18129770992331815,0.1343705794484434,0.9252929687499435,0.07202426080358451
very_large,200000,258,CNN distance-density,3,4,1,0.44613636363636366,0.02474747474747474,0.55,1.0,0.75,0,0,2,91,110,16181,0.02150537634385478,0.017857142856983418,0.019512194626055933,0.9877319335936897,0.00985221674871994
very_large,200000,259,CNN distance-density,1,1,0,0.637,0.26,0.85,1.0,1.0,0,0,0,101,86,16197,0.0,0.0,0.0,0.9885864257811896,0.0
very_large,200000,260,CNN distance-density,4,15,11,0.1034462497344498,0.09614968635085441,0.16756112104949317,0.0,0.2666666666666667,1,24,140,1075,589,14580,0.11522633744846483,0.19204389574733602,0.14403292134180143,0.8984374999999452,0.07760532150771751
very_large,200000,261,CNN distance-density,4,6,2,0.27561217510259917,0.25588235294117645,0.46899224806201545,0.0,0.6666666666666667,0,6,36,404,409,15535,0.08181818181799587,0.08089887640431259,0.08135593170322195,0.9503784179686919,0.04240282685507373
very_large,200000,262,CNN distance-density,3,3,0,0.6278119455943229,0.2128654970760234,0.9101123595505618,1.0,1.0,0,0,0,90,208,16086,0.0,0.0,0.0,0.98181152343744,0.0
very_large,200000,263,CNN distance-density,3,10,7,0.07191156149239983,0.01196581196581196,0.1826347305389222,0.0,0.30000000000000004,0,32,17,596,311,15460,0.027732463295223928,0.05182926829252491,0.036131774253545815,0.9446411132811923,0.01839826839824849
very_large,200000,264,CNN distance-density,4,9,5,0.22432012290054412,0.21506019312623087,0.4154929577464789,0.0,0.4444444444444444,3,4,124,637,670,14953,0.16294349540057432,0.156171284634564,0.15948553004664384,0.9202270507811938,0.08665269042621478
very_large,200000,265,CNN distance-density,1,1,0,0.6964090909090909,0.39,0.8545454545454545,1.0,1.0,0,0,0,56,150,16178,0.0,0.0,0.0,0.9874267578124397,0.0
very_large,200000,266,CNN distance-density,1,1,0,0.502,0.0,0.76,1.0,1.0,0,0,4,36,24,16320,0.0999999999975,0.14285714285204082,0.11764705833564014,0.9963378906249392,0.062499999999023434
very_large,200000,267,CNN distance-density,1,1,0,0.5808076923076924,0.12999999999999998,0.8615384615384616,1.0,1.0,0,0,13,53,44,16274,0.19696969696671257,0.22807017543459526,0.21138211332037807,0.9940795898436893,0.1181818181807438
very_large,200000,268,CNN distance-density,4,11,7,0.15093560606060605,0.14591750841750842,0.2445454545454545,0.0,0.36363636363636365,3,25,92,774,436,15082,0.10623556581973875,0.17424242424209424,0.1319942606482877,0.9261474609374435,0.07066052227337123
very_large,200000,269,CNN distance-density,5,7,2,0.18708905336149917,0.08338406691347867,0.3906882591093117,0.0,0.7142857142857143,0,2,28,391,430,15535,0.0668257756561651,0.06113537117890582,0.06385404739137908,0.949890136718692,0.032979976442835124
very_large,200000,270,CNN distance-density,2,2,0,0.6556323529411765,0.27029411764705885,0.92,1.0,1.0,0,0,38,54,102,16190,0.41304347825637994,0.2714285714266327,0.32758620641513087,0.9904785156249395,0.19587628865878415
very_large,200000,271,CNN distance-density,4,9,5,0.09206837787873073,0.011338448422847395,0.21260815822002477,0.0,0.4444444444444444,0,1,18,731,365,15270,0.024032042723599423,0.04699738903381985,0.031802119693554995,0.933105468749943,0.016157989227992678
very_large,200000,272,CNN distance-density,3,4,1,0.5281791044776121,0.08666666666666667,0.8208955223880597,1.0,0.75,0,0,7,127,270,15980,0.05223880596975942,0.02527075812265245,0.034063259900995145,0.9757690429686904,0.01732673267322444
very_large,200000,273,CNN distance-density,3,5,2,0.30768588570266425,0.2864309764309765,0.5939597315436241,0.0,0.6,1,0,23,262,361,15738,0.08070175438568175,0.059895833333177356,0.06875934181268699,0.9619750976561913,0.035603715170223524
very_large,200000,274,CNN distance-density,1,1,0,0.801419191919192,0.5667901234567901,0.9818181818181818,1.0,1.0,0,0,0,56,55,16273,0.0,0.0,0.0,0.9932250976561894,0.0
very_large,200000,275,CNN distance-density,3,7,4,0.353354124748491,0.5471361502347418,0.3214285714285714,0.0,0.4285714285714286,1,8,21,415,242,15706,0.04816513761456843,0.07984790874494355,0.06008583644032657,0.9598999023436914,0.030973451327387946
very_large,200000,276,CNN distance-density,2,13,11,0.15366231856256793,0.2692307692307692,0.08561928512053196,0.0,0.15384615384615385,1,13,27,906,118,15333,0.028938906752380558,0.18620689655043995,0.05009276414555402,0.9374999999999427,0.025689819219766232
very_large,200000,277,CNN distance-density,5,6,1,0.19722318318511986,0.06275699359622515,0.428246013667426,0.0,0.8333333333333334,0,1,0,420,322,15642,0.0,0.0,0.0,0.9547119140624417,0.0
very_large,200000,278,CNN distance-density,4,4,0,0.4599804040895813,0.3948931623931624,0.9113924050632911,0.0,1.0,1,0,3,217,661,15503,0.013636363636301654,0.004518072289149822,0.006787329942860527,0.9464111328124422,0.003405221339383195
very_large,200000,279,CNN distance-density,1,1,0,0.883,0.74,1.0,1.0,1.0,0,0,0,47,47,16290,0.0,0.0,0.0,0.9942626953124393,0.0
very_large,200000,280,CNN distance-density,5,6,1,0.34657359918543873,0.20257945588609202,0.8103975535168195,0.039999999999999994,0.8333333333333334,1,5,69,237,609,15469,0.2254901960776945,0.10176991150427468,0.1402439020101998,0.948364257812442,0.07540983606549136
very_large,200000,281,CNN distance-density,3,3,0,0.5548076923076923,0.04487179487179487,0.9230769230769231,1.0,1.0,0,0,30,89,210,16055,0.252100840334016,0.12499999999947917,0.16713091877592506,0.98175048828119,0.09118541033406935
very_large,200000,282,CNN distance-density,4,4,0,0.6442390216454362,0.2274685534591195,0.9593908629441624,1.0,1.0,0,0,59,141,378,15806,0.294999999998525,0.13501144164728832,0.18524332766910237,0.9683227539061908,0.10207612456729745
very_large,200000,283,CNN distance-density,5,6,1,0.2763542969774351,0.1549170954831332,0.6165413533834587,0.0,0.8333333333333334,1,2,20,355,446,15563,0.05333333333319111,0.04291845493553022,0.04756242518945087,0.9511108398436919,0.024360535931760827
very_large,200000,284,CNN distance-density,1,1,0,0.7530476190476191,0.52,0.8452380952380952,1.0,1.0,0,0,0,85,222,16077,0.0,0.0,0.0,0.98126220703119,0.0
very_large,200000,285,CNN distance-density,4,6,2,0.2707581749466078,0.24505528255528253,0.4690831556503199,0.0,0.6666666666666667,0,1,67,389,613,15315,0.1469298245610813,0.09852941176456098,0.11795774599810616,0.9388427734374427,0.06267539756776176
very_large,200000,286,CNN distance-density,1,1,0,0.5078947368421053,0.0,0.7894736842105263,1.0,1.0,0,0,0,15,62,16307,0.0,0.0,0.0,0.9953002929686893,0.0
very_large,200000,287,CNN distance-density,5,6,1,0.32797789229542873,0.28239331421006175,0.5878378378378378,0.0,0.8333333333333334,1,3,16,402,559,15407,0.038277511961630914,0.027826086956473345,0.03222557856580759,0.9413452148436925,0.01637666325484506
very_large,200000,288,CNN distance-density,3,6,3,0.20733876666131362,0.20025641025641025,0.33611691022964507,0.0,0.5,0,1,0,451,292,15641,0.0,0.0,0.0,0.9546508789061917,0.0
very_large,200000,289,CNN distance-density,1,1,0,0.9414999999999999,0.8699999999999999,1.0,1.0,1.0,0,0,0,93,285,16006,0.0,0.0,0.0,0.9769287109374404,0.0
very_large,200000,290,CNN distance-density,3,7,4,0.2139582679581867,0.25827702702702704,0.2743823146944083,0.0,0.4285714285714286,0,16,0,450,380,15554,0.0,0.0,0.0,0.949340820312442,0.0
very_large,200000,291,CNN distance-density,3,4,1,0.35944444444444446,0.24691358024691354,0.8666666666666667,0.0,0.75,0,1,37,107,415,15825,0.2569444444426601,0.08185840707946491,0.12416107345861672,0.9681396484374409,0.06618962432904081
very_large,200000,292,CNN distance-density,3,5,2,0.49906400376744586,0.12708061002178647,0.6593886462882096,1.0,0.6,0,0,8,209,192,15975,0.036866359446834716,0.0399999999998,0.03836930405700188,0.9755249023436904,0.019559902200441175
very_large,200000,293,CNN distance-density,5,5,0,0.32602047905937226,0.10917344173441734,0.8844621513944223,0.0,1.0,0,1,32,178,323,15851,0.15238095238022675,0.09014084507016862,0.11327433581571618,0.9694213867186908,0.06003752345204496
very_large,200000,294,CNN distance-density,3,3,0,0.5367549668874172,0.0,0.9337748344370861,1.0,1.0,0,0,2,135,241,16006,0.014598540145878844,0.00823045267486325,0.010526315328324121,0.9770507812499404,0.005291005290991294
very_large,200000,295,CNN distance-density,5,6,1,0.386194067974729,0.32360865008029427,0.7861842105263158,0.0,0.8333333333333334,0,3,14,272,510,15588,0.0489510489508778,0.02671755725185741,0.034567900777649756,0.9522705078124418,0.01758793969847037
very_large,200000,296,CNN distance-density,5,6,1,0.22171470428436374,0.10762048409107232,0.44976076555023925,0.0,0.8333333333333334,1,0,17,386,296,15685,0.04218362282867945,0.05431309904136002,0.047486033027320476,0.9583740234374415,0.024320457796817855
very_large,200000,297,CNN distance-density,4,6,2,0.37947431221223604,0.41491469365032585,0.6304801670146138,0.0,0.6666666666666667,1,5,45,419,659,15261,0.09698275862048064,0.06392045454536376,0.07705479404152692,0.9342041015624429,0.040071237755975
very_large,200000,298,CNN distance-density,4,9,5,0.10185653469008038,0.029505251520176887,0.2206736353077816,0.0,0.4444444444444444,1,9,46,653,278,15407,0.06580829756786008,0.14197530864153712,0.08993157336955211,0.9431762695311924,0.047082906857679546
very_large,200000,299,CNN distance-density,5,7,2,0.3196662571662572,0.31397306397306396,0.5347490347490347,0.0,0.7142857142857143,4,0,69,441,768,15106,0.13529411764679355,0.08243727598556459,0.1024498881707399,0.9262084960936935,0.05399061032859625
very_large,200000,300,CNN distance-density,2,27,25,0.015636701163330675,0.00320121951219511,0.03394372487717734,0.0,0.07407407407407407,0,145,10,625,130,15619,0.015748031496038192,0.07142857142806124,0.02580645131681166,0.9539184570311917,0.013071895424819515
very_large,200000,301,CNN distance-density,5,5,0,0.43427519966993655,0.24213759213759214,0.9598997493734336,0.13333333333333333,1.0,3,6,67,271,947,15099,0.19822485207041945,0.06607495069027014,0.09911242566035633,0.9256591796874435,0.0521400778209711
very_large,200000,302,CNN distance-density,1,1,0,0.4357142857142857,0.0,0.4285714285714286,1.0,1.0,0,0,0,7,47,16330,0.0,0.0,0.0,0.9967041015624392,0.0
very_large,200000,303,CNN distance-density,5,8,3,0.19253255446026532,0.16818181818181818,0.27175368139223566,0.0,0.625,0,13,0,616,471,15297,0.0,0.0,0.0,0.9336547851561929,0.0
very_large,200000,304,CNN distance-density,3,3,0,0.5958661741484322,0.592964257964258,0.8951612903225806,0.19999999999999996,1.0,1,1,11,184,398,15791,0.05641025640996713,0.026894865525606614,0.03642384062224794,0.9644775390624412,0.0185497470488726
very_large,200000,305,CNN distance-density,5,7,2,0.21226961194666377,0.1450441400304414,0.3778558875219684,0.0,0.7142857142857143,1,9,25,442,466,15451,0.05353319057804383,0.050916496944906485,0.05219206630605037,0.9445800781249423,0.026795284029982
very_large,200000,306,CNN distance-density,3,2,1,0.6633050789760349,0.3982911220043573,0.837037037037037,1.0,0.6666666666666667,0,0,16,99,122,16147,0.13913043478139886,0.1159420289846671,0.12648221294186757,0.9865112304686897,0.0675105485229219
very_large,200000,307,CNN distance-density,3,3,0,0.6404967887621338,0.259391771019678,0.8688524590163934,1.0,1.0,0,0,0,109,335,15940,0.0,0.0,0.0,0.9729003906249406,0.0
very_large,200000,308,CNN distance-density,4,3,1,0.5762531860662701,0.19696969696969696,0.8130841121495327,1.0,0.75,0,0,10,167,298,15909,0.05649717514092375,0.032467532467427056,0.04123711293836965,0.9716186523436907,0.02105263157890305
very_large,200000,309,CNN distance-density,1,24,23,0.3131595576619273,0.65,0.08246445497630328,0.0,0.04166666666666663,0,78,59,539,143,15643,0.09866220735769454,0.29207920791934616,0.14749999962214375,0.9583740234374415,0.07962213225360375
very_large,200000,310,CNN distance-density,5,5,0,0.33815401599236194,0.14827876569731208,0.8571428571428572,0.0,1.0,3,1,26,165,606,15587,0.13612565444954908,0.041139240506264024,0.06318347473454113,0.9529418945311918,0.03262233375152745
very_large,200000,311,CNN distance-density,5,6,1,0.3704081847114634,0.26282051282051283,0.6440281030444965,0.16,0.8333333333333334,1,5,81,328,402,15573,0.1980440097794669,0.16770186335369006,0.1816143492788187,0.9554443359374417,0.09987669543760805
very_large,200000,312,CNN distance-density,4,6,2,0.1624825063613232,0.04583333333333333,0.3759541984732825,0.0,0.6666666666666667,0,10,52,391,515,15426,0.11738148984172149,0.0917107583772633,0.1029702965370356,0.9447021484374423,0.05427974947802267
very_large,200000,313,CNN distance-density,2,3,1,0.5030659082701336,0.1951282051282051,0.49295774647887325,1.0,0.6666666666666667,0,0,1,141,183,16059,0.007042253521077168,0.005434782608666116,0.006134968833414922,0.9802246093749402,0.0030769230769136097
very_large,200000,314,CNN distance-density,5,5,0,0.3710163507263371,0.17524330662497556,0.9607843137254902,0.0,1.0,0,4,19,236,820,15309,0.07450980392127643,0.022646007151343687,0.03473491737550843,0.9355468749999428,0.01767441860463472
very_large,200000,315,CNN distance-density,2,38,36,0.14070140257059763,0.27324561403508774,0.0623885918003565,0.0,0.052631578947368474,1,195,73,909,356,15046,0.07433808553963916,0.17016317016277352,0.10347271396361382,0.9227905273436936,0.054559043348240244
very_large,200000,316,CNN distance-density,5,6,1,0.34695360686511134,0.23265993265993262,0.6696165191740413,0.1,0.8333333333333334,1,8,18,298,409,15659,0.056962025316275436,0.04215456674463196,0.04845222023781223,0.9568481445311916,0.024827586206862307
very_large,200000,317,CNN distance-density,2,3,1,0.41895806995364515,0.4642857142857143,0.7168141592920354,0.0,0.6666666666666667,1,2,26,77,226,16055,0.25242718446356865,0.10317460317419376,0.1464788728266931,0.98150634765619,0.0790273556228601
very_large,200000,318,CNN distance-density,3,3,0,0.27339892665474064,0.07008547008547009,0.7093023255813953,0.0,1.0,1,0,7,47,234,16096,0.1296296296272291,0.02904564315340645,0.047457626819235856,0.9828491210936899,0.02430555555547116
very_large,200000,319,CNN distance-density,2,2,0,0.5713739224137931,0.07048611111111108,0.9482758620689655,1.0,1.0,0,0,11,45,104,16224,0.19642857142506379,0.09565217391221172,0.12865497031825174,0.9909057617186895,0.06874999999957032
very_large,200000,320,CNN distance-density,2,2,0,0.44155976144109055,0.3877136752136752,0.8354430379746836,0.0,1.0,0,1,5,62,97,16220,0.07462686567052795,0.049019607842656666,0.05917159715388117,0.9902954101561895,0.03048780487786288
very_large,200000,321,CNN distance-density,4,7,3,0.18216620462618036,0.10921568627450981,0.37938144329896906,0.0,0.5714285714285714,0,1,17,413,365,15589,0.03953488372083829,0.04450261780093062,0.041871920683910074,0.9525146484374418,0.021383647798715242
very_large,200000,322,CNN distance-density,2,13,11,0.2007947055835487,0.3495859213250518,0.14048212801330007,0.0,0.15384615384615385,0,57,25,705,182,15472,0.03424657534241884,0.12077294685931994,0.05336179261190315,0.9458618164061923,0.02741228070172433
very_large,200000,323,CNN distance-density,2,18,16,0.11032167604141194,0.1999343185550082,0.04620060790273561,0.0,0.11111111111111116,0,46,2,859,185,15338,0.0023228803716581615,0.010695187165718208,0.0038167935999304605,0.9362792968749428,0.0019120458890995104
very_large,200000,324,CNN distance-density,5,5,0,0.3279675255011302,0.11490785043416621,0.8812949640287769,0.0,1.0,0,1,15,201,427,15741,0.06944444444412294,0.033936651583633626,0.04559270472601879,0.9616699218749413,0.02332814930011924
very_large,200000,325,CNN distance-density,5,6,1,0.5420548748521304,0.21170017141966646,0.5672823218997362,1.0,0.8333333333333334,0,0,14,331,331,15708,0.04057971014480991,0.04057971014480991,0.04057970964480992,0.9595947265624414,0.020710059171566996
very_large,200000,326,CNN distance-density,4,8,4,0.14016660839160838,0.0861025641025641,0.2571022727272727,0.0,0.5,1,11,12,545,334,15493,0.021543985637304232,0.034682080924755256,0.026578072616941936,0.9463500976561923,0.013468013467998353
very_large,200000,327,CNN distance-density,3,17,14,0.12551419199460032,0.19118055555555552,0.10917941585535462,0.0,0.17647058823529416,0,19,98,814,396,15076,0.10745614035075937,0.19838056680121785,0.13940255999918658,0.9261474609374435,0.07492354740055435
very_large,200000,328,CNN distance-density,3,3,0,0.6825335305719921,0.32344729344729345,0.9349112426035503,1.0,1.0,0,0,20,151,350,15863,0.11695906432680142,0.054054054053907966,0.07393715298697218,0.9694213867186908,0.03838771593082843
very_large,200000,329,CNN distance-density,2,2,0,0.8556718426501035,0.6851966873706005,0.9866666666666667,1.0,1.0,0,0,3,74,191,16116,0.03896103896053297,0.015463917525693486,0.022140220995247893,0.9838256835936899,0.011194029850704501
very_large,200000,330,CNN distance-density,4,4,0,0.5870256849315069,0.0975,0.9657534246575342,1.0,1.0,0,0,0,142,386,15856,0.0,0.0,0.0,0.9677734374999409,0.0
very_large,200000,331,CNN distance-density,1,1,0,0.6624874213836478,0.3018238993710692,0.8833333333333333,1.0,1.0,0,0,0,61,168,16155,0.0,0.0,0.0,0.9860229492186898,0.0
very_large,200000,332,CNN distance-density,5,7,2,0.2911476523476524,0.2148158508158508,0.6152597402597403,0.0,0.7142857142857143,2,18,41,491,884,14968,0.07706766917278747,0.04432432432427641,0.05628002698997245,0.916076660156194,0.028954802259866557
very_large,200000,333,CNN distance-density,3,3,0,0.5436320754716981,0.027777777777777783,0.9056603773584906,1.0,1.0,0,0,2,134,304,15944,0.014705882352833046,0.006535947712396941,0.009049773329579677,0.9732666015624406,0.004545454545444215
very_large,200000,334,CNN distance-density,5,5,0,0.5815253674727359,0.08954954954954955,0.956140350877193,1.0,1.0,0,0,31,199,471,15683,0.13478260869506617,0.06175298804768575,0.08469945312071875,0.9591064453124414,0.044222539229608816
very_large,200000,335,CNN distance-density,4,6,2,0.3091395730706076,0.2914285714285714,0.5566502463054187,0.0,0.6666666666666667,1,8,116,241,527,15500,0.32492997198788537,0.1804043545875888,0.23199999954043404,0.9531249999999418,0.13122171945686514
very_large,200000,336,CNN distance-density,4,13,9,0.10563583155974461,0.05833333333333332,0.2430830039525692,0.0,0.3076923076923077,2,45,135,651,851,14747,0.17175572519062118,0.1369168356996583,0.15237020266646834,0.9083251953124445,0.08246792913861792
very_large,200000,337,CNN distance-density,1,1,0,0.6165954875100725,0.17843137254901958,0.9315068493150684,1.0,1.0,0,0,11,62,198,16113,0.15068493150478512,0.0526315789471166,0.07801418401290176,0.9841308593749399,0.04059040590390926
very_large,200000,338,CNN distance-density,5,7,2,0.2944438145817403,0.28046695851573905,0.4840255591054313,0.0,0.7142857142857143,1,1,49,542,714,15079,0.0829103214888614,0.06422018348615437,0.07237813835581973,0.9233398437499436,0.03754789272027774
very_large,200000,339,CNN distance-density,3,3,0,0.2999406779661017,0.029999999999999992,0.9322033898305084,0.0,1.0,0,1,50,49,306,15979,0.5050505050454035,0.14044943820185268,0.21978021943877313,0.9783325195311903,0.12345679012315196
very_large,200000,340,CNN distance-density,2,2,0,0.5218303571428571,0.12152777777777778,0.5857142857142856,1.0,1.0,0,0,4,38,120,16222,0.09523809523582767,0.032258064515868885,0.048192770705762805,0.9903564453124395,0.024691358024538944
very_large,200000,341,CNN distance-density,4,4,0,0.335768779342723,0.10726395409494001,0.9375,0.0,1.0,1,0,48,163,674,15499,0.22748815165768965,0.06648199445974172,0.10289389032500583,0.948913574218692,0.054237288135531934
very_large,200000,342,CNN distance-density,5,5,0,0.42922583913213297,0.31106339400927985,0.946236559139785,0.0,1.0,0,1,11,242,367,15764,0.04347826086939337,0.029100529100452115,0.034865292704930925,0.9628295898436912,0.017741935483842352
very_large,200000,343,CNN distance-density,2,2,0,0.6500220588235294,0.22921568627450978,0.984375,1.0,1.0,0,0,0,63,140,16181,0.0,0.0,0.0,0.9876098632811897,0.0
very_large,200000,344,CNN distance-density,5,6,1,0.18954234069115733,0.0647565543071161,0.38534278959810875,0.0,0.8333333333333334,0,2,1,354,421,15608,0.0028169014084427693,0.0023696682464398825,0.0025740020777137718,0.9526977539061918,0.0012886597938127724
very_large,200000,345,CNN distance-density,3,15,12,0.0994840044237344,0.11701860231271996,0.13412816691505214,0.0,0.19999999999999996,0,50,23,833,484,15044,0.026869158878473284,0.0453648915186482,0.033749082438087843,0.9196166992186938,0.017164179104464803
very_large,200000,346,CNN distance-density,3,25,22,0.06110611419909044,0.08666666666666667,0.05053057099545222,0.0,0.12,1,28,78,1478,176,14652,0.050128534704337965,0.3070866141720194,0.08618784506249504,0.8990478515624452,0.04503464203230656
very_large,200000,347,CNN distance-density,3,10,7,0.1391846888705053,0.17379746835443038,0.15487914055505814,0.0,0.30000000000000004,0,12,30,684,146,15524,0.04201680672263023,0.17045454545357697,0.0674157300196339,0.949340820312442,0.03488372093019199
very_large,200000,348,CNN distance-density,2,2,0,0.6404149174255286,0.23367057673509278,0.9263157894736842,1.0,1.0,0,0,15,74,156,16139,0.16853932584080292,0.08771929824510107,0.11538461493346153,0.9859619140624398,0.061224489795668476
very_large,200000,349,CNN distance-density,1,1,0,0.576,0.12999999999999998,0.8375,1.0,1.0,0,0,0,81,206,16097,0.0,0.0,0.0,0.98248291015619,0.0
very_large,200000,350,CNN distance-density,5,10,5,0.2091900464520216,0.225733867839131,0.28804902962206336,0.0,0.5,1,10,73,709,500,15102,0.09335038363159419,0.12739965095963804,0.10774907700251142,0.9262084960936935,0.05694227769106323
very_large,200000,351,CNN distance-density,2,18,16,0.09804296870425903,0.14410553410553412,0.11042183622828783,0.0,0.11111111111111116,1,89,14,656,357,15357,0.020895522388028515,0.03773584905650206,0.026897213758296037,0.9381713867186927,0.01363193768255732
very_large,200000,352,CNN distance-density,2,2,0,0.5330508474576271,0.0,0.9152542372881356,1.0,1.0,0,0,1,55,138,16190,0.01785714285682398,0.00719424460426479,0.01025640984689022,0.9882202148436896,0.005154639175231162
very_large,200000,353,CNN distance-density,4,5,1,0.30555806739356134,0.19868407255950504,0.6807511737089202,0.0,0.8,0,3,1,199,179,16005,0.004999999999975,0.005555555555524692,0.00526315739609423,0.9769287109374404,0.0026385224274336717
very_large,200000,354,CNN distance-density,5,7,2,0.1420196184695426,0.023333333333333334,0.30045523520485584,0.0,0.7142857142857143,0,8,4,541,467,15372,0.0073394495412709366,0.008492569002105111,0.00787401525066847,0.9384765624999427,0.003952569169956568
very_large,200000,355,CNN distance-density,4,7,3,0.22867658182057352,0.19374999999999998,0.421731123388582,0.0,0.5714285714285714,1,5,45,444,481,15414,0.09202453987711243,0.08555133079831645,0.08866995023940596,0.9435424804686924,0.04639175257727176
very_large,200000,356,CNN distance-density,5,5,0,0.3739001832660277,0.21360534552944416,0.8888888888888888,0.0,1.0,1,3,7,219,213,15945,0.030973451327296578,0.031818181818037194,0.03139013402909772,0.9736328124999406,0.015945330296091242
very_large,200000,357,CNN distance-density,4,4,0,0.5678491152558585,0.07941176470588235,0.9105691056910569,1.0,1.0,0,0,13,109,358,15904,0.10655737704830691,0.035040431266751916,0.05273833634133035,0.9714965820311907,0.02708333333327691
very_large,200000,358,CNN distance-density,3,15,12,0.09892609548724657,0.14181818181818182,0.07553956834532372,0.0,0.19999999999999996,0,47,59,559,152,15614,0.09546925566327594,0.2796208530792435,0.14234016849834044,0.9566040039061916,0.07662337662327712
very_large,200000,359,CNN distance-density,3,5,2,0.19835347985347987,0.13,0.3992673992673993,0.0,0.6,0,4,6,245,180,15953,0.023904382470024285,0.0322580645159556,0.02745995374434595,0.9740600585936905,0.013921113689062828
very_large,200000,360,CNN distance-density,5,5,0,0.33872639860139864,0.08916666666666667,0.993006993006993,0.0,1.0,0,1,6,122,350,15906,0.04687499999963379,0.016853932584222322,0.024793388040605158,0.9711914062499407,0.012552301255203865
very_large,200000,361,CNN distance-density,1,1,0,0.6293749999999999,0.20416666666666666,0.9375,1.0,1.0,0,0,0,15,17,16352,0.0,0.0,0.0,0.998046874999939,0.0
very_large,200000,362,CNN distance-density,1,1,0,0.5972058823529411,0.14411764705882352,0.9117647058823529,1.0,1.0,0,0,0,25,36,16323,0.0,0.0,0.0,0.9962768554686892,0.0
very_large,200000,363,CNN distance-density,5,5,0,0.3515815602836879,0.11777777777777779,0.9929078014184397,0.0,1.0,1,5,9,126,330,15919,0.06666666666617284,0.02654867256629337,0.037974683136756934,0.9721679687499406,0.019354838709635797
very_large,200000,364,CNN distance-density,1,1,0,0.8474672815107598,0.692463768115942,0.9292929292929293,1.0,1.0,0,0,0,100,285,15999,0.0,0.0,0.0,0.9765014648436904,0.0
very_large,200000,365,CNN distance-density,4,6,2,0.25971917425783697,0.22984414684830293,0.44811320754716977,0.0,0.6666666666666667,2,9,48,320,532,15484,0.1304347826083412,0.08275862068951248,0.10126582230960138,0.9479980468749422,0.05333333333327407
very_large,200000,366,CNN distance-density,4,5,1,0.31745233265720085,0.12409586056644878,0.9080459770114943,0.0,0.8,0,3,12,137,516,15719,0.08053691275113734,0.022727272727229682,0.03545051664330208,0.9601440429686914,0.01804511278192775
very_large,200000,367,CNN distance-density,1,1,0,0.6182142857142857,0.18333333333333332,0.9285714285714286,1.0,1.0,0,0,0,13,28,16343,0.0,0.0,0.0,0.997497558593689,0.0
very_large,200000,368,CNN distance-density,5,5,0,0.36591773504273506,0.15265669515669514,0.9861111111111112,0.0,1.0,0,1,14,184,621,15565,0.0707070707067136,0.02204724409445347,0.033613445015678305,0.9508666992186919,0.017094017093996224
very_large,200000,369,CNN distance-density,1,1,0,0.8030263157894737,0.65,0.8026315789473684,1.0,1.0,0,0,62,15,0,16307,0.805194805184348,0.999999999983871,0.8920863304282387,0.999084472656189,0.805194805184348
very_large,200000,370,CNN distance-density,4,5,1,0.6684297824783296,0.44416792357968826,0.6927710843373494,1.0,0.8,0,0,0,164,317,15903,0.0,0.0,0.0,0.9706420898436907,0.0
very_large,200000,371,CNN distance-density,2,19,17,0.018517436766166254,0.0,0.039955604883462836,0.0,0.10526315789473684,0,63,46,890,155,15293,0.04914529914524664,0.22885572139189625,0.08091468748364479,0.9362182617186928,0.042163153070538806
very_large,200000,372,CNN distance-density,4,7,3,0.2445207143630933,0.15294117647058825,0.4677716390423573,0.09999999999999999,0.5714285714285714,3,6,36,423,585,15340,0.07843137254884873,0.057971014492660275,0.06666666617779321,0.9384765624999427,0.034482758620656626
very_large,200000,373,CNN distance-density,5,11,6,0.16982313450285808,0.20076027559990497,0.1701323251417769,0.0,0.4545454545454546,2,5,107,746,377,15154,0.12543962485331134,0.2210743801648325,0.1600598349903517,0.9314575195311932,0.08699186991862846
very_large,200000,374,CNN distance-density,5,6,1,0.41771938043386514,0.3493939393939394,0.8857938718662952,0.0,0.8333333333333334,1,5,25,299,954,15106,0.07716049382692235,0.02553626149129159,0.03837298504455332,0.9235229492186936,0.019561815336447918
very_large,200000,375,CNN distance-density,2,2,0,0.7846785714285714,0.585,0.8571428571428572,1.0,1.0,0,0,37,31,42,16274,0.5441176470508218,0.4683544303738183,0.5034013600401684,0.9955444335936892,0.3363636363605785
very_large,200000,376,CNN distance-density,1,1,0,0.5384299895506792,0.02816091954022985,0.8787878787878788,1.0,1.0,0,0,0,33,92,16259,0.0,0.0,0.0,0.9923706054686894,0.0
very_large,200000,377,CNN distance-density,4,10,6,0.12109296947271046,0.09222222222222222,0.19796484736355224,0.0,0.4,0,14,61,842,433,15048,0.06755260243624855,0.12348178137626825,0.08732999238453604,0.9221801757811937,0.045658682634696364
very_large,200000,378,CNN distance-density,2,2,0,0.7272727272727273,0.3939393939393939,1.0,1.0,1.0,0,0,0,59,188,16137,0.0,0.0,0.0,0.9849243164061898,0.0
very_large,200000,379,CNN distance-density,1,1,0,0.52,0.0,0.85,1.0,1.0,0,0,0,20,60,16304,0.0,0.0,0.0,0.9951171874999393,0.0
very_large,200000,380,CNN distance-density,4,7,3,0.11080243583920053,0.009722222222222219,0.24642289348171698,0.0,0.5714285714285714,0,5,3,548,377,15456,0.005444646097993749,0.007894736842084488,0.006444682653266623,0.9435424804686924,0.003232758620686172
very_large,200000,381,CNN distance-density,4,6,2,0.1661240240777162,0.07647058823529412,0.32522796352583583,0.0,0.6666666666666667,0,1,41,261,255,15827,0.13576158940352398,0.13851351351304556,0.13712374531898971,0.9685058593749408,0.07360861759412278
very_large,200000,382,CNN distance-density,5,10,5,0.15354218338503817,0.11318449934575982,0.2630457933972311,0.0,0.5,1,18,100,658,644,14982,0.1319261213718576,0.134408602150357,0.13315579177683015,0.9205322265624438,0.07132667617683928
very_large,200000,383,CNN distance-density,1,1,0,0.5125,0.0,0.8125,1.0,1.0,0,0,0,13,17,16354,0.0,0.0,0.0,0.998168945312439,0.0
very_large,200000,384,CNN distance-density,1,1,0,0.5227272727272727,0.0,0.8636363636363636,1.0,1.0,0,0,0,22,20,16342,0.0,0.0,0.0,0.997436523437439,0.0
very_large,200000,385,CNN distance-density,1,1,0,0.8386153846153847,0.6755555555555556,0.9230769230769231,1.0,1.0,0,0,0,79,73,16232,0.0,0.0,0.0,0.9907226562499395,0.0
very_large,200000,386,CNN distance-density,4,6,2,0.2788958965029311,0.21411764705882352,0.579381443298969,0.0,0.6666666666666667,0,5,17,447,461,15459,0.0366379310344038,0.03556485355641095,0.03609341775905717,0.9445800781249423,0.01837837837835851
very_large,200000,387,CNN distance-density,2,2,0,0.5806423357664234,0.12000000000000001,0.8832116788321168,1.0,1.0,0,0,0,113,235,16036,0.0,0.0,0.0,0.9787597656249403,0.0
very_large,200000,388,CNN distance-density,5,7,2,0.2589568388264041,0.1589049919484702,0.48288288288288284,0.07777777777777778,0.7142857142857143,2,18,46,428,587,15323,0.09704641350190497,0.0726698262242138,0.08310749725180894,0.9380493164061927,0.04335532516489787
very_large,200000,389,CNN distance-density,2,2,0,0.5457446808510639,0.0,0.9787234042553191,1.0,1.0,0,0,0,45,119,16220,0.0,0.0,0.0,0.9899902343749396,0.0
very_large,200000,390,CNN distance-density,5,9,4,0.12564814814814815,0.03888888888888888,0.26296296296296295,0.0,0.5555555555555556,2,7,27,692,519,15146,0.037552155771853196,0.04945054945045888,0.04268774654485714,0.9260864257811935,0.021809369951517117
very_large,200000,391,CNN distance-density,1,1,0,0.8557156862745098,0.7098692810457516,0.9313725490196079,1.0,1.0,0,0,0,96,311,15977,0.0,0.0,0.0,0.9751586914061905,0.0
very_large,200000,392,CNN distance-density,3,3,0,0.3133589743589744,0.08666666666666667,0.8717948717948718,0.0,1.0,0,1,4,110,325,15945,0.035087719297937824,0.012158054711209246,0.018058690362610774,0.9734497070311906,0.009111617312052138
very_large,200000,393,CNN distance-density,2,18,16,0.08247653656512399,0.13854166666666665,0.04510837727006445,0.0,0.11111111111111116,0,50,28,1020,183,15153,0.026717557251882903,0.13270142180031896,0.044479745550941564,0.9265747070311934,0.022745735174636274
very_large,200000,394,CNN distance-density,2,2,0,0.5595434462444772,0.07619047619047617,0.8762886597938144,1.0,1.0,0,0,8,76,161,16139,0.09523809523696145,0.04733727810622878,0.06324110627530503,0.9855346679686898,0.03265306122435652
very_large,200000,395,CNN distance-density,5,9,4,0.1371377605845691,0.0691725768321513,0.2522727272727273,0.0,0.5555555555555556,0,7,8,747,439,15190,0.010596026490052191,0.01789709172255504,0.013311147619329698,0.9276123046874434,0.006700167504181993
very_large,200000,396,CNN distance-density,3,16,13,0.16661660155980879,0.27081154684095865,0.13000702740688685,0.0,0.1875,0,66,65,628,321,15370,0.09379509379495846,0.16839378238298344,0.12048192725109665,0.9420776367186925,0.06410256410250088
very_large,200000,397,CNN distance-density,2,3,1,0.2574561403508772,0.0,0.9539473684210527,0.0,0.6666666666666667,1,3,13,119,140,16112,0.0984848484841024,0.08496732026088258,0.0912280696775131,0.9841918945311899,0.047794117646883114
very_large,200000,398,CNN distance-density,5,6,1,0.27706253516598345,0.17944096133751306,0.5649038461538461,0.0,0.8333333333333334,1,3,30,362,532,15460,0.07653061224470273,0.05338078291805448,0.06289308127675154,0.9454345703124423,0.03246753246749733
very_large,200000,399,CNN distance-density,4,5,1,0.45298322683706077,0.09722222222222222,0.39616613418530355,1.0,0.8,0,0,7,301,288,15788,0.02272727272719894,0.0237288135592416,0.02321724659799951,0.9640502929686912,0.011744966442933314
very_large,200000,400,CNN distance-density,5,18,13,0.07374912889928305,0.04565217391304347,0.12713936430317851,0.0,0.2777777777777778,0,34,22,1463,449,14450,0.014814814814804839,0.046709129511578115,0.022494887159911204,0.883300781249946,0.01137538779730539
very_large,200000,401,CNN distance-density,2,3,1,0.3187361963190184,0.20296296296296293,0.803680981595092,0.0,0.6666666666666667,0,1,9,120,255,16000,0.06976744185992428,0.03409090909077996,0.04580152627632423,0.9771118164061904,0.023437499999938965
very_large,200000,402,CNN distance-density,4,6,2,0.1317188826625913,0.020940170940170935,0.2781456953642384,0.0,0.6666666666666667,0,4,0,388,237,15759,0.0,0.0,0.0,0.9618530273436913,0.0
very_large,200000,403,CNN distance-density,4,6,2,0.5011358625435345,0.172205448201825,0.5348837209302326,1.0,0.6666666666666667,0,0,29,268,405,15682,0.09764309764276888,0.0668202764975419,0.079343364770423,0.9589233398436915,0.041310541310482465
very_large,200000,404,CNN distance-density,5,5,0,0.7134518072289157,0.39000000000000007,0.9397590361445783,1.0,1.0,0,0,36,218,271,15859,0.14173228346400893,0.11726384364782651,0.12834224549330991,0.9701538085936907,0.06857142857129796
very_large,200000,405,CNN distance-density,1,1,0,0.5439705882352941,0.0388888888888889,0.8823529411764706,1.0,1.0,0,0,9,25,90,16260,0.26470588234515574,0.09090909090817263,0.13533834548205098,0.9929809570311894,0.07258064516070499
very_large,200000,406,CNN distance-density,4,6,2,0.3153106206166526,0.21378211446218542,0.7264957264957265,0.028571428571428564,0.6666666666666667,1,7,31,407,924,15022,0.07077625570760097,0.0324607329842592,0.04450825513234102,0.9187622070311939,0.022760646108647017
very_large,200000,407,CNN distance-density,2,17,15,0.1699100191661546,0.3141629847815415,0.08385985066053991,0.0,0.11764705882352944,0,38,29,1107,221,15027,0.025528169014062036,0.115999999999536,0.04184704155130151,0.9189453124999439,0.02137067059688919
very_large,200000,408,CNN distance-density,1,1,0,0.5408333333333334,0.0388888888888889,0.8666666666666667,1.0,1.0,0,0,0,27,31,16326,0.0,0.0,0.0,0.9964599609374392,0.0
very_large,200000,409,CNN distance-density,1,1,0,0.9571264367816091,0.9195402298850575,0.9666666666666667,1.0,1.0,0,0,0,61,179,16144,0.0,0.0,0.0,0.9853515624999398,0.0
very_large,200000,410,CNN distance-density,3,6,3,0.2579770325946923,0.17113903464359137,0.6548223350253808,0.0,0.5,1,9,58,298,586,15442,0.1629213483141491,0.09006211180110239,0.11599999954123999,0.9460449218749423,0.06157112526532742
very_large,200000,411,CNN distance-density,1,1,0,0.6513043047996041,0.26294573643410846,0.9148936170212766,1.0,1.0,0,0,0,48,134,16202,0.0,0.0,0.0,0.9888916015624396,0.0
very_large,200000,412,CNN distance-density,3,32,29,0.11666924066924064,0.21693693693693689,0.04836309523809523,0.0,0.09375,1,229,57,604,202,15521,0.08623298033269859,0.22007722007637037,0.12391304307345699,0.9508056640624419,0.06604866743908917
very_large,200000,413,CNN distance-density,4,8,4,0.17270950704225352,0.1525,0.2704225352112676,0.0,0.5,1,2,68,529,527,15260,0.11390284757099849,0.11428571428552221,0.11409395923135361,0.9355468749999428,0.06049822064051557
very_large,200000,414,CNN distance-density,2,26,24,0.10320913063770205,0.1933933933933934,0.04244897959183669,0.0,0.07692307692307687,0,154,31,697,139,15517,0.04258241758235909,0.18235294117539794,0.0690423159512552,0.948974609374942,0.035755478662011814
very_large,200000,415,CNN distance-density,4,8,4,0.14133731691614354,0.09127590893645937,0.25131578947368416,0.0,0.5,0,5,50,637,569,15128,0.07278020378446466,0.08077544426481297,0.07656967790858894,0.9263916015624434,0.03980891719742054
very_large,200000,416,CNN distance-density,4,7,3,0.22592543355890812,0.18758547008547008,0.42184557438794723,0.0,0.5714285714285714,1,12,42,404,645,15293,0.0941704035872328,0.061135371178950314,0.0741394523027213,0.9359741210936928,0.038496791933970216
very_large,200000,417,CNN distance-density,1,1,0,0.7940714285714287,0.59,0.8928571428571429,1.0,1.0,0,0,0,21,55,16308,0.0,0.0,0.0,0.9953613281249393,0.0
very_large,200000,418,CNN distance-density,5,7,2,0.3281047996317907,0.33224220601853033,0.5358361774744027,0.0,0.7142857142857143,3,14,19,395,584,15386,0.04589371980665243,0.03150912106130761,0.037364797943940244,0.9402465820311926,0.019038076152285532
very_large,200000,419,CNN distance-density,1,1,0,0.8581666666666666,0.7144444444444444,0.9333333333333333,1.0,1.0,0,0,0,57,61,16266,0.0,0.0,0.0,0.9927978515624394,0.0
very_large,200000,420,CNN distance-density,5,10,5,0.2180204878943507,0.2419367816091954,0.29574468085106387,0.0,0.5,2,18,69,683,608,15024,0.09175531914881416,0.10192023633662936,0.09657102819263473,0.9212036132811937,0.050735294117609755
very_large,200000,421,CNN distance-density,4,5,1,0.4507267441860465,0.030555555555555544,0.5348837209302326,1.0,0.8,0,0,0,167,240,15977,0.0,0.0,0.0,0.9751586914061905,0.0
very_large,200000,422,CNN distance-density,1,1,0,0.5575,0.06999999999999998,0.88,1.0,1.0,0,0,4,18,22,16340,0.18181818180991735,0.1538461538402367,0.16666666616319442,0.997558593749939,0.0909090909070248
very_large,200000,423,CNN distance-density,2,26,24,0.06626071649948055,0.10586419753086419,0.05464759959141985,0.0,0.07692307692307687,0,179,43,567,260,15514,0.07049180327857296,0.14191419141867356,0.09419496122116826,0.949523925781192,0.04942528735626503
very_large,200000,424,CNN distance-density,2,16,14,0.2286754262908348,0.44404008438818565,0.08178694158075606,0.0,0.125,0,62,10,855,261,15258,0.011560693641605132,0.036900369003553875,0.017605633439491487,0.931884765624943,0.00888099467139531
very_large,200000,425,CNN distance-density,2,2,0,0.5083333333333333,0.0,0.7916666666666666,1.0,1.0,0,0,0,19,82,16283,0.0,0.0,0.0,0.9938354492186893,0.0
very_large,200000,426,CNN distance-density,2,14,12,0.15488351394533015,0.25895061728395063,0.12035010940919033,0.0,0.1428571428571429,0,36,1,867,142,15374,0.0011520737327175667,0.006993006992958091,0.001978239124084165,0.9384155273436927,0.0009900990099000098
very_large,200000,427,CNN distance-density,2,2,0,0.5219328358208956,0.13,0.5671641791044777,1.0,1.0,0,0,0,35,211,16138,0.0,0.0,0.0,0.9849853515624398,0.0
very_large,200000,428,CNN distance-density,3,3,0,0.6703639434889435,0.3203282828282828,0.8810810810810811,1.0,1.0,0,0,8,153,451,15772,0.049689440993480195,0.017429193899744164,0.02580645122832987,0.9631347656249412,0.013071895424815242
very_large,200000,429,CNN distance-density,4,5,1,0.26763877952755905,0.21749999999999997,0.44881889763779526,0.0,0.8,0,5,32,199,287,15866,0.13852813852753884,0.10031347962350999,0.11636363587601324,0.9703369140624407,0.06177606177594252
very_large,200000,430,CNN distance-density,3,31,28,0.05644023986765923,0.08076923076923076,0.05208333333333337,0.0,0.09677419354838712,0,144,32,664,185,15503,0.045977011494186815,0.14746543778733887,0.07009857576014462,0.9481811523436922,0.03632236095342075
very_large,200000,431,CNN distance-density,2,2,0,0.6545381231671554,0.23230694037145647,1.0,1.0,1.0,0,0,14,70,140,16160,0.16666666666468252,0.09090909090850059,0.11764705836579335,0.9871826171874397,0.06249999999972099
very_large,200000,432,CNN distance-density,4,5,1,0.42379166666666673,0.3264814814814815,0.984375,0.0,0.8,1,1,2,224,304,15854,0.008849557522084738,0.006535947712396941,0.007518796503759431,0.9677734374999409,0.0037735849056532576
very_large,200000,433,CNN distance-density,3,3,0,0.5909058988764045,0.14583333333333334,0.8764044943820225,1.0,1.0,0,0,28,125,524,15707,0.1830065359465163,0.05072463768106753,0.07943262377340377,0.9603881835936914,0.04135893648442931
very_large,200000,434,CNN distance-density,1,1,0,0.920313559322034,0.8304519774011301,0.9830508474576272,1.0,1.0,0,0,0,59,60,16265,0.0,0.0,0.0,0.9927368164061894,0.0
very_large,200000,435,CNN distance-density,5,7,2,0.28502474671371,0.2739130434782609,0.4516765285996055,0.0,0.7142857142857143,1,3,15,452,457,15460,0.032119914346826296,0.03177966101688182,0.03194888128908351,0.9445190429686924,0.016233766233748666
very_large,200000,436,CNN distance-density,1,1,0,0.4722222222222222,0.0,0.6111111111111112,1.0,1.0,0,0,0,11,63,16310,0.0,0.0,0.0,0.9954833984374392,0.0
very_large,200000,437,CNN distance-density,5,6,1,0.2372148425145579,0.11505832449628844,0.5105263157894737,0.0,0.8333333333333334,0,4,12,347,619,15406,0.03342618384391803,0.01901743264656257,0.024242423780118368,0.9410400390624425,0.012269938650294203
very_large,200000,438,CNN distance-density,5,5,0,0.5282611940298507,0.023333333333333334,0.8388059701492537,1.0,1.0,0,0,28,206,790,15360,0.11965811965760831,0.0342298288508139,0.053231938817483275,0.9392089843749426,0.0273437499999733
very_large,200000,439,CNN distance-density,2,2,0,0.48802083333333335,0.010416666666666654,0.6666666666666667,1.0,1.0,0,0,0,27,80,16277,0.0,0.0,0.0,0.9934692382811894,0.0
very_large,200000,440,CNN distance-density,2,2,0,0.7340224398710636,0.4211711711711711,0.9724770642201834,1.0,1.0,0,0,35,76,141,16132,0.31531531531247464,0.19886363636250648,0.2439024385483374,0.9867553710936897,0.13888888888833775
very_large,200000,441,CNN distance-density,2,3,1,0.3706496212121212,0.3442045454545455,0.7454545454545455,0.0,0.6666666666666667,0,1,2,91,215,16076,0.02150537634385478,0.009216589861708679,0.01290322538636838,0.98132324218744,0.006493506493485411
very_large,200000,442,CNN distance-density,3,12,9,0.08011763480124631,0.07872628726287263,0.09845402766476807,0.0,0.25,0,4,58,823,328,15175,0.06583427922807511,0.1502590673571237,0.09155485356196673,0.9297485351561933,0.047973531844459905
very_large,200000,443,CNN distance-density,4,5,1,0.4075265957446809,0.325,0.9063829787234042,0.0,0.8,1,0,26,213,636,15509,0.10878661087820592,0.039274924471239765,0.057713651108412034,0.9481811523436922,0.029714285714251755
very_large,200000,444,CNN distance-density,3,4,1,0.512443812233286,0.1612865497076023,0.5743243243243243,1.0,0.75,0,0,11,135,125,16113,0.07534246575290862,0.08088235294058176,0.07801418389723859,0.9841308593749399,0.04059040590390926
very_large,200000,445,CNN distance-density,5,7,2,0.20247467878726322,0.09648275862068964,0.4381443298969072,0.0,0.7142857142857143,1,1,67,511,560,15246,0.11591695501710049,0.10685805422630486,0.1112033190027169,0.9346313476561929,0.0588752196836038
very_large,200000,446,CNN distance-density,5,6,1,0.5193704954954955,0.0975,0.7108108108108109,1.0,0.8333333333333334,0,0,45,329,713,15297,0.12032085561465156,0.059366754617335926,0.07950529991075242,0.9364013671874428,0.041398344066199265
very_large,200000,447,CNN distance-density,4,8,4,0.24945330779500546,0.2593022493278248,0.4138364779874214,0.0,0.5,0,5,62,668,642,15012,0.08493150684919873,0.08806818181805673,0.08647140814718464,0.9200439453124438,0.04518950437314491
very_large,200000,448,CNN distance-density,1,1,0,0.521875,0.0,0.859375,1.0,1.0,0,0,1,50,121,16212,0.019607843136870435,0.008196721311408223,0.011560693225700839,0.9895629882811896,0.005813953488338291
very_large,200000,449,CNN distance-density,4,5,1,0.23841780109661564,0.11717054263565893,0.5284552845528455,0.0,0.8,0,4,4,227,238,15915,0.017316017315942355,0.01652892561976641,0.016913318739099556,0.9716186523436907,0.008528784648169448
very_large,200000,450,CNN distance-density,4,4,0,0.29875000000000007,0.10833333333333334,0.75,0.0,1.0,1,0,9,136,385,15854,0.062068965516813325,0.022842639593850654,0.033395175858901775,0.9682006835936908,0.016981132075439657
very_large,200000,451,CNN distance-density,4,10,6,0.2414606474507205,0.35208076671217214,0.2151215121512151,0.0,0.4,0,20,18,911,406,15049,0.019375672766394646,0.04245283018857912,0.026607538372277213,0.9196166992186938,0.013483146067405631
very_large,200000,452,CNN distance-density,4,5,1,0.2792787381158168,0.10076923076923075,0.7696629213483146,0.0,0.8,0,1,2,160,485,15737,0.012345679012269472,0.00410677618068972,0.006163327822593037,0.9606323242186914,0.0030911901081868763
very_large,200000,453,CNN distance-density,3,18,15,0.02723577235772358,0.0,0.05284552845528456,0.0,0.16666666666666663,1,25,8,715,181,15480,0.011065006915614017,0.04232804232781837,0.01754385932050487,0.9453124999999423,0.008849557522114105
very_large,200000,454,CNN distance-density,1,1,0,0.7511451612903226,0.49000000000000005,0.9032258064516129,1.0,1.0,0,0,0,63,177,16144,0.0,0.0,0.0,0.9853515624999398,0.0
very_large,200000,455,CNN distance-density,4,5,1,0.3079031531531532,0.2401851851851852,0.5990990990990991,0.0,0.8,0,3,6,197,227,15954,0.029556650246159822,0.02575107296126287,0.027522935282057497,0.9741210937499405,0.013953488372060573
very_large,200000,456,CNN distance-density,5,6,1,0.31924187504686485,0.11875204931470916,0.9123505976095617,0.0,0.8333333333333334,1,1,18,222,669,15475,0.0749999999996875,0.026200873362407277,0.038834951072485635,0.9456176757811923,0.019801980197998018
very_large,200000,457,CNN distance-density,2,2,0,0.37092279815506257,0.21988505747126436,0.8598726114649682,0.0,1.0,1,1,28,107,252,15997,0.20740740740587107,0.09999999999964286,0.1349397585965336,0.9780883789061903,0.07235142118844354
very_large,200000,458,CNN distance-density,2,2,0,0.5469131097560976,0.07986111111111112,0.8048780487804879,1.0,1.0,0,0,0,32,69,16283,0.0,0.0,0.0,0.9938354492186893,0.0
very_large,200000,459,CNN distance-density,5,9,4,0.2419735707827467,0.2281479871875352,0.36703296703296706,0.04137931034482759,0.5555555555555556,4,29,58,602,395,15329,0.08787878787865473,0.12803532008801757,0.10422282072106098,0.9391479492186926,0.05497630331748343
very_large,200000,460,CNN distance-density,3,3,0,0.2604264214046823,0.0038461538461538503,0.7934782608695652,0.0,1.0,0,1,4,66,161,16153,0.057142857142040815,0.02424242424227732,0.03404255277291083,0.9861450195311898,0.017316017315942355
very_large,200000,461,CNN distance-density,1,1,0,0.5,0.0,0.75,1.0,1.0,0,0,0,18,40,16326,0.0,0.0,0.0,0.9964599609374392,0.0
very_large,200000,462,CNN distance-density,3,6,3,0.08947368421052632,0.0,0.19736842105263153,0.0,0.5,0,2,0,403,249,15732,0.0,0.0,0.0,0.9602050781249414,0.0
very_large,200000,463,CNN distance-density,5,7,2,0.26556356485607807,0.22954841511072516,0.4541910331384016,0.0,0.7142857142857143,2,8,30,424,466,15464,0.06607929515403947,0.06048387096761999,0.06315789423768643,0.9456787109374423,0.03260869565213847
very_large,200000,464,CNN distance-density,5,6,1,0.4206496138655059,0.41571105580767415,0.7512315270935961,0.0,0.8333333333333334,2,2,25,333,552,15474,0.06983240223444181,0.04332755632574813,0.0534759353561932,0.9459838867186923,0.027472527472497284
very_large,200000,465,CNN distance-density,1,10,9,0.13201178451178452,0.23477366255144033,0.08181818181818179,0.0,0.09999999999999998,0,12,38,688,210,15448,0.05234159779607116,0.15322580645099507,0.07802874705352725,0.9451904296874423,0.040598290598247225
very_large,200000,466,CNN distance-density,3,4,1,0.35783984706881905,0.30454545454545456,0.7289719626168225,0.0,0.75,1,0,11,88,135,16150,0.11111111110998877,0.07534246575290862,0.08979591788501459,0.9863891601561897,0.04700854700834612
very_large,200000,467,CNN distance-density,3,20,17,0.1525352936603568,0.28025641025641024,0.05709954522486105,0.0,0.15000000000000002,0,58,41,706,187,15450,0.05488621151264406,0.17982456140272007,0.08410256374406733,0.9454956054686923,0.04389721627404294
very_large,200000,468,CNN distance-density,3,3,0,0.6480599128540304,0.24424836601307184,0.9407407407407408,1.0,1.0,0,0,26,100,402,15856,0.20634920634756865,0.060747663551259934,0.09386281553271904,0.9693603515624408,0.04924242424233098
very_large,200000,469,CNN distance-density,5,5,0,0.4130647653000594,0.2878563411896745,0.9176470588235294,0.0,1.0,0,3,1,243,527,15613,0.004098360655720909,0.001893939393935807,0.0025906731427891403,0.9530029296874418,0.0012970168612175135
very_large,200000,470,CNN distance-density,4,6,2,0.30014747954225807,0.2251753647586981,0.660759493670886,0.0,0.6666666666666667,2,8,28,333,441,15582,0.07756232686959125,0.05970149253718614,0.06746987902637537,0.9527587890624418,0.03491271820444525
very_large,200000,471,CNN distance-density,5,10,5,0.13642800499364865,0.04940105362100246,0.32098765432098764,0.0,0.5,2,5,71,640,646,15027,0.09985935302376954,0.09902370990223289,0.09943977541023369,0.9215087890624437,0.052321296978590774
very_large,200000,472,CNN distance-density,2,2,0,0.7486149425287356,0.4413665389527458,1.0,1.0,1.0,0,0,5,118,118,16143,0.04065040650373455,0.04065040650373455,0.040650406003734554,0.9855957031249398,0.020746887966718894
very_large,200000,473,CNN distance-density,2,2,0,0.5476689189189189,0.175,0.5945945945945945,1.0,1.0,0,0,2,72,76,16234,0.027027027026661796,0.02564102564069691,0.026315788973684223,0.9909667968749395,0.013333333333244445
very_large,200000,474,CNN distance-density,4,6,2,0.220998427672956,0.13611111111111113,0.46540880503144655,0.0,0.6666666666666667,1,2,33,244,430,15677,0.11913357400679013,0.07127429805600156,0.08918918872053688,0.9588623046874415,0.046676096180980654
very_large,200000,475,CNN distance-density,5,5,0,0.4102327908275003,0.2361337513061651,0.8698630136986302,0.12,1.0,3,5,26,247,456,15655,0.09523809523774639,0.05394190871358103,0.068874171723563,0.9570922851561916,0.035665294924505264
very_large,200000,476,CNN distance-density,1,1,0,0.844340206185567,0.6678350515463918,0.9690721649484536,1.0,1.0,0,0,0,95,98,16191,0.0,0.0,0.0,0.9882202148436896,0.0
very_large,200000,477,CNN distance-density,1,1,0,0.8025000000000001,0.65,0.8,1.0,1.0,0,0,0,26,69,16289,0.0,0.0,0.0,0.9942016601561893,0.0
very_large,200000,478,CNN distance-density,4,5,1,0.3464834570191713,0.19082491582491581,0.903061224489796,0.0,0.8,1,2,16,146,399,15823,0.09876543209815578,0.03855421686737698,0.0554592716929916,0.9667358398436909,0.028520499108683563
very_large,200000,479,CNN distance-density,5,5,0,0.31441788856304986,0.14537308569566634,0.745,0.0,1.0,2,0,6,122,280,15976,0.04687499999963379,0.020979020978947625,0.028985506819062288,0.9754638671874404,0.014705882352905132
very_large,200000,480,CNN distance-density,2,2,0,0.7691666666666667,0.65,0.6333333333333333,1.0,1.0,0,0,0,62,72,16250,0.0,0.0,0.0,0.9918212890624394,0.0
very_large,200000,481,CNN distance-density,3,5,2,0.17519208037825057,0.10011820330969265,0.3506944444444444,0.0,0.6,1,2,11,259,188,15926,0.04074074074058985,0.05527638190926997,0.046908315076290806,0.9727172851561906,0.024017467248855857
very_large,200000,482,CNN distance-density,5,7,2,0.14332769929826494,0.005072463768115941,0.3480825958702065,0.0,0.7142857142857143,0,8,44,549,347,15444,0.0741989881954904,0.11253196930917511,0.08943089382983219,0.9453124999999423,0.04680851063824808
very_large,200000,483,CNN distance-density,2,2,0,0.5018248175182481,0.0,0.7591240875912408,1.0,1.0,0,0,22,114,228,16020,0.1617647058811635,0.087999999999648,0.11398963684872078,0.9791259765624402,0.0604395604393944
very_large,200000,484,CNN distance-density,2,2,0,0.579699659758738,0.12469945355191256,0.8679245283018868,1.0,1.0,0,0,11,83,290,16000,0.11702127659449976,0.03654485049821746,0.0556962021686781,0.9772338867186904,0.028645833333258736
very_large,200000,485,CNN distance-density,4,4,0,0.61783294246404,0.19771367521367517,0.8943089430894309,1.0,1.0,0,0,38,73,355,15918,0.34234234233925814,0.0966921119590415,0.15079365044958584,0.9738769531249405,0.08154506437750741
very_large,200000,486,CNN distance-density,2,2,0,0.7075,0.35,1.0,1.0,1.0,0,0,15,34,97,16238,0.30612244897334445,0.13392857142737563,0.18633540330095288,0.9920043945311894,0.10273972602669357
very_large,200000,487,CNN distance-density,2,2,0,0.7776995798319327,0.5321428571428571,0.9411764705882353,1.0,1.0,0,0,66,37,130,16151,0.640776699022905,0.336734693875833,0.44147157145177346,0.9898071289061896,0.2832618025738916
very_large,200000,488,CNN distance-density,4,5,1,0.40506291226503993,0.30213410702772403,0.9455128205128205,0.0,0.8,1,4,11,284,447,15642,0.03728813559309394,0.024017467248855857,0.029216466986830905,0.9553833007811917,0.01482479784364579
very_large,200000,489,CNN distance-density,4,4,0,0.5567063676414098,0.06808442571785267,0.8803418803418803,1.0,1.0,0,0,19,163,219,15983,0.1043956043950308,0.07983193277277383,0.09047618998464854,0.9766845703124404,0.047381546134545184
very_large,200000,490,CNN distance-density,4,12,8,0.07451253114816946,0.025443262411347513,0.14864864864864868,0.0,0.33333333333333337,0,28,32,771,170,15411,0.03985056039845598,0.15841584158337418,0.06368159171848223,0.9425659179686925,0.0328879753339847
very_large,200000,491,CNN distance-density,4,6,2,0.26393948676140677,0.194303898935488,0.5491803278688525,0.0,0.6666666666666667,0,6,47,284,584,15469,0.1419939577034985,0.07448494453237008,0.0977130972615199,0.9470214843749422,0.0513661202185231
very_large,200000,492,CNN distance-density,3,3,0,0.6372878663033673,0.23630107855774757,0.9047619047619048,1.0,1.0,0,0,61,75,357,15891,0.4485294117614079,0.14593301435371786,0.22021660612695332,0.9736328124999406,0.12373225152104719
very_large,200000,493,CNN distance-density,2,2,0,0.5226388888888889,0.09722222222222222,0.6444444444444444,1.0,1.0,0,0,0,44,67,16273,0.0,0.0,0.0,0.9932250976561894,0.0
very_large,200000,494,CNN distance-density,3,0,3,0.25,0.0,0.0,1.0,0.0,0,0,0,0,360,16024,0.0,0.0,0.0,0.9780273437499403,0.0
very_large,200000,495,CNN distance-density,1,1,0,0.9090324675324676,0.8093939393939393,0.974025974025974,1.0,1.0,0,0,0,76,78,16230,0.0,0.0,0.0,0.9906005859374395,0.0
very_large,200000,496,CNN distance-density,3,24,21,0.13000051043846664,0.23515928515928514,0.058394160583941646,0.0,0.125,0,183,71,561,262,15490,0.11234177215172098,0.21321321321257294,0.14715025861505435,0.949768066406192,0.07941834451892682
very_large,200000,497,CNN distance-density,3,3,0,0.6609024390243902,0.26,0.9695121951219512,1.0,1.0,0,0,41,120,474,15749,0.254658385091586,0.0796116504852823,0.12130177478468454,0.9637451171874412,0.06456692913375658
very_large,200000,498,CNN distance-density,5,9,4,0.20116206371586745,0.13916759568933482,0.41490545050055616,0.0,0.5555555555555556,3,7,45,741,713,14885,0.057251908396873726,0.059366754617335926,0.05829015494050344,0.9112548828124444,0.030020013342208125
very_large,200000,499,CNN distance-density,3,16,13,0.18547613048479494,0.30776772247360484,0.12491951062459761,0.012987012987012988,0.1875,1,77,18,722,237,15407,0.024324324324291453,0.07058823529384084,0.03618090414133785,0.9414672851561925,0.018423746161700692
very_large,200000,500,CNN distance-density,5,5,0,0.3855428590602523,0.2265480989982474,0.917981072555205,0.0,1.0,2,0,62,217,702,15403,0.22222222222142574,0.08115183246062677,0.11888782319369692,0.9439086914061924,0.06320081549432906
very_large,200000,501,CNN distance-density,2,12,10,0.15843182465129518,0.26,0.12382578992314264,0.0,0.16666666666666663,0,23,97,735,290,15262,0.11658653846139834,0.25064599483139366,0.15914684123987372,0.9374389648436927,0.08645276292327411
very_large,200000,502,CNN distance-density,5,7,2,0.2806954067300094,0.2420719714242286,0.5016722408026756,0.0,0.7142857142857143,1,17,58,454,858,15014,0.11328124999977875,0.06331877729250729,0.08123249253710504,0.9199218749999438,0.04233576642332676
very_large,200000,503,CNN distance-density,5,10,5,0.18030074169162746,0.17152046783625732,0.26558265582655827,0.0,0.5,0,17,90,585,618,15091,0.1333333333331358,0.12711864406761705,0.13015184331788385,0.9265747070311934,0.0696055684454218
very_large,200000,504,CNN distance-density,3,16,13,0.07572100396702874,0.09704911433172302,0.06649451258876693,0.0,0.1875,0,14,28,1000,297,15059,0.027237354085576617,0.08615384615358107,0.04138950443906263,0.9208374023436938,0.021132075471682166
very_large,200000,505,CNN distance-density,1,1,0,0.4911764705882353,0.0,0.7058823529411764,1.0,1.0,0,0,0,25,107,16252,0.0,0.0,0.0,0.9919433593749394,0.0
very_large,200000,506,CNN distance-density,1,1,0,0.5192307692307693,0.0,0.8461538461538461,1.0,1.0,0,0,0,40,104,16240,0.0,0.0,0.0,0.9912109374999395,0.0
very_large,200000,507,CNN distance-density,4,10,6,0.15552007970570203,0.14611111111111114,0.1952789699570815,0.04285714285714286,0.4,1,14,57,586,393,15348,0.08864696734045312,0.12666666666638518,0.10430009100670742,0.9402465820311926,0.05501930501925191
very_large,200000,508,CNN distance-density,3,3,0,0.5092970803242121,0.03026237328562911,0.7283950617283951,1.0,1.0,0,0,8,101,376,15899,0.07339449541217069,0.02083333333327908,0.032454360710210704,0.9708862304686907,0.01649484536079073
very_large,200000,509,CNN distance-density,5,7,2,0.24689683177708238,0.11996047430830038,0.4256120527306968,0.14545454545454548,0.7142857142857143,3,11,18,447,575,15344,0.038709677419271595,0.030354131534518797,0.03402646453560952,0.9376220703124427,0.017307692307675666
very_large,200000,510,CNN distance-density,4,4,0,0.5804650306748466,0.08133333333333333,0.9693251533742331,1.0,1.0,0,0,5,144,246,15989,0.033557046979640556,0.019920318725020238,0.024999999532387508,0.9761962890624404,0.01265822784806922
very_large,200000,511,CNN distance-density,3,4,1,0.16339285714285717,0.0,0.4419642857142857,0.0,0.75,0,1,0,200,107,16077,0.0,0.0,0.0,0.98126220703119,0.0
very_large,200000,512,CNN distance-density,1,1,0,0.5147058823529411,0.0,0.8235294117647058,1.0,1.0,0,0,0,35,93,16256,0.0,0.0,0.0,0.9921874999999394,0.0
very_large,200000,513,CNN distance-density,1,1,0,0.60975,0.1883333333333333,0.875,1.0,1.0,0,0,0,57,201,16126,0.0,0.0,0.0,0.9842529296874399,0.0
very_large,200000,514,CNN distance-density,1,1,0,0.8152373737373737,0.6343097643097643,0.898989898989899,1.0,1.0,0,0,0,90,100,16194,0.0,0.0,0.0,0.9884033203124396,0.0
very_large,200000,515,CNN distance-density,4,4,0,0.36874677121771215,0.20361111111111113,0.8856088560885609,0.0,1.0,2,0,16,216,746,15406,0.06896551724108205,0.020997375328056435,0.032193158595808256,0.9412841796874425,0.01635991820039227
very_large,200000,516,CNN distance-density,5,5,0,0.5505211451651224,0.062349726775956286,0.8623188405797102,1.0,1.0,0,0,17,212,491,15664,0.07423580785993784,0.03346456692906798,0.04613297107763514,0.9570922851561916,0.023611111111078317
very_large,200000,517,CNN distance-density,3,3,0,0.5817007299270073,0.08666666666666667,0.9635036496350365,1.0,1.0,0,0,11,115,169,16089,0.08730158730089443,0.06111111111077161,0.07189542435170233,0.98266601562494,0.03728813559309394
very_large,200000,518,CNN distance-density,3,17,14,0.11308774284753169,0.16159796893667863,0.11360799001248445,0.0,0.17647058823529416,0,58,98,618,435,15233,0.1368715083796971,0.1838649155718877,0.15692553994282823,0.9357299804686928,0.08514335360548642
very_large,200000,519,CNN distance-density,2,2,0,0.5331775700934579,0.0,0.9158878504672897,1.0,1.0,0,0,15,64,186,16119,0.1898734177191155,0.07462686567127051,0.10714285673701529,0.9847412109374398,0.05660377358469206
very_large,200000,520,CNN distance-density,1,15,14,0.2736855853225296,0.5646925566343042,0.06453634085213034,0.0,0.06666666666666665,0,39,4,829,100,15451,0.004801920768301558,0.038461538461168635,0.008537886675634338,0.9432983398436924,0.00428724544479712
very_large,200000,521,CNN distance-density,5,6,1,0.3440987048906732,0.22057576757047165,0.8075313807531381,0.0,0.8333333333333334,1,6,134,329,1052,14869,0.28941684665164275,0.11298482293413745,0.16252274065110597,0.915710449218694,0.08844884488443007
very_large,200000,522,CNN distance-density,2,11,9,0.03949469115709524,0.0,0.10656436487638532,0.0,0.18181818181818177,0,17,41,811,348,15184,0.04812206572764305,0.10539845758327661,0.06607574493613,0.9292602539061933,0.034166666666638194
very_large,200000,523,CNN distance-density,3,3,0,0.3207252888318357,0.19239766081871343,0.6707317073170731,0.0,1.0,1,0,3,50,249,16082,0.05660377358383767,0.011904761904714664,0.019672130860263377,0.98175048828119,0.009933774834404193
very_large,200000,524,CNN distance-density,3,5,2,0.21580760736954271,0.1444947209653092,0.4539249146757679,0.0,0.6,0,3,3,262,125,15994,0.011320754716938412,0.023437499999816896,0.01526717513320256,0.9763793945311904,0.007692307692287969
very_large,200000,525,CNN distance-density,3,9,6,0.11249196141479102,0.07777777777777778,0.22079314040728837,0.0,0.33333333333333337,0,12,1,607,512,15264,0.001644736842102558,0.0019493177387876232,0.001784120823837654,0.9317016601561932,0.0008928571428563457
very_large,200000,526,CNN distance-density,2,11,9,0.17138155309209552,0.29041666666666666,0.11256117455138659,0.0,0.18181818181818177,0,19,16,519,244,15605,0.029906542056018868,0.061538461538224856,0.04025157188677031,0.9534301757811918,0.020539152759922286
very_large,200000,527,CNN distance-density,2,2,0,0.5461587918660288,0.062171052631578946,0.8409090909090909,1.0,1.0,0,0,10,75,171,16128,0.11764705882214532,0.05524861878422515,0.07518796948937193,0.9849853515624398,0.039062499999847414
very_large,200000,528,CNN distance-density,5,9,4,0.20708914234065742,0.15056212595574298,0.41890315052508753,0.0,0.5555555555555556,2,8,104,617,841,14822,0.14424410540895388,0.11005291005279359,0.12484993948487941,0.9110107421874444,0.0665813060178831
very_large,200000,529,CNN distance-density,4,8,4,0.1257570200136976,0.04588235294117647,0.2755498059508409,0.0,0.5,0,5,138,508,455,15283,0.21362229102134114,0.23271500843131077,0.22276029005745607,0.9412231445311925,0.12534059945492704
very_large,200000,530,CNN distance-density,5,5,0,0.40261997586558984,0.2296038450034551,0.9964912280701754,0.0,1.0,0,1,30,243,685,15426,0.10989010988970736,0.04195804195798328,0.06072874453921758,0.9433593749999424,0.03131524008347462
very_large,200000,531,CNN distance-density,3,19,16,0.14383418040372642,0.24977858293075683,0.07822172200337651,0.0,0.1578947368421053,0,82,23,603,364,15394,0.036741214057449297,0.05943152454765005,0.04540967376268822,0.9409790039061925,0.023232323232299765
very_large,200000,532,CNN distance-density,2,2,0,0.7125,0.43518518518518523,0.8333333333333334,1.0,1.0,0,0,0,47,172,16165,0.0,0.0,0.0,0.9866333007811897,0.0
very_large,200000,533,CNN distance-density,2,2,0,0.5378787878787878,0.0,0.9393939393939394,1.0,1.0,0,0,7,53,143,16181,0.11666666666472222,0.04666666666635556,0.06666666625786848,0.9880371093749397,0.03448275862051979
very_large,200000,534,CNN distance-density,4,6,2,0.15366666666666667,0.043333333333333335,0.3375,0.0,0.6666666666666667,0,3,3,346,278,15757,0.008595988538657319,0.0106761565835919,0.00952380902960446,0.9619140624999413,0.00478468899520768
very_large,200000,535,CNN distance-density,3,49,46,0.12428916625866866,0.24666666666666667,0.03583358639538414,0.0,0.061224489795918324,2,558,63,1082,250,14989,0.055021834061087314,0.20127795527092243,0.0864197527491189,0.9187011718749439,0.04516129032254827
very_large,200000,536,CNN distance-density,4,10,6,0.33053091739079543,0.441351417023318,0.4072883172561629,0.04186046511627907,0.4,4,43,151,583,821,14829,0.20572207084440639,0.1553497942385233,0.17702227383543223,0.9143066406249442,0.09710610932469639
very_large,200000,537,CNN distance-density,4,5,1,0.276125,0.1625,0.615,0.0,0.8,0,1,6,191,163,16024,0.03045685279172357,0.03550295857967158,0.03278688474864882,0.9783935546874403,0.01666666666662037
very_large,200000,538,CNN distance-density,1,1,0,0.4794117647058823,0.0,0.6470588235294117,1.0,1.0,0,0,0,11,41,16332,0.0,0.0,0.0,0.9968261718749392,0.0
very_large,200000,539,CNN distance-density,2,2,0,0.5603841829085457,0.10736714975845411,0.8103448275862069,1.0,1.0,0,0,13,95,225,16051,0.12037037036925582,0.054621848739266295,0.07514450824066958,0.9804687499999402,0.03903903903892181
very_large,200000,540,CNN distance-density,2,2,0,0.7736017576318225,0.5307092198581561,0.9239130434782609,1.0,1.0,0,0,26,61,260,16037,0.2988505747092086,0.09090909090877305,0.13941018730913038,0.9804077148436902,0.07492795389027399
very_large,200000,541,CNN distance-density,2,10,8,0.08278190167103991,0.08525641025641024,0.12208258527827653,0.0,0.19999999999999996,0,17,21,727,117,15519,0.028074866310122897,0.15217391304237557,0.04740406294231818,0.948486328124942,0.024277456647370778
very_large,200000,542,CNN distance-density,3,10,7,0.06038210624417522,0.0,0.15191053122087605,0.0,0.30000000000000004,0,6,54,832,310,15188,0.06094808126403956,0.1483516483512408,0.08639999958705664,0.9302978515624432,0.04515050167220305
very_large,200000,543,CNN distance-density,5,5,0,0.34307745912238863,0.1356777493606138,0.9101123595505618,0.0,1.0,1,0,16,143,351,15874,0.10062893081697719,0.04359673024511282,0.060836501479094696,0.9698486328124408,0.03137254901954633
very_large,200000,544,CNN distance-density,3,13,10,0.08305054854808483,0.08859303090072321,0.10053380782918153,0.0,0.23076923076923073,1,24,48,693,243,15400,0.06477732793513526,0.1649484536076806,0.09302325540884149,0.9428710937499424,0.04878048780482848
very_large,200000,545,CNN distance-density,5,6,1,0.22908653723251418,0.1084451006931627,0.4847645429362881,0.0,0.8333333333333334,1,1,10,328,260,15786,0.029585798816480515,0.03703703703689987,0.03289473634825139,0.9641113281249412,0.01672240802672789
very_large,200000,546,CNN distance-density,2,2,0,0.6566208791208791,0.330952380952381,0.7884615384615384,1.0,1.0,0,0,5,77,174,16128,0.06097560975535395,0.0279329608936987,0.03831417581397808,0.9846801757811898,0.019531249999923707
very_large,200000,547,CNN distance-density,2,2,0,0.6784295410471881,0.3024929971988795,0.9615384615384616,1.0,1.0,0,0,0,96,239,16049,0.0,0.0,0.0,0.9795532226561902,0.0
very_large,200000,548,CNN distance-density,3,4,1,0.3252401129943503,0.11666666666666667,0.9887005649717514,0.0,0.75,0,3,13,140,497,15734,0.08496732026088258,0.02549019607838139,0.03921568591936193,0.9611206054686913,0.01999999999996923
very_large,200000,549,CNN distance-density,1,1,0,0.7735679980194752,0.550365296803653,0.8795180722891567,1.0,1.0,0,0,0,84,74,16226,0.0,0.0,0.0,0.9903564453124395,0.0
very_large,200000,550,CNN distance-density,3,4,1,0.3481292065035381,0.28349700210662776,0.7277777777777779,0.0,0.75,1,4,21,126,141,16096,0.14285714285617104,0.12962962962882946,0.13592232959738584,0.9837036132811899,0.07291666666641348
very_large,200000,551,CNN distance-density,5,5,0,0.3686393119700029,0.17424317091673686,0.9511494252873564,0.0,1.0,1,0,16,288,628,15452,0.05263157894719529,0.02484472049685583,0.033755273825847004,0.9440917968749424,0.017167381974230508
very_large,200000,552,CNN distance-density,1,1,0,0.6293749999999999,0.20416666666666666,0.9375,1.0,1.0,0,0,0,15,53,16316,0.0,0.0,0.0,0.9958496093749392,0.0
very_large,200000,553,CNN distance-density,5,7,2,0.2540767674750418,0.1920902471469579,0.48103792415169666,0.0,0.7142857142857143,1,2,27,389,533,15435,0.06490384615369013,0.04821428571419962,0.05532786836322982,0.9437255859374424,0.0284510010537108
very_large,200000,554,CNN distance-density,3,4,1,0.3311583304125518,0.2208086785009862,0.7839721254355401,0.0,0.75,0,2,26,247,574,15537,0.09523809523774639,0.043333333333261115,0.059564718928548845,0.949890136718692,0.030696576151085366
very_large,200000,555,CNN distance-density,4,6,2,0.282982789573484,0.1593349739809615,0.7230769230769231,0.0,0.6666666666666667,0,3,26,280,599,15479,0.08496732026116025,0.04159999999993344,0.05585392007415655,0.9463500976561923,0.028729281767924057
very_large,200000,556,CNN distance-density,2,2,0,0.6418896388342571,0.2136554621848739,0.9787234042553191,1.0,1.0,0,0,6,118,250,16010,0.04838709677380333,0.023437499999908448,0.031578946928587266,0.9775390624999403,0.016042780748620207
very_large,200000,557,CNN distance-density,3,3,0,0.5910162197947699,0.13403214535290003,0.9035087719298246,1.0,1.0,0,0,18,87,313,15966,0.17142857142693876,0.05438066465240369,0.08256880697341346,0.9755859374999404,0.04306220095683478
very_large,200000,558,CNN distance-density,3,3,0,0.7428846153846154,0.45,0.9519230769230769,1.0,1.0,0,0,0,107,238,16039,0.0,0.0,0.0,0.9789428710936903,0.0
very_large,200000,559,CNN distance-density,2,2,0,0.8794426229508197,0.7466666666666667,0.9672131147540983,1.0,1.0,0,0,0,63,187,16134,0.0,0.0,0.0,0.9847412109374398,0.0
very_large,200000,560,CNN distance-density,3,15,12,0.1878947256305385,0.3252314814814815,0.10770279481935918,0.0,0.19999999999999996,0,13,115,750,386,15133,0.13294797687845902,0.22954091816321448,0.16837481651915157,0.9306640624999432,0.09192645883286017
very_large,200000,561,CNN distance-density,3,5,2,0.1862599555286032,0.12479302832244009,0.35051546391752575,0.0,0.6,0,1,19,261,192,15912,0.06785714285690052,0.09004739336450215,0.07739307486597452,0.9723510742186906,0.04025423728805031
very_large,200000,562,CNN distance-density,2,3,1,0.4610647876296732,0.03589743589743589,0.6412213740458015,1.0,0.6666666666666667,0,0,30,95,201,16058,0.23999999999808,0.12987012986956767,0.16853932538607813,0.98193359374994,0.09202453987701834
very_large,200000,563,CNN distance-density,4,5,1,0.37303654970760236,0.25820987654320987,0.8842105263157894,0.0,0.8,0,1,4,269,595,15516,0.014652014651960981,0.006677796327200872,0.009174311496467594,0.9472656249999422,0.004608294930870267
very_large,200000,564,CNN distance-density,2,2,0,0.6893310810810811,0.3516666666666667,0.9054054054054054,1.0,1.0,0,0,17,59,202,16106,0.22368421052337256,0.07762557077590125,0.11525423690484343,0.9840698242186899,0.06115107913647068
very_large,200000,565,CNN distance-density,4,7,3,0.2044331983805668,0.1201058201058201,0.4267399267399268,0.031578947368421054,0.5714285714285714,2,19,29,395,441,15519,0.06839622641493302,0.06170212765944319,0.0648769569955858,0.948974609374942,0.033526011560654885
very_large,200000,566,CNN distance-density,2,2,0,0.6595925925925926,0.26,0.962962962962963,1.0,1.0,0,0,0,80,207,16097,0.0,0.0,0.0,0.98248291015619,0.0
very_large,200000,567,CNN distance-density,2,2,0,0.600625,0.175,0.859375,1.0,1.0,0,0,9,47,143,16185,0.16071428571141583,0.059210526315399935,0.08653846114413831,0.9884033203124396,0.04522613065303907
very_large,200000,568,CNN distance-density,2,2,0,0.7624602798821548,0.47542613636363634,0.9925925925925926,1.0,1.0,0,0,30,100,91,16163,0.23076923076745565,0.2479338842954716,0.2390438241999333,0.9883422851561896,0.1357466063342274
very_large,200000,569,CNN distance-density,3,17,14,0.18727481907589535,0.3466666666666667,0.0681388012618297,0.0,0.17647058823529416,1,21,14,723,273,15374,0.018995929443664863,0.04878048780470808,0.02734374959650613,0.9392089843749426,0.013861386138600138
very_large,200000,570,CNN distance-density,4,5,1,0.3752929509115247,0.30821046764959215,0.782991202346041,0.0,0.8,0,4,77,239,589,15479,0.24367088607517826,0.11561561561544202,0.15682281015382796,0.949462890624942,0.08508287292808278
very_large,200000,571,CNN distance-density,1,13,12,0.17813626980754052,0.35,0.06471981057616416,0.0,0.07692307692307687,0,26,19,637,236,15492,0.02896341463410219,0.07450980392127643,0.04171240354848715,0.9467163085936922,0.021300448430469396
very_large,200000,572,CNN distance-density,5,6,1,0.3372476020217685,0.26341535599526467,0.6768867924528301,0.0,0.8333333333333334,1,5,15,374,706,15289,0.03856041131095486,0.02080443828013758,0.027027026571708475,0.9340820312499429,0.013698630136973792
very_large,200000,573,CNN distance-density,3,4,1,0.2588493377483444,0.10833333333333334,0.6754966887417219,0.0,0.75,0,2,6,129,288,15961,0.04444444444411523,0.020408163265236708,0.027972027540580636,0.9745483398436905,0.014184397163087035
very_large,200000,574,CNN distance-density,1,1,0,0.5065217391304347,0.0,0.782608695652174,1.0,1.0,0,0,0,46,113,16225,0.0,0.0,0.0,0.9902954101561895,0.0
very_large,200000,575,CNN distance-density,3,3,0,0.6631783439490445,0.26,0.9808917197452229,1.0,1.0,0,0,9,147,374,15854,0.05769230769193787,0.023498694516909925,0.03339517584087898,0.9682006835936908,0.016981132075439657
very_large,200000,576,CNN distance-density,5,6,1,0.2404044045770801,0.11672359266287158,0.5227272727272727,0.0,0.8333333333333334,1,1,8,384,521,15471,0.020408163265254062,0.01512287334590714,0.017372420792241845,0.9447631835936923,0.008762322015324467
very_large,200000,577,CNN distance-density,3,4,1,0.2950646879756469,0.0993827160493827,0.8767123287671232,0.0,0.75,0,1,3,137,174,16070,0.02142857142841837,0.016949152542277125,0.018927444301644968,0.98101806640619,0.009554140127358108
very_large,200000,578,CNN distance-density,3,4,1,0.4241666666666667,0.0425925925925926,0.4,1.0,0.75,0,0,0,244,155,15985,0.0,0.0,0.0,0.9756469726561904,0.0
very_large,200000,579,CNN distance-density,1,1,0,0.48571428571428577,0.0,0.6785714285714286,1.0,1.0,0,0,6,13,83,16282,0.31578947366759,0.06741573033632117,0.11111111081910151,0.9941406249999393,0.058823529411188
very_large,200000,580,CNN distance-density,5,11,6,0.13809255410148638,0.11853858784893267,0.19647822057460607,0.0,0.4545454545454546,2,2,17,797,460,15110,0.020884520884495227,0.03563941299782885,0.02633617304293744,0.9232788085936936,0.013343799058074299
very_large,200000,581,CNN distance-density,2,2,0,0.6855074142724745,0.36538461538461536,0.8554216867469879,1.0,1.0,0,0,6,67,201,16110,0.08219178082079188,0.028985507246236785,0.04285714247135204,0.9836425781249399,0.021897810218898184
very_large,200000,582,CNN distance-density,1,1,0,0.6054591836734694,0.15952380952380948,0.9183673469387755,1.0,1.0,0,0,11,35,39,16299,0.23913043477741022,0.21999999999560002,0.22916666616276044,0.9954833984374392,0.12941176470435986
very_large,200000,583,CNN distance-density,2,2,0,0.8496909917134455,0.6694252873563219,0.9922480620155039,1.0,1.0,0,0,0,131,274,15979,0.0,0.0,0.0,0.9752807617186905,0.0
very_large,200000,584,CNN distance-density,4,4,0,0.3233418367346939,0.09722222222222222,0.8979591836734694,0.0,1.0,1,0,18,144,432,15790,0.11111111111042525,0.039999999999911114,0.05882352902229912,0.964843749999941,0.03030303030297929
very_large,200000,585,CNN distance-density,3,4,1,0.609137305699482,0.21000000000000002,0.9481865284974094,1.0,0.75,0,0,0,180,619,15585,0.0,0.0,0.0,0.9512329101561919,0.0
very_large,200000,586,CNN distance-density,3,7,4,0.2375951405152225,0.2906746031746032,0.319672131147541,0.0,0.4285714285714286,1,8,51,502,439,15392,0.09222423146457102,0.10408163265284881,0.09779482212867409,0.9425659179686925,0.05141129032252882
very_large,200000,587,CNN distance-density,1,1,0,0.4911764705882353,0.0,0.7058823529411764,1.0,1.0,0,0,7,14,107,16256,0.3333333333174603,0.061403508771391196,0.10370370343945129,0.9926147460936894,0.05468749999957276
very_large,200000,588,CNN distance-density,1,1,0,0.7006910953506699,0.39248226950354614,0.8703703703703703,1.0,1.0,0,0,0,55,48,16281,0.0,0.0,0.0,0.9937133789061893,0.0
very_large,200000,589,CNN distance-density,1,1,0,0.9277637362637362,0.8443589743589743,0.989010989010989,1.0,1.0,0,0,0,91,278,16015,0.0,0.0,0.0,0.9774780273436903,0.0
very_large,200000,590,CNN distance-density,3,9,6,0.20963796879788898,0.26958105646630237,0.27496580027359785,0.0,0.33333333333333337,0,5,68,610,554,15152,0.10029498525058954,0.10932475884226797,0.10461538411615148,0.9289550781249433,0.055194805194760395
very_large,200000,591,CNN distance-density,1,1,0,0.44599999999999995,0.0,0.48,1.0,1.0,0,0,5,7,75,16297,0.41666666663194446,0.06249999999921875,0.108695651944707,0.9949951171874393,0.0574712643671555
very_large,200000,592,CNN distance-density,4,6,2,0.1949127502175805,0.12833333333333333,0.3524804177545692,0.0,0.6666666666666667,0,1,24,326,400,15634,0.06857142857123265,0.056603773584772164,0.06201550338037913,0.9556884765624416,0.03199999999995733
very_large,200000,593,CNN distance-density,5,8,3,0.28003974948225957,0.2624729230774186,0.497134670487106,0.0,0.625,4,11,76,559,836,14913,0.11968503936989026,0.08333333333324196,0.09825468600588416,0.9148559570311942,0.051665533650542717
very_large,200000,594,CNN distance-density,1,1,0,0.7976829810901002,0.5790804597701149,0.935483870967742,1.0,1.0,0,0,0,32,96,16256,0.0,0.0,0.0,0.9921874999999394,0.0
very_large,200000,595,CNN distance-density,5,6,1,0.3041633482400953,0.20802462221226523,0.636094674556213,0.0,0.8333333333333334,1,2,2,311,350,15721,0.0063897763578070615,0.00568181818180204,0.006015037095686627,0.9596557617186914,0.0030165912518808195
very_large,200000,596,CNN distance-density,3,16,13,0.13894417475728155,0.21666666666666667,0.11347087378640774,0.0,0.1875,0,6,8,990,270,15116,0.008016032064120224,0.028776978417162674,0.012539184612154962,0.9230957031249436,0.006309148264979252
very_large,200000,597,CNN distance-density,2,18,16,0.06940272303149018,0.1030241935483871,0.05965362411802433,0.0,0.11111111111111116,0,52,19,889,212,15264,0.020925110132135546,0.08225108225072619,0.033362598447437455,0.932800292968693,0.01696428571427057
very_large,200000,598,CNN distance-density,2,19,17,0.178325461088619,0.3233827160493827,0.11138461538461542,0.0,0.10526315789473684,1,84,82,815,330,15157,0.09141583054616342,0.19902912621310917,0.12528647779610277,0.9301147460936932,0.06682966585161627
very_large,200000,599,CNN distance-density,5,5,0,0.37045337394564204,0.18863636363636366,0.9278350515463918,0.0,1.0,0,1,13,156,350,15865,0.07692307692262176,0.035812672176209884,0.04887218001743316,0.9691162109374408,0.025048169556791816
very_large,200000,600,CNN distance-density,2,2,0,0.29800000000000004,0.0,0.99,0.0,1.0,0,1,12,64,277,16031,0.1578947368400277,0.0415224913493373,0.06575342432744606,0.9791870117186902,0.033994334277524095
very_large,200000,601,CNN distance-density,4,6,2,0.24390244391025642,0.1944270833333333,0.4487179487179487,0.0,0.6666666666666667,0,7,36,466,507,15375,0.07171314741021571,0.06629834254131436,0.0688995210317383,0.9406127929686926,0.035678889990053836
very_large,200000,602,CNN distance-density,4,7,3,0.20082321693514202,0.13729166666666667,0.40949554896142437,0.0,0.5714285714285714,1,12,59,489,374,15462,0.10766423357644588,0.13625866050776847,0.12028542254434252,0.9473266601561922,0.06399132321034275
very_large,200000,603,CNN distance-density,4,5,1,0.289780138339921,0.06213768115942029,0.9090909090909091,0.0,0.8,1,1,18,100,455,15811,0.1525423728800632,0.03805496828744597,0.06091370526395652,0.966125488281191,0.0314136125653902
very_large,200000,604,CNN distance-density,4,5,1,0.2733026151440837,0.1272792869269949,0.6801346801346801,0.0,0.8,1,5,52,228,423,15681,0.18571428571362245,0.10947368421029585,0.13774834390384982,0.9602661132811914,0.0739687055475477
very_large,200000,605,CNN distance-density,5,6,1,0.261529254722484,0.16183350533195734,0.5268542199488491,0.0,0.8333333333333334,1,1,36,343,594,15411,0.09498680738761217,0.05714285714276644,0.071357779510978,0.9428100585936924,0.03699897225073279
very_large,200000,606,CNN distance-density,3,3,0,0.6406875,0.24666666666666667,0.8984375,1.0,1.0,0,0,0,117,399,15868,0.0,0.0,0.0,0.9685058593749408,0.0
very_large,200000,607,CNN distance-density,4,6,2,0.2390385999601079,0.10431858192193284,0.52,0.08571428571428572,0.6666666666666667,1,7,5,297,207,15875,0.016556291390673654,0.02358490566026611,0.019455252433541775,0.9692382812499408,0.00982318271117913
very_large,200000,608,CNN distance-density,4,5,1,0.38091817372110137,0.11201771030993042,0.8775510204081632,0.3,0.8,1,2,5,182,320,15877,0.02673796791429552,0.015384615384568048,0.019531249536247266,0.9693603515624408,0.009861932938836564
very_large,200000,609,CNN distance-density,4,5,1,0.5469511494252874,0.19092592592592592,0.6551724137931034,1.0,0.8,0,0,2,229,154,15999,0.008658008657971178,0.01282051282043064,0.010335916831387026,0.9766235351561904,0.005194805194791702
very_large,200000,610,CNN distance-density,5,6,1,0.2855558954254138,0.14159975176730882,0.6925133689839572,0.0,0.8333333333333334,0,5,20,331,466,15567,0.056980056979894646,0.04115226337440092,0.04778972472197315,0.9513549804686919,0.024479804161536743
very_large,200000,611,CNN distance-density,2,2,0,0.57875,0.175,0.75,1.0,1.0,0,0,0,39,94,16251,0.0,0.0,0.0,0.9918823242186894,0.0
very_large,200000,612,CNN distance-density,3,3,0,0.6310581568190263,0.19247491638795985,0.9722222222222222,1.0,1.0,0,0,0,68,223,16093,0.0,0.0,0.0,0.98223876953119,0.0
very_large,200000,613,CNN distance-density,2,16,14,0.07675105042016805,0.09964285714285713,0.09705882352941175,0.0,0.125,0,53,57,682,266,15379,0.07713125845727047,0.1764705882347478,0.10734463234487927,0.9421386718749425,0.05671641791039133
very_large,200000,614,CNN distance-density,1,1,0,0.7377010353753236,0.44625730994152046,0.9344262295081968,1.0,1.0,0,0,0,62,176,16146,0.0,0.0,0.0,0.9854736328124398,0.0
very_large,200000,615,CNN distance-density,5,5,0,0.5791052631578948,0.17578947368421052,0.75,1.0,1.0,0,0,0,144,338,15902,0.0,0.0,0.0,0.9705810546874407,0.0
very_large,200000,616,CNN distance-density,5,4,1,0.3129044117647059,0.13534313725490196,0.86,0.0,0.8,1,0,21,101,242,16020,0.1721311475395727,0.07984790874494355,0.10909090865740598,0.9790649414061903,0.0576923076921492
very_large,200000,617,CNN distance-density,2,2,0,0.665450487012987,0.28541666666666665,0.935064935064935,1.0,1.0,0,0,0,73,261,16050,0.0,0.0,0.0,0.9796142578124402,0.0
very_large,200000,618,CNN distance-density,5,7,2,0.24069180851318867,0.1681027017956033,0.46808510638297873,0.0,0.7142857142857143,0,5,53,432,500,15399,0.1092783505152386,0.09584086799259342,0.10211946000291244,0.9431152343749424,0.05380710659893015
very_large,200000,619,CNN distance-density,3,7,4,0.09114907739834682,0.009386973180076617,0.22033898305084743,0.0,0.4285714285714286,0,1,46,453,332,15553,0.09218436873729022,0.12169312169279976,0.10490307818658771,0.9520874023436918,0.055354993983086215
very_large,200000,620,CNN distance-density,4,6,2,0.31688005332141556,0.3048755468289587,0.5650969529085872,0.0,0.6666666666666667,3,12,33,280,488,15583,0.10543130990381652,0.06333973128586691,0.07913669017839253,0.9531249999999418,0.04119850187260774
very_large,200000,621,CNN distance-density,3,10,7,0.23805116696588868,0.3522222222222222,0.2477558348294434,0.0,0.30000000000000004,1,9,32,479,292,15581,0.06262230919752912,0.0987654320984606,0.07664670611172004,0.9529418945311918,0.03985056039845598
very_large,200000,622,CNN distance-density,4,6,2,0.2794499738145687,0.2536244800950683,0.4932614555256065,0.0,0.6666666666666667,0,4,5,348,371,15660,0.014164305948968373,0.013297872340390166,0.01371742062528862,0.9561157226561916,0.00690607734805676
very_large,200000,623,CNN distance-density,2,18,16,0.03177285837063753,0.01794871794871794,0.06292412091301669,0.0,0.11111111111111116,0,64,81,411,277,15615,0.1646341463411288,0.22625698323959148,0.19058823480609552,0.9580078124999415,0.10533159947970698
very_large,200000,624,CNN distance-density,3,12,9,0.1373215183509301,0.18787497905144962,0.13888888888888884,0.0,0.25,0,11,36,891,244,15213,0.038834951456268786,0.1285714285709694,0.059652029469585394,0.9307250976561932,0.030742954739512603
very_large,200000,625,CNN distance-density,3,3,0,0.5681965811965812,0.08222222222222222,0.905982905982906,1.0,1.0,0,0,18,83,242,16041,0.17821782178041368,0.06923076923050296,0.09972299128619332,0.9801635742186902,0.05247813411063418
very_large,200000,626,CNN distance-density,4,6,2,0.3497194164632539,0.34403879039764484,0.6411764705882352,0.0,0.6666666666666667,2,3,47,281,427,15629,0.1432926829263924,0.09915611814325073,0.11720698205991878,0.9567871093749416,0.06225165562905662
very_large,200000,627,CNN distance-density,2,2,0,0.5911160714285715,0.24375000000000002,0.6571428571428571,1.0,1.0,0,0,0,20,94,16270,0.0,0.0,0.0,0.9930419921874394,0.0
very_large,200000,628,CNN distance-density,4,5,1,0.31368156144827886,0.13118594249852272,0.8732394366197183,0.0,0.8,1,1,20,151,504,15709,0.11695906432680142,0.03816793893122487,0.0575539564633549,0.9600219726561914,0.029629629629585735
very_large,200000,629,CNN distance-density,2,15,13,0.10638174142304098,0.16174242424242422,0.10132158590308371,0.0,0.1333333333333333,0,50,18,715,122,15529,0.024556616643895558,0.1285714285705102,0.041237113132669145,0.948913574218692,0.021052631578922745
very_large,200000,630,CNN distance-density,4,6,2,0.30411986233642196,0.2860555913747403,0.543640897755611,0.0,0.6666666666666667,1,1,22,377,459,15526,0.05513784461139063,0.04573804573795065,0.049999999504227795,0.948974609374942,0.025641025640995758
very_large,200000,631,CNN distance-density,5,9,4,0.15912986190295197,0.1125925925925926,0.2645381984036488,0.0,0.5555555555555556,2,15,92,490,528,15274,0.15807560137429885,0.14838709677395423,0.15307820249525333,0.9378662109374427,0.08288288288280822
very_large,200000,632,CNN distance-density,1,2,1,0.6177988826815644,0.52,0.4189944134078212,1.0,0.5,0,0,46,133,30,16175,0.25698324022202806,0.6052631578867729,0.36078431330423694,0.9900512695311895,0.22009569377885121
very_large,200000,633,CNN distance-density,5,7,2,0.23663016184649938,0.1365142065142065,0.518850987432675,0.0,0.7142857142857143,0,5,25,455,611,15293,0.052083333333224825,0.039308176100567124,0.04480286689320217,0.9349365234374429,0.022914757103553698
very_large,200000,634,CNN distance-density,3,3,0,0.5442307692307692,0.0,0.9711538461538461,1.0,1.0,0,0,21,179,548,15636,0.104999999999475,0.036906854129987864,0.05461638453045771,0.9556274414061916,0.028074866310122897
very_large,200000,635,CNN distance-density,1,1,0,0.5325,0.016666666666666646,0.875,1.0,1.0,0,0,0,25,68,16291,0.0,0.0,0.0,0.9943237304686893,0.0
very_large,200000,636,CNN distance-density,2,25,23,0.09010443037974684,0.16023206751054853,0.050000000000000044,0.0,0.07999999999999996,0,49,28,1027,261,15068,0.026540284360164416,0.09688581314845368,0.04166666632902073,0.9213867187499437,0.021276595744664683
very_large,200000,637,CNN distance-density,2,2,0,0.7375084269662922,0.43166666666666675,0.9662921348314607,1.0,1.0,0,0,0,91,272,16021,0.0,0.0,0.0,0.9778442382811903,0.0
very_large,200000,638,CNN distance-density,2,2,0,0.56375,0.09166666666666666,0.8625,1.0,1.0,0,0,3,60,256,16065,0.04761904761829176,0.011583011582966861,0.018633540057810278,0.9807128906249402,0.009404388714704061
very_large,200000,639,CNN distance-density,2,3,1,0.4610516934046346,0.0,0.7219251336898396,1.0,0.6666666666666667,0,0,7,177,337,15863,0.03804347826066281,0.020348837209243173,0.026515151060964772,0.9686279296874408,0.01343570057578995
very_large,200000,640,CNN distance-density,1,1,0,0.486,0.0,0.6799999999999999,1.0,1.0,0,0,0,14,99,16271,0.0,0.0,0.0,0.9931030273436894,0.0
very_large,200000,641,CNN distance-density,5,7,2,0.29119717159071234,0.23990572564465257,0.5590551181102362,0.0,0.7142857142857143,2,9,21,395,852,15116,0.050480769230647884,0.024054982817841863,0.0325833975457307,0.9238891601561936,0.016561514195570535
very_large,200000,642,CNN distance-density,2,4,2,0.3377267870302137,0.4096376811594203,0.5169491525423728,0.0,0.5,0,1,9,218,371,15786,0.03964757709233636,0.02368421052625346,0.029654035775491323,0.9640502929686912,0.0150501672240551
very_large,200000,643,CNN distance-density,3,3,0,0.6565029860650299,0.26262626262626265,0.9416058394160584,1.0,1.0,0,0,61,69,335,15919,0.4692307692271598,0.15404040404001507,0.23193916312508495,0.9753417968749405,0.1311827956986426
very_large,200000,644,CNN distance-density,5,5,0,0.3637474755894261,0.17045098039215684,0.9352226720647774,0.0,1.0,2,0,20,224,434,15706,0.08196721311441817,0.04405286343602632,0.057306589802973706,0.9598388671874414,0.029498525073702805
very_large,200000,645,CNN distance-density,2,3,1,0.32847038875103396,0.30938461538461537,0.6129032258064516,0.0,0.6666666666666667,1,2,23,89,91,16181,0.20535714285530932,0.2017543859631425,0.20353982250708746,0.9890136718749396,0.11330049261027932
very_large,200000,646,CNN distance-density,3,3,0,0.6754711538461539,0.27882478632478624,1.0,1.0,1.0,0,0,12,88,227,16057,0.1199999999988,0.050209205020710426,0.07079645976063557,0.9807739257811902,0.0366972477063098
very_large,200000,647,CNN distance-density,1,1,0,0.8972602739726027,0.8082191780821917,0.9178082191780822,1.0,1.0,0,0,68,0,156,16160,0.9999999999852941,0.30357142857007335,0.4657534242970538,0.9904785156249395,0.30357142857007335
very_large,200000,648,CNN distance-density,3,3,0,0.615625,0.14583333333333334,1.0,1.0,1.0,0,0,10,168,174,16032,0.056179775280583266,0.05434782608666116,0.05524861828436251,0.9791259765624402,0.028409090909010202
very_large,200000,649,CNN distance-density,1,1,0,0.8532380952380952,0.6844444444444444,0.9761904761904762,1.0,1.0,0,0,14,69,71,16230,0.1686746987931485,0.16470588235100345,0.1666666661647534,0.9914550781249395,0.09090909090850059
very_large,200000,650,CNN distance-density,3,3,0,0.3508143795203654,0.13214006259780905,0.9567567567567568,0.0,1.0,1,0,39,137,424,15784,0.22159090908965007,0.08423326133891094,0.1220657273000115,0.965759277343691,0.06499999999989167
very_large,200000,651,CNN distance-density,3,3,0,0.28809523809523807,0.0,0.9404761904761905,0.0,1.0,0,1,5,157,448,15774,0.030864197530673678,0.01103752759379462,0.016260162213518416,0.9630737304686912,0.008196721311461973
very_large,200000,652,CNN distance-density,1,1,0,0.5142857142857142,0.0,0.8214285714285714,1.0,1.0,0,0,0,24,29,16331,0.0,0.0,0.0,0.9967651367186892,0.0
very_large,200000,653,CNN distance-density,4,6,2,0.28172960372960376,0.17333333333333334,0.6853146853146853,0.0,0.6666666666666667,0,2,0,267,395,15722,0.0,0.0,0.0,0.9595947265624414,0.0
very_large,200000,654,CNN distance-density,5,5,0,0.3287602502071052,0.09075730471079307,0.9395973154362416,0.0,1.0,1,0,33,103,271,15977,0.24264705882174525,0.1085526315785903,0.14999999957221075,0.9771728515624404,0.08108108108088187
very_large,200000,655,CNN distance-density,4,6,2,0.2114144062333486,0.10679777298850573,0.48344370860927155,0.0,0.6666666666666667,1,6,8,243,325,15808,0.03187250996003238,0.02402402402395188,0.027397259783736402,0.965332031249941,0.013888888888864777
very_large,200000,656,CNN distance-density,4,6,2,0.21007403100775193,0.12194229112833761,0.44266666666666665,0.0,0.6666666666666667,2,4,47,321,407,15609,0.12771739130400078,0.10352422907466184,0.11435523064874704,0.9555664062499416,0.06064516129024433
very_large,200000,657,CNN distance-density,4,5,1,0.3464125484281194,0.20836216839677046,0.8632478632478633,0.0,0.8,1,4,50,166,575,15593,0.2314814814804098,0.079999999999872,0.1189060638272483,0.9547729492186917,0.0632111251579479
very_large,200000,658,CNN distance-density,3,3,0,0.5687997347480106,0.04177718832891246,1.0,1.0,1.0,0,0,6,109,279,15990,0.05217391304302457,0.0210526315788735,0.02999999959016251,0.9763183593749404,0.015228426395900435
very_large,200000,659,CNN distance-density,3,12,9,0.08639322009025203,0.07411225658648338,0.14021352313167257,0.0,0.25,0,25,0,1002,320,15062,0.0,0.0,0.0,0.9193115234374438,0.0
very_large,200000,660,CNN distance-density,4,5,1,0.3910631443298969,0.399537037037037,0.6563573883161512,0.0,0.8,0,2,39,250,372,15723,0.1349480968853462,0.09489051094867423,0.11142857094344083,0.9620361328124413,0.05900151285921482
very_large,200000,661,CNN distance-density,1,1,0,0.7587105263157895,0.4871929824561404,0.9473684210526316,1.0,1.0,0,0,0,19,20,16345,0.0,0.0,0.0,0.997619628906189,0.0
very_large,200000,662,CNN distance-density,3,7,4,0.2601834706512126,0.27585858585858586,0.4659498207885304,0.0,0.4285714285714286,1,10,58,464,640,15222,0.11111111111089826,0.08309455587380646,0.0950819667233647,0.932617187499943,0.049913941480163586
very_large,200000,663,CNN distance-density,4,8,4,0.141477704804701,0.07710437710437709,0.2839036755386565,0.0,0.5,1,11,0,645,609,15130,0.0,0.0,0.0,0.9234619140624436,0.0
very_large,200000,664,CNN distance-density,2,12,10,0.1388892118957591,0.233011583011583,0.08683666436940041,0.0,0.16666666666666663,0,32,0,741,393,15250,0.0,0.0,0.0,0.9307861328124432,0.0
very_large,200000,665,CNN distance-density,3,5,2,0.49284338504764474,0.16177714872305343,0.5502183406113537,1.0,0.6,0,0,17,212,432,15723,0.07423580785993784,0.037861915367398975,0.05014749217786567,0.9606933593749414,0.025718608169401334
very_large,200000,666,CNN distance-density,1,1,0,0.49,0.0,0.7,1.0,1.0,0,0,0,15,21,16348,0.0,0.0,0.0,0.997802734374939,0.0
very_large,200000,667,CNN distance-density,4,10,6,0.16581653225806453,0.16041666666666668,0.2681451612903226,0.0,0.4,2,17,6,717,382,15279,0.008298755186710513,0.015463917525733341,0.010801079653451595,0.932922363281193,0.005429864253388751
very_large,200000,668,CNN distance-density,3,3,0,0.644356737012987,0.23854166666666665,0.935064935064935,1.0,1.0,0,0,75,81,312,15916,0.48076923076614897,0.19379844961190235,0.2762430935121232,0.9760131835936904,0.16025641025606782
very_large,200000,669,CNN distance-density,1,1,0,0.881016129032258,0.7570967741935484,0.9516129032258065,1.0,1.0,0,0,0,60,63,16261,0.0,0.0,0.0,0.9924926757811894,0.0
very_large,200000,670,CNN distance-density,1,1,0,0.5559848484848485,0.06717171717171717,0.8787878787878788,1.0,1.0,0,0,0,30,104,16250,0.0,0.0,0.0,0.9918212890624394,0.0
very_large,200000,671,CNN distance-density,2,2,0,0.5560018382352941,0.06562499999999999,0.8823529411764706,1.0,1.0,0,0,4,49,54,16277,0.07547169811178356,0.06896551724019026,0.07207207157178802,0.9937133789061893,0.03738317756974408
very_large,200000,672,CNN distance-density,4,6,2,0.276447176253311,0.21483791402396052,0.5655172413793104,0.0,0.6666666666666667,2,15,47,307,549,15481,0.13276836158154587,0.07885906040255225,0.09894736795328976,0.9477539062499422,0.05204872646727348
very_large,200000,673,CNN distance-density,3,5,2,0.31049205340114433,0.2113498622589531,0.7769230769230769,0.0,0.6,2,3,81,258,800,15245,0.23893805309664032,0.09194097616334626,0.13278688484436846,0.9354248046874429,0.07111501316938444
very_large,200000,674,CNN distance-density,5,4,1,0.5019918384665303,0.060479375696767,0.7238805970149254,1.0,0.8,0,0,9,171,624,15580,0.049999999999722225,0.014218009478650524,0.022140221057393016,0.9514770507811919,0.011194029850732345
very_large,200000,675,CNN distance-density,2,17,15,0.0452494644299859,0.04739583333333332,0.060783167738164834,0.0,0.11764705882352944,0,23,22,1228,304,14830,0.01759999999998592,0.06748466257648011,0.02791878139772347,0.9064941406249446,0.014157014157005047
very_large,200000,676,CNN distance-density,4,5,1,0.22687206147789798,0.08801250109275285,0.5363321799307958,0.0,0.8,0,1,17,265,358,15744,0.06028368794304864,0.04533333333321245,0.05175038002736484,0.9619750976561913,0.026562499999958498
very_large,200000,677,CNN distance-density,4,5,1,0.2826063926113727,0.16338383838383838,0.6454183266932271,0.0,0.8,1,3,11,214,256,15903,0.04888888888867161,0.04119850187250488,0.04471544665793345,0.9713134765624407,0.022869022868975325
very_large,200000,678,CNN distance-density,2,17,15,0.0951907782985855,0.1600913242009132,0.056924882629108,0.0,0.11764705882352944,0,76,18,696,287,15383,0.025210084033578137,0.059016393442429455,0.035328753260559675,0.9400024414061926,0.01798201798200002
very_large,200000,679,CNN distance-density,1,1,0,0.5988043478260869,0.1471014492753623,0.9130434782608696,1.0,1.0,0,0,0,22,24,16338,0.0,0.0,0.0,0.9971923828124392,0.0
very_large,200000,680,CNN distance-density,5,6,1,0.3017920627035381,0.15030901608679384,0.7540983606557377,0.0,0.8333333333333334,0,6,27,305,556,15496,0.08132530120457432,0.04631217838757065,0.059016392980118855,0.9474487304686922,0.030405405405371167
very_large,200000,681,CNN distance-density,2,2,0,0.5593914473684211,0.09884259259259259,0.8245614035087719,1.0,1.0,0,0,22,24,177,16161,0.47826086955482044,0.11055276381853994,0.1795918364282216,0.9877319335936897,0.09865470851973698
very_large,200000,682,CNN distance-density,2,2,0,0.5415568739770867,0.08525641025641024,0.7659574468085106,1.0,1.0,0,0,0,33,125,16226,0.0,0.0,0.0,0.9903564453124395,0.0
very_large,200000,683,CNN distance-density,1,1,0,0.51,0.0,0.8,1.0,1.0,0,0,0,13,54,16317,0.0,0.0,0.0,0.9959106445311892,0.0
very_large,200000,684,CNN distance-density,3,11,8,0.059606756984890694,0.019444444444444438,0.11792014856081712,0.0,0.2727272727272727,0,6,11,740,119,15514,0.014647137150446542,0.08461538461473374,0.024971622903876906,0.9475708007811922,0.012643678160905008
very_large,200000,685,CNN distance-density,2,10,8,0.08737577639751554,0.086231884057971,0.1428571428571429,0.0,0.19999999999999996,0,15,3,853,167,15361,0.0035046728971921677,0.017647058823425606,0.0058479529398865505,0.9377441406249427,0.002932551319645227
very_large,200000,686,CNN distance-density,3,11,8,0.14158240015798154,0.1566669979460677,0.21904761904761905,0.0,0.2727272727272727,1,17,27,775,269,15313,0.03366583541142935,0.09121621621590806,0.04918032747494867,0.9362792968749428,0.025210084033589906
very_large,200000,687,CNN distance-density,1,1,0,0.9259058641975308,0.8408333333333333,0.9876543209876543,1.0,1.0,0,0,0,82,249,16053,0.0,0.0,0.0,0.9797973632811902,0.0
very_large,200000,688,CNN distance-density,4,5,1,0.3767003470095938,0.23784219001610304,0.9483568075117371,0.0,0.8,1,0,13,183,499,15689,0.0663265306119065,0.02539062499995041,0.036723163441308375,0.9583740234374415,0.018705035971196108
very_large,200000,689,CNN distance-density,2,2,0,0.5449367088607595,0.0,0.9746835443037974,1.0,1.0,0,0,5,75,107,16197,0.06249999999921875,0.044642857142458546,0.0520833328466797,0.9888916015624396,0.02673796791429552
very_large,200000,690,CNN distance-density,3,10,7,0.09301854481263311,0.08738191632928474,0.11848341232227488,0.0,0.30000000000000004,0,13,10,605,217,15552,0.016260162601599577,0.04405286343592928,0.023752968727255554,0.949829101562442,0.012019230769216323
very_large,200000,691,CNN distance-density,1,1,0,0.8245994712491739,0.6301960784313725,0.9550561797752809,1.0,1.0,0,0,0,90,264,16030,0.0,0.0,0.0,0.9783935546874403,0.0
very_large,200000,692,CNN distance-density,1,2,1,0.4616393983859134,0.7090804597701149,0.4627659574468085,0.0,0.5,0,1,10,173,256,15945,0.054644808742870796,0.03759398496226469,0.04454342936098532,0.9738159179686905,0.022779043280130345
very_large,200000,693,CNN distance-density,4,11,7,0.17404062951164684,0.18121461187214613,0.26142131979695427,0.015384615384615384,0.36363636363636365,4,39,99,603,351,15331,0.14102564102544013,0.21999999999951111,0.17187499952362736,0.9417724609374425,0.09401709401700473
very_large,200000,694,CNN distance-density,3,14,11,0.06569417264622744,0.049999999999999996,0.10882800608828003,0.0,0.2142857142857143,1,60,88,743,332,15221,0.10589651022851276,0.20952380952331065,0.14068744959371143,0.9343872070311929,0.07566638005152565
very_large,200000,695,CNN distance-density,1,1,0,0.5214285714285715,0.0,0.8571428571428572,1.0,1.0,0,0,0,51,86,16247,0.0,0.0,0.0,0.9916381835936895,0.0
very_large,200000,696,CNN distance-density,5,6,1,0.23113044324429524,0.04286738351254479,0.6425339366515836,0.0,0.8333333333333334,1,0,4,218,224,15938,0.018018018017936857,0.01754385964904586,0.01777777727778767,0.9730224609374406,0.008968609865450743
very_large,200000,697,CNN distance-density,4,11,7,0.15542038777606573,0.16465944758317635,0.2248,0.0,0.36363636363636365,1,25,28,698,634,15024,0.038567493112894535,0.04229607250748898,0.04034582082665333,0.9187011718749439,0.02058823529410251
very_large,200000,698,CNN distance-density,5,9,4,0.3437536070901927,0.4507736658621614,0.38129496402877694,0.03636363636363637,0.5555555555555556,3,11,35,643,673,15033,0.051622418878979906,0.04943502824851775,0.05050505000521189,0.9196777343749438,0.02590673575127616
very_large,200000,699,CNN distance-density,3,7,4,0.1331275145354337,0.10839243498817967,0.20746887966804983,0.0,0.4285714285714286,0,1,14,673,225,15472,0.020378457059650103,0.0585774058574955,0.030237580610487064,0.9451904296874423,0.015350877192965625
very_large,200000,700,CNN distance-density,5,11,6,0.18077753898043866,0.18386294065369804,0.2629233511586453,0.0,0.4545454545454546,1,27,9,778,619,14978,0.011435832274445444,0.014331210191059983,0.012720847562832368,0.9147338867186942,0.0064011379800807955
very_large,200000,701,CNN distance-density,4,4,0,0.31056526269044205,0.05909586056644879,0.9198606271777003,0.0,1.0,1,0,17,232,758,15377,0.06827309236920373,0.021935483870939437,0.033203124631864554,0.9395751953124426,0.016881827209516503
very_large,200000,702,CNN distance-density,5,5,0,0.3755286397421904,0.0937673475752378,0.9166666666666666,0.19999999999999998,1.0,1,3,21,239,504,15620,0.08076923076892012,0.03999999999992381,0.05350318427021949,0.9546508789061917,0.02748691099472842
very_large,200000,703,CNN distance-density,3,12,9,0.08429897718332022,0.08666666666666667,0.10149488591660105,0.0,0.25,0,2,5,830,276,15273,0.005988023952088637,0.0177935943059865,0.008960573099900776,0.932495117187443,0.00450045004500045
very_large,200000,704,CNN distance-density,3,8,5,0.08359494222803576,0.007575757575757566,0.21342925659472423,0.0,0.375,1,6,27,641,440,15276,0.0404191616765862,0.05781584582428733,0.047577092026610264,0.9340209960936929,0.024368231046909414
very_large,200000,705,CNN distance-density,3,3,0,0.6056593875008197,0.18468970642883686,0.8627450980392157,1.0,1.0,0,0,13,120,476,15775,0.09774436090152072,0.026584867075610256,0.04180064275047301,0.9636230468749412,0.02134646962229664
very_large,200000,706,CNN distance-density,1,1,0,0.9266470588235294,0.8422222222222222,0.9882352941176471,1.0,1.0,0,0,85,1,176,16122,0.9883720930117631,0.32567049808304344,0.4899135442929349,0.9891967773436896,0.3244274809147923
very_large,200000,707,CNN distance-density,3,3,0,0.6353488372093022,0.19999999999999998,0.9767441860465116,1.0,1.0,0,0,5,81,282,16016,0.05813953488304489,0.017421602787395744,0.026809651119579673,0.9778442382811903,0.01358695652170221
very_large,200000,708,CNN distance-density,5,5,0,0.5785762711864406,0.19407407407407404,0.7062146892655368,1.0,1.0,0,0,2,126,324,15932,0.015624999999877931,0.006134969325134555,0.008810572282287663,0.9725341796874406,0.004424778761052158
very_large,200000,709,CNN distance-density,5,6,1,0.24296767893997026,0.09275468614340367,0.5894736842105264,0.0,0.8333333333333334,1,1,56,311,306,15711,0.15258855585789485,0.15469613259625775,0.1536351160976816,0.9623413085936913,0.08320950965812302
very_large,200000,710,CNN distance-density,5,6,1,0.2781246476304182,0.1825771896660365,0.5631578947368421,0.0,0.8333333333333334,2,3,15,334,393,15642,0.042979942693286595,0.036764705882262834,0.03963011839328924,0.9556274414061916,0.02021563342315335
very_large,200000,711,CNN distance-density,3,3,0,0.6147924528301887,0.17333333333333334,0.9339622641509434,1.0,1.0,0,0,0,108,136,16140,0.0,0.0,0.0,0.9851074218749398,0.0
very_large,200000,712,CNN distance-density,2,20,18,0.286214953271028,0.5571428571428572,0.1275033377837116,0.0,0.09999999999999998,0,26,132,928,149,15175,0.12452830188667498,0.4697508896780436,0.19686800861698034,0.9342651367186929,0.10918114143911566
very_large,200000,713,CNN distance-density,5,6,1,0.27718024691358023,0.20800000000000002,0.5012345679012346,0.0,0.8333333333333334,0,5,19,370,505,15490,0.04884318766054282,0.03625954198466363,0.04162102908367754,0.9465942382811922,0.021252796420557885
very_large,200000,714,CNN distance-density,4,4,0,0.3253644884527238,0.11612276612276612,0.865546218487395,0.0,1.0,2,0,30,278,733,15343,0.09740259740228116,0.03931847968540063,0.05602240855372389,0.9382934570311927,0.0288184438040069
very_large,200000,715,CNN distance-density,4,5,1,0.29936928104575167,0.1660058097312999,0.7233333333333334,0.0,0.8,0,3,23,269,468,15624,0.07876712328740149,0.04684317718931397,0.05874840310813602,0.9550170898436917,0.030263157894697024
very_large,200000,716,CNN distance-density,2,26,24,0.07325957597991214,0.12755020080321283,0.0408483896307934,0.0,0.07692307692307687,1,211,35,510,282,15557,0.0642201834861207,0.11041009463687568,0.0812064960545136,0.9516601562499419,0.04232164449813504
very_large,200000,717,CNN distance-density,2,31,29,0.20867723627501591,0.43499999999999994,0.032378116858950534,0.0,0.06451612903225812,0,288,6,483,173,15722,0.012269938650281656,0.03351955307243844,0.01796407146391499,0.9599609374999414,0.009063444108747638
very_large,200000,718,CNN distance-density,4,4,0,0.32150909090909097,0.09577777777777777,0.8920454545454546,0.0,1.0,0,2,11,126,281,15966,0.08029197080233365,0.03767123287658332,0.051282050847083,0.9751586914061905,0.026315789473621256
very_large,200000,719,CNN distance-density,2,2,0,0.579412037037037,0.09416666666666665,0.9351851851851852,1.0,1.0,0,0,12,90,98,16184,0.117647058822376,0.10909090908991735,0.11320754666945533,0.9885253906249396,0.0599999999997
very_large,200000,720,CNN distance-density,1,1,0,0.746013698630137,0.4842922374429223,0.8904109589041096,1.0,1.0,0,0,0,66,228,16090,0.0,0.0,0.0,0.98205566406244,0.0
very_large,200000,721,CNN distance-density,5,5,0,0.5632620960225058,0.07108597285067872,0.9063670411985019,1.0,1.0,0,0,44,217,647,15476,0.1685823754782813,0.06367583212725951,0.09243697439172949,0.9472656249999422,0.04845814977968232
very_large,200000,722,CNN distance-density,5,6,1,0.3842277297387795,0.23771498771498772,0.9696132596685083,0.0,0.8333333333333334,1,3,24,320,926,15114,0.0697674418602623,0.025263157894710248,0.03709428090790213,0.9239501953124436,0.01889763779526071
very_large,200000,723,CNN distance-density,5,7,2,0.26207247063281547,0.19822575891541408,0.5072115384615384,0.0,0.7142857142857143,2,8,41,305,398,15640,0.11849710982624712,0.09339407744853441,0.10445859823286625,0.9570922851561916,0.055107526881646364
very_large,200000,724,CNN distance-density,3,3,0,0.36836144578313257,0.17333333333333334,0.9518072289156626,0.0,1.0,0,1,9,141,308,15926,0.059999999999600005,0.028391167192339462,0.03854389678004852,0.9725952148436906,0.019650655021791155
very_large,200000,725,CNN distance-density,1,1,0,0.7718684210526315,0.5117543859649123,0.9578947368421052,1.0,1.0,0,0,57,35,237,16055,0.6195652173845699,0.1938775510197487,0.2953367872001665,0.9833984374999399,0.17325227963473175
very_large,200000,726,CNN distance-density,4,6,2,0.16530301035632788,0.06121399176954731,0.35545023696682465,0.0,0.6666666666666667,0,2,21,352,425,15586,0.056300268096363806,0.0470852017936164,0.05128205078589841,0.9525756835936918,0.026315789473651232
very_large,200000,727,CNN distance-density,3,3,0,0.6571282225237449,0.2546464646464647,0.9626865671641791,1.0,1.0,0,0,18,119,284,15963,0.1313868613129096,0.05960264900642516,0.08200455537891564,0.9754028320311905,0.0427553444179507
very_large,200000,728,CNN distance-density,1,2,1,0.4865899241603467,0.1705128205128205,0.5492957746478873,1.0,0.5,0,0,2,135,77,16170,0.014598540145878844,0.02531645569588207,0.01851851805439816,0.9870605468749397,0.009345794392479694
very_large,200000,729,CNN distance-density,4,5,1,0.49051221190490596,0.12381147540983606,0.5239852398523985,1.0,0.8,0,0,10,260,136,15978,0.03703703703689987,0.06849315068446238,0.048076922621116874,0.9758300781249404,0.024630541871860517
very_large,200000,730,CNN distance-density,2,2,0,0.7040598290598291,0.41025641025641024,0.8472222222222222,1.0,1.0,0,0,2,60,116,16206,0.032258064515608746,0.016949152542229243,0.02222222177037038,0.9892578124999396,0.011235955056116652
very_large,200000,731,CNN distance-density,4,5,1,0.3307864923747277,0.13960784313725488,0.9398148148148148,0.0,0.8,1,3,6,178,487,15713,0.03260869565199669,0.01217038539551284,0.017725258097462747,0.9594116210936914,0.008941877794323485
very_large,200000,732,CNN distance-density,5,5,0,0.6784188959660297,0.29103703703703704,0.9872611464968153,1.0,1.0,0,0,83,230,819,15252,0.26517571884899305,0.09201773835909977,0.13662551402057002,0.9359741210936928,0.07332155477025325
very_large,200000,733,CNN distance-density,4,4,0,0.28102766798418977,0.0,0.9051383399209486,0.0,1.0,1,0,25,174,497,15688,0.1256281407028863,0.047892720306421666,0.06934812720070946,0.9590454101561915,0.03591954022983345
very_large,200000,734,CNN distance-density,4,6,2,0.1813525443867634,0.07208597046413501,0.4112359550561798,0.0,0.6666666666666667,0,5,23,370,482,15509,0.05852417302784091,0.04554455445535536,0.051224943828376356,0.9479980468749422,0.026285714285684245
very_large,200000,735,CNN distance-density,3,9,6,0.2712320021967426,0.4225982228097232,0.2386473429951691,0.0,0.33333333333333337,0,18,18,761,742,14863,0.023106546854912573,0.023684210526284628,0.0233918123655429,0.9082641601561945,0.011834319526619438
very_large,200000,736,CNN distance-density,3,17,14,0.15624464800598648,0.2467901234567901,0.13771016813450765,0.0,0.17647058823529416,1,21,17,771,297,15299,0.021573604060886327,0.054140127388362616,0.030852994147802546,0.9348144531249429,0.01566820276496252
very_large,200000,737,CNN distance-density,3,3,0,0.5289473684210526,0.0,0.8947368421052632,1.0,1.0,0,0,1,79,205,16099,0.012499999999843749,0.00485436893201527,0.006993006590004424,0.98266601562494,0.00350877192981225
very_large,200000,738,CNN distance-density,3,7,4,0.19323504125305246,0.20074775672981057,0.30020703933747417,0.0,0.4285714285714286,0,10,23,397,163,15801,0.05476190476177438,0.12365591397782981,0.0759075903333769,0.965820312499941,0.03945111492274537
very_large,200000,739,CNN distance-density,3,3,0,0.6439285714285714,0.21666666666666667,0.9821428571428571,1.0,1.0,0,0,1,111,348,15924,0.008928571428491709,0.0028653295128857727,0.00433839442605675,0.9719848632811906,0.002173913043473535
very_large,200000,740,CNN distance-density,2,20,18,0.10244221767115272,0.175,0.06846108835576359,0.0,0.09999999999999998,1,106,31,666,213,15474,0.04447632711614853,0.12704918032734816,0.06588735349458656,0.9463500976561923,0.034065934065896634
very_large,200000,741,CNN distance-density,4,5,1,0.2970497852503666,0.24809862187769163,0.527027027027027,0.0,0.8,0,2,14,199,339,15832,0.06572769953020785,0.03966005665711145,0.04946996419472712,0.9671630859374409,0.025362318840533766
very_large,200000,742,CNN distance-density,2,2,0,0.3558839285714286,0.2029166666666667,0.8228571428571428,0.0,1.0,0,1,93,44,252,15995,0.6788321167833662,0.269565217390523,0.3858921157740828,0.98193359374994,0.23907455012792012
very_large,200000,743,CNN distance-density,5,5,0,0.3334909318927263,0.11704225352112677,0.904109589041096,0.0,1.0,0,1,21,165,669,15529,0.11290322580584461,0.030434782608651543,0.04794520514485207,0.949096679687442,0.024561403508743203
very_large,200000,744,CNN distance-density,3,3,0,0.5513365384615384,0.028611111111111115,0.9423076923076923,1.0,1.0,0,0,9,75,262,16038,0.10714285714158163,0.03321033210319849,0.050704224990565365,0.9794311523436902,0.02601156069356644
very_large,200000,745,CNN distance-density,1,1,0,0.6417105263157895,0.22719298245614034,0.9473684210526316,1.0,1.0,0,0,0,18,20,16346,0.0,0.0,0.0,0.997680664062439,0.0
very_large,200000,746,CNN distance-density,4,3,1,0.2822550327146063,0.03520886615515771,0.9570552147239264,0.0,0.75,1,0,13,131,481,15759,0.09027777777715086,0.02631578947363094,0.040752350747526075,0.9626464843749413,0.02079999999996672
very_large,200000,747,CNN distance-density,4,15,11,0.08659022351868433,0.08257428081989485,0.11382565241532483,0.0,0.2666666666666667,0,24,18,1106,416,14844,0.01601423487543059,0.04147465437778462,0.023106546452981925,0.9071044921874446,0.0116883116883041
very_large,200000,748,CNN distance-density,2,2,0,0.6574148351648351,0.2631196581196581,0.945054945054945,1.0,1.0,0,0,15,73,272,16024,0.17045454545260846,0.052264808362187234,0.0799999996403769,0.9789428710936903,0.04166666666655093
very_large,200000,749,CNN distance-density,5,6,1,0.3257816296920393,0.19689365002789352,0.7692307692307692,0.0,0.8333333333333334,0,2,20,317,795,15252,0.05934718100872598,0.024539877300583386,0.03472222180824563,0.932128906249943,0.01766784452295259
very_large,200000,750,CNN distance-density,5,8,3,0.12102387271810916,0.010918003565062385,0.2680538555691554,0.0,0.625,0,9,18,669,641,15056,0.026200873362407277,0.027314112291309083,0.026745913318898775,0.9200439453124438,0.013554216867459673
very_large,200000,751,CNN distance-density,4,5,1,0.36027044513457557,0.20046296296296295,0.9503105590062112,0.0,0.8,1,1,10,140,364,15870,0.06666666666622223,0.02673796791436701,0.038167938522522,0.9692382812499408,0.019455252918250086
very_large,200000,752,CNN distance-density,2,2,0,0.5203703703703704,0.0,0.8518518518518519,1.0,1.0,0,0,16,103,206,16059,0.13445378151147516,0.07207207207174743,0.09384164177380655,0.98114013671869,0.049230769230617755
very_large,200000,753,CNN distance-density,3,4,1,0.28446097403644577,0.16608611514271893,0.6736111111111112,0.0,0.75,0,1,2,129,135,16118,0.015267175572402541,0.014598540145878844,0.014925372634467604,0.9838867187499399,0.007518796992452937
very_large,200000,754,CNN distance-density,2,3,1,0.48718846421817463,0.15784313725490196,0.4974619289340102,1.0,0.6666666666666667,0,0,6,193,158,16027,0.030150753768692713,0.036585365853435456,0.03305785074413558,0.9785766601561903,0.016806722689028553
very_large,200000,755,CNN distance-density,4,5,1,0.2745690789473685,0.04875,0.8631578947368421,0.0,0.8,0,1,19,153,444,15768,0.11046511627842753,0.04103671706254636,0.059842519289855546,0.9635620117186912,0.030844155844105773
very_large,200000,756,CNN distance-density,2,2,0,0.6280412621359223,0.195,0.9514563106796117,1.0,1.0,0,0,9,73,238,16064,0.10975609755963711,0.036437246963415236,0.05471124582603634,0.98101806640619,0.02812499999991211
very_large,200000,757,CNN distance-density,2,12,10,0.06545634234478057,0.06394230769230769,0.10007818608287722,0.0,0.16666666666666663,0,20,24,512,293,15555,0.044776119402901535,0.07570977917957189,0.05627198077549893,0.9508666992186919,0.028950542822643005
very_large,200000,758,CNN distance-density,1,1,0,0.783,0.5533333333333333,0.92,1.0,1.0,0,0,12,58,64,16250,0.17142857142612244,0.1578947368400277,0.1643835611424282,0.9925537109374394,0.08955223880530186
very_large,200000,759,CNN distance-density,3,3,0,0.29312299465240643,0.08929292929292927,0.7647058823529411,0.0,1.0,0,1,6,79,176,16123,0.0705882352932872,0.03296703296685183,0.044943819790374394,0.9844360351561899,0.022988505747038358
very_large,200000,760,CNN distance-density,4,8,4,0.15972908432147565,0.12596801346801345,0.26521739130434785,0.0,0.5,2,1,50,523,508,15303,0.08726003490386168,0.08960573476686451,0.08841732929657173,0.9370727539061928,0.046253469010132976
very_large,200000,761,CNN distance-density,5,8,3,0.4273182880514169,0.1344973544973545,0.2714723926380368,1.0,0.625,0,0,20,565,473,15326,0.034188034187975745,0.04056795131837613,0.03710575089503858,0.9366455078124428,0.018903591682401792
very_large,200000,762,CNN distance-density,1,1,0,0.6033333333333334,0.15555555555555553,0.9166666666666666,1.0,1.0,0,0,0,23,25,16336,0.0,0.0,0.0,0.9970703124999392,0.0
very_large,200000,763,CNN distance-density,5,6,1,0.3180381509328878,0.130922986478542,0.8789473684210526,0.0,0.8333333333333334,1,0,6,185,356,15837,0.03141361256528056,0.01657458563531333,0.021699818715904384,0.9669799804686909,0.010968921389376657
very_large,200000,764,CNN distance-density,1,1,0,0.8048749999999999,0.5941666666666666,0.9375,1.0,1.0,0,0,0,31,101,16252,0.0,0.0,0.0,0.9919433593749394,0.0
very_large,200000,765,CNN distance-density,3,18,15,0.20167391867391865,0.3595286195286195,0.11609686609686609,0.0,0.16666666666666663,0,20,26,821,200,15337,0.030696576151085366,0.11504424778710158,0.04846225502619322,0.9376831054686927,0.0248328557783908
very_large,200000,766,CNN distance-density,5,6,1,0.2767606123913988,0.1405422288855572,0.595360824742268,0.044444444444444446,0.8333333333333334,1,9,38,301,462,15583,0.11209439527990533,0.075999999999848,0.09058402812367866,0.9534301757811918,0.04744069912603316
very_large,200000,767,CNN distance-density,5,8,3,0.15603652058432935,0.06148148148148148,0.32934926958831345,0.0,0.625,0,7,35,613,734,15002,0.05401234567892899,0.045513654096169684,0.04940014064683655,0.9177856445311939,0.025325615050632903
very_large,200000,768,CNN distance-density,2,2,0,0.5773164682539682,0.13124999999999998,0.8412698412698413,1.0,1.0,0,0,7,57,84,16236,0.109374999998291,0.07692307692223162,0.09032258015916753,0.9913940429686895,0.04729729729697772
very_large,200000,769,CNN distance-density,3,9,6,0.3144232209737827,0.5066666666666666,0.2654494382022472,0.0,0.33333333333333337,0,10,8,679,288,15409,0.011644832605514346,0.02702702702693572,0.016276703546520773,0.9409790039061925,0.00820512820511979
very_large,200000,770,CNN distance-density,4,6,2,0.20031387770749476,0.12087087087087085,0.3962765957446809,0.0,0.6666666666666667,0,9,26,318,432,15608,0.07558139534861749,0.05676855895184112,0.0648379047468486,0.9542236328124417,0.03350515463913208
very_large,200000,771,CNN distance-density,3,17,14,0.2078867702208331,0.36518616582250135,0.12952968388589048,0.0,0.17647058823529416,0,53,4,597,339,15444,0.006655574043250157,0.011661807580140928,0.008474575808516346,0.9428710937499424,0.0042553191489316435
very_large,200000,772,CNN distance-density,5,6,1,0.4045895215446973,0.0643020594965675,0.8366013071895425,0.5,0.8333333333333334,1,2,15,285,539,15545,0.04999999999983334,0.027075812274319357,0.03512880516475712,0.949707031249942,0.017878426698429227
very_large,200000,773,CNN distance-density,4,5,1,0.26342589209596884,0.13248081841432224,0.6190476190476191,0.0,0.8,0,2,1,195,287,15901,0.0051020408163005,0.003472222222210166,0.004132230923007365,0.9705810546874407,0.0020703933747369145
very_large,200000,774,CNN distance-density,4,6,2,0.31907261831844236,0.26356031285276565,0.5344036697247707,0.10769230769230768,0.6666666666666667,2,13,36,319,347,15682,0.1014084507039397,0.0939947780676397,0.09756097511021145,0.9593505859374414,0.051282051281978235
very_large,200000,775,CNN distance-density,2,2,0,0.6548492647058823,0.27874999999999994,0.8970588235294118,1.0,1.0,0,0,11,52,158,16163,0.17460317460040314,0.06508875739606457,0.0948275858104563,0.9871826171874397,0.04977375565588338
very_large,200000,776,CNN distance-density,4,29,25,0.08082465220544605,0.11666666666666667,0.07265774378585088,0.0,0.13793103448275867,3,152,76,945,384,14979,0.07443682664047557,0.16521739130398866,0.10263335541225362,0.9188842773436939,0.05409252669035296
very_large,200000,777,CNN distance-density,4,9,5,0.12022579895949462,0.057826086956521736,0.24879807692307687,0.0,0.4444444444444444,1,7,62,471,413,15438,0.11632270168833711,0.1305263157891989,0.12301587251728435,0.9460449218749423,0.06553911205067067
very_large,200000,778,CNN distance-density,1,21,20,0.16513471892504153,0.3211934156378601,0.07917888563049857,0.0,0.04761904761904767,0,145,54,312,118,15900,0.14754098360615425,0.3139534883702677,0.20074349398805982,0.9737548828124405,0.11157024793365378
very_large,200000,779,CNN distance-density,5,6,1,0.310812464749013,0.15469135802469133,0.7893401015228426,0.0,0.8333333333333334,0,3,19,354,719,15292,0.050938337801472014,0.025745257452539642,0.03420341989593956,0.9345092773436929,0.017399267399251465
very_large,200000,780,CNN distance-density,3,6,3,0.3472880443782083,0.3764870931537597,0.639344262295082,0.0,0.5,1,2,21,316,215,15832,0.062314540059162274,0.08898305084708058,0.07329842883465063,0.9675903320311909,0.038043478260800644
very_large,200000,781,CNN distance-density,3,3,0,0.5720051409777437,0.0773903417739034,0.9358974358974359,1.0,1.0,0,0,33,116,190,16045,0.22147651006562769,0.14798206277960546,0.1774193543575413,0.98132324218744,0.09734513274307569
very_large,200000,782,CNN distance-density,4,5,1,0.37442736185383246,0.21506734006734005,0.9882352941176471,0.0,0.8,0,3,20,222,360,15782,0.08264462809883205,0.05263157894722992,0.06430868119643098,0.9644775390624412,0.033222591362071056
very_large,200000,783,CNN distance-density,3,3,0,0.5459904601571268,0.04595959595959595,0.8765432098765432,1.0,1.0,0,0,0,69,136,16179,0.0,0.0,0.0,0.9874877929686897,0.0
very_large,200000,784,CNN distance-density,5,5,0,0.5937290969899666,0.15217391304347827,0.8762541806020067,1.0,1.0,0,0,7,251,493,15633,0.027131782945631275,0.013999999999972,0.018469656542999573,0.9545898437499417,0.009320905459375072
very_large,200000,785,CNN distance-density,5,6,1,0.2468148475741059,0.09783908739132618,0.5972696245733788,0.0,0.8333333333333334,0,6,16,242,455,15671,0.06201550387572862,0.033970276008420446,0.043895747142015766,0.9574584960936915,0.0224403927068409
very_large,200000,786,CNN distance-density,2,2,0,0.48636363636363633,0.0,0.6818181818181819,1.0,1.0,0,0,0,87,96,16201,0.0,0.0,0.0,0.9888305664061896,0.0
very_large,200000,787,CNN distance-density,1,1,0,0.6790909090909091,0.29696969696969694,0.9772727272727273,1.0,1.0,0,0,9,34,134,16207,0.20930232557652786,0.06293706293662282,0.0967741931918719,0.9897460937499396,0.05084745762683137
very_large,200000,788,CNN distance-density,2,35,33,0.2581019317944982,0.5411521477318345,0.04434589800443456,0.0,0.05714285714285716,0,178,101,898,213,15172,0.1011011011009999,0.32165605095438965,0.15384615348200809,0.932189941406193,0.08333333333326458
very_large,200000,789,CNN distance-density,4,6,2,0.21512997787610622,0.14375,0.41887905604719766,0.0,0.6666666666666667,1,4,60,252,389,15683,0.19230769230707595,0.13363028953199638,0.15768725312945653,0.9608764648436914,0.08559201141214609
very_large,200000,790,CNN distance-density,4,4,0,0.36937265512265516,0.17995510662177328,0.9419642857142857,0.0,1.0,1,1,17,184,387,15796,0.08457711442743993,0.04207920792068792,0.05619834666354485,0.965148925781191,0.028911564625801172
very_large,200000,791,CNN distance-density,4,8,4,0.24685652770501465,0.27139521229882674,0.37364341085271313,0.0,0.5,3,13,77,426,371,15510,0.1530815109340893,0.17187499999961636,0.1619348049692603,0.9513549804686919,0.08810068649875503
very_large,200000,792,CNN distance-density,3,5,2,0.4836521739130435,0.17333333333333334,0.4782608695652174,1.0,0.6,0,0,69,232,321,15762,0.2292358803979095,0.17692307692262327,0.19971056390713768,0.966247558593691,0.11093247588406603
very_large,200000,793,CNN distance-density,5,6,1,0.31544433528427546,0.09411547956969728,0.9487951807228916,0.0,0.8333333333333334,2,3,45,250,841,15248,0.15254237288083886,0.05079006772003297,0.076206604197479,0.933410644531193,0.039612676056303156
very_large,200000,794,CNN distance-density,3,3,0,0.6997004636332512,0.34484425708454614,0.9726027397260274,1.0,1.0,0,0,0,144,231,16009,0.0,0.0,0.0,0.9771118164061904,0.0
very_large,200000,795,CNN distance-density,3,3,0,0.6420324323112785,0.2104424421732114,0.9866666666666667,1.0,1.0,0,0,0,70,214,16100,0.0,0.0,0.0,0.98266601562494,0.0
very_large,200000,796,CNN distance-density,5,7,2,0.2840749841484611,0.21503352526079797,0.5794066317626527,0.0,0.7142857142857143,2,11,34,458,795,15097,0.06910569105677011,0.04101326899874425,0.051476153960925856,0.9235229492186936,0.02641802641800589
very_large,200000,797,CNN distance-density,3,6,3,0.1758080764237261,0.17370088116218146,0.2382133995037221,0.0,0.5,0,3,11,312,197,15864,0.034055727554074135,0.052884615384361136,0.0414312612935406,0.9689331054686908,0.021153846153805472
very_large,200000,798,CNN distance-density,5,5,0,0.3771585022852455,0.1714633384116567,1.0,0.0,1.0,2,2,13,171,641,15559,0.0706521739126595,0.0198776758409482,0.031026252640501028,0.9504394531249419,0.01575757575755666
very_large,200000,799,CNN distance-density,1,1,0,0.6729279279279279,0.28518518518518515,0.972972972972973,1.0,1.0,0,0,0,38,113,16233,0.0,0.0,0.0,0.9907836914061895,0.0
very_large,200000,800,CNN distance-density,3,3,0,0.6112007874015748,0.15000000000000002,0.9685039370078741,1.0,1.0,0,0,9,107,416,15852,0.07758620689588287,0.02117647058818547,0.033271718701808464,0.9680786132811909,0.01691729323305091
very_large,200000,801,CNN distance-density,1,1,0,0.7893700384122919,0.5632323232323232,0.9295774647887324,1.0,1.0,0,0,0,72,207,16105,0.0,0.0,0.0,0.9829711914061899,0.0
very_large,200000,802,CNN distance-density,3,16,13,0.10859285714285714,0.156,0.0982142857142857,0.0,0.1875,0,41,6,682,387,15309,0.008720930232545464,0.015267175572480236,0.01110083209965763,0.9347534179686929,0.005581395348832017
very_large,200000,803,CNN distance-density,1,1,0,0.5045454545454545,0.0,0.7727272727272727,1.0,1.0,0,0,0,18,23,16343,0.0,0.0,0.0,0.997497558593689,0.0
very_large,200000,804,CNN distance-density,2,2,0,0.6691666666666667,0.325,0.8645833333333334,1.0,1.0,0,0,71,13,231,16069,0.8452380952280328,0.23509933774756592,0.36787564732596845,0.9851074218749398,0.22539682539610986
very_large,200000,805,CNN distance-density,1,2,1,0.437587949743004,0.6412418300653595,0.49514563106796117,0.0,0.5,0,1,3,78,186,16117,0.03703703703657979,0.01587301587293189,0.022222221802057626,0.9838867187499399,0.011235955056137694
very_large,200000,806,CNN distance-density,5,8,3,0.17423948623069807,0.10646599777034559,0.3191489361702128,0.0,0.625,2,5,80,468,504,15332,0.14598540145958763,0.13698630136962844,0.14134275568400154,0.9406738281249426,0.07604562737635356
very_large,200000,807,CNN distance-density,3,5,2,0.24030694980694978,0.24795795795795791,0.3436293436293436,0.0,0.6,0,5,48,131,108,16097,0.2681564245795075,0.30769230769033534,0.2865671636797505,0.9854125976561898,0.16724738675899914
very_large,200000,808,CNN distance-density,5,6,1,0.37094581719835273,0.3340883479828713,0.6863636363636363,0.0,0.8333333333333334,3,1,76,357,754,15197,0.1755196304845831,0.09156626506013064,0.12034837642965479,0.932189941406193,0.06402695871940689
very_large,200000,809,CNN distance-density,5,5,0,0.37052983250573357,0.179578236305576,0.9485981308411215,0.0,1.0,0,2,13,190,375,15806,0.06403940886667961,0.0335051546390889,0.04399323135933532,0.965515136718691,0.022491349480929946
very_large,200000,810,CNN distance-density,5,9,4,0.16928220964249124,0.09833460462751083,0.3473804100227791,0.0,0.5555555555555556,3,8,41,715,481,15147,0.054232804232732496,0.07854406130253153,0.06416275382026151,0.9270019531249434,0.033144704931258574
very_large,200000,811,CNN distance-density,4,17,13,0.10530346922898076,0.0975,0.15744400527009228,0.02564102564102564,0.23529411764705888,2,39,120,717,421,15126,0.14336917562706886,0.22181146025837004,0.17416545670714273,0.9305419921874432,0.09538950715413722
very_large,200000,812,CNN distance-density,1,1,0,0.6263311688311688,0.1984848484848485,0.935064935064935,1.0,1.0,0,0,0,73,236,16075,0.0,0.0,0.0,0.98114013671869,0.0
very_large,200000,813,CNN distance-density,3,4,1,0.505020202020202,0.17333333333333334,0.5101010101010102,1.0,0.75,0,0,13,186,219,15966,0.06532663316550087,0.05603448275837916,0.060324825488730145,0.9752807617186905,0.03110047846882512
very_large,200000,814,CNN distance-density,2,17,15,0.10133223855579966,0.17396226415094337,0.056422569027611,0.0,0.11764705882352944,0,56,48,658,248,15430,0.06798866855514449,0.16216216216161433,0.09580838281705652,0.9447021484374423,0.05031446540875229
very_large,200000,815,CNN distance-density,1,1,0,0.6707352941176471,0.28137254901960784,0.9705882352941176,1.0,1.0,0,0,6,27,29,16322,0.1818181818126722,0.1714285714236735,0.17647058773053634,0.9965820312499392,0.09677419354682623
very_large,200000,816,CNN distance-density,2,2,0,0.6637391364932365,0.26818573541706864,0.9652777777777778,1.0,1.0,0,0,35,106,411,15832,0.24822695035284947,0.078475336322694,0.11925042552895936,0.9684448242186908,0.06340579710133441
very_large,200000,817,CNN distance-density,5,5,0,0.4220666678335142,0.12984512043811233,0.9848484848484849,0.26666666666666666,1.0,2,3,32,201,738,15413,0.13733905579340197,0.04155844155838759,0.06380857392036453,0.9426879882811925,0.03295571575691766
very_large,200000,818,CNN distance-density,2,18,16,0.16663415258576553,0.32333333333333336,0.05011520737327191,0.0,0.11111111111111116,0,49,0,648,167,15569,0.0,0.0,0.0,0.9502563476561919,0.0
very_large,200000,819,CNN distance-density,4,4,0,0.41013888888888894,0.26790123456790127,0.9479166666666666,0.0,1.0,1,0,13,163,501,15707,0.07386363636321669,0.025291828793725112,0.03768115904015963,0.9594726562499414,0.01920236336777075
very_large,200000,820,CNN distance-density,1,1,0,0.5073770491803279,0.0,0.7868852459016393,1.0,1.0,0,0,0,62,49,16273,0.0,0.0,0.0,0.9932250976561894,0.0
very_large,200000,821,CNN distance-density,2,2,0,0.5541170634920635,0.01620370370370368,0.9841269841269842,1.0,1.0,0,0,13,47,128,16196,0.21666666666305556,0.0921985815596298,0.12935323341075716,0.9893188476561896,0.06914893616984495
very_large,200000,822,CNN distance-density,2,15,13,0.14673714971818685,0.25826923076923075,0.08591331269349844,0.0,0.1333333333333333,0,46,120,390,142,15732,0.23529411764659747,0.4580152671738244,0.31088082856633736,0.9675292968749409,0.18404907975431894
very_large,200000,823,CNN distance-density,1,1,0,0.5068627450980392,0.0,0.7843137254901961,1.0,1.0,0,0,0,41,162,16181,0.0,0.0,0.0,0.9876098632811897,0.0
very_large,200000,824,CNN distance-density,3,25,22,0.06966215509350072,0.09814814814814815,0.06747744213417028,0.0,0.12,1,83,27,1398,323,14636,0.018947368421039334,0.07714285714263673,0.030422534894629483,0.8949584960936954,0.01544622425628407
very_large,200000,825,CNN distance-density,4,7,3,0.21683705736974315,0.1760142118863049,0.4024390243902439,0.0,0.5714285714285714,2,0,53,429,413,15489,0.10995850622383826,0.11373390557915508,0.11181434549146772,0.948608398437442,0.059217877094905905
very_large,200000,826,CNN distance-density,1,1,0,0.5825,0.11666666666666665,0.9,1.0,1.0,0,0,0,23,64,16297,0.0,0.0,0.0,0.9946899414061893,0.0
very_large,200000,827,CNN distance-density,1,1,0,0.684875,0.39,0.796875,1.0,1.0,0,0,0,52,197,16135,0.0,0.0,0.0,0.9848022460936898,0.0
very_large,200000,828,CNN distance-density,1,1,0,0.4884615384615385,0.0,0.6923076923076923,1.0,1.0,0,0,0,10,48,16326,0.0,0.0,0.0,0.9964599609374392,0.0
very_large,200000,829,CNN distance-density,1,1,0,0.7915365853658537,0.5692682926829269,0.926829268292683,1.0,1.0,0,0,7,22,85,16270,0.24137931033650417,0.07608695652091209,0.11570247897247456,0.9934692382811894,0.061403508771391196
very_large,200000,830,CNN distance-density,3,33,30,0.1601267136134744,0.31299042323138715,0.05095057034220529,0.0,0.09090909090909094,2,244,39,702,161,15482,0.05263157894729739,0.194999999999025,0.08289054164171111,0.9473266601561922,0.04323725055427579
very_large,200000,831,CNN distance-density,4,5,1,0.5649912587412588,0.08886946386946386,0.975,1.0,0.8,0,0,13,63,253,16055,0.17105263157669667,0.04887218045094409,0.0760233914667419,0.9807128906249402,0.03951367781143005
very_large,200000,832,CNN distance-density,4,7,3,0.25653669996825773,0.26107843137254905,0.4095427435387674,0.0,0.5714285714285714,0,2,3,423,430,15528,0.00704225352111023,0.006928406466496701,0.006984865623416279,0.9479370117186922,0.0035046728971921677
very_large,200000,833,CNN distance-density,5,5,0,0.6327240565441425,0.1958898069628663,0.9728682170542635,1.0,1.0,0,0,30,225,672,15457,0.11764705882306806,0.04273504273498186,0.0626959243738433,0.9452514648436923,0.032362459546890654
very_large,200000,834,CNN distance-density,2,2,0,0.7131543209876543,0.39,0.9382716049382716,1.0,1.0,0,0,0,83,78,16223,0.0,0.0,0.0,0.9901733398436895,0.0
very_large,200000,835,CNN distance-density,3,3,0,0.2897692307692308,0.08666666666666667,0.7538461538461538,0.0,1.0,0,1,0,125,133,16126,0.0,0.0,0.0,0.9842529296874399,0.0
very_large,200000,836,CNN distance-density,4,4,0,0.5904642764857881,0.12351234567901234,0.9244186046511628,1.0,1.0,0,0,18,121,469,15776,0.12949640287676623,0.036960985626207477,0.05750798687478183,0.9639892578124412,0.029605263157846045
very_large,200000,837,CNN distance-density,2,2,0,0.6185736714975846,0.1588271604938271,0.9855072463768116,1.0,1.0,0,0,0,70,159,16155,0.0,0.0,0.0,0.9860229492186898,0.0
very_large,200000,838,CNN distance-density,5,5,0,0.32022293591880013,0.1378550724637681,0.7909407665505226,0.0,1.0,0,1,23,185,715,15461,0.11057692307639146,0.0311653116530743,0.048625792468678625,0.9450683593749423,0.024918743228575388
very_large,200000,839,CNN distance-density,4,4,0,0.2675675675675676,0.0,0.8378378378378378,0.0,1.0,1,0,16,72,224,16072,0.1818181818161157,0.06666666666638889,0.09756097521653778,0.98193359374994,0.05128205128188692
very_large,200000,840,CNN distance-density,5,8,3,0.2423986537638656,0.18577297945718999,0.4065040650406504,0.06,0.625,4,10,139,487,660,15098,0.2220447284341501,0.17396745932393745,0.1950877188053412,0.9299926757811933,0.1080870917573032
very_large,200000,841,CNN distance-density,5,5,0,0.27902469135802466,0.04666666666666667,0.7901234567901234,0.0,1.0,1,5,14,157,458,15755,0.08187134502876099,0.0296610169490897,0.04354587830305552,0.9624633789061913,0.02225755166928099
very_large,200000,842,CNN distance-density,5,6,1,0.33652426950595205,0.1394439104489567,0.9522058823529411,0.0,0.8333333333333334,3,13,54,151,611,15568,0.2634146341450565,0.08120300751867489,0.12413793067397806,0.9534912109374418,0.0661764705881542
very_large,200000,843,CNN distance-density,5,7,2,0.40110299979283937,0.4845790045433539,0.5580693815987934,0.0,0.7142857142857143,1,7,36,543,1005,14800,0.06217616580300142,0.03458213256480828,0.04444444398505487,0.9055175781249447,0.02272727272725838
very_large,200000,844,CNN distance-density,3,5,2,0.35866220735785953,0.22608695652173913,0.9846153846153847,0.0,0.6,0,3,54,135,374,15821,0.285714285712774,0.12616822429877064,0.17504051821302954,0.9689331054686908,0.09591474245098416
very_large,200000,845,CNN distance-density,5,7,2,0.2346747120803725,0.15317324185248715,0.47159090909090906,0.0,0.7142857142857143,2,6,47,386,598,15353,0.10854503464178165,0.0728682170541506,0.08719851528912025,0.9399414062499426,0.04558680892333115
very_large,200000,846,CNN distance-density,1,1,0,0.6878749999999999,0.3341666666666666,0.9375,1.0,1.0,0,0,0,16,53,16315,0.0,0.0,0.0,0.9957885742186892,0.0
very_large,200000,847,CNN distance-density,1,1,0,0.6855,0.39,0.8,1.0,1.0,0,0,0,49,61,16274,0.0,0.0,0.0,0.9932861328124394,0.0
very_large,200000,848,CNN distance-density,4,6,2,0.15888806246744402,0.05783898305084746,0.33096926713947994,0.0,0.6666666666666667,0,2,13,380,213,15778,0.03307888040704051,0.05752212389355079,0.04200323055402821,0.9638061523436912,0.021452145214486053
very_large,200000,849,CNN distance-density,5,13,8,0.18960831372451717,0.24466241360978205,0.20524344569288389,0.0,0.3846153846153846,1,35,26,864,775,14719,0.029213483146034593,0.032459425717812164,0.030751034391945962,0.899963378906195,0.015615615615606237
very_large,200000,850,CNN distance-density,1,1,0,0.8433174603174604,0.6659259259259259,0.9682539682539683,1.0,1.0,0,0,0,62,64,16258,0.0,0.0,0.0,0.9923095703124394,0.0
very_large,200000,851,CNN distance-density,3,15,12,0.07540550453730369,0.07424242424242423,0.10998206814106393,0.0,0.19999999999999996,0,3,13,1382,440,14549,0.00931899641576393,0.028697571743866012,0.014069263699166421,0.8887939453124457,0.007084468664846275
very_large,200000,852,CNN distance-density,2,2,0,0.6124234693877552,0.175,0.9183673469387755,1.0,1.0,0,0,5,41,152,16186,0.1086956521715501,0.03184713375775894,0.04926108339285109,0.9882202148436896,0.025252525252397715
very_large,200000,853,CNN distance-density,5,17,12,0.12859052080655542,0.14741954022988507,0.1641998149861239,0.0,0.2941176470588235,0,65,4,1465,749,14166,0.0027229407760362674,0.005312084993352839,0.003600359587917219,0.8648681640624472,0.0018034265103688894
very_large,200000,854,CNN distance-density,1,1,0,0.5618333333333333,0.12999999999999998,0.7666666666666666,1.0,1.0,0,0,0,47,61,16276,0.0,0.0,0.0,0.9934082031249394,0.0
very_large,200000,855,CNN distance-density,2,13,11,0.09358413843707959,0.12009803921568625,0.12077702702702697,0.0,0.15384615384615385,1,28,60,790,249,15285,0.0705882352940346,0.194174757280925,0.10353753196424277,0.9365844726561928,0.05459508644217052
very_large,200000,856,CNN distance-density,5,5,0,0.6202685257986628,0.16008541622908348,0.9911504424778761,1.0,1.0,0,0,0,113,308,15963,0.0,0.0,0.0,0.9743041992186905,0.0
very_large,200000,857,CNN distance-density,5,5,0,0.3511129374337222,0.15260869565217391,0.9121951219512195,0.0,1.0,1,1,1,166,510,15707,0.005988023952059952,0.001956947162422785,0.0029498521360804848,0.9587402343749415,0.001477104874443904
very_large,200000,858,CNN distance-density,2,2,0,0.6246450617283951,0.325,0.6419753086419753,1.0,1.0,0,0,4,50,139,16191,0.07407407407270233,0.027972027971832365,0.04060913665747636,0.9884643554686896,0.020725388600928884
very_large,200000,859,CNN distance-density,4,10,6,0.09925595340120898,0.049970131421744314,0.18384697130712013,0.0,0.4,0,24,53,534,475,15322,0.09028960817701824,0.10037878787859777,0.09506726407522048,0.9384155273436927,0.04990583804138427
very_large,200000,860,CNN distance-density,1,1,0,0.7558309859154929,0.52,0.8591549295774648,1.0,1.0,0,0,0,72,192,16120,0.0,0.0,0.0,0.9838867187499399,0.0
very_large,200000,861,CNN distance-density,5,6,1,0.5878593035856038,0.2789153016560625,0.6450704225352113,1.0,0.8333333333333334,0,0,13,339,525,15507,0.03693181818171326,0.024163568773189287,0.029213482667839928,0.9472656249999422,0.014823261117428935
very_large,200000,862,CNN distance-density,4,5,1,0.2794082125603865,0.14683306494900697,0.6666666666666667,0.0,0.8,1,2,0,252,395,15737,0.0,0.0,0.0,0.9605102539061914,0.0
very_large,200000,863,CNN distance-density,4,7,3,0.21794740050079073,0.18104166666666668,0.39667896678966785,0.0,0.5714285714285714,1,17,56,373,520,15435,0.13053613053582627,0.09722222222205344,0.11144278558012724,0.9454956054686923,0.059009483666955735
very_large,200000,864,CNN distance-density,1,1,0,0.7075,0.35,1.0,1.0,1.0,0,0,0,28,86,16270,0.0,0.0,0.0,0.9930419921874394,0.0
very_large,200000,865,CNN distance-density,4,4,0,0.39012153428250285,0.2512254901960784,0.8853503184713376,0.0,1.0,1,0,4,131,260,15989,0.029629629629410154,0.01515151515145776,0.020050124865446838,0.9761352539061904,0.010126582278455375
very_large,200000,866,CNN distance-density,4,17,13,0.12285394024835919,0.16524849635960745,0.12481352560914971,0.0,0.23529411764705888,0,7,37,1500,398,14449,0.024072869225748816,0.08505747126417228,0.03752535462567785,0.884155273437446,0.019121447028413893
very_large,200000,867,CNN distance-density,3,12,9,0.07187093186125071,0.057966457023060795,0.10393013100436677,0.0,0.25,0,9,6,878,222,15278,0.006787330316734404,0.02631578947356879,0.010791366580462976,0.932861328124943,0.005424954792038495
very_large,200000,868,CNN distance-density,1,2,1,0.24654761904761907,0.24629629629629632,0.4285714285714286,0.0,0.5,0,1,8,82,93,16201,0.08888888888790124,0.07920792079129498,0.08376963300863464,0.9893188476561896,0.043715846994296634
very_large,200000,869,CNN distance-density,4,4,0,0.3677523213772136,0.20884851016429964,0.8688524590163934,0.0,1.0,1,0,18,138,367,15861,0.11538461538387575,0.04675324675312532,0.0665434376669753,0.9691772460936908,0.03441682600375828
very_large,200000,870,CNN distance-density,4,43,39,0.055848479427549204,0.08076923076923076,0.051000000000000045,0.0,0.09302325581395354,2,538,112,949,585,14738,0.1055607917058383,0.16068866570995596,0.1274175194302781,0.9063720703124446,0.06804374240579099
very_large,200000,871,CNN distance-density,3,4,1,0.5536829836829837,0.14921004921004918,0.8076923076923077,1.0,0.75,0,0,9,86,278,16011,0.09473684210426593,0.03135888501731234,0.04712041847423317,0.9777832031249403,0.02412868632701306
very_large,200000,872,CNN distance-density,2,2,0,0.6844038865546219,0.3383578431372549,0.9107142857142857,1.0,1.0,0,0,0,58,148,16178,0.0,0.0,0.0,0.9874267578124397,0.0
very_large,200000,873,CNN distance-density,3,3,0,0.5545433436532508,0.07091503267973855,0.8631578947368421,1.0,1.0,0,0,9,65,287,16023,0.12162162161997808,0.030405405405302687,0.04864864832838569,0.9785156249999403,0.024930747922368615
very_large,200000,874,CNN distance-density,2,2,0,0.619713921901528,0.16380871533672886,0.98,1.0,1.0,0,0,45,54,185,16100,0.45454545454086315,0.19565217391219283,0.27355623058064876,0.9854125976561898,0.15845070422479418
very_large,200000,875,CNN distance-density,5,10,5,0.201886781971289,0.1779017690128801,0.35915492957746475,0.0,0.5,3,14,52,594,683,15055,0.0804953560370271,0.07074829931963164,0.07530774751065694,0.9220581054686937,0.03912716328063271
very_large,200000,876,CNN distance-density,4,5,1,0.5682240127985017,0.12073643410852712,0.9194630872483222,1.0,0.8,0,0,4,143,175,16062,0.02721088435355639,0.02234636871495896,0.0245398768052806,0.9805908203124402,0.012422360248408627
very_large,200000,877,CNN distance-density,4,10,6,0.2083716299313653,0.2464199418582701,0.28741328047571857,0.0,0.4,1,25,13,754,263,15354,0.016949152542350784,0.047101449275191665,0.02492809165294449,0.9379272460936927,0.012621359223288718
very_large,200000,878,CNN distance-density,4,5,1,0.5935795961285093,0.25884032634032633,0.7355072463768115,1.0,0.8,0,0,0,276,393,15715,0.0,0.0,0.0,0.9591674804686914,0.0
very_large,200000,879,CNN distance-density,4,4,0,0.5678853754940711,0.04457619675010979,0.9891304347826086,1.0,1.0,0,0,0,168,257,15959,0.0,0.0,0.0,0.9740600585936905,0.0
very_large,200000,880,CNN distance-density,5,8,3,0.2667635301725336,0.24677375764332285,0.46607669616519176,0.0,0.625,4,4,88,510,622,15164,0.14715719063520544,0.12394366197165642,0.13455657442700764,0.9309082031249432,0.07213114754092448
very_large,200000,881,CNN distance-density,1,2,1,0.756906779661017,0.65,0.8220338983050848,1.0,0.5,0,0,0,120,98,16166,0.0,0.0,0.0,0.9866943359374397,0.0
very_large,200000,882,CNN distance-density,1,1,0,0.6782234042553191,0.3322222222222222,0.8936170212765957,1.0,1.0,0,0,0,36,95,16253,0.0,0.0,0.0,0.9920043945311894,0.0
very_large,200000,883,CNN distance-density,2,2,0,0.5786734693877551,0.1,0.9183673469387755,1.0,1.0,0,0,0,45,157,16182,0.0,0.0,0.0,0.9876708984374397,0.0
very_large,200000,884,CNN distance-density,3,23,20,0.18494325677692716,0.3522222222222222,0.0669988925802879,0.0,0.13043478260869568,2,63,55,1032,219,15078,0.05059797608091021,0.2007299270065667,0.08082292399865035,0.9236450195311936,0.042113323124010636
very_large,200000,885,CNN distance-density,4,4,0,0.6042945736434108,0.1688888888888889,0.8914728682170543,1.0,1.0,0,0,3,109,405,15867,0.02678571428547513,0.007352941176452566,0.011538461200429003,0.9686279296874408,0.005802707930356281
very_large,200000,886,CNN distance-density,3,19,16,0.09525615491645872,0.1430917874396135,0.07537688442211055,0.0,0.1578947368421053,0,13,41,1479,380,14484,0.02697368421050857,0.09738717339644326,0.042246264472201984,0.8865356445311958,0.021578947368409696
very_large,200000,887,CNN distance-density,5,6,1,0.25733806883806887,0.06568953568953569,0.7222222222222222,0.0,0.8333333333333334,0,1,15,248,427,15694,0.05703422053210253,0.033936651583633626,0.04255319102147378,0.9588012695311915,0.021739130434751102
very_large,200000,888,CNN distance-density,4,5,1,0.3535530762731393,0.200354609929078,0.9169675090252708,0.0,0.8,1,3,7,257,532,15588,0.02651515151505108,0.012987012986988893,0.017434619732944183,0.9518432617186918,0.008793969849235184
very_large,200000,889,CNN distance-density,4,20,16,0.05379656348373558,0.029166666666666667,0.10335781741867789,0.0,0.19999999999999996,0,44,66,1250,459,14609,0.05015197568385247,0.12571428571404625,0.07170016254714083,0.8956909179686953,0.037183098591528345
very_large,200000,890,CNN distance-density,3,17,14,0.12399647942913077,0.17791196994095546,0.13144517066085692,0.0,0.17647058823529416,0,14,34,924,246,15180,0.0354906054279379,0.12142857142813776,0.054927301750037204,0.9285888671874433,0.028239202657783853
very_large,200000,891,CNN distance-density,4,8,4,0.185771580297527,0.17503722084367246,0.285024154589372,0.0,0.5,2,20,99,506,623,15156,0.16363636363609316,0.1371191135732173,0.14920874102589257,0.9310913085936932,0.08061889250807767
very_large,200000,892,CNN distance-density,1,1,0,0.7876538461538461,0.5828205128205128,0.8769230769230769,1.0,1.0,0,0,0,58,200,16126,0.0,0.0,0.0,0.9842529296874399,0.0
very_large,200000,893,CNN distance-density,1,26,25,0.3065861538461539,0.65,0.05120000000000002,0.0,0.038461538461538436,0,133,5,505,223,15651,0.009803921568608228,0.021929824561307328,0.013550135074323793,0.9555664062499416,0.0068212824010820995
very_large,200000,894,CNN distance-density,4,5,1,0.6679901960784314,0.3611111111111111,0.8774509803921569,1.0,0.8,0,0,0,200,363,15821,0.0,0.0,0.0,0.965637207031191,0.0
very_large,200000,895,CNN distance-density,2,11,9,0.07584703516715137,0.08793532338308456,0.0904716073147257,0.0,0.18181818181818177,0,10,50,734,108,15492,0.06377551020400028,0.31645569620052877,0.10615711224712293,0.948608398437442,0.05605381165912998
very_large,200000,896,CNN distance-density,1,1,0,0.6660483870967742,0.2722222222222222,0.967741935483871,1.0,1.0,0,0,0,31,95,16258,0.0,0.0,0.0,0.9923095703124394,0.0
very_large,200000,897,CNN distance-density,1,1,0,0.8053571428571429,0.65,0.8142857142857143,1.0,1.0,0,0,0,58,219,16107,0.0,0.0,0.0,0.9830932617186899,0.0
very_large,200000,898,CNN distance-density,2,13,11,0.0901008316008316,0.13,0.08108108108108103,0.0,0.15384615384615385,0,29,16,964,198,15206,0.01632653061222824,0.07476635513983755,0.026800669722492985,0.9290771484374433,0.013582342954148063
very_large,200000,899,CNN distance-density,2,15,13,0.16755479438571624,0.29886178861788615,0.09866828087167068,0.0,0.1333333333333333,0,17,4,1160,329,14891,0.003436426116835536,0.01201201201197594,0.005344021030152066,0.9091186523436945,0.00267916945746639
very_large,200000,900,CNN distance-density,4,7,3,0.21202770243118343,0.15478395061728392,0.42616033755274263,0.0,0.5714285714285714,3,1,39,385,380,15580,0.09198113207525477,0.09307875894965853,0.09252668989125716,0.9533081054686918,0.04850746268650683
very_large,200000,901,CNN distance-density,1,1,0,0.66825,0.3183333333333333,0.875,1.0,1.0,0,0,0,22,25,16337,0.0,0.0,0.0,0.9971313476561892,0.0
very_large,200000,902,CNN distance-density,5,7,2,0.1591452785365829,0.01630167717124239,0.4019047619047619,0.0,0.7142857142857143,1,8,70,391,594,15329,0.15184381778708927,0.10542168674682918,0.1244444439605033,0.9398803710936926,0.06635071090041104
very_large,200000,903,CNN distance-density,5,7,2,0.21917166730915622,0.09938568376068374,0.5150976909413854,0.0,0.7142857142857143,2,10,21,485,536,15342,0.04150197628450296,0.0377019748652824,0.03951081793945852,0.9376831054686927,0.020153550863704267
very_large,200000,904,CNN distance-density,3,13,10,0.0910751656076788,0.08666666666666667,0.14499121265377857,0.0,0.23076923076923073,0,24,22,749,289,15324,0.0285343709467853,0.07073954983900084,0.0406654339710726,0.9366455078124428,0.020754716981112496
very_large,200000,905,CNN distance-density,2,2,0,0.5364077669902912,0.0,0.9320388349514563,1.0,1.0,0,0,3,97,299,15985,0.0299999999997,0.009933774834404193,0.014925372760500986,0.9758300781249404,0.007518796992462359
very_large,200000,906,CNN distance-density,3,6,3,0.15447761194029852,0.0,0.5223880597014925,0.0,0.5,1,2,15,360,422,15587,0.039999999999893336,0.034324942791683466,0.036945812310705796,0.9522705078124418,0.01882057716434276
very_large,200000,907,CNN distance-density,4,5,1,0.31697515956529243,0.24117647058823527,0.6422287390029325,0.0,0.8,1,7,10,317,401,15656,0.030581039755258162,0.024330900243249805,0.027100270509114222,0.9561767578124416,0.013736263736244867
very_large,200000,908,CNN distance-density,3,3,0,0.4993607305936073,0.05185185185185184,0.6301369863013699,1.0,1.0,0,0,6,38,232,16108,0.1363636363605372,0.02521008403350752,0.04255319122569287,0.9835205078124399,0.021739130434703845
very_large,200000,909,CNN distance-density,5,8,3,0.20024429258744275,0.16174383078730906,0.32479784366576825,0.0,0.625,0,10,14,636,458,15276,0.021538461538428404,0.0296610169490897,0.02495543623268229,0.933227539062443,0.012635379061360438
very_large,200000,910,CNN distance-density,3,3,0,0.6423322213500785,0.25053418803418803,0.8979591836734694,1.0,1.0,0,0,23,105,478,15778,0.1796874999985962,0.0459081836326429,0.07313195516049147,0.9644165039061912,0.037953795379475325
very_large,200000,911,CNN distance-density,5,7,2,0.27573527065107023,0.15238678090575278,0.6786632390745502,0.0,0.7142857142857143,2,2,36,330,584,15434,0.09836065573743617,0.058064516128938606,0.07302231190625759,0.9442138671874424,0.037894736842065374
very_large,200000,912,CNN distance-density,1,1,0,0.6554166666666666,0.25277777777777777,0.9583333333333334,1.0,1.0,0,0,0,24,25,16335,0.0,0.0,0.0,0.9970092773436892,0.0
very_large,200000,913,CNN distance-density,1,1,0,0.904945054945055,0.8205128205128205,0.9285714285714286,1.0,1.0,0,0,0,43,40,16301,0.0,0.0,0.0,0.9949340820311893,0.0
very_large,200000,914,CNN distance-density,4,8,4,0.17882978882507777,0.1463293650793651,0.3149078726968174,0.0,0.5,3,14,86,295,374,15629,0.22572178477631044,0.186956521738724,0.20451842994387803,0.9591674804686914,0.11390728476806106
very_large,200000,915,CNN distance-density,5,5,0,0.3132395969874031,0.08335875921688278,0.8786407766990292,0.0,1.0,0,1,32,128,438,15786,0.19999999999875,0.06808510638283387,0.10158730120804232,0.965454101562441,0.053511705685529244
very_large,200000,916,CNN distance-density,5,5,0,0.259846447928765,0.01835365853658536,0.7579365079365079,0.0,1.0,1,0,23,159,469,15733,0.126373626372932,0.04674796747957978,0.06824925776580756,0.9616699218749413,0.03533026113665848
very_large,200000,917,CNN distance-density,3,3,0,0.565304347826087,0.06782608695652174,0.9239130434782609,1.0,1.0,0,0,1,77,201,16105,0.012820512820348455,0.004950495049480443,0.00714285674086737,0.9830322265624399,0.003584229390668157
very_large,200000,918,CNN distance-density,5,7,2,0.17841679631988383,0.06185365853658536,0.39577039274924475,0.0,0.7142857142857143,0,10,21,574,498,15291,0.03529411764699951,0.040462427745586775,0.03770197436760958,0.9345703124999429,0.019213174748381325
very_large,200000,919,CNN distance-density,5,5,0,0.5993818794102201,0.11986729770805495,0.9772079772079773,1.0,1.0,0,0,56,282,825,15221,0.1656804733722909,0.0635641316684863,0.0918785886064439,0.932434082031193,0.04815133276006178
very_large,200000,920,CNN distance-density,5,5,0,0.6910556714471968,0.333042735042735,0.9559322033898305,1.0,1.0,0,0,14,271,762,15337,0.0491228070173715,0.01804123711337881,0.026390197533513196,0.9369506835936928,0.013371537726825816
very_large,200000,921,CNN distance-density,2,2,0,0.5155172413793103,0.0,0.8275862068965517,1.0,1.0,0,0,0,64,229,16091,0.0,0.0,0.0,0.98211669921869,0.0
very_large,200000,922,CNN distance-density,1,1,0,0.9124302325581395,0.8157364341085271,0.9767441860465116,1.0,1.0,0,0,0,43,134,16207,0.0,0.0,0.0,0.9891967773436896,0.0
very_large,200000,923,CNN distance-density,2,2,0,0.585,0.175,0.78125,1.0,1.0,0,0,0,26,72,16286,0.0,0.0,0.0,0.9940185546874393,0.0
very_large,200000,924,CNN distance-density,5,5,0,0.43886636503086907,0.31590788022406213,0.9835390946502057,0.0,1.0,0,1,11,212,544,15617,0.04932735425986849,0.019819819819784108,0.028277634552418374,0.9538574218749417,0.014341590612758356
very_large,200000,925,CNN distance-density,1,1,0,0.5349213180316467,0.021361502347417835,0.8765432098765432,1.0,1.0,0,0,0,82,72,16230,0.0,0.0,0.0,0.9906005859374395,0.0
very_large,200000,926,CNN distance-density,3,5,2,0.4052937779230686,0.4933011272141707,0.6165413533834587,0.0,0.6,0,3,75,165,441,15703,0.31249999999869793,0.14534883720902064,0.19841269797881497,0.9630126953124412,0.11013215859014665
very_large,200000,927,CNN distance-density,5,6,1,0.2705581046633678,0.0724336482231219,0.7106481481481481,0.049999999999999996,0.8333333333333334,1,12,16,361,527,15480,0.042440318302274696,0.02946593001836194,0.03478260821185493,0.9458007812499423,0.01769911504422821
very_large,200000,928,CNN distance-density,2,9,7,0.12545422084968355,0.16476608187134503,0.1454363089267804,0.0,0.2222222222222222,0,4,40,722,339,15283,0.052493438320141084,0.10554089709734686,0.07011393470082442,0.9352416992186929,0.03633060853766001
very_large,200000,929,CNN distance-density,1,1,0,0.7944929128277818,0.5537751004016065,0.9764705882352941,1.0,1.0,0,0,0,86,254,16044,0.0,0.0,0.0,0.9792480468749402,0.0
very_large,200000,930,CNN distance-density,5,5,0,0.2977616565020657,0.0734572758869434,0.8235294117647058,0.0,1.0,0,1,6,171,384,15823,0.03389830508455425,0.015384615384575938,0.021164020734507256,0.966125488281191,0.010695187165756338
very_large,200000,931,CNN distance-density,2,2,0,0.4947205159705159,0.04887387387387386,0.6136363636363636,1.0,1.0,0,0,18,68,154,16144,0.20930232557896158,0.10465116279008925,0.13953488327540411,0.9864501953124397,0.0749999999996875
very_large,200000,932,CNN distance-density,5,5,0,0.3519691354100445,0.15956410256410256,0.9008264462809917,0.0,1.0,0,1,40,174,544,15626,0.18691588784959387,0.06849315068481422,0.10025062617365467,0.9561767578124416,0.05277044854874305
very_large,200000,933,CNN distance-density,1,1,0,0.8066830985915493,0.5766666666666667,0.9859154929577465,1.0,1.0,0,0,0,72,215,16097,0.0,0.0,0.0,0.98248291015619,0.0
very_large,200000,934,CNN distance-density,3,3,0,0.5756179368299044,0.0656862745098039,0.9802955665024631,1.0,1.0,0,0,8,170,362,15844,0.04494382022446661,0.021621621621563187,0.029197079853242058,0.9675292968749409,0.01481481481478738
very_large,200000,935,CNN distance-density,1,1,0,0.47173913043478266,0.0,0.6086956521739131,1.0,1.0,0,0,0,13,89,16282,0.0,0.0,0.0,0.9937744140624393,0.0
very_large,200000,936,CNN distance-density,3,23,20,0.10746367203955393,0.17333333333333334,0.08210096889342178,0.0,0.13043478260869568,1,33,63,1382,426,14513,0.04359861591692485,0.1288343558279574,0.06514994791579679,0.8896484374999457,0.033671833244236414
very_large,200000,937,CNN distance-density,3,20,17,0.06860292819305473,0.09138888888888888,0.06238964096527366,0.0,0.15000000000000002,0,30,19,954,291,15120,0.019527235354553415,0.061290322580447455,0.029618082252335087,0.9240112304686936,0.015031645569608362
very_large,200000,938,CNN distance-density,4,4,0,0.5230569948186529,0.0,0.8652849740932642,1.0,1.0,0,0,16,144,557,15667,0.099999999999375,0.027923211169235736,0.04365620702559703,0.9572143554686916,0.0223152022314891
very_large,200000,939,CNN distance-density,2,2,0,0.5470955433455433,0.08525641025641024,0.7936507936507937,1.0,1.0,0,0,0,63,104,16217,0.0,0.0,0.0,0.9898071289061896,0.0
very_large,200000,940,CNN distance-density,4,5,1,0.2965004358992484,0.055580164882490464,0.9574468085106383,0.0,0.8,1,3,24,135,445,15780,0.15094339622546576,0.05117270788901669,0.07643312064070044,0.964599609374941,0.03973509933768256
very_large,200000,941,CNN distance-density,5,10,5,0.17546540198361976,0.14519609967497293,0.3006357856494096,0.0,0.5,2,25,68,837,658,14821,0.0751381215468783,0.09366391184560101,0.08338442623798635,0.9087524414061945,0.04350607805499456
very_large,200000,942,CNN distance-density,2,2,0,0.5533592777085927,0.031818181818181815,0.9452054794520548,1.0,1.0,0,0,4,70,170,16140,0.05405405405332359,0.02298850574699432,0.032258064097164425,0.9853515624999398,0.016393442622883635
very_large,200000,943,CNN distance-density,4,11,7,0.13836642786489736,0.14264087617028795,0.189071986123157,0.0,0.36363636363636365,0,47,127,587,520,15150,0.17787114845913463,0.19629057186986662,0.1866274792952064,0.932434082031193,0.10291734197722616
very_large,200000,944,CNN distance-density,3,11,8,0.10402210056352033,0.0923611111111111,0.17593436645396532,0.0,0.2727272727272727,1,8,32,800,249,15303,0.03846153846149224,0.1138790035583136,0.05750224580392955,0.9359741210936928,0.029602220166485105
very_large,200000,945,CNN distance-density,3,5,2,0.2671030936596974,0.12647647647647645,0.7509433962264151,0.0,0.6,0,3,19,215,597,15553,0.08119658119623421,0.030844155844105773,0.04470588195382146,0.9504394531249419,0.022864019253883438
very_large,200000,946,CNN distance-density,3,3,0,0.5565330049261084,0.312,0.9556650246305418,0.5,1.0,1,2,40,131,344,15869,0.23391812865360284,0.1041666666663954,0.14414414371726972,0.9710083007811907,0.07766990291247054
very_large,200000,947,CNN distance-density,1,1,0,0.883,0.74,1.0,1.0,1.0,0,0,14,39,39,16292,0.26415094339124245,0.26415094339124245,0.26415094289124247,0.9952392578124393,0.15217391304182418
very_large,200000,948,CNN distance-density,5,6,1,0.3315743797877574,0.3202258064516129,0.5206971677559913,0.0,0.8333333333333334,1,4,49,388,506,15441,0.11212814645283266,0.08828828828812921,0.09879032208752071,0.9454345703124423,0.051961823966010644
very_large,200000,949,CNN distance-density,1,1,0,0.5196969696969697,0.0,0.8484848484848485,1.0,1.0,0,0,0,29,104,16251,0.0,0.0,0.0,0.9918823242186894,0.0
very_large,200000,950,CNN distance-density,1,1,0,0.4966666666666667,0.0,0.7333333333333334,1.0,1.0,0,0,0,12,16,16356,0.0,0.0,0.0,0.998291015624939,0.0
very_large,200000,951,CNN distance-density,5,5,0,0.36475,0.1034848484848485,0.9034090909090909,0.15,1.0,4,4,18,274,512,15580,0.06164383561622725,0.033962264150879315,0.043795619979765686,0.9520263671874418,0.02238805970146469
very_large,200000,952,CNN distance-density,3,3,0,0.7499615384615385,0.45461538461538464,0.9769230769230769,1.0,1.0,0,0,53,69,311,15951,0.43442622950463583,0.1456043956039956,0.2181069955078494,0.9768066406249404,0.12240184757477506
very_large,200000,953,CNN distance-density,1,1,0,0.6614682539682539,0.26358024691358023,0.9642857142857143,1.0,1.0,0,0,0,28,28,16328,0.0,0.0,0.0,0.9965820312499392,0.0
very_large,200000,954,CNN distance-density,5,7,2,0.23957803279414536,0.1609500805152979,0.4786096256684492,0.0,0.7142857142857143,0,6,20,283,380,15701,0.06600660065984816,0.049999999999875,0.056899003776782704,0.9595336914061914,0.0292825768667214
very_large,200000,955,CNN distance-density,5,6,1,0.20252809583781056,0.03322106552357624,0.5212264150943396,0.0,0.8333333333333334,1,5,39,355,501,15489,0.09898477157335284,0.07222222222208848,0.08351177681396586,0.9477539062499422,0.04357541899436472
very_large,200000,956,CNN distance-density,1,1,0,0.8573101114235134,0.6918900343642611,0.9797979797979798,1.0,1.0,0,0,0,100,296,15988,0.0,0.0,0.0,0.9758300781249404,0.0
very_large,200000,957,CNN distance-density,4,6,2,0.1809352836879433,0.0875,0.37446808510638296,0.0,0.6666666666666667,1,1,0,450,397,15537,0.0,0.0,0.0,0.948303222656192,0.0
very_large,200000,958,CNN distance-density,5,6,1,0.4349671344468309,0.34648781199824846,0.9785714285714285,0.0,0.8333333333333334,0,2,12,258,579,15535,0.044444444444279835,0.020304568527884426,0.027874564029363804,0.948913574218692,0.01413427561835791
very_large,200000,959,CNN distance-density,3,13,10,0.11682705176801765,0.1535294117647059,0.12330946698488465,0.0,0.23076923076923073,0,12,57,716,352,15259,0.0737386804656226,0.13936430317814336,0.09644670005486844,0.9348144531249429,0.05066666666662163
very_large,200000,960,CNN distance-density,2,16,14,0.17186975483524217,0.29991055456171734,0.10800508259212194,0.011235955056179775,0.125,1,89,43,807,443,15091,0.050588235294058134,0.08847736625496198,0.06437125702204946,0.9237060546874436,0.03325599381281264
very_large,200000,961,CNN distance-density,3,14,11,0.09557563025210086,0.11666666666666667,0.1082352941176471,0.0,0.2142857142857143,0,20,38,836,305,15205,0.04347826086951547,0.11078717201133882,0.06244864380215099,0.9303588867186932,0.03223070398640184
very_large,200000,962,CNN distance-density,2,2,0,0.6834962406015038,0.30000000000000004,0.9924812030075187,1.0,1.0,0,0,14,117,351,15902,0.1068702290068178,0.038356164383456556,0.05645161251428362,0.9714355468749407,0.02904564315346671
very_large,200000,963,CNN distance-density,5,5,0,0.40522174163422175,0.3235979836168872,0.7980132450331126,0.0,1.0,1,0,97,142,495,15650,0.4058577405840759,0.16385135135107456,0.23345366986643615,0.9611206054686913,0.13215258855567827
very_large,200000,964,CNN distance-density,3,15,12,0.17813246143527833,0.29,0.13816230717639166,0.0,0.19999999999999996,1,33,48,1127,374,14835,0.04085106382975247,0.11374407582911435,0.06011271094483591,0.9083862304686945,0.03098773402192964
very_large,200000,965,CNN distance-density,4,6,2,0.30854232675278254,0.17491582491582489,0.7158176943699732,0.07999999999999999,0.6666666666666667,3,10,85,258,688,15353,0.24781341107799473,0.10996119016803368,0.15232974867789947,0.9422607421874425,0.08244422890389676
very_large,200000,966,CNN distance-density,3,5,2,0.31522529944251254,0.24499064721286945,0.6311475409836065,0.075,0.6,1,8,39,314,470,15561,0.11048158640195331,0.07662082514719722,0.09048723849528428,0.9521484374999418,0.04738760631828993
very_large,200000,967,CNN distance-density,2,19,17,0.16375086600356287,0.29721976618528345,0.09737827715355807,0.0,0.10526315789473684,0,104,32,584,121,15647,0.051948051947967616,0.20915032679601864,0.08322496717128117,0.9569702148436916,0.0434192672998054
very_large,200000,968,CNN distance-density,5,5,0,0.31981769036116864,0.055797101449275355,0.9735449735449735,0.0,1.0,1,1,17,156,396,15815,0.09826589595318921,0.041162227602805905,0.05802047739936983,0.966308593749941,0.029876977152847317
very_large,200000,969,CNN distance-density,5,8,3,0.2263494808406927,0.17792377123757533,0.41891891891891897,0.0,0.625,3,7,33,567,824,14960,0.05499999999990834,0.03850641773624445,0.045298558197718254,0.9151000976561942,0.023174157303354512
very_large,200000,970,CNN distance-density,4,6,2,0.23132115930574124,0.12744379276637338,0.5365239294710327,0.0,0.6666666666666667,0,1,16,376,447,15545,0.040816326530508124,0.03455723542109167,0.03742690008815568,0.949768066406192,0.019070321811657843
very_large,200000,971,CNN distance-density,1,1,0,0.6472389594676345,0.27228070175438596,0.8735632183908046,1.0,1.0,0,0,0,88,77,16219,0.0,0.0,0.0,0.9899291992186896,0.0
very_large,200000,972,CNN distance-density,1,1,0,0.5982500000000001,0.26,0.65625,1.0,1.0,0,0,11,11,94,16268,0.49999999997727274,0.10476190476090702,0.17322834616752433,0.9935913085936894,0.09482758620607908
very_large,200000,973,CNN distance-density,1,1,0,0.7424849755415793,0.43597484276729565,0.9814814814814815,1.0,1.0,0,0,29,26,135,16194,0.5272727272631406,0.17682926829160472,0.2648401822698443,0.9901733398436895,0.1526315789465651
very_large,200000,974,CNN distance-density,2,2,0,0.5851785714285714,0.09722222222222221,0.9571428571428572,1.0,1.0,0,0,11,45,175,16153,0.19642857142506379,0.05913978494591861,0.09090909055262618,0.9865722656249397,0.047619047618841476
very_large,200000,975,CNN distance-density,4,4,0,0.3616040542410406,0.15516273849607184,0.9589041095890412,0.0,1.0,1,0,12,128,451,15793,0.08571428571367348,0.025917926565818754,0.03980099466820679,0.964660644531191,0.020304568527884426
very_large,200000,976,CNN distance-density,2,3,1,0.2854041666666667,0.10208333333333333,0.864,0.0,0.6666666666666667,0,1,7,89,278,16010,0.07291666666590711,0.02456140350868575,0.03674540644699334,0.9776000976561903,0.018716577540056907
very_large,200000,977,CNN distance-density,5,6,1,0.2866892309594461,0.21319444444444444,0.5370919881305638,0.0,0.8333333333333334,1,1,17,313,250,15804,0.05151515151499541,0.06367041198478027,0.05695142329097189,0.965637207031191,0.029310344827535674
very_large,200000,978,CNN distance-density,5,8,3,0.19224993930406367,0.11905533063427798,0.38087520259319285,0.0,0.625,0,3,66,378,450,15490,0.14864864864831387,0.12790697674393817,0.13749999950252606,0.949462890624942,0.07382550335562212
very_large,200000,979,CNN distance-density,3,18,15,0.02853505679592635,0.0,0.059341950646298436,0.0,0.16666666666666663,0,66,13,751,98,15522,0.01701570680626045,0.117117117116062,0.02971428549268898,0.9481811523436922,0.015081206496502226
very_large,200000,980,CNN distance-density,2,2,0,0.5770994623655914,0.06499999999999999,0.989247311827957,1.0,1.0,0,0,6,87,89,16202,0.06451612903156434,0.06315789473617728,0.0638297867334201,0.9892578124999396,0.03296703296685183
very_large,200000,981,CNN distance-density,1,1,0,0.6767142857142857,0.3133333333333333,0.9285714285714286,1.0,1.0,0,0,0,14,15,16355,0.0,0.0,0.0,0.998229980468689,0.0
very_large,200000,982,CNN distance-density,1,1,0,0.51,0.0,0.8,1.0,1.0,0,0,0,24,56,16304,0.0,0.0,0.0,0.9951171874999393,0.0
very_large,200000,983,CNN distance-density,3,6,3,0.28434368771624646,0.32728320368769803,0.43533123028391163,0.0,0.5,0,12,30,232,275,15847,0.1145038167934561,0.09836065573738242,0.10582010532260826,0.9690551757811908,0.055865921787605466
very_large,200000,984,CNN distance-density,1,1,0,0.656589552238806,0.29656716417910445,0.8656716417910448,1.0,1.0,0,0,46,13,164,16161,0.779661016935938,0.21904761904657596,0.3420074345992455,0.9891967773436896,0.2062780269049046
very_large,200000,985,CNN distance-density,2,2,0,0.6084166666666667,0.195,0.8533333333333333,1.0,1.0,0,0,32,34,145,16173,0.4848484848411386,0.180790960450956,0.26337448519886875,0.9890747070311896,0.1516587677717931
very_large,200000,986,CNN distance-density,2,2,0,0.43455187286801367,0.38530405405405405,0.8058252427184466,0.0,1.0,1,0,4,78,223,16079,0.048780487804283165,0.017621145374371715,0.025889967247473326,0.98162841796869,0.013114754098317657
very_large,200000,987,CNN distance-density,4,4,0,0.584861111111111,0.1011097977410034,0.9468085106382979,1.0,1.0,0,0,36,132,402,15814,0.2142857142844388,0.08219178082173016,0.11881188078698167,0.9674072265624409,0.06315789473673131
very_large,200000,988,CNN distance-density,5,9,4,0.13503772538390335,0.061384162990968286,0.25929648241206027,0.0,0.5555555555555556,1,16,60,726,676,14922,0.0763358778624983,0.08152173913032403,0.07884362630726913,0.9144287109374442,0.04103967168259847
very_large,200000,989,CNN distance-density,4,5,1,0.5606490384615385,0.24588675213675212,0.6,1.0,0.8,0,0,4,169,213,15998,0.023121387283103347,0.018433179723417358,0.02051282001907957,0.9766845703124404,0.010362694300491289
very_large,200000,990,CNN distance-density,5,7,2,0.21880852971663362,0.1610207185942827,0.3746031746031746,0.0,0.7142857142857143,1,9,41,485,503,15355,0.07794676806068832,0.07536764705868498,0.07663551351868984,0.9396972656249426,0.039844509232225614
very_large,200000,991,CNN distance-density,5,6,1,0.18403907496012759,0.03767942583732057,0.41874999999999996,0.0,0.8333333333333334,1,2,0,294,334,15756,0.0,0.0,0.0,0.9616699218749413,0.0
very_large,200000,992,CNN distance-density,3,7,4,0.1734325460114934,0.1413609782030835,0.3348148148148148,0.0,0.4285714285714286,1,12,32,594,660,15098,0.05111821086253815,0.046242774566407165,0.04855842135246995,0.9234619140624436,0.024883359253479873
very_large,200000,993,CNN distance-density,5,5,0,0.29927777777777775,0.02757575757575757,0.9343434343434344,0.0,1.0,0,2,10,181,490,15703,0.05235602094213426,0.01999999999996,0.02894355965778744,0.9590454101561915,0.014684287812019553
very_large,200000,994,CNN distance-density,1,1,0,0.5233333333333333,0.0,0.8666666666666667,1.0,1.0,0,0,0,45,122,16217,0.0,0.0,0.0,0.9898071289061896,0.0
very_large,200000,995,CNN distance-density,2,2,0,0.7058016304347826,0.43125,0.808695652173913,1.0,1.0,0,0,31,64,240,16049,0.3263157894702493,0.11439114391101701,0.1693989067185195,0.98144531249994,0.0925373134325596
very_large,200000,996,CNN distance-density,2,2,0,0.8232279202279201,0.6203418803418803,0.9703703703703703,1.0,1.0,0,0,91,42,328,15923,0.684210526310645,0.21718377088253657,0.3297101445605637,0.9774169921874403,0.19739696312321606
very_large,200000,997,CNN distance-density,4,5,1,0.3832640202934321,0.3781624693389399,0.6654545454545455,0.0,0.8,2,0,14,240,335,15795,0.05511811023600347,0.04011461318040082,0.04643449370794453,0.964904785156191,0.023769100169738933
very_large,200000,998,CNN distance-density,1,1,0,0.61375,0.175,0.925,1.0,1.0,0,0,0,37,125,16222,0.0,0.0,0.0,0.9901123046874395,0.0
very_large,200000,999,CNN distance-density,3,3,0,0.5585759493670885,0.049999999999999996,0.930379746835443,1.0,1.0,0,0,13,147,400,15824,0.08124999999949219,0.03147699757861628,0.045375217747405806,0.9666137695311909,0.023214285714244262
very_large,200000,1000,CNN distance-density,4,4,0,0.36424492604059167,0.1543859649122807,0.9738562091503268,0.0,1.0,1,1,4,142,294,15944,0.027397260273784953,0.013422818791901266,0.01801801757653601,0.9733886718749406,0.00909090909088843
very_large,200000,1001,CNN distance-density,3,3,0,0.3011317567567568,0.009459459459459458,0.984375,0.0,1.0,1,1,12,104,322,15946,0.10344827586117716,0.03592814371246728,0.053333332950439516,0.9739990234374405,0.027397260273910054
very_large,200000,1002,CNN distance-density,3,9,6,0.12587974391889667,0.09769647696476964,0.24291497975708498,0.0,0.33333333333333337,2,7,16,455,492,15421,0.033970276008420446,0.031496062992063985,0.03268641420953403,0.9421997070311925,0.01661474558669095
very_large,200000,1003,CNN distance-density,3,4,1,0.5221223021582735,0.0,0.9856115107913669,1.0,0.75,0,0,8,115,258,16003,0.06504065040597527,0.030075187969811748,0.0411311049658144,0.9772338867186904,0.02099737532802888
very_large,200000,1004,CNN distance-density,1,1,0,0.5818333333333333,0.12999999999999998,0.8666666666666667,1.0,1.0,0,0,0,31,27,16326,0.0,0.0,0.0,0.9964599609374392,0.0
very_large,200000,1005,CNN distance-density,1,1,0,0.61375,0.175,0.925,1.0,1.0,0,0,14,24,115,16231,0.3684210526218837,0.10852713178210445,0.16766467030513824,0.9915161132811895,0.09150326797325815
very_large,200000,1006,CNN distance-density,3,3,0,0.324842873348254,0.08284023668639054,0.9378238341968912,0.0,1.0,1,0,24,167,389,15804,0.12565445026112224,0.058111380145137746,0.07947019824277993,0.966064453124941,0.04137931034475624
very_large,200000,1007,CNN distance-density,2,3,1,0.23014482200647254,0.195,0.3786407766990292,0.0,0.6666666666666667,0,1,48,146,200,15990,0.24742268041109577,0.19354838709599376,0.2171945696422268,0.9788818359374403,0.12182741116720348
very_large,200000,1008,CNN distance-density,4,5,1,0.1854724343139457,0.03346994535519126,0.452054794520548,0.0,0.8,0,4,2,234,208,15940,0.008474576271150532,0.009523809523764172,0.008968609367129872,0.9730224609374406,0.004504504504494359
very_large,200000,1009,CNN distance-density,5,5,0,0.38333750172240366,0.1721920842058142,0.9042553191489362,0.09999999999999998,1.0,2,2,46,228,541,15569,0.1678832116782194,0.07836456558760074,0.10685249666222864,0.9530639648436918,0.05644171779134179
very_large,200000,1010,CNN distance-density,2,2,0,0.6386348684210527,0.24375000000000002,0.8947368421052632,1.0,1.0,0,0,24,15,143,16202,0.6153846153688364,0.14371257484943886,0.23300970842864552,0.9903564453124395,0.1318681318674073
very_large,200000,1011,CNN distance-density,2,9,7,0.24951331533963111,0.43266666666666664,0.16295546558704455,0.0,0.2222222222222222,0,13,52,368,308,15656,0.12380952380922902,0.14444444444404322,0.13333333283595003,0.9587402343749415,0.07142857142847331
very_large,200000,1012,CNN distance-density,2,2,0,0.7007446808510638,0.34444444444444444,0.9787234042553191,1.0,1.0,0,0,3,45,148,16188,0.062499999998697923,0.0198675496687426,0.030150753402489842,0.9882202148436896,0.0153061224489015
very_large,200000,1013,CNN distance-density,1,1,0,0.5166666666666667,0.0,0.8333333333333334,1.0,1.0,0,0,0,21,25,16338,0.0,0.0,0.0,0.9971923828124392,0.0
very_large,200000,1014,CNN distance-density,1,1,0,0.7954411764705883,0.65,0.7647058823529411,1.0,1.0,0,0,0,14,56,16314,0.0,0.0,0.0,0.9957275390624392,0.0
very_large,200000,1015,CNN distance-density,4,4,0,0.3246634906231095,0.07040229885057471,0.9649122807017544,0.0,1.0,1,0,5,102,224,16053,0.0467289719621801,0.021834061135275834,0.029761904327646693,0.9801025390624402,0.015105740181223246
very_large,200000,1016,CNN distance-density,1,1,0,0.5993333333333334,0.16888888888888887,0.8666666666666667,1.0,1.0,0,0,20,20,124,16220,0.49999999998750005,0.1388888888879244,0.21739130400519852,0.9912109374999395,0.12195121951145152
very_large,200000,1017,CNN distance-density,5,6,1,0.3131364732978583,0.31037469070342877,0.4506726457399103,0.0,0.8333333333333334,1,2,19,409,323,15633,0.044392523364382264,0.05555555555539311,0.04935064885675832,0.9553222656249417,0.02529960053258948
very_large,200000,1018,CNN distance-density,1,1,0,0.7335324675324675,0.4193939393939393,0.974025974025974,1.0,1.0,0,0,15,61,63,16245,0.1973684210500346,0.19230769230522682,0.19480519430274917,0.9924316406249394,0.10791366906397185
very_large,200000,1019,CNN distance-density,3,6,3,0.3697473867595819,0.43412698412698414,0.6219512195121951,0.0,0.5,1,0,14,314,298,15758,0.042682926829138164,0.044871794871651056,0.04374999950017579,0.9626464843749413,0.02236421725236044
very_large,200000,1020,CNN distance-density,4,11,7,0.15197706884000461,0.16411764705882353,0.20880245649948825,0.0,0.36363636363636365,4,29,106,582,370,15326,0.15406976744163653,0.22268907562978427,0.18213058370871266,0.9418945312499425,0.10018903591672951
very_large,200000,1021,CNN distance-density,4,5,1,0.3461367817245301,0.22202581369248034,0.8311258278145696,0.0,0.8,2,1,96,203,597,15488,0.3210702341126386,0.13852813852793863,0.1935483866752589,0.9511718749999419,0.10714285714273757
very_large,200000,1022,CNN distance-density,2,2,0,0.4954545454545455,0.0,0.7272727272727273,1.0,1.0,0,0,0,65,154,16165,0.0,0.0,0.0,0.9866333007811897,0.0
very_large,200000,1023,CNN distance-density,2,2,0,0.3902012987012987,0.2639393939393939,0.8571428571428572,0.0,1.0,1,1,12,52,224,16096,0.18749999999707032,0.05084745762690319,0.07999999966382222,0.9831542968749399,0.041666666666521995
very_large,200000,1024,CNN distance-density,1,13,12,0.2522583454281567,0.52,0.05283018867924527,0.0,0.07692307692307687,0,37,5,475,192,15712,0.010416666666644965,0.025380710659769642,0.014771048331787873,0.9592895507811914,0.007440476190465118
very_large,200000,1025,CNN distance-density,2,2,0,0.6332104992623285,0.2138191763191763,0.9349593495934959,1.0,1.0,0,0,6,105,313,15960,0.05405405405356708,0.018808777429408122,0.02790697636104922,0.9744873046874405,0.014150943396193041
very_large,200000,1026,CNN distance-density,4,7,3,0.11182450508293204,0.0,0.27340823970037453,0.0,0.5714285714285714,1,7,52,405,312,15615,0.11378555798662192,0.14285714285675039,0.12667478635141777,0.9562377929686916,0.06762028608573782
very_large,200000,1027,CNN distance-density,3,7,4,0.13559584389497348,0.0960536398467433,0.24757281553398058,0.0,0.4285714285714286,1,1,11,601,306,15466,0.017973856209120957,0.03470031545730379,0.02368137737598562,0.9446411132811923,0.011982570806087165
very_large,200000,1028,CNN distance-density,3,5,2,0.31193499511241446,0.16797979797979798,0.8817204301075269,0.0,0.6,1,3,28,144,472,15740,0.16279069767347215,0.055999999999888,0.08333333295220381,0.9624023437499413,0.04347826086949771
very_large,200000,1029,CNN distance-density,5,7,2,0.14916315079236925,0.05590909090909091,0.2628774422735346,0.0,0.7142857142857143,0,1,29,459,362,15534,0.05942622950807495,0.07416879795377451,0.0659840723159501,0.949890136718692,0.03411764705878339
very_large,200000,1030,CNN distance-density,2,2,0,0.4568181818181818,0.0,0.5340909090909092,1.0,1.0,0,0,0,86,159,16139,0.0,0.0,0.0,0.9850463867186898,0.0
very_large,200000,1031,CNN distance-density,4,7,3,0.2865528215827072,0.24325824454591577,0.4820717131474104,0.09411764705882353,0.5714285714285714,2,17,22,388,243,15731,0.05365853658523498,0.08301886792421502,0.06518518470806475,0.9614868164061913,0.03369065849918271
very_large,200000,1032,CNN distance-density,2,2,0,0.5355681818181818,0.008333333333333323,0.9090909090909091,1.0,1.0,0,0,3,65,76,16240,0.04411764705817474,0.03797468354382311,0.04081632603285669,0.9913940429686895,0.02083333333318866
very_large,200000,1033,CNN distance-density,4,5,1,0.25188398000677736,0.11177350427350427,0.6079295154185023,0.0,0.8,0,1,4,215,272,15893,0.018264840182565002,0.014492753623135896,0.016161615668180813,0.9702758789061907,0.008146639511185038
very_large,200000,1034,CNN distance-density,1,1,0,0.7075,0.35,1.0,1.0,1.0,0,0,13,29,115,16227,0.30952380951643993,0.10156249999920655,0.1529411760967474,0.9912109374999395,0.08280254777017323
very_large,200000,1035,CNN distance-density,2,2,0,0.4327391031625627,0.319366028708134,0.9451219512195121,0.0,1.0,1,1,16,116,399,15853,0.12121212121120295,0.03855421686737698,0.058500913710403106,0.9685668945311908,0.03013182674193949
very_large,200000,1036,CNN distance-density,1,1,0,0.8698640350877193,0.7154385964912281,0.9895833333333334,1.0,1.0,0,0,14,57,54,16259,0.19718309858877206,0.20588235293814877,0.20143884841819779,0.9932250976561894,0.111999999999104
very_large,200000,1037,CNN distance-density,1,1,0,0.8014252013808977,0.6041772151898734,0.8977272727272727,1.0,1.0,0,0,0,89,80,16215,0.0,0.0,0.0,0.9896850585936896,0.0
very_large,200000,1038,CNN distance-density,1,1,0,0.7398139534883721,0.52,0.7790697674418605,1.0,1.0,0,0,0,68,87,16229,0.0,0.0,0.0,0.9905395507811895,0.0
very_large,200000,1039,CNN distance-density,1,1,0,0.5195652173913043,0.0,0.8478260869565217,1.0,1.0,0,0,17,23,126,16218,0.42499999998937504,0.11888111888028756,0.18579234938314074,0.9909057617186895,0.10240963855359995
very_large,200000,1040,CNN distance-density,4,4,0,0.5919303162342378,0.15021947873799724,0.8716577540106951,1.0,1.0,0,0,20,126,477,15761,0.13698630136892476,0.04024144869207195,0.06220839778254634,0.9631958007811912,0.032102728731890684
very_large,200000,1041,CNN distance-density,1,1,0,0.7075,0.35,1.0,1.0,1.0,0,0,0,64,64,16256,0.0,0.0,0.0,0.9921874999999394,0.0
very_large,200000,1042,CNN distance-density,2,3,1,0.158974358974359,0.0,0.46153846153846156,0.0,0.6666666666666667,0,1,28,185,160,16011,0.1314553990604157,0.14893617021197375,0.139650872319202,0.9789428710936903,0.07506702412848508
very_large,200000,1043,CNN distance-density,2,2,0,0.6148260869565217,0.26,0.7391304347826086,1.0,1.0,0,0,4,88,154,16138,0.04347826086909263,0.025316455696042302,0.031999999534592004,0.9852294921874398,0.016260162601559918
very_large,200000,1044,CNN distance-density,1,1,0,0.5737617220801364,0.09637681159420286,0.9019607843137255,1.0,1.0,0,0,0,51,47,16286,0.0,0.0,0.0,0.9940185546874393,0.0
very_large,200000,1045,CNN distance-density,5,5,0,0.5919028209109731,0.16983695652173914,0.8273809523809523,1.0,1.0,0,0,5,134,285,15960,0.03597122302132395,0.017241379310285375,0.023310022871860084,0.9744262695311905,0.011792452830160867
very_large,200000,1046,CNN distance-density,4,34,30,0.05162615542220886,0.061025025907158525,0.06200093940817286,0.0,0.11764705882352944,1,115,7,1622,616,14139,0.004297114794349725,0.01123595505616174,0.006216695869753455,0.8634033203124473,0.0031180400890854706
very_large,200000,1047,CNN distance-density,5,6,1,0.3468065981948335,0.1569247155652384,0.9642857142857143,0.0,0.8333333333333334,1,1,23,218,471,15672,0.09543568464690691,0.04655870445334705,0.06258503357267804,0.9579467773436915,0.03230337078647148
very_large,200000,1048,CNN distance-density,2,2,0,0.5545738752905784,0.016423948220064724,0.9859154929577465,1.0,1.0,0,0,14,108,201,16061,0.11475409835971513,0.06511627906946457,0.08308605295004799,0.98114013671869,0.0433436532506398
very_large,200000,1049,CNN distance-density,3,3,0,0.3699080095645685,0.18684719535783365,0.9291338582677166,0.0,1.0,1,0,8,94,316,15966,0.07843137254825067,0.02469135802461515,0.03755868508161961,0.9749755859374405,0.019138755980815457
very_large,200000,1050,CNN distance-density,1,1,0,0.6480754716981132,0.2598742138364779,0.9056603773584906,1.0,1.0,0,0,24,25,140,16195,0.48979591835735115,0.14634146341374182,0.22535211231968968,0.9899291992186896,0.12698412698345513
very_large,200000,1051,CNN distance-density,5,5,0,0.5703264208774951,0.10109329731422752,0.8741721854304636,1.0,1.0,0,0,4,114,336,15930,0.033898305084458485,0.01176470588231834,0.01746724852569555,0.9725341796874406,0.008810572687205264
very_large,200000,1052,CNN distance-density,1,1,0,0.5223148148148148,0.004320987654320967,0.8518518518518519,1.0,1.0,0,0,0,24,28,16332,0.0,0.0,0.0,0.9968261718749392,0.0
very_large,200000,1053,CNN distance-density,4,7,3,0.22382081303959833,0.20930232558139536,0.36245954692556637,0.0,0.5714285714285714,1,9,12,513,485,15374,0.02285714285709932,0.02414486921524317,0.023483365449448734,0.9390869140624427,0.011881188118800118
very_large,200000,1054,CNN distance-density,4,9,5,0.12583752998221873,0.06857617268576173,0.25266903914590744,0.0,0.4444444444444444,1,12,23,671,545,15145,0.033141210374592014,0.040492957746407585,0.036450078744229106,0.9257812499999435,0.018563357546393412
very_large,200000,1055,CNN distance-density,2,3,1,0.5554569171138939,0.13012820512820514,0.9011627906976745,1.0,0.6666666666666667,0,0,23,140,460,15761,0.14110429447766196,0.04761904761894903,0.07120742996302562,0.9633789062499412,0.03691813804167429
very_large,200000,1056,CNN distance-density,2,2,0,0.48809523809523814,0.0,0.6904761904761905,1.0,1.0,0,0,3,27,105,16249,0.09999999999666667,0.027777777777520576,0.043478260528670445,0.9919433593749394,0.022222222222057615
very_large,200000,1057,CNN distance-density,1,1,0,0.8510343680709535,0.6992682926829268,0.9318181818181819,1.0,1.0,0,0,13,32,119,16220,0.28888888888246916,0.0984848484841024,0.14689265498637047,0.9907836914061895,0.0792682926824435
very_large,200000,1058,CNN distance-density,5,6,1,0.3462909633418585,0.1746884531590414,0.7217391304347827,0.16,0.8333333333333334,2,5,33,302,429,15620,0.09850746268627311,0.07142857142841683,0.08281053903570007,0.9553833007811917,0.04319371727743038
very_large,200000,1059,CNN distance-density,4,7,3,0.2895885730321064,0.3290789473684211,0.4218009478672986,0.0,0.5714285714285714,0,6,48,545,479,15312,0.0809443507587168,0.09108159392772092,0.08571428521586895,0.9374999999999427,0.04477611940294331
very_large,200000,1060,CNN distance-density,5,6,1,0.2902228031801203,0.13142604910897593,0.7387387387387387,0.0,0.8333333333333334,1,5,15,407,547,15415,0.03554502369659823,0.02669039145902724,0.030487804388108112,0.9417724609374425,0.015479876160974737
very_large,200000,1061,CNN distance-density,2,2,0,0.509090909090909,0.0,0.7954545454545454,1.0,1.0,0,0,1,59,157,16167,0.01666666666638889,0.0063291139240105754,0.009174311527565038,0.9868164062499397,0.0046082949308543395
very_large,200000,1062,CNN distance-density,1,1,0,0.6697994652406417,0.27929292929292926,0.9705882352941176,1.0,1.0,0,0,20,15,84,16265,0.5714285714122449,0.1923076923058432,0.2877697837917292,0.9939575195311893,0.16806722688934397
very_large,200000,1063,CNN distance-density,2,2,0,0.5441176470588235,0.0,0.9705882352941176,1.0,1.0,0,0,5,61,83,16235,0.07575757575642791,0.05681818181753615,0.0649350644444257,0.9912109374999395,0.033557046979640556
very_large,200000,1064,CNN distance-density,4,11,7,0.15586404921668645,0.1575477403858426,0.24301964839710444,0.0,0.36363636363636365,1,23,24,639,507,15214,0.036199095022569835,0.04519774011290923,0.040201004531169246,0.9300537109374432,0.02051282051280298
very_large,200000,1065,CNN distance-density,1,1,0,0.8672088607594937,0.7104641350210971,0.9875,1.0,1.0,0,0,0,81,80,16223,0.0,0.0,0.0,0.9901733398436895,0.0
very_large,200000,1066,CNN distance-density,3,3,0,0.33933258839992486,0.15039787798408488,0.8582677165354331,0.0,1.0,1,0,0,99,358,15927,0.0,0.0,0.0,0.9721069335936906,0.0
very_large,200000,1067,CNN distance-density,3,3,0,0.5839367816091954,0.09074074074074073,0.9655172413793104,1.0,1.0,0,0,2,55,127,16200,0.03508771929763004,0.015503875968872064,0.02150537591877675,0.9888916015624396,0.010869565217332232
very_large,200000,1068,CNN distance-density,5,5,0,0.2855456055399812,0.07997351870241642,0.747787610619469,0.0,1.0,0,1,11,145,389,15839,0.07051282051236851,0.02749999999993125,0.03956834491989287,0.9674072265624409,0.020183486238495075
very_large,200000,1069,CNN distance-density,3,13,10,0.07954289382693444,0.0627482555018787,0.14114627887082976,0.0,0.23076923076923073,1,21,59,610,294,15421,0.08819133034366489,0.1671388101978268,0.11545988213074589,0.9448242187499423,0.06126687435092288
very_large,200000,1070,CNN distance-density,3,19,16,0.12497901928388862,0.20113297555158022,0.09339853300733492,0.0,0.1578947368421053,1,78,68,1179,456,14681,0.054530874097791074,0.12977099236616457,0.0767927720281912,0.900207519531195,0.03992953611271877
very_large,200000,1071,CNN distance-density,4,33,29,0.11664651880224186,0.20852564102564103,0.05344384109745637,0.0,0.12121212121212122,0,175,156,706,291,15231,0.1809744779580267,0.3489932885898233,0.23834988495860066,0.9391479492186926,0.13529921942746287
very_large,200000,1072,CNN distance-density,2,2,0,0.52875,0.0638888888888889,0.75,1.0,1.0,0,0,3,35,155,16191,0.07894736841897508,0.018987341772031728,0.030612244585068733,0.9884033203124396,0.015544041450696664
very_large,200000,1073,CNN distance-density,4,5,1,0.30126677476529934,0.22369724375538325,0.6030150753768844,0.0,0.8,0,1,10,389,570,15415,0.025062656641541198,0.0172413793103151,0.02042900871010319,0.9414672851561925,0.010319917440649825
very_large,200000,1074,CNN distance-density,5,8,3,0.19140255620247454,0.14804372842347527,0.31141439205955335,0.0,0.625,1,24,32,553,546,15253,0.0547008547007612,0.055363321799212176,0.055030094082898544,0.932922363281193,0.02829354553489983
very_large,200000,1075,CNN distance-density,5,5,0,0.396493130377611,0.2346970034449988,0.9543973941368078,0.0,1.0,3,0,31,215,428,15710,0.12601626016208936,0.06753812636150863,0.08794326195673859,0.9607543945311914,0.04599406528183087
very_large,200000,1076,CNN distance-density,2,2,0,0.628375,0.195,0.953125,1.0,1.0,0,0,4,59,198,16123,0.06349206349105568,0.019801980197921773,0.030188678882620154,0.9843139648436899,0.015325670498025573
very_large,200000,1077,CNN distance-density,1,1,0,0.9785067212156634,0.9597701149425287,0.9830508474576272,1.0,1.0,0,0,0,60,179,16145,0.0,0.0,0.0,0.9854125976561898,0.0
very_large,200000,1078,CNN distance-density,4,6,2,0.2532870331359143,0.22615973693502825,0.4242424242424242,0.0,0.6666666666666667,0,11,12,398,591,15383,0.029268292682855444,0.01990049751240481,0.0236920034667701,0.9396362304686926,0.011988011988000011
very_large,200000,1079,CNN distance-density,3,3,0,0.5714141414141414,0.09696969696969694,0.8888888888888888,1.0,1.0,0,0,0,78,156,16150,0.0,0.0,0.0,0.9857177734374398,0.0
very_large,200000,1080,CNN distance-density,1,1,0,0.927132183908046,0.8431800766283525,0.9885057471264368,1.0,1.0,0,0,0,87,266,16031,0.0,0.0,0.0,0.9784545898436903,0.0
very_large,200000,1081,CNN distance-density,2,2,0,0.8241111111111111,0.6209876543209876,0.9733333333333334,1.0,1.0,0,0,0,71,139,16174,0.0,0.0,0.0,0.9871826171874397,0.0
very_large,200000,1082,CNN distance-density,5,5,0,0.367204368580449,0.19612666702088094,0.8947368421052632,0.0,1.0,2,2,12,232,478,15662,0.049180327868650904,0.02448979591831737,0.032697547239997335,0.9566650390624416,0.01662049861493543
very_large,200000,1083,CNN distance-density,2,2,0,0.7223992248062016,0.39,0.9844961240310077,1.0,1.0,0,0,56,75,301,15952,0.4274809160272712,0.15686274509759984,0.22950819632760852,0.9770507812499404,0.12962962962932956
very_large,200000,1084,CNN distance-density,1,1,0,0.6510770750988142,0.24393939393939393,0.9565217391304348,1.0,1.0,0,0,6,17,30,16331,0.26086956520604915,0.16666666666203706,0.20338983002585465,0.9971313476561892,0.11320754716767534
very_large,200000,1085,CNN distance-density,2,2,0,0.7802073304357354,0.5183572567783095,0.9847328244274809,1.0,1.0,0,0,49,82,354,15899,0.3740458015238623,0.1215880893297231,0.18352059887997446,0.9733886718749406,0.10103092783484324
very_large,200000,1086,CNN distance-density,1,1,0,0.8313565573770492,0.6616666666666666,0.9180327868852459,1.0,1.0,0,0,0,62,173,16149,0.0,0.0,0.0,0.9856567382811898,0.0
very_large,200000,1087,CNN distance-density,1,1,0,0.658695652173913,0.2771014492753623,0.92,1.0,1.0,0,0,0,76,212,16096,0.0,0.0,0.0,0.98242187499994,0.0
very_large,200000,1088,CNN distance-density,4,7,3,0.13761387163561078,0.030676328502415463,0.33333333333333337,0.0,0.5714285714285714,3,1,47,448,284,15605,0.09494949494930313,0.1419939577034985,0.11380145230393858,0.9553222656249417,0.060333761232271715
very_large,200000,1089,CNN distance-density,2,14,12,0.20020691060137527,0.3443951113094353,0.15471698113207544,0.0,0.1428571428571429,0,13,105,631,405,15243,0.14266304347806705,0.20588235294077278,0.16853932535887553,0.9367675781249428,0.09202453987721997
very_large,200000,1090,CNN distance-density,3,3,0,0.5854381995713265,0.10489534545262098,0.9411764705882353,1.0,1.0,0,0,0,111,203,16070,0.0,0.0,0.0,0.9808349609374402,0.0
very_large,200000,1091,CNN distance-density,1,1,0,0.5192307692307693,0.0,0.8461538461538461,1.0,1.0,0,0,2,8,42,16332,0.19999999998,0.0454545454535124,0.07407407376954733,0.9969482421874392,0.03846153846079882
very_large,200000,1092,CNN distance-density,4,5,1,0.35403667539890454,0.19376571141277021,0.9342105263157895,0.0,0.8,2,5,25,132,411,15816,0.1592356687887947,0.057339449541152894,0.08431703165086778,0.9668579101561909,0.044014084506964764
very_large,200000,1093,CNN distance-density,2,2,0,0.5956774475524476,0.13685897435897437,0.9204545454545454,1.0,1.0,0,0,5,73,167,16139,0.06410256410174227,0.029069767441691458,0.039999999570368004,0.9853515624999398,0.020408163265222826
very_large,200000,1094,CNN distance-density,5,5,0,0.5754218409190054,0.1932451165721487,0.6923076923076923,1.0,1.0,0,0,7,182,202,15993,0.037037037036841074,0.033492822966346925,0.035175878898070764,0.9765624999999404,0.01790281329918695
very_large,200000,1095,CNN distance-density,5,7,2,0.1595184590690209,0.0,0.44044943820224725,0.0,0.7142857142857143,0,1,11,393,489,15491,0.027227722772209834,0.021999999999956,0.024336282691425532,0.9461669921874423,0.012318029115327752
very_large,200000,1096,CNN distance-density,1,1,0,0.45999999999999996,0.0,0.55,1.0,1.0,0,0,0,11,21,16352,0.0,0.0,0.0,0.998046874999939,0.0
very_large,200000,1097,CNN distance-density,1,1,0,0.6562307692307693,0.2958974358974359,0.8653846153846154,1.0,1.0,0,0,0,46,165,16173,0.0,0.0,0.0,0.9871215820311897,0.0
very_large,200000,1098,CNN distance-density,4,4,0,0.3246625838997905,0.09020397208803005,0.9203539823008849,0.0,1.0,1,0,7,202,358,15817,0.033492822966346925,0.019178082191728278,0.02439024343928542,0.965820312499941,0.012345679012323906
very_large,200000,1099,CNN distance-density,1,1,0,0.8119260651629073,0.6243859649122807,0.9047619047619048,1.0,1.0,0,0,32,32,148,16172,0.49999999999218747,0.17777777777679013,0.2622950815780704,0.9890136718749396,0.1509433962257031
very_large,200000,1100,CNN distance-density,2,2,0,0.30999324324324323,0.04887387387387386,0.94,0.0,1.0,1,1,6,78,299,16001,0.07142857142772109,0.019672131147476485,0.030848328710066684,0.9769897460936904,0.015665796344606617
very_large,200000,1101,CNN distance-density,3,4,1,0.3067849836333879,0.17938034188034188,0.7553191489361702,0.0,0.75,0,1,7,264,321,15792,0.025830258302487714,0.021341463414569082,0.023372286649691622,0.9642944335936912,0.011824324324304351
very_large,200000,1102,CNN distance-density,3,9,6,0.22130346173163856,0.30770525770525775,0.24751381215469614,0.0,0.33333333333333337,1,7,21,826,383,15154,0.024793388429722795,0.05198019801967332,0.03357314104945621,0.9262084960936935,0.017073170731693437
very_large,200000,1103,CNN distance-density,4,5,1,0.24924111135957067,0.1362980769230769,0.5395348837209302,0.0,0.8,0,1,5,174,229,15976,0.0279329608936987,0.021367521367430056,0.024213074569282827,0.9754028320311905,0.012254901960754277
very_large,200000,1104,CNN distance-density,4,34,30,0.07590707167901554,0.10990338164251208,0.07342922028766086,0.0,0.11764705882352944,1,155,0,2336,591,13457,0.0,0.0,0.0,0.8213500976561998,0.0
very_large,200000,1105,CNN distance-density,2,2,0,0.587724358974359,0.175,0.7948717948717949,1.0,1.0,0,0,3,29,128,16224,0.09374999999707033,0.022900763358603814,0.036809815634912875,0.9904174804686895,0.018749999999882815
very_large,200000,1106,CNN distance-density,1,1,0,0.7839634146341463,0.65,0.7073170731707317,1.0,1.0,0,0,0,30,132,16222,0.0,0.0,0.0,0.9901123046874395,0.0
very_large,200000,1107,CNN distance-density,5,6,1,0.25199824561403505,0.14674074074074073,0.513157894736842,0.0,0.8333333333333334,0,4,2,292,441,15649,0.006802721088412236,0.004514672686220057,0.005427407932904902,0.9552612304686917,0.0027210884353704476
very_large,200000,1108,CNN distance-density,4,7,3,0.14733066287311572,0.06121399176954731,0.31320754716981136,0.0,0.5714285714285714,0,7,0,434,390,15560,0.0,0.0,0.0,0.949707031249942,0.0
very_large,200000,1109,CNN distance-density,2,15,13,0.1918602018328899,0.3528481012658228,0.0987261146496815,0.0,0.1333333333333333,1,63,44,480,260,15600,0.08396946564869472,0.14473684210478704,0.10628019277175663,0.9548339843749417,0.056122448979520255
very_large,200000,1110,CNN distance-density,5,8,3,0.23822023114152202,0.2439236111111111,0.3297730307076101,0.0,0.625,1,17,16,600,630,15138,0.025974025973983808,0.0247678018575468,0.025356576362365983,0.9249267578124435,0.01284109149276658
very_large,200000,1111,CNN distance-density,4,6,2,0.16060568254695037,0.06541745730550283,0.3225058004640371,0.0,0.6666666666666667,0,1,12,396,292,15684,0.029411764705810264,0.039473684210396466,0.03370786467911249,0.9580078124999415,0.017142857142832653
very_large,200000,1112,CNN distance-density,3,3,0,0.4521188118811881,0.36444444444444446,0.9405940594059405,0.0,1.0,0,1,25,71,238,16050,0.26041666666395397,0.0950570342201709,0.13927576562413388,0.98114013671869,0.0748502994009735
very_large,200000,1113,CNN distance-density,4,9,5,0.1350706934346226,0.08247126436781609,0.26757090012330453,0.0,0.4444444444444444,0,14,13,585,252,15534,0.021739130434746255,0.049056603773399786,0.030127461915047487,0.948913574218692,0.01529411764704083
very_large,200000,1114,CNN distance-density,5,7,2,0.17118905552651686,0.05313131313131311,0.3792569659442725,0.0,0.7142857142857143,0,2,3,599,425,15357,0.004983388704310659,0.007009345794376147,0.005825242232704349,0.9374999999999427,0.0029211295034051402
very_large,200000,1115,CNN distance-density,4,6,2,0.24708994989819769,0.21975596041385517,0.4076655052264808,0.0,0.6666666666666667,1,5,25,489,515,15355,0.04863813229562522,0.046296296296210564,0.047438329670992235,0.9387207031249427,0.024295432458674153
very_large,200000,1116,CNN distance-density,4,11,7,0.22772068886937052,0.32478127345262076,0.226027397260274,0.0,0.36363636363636365,0,2,42,988,698,14656,0.04077669902908662,0.05675675675668006,0.047457626632012515,0.8970947265624453,0.02430555555554149
very_large,200000,1117,CNN distance-density,2,2,0,0.5861521739130435,0.09,0.9782608695652174,1.0,1.0,0,0,0,42,156,16186,0.0,0.0,0.0,0.9879150390624397,0.0
very_large,200000,1118,CNN distance-density,1,1,0,0.6478150684931506,0.256255707762557,0.9125,1.0,1.0,0,0,0,81,224,16079,0.0,0.0,0.0,0.98138427734369,0.0
very_large,200000,1119,CNN distance-density,5,7,2,0.2672703139996525,0.20189271691333605,0.5249500998003992,0.0,0.7142857142857143,1,5,18,432,467,15467,0.039999999999911114,0.03711340206177915,0.038502673297409716,0.9451293945311923,0.01962922573607456
very_large,200000,1120,CNN distance-density,5,7,2,0.19610996667284247,0.10753941211212575,0.38144329896907214,0.0,0.7142857142857143,2,1,22,490,367,15505,0.04296874999991608,0.05655526992273379,0.04883462770010878,0.9476928710936922,0.025028441410665497
very_large,200000,1121,CNN distance-density,1,1,0,0.8210180722891566,0.6451004016064257,0.9036144578313253,1.0,1.0,0,0,0,76,84,16224,0.0,0.0,0.0,0.9902343749999395,0.0
very_large,200000,1122,CNN distance-density,3,11,8,0.0524155844155844,0.0,0.12571428571428567,0.0,0.2727272727272727,1,5,37,676,327,15344,0.05189340813456957,0.1016483516480724,0.0687093774539545,0.9387817382811927,0.03557692307688887
very_large,200000,1123,CNN distance-density,1,1,0,0.7199682539682539,0.3935802469135802,0.9642857142857143,1.0,1.0,0,0,0,29,28,16327,0.0,0.0,0.0,0.9965209960936892,0.0
very_large,200000,1124,CNN distance-density,3,4,1,0.3826822139303483,0.33879629629629626,0.7761194029850746,0.0,0.75,0,1,3,128,104,16149,0.022900763358603814,0.02803738317730806,0.025210083538485993,0.9858398437499398,0.012765957446754189
very_large,200000,1125,CNN distance-density,4,4,0,0.5357607417458163,0.023636363636363636,0.8756218905472637,1.0,1.0,0,0,25,125,541,15693,0.16666666666555557,0.044169611307342455,0.06983240190322555,0.9593505859374414,0.036179450072306545
very_large,200000,1126,CNN distance-density,4,3,1,0.5037234042553191,0.0,0.8936170212765957,1.0,0.75,0,0,14,67,199,16104,0.17283950617070568,0.06572769953020785,0.0952380948382387,0.9837646484374399,0.04999999999982143
very_large,200000,1127,CNN distance-density,5,5,0,0.30136928289102205,0.06653491436100131,0.8571428571428572,0.0,1.0,1,0,5,151,323,15905,0.032051282051076595,0.015243902438977915,0.020661156587852617,0.9710693359374407,0.01043841336114731
very_large,200000,1128,CNN distance-density,4,5,1,0.2661073691967576,0.11790338164251207,0.6652542372881356,0.0,0.8,0,2,17,185,482,15700,0.08415841584116754,0.03406813627247682,0.048502139389899494,0.9592895507811914,0.024853801169554306
very_large,200000,1129,CNN distance-density,2,11,9,0.11765890662735322,0.16367313915857604,0.1291208791208791,0.0,0.18181818181818177,0,8,22,937,419,15006,0.022940563086524566,0.04988662131507962,0.03142857099697654,0.917236328124944,0.01596516690855155
very_large,200000,1130,CNN distance-density,3,10,7,0.3023291626564004,0.0,0.11164581328200196,1.0,0.30000000000000004,0,0,39,880,328,15137,0.042437431991248706,0.10626702997246248,0.06065318777243264,0.9262695312499435,0.031275060144321354
very_large,200000,1131,CNN distance-density,5,7,2,0.2444302514978663,0.17614119922630558,0.4686907020872866,0.0,0.7142857142857143,1,7,13,448,570,15353,0.028199566160459436,0.022298456260682165,0.024904214066167198,0.9378662109374427,0.012609117361772445
very_large,200000,1132,CNN distance-density,5,5,0,0.5468379446640316,0.0,0.9841897233201581,1.0,1.0,0,0,15,228,528,15613,0.06172839506147437,0.02762430939221432,0.038167938504040176,0.9538574218749417,0.019455252918262705
very_large,200000,1133,CNN distance-density,5,10,5,0.18026737796242093,0.1409187675070028,0.3342696629213483,0.0,0.5,1,26,26,831,727,14800,0.030338389731586538,0.034528552456793454,0.032298136148008964,0.9049072265624447,0.016414141414131053
very_large,200000,1134,CNN distance-density,2,15,13,0.0643661829609489,0.0821969696969697,0.070221066319896,0.0,0.1333333333333333,0,25,25,960,85,15314,0.02538071065987271,0.22727272727066114,0.04566210027580742,0.9362182617186928,0.023364485981286577
very_large,200000,1135,CNN distance-density,2,2,0,0.5588767605633803,0.195,0.6056338028169015,1.0,1.0,0,0,0,68,95,16221,0.0,0.0,0.0,0.9900512695311895,0.0
very_large,200000,1136,CNN distance-density,4,5,1,0.583647847644805,0.2912055192447349,0.6130268199233717,1.0,0.8,0,0,1,262,275,15846,0.0038022813688068356,0.003623188405783974,0.0037105746394237235,0.9672241210936909,0.0018587360594760991
very_large,200000,1137,CNN distance-density,5,6,1,0.27472790837854133,0.1753212778782399,0.5625,0.0,0.8333333333333334,1,3,52,385,603,15344,0.11899313501116936,0.07938931297697803,0.09523809475784763,0.9396972656249426,0.04999999999995192
very_large,200000,1138,CNN distance-density,4,4,0,0.5450726744186046,0.009722222222222219,0.9534883720930233,1.0,1.0,0,0,6,125,240,16013,0.04580152671720763,0.02439024390233988,0.03183023827314624,0.9777221679686903,0.01617250673850088
very_large,200000,1139,CNN distance-density,1,1,0,0.9585483870967743,0.9222222222222223,0.967741935483871,1.0,1.0,0,0,0,32,95,16257,0.0,0.0,0.0,0.9922485351561894,0.0
very_large,200000,1140,CNN distance-density,1,1,0,0.7075,0.35,1.0,1.0,1.0,0,0,2,14,15,16353,0.1249999999921875,0.117647058816609,0.12121212070523417,0.998229980468689,0.0645161290301769
very_large,200000,1141,CNN distance-density,5,7,2,0.17834556747600228,0.059983896940418675,0.39962121212121215,0.0,0.7142857142857143,1,5,7,477,479,15421,0.01446280991732549,0.014403292181040323,0.014432989190694034,0.9416503906249425,0.007268951194177291
very_large,200000,1142,CNN distance-density,1,1,0,0.6454761904761904,0.23333333333333334,0.9523809523809523,1.0,1.0,0,0,0,22,65,16297,0.0,0.0,0.0,0.9946899414061893,0.0
very_large,200000,1143,CNN distance-density,2,3,1,0.3033180489101542,0.1442982456140351,0.8585858585858586,0.0,0.6666666666666667,1,1,9,89,155,16131,0.09183673469294044,0.054878048780153184,0.06870228960754035,0.9851074218749398,0.03557312252950366
very_large,200000,1144,CNN distance-density,4,5,1,0.28736276708137165,0.1215683605565638,0.7632850241545894,0.0,0.8,1,3,5,197,156,16026,0.024752475247402216,0.03105590062092512,0.027548208872618003,0.9784545898436903,0.013966480446888363
very_large,200000,1145,CNN distance-density,1,1,0,0.7732444219066937,0.5497385620915033,0.8793103448275862,1.0,1.0,0,0,0,59,162,16163,0.0,0.0,0.0,0.9865112304686897,0.0
very_large,200000,1146,CNN distance-density,4,6,2,0.36643589743589744,0.31837606837606836,0.7825,0.0,0.6666666666666667,3,3,33,348,545,15458,0.08661417322811912,0.05709342560543756,0.0688216887806011,0.9454956054686923,0.03563714902803927
very_large,200000,1147,CNN distance-density,1,1,0,0.6614682539682539,0.26358024691358023,0.9642857142857143,1.0,1.0,0,0,0,57,55,16272,0.0,0.0,0.0,0.9931640624999394,0.0
very_large,200000,1148,CNN distance-density,4,15,11,0.26274200556134863,0.45854978354978354,0.14863968148639684,0.0,0.2666666666666667,0,52,58,957,473,14896,0.057142857142800846,0.10922787193953065,0.07503234107542815,0.9127197265624443,0.03897849462362972
very_large,200000,1149,CNN distance-density,2,2,0,0.7509038461538461,0.45499999999999996,0.9807692307692307,1.0,1.0,0,0,53,102,429,15800,0.3419354838687617,0.10995850622383826,0.16640502317911915,0.9675903320311909,0.09075342465737885
very_large,200000,1150,CNN distance-density,3,2,1,0.4625441593278672,0.023298298298298298,0.9269662921348315,0.8,0.6666666666666667,1,1,24,132,316,15912,0.15384615384516767,0.07058823529391003,0.09677419311680542,0.9726562499999406,0.050847457627010914
very_large,200000,1151,CNN distance-density,3,5,2,0.3142411067193676,0.32343434343434346,0.5434782608695652,0.0,0.6,1,1,31,186,292,15875,0.14285714285648454,0.09597523219784528,0.1148148143336557,0.9708251953124407,0.0609037328093106
very_large,200000,1152,CNN distance-density,5,5,0,0.3203538433111604,0.10695915797541812,0.8611111111111112,0.0,1.0,2,1,34,166,489,15695,0.16999999999915,0.06500956022932121,0.0940525583823817,0.9600219726561914,0.04934687953548716
very_large,200000,1153,CNN distance-density,1,1,0,0.7074999999999999,0.3499999999999999,1.0,1.0,1.0,0,0,0,52,46,16286,0.0,0.0,0.0,0.9940185546874393,0.0
very_large,200000,1154,CNN distance-density,4,6,2,0.1522420554428668,0.0611764705882353,0.29022988505747127,0.0,0.6666666666666667,0,2,0,318,245,15821,0.0,0.0,0.0,0.965637207031191,0.0
very_large,200000,1155,CNN distance-density,1,1,0,0.6532671232876712,0.290365296803653,0.863013698630137,1.0,1.0,0,0,0,64,74,16246,0.0,0.0,0.0,0.9915771484374395,0.0
very_large,200000,1156,CNN distance-density,2,26,24,0.12286415243795107,0.2365942028985507,0.04352226720647778,0.0,0.07692307692307687,0,40,30,1060,106,15188,0.027522935779791265,0.2205882352924957,0.04893964091196985,0.9288330078124433,0.025083612040112807
very_large,200000,1157,CNN distance-density,5,7,2,0.20967032967032967,0.12893772893772892,0.4010989010989011,0.0,0.7142857142857143,0,3,14,474,383,15513,0.02868852459010515,0.035264483627115206,0.03163841758431103,0.9476928710936922,0.01607347876002747
very_large,200000,1158,CNN distance-density,2,2,0,0.5884219219219219,0.28358024691358025,0.5540540540540541,1.0,1.0,0,0,0,70,101,16213,0.0,0.0,0.0,0.9895629882811896,0.0
very_large,200000,1159,CNN distance-density,3,3,0,0.3336567073032818,0.20887089518668464,0.6983240223463687,0.0,1.0,3,0,6,99,259,16020,0.057142857142312924,0.022641509433876824,0.03243243202575603,0.9781494140624403,0.0164835164834712
very_large,200000,1160,CNN distance-density,1,1,0,0.5166666666666667,0.0,0.8333333333333334,1.0,1.0,0,0,0,24,21,16339,0.0,0.0,0.0,0.9972534179686892,0.0
very_large,200000,1161,CNN distance-density,5,5,0,0.3529420289855073,0.16209339774557166,0.9,0.0,1.0,0,1,6,118,166,16094,0.04838709677380333,0.03488372093002975,0.04054054005341491,0.98266601562494,0.02068965517234245
very_large,200000,1162,CNN distance-density,1,1,0,0.7868461538461539,0.5605128205128205,0.9230769230769231,1.0,1.0,0,0,21,24,122,16217,0.46666666665629636,0.14685314685211992,0.22340425495263697,0.9910888671874395,0.125748502993259
very_large,200000,1163,CNN distance-density,1,1,0,0.6612037037037037,0.26358024691358023,0.962962962962963,1.0,1.0,0,0,14,13,76,16281,0.5185185184993141,0.15555555555382716,0.23931623895711887,0.9945678710936893,0.13592233009576773
very_large,200000,1164,CNN distance-density,5,6,1,0.3771516173286392,0.24155385861390719,0.9255952380952381,0.0,0.8333333333333334,1,2,21,284,830,15249,0.0688524590161677,0.024676850763778287,0.0363321795422753,0.932006835937443,0.018502202643155503
very_large,200000,1165,CNN distance-density,2,3,1,0.6334998420894722,0.343237639553429,0.8118811881188119,1.0,0.6666666666666667,0,0,0,99,176,16109,0.0,0.0,0.0,0.9832153320311899,0.0
very_large,200000,1166,CNN distance-density,2,2,0,0.6086079545454545,0.15246212121212122,0.95,1.0,1.0,0,0,2,37,83,16262,0.05128205128073636,0.023529411764429065,0.03225806408441728,0.9926757812499394,0.016393442622816445
very_large,200000,1167,CNN distance-density,5,5,0,0.25752895752895755,0.0,0.7876447876447876,0.0,1.0,1,5,0,236,609,15539,0.0,0.0,0.0,0.948425292968692,0.0
very_large,200000,1168,CNN distance-density,2,1,1,0.579404031551271,0.380952380952381,0.5398773006134969,1.0,0.5,0,0,0,89,241,16054,0.0,0.0,0.0,0.9798583984374402,0.0
very_large,200000,1169,CNN distance-density,5,6,1,0.17205619019617685,0.03430401078530502,0.3664302600472813,0.0,0.8333333333333334,0,2,2,377,402,15603,0.005277044854867343,0.004950495049492697,0.005108556333191479,0.9524536132811918,0.002560819462224634
very_large,200000,1170,CNN distance-density,3,3,0,0.6630429711479435,0.26839506172839506,0.9613259668508287,1.0,1.0,0,0,0,184,453,15747,0.0,0.0,0.0,0.9611206054686913,0.0
very_large,200000,1171,CNN distance-density,3,3,0,0.6082995951417004,0.14358974358974358,0.968421052631579,1.0,1.0,0,0,8,79,146,16151,0.0919540229874488,0.051948051947714624,0.06639004103186928,0.9862670898436898,0.03433476394835049
very_large,200000,1172,CNN distance-density,4,5,1,0.7214648819151703,0.4688379489713811,0.9024390243902439,1.0,0.8,0,0,1,207,399,15777,0.004807692307669194,0.0024999999999937503,0.003289473234061263,0.9630126953124412,0.0016474464579874014
very_large,200000,1173,CNN distance-density,4,23,19,0.05819602193447562,0.05986842105263157,0.06931964056482665,0.0,0.17391304347826086,0,146,13,902,392,15077,0.014207650273208517,0.03209876543201951,0.01969696927157829,0.9210205078124437,0.009946442234116337
very_large,200000,1174,CNN distance-density,5,7,2,0.20422756211779708,0.130119722747322,0.37122557726465366,0.0,0.7142857142857143,1,5,0,474,563,15347,0.0,0.0,0.0,0.9367065429686928,0.0
very_large,200000,1175,CNN distance-density,5,5,0,0.228539653784219,0.017330917874396123,0.6037037037037036,0.0,1.0,1,1,8,138,404,15834,0.054794520547569905,0.01941747572810821,0.0286738347389679,0.9669189453124409,0.0145454545454281
very_large,200000,1176,CNN distance-density,2,2,0,0.6359642857142856,0.195,0.9910714285714286,1.0,1.0,0,0,52,61,230,16041,0.4601769911463701,0.1843971631199135,0.26329113883070027,0.98223876953119,0.15160349854183205
very_large,200000,1177,CNN distance-density,4,5,1,0.3216301720978434,0.28496562993013297,0.5669781931464175,0.0,0.8,0,1,7,311,285,15781,0.02201257861628298,0.023972602739643932,0.022950819172964272,0.9636230468749412,0.011608623548902805
very_large,200000,1178,CNN distance-density,3,5,2,0.2106908831908832,0.15000000000000002,0.41595441595441596,0.0,0.6,0,2,10,310,486,15578,0.031249999999902345,0.020161290322539997,0.02450980344476885,0.9514160156249419,0.012406947890803465
very_large,200000,1179,CNN distance-density,1,1,0,0.6924705882352941,0.3427450980392156,0.9411764705882353,1.0,1.0,0,0,9,40,43,16292,0.18367346938400667,0.17307692307359468,0.1782178212790903,0.9949340820311893,0.09782608695545841
very_large,200000,1180,CNN distance-density,3,3,0,0.5634615384615385,0.12564102564102564,0.7846153846153846,1.0,1.0,0,0,4,46,194,16140,0.0799999999984,0.020202020201918174,0.03225806419393861,0.9853515624999398,0.016393442622883635
very_large,200000,1181,CNN distance-density,4,6,2,0.2755558810790243,0.20221291866028707,0.46446700507614214,0.1,0.6666666666666667,1,8,57,284,509,15534,0.16715542521945118,0.10070671378074081,0.12568908442575147,0.9515991210936919,0.06705882352933287
very_large,200000,1182,CNN distance-density,3,3,0,0.5915156325156326,0.14987012987012985,0.8703703703703703,1.0,1.0,0,0,0,81,242,16061,0.0,0.0,0.0,0.9802856445311902,0.0
very_large,200000,1183,CNN distance-density,4,5,1,0.32258004688028613,0.22318063677712796,0.7107438016528926,0.0,0.8,2,3,29,197,415,15743,0.1283185840702287,0.06531531531516821,0.08656716373177992,0.9626464843749413,0.045241809672316315
very_large,200000,1184,CNN distance-density,3,21,18,0.10189724097970762,0.1488934755188625,0.10304731355252605,0.0,0.1428571428571429,0,27,68,1695,320,14301,0.0385706182643003,0.1752577319583112,0.06322640602689417,0.8770141601561965,0.03264522323570204
very_large,200000,1185,CNN distance-density,3,3,0,0.5903072289156627,0.19666666666666666,0.7590361445783133,1.0,1.0,0,0,1,58,207,16118,0.016949152542085608,0.004807692307669194,0.0074906363597750155,0.9838256835936899,0.0037593984962264685
very_large,200000,1186,CNN distance-density,3,23,20,0.07378278539223462,0.10762273901808786,0.0615453728661276,0.0,0.13043478260869568,0,86,76,598,240,15470,0.11275964391674664,0.24050632911316297,0.15353535310042649,0.948852539062442,0.08315098468262237
very_large,200000,1187,CNN distance-density,4,6,2,0.18163935119245053,0.08940809968847352,0.3736951983298539,0.0,0.6666666666666667,0,1,22,454,483,15425,0.04621848739486089,0.0435643564355573,0.04485219114152798,0.9428100585936924,0.022940563086524566
very_large,200000,1188,CNN distance-density,2,3,1,0.4089301801801801,0.04887387387387386,0.3513513513513513,1.0,0.6666666666666667,0,0,20,120,146,16098,0.14285714285612247,0.12048192771011759,0.13071895375112136,0.9837646484374399,0.06993006992982542
very_large,200000,1189,CNN distance-density,3,3,0,0.650319578827547,0.2973015873015873,0.8326693227091634,1.0,1.0,0,0,28,183,740,15433,0.13270142180031896,0.03645833333328586,0.05720122540228559,0.9436645507811924,0.029442691903228766
very_large,200000,1190,CNN distance-density,1,1,0,0.6714314145744029,0.2823671497584541,0.971830985915493,1.0,1.0,0,0,0,71,70,16243,0.0,0.0,0.0,0.9913940429686895,0.0
very_large,200000,1191,CNN distance-density,2,2,0,0.475,0.0,0.625,1.0,1.0,0,0,0,19,63,16302,0.0,0.0,0.0,0.9949951171874393,0.0
very_large,200000,1192,CNN distance-density,5,8,3,0.1285417366946779,0.026000000000000002,0.2717086834733894,0.0,0.625,1,1,56,550,421,15357,0.09240924092393991,0.11740041928696562,0.10341643533331117,0.9407348632811926,0.05452775073022928
very_large,200000,1193,CNN distance-density,4,5,1,0.334495236776384,0.11235282819552482,0.7071823204419889,0.25,0.8,2,4,7,338,604,15435,0.020289855072404956,0.011456628477886322,0.014644351003114018,0.9425048828124425,0.007376185458369467
very_large,200000,1194,CNN distance-density,4,6,2,0.2542499763674998,0.17129117021291168,0.5525114155251142,0.0,0.6666666666666667,1,7,31,370,596,15387,0.0773067331668895,0.04944178628381269,0.06031128357074104,0.9410400390624425,0.03109327983948737
very_large,200000,1195,CNN distance-density,3,4,1,0.48943193827943354,0.10302144249512671,0.5903614457831325,1.0,0.75,0,0,0,167,279,15938,0.0,0.0,0.0,0.9727783203124406,0.0
very_large,200000,1196,CNN distance-density,5,6,1,0.2613824989243346,0.16438651218062983,0.5203761755485894,0.0,0.8333333333333334,1,4,16,276,472,15620,0.054794520547757554,0.03278688524583445,0.041025640557107175,0.9543457031249417,0.02094240837693594
very_large,200000,1197,CNN distance-density,5,6,1,0.27122436565867225,0.15476190476190477,0.5912408759124088,0.0,0.8333333333333334,1,1,2,255,214,15913,0.007782101167284895,0.009259259259216392,0.008456659123171366,0.9713745117186907,0.004246284501052556
very_large,200000,1198,CNN distance-density,5,5,0,0.6147196727853151,0.16865079365079363,0.9441340782122905,1.0,1.0,0,0,6,156,468,15754,0.03703703703680841,0.012658227848074561,0.01886792414857008,0.9619140624999413,0.009523809523794407
very_large,200000,1199,CNN distance-density,4,4,0,0.4035934769947582,0.34901960784313724,0.7326732673267327,0.0,1.0,1,0,9,58,281,16036,0.13432835820695033,0.031034482758513674,0.05042016776203815,0.9793090820311902,0.025862068965442925
very_large,200000,0,Hough transform baseline,1,1,0,0.8738824451410658,0.7427272727272727,0.9482758620689655,1.0,1.0,0,0,42,1,162,16179,0.9767441860237968,0.20588235294016724,0.3400809713696012,0.9900512695311895,0.2048780487794884
very_large,200000,1,Hough transform baseline,2,2,0,0.9783333333333333,0.961111111111111,0.9791666666666666,1.0,1.0,0,0,98,0,122,16164,0.9999999999897958,0.44545454545252067,0.616352200827578,0.9925537109374394,0.44545454545252067
very_large,200000,2,Hough transform baseline,2,3,1,0.5075801815143921,0.6905661881977672,0.6507936507936508,0.0,0.6666666666666667,0,1,109,0,155,16120,0.9999999999908257,0.412878787877224,0.5844504017279791,0.9905395507811895,0.412878787877224
very_large,200000,3,Hough transform baseline,4,5,1,0.8209031422238198,0.6983725071225071,0.883177570093458,1.0,0.8,0,0,189,6,372,15817,0.9692307692257989,0.33689839572132463,0.4999999996158667,0.9769287109374404,0.33333333333274545
very_large,200000,4,Hough transform baseline,4,5,1,0.632757463137599,0.8944408795113021,0.7512953367875648,0.0,0.8,0,1,304,52,400,15628,0.8539325842672643,0.4318181818175684,0.5735849052131862,0.9724121093749406,0.40211640211587024
very_large,200000,5,Hough transform baseline,5,5,0,0.6878937819231623,0.757438596491228,0.8185654008438819,0.3333333333333333,1.0,1,3,203,36,265,15880,0.8493723849336847,0.4337606837597569,0.5742574252934066,0.98162841796869,0.40277777777697865
very_large,200000,6,Hough transform baseline,1,1,0,0.805610294117647,0.5941666666666666,0.9411764705882353,1.0,1.0,0,0,34,1,67,16282,0.9714285714008164,0.3366336633630036,0.49999999961040226,0.9958496093749392,0.3333333333300654
very_large,200000,7,Hough transform baseline,4,5,1,0.6323932350718064,0.8556584362139917,0.8367346938775511,0.0,0.8,0,1,225,0,58,16101,0.9999999999955556,0.7950530035307596,0.8858267711565736,0.9964599609374392,0.7950530035307596
very_large,200000,8,Hough transform baseline,3,3,0,0.9106190476190476,0.9177777777777778,0.9880952380952381,0.8,1.0,1,1,170,0,84,16130,0.9999999999941177,0.6692913385800422,0.8018867919686722,0.9948730468749393,0.6692913385800422
very_large,200000,9,Hough transform baseline,2,3,1,0.5300503370503371,0.7474592074592075,0.6351351351351351,0.0,0.6666666666666667,0,1,66,0,66,16252,0.9999999999848485,0.49999999999621214,0.6666666662154882,0.9959716796874392,0.49999999999621214
very_large,200000,10,Hough transform baseline,4,6,2,0.463963667245451,0.6100379506641367,0.6138996138996139,0.0,0.6666666666666667,0,1,201,36,260,15887,0.8481012658192063,0.4360086767886421,0.5759312316415341,0.98193359374994,0.40442655935532307
very_large,200000,11,Hough transform baseline,4,8,4,0.5611798679867988,0.7685185185185186,0.8267326732673268,0.0,0.5,0,3,184,15,289,15896,0.9246231155732432,0.38900634249389215,0.547619047200543,0.98144531249994,0.3770491803270962
very_large,200000,12,Hough transform baseline,5,8,3,0.5963137399732236,0.8200037997734124,0.6240601503759399,0.16,0.625,1,5,307,80,336,15661,0.7932816537447203,0.4774494556757738,0.5961165043840984,0.9746093749999405,0.4246196403866879
very_large,200000,13,Hough transform baseline,5,5,0,0.6616226629105886,0.8500837679785047,0.8954248366013072,0.0,1.0,0,1,123,5,210,16046,0.9609374999924928,0.36936936936826015,0.5336225592494859,0.9868774414061897,0.36390532544271037
very_large,200000,14,Hough transform baseline,3,6,3,0.6982869623655914,0.852824074074074,0.8225806451612903,0.4,0.5,1,2,117,4,170,16093,0.9669421487523393,0.4076655052250604,0.5735294113446631,0.9893798828124396,0.40206185566872144
very_large,200000,15,Hough transform baseline,2,2,0,0.9381976744186047,0.8833333333333334,0.9534883720930233,1.0,1.0,0,0,45,0,42,16297,0.9999999999777779,0.5172413793043995,0.6818181813584709,0.997436523437439,0.5172413793043995
very_large,200000,16,Hough transform baseline,3,4,1,0.5116024767801858,0.6075610595115238,0.8160000000000001,0.0,0.75,0,1,119,0,112,16153,0.9999999999915966,0.515151515149285,0.6799999995473143,0.9931640624999394,0.515151515149285
very_large,200000,17,Hough transform baseline,4,7,3,0.6880957962434823,0.8592326521924223,0.5964912280701755,0.5,0.5714285714285714,1,2,234,90,323,15737,0.7222222222199932,0.4201077199274325,0.5312145284781482,0.9747924804686905,0.3616692426578645
very_large,200000,18,Hough transform baseline,3,3,0,0.9832333767926988,0.9695784441547153,0.9846153846153847,1.0,1.0,0,0,129,0,120,16135,0.9999999999922481,0.518072289154546,0.6825396820864618,0.9926757812499394,0.518072289154546
very_large,200000,19,Hough transform baseline,2,2,0,0.9399528301886793,0.8833333333333334,0.9622641509433962,1.0,1.0,0,0,55,0,42,16287,0.9999999999818182,0.5670103092725051,0.7236842100549687,0.997436523437439,0.5670103092725051
very_large,200000,20,Hough transform baseline,1,1,0,1.0,1.0,1.0,1.0,1.0,0,0,65,0,0,16319,0.9999999999846153,0.9999999999846153,0.9999999994846154,0.9999999999999389,0.9999999999846153
very_large,200000,21,Hough transform baseline,4,12,8,0.3859623563218391,0.6722126436781609,0.2506666666666667,0.0,0.33333333333333337,0,20,317,275,336,15456,0.5354729729720684,0.48545176110185995,0.5092369472915469,0.9627075195311913,0.3415948275858388
very_large,200000,22,Hough transform baseline,3,3,0,0.8671944444444445,0.783888888888889,0.8222222222222222,1.0,1.0,0,0,93,17,78,16196,0.8454545454468595,0.5438596491196266,0.6619217077039043,0.9942016601561893,0.4946808510611985
very_large,200000,23,Hough transform baseline,1,1,0,1.0,1.0,1.0,1.0,1.0,0,0,43,0,0,16341,0.9999999999767443,0.9999999999767443,0.9999999994767443,0.9999999999999389,0.9999999999767443
very_large,200000,24,Hough transform baseline,1,1,0,1.0,1.0,1.0,1.0,1.0,0,0,60,0,0,16324,0.9999999999833334,0.9999999999833334,0.9999999994833335,0.9999999999999389,0.9999999999833334
very_large,200000,25,Hough transform baseline,4,4,0,0.8273121929931393,0.7266702977487292,0.7515527950310559,1.0,1.0,0,0,106,38,149,16091,0.7361111111059992,0.4156862745081738,0.5313283203380381,0.9885864257811896,0.361774744026069
very_large,200000,26,Hough transform baseline,1,1,0,1.0,1.0,1.0,1.0,1.0,0,0,18,0,0,16366,0.9999999999444444,0.9999999999444444,0.9999999994444444,0.9999999999999389,0.9999999999444444
very_large,200000,27,Hough transform baseline,3,3,0,0.974285563305855,0.9539679184574555,0.975,1.0,1.0,0,0,163,0,284,15937,0.9999999999938651,0.36465324384705894,0.534426229114824,0.98266601562494,0.36465324384705894
very_large,200000,28,Hough transform baseline,4,4,0,0.9766392441628816,0.9543913857677904,0.9858156028368794,1.0,1.0,0,0,145,0,184,16055,0.9999999999931035,0.4407294832813352,0.6118143455643238,0.9887695312499396,0.4407294832813352
very_large,200000,29,Hough transform baseline,1,1,0,1.0,1.0,1.0,1.0,1.0,0,0,15,0,0,16369,0.9999999999333333,0.9999999999333333,0.9999999994333333,0.9999999999999389,0.9999999999333333
very_large,200000,30,Hough transform baseline,2,2,0,0.9139772727272727,0.825,0.9636363636363636,1.0,1.0,0,0,57,0,28,16299,0.9999999999824563,0.6705882352862284,0.8028169009165841,0.998291015624939,0.6705882352862284
very_large,200000,31,Hough transform baseline,3,5,2,0.5766055612866052,0.8217535153019024,0.7340823970037453,0.0,0.6,0,1,208,32,321,15823,0.8666666666630556,0.39319470699358566,0.5409622882558166,0.9784545898436903,0.37076648841288634
very_large,200000,32,Hough transform baseline,4,4,0,0.9480749173476389,0.8979442607725311,0.97,1.0,1.0,0,0,204,0,244,15936,0.9999999999950981,0.45535714285612644,0.6257668707337498,0.9851074218749398,0.45535714285612644
very_large,200000,33,Hough transform baseline,3,3,0,0.8859868724090281,0.7918803418803418,0.8982035928143712,1.0,1.0,0,0,146,14,235,15989,0.912499999994297,0.383202099736527,0.5397412195444733,0.9848022460936898,0.36962025316362124
very_large,200000,34,Hough transform baseline,3,3,0,0.9564942528735633,0.9144316730523627,0.975,1.0,1.0,0,0,157,0,169,16058,0.9999999999936307,0.4815950920230626,0.6501035192272588,0.9896850585936896,0.4815950920230626
very_large,200000,35,Hough transform baseline,1,1,0,1.0,1.0,1.0,1.0,1.0,0,0,45,0,0,16339,0.9999999999777779,0.9999999999777779,0.999999999477778,0.9999999999999389,0.9999999999777779
very_large,200000,36,Hough transform baseline,2,2,0,1.0,1.0,1.0,1.0,1.0,1,1,126,0,0,16258,0.9999999999920635,0.9999999999920635,0.9999999994920634,0.9999999999999389,0.9999999999920635
very_large,200000,37,Hough transform baseline,1,2,1,0.7910726495726497,0.7835802469135802,0.6923076923076923,1.0,0.5,0,0,63,7,89,16225,0.8999999999871429,0.41447368420779956,0.5675675671306711,0.9941406249999393,0.39622641509184764
very_large,200000,38,Hough transform baseline,5,8,3,0.5605404795940728,0.7415787380699893,0.5943775100401607,0.18181818181818182,0.625,2,11,353,88,597,15346,0.800453514737414,0.37157894736802993,0.5075485258063355,0.9581909179686915,0.3400770712906165
very_large,200000,39,Hough transform baseline,2,3,1,0.6058184523809523,0.86875,0.7410714285714286,0.0,0.6666666666666667,0,1,89,6,108,16181,0.9368421052532964,0.45177664974389964,0.6095890406527256,0.9930419921874394,0.43842364531803735
very_large,200000,40,Hough transform baseline,5,14,9,0.3291478751468053,0.5012236376183065,0.2921174652241113,0.03783783783783783,0.3571428571428571,2,37,334,151,231,15668,0.6886597938130131,0.5911504424768298,0.6361904756921668,0.9766845703124404,0.4664804469267228
very_large,200000,41,Hough transform baseline,1,1,0,0.9644444444444444,0.9333333333333333,0.9722222222222222,1.0,1.0,0,0,73,0,142,16169,0.9999999999863013,0.33953488371935103,0.506944444062476,0.9913330078124395,0.33953488371935103
very_large,200000,42,Hough transform baseline,1,1,0,0.9192412280701755,0.8283333333333334,0.9824561403508771,1.0,1.0,0,0,51,0,62,16271,0.9999999999803922,0.45132743362432454,0.6219512190760708,0.9962158203124392,0.45132743362432454
very_large,200000,43,Hough transform baseline,4,4,0,0.98095266004001,0.9624515503875969,0.989247311827957,1.0,1.0,2,2,281,0,147,15956,0.9999999999964413,0.6565420560732323,0.792665725894434,0.9910278320311895,0.6565420560732323
very_large,200000,44,Hough transform baseline,5,7,2,0.7274485232689568,0.8739441195581547,0.8970588235294118,0.3333333333333333,0.7142857142857143,1,3,124,0,135,16125,0.9999999999919355,0.4787644787626303,0.6475195818041707,0.9917602539061895,0.4787644787626303
very_large,200000,45,Hough transform baseline,5,5,0,0.8061662477902887,0.8686811278456632,0.9512987012987013,0.5,1.0,1,2,284,6,410,15684,0.9793103448242093,0.4092219020167014,0.5772357719408338,0.9746093749999405,0.4057142857137061
very_large,200000,46,Hough transform baseline,5,6,1,0.5834386475593373,0.59985088985089,0.9008620689655172,0.19999999999999998,0.8333333333333334,1,3,161,34,308,15881,0.8256410256367916,0.3432835820888203,0.4849397586198242,0.9791259765624402,0.3200795228621867
very_large,200000,47,Hough transform baseline,2,2,0,0.25456709956709955,0.18571428571428572,0.35497835497835495,0.0,1.0,0,1,80,106,151,16047,0.43010752687940806,0.3463203463188471,0.38369304506753155,0.9843139648436899,0.2373887240349039
very_large,200000,48,Hough transform baseline,2,2,0,1.0,1.0,1.0,1.0,1.0,0,0,40,0,0,16344,0.9999999999750001,0.9999999999750001,0.9999999994750002,0.9999999999999389,0.9999999999750001
very_large,200000,49,Hough transform baseline,4,5,1,0.577421721782647,0.738993710691824,0.8243727598566308,0.0,0.8,0,1,271,11,365,15737,0.9609929077980107,0.42610062893014766,0.5904139429281852,0.9770507812499404,0.4188562596593217
very_large,200000,50,Hough transform baseline,4,5,1,0.5674034231167384,0.7767004985754986,0.68944099378882,0.0,0.8,0,2,120,19,263,15982,0.8633093525117748,0.31331592689213233,0.4597701145500139,0.9827880859374399,0.2985074626858246
very_large,200000,51,Hough transform baseline,2,2,0,0.7649487734487734,0.4974170274170274,0.9555555555555556,1.0,1.0,0,0,82,1,171,16130,0.9879518072170126,0.3241106719354778,0.48809523772032665,0.9895019531249396,0.32283464566802034
very_large,200000,52,Hough transform baseline,3,4,1,0.8232143466234063,0.7451358240376771,0.814516129032258,1.0,0.75,1,1,194,27,237,15926,0.8778280542946705,0.45011600927969814,0.5950920240899215,0.9838867187499399,0.42358078602527605
very_large,200000,53,Hough transform baseline,2,2,0,0.8785164505269655,0.7514555660974067,0.9518072289156626,1.0,1.0,0,0,67,0,126,16191,0.9999999999850746,0.34715025906555885,0.515384614998077,0.9923095703124394,0.34715025906555885
very_large,200000,54,Hough transform baseline,5,5,0,0.9366168414918415,0.9150925925925926,0.8741258741258742,1.0,1.0,1,1,215,24,91,16054,0.8995815899543951,0.7026143790826712,0.7889908251927346,0.9929809570311894,0.6515151515131773
very_large,200000,55,Hough transform baseline,4,5,1,0.4412660256410257,0.6176282051282052,0.41666666666666663,0.0,0.8,0,1,101,69,76,16138,0.5941176470553288,0.5706214689233299,0.5821325643383468,0.9911499023436895,0.4105691056893879
very_large,200000,56,Hough transform baseline,4,4,0,0.32625055397277625,0.31256410256410255,0.42798353909465026,0.0,1.0,0,1,49,139,56,16140,0.26063829787095405,0.46666666666222223,0.3344709892989319,0.9880981445311897,0.2008196721303245
very_large,200000,57,Hough transform baseline,4,4,0,0.9373057173248238,0.9388309178743961,0.9908256880733946,0.8666666666666667,1.0,3,3,284,0,283,15817,0.9999999999964789,0.5008818342142841,0.6674500583081326,0.98272705078119,0.5008818342142841
very_large,200000,58,Hough transform baseline,1,1,0,0.9556034482758621,0.9166666666666666,0.9655172413793104,1.0,1.0,0,0,59,0,114,16211,0.9999999999830509,0.34104046242577435,0.5086206892715146,0.9930419921874394,0.34104046242577435
very_large,200000,59,Hough transform baseline,3,4,1,0.7032417582417583,0.7666666666666667,0.7912087912087912,0.5,0.75,1,2,165,19,69,16131,0.896739130429909,0.7051282051251918,0.789473683713903,0.9946289062499393,0.6521739130409006
very_large,200000,60,Hough transform baseline,2,2,0,0.965701754385965,0.9385964912280702,0.9666666666666667,1.0,1.0,0,0,62,0,82,16240,0.999999999983871,0.43055555555256564,0.6019417471461966,0.9949951171874393,0.43055555555256564
very_large,200000,61,Hough transform baseline,5,6,1,0.6333683213338386,0.8987346497691325,0.7280219780219781,0.0,0.8333333333333334,0,4,290,76,380,15638,0.7923497267737915,0.4328358208948764,0.5598455593875314,0.9721679687499406,0.38873994638017595
very_large,200000,62,Hough transform baseline,2,2,0,0.9771939283344393,0.9558080808080808,0.9854014598540146,1.0,1.0,0,0,119,0,134,16131,0.9999999999915966,0.4703557312234373,0.6397849457979968,0.9918212890624394,0.4703557312234373
very_large,200000,63,Hough transform baseline,2,2,0,0.9440139700724807,0.885354609929078,0.978021978021978,1.0,1.0,0,0,93,0,189,16102,0.9999999999892473,0.32978723404138377,0.4959999996243627,0.9884643554686896,0.32978723404138377
very_large,200000,64,Hough transform baseline,4,5,1,0.4450130400359237,0.5113984869015358,0.6744186046511628,0.0,0.8,0,2,143,2,228,16011,0.9862068965449228,0.38544474393427103,0.5542635654852397,0.9859619140624398,0.3833780160847631
very_large,200000,65,Hough transform baseline,3,4,1,0.6136790701128936,0.8001543209876543,0.893048128342246,0.0,0.75,0,2,172,10,274,15928,0.9450549450497525,0.38565022421438194,0.5477707002235587,0.98266601562494,0.3771929824553132
very_large,200000,66,Hough transform baseline,5,6,1,0.7652134572181749,0.8155605680868838,0.8601036269430051,0.5714285714285714,0.8333333333333334,4,7,318,67,398,15601,0.8259740259718806,0.4441340782116702,0.5776566752934603,0.9716186523436907,0.40613026819871506
very_large,200000,67,Hough transform baseline,5,5,0,0.9777934074230827,0.957618230358505,0.9843260188087775,1.0,1.0,1,1,290,0,421,15673,0.9999999999965518,0.40787623066046713,0.5794205790078653,0.9743041992186905,0.40787623066046713
very_large,200000,68,Hough transform baseline,4,5,1,0.6041258887092222,0.7659253983328058,0.8972972972972972,0.0,0.8,0,1,175,1,264,15944,0.9943181818125324,0.398633257402281,0.5691056906464987,0.9838256835936899,0.3977272727263688
very_large,200000,69,Hough transform baseline,1,1,0,1.0,1.0,1.0,1.0,1.0,0,0,63,0,0,16321,0.999999999984127,0.999999999984127,0.9999999994841271,0.9999999999999389,0.999999999984127
very_large,200000,70,Hough transform baseline,2,3,1,0.4946610458184296,0.724561403508772,0.5097087378640777,0.0,0.6666666666666667,0,1,121,52,225,15986,0.6994219653138762,0.3497109826579488,0.46628130976570475,0.9830932617186899,0.3040201005017487
very_large,200000,71,Hough transform baseline,1,1,0,0.922610294117647,0.8541666666666666,0.9411764705882353,1.0,1.0,0,0,35,0,66,16283,0.9999999999714286,0.3465346534619155,0.5147058819631272,0.9959716796874392,0.3465346534619155
very_large,200000,72,Hough transform baseline,2,2,0,0.9814242455883889,0.9672131147540984,0.9808917197452229,1.0,1.0,0,0,149,1,91,16143,0.9933333333267111,0.6208333333307465,0.7641025636252727,0.9943847656249393,0.618257261408223
very_large,200000,73,Hough transform baseline,5,7,2,0.5592794681942648,0.6378168076274668,0.8166666666666667,0.15,0.7142857142857143,1,4,252,5,429,15698,0.9805447470778967,0.37004405286289277,0.5373134324368388,0.9735107421874406,0.3673469387749747
very_large,200000,74,Hough transform baseline,4,4,0,0.7256323257387773,0.8888695557727815,0.7948717948717949,0.26666666666666666,1.0,1,3,240,32,399,15713,0.8823529411732267,0.3755868544595061,0.5268935231804279,0.9736938476561905,0.35767511177293937
very_large,200000,75,Hough transform baseline,3,3,0,0.959432956251113,0.9236679396253865,0.9689119170984456,1.0,1.0,1,1,179,2,410,15793,0.9889502762376302,0.30390492359880494,0.4649350645742385,0.9748535156249405,0.3028764805409427
very_large,200000,76,Hough transform baseline,3,5,2,0.5645257092198581,0.8162037037037037,0.6861702127659575,0.0,0.6,0,1,164,24,216,15980,0.8723404255272749,0.4315789473672853,0.5774647882874925,0.9853515624999398,0.40594059405840116
very_large,200000,77,Hough transform baseline,5,5,0,0.9549017930727254,0.9089141824751582,0.9794520547945206,1.0,1.0,1,1,296,0,354,15734,0.9999999999966217,0.4553846153839148,0.6257928114080159,0.9783935546874403,0.4553846153839148
very_large,200000,78,Hough transform baseline,3,4,1,0.5743667953667954,0.8279579579579579,0.6339285714285714,0.0,0.75,0,1,96,0,60,16228,0.9999999999895833,0.6153846153806707,0.7619047614270598,0.9963378906249392,0.6153846153806707
very_large,200000,79,Hough transform baseline,5,5,0,0.9838650415818896,0.9672744273024777,0.9929577464788732,1.0,1.0,2,2,270,0,64,16050,0.9999999999962963,0.8083832335305139,0.8940397346019912,0.9960937499999392,0.8083832335305139
very_large,200000,80,Hough transform baseline,2,2,0,1.0,1.0,1.0,1.0,1.0,0,0,37,0,0,16347,0.9999999999729731,0.9999999999729731,0.9999999994729731,0.9999999999999389,0.9999999999729731
very_large,200000,81,Hough transform baseline,2,2,0,1.0,1.0,1.0,1.0,1.0,0,0,78,0,0,16306,0.9999999999871795,0.9999999999871795,0.9999999994871795,0.9999999999999389,0.9999999999871795
very_large,200000,82,Hough transform baseline,3,3,0,0.9716086811313802,0.9478821171918188,0.9753086419753086,1.0,1.0,1,1,153,1,110,16120,0.9935064935000423,0.5817490494274459,0.7338129491709309,0.9932250976561894,0.5795454545432593
very_large,200000,83,Hough transform baseline,3,4,1,0.9263986013986014,0.9197746697746697,0.9375,1.0,0.75,0,0,173,1,204,16006,0.9942528735575044,0.4588859416433451,0.627949182868673,0.9874877929686897,0.4576719576707469
very_large,200000,84,Hough transform baseline,1,1,0,0.9605128205128205,0.9259259259259259,0.9692307692307692,1.0,1.0,0,0,66,0,132,16186,0.9999999999848485,0.33333333333164983,0.4999999996212121,0.9919433593749394,0.33333333333164983
very_large,200000,85,Hough transform baseline,5,9,4,0.368552614379085,0.523,0.388235294117647,0.0,0.5555555555555556,0,8,195,161,192,15836,0.5477528089872254,0.5038759689909461,0.5248990573729433,0.9784545898436903,0.35583941605774483
very_large,200000,86,Hough transform baseline,1,1,0,1.0,1.0,1.0,1.0,1.0,0,0,37,0,0,16347,0.9999999999729731,0.9999999999729731,0.9999999994729731,0.9999999999999389,0.9999999999729731
very_large,200000,87,Hough transform baseline,5,8,3,0.5746272727272728,0.7163434343434344,0.6363636363636364,0.25,0.625,1,4,254,89,296,15745,0.740524781338949,0.46181818181734213,0.5688689804886382,0.9765014648436904,0.39749608763631067
very_large,200000,88,Hough transform baseline,4,4,0,0.5349793998571089,0.6229411764705882,0.7732793522267206,0.0,1.0,0,1,166,70,172,15976,0.7033898305054942,0.4911242603535766,0.5783972120573274,0.9852294921874398,0.406862745097042
very_large,200000,89,Hough transform baseline,1,2,1,0.8965601965601966,0.9292929292929293,0.8918918918918919,1.0,0.5,0,0,76,0,131,16177,0.9999999999868421,0.3671497584523326,0.5371024731015744,0.9920043945311894,0.3671497584523326
very_large,200000,90,Hough transform baseline,3,3,0,0.9526861471861471,0.9064021164021163,0.974025974025974,1.0,1.0,0,0,157,0,274,15953,0.9999999999936307,0.36426914153047735,0.5340136050489321,0.9832763671874399,0.36426914153047735
very_large,200000,91,Hough transform baseline,5,5,0,0.7327877736563273,0.7852110186823568,0.9472140762463344,0.36,1.0,2,5,260,35,434,15655,0.8813559322004022,0.37463976945190974,0.5257836193983157,0.9713745117186907,0.3566529492450526
very_large,200000,92,Hough transform baseline,2,2,0,0.988507866273353,0.9783950617283951,0.9911504424778761,1.0,1.0,1,1,227,0,216,15941,0.9999999999955947,0.5124153498859765,0.6776119398484518,0.9868164062499397,0.5124153498859765
very_large,200000,93,Hough transform baseline,3,4,1,0.5533565088757397,0.7526923076923077,0.6982248520710059,0.0,0.75,0,1,134,2,137,16111,0.9852941176398141,0.4944649446476219,0.6584766580284336,0.9915161132811895,0.4908424908406929
very_large,200000,94,Hough transform baseline,4,4,0,0.4992615165474603,0.5386937810643715,0.7842465753424658,0.0,1.0,0,1,221,55,396,15712,0.8007246376782583,0.35818476499131574,0.49496080584279617,0.9724731445311906,0.32886904761855823
very_large,200000,95,Hough transform baseline,5,5,0,0.9811486486486486,0.9611111111111111,0.9932432432432432,1.0,1.0,4,4,297,0,48,16039,0.999999999996633,0.8608695652148961,0.9252336443597257,0.9970703124999392,0.8608695652148961
very_large,200000,96,Hough transform baseline,2,2,0,0.9483022270398108,0.8954519774011299,0.9767441860465116,1.0,1.0,0,0,88,0,124,16172,0.9999999999886363,0.41509433962068354,0.5866666662481778,0.9924316406249394,0.41509433962068354
very_large,200000,97,Hough transform baseline,2,2,0,0.9621924425652274,0.9269121674491393,0.9754098360655737,1.0,1.0,0,0,102,1,202,16079,0.9902912621263078,0.33552631578837,0.5012285008479859,0.9876098632811897,0.33442622950710027
very_large,200000,98,Hough transform baseline,2,2,0,0.9166386324212411,0.933871635610766,0.9819819819819819,0.8,1.0,1,1,106,0,63,16215,0.999999999990566,0.6272189349075313,0.7709090904297258,0.9961547851561892,0.6272189349075313
very_large,200000,99,Hough transform baseline,1,1,0,0.5799285714285715,0.12999999999999998,0.8571428571428572,1.0,1.0,0,0,16,1,58,16309,0.941176470532872,0.21621621621329437,0.35164835133679506,0.9963989257811892,0.21333333333048887
very_large,200000,100,Hough transform baseline,5,5,0,0.8209005516624422,0.9339181286549707,0.8781869688385269,0.5,1.0,1,2,290,34,185,15875,0.8950617283922992,0.6105263157881884,0.7259073837463287,0.9866333007811897,0.5697445972483896
very_large,200000,101,Hough transform baseline,5,6,1,0.8056285074890289,0.8668887778333056,0.9824046920821115,0.5428571428571428,0.8333333333333334,4,7,284,11,472,15617,0.9627118644035163,0.37566137566087876,0.5404376779966921,0.9705200195311907,0.3702737940021248
very_large,200000,102,Hough transform baseline,2,2,0,0.8548117283950617,0.6883333333333334,0.9753086419753086,1.0,1.0,0,0,83,0,46,16255,0.9999999999879517,0.6434108527081907,0.7830188674406816,0.9971923828124392,0.6434108527081907
very_large,200000,103,Hough transform baseline,3,3,0,0.9280980698144594,0.8573119500150381,0.9615384615384616,1.0,1.0,0,0,159,0,310,15915,0.9999999999937108,0.33901918976473555,0.5063694263718153,0.98107910156244,0.33901918976473555
very_large,200000,104,Hough transform baseline,4,7,3,0.5985418719211824,0.8177777777777777,0.8669950738916257,0.0,0.5714285714285714,0,3,196,5,267,15916,0.9751243781046014,0.423326133908373,0.5903614453592003,0.9833984374999399,0.4188034188025239
very_large,200000,105,Hough transform baseline,2,2,0,0.9669498381877023,0.9351851851851851,0.9805825242718447,1.0,1.0,0,0,105,0,78,16201,0.9999999999904762,0.5737704918001434,0.7291666661982784,0.9952392578124393,0.5737704918001434
very_large,200000,106,Hough transform baseline,2,3,1,0.8780344386258288,0.8532810391363023,0.8869565217391304,1.0,0.6666666666666667,0,0,84,2,278,16020,0.9767441860351541,0.23204419889438663,0.37499999968809794,0.9829101562499399,0.2307692307685968
very_large,200000,107,Hough transform baseline,3,3,0,0.842685598377282,0.7863601532567049,0.6941176470588235,1.0,1.0,0,0,124,49,249,15962,0.7167630057762038,0.3324396782832911,0.45421245377787844,0.98181152343744,0.2938388625585454
very_large,200000,108,Hough transform baseline,5,7,2,0.6324010433499421,0.7605297227316862,0.7811704834605597,0.25,0.7142857142857143,1,4,320,53,280,15731,0.8579088471826866,0.5333333333324445,0.6577595062062322,0.9796752929686902,0.49004594180629396
very_large,200000,109,Hough transform baseline,1,1,0,0.9571264367816091,0.9195402298850575,0.9666666666666667,1.0,1.0,0,0,61,0,118,16205,0.9999999999836067,0.34078212290312415,0.5083333329499653,0.9927978515624394,0.34078212290312415
very_large,200000,110,Hough transform baseline,1,2,1,0.8667477592829707,0.9151515151515153,0.7746478873239436,1.0,0.5,0,0,73,0,101,16210,0.9999999999863013,0.41954022988264633,0.591093116987723,0.9938354492186893,0.41954022988264633
very_large,200000,111,Hough transform baseline,4,4,0,0.842774891217222,0.9283886471493822,1.0,0.5,1.0,2,1,206,0,255,15923,0.9999999999951457,0.4468546637734342,0.6176911539940165,0.9844360351561899,0.4468546637734342
very_large,200000,112,Hough transform baseline,2,2,0,0.9479166666666667,0.9027777777777779,0.9583333333333334,1.0,1.0,0,0,50,0,50,16284,0.9999999999800001,0.499999999995,0.6666666662133334,0.9969482421874392,0.499999999995
very_large,200000,113,Hough transform baseline,5,8,3,0.5895009532808146,0.7196680226091992,0.6943231441048034,0.2571428571428572,0.625,2,7,349,83,657,15295,0.8078703703685003,0.3469184890652615,0.48539638344547265,0.9548339843749417,0.32047750229538985
very_large,200000,114,Hough transform baseline,1,1,0,1.0,1.0,1.0,1.0,1.0,0,0,30,0,0,16354,0.9999999999666667,0.9999999999666667,0.9999999994666666,0.9999999999999389,0.9999999999666667
very_large,200000,115,Hough transform baseline,2,2,0,0.95127626344622,0.908185935230283,0.962962962962963,1.0,1.0,0,0,96,2,382,15904,0.979591836724698,0.20083682008326184,0.3333333330497926,0.9765624999999404,0.19999999999958334
very_large,200000,116,Hough transform baseline,4,4,0,0.9884788229500123,0.9811827956989247,0.9847328244274809,1.0,1.0,0,0,135,0,130,16119,0.9999999999925927,0.5094339622622286,0.6749999995494376,0.9920654296874394,0.5094339622622286
very_large,200000,117,Hough transform baseline,1,1,0,1.0,1.0,1.0,1.0,1.0,0,0,17,0,0,16367,0.9999999999411765,0.9999999999411765,0.9999999994411766,0.9999999999999389,0.9999999999411765
very_large,200000,118,Hough transform baseline,3,4,1,0.8098184912081678,0.7304909560723514,0.7804878048780488,1.0,0.75,0,0,157,11,204,16012,0.934523809518247,0.43490304709020805,0.5935727783922871,0.9868774414061897,0.42204301075155365
very_large,200000,119,Hough transform baseline,4,7,3,0.5742678571428572,0.8227777777777778,0.734375,0.0,0.5714285714285714,0,4,153,17,190,16024,0.8999999999947059,0.4460641399403905,0.5964912276247126,0.9873657226561897,0.42499999999881943
very_large,200000,120,Hough transform baseline,5,6,1,0.7714380754380755,0.8394594594594594,0.9267399267399268,0.5,0.8333333333333334,2,2,245,16,135,15988,0.9386973180040663,0.6447368421035665,0.7644305767379361,0.9907836914061895,0.6186868686853063
very_large,200000,121,Hough transform baseline,3,6,3,0.5507798489853706,0.7038461538461539,0.9202453987730062,0.0,0.5,1,3,162,0,156,16066,0.9999999999938273,0.509433962262549,0.67499999955,0.9904785156249395,0.509433962262549
very_large,200000,122,Hough transform baseline,1,1,0,1.0,1.0,1.0,1.0,1.0,0,0,20,0,0,16364,0.99999999995,0.99999999995,0.99999999945,0.9999999999999389,0.99999999995
very_large,200000,123,Hough transform baseline,5,8,3,0.6494615347018573,0.8348249158249158,0.8064516129032258,0.2,0.625,1,4,326,45,416,15597,0.878706199458548,0.4393530997298661,0.5858041325284471,0.9718627929686906,0.41423125794102383
very_large,200000,124,Hough transform baseline,2,3,1,0.7860022457299221,0.665015197568389,0.8503937007874016,1.0,0.6666666666666667,0,0,128,0,199,16057,0.9999999999921876,0.3914373088673045,0.5626373622305326,0.9878540039061897,0.3914373088673045
very_large,200000,125,Hough transform baseline,2,2,0,0.9606346483704974,0.9292929292929293,0.9622641509433962,1.0,1.0,0,0,55,0,72,16257,0.9999999999818182,0.43307086613832224,0.6043956039672141,0.9956054687499392,0.43307086613832224
very_large,200000,126,Hough transform baseline,1,1,0,1.0,1.0,1.0,1.0,1.0,0,0,21,0,0,16363,0.999999999952381,0.999999999952381,0.9999999994523809,0.9999999999999389,0.999999999952381
very_large,200000,127,Hough transform baseline,2,2,0,0.9616319444444444,0.9270833333333333,0.9722222222222222,1.0,1.0,0,0,65,0,82,16237,0.9999999999846153,0.44217687074529133,0.6132075467388304,0.9949951171874393,0.44217687074529133
very_large,200000,128,Hough transform baseline,3,3,0,0.9659245514106952,0.9333010335917312,0.9796954314720813,1.0,1.0,2,2,198,0,236,15950,0.9999999999949496,0.45622119815563084,0.6265822780487502,0.9855957031249398,0.45622119815563084
very_large,200000,129,Hough transform baseline,5,5,0,0.6880013698630137,0.8926666666666666,0.9315068493150684,0.0,1.0,0,1,213,10,184,15977,0.9551569506683626,0.5365239294696813,0.6870967737307129,0.9881591796874397,0.5233415233402375
very_large,200000,130,Hough transform baseline,4,7,3,0.5388460311780862,0.7588583428789615,0.5010845986984815,0.16,0.5714285714285714,1,5,228,190,408,15558,0.5454545454532406,0.35849056603717216,0.4326375706780639,0.9635009765624412,0.27602905568973846
very_large,200000,131,Hough transform baseline,2,2,0,0.9410261131570138,0.8862068965517242,0.9611650485436893,1.0,1.0,0,0,105,0,206,16073,0.9999999999904762,0.3376205787770495,0.5048076919278731,0.9874267578124397,0.3376205787770495
very_large,200000,132,Hough transform baseline,3,3,0,0.9613554571414998,0.92815832581152,0.968421052631579,1.0,1.0,0,0,93,1,142,16148,0.9893617021171344,0.3957446808493798,0.5653495436613483,0.9912719726561895,0.3940677966084997
very_large,200000,133,Hough transform baseline,3,3,0,0.7065511163337251,0.9154589371980677,0.972972972972973,0.0,1.0,0,1,113,0,52,16219,0.9999999999911504,0.6848484848443342,0.812949639799415,0.9968261718749392,0.6848484848443342
very_large,200000,134,Hough transform baseline,4,5,1,0.6356335865416929,0.8612410426017797,0.8403755868544601,0.0,0.8,0,1,204,1,216,15963,0.995121951214658,0.48571428571312925,0.652799999557079,0.9867553710936897,0.48456057007010794
very_large,200000,135,Hough transform baseline,3,3,0,0.9730697407167995,0.9472096530920061,0.9841269841269842,1.0,1.0,0,0,120,0,116,16148,0.9999999999916667,0.5084745762690319,0.6741573029200858,0.9929199218749394,0.5084745762690319
very_large,200000,136,Hough transform baseline,4,4,0,0.8144768893387314,0.7478703703703704,0.6396761133603239,1.0,1.0,0,0,182,69,148,15985,0.7250996015907367,0.5515151515134803,0.6265060236034731,0.9867553710936897,0.45614035087604976
very_large,200000,137,Hough transform baseline,1,1,0,0.9156431334622824,0.8409090909090909,0.9361702127659575,1.0,1.0,0,0,32,2,132,16218,0.9411764705605538,0.19512195121832243,0.32323232294459747,0.9918212890624394,0.19277108433618814
very_large,200000,138,Hough transform baseline,4,4,0,0.8244467646765594,0.9448195251937985,0.9963898916967509,0.4,1.0,2,1,279,0,305,15800,0.9999999999964158,0.4777397260265792,0.646581691333839,0.98138427734369,0.4777397260265792
very_large,200000,139,Hough transform baseline,3,3,0,0.898223396721186,0.896484893146647,0.974025974025974,0.8,1.0,1,1,156,0,210,16018,0.9999999999935898,0.42622950819555677,0.5977011490039196,0.9871826171874397,0.42622950819555677
very_large,200000,140,Hough transform baseline,1,1,0,0.9628596149686351,0.9303482587064676,0.9710144927536232,1.0,1.0,0,0,70,0,136,16178,0.9999999999857142,0.33980582524106895,0.5072463764293216,0.9916992187499395,0.33980582524106895
very_large,200000,141,Hough transform baseline,5,5,0,0.6953546874570304,0.9090670614513531,0.9313725490196079,0.0,1.0,0,1,180,8,278,15918,0.9574468085055455,0.3930131004358231,0.5572755413812841,0.98254394531244,0.38626609441977194
very_large,200000,142,Hough transform baseline,5,5,0,0.7919045969353764,0.5521856540084388,0.9671052631578947,1.0,1.0,0,0,277,21,356,15730,0.9295302013391626,0.43759873617624395,0.5950590758255436,0.9769897460936904,0.4235474006109732
very_large,200000,143,Hough transform baseline,5,7,2,0.7882207614876259,0.8736523142453462,0.8682432432432432,0.6,0.7142857142857143,3,3,240,11,317,15816,0.9561752988009714,0.4308797127460846,0.5940594055108354,0.9799804687499402,0.4225352112668617
very_large,200000,144,Hough transform baseline,5,5,0,0.7384666666666666,0.8651111111111112,0.7458333333333333,0.4,1.0,1,2,187,56,130,16011,0.7695473250997138,0.5899053627741644,0.6678571423634886,0.9886474609374396,0.5013404825723825
very_large,200000,145,Hough transform baseline,2,2,0,0.9574413863404688,0.9135802469135802,0.981651376146789,1.0,1.0,0,0,111,0,56,16217,0.999999999990991,0.6646706586786547,0.7985611505936805,0.9965820312499392,0.6646706586786547
very_large,200000,146,Hough transform baseline,3,3,0,0.7946616721401204,0.8433641975308642,0.9507389162561576,0.5,1.0,1,2,189,5,180,16010,0.9742268041186896,0.5121951219498314,0.6714031967040057,0.9887084960936896,0.5053475935815365
very_large,200000,147,Hough transform baseline,1,1,0,1.0,1.0,1.0,1.0,1.0,0,0,29,0,56,16299,0.9999999999655173,0.34117647058422146,0.5087719294362881,0.9965820312499392,0.34117647058422146
very_large,200000,148,Hough transform baseline,4,5,1,0.5896646341463416,0.7694444444444444,0.8170731707317074,0.0,0.8,0,1,205,7,121,16051,0.9669811320709105,0.628834355826292,0.7620817839062339,0.9921874999999394,0.615615615613767
very_large,200000,149,Hough transform baseline,3,3,0,0.9256783625730994,0.8441975308641976,0.9789473684210527,1.0,1.0,0,0,193,0,248,15943,0.9999999999948187,0.4376417233550167,0.6088328071455632,0.9848632812499398,0.4376417233550167
very_large,200000,150,Hough transform baseline,2,4,2,0.49453385214007783,0.808,0.4046692607003891,0.0,0.5,0,4,133,81,175,15995,0.6214953270998996,0.43181818181677983,0.5095785435755641,0.9843749999999399,0.34190231362379975
very_large,200000,151,Hough transform baseline,3,4,1,0.705923979864576,0.815096766848816,0.6956521739130435,0.5,0.75,1,2,241,27,217,15899,0.8992537313399281,0.5262008733612965,0.6639118452624441,0.9851074218749398,0.4969072164938208
very_large,200000,152,Hough transform baseline,1,2,1,0.35069745845552297,0.45946236559139786,0.4696969696969697,0.0,0.5,0,1,52,0,50,16282,0.9999999999807693,0.5098039215636293,0.6753246748686118,0.9969482421874392,0.5098039215636293
very_large,200000,153,Hough transform baseline,4,4,0,0.9421856898260302,0.882978508891751,0.9742268041237113,1.0,1.0,0,0,193,1,254,15936,0.9948453608196143,0.43176733780664034,0.602184086939508,0.9844360351561899,0.43080357142760983
very_large,200000,154,Hough transform baseline,4,6,2,0.6089992417830441,0.8438725490196077,0.8129496402877698,0.0,0.6666666666666667,0,3,127,14,70,16173,0.9007092198517681,0.6446700507581489,0.7514792894501068,0.9948730468749393,0.6018957345943038
very_large,200000,155,Hough transform baseline,2,4,2,0.8525839311334291,0.8837908496732026,0.774390243902439,1.0,0.5,0,0,168,0,231,15985,0.9999999999940477,0.42105263157789213,0.5925925921734927,0.9859008789061898,0.42105263157789213
very_large,200000,156,Hough transform baseline,2,2,0,1.0,1.0,1.0,1.0,1.0,0,0,84,0,15,16285,0.9999999999880952,0.8484848484762779,0.9180327863785721,0.999084472656189,0.8484848484762779
very_large,200000,157,Hough transform baseline,5,6,1,0.7272163379621921,0.7427232675161853,0.9232876712328767,0.5,0.8333333333333334,3,4,343,11,307,15723,0.9689265536695794,0.5276923076914959,0.683266931813015,0.9805908203124402,0.5189107413002739
very_large,200000,158,Hough transform baseline,4,4,0,0.8477399497487437,0.8883333333333333,0.9899497487437185,0.6,1.0,1,1,202,0,54,16128,0.9999999999950495,0.7890624999969178,0.8820960693720944,0.9967041015624392,0.7890624999969178
very_large,200000,159,Hough transform baseline,3,4,1,0.5555532776971457,0.7492378917378918,0.7169811320754718,0.0,0.75,0,1,129,19,177,16059,0.8716216216157323,0.4215686274496027,0.5682819378840458,0.9880371093749397,0.39692307692185563
very_large,200000,160,Hough transform baseline,5,5,0,0.9474128440366972,0.8933333333333333,0.9770642201834863,1.0,1.0,0,0,204,0,293,15887,0.9999999999950981,0.4104627766591339,0.5820256771891144,0.98211669921869,0.4104627766591339
very_large,200000,161,Hough transform baseline,2,2,0,0.9857210897313774,0.9731800766283525,0.988950276243094,1.0,1.0,0,0,183,0,180,16021,0.9999999999945356,0.5041322314035699,0.6703296698815562,0.9890136718749396,0.5041322314035699
very_large,200000,162,Hough transform baseline,2,2,0,0.9560036231884058,0.9096376811594202,0.9833333333333333,1.0,1.0,0,0,122,0,190,16072,0.9999999999918032,0.39102564102438775,0.5622119811600585,0.9884033203124396,0.39102564102438775
very_large,200000,163,Hough transform baseline,2,2,0,0.9663609307359308,0.9337121212121212,0.9809523809523809,1.0,1.0,0,0,90,0,174,16120,0.9999999999888889,0.3409090909077996,0.5084745758891123,0.9893798828124396,0.3409090909077996
very_large,200000,164,Hough transform baseline,1,1,0,1.0,1.0,1.0,1.0,1.0,0,0,80,0,0,16304,0.9999999999875,0.9999999999875,0.9999999994875,0.9999999999999389,0.9999999999875
very_large,200000,165,Hough transform baseline,1,1,0,1.0,1.0,1.0,1.0,1.0,0,0,23,0,0,16361,0.9999999999565218,0.9999999999565218,0.9999999994565218,0.9999999999999389,0.9999999999565218
very_large,200000,166,Hough transform baseline,3,3,0,0.9455316742081448,0.8952991452991453,0.9632352941176471,1.0,1.0,0,0,131,2,180,16071,0.984962406007632,0.4212218649504141,0.5900900896677927,0.9888916015624396,0.4185303514363625
very_large,200000,167,Hough transform baseline,5,6,1,0.7557717476883988,0.8929273252058737,0.817391304347826,0.42857142857142855,0.8333333333333334,3,7,301,1,350,15732,0.996688741718554,0.46236559139713923,0.6316894014545023,0.9785766601561903,0.46165644171708337
very_large,200000,168,Hough transform baseline,1,1,0,0.9460144927536231,0.8985507246376812,0.9583333333333334,1.0,1.0,0,0,42,1,70,16271,0.9767441860237968,0.3749999999966518,0.5419354834630593,0.9956665039061892,0.3716814159259143
very_large,200000,169,Hough transform baseline,3,3,0,0.6154762311901505,0.8312908496732027,0.7069767441860465,0.0,1.0,0,1,155,57,135,16037,0.7311320754682494,0.5344827586188466,0.6175298799876986,0.9882812499999396,0.4466858789612488
very_large,200000,170,Hough transform baseline,5,5,0,0.8988529014844804,0.967251461988304,0.9846153846153847,0.6666666666666666,1.0,2,3,261,1,114,16008,0.9961832061030681,0.695999999998144,0.819466247550838,0.9929809570311894,0.6941489361683666
very_large,200000,171,Hough transform baseline,3,3,0,0.9543374157620226,0.9149884959320667,0.962962962962963,1.0,1.0,0,0,104,0,166,16114,0.9999999999903846,0.3851851851837586,0.5561497322158483,0.9898681640624396,0.3851851851837586
very_large,200000,172,Hough transform baseline,4,6,2,0.46684491400916084,0.7155172413793103,0.39097744360902253,0.0,0.6666666666666667,0,6,129,78,190,15987,0.623188405794091,0.40438871473227467,0.4904942960987508,0.9836425781249399,0.32493702770699007
very_large,200000,173,Hough transform baseline,2,3,1,0.3580936843742708,0.40299888517279825,0.5503875968992248,0.0,0.6666666666666667,0,1,90,26,128,16140,0.7758620689588287,0.41284403669535397,0.5389221552320269,0.9906005859374395,0.3688524590148818
very_large,200000,174,Hough transform baseline,2,3,1,0.460801282051282,0.5083333333333333,0.8269230769230769,0.0,0.6666666666666667,0,1,100,0,24,16260,0.99999999999,0.8064516128967222,0.8928571423549105,0.998535156249939,0.8064516128967222
very_large,200000,175,Hough transform baseline,5,6,1,0.5358292195932804,0.6647289124717305,0.766839378238342,0.0,0.8333333333333334,0,2,175,3,203,16003,0.9831460674102072,0.4629629629617382,0.6294964024401299,0.9874267578124397,0.4593175853006317
very_large,200000,176,Hough transform baseline,2,2,0,0.9804067895815043,0.9651741293532339,0.9803921568627451,1.0,1.0,0,0,104,0,136,16144,0.9999999999903846,0.4333333333315278,0.6046511623653326,0.9916992187499395,0.4333333333315278
very_large,200000,177,Hough transform baseline,2,2,0,0.9829448329448329,0.9696969696969697,0.9829059829059829,1.0,1.0,0,0,119,0,156,16109,0.9999999999915966,0.43272727272569916,0.6040609132809013,0.9904785156249395,0.43272727272569916
very_large,200000,178,Hough transform baseline,3,3,0,0.9867795005326074,0.9780907668231612,0.9831932773109243,1.0,1.0,0,0,122,0,144,16118,0.9999999999918032,0.4586466165396292,0.6288659789470719,0.9912109374999395,0.4586466165396292
very_large,200000,179,Hough transform baseline,4,4,0,0.5975962486308872,0.7202272727272727,0.8674698795180723,0.0,1.0,0,1,224,28,414,15718,0.8888888888853615,0.3510971786828353,0.503370786109774,0.9730224609374406,0.3363363363358313
very_large,200000,180,Hough transform baseline,5,5,0,0.5317488120087045,0.5849099692577954,0.5093632958801498,0.26666666666666666,1.0,1,3,143,97,176,15968,0.5958333333308508,0.44827586206756026,0.5116279064848999,0.9833374023436899,0.34374999999917366
very_large,200000,181,Hough transform baseline,1,1,0,1.0,1.0,1.0,1.0,1.0,0,0,27,0,0,16357,0.999999999962963,0.999999999962963,0.9999999994629629,0.9999999999999389,0.999999999962963
very_large,200000,182,Hough transform baseline,5,5,0,0.7307885460495558,0.7608921095008051,0.9419354838709677,0.4,1.0,2,1,289,7,496,15592,0.976351351348053,0.36815286624156923,0.5346901013589568,0.9692993164061908,0.36489898989852915
very_large,200000,183,Hough transform baseline,4,5,1,0.6140743146773273,0.7920098039215687,0.8883495145631068,0.0,0.8,0,1,207,0,312,15865,0.9999999999951691,0.3988439306350697,0.57024793347507,0.98095703124994,0.3988439306350697
very_large,200000,184,Hough transform baseline,2,3,1,0.8816361236802415,0.8567948717948719,0.8970588235294118,1.0,0.6666666666666667,0,0,139,0,241,16004,0.9999999999928059,0.36578947368324793,0.5356454716674054,0.9852905273436898,0.36578947368324793
very_large,200000,185,Hough transform baseline,4,4,0,0.9454212037962038,0.8933658008658009,0.967032967032967,1.0,1.0,0,0,186,0,302,15896,0.9999999999946237,0.38114754098282555,0.5519287829815355,0.98156738281244,0.38114754098282555
very_large,200000,186,Hough transform baseline,3,3,0,0.9654835847382431,0.9323671497584541,0.9795918367346939,1.0,1.0,0,0,101,0,52,16231,0.9999999999900989,0.6601307189499338,0.7952755900658751,0.9968261718749392,0.6601307189499338
very_large,200000,187,Hough transform baseline,5,7,2,0.8745044864695695,0.9261259928887904,0.9315960912052117,0.8,0.7142857142857143,4,5,307,0,328,15749,0.9999999999967427,0.48346456692837253,0.6518046704721873,0.9799804687499402,0.48346456692837253
very_large,200000,188,Hough transform baseline,2,2,0,0.9569745251198295,0.9179586563307494,0.9694656488549618,1.0,1.0,1,1,132,0,250,16002,0.9999999999924243,0.3455497382189907,0.5136186766590864,0.9847412109374398,0.3455497382189907
very_large,200000,189,Hough transform baseline,3,3,0,0.9140620731015424,0.823743532572964,0.9668874172185431,1.0,1.0,1,1,144,2,153,16085,0.9863013698562583,0.4848484848468524,0.6501128663723128,0.9905395507811895,0.48160535116895786
very_large,200000,190,Hough transform baseline,2,2,0,0.9659049616028144,0.9351398601398602,0.9754601226993865,1.0,1.0,0,0,165,0,322,15897,0.9999999999939394,0.33880903490690184,0.5061349689455522,0.9803466796874402,0.33880903490690184
very_large,200000,191,Hough transform baseline,4,4,0,0.9743579478594219,0.9492774428174945,0.9859154929577465,1.0,1.0,1,1,261,0,332,15791,0.9999999999961686,0.44013490725052257,0.6112412173727301,0.9797363281249402,0.44013490725052257
very_large,200000,192,Hough transform baseline,4,5,1,0.9116085043988269,0.910241120886282,0.86,1.0,0.8,0,0,187,7,305,15885,0.9639175257682273,0.3800813008122356,0.545189503965941,0.98095703124994,0.374749498997245
very_large,200000,193,Hough transform baseline,1,1,0,0.8139285714285714,0.65,0.8571428571428572,1.0,1.0,0,0,15,0,30,16339,0.9999999999333333,0.33333333332592596,0.4999999996083333,0.998168945312439,0.33333333332592596
very_large,200000,194,Hough transform baseline,1,1,0,1.0,1.0,1.0,1.0,1.0,0,0,68,0,0,16316,0.9999999999852941,0.9999999999852941,0.9999999994852942,0.9999999999999389,0.9999999999852941
very_large,200000,195,Hough transform baseline,4,4,0,0.97205845323741,0.9475,0.9784172661870504,1.0,1.0,1,1,120,0,144,16120,0.9999999999916667,0.4545454545437328,0.6249999995670573,0.9912109374999395,0.4545454545437328
very_large,200000,196,Hough transform baseline,4,5,1,0.640231886657102,0.8740447154471545,0.8345588235294118,0.0,0.8,0,1,255,0,66,16063,0.9999999999960785,0.7943925233620113,0.8854166661701569,0.9959716796874392,0.7943925233620113
very_large,200000,197,Hough transform baseline,2,2,0,0.9587997476568133,0.9145321637426901,0.9863013698630136,1.0,1.0,0,0,129,0,157,16098,0.9999999999922481,0.45104895104737397,0.6216867465565162,0.9904174804686895,0.45104895104737397
very_large,200000,198,Hough transform baseline,3,3,0,0.6512551663435363,0.7883643072741352,0.9824561403508771,0.0,1.0,1,2,219,2,188,15975,0.99095022623986,0.538083538082216,0.6974522288410027,0.9884033203124396,0.5354523227370771
very_large,200000,199,Hough transform baseline,1,1,0,1.0,1.0,1.0,1.0,1.0,0,0,73,0,0,16311,0.9999999999863013,0.9999999999863013,0.9999999994863014,0.9999999999999389,0.9999999999863013
very_large,200000,200,Hough transform baseline,5,5,0,0.679275974025974,0.6783333333333332,0.8701298701298701,0.4,1.0,1,2,174,15,243,15952,0.9206349206300496,0.4172661870493591,0.5742574253114564,0.9842529296874399,0.4027777777768454
very_large,200000,201,Hough transform baseline,4,6,2,0.6053369639851075,0.779431177860744,0.73963133640553,0.16,0.6666666666666667,1,5,371,19,445,15549,0.9512820512796121,0.45465686274454087,0.6152570476542357,0.9716796874999407,0.4443113772449769
very_large,200000,202,Hough transform baseline,4,7,3,0.5951934035909446,0.7024074074074074,0.6098360655737705,0.4,0.5714285714285714,1,2,212,62,390,15720,0.7737226277344025,0.3521594684379532,0.48401826440917617,0.9724121093749406,0.31927710843325413
very_large,200000,203,Hough transform baseline,1,1,0,0.9182041070050587,0.826386292834891,0.981651376146789,1.0,1.0,0,0,79,0,154,16151,0.9999999999873417,0.33905579398996116,0.5064102560288255,0.9906005859374395,0.33905579398996116
very_large,200000,204,Hough transform baseline,1,1,0,0.9091639815880322,0.8093939393939393,0.9746835443037974,1.0,1.0,0,0,80,0,160,16144,0.9999999999875,0.3333333333319445,0.49999999962187497,0.9902343749999395,0.3333333333319445
very_large,200000,205,Hough transform baseline,3,3,0,0.9533440773569701,0.9084967320261438,0.9726027397260274,1.0,1.0,0,0,76,0,40,16268,0.9999999999868421,0.6551724137874554,0.7916666661801216,0.997558593749939,0.6551724137874554
very_large,200000,206,Hough transform baseline,5,5,0,0.9113589773339149,0.920739900064627,0.9851301115241635,0.8,1.0,1,1,238,0,221,15925,0.9999999999957984,0.5185185185173888,0.6829268288166007,0.9865112304686897,0.5185185185173888
very_large,200000,207,Hough transform baseline,2,2,0,0.6775099067599067,0.3289393939393939,0.8974358974358975,1.0,1.0,0,0,41,0,82,16261,0.9999999999756098,0.3333333333306233,0.49999999961890246,0.9949951171874393,0.3333333333306233
very_large,200000,208,Hough transform baseline,1,1,0,0.972918593894542,0.9492753623188406,0.9787234042553191,1.0,1.0,0,0,95,0,186,16103,0.9999999999894736,0.3380782918137435,0.5053191485558369,0.9886474609374396,0.3380782918137435
very_large,200000,209,Hough transform baseline,3,4,1,0.5615439706862093,0.7014619883040936,0.8544303797468354,0.0,0.75,0,1,152,0,32,16200,0.9999999999934212,0.8260869565172496,0.9047619042610545,0.998046874999939,0.8260869565172496
very_large,200000,210,Hough transform baseline,2,2,0,0.953230506822612,0.904298245614035,0.9814814814814815,1.0,1.0,0,0,110,0,158,16116,0.999999999990909,0.4104477611924984,0.5820105815948602,0.9903564453124395,0.4104477611924984
very_large,200000,211,Hough transform baseline,5,7,2,0.537743749594782,0.6659924701058755,0.6902356902356903,0.1142857142857143,0.7142857142857143,1,7,246,38,393,15707,0.8661971830955416,0.3849765258209938,0.5330444199411736,0.9736938476561905,0.36336779911320033
very_large,200000,212,Hough transform baseline,1,1,0,0.6495,0.27666666666666667,0.875,1.0,1.0,0,0,15,0,21,16348,0.9999999999333333,0.4166666666550926,0.588235293679354,0.998718261718689,0.4166666666550926
very_large,200000,213,Hough transform baseline,1,1,0,1.0,1.0,1.0,1.0,1.0,0,0,40,0,0,16344,0.9999999999750001,0.9999999999750001,0.9999999994750002,0.9999999999999389,0.9999999999750001
very_large,200000,214,Hough transform baseline,2,2,0,1.0,1.0,1.0,1.0,1.0,0,0,83,0,0,16301,0.9999999999879517,0.9999999999879517,0.9999999994879518,0.9999999999999389,0.9999999999879517
very_large,200000,215,Hough transform baseline,5,5,0,0.9549610357315098,0.916632326007326,0.9623824451410659,1.0,1.0,2,2,274,10,166,15934,0.9647887323909691,0.6227272727258575,0.756906076869189,0.9892578124999396,0.6088888888875358
very_large,200000,216,Hough transform baseline,5,7,2,0.5637243243243243,0.7542222222222221,0.7644787644787645,0.0,0.7142857142857143,0,3,216,45,287,15836,0.8275862068933809,0.4294234592436791,0.5654450257266967,0.9797363281249402,0.3941605839408866
very_large,200000,217,Hough transform baseline,2,2,0,0.8921047598348185,0.7768475452196382,0.9626168224299065,1.0,1.0,0,0,109,0,218,16057,0.9999999999908257,0.33333333333231396,0.4999999996227064,0.9866943359374397,0.33333333333231396
very_large,200000,218,Hough transform baseline,1,1,0,1.0,1.0,1.0,1.0,1.0,0,0,37,0,0,16347,0.9999999999729731,0.9999999999729731,0.9999999994729731,0.9999999999999389,0.9999999999729731
very_large,200000,219,Hough transform baseline,5,7,2,0.6779901366319023,0.8328073768651019,0.8464912280701754,0.25,0.7142857142857143,1,4,178,12,116,16078,0.9368421052582272,0.605442176868689,0.7355371896026911,0.9921874999999394,0.5816993464033278
very_large,200000,220,Hough transform baseline,4,4,0,0.8060677749360614,0.8970588235294118,0.8869565217391304,0.5,1.0,1,2,204,23,142,16015,0.8986784140929575,0.5895953757208393,0.7120418843358339,0.9899291992186896,0.5528455284537863
very_large,200000,221,Hough transform baseline,3,3,0,0.9647737482643143,0.932900432900433,0.9748427672955975,1.0,1.0,0,0,162,0,194,16028,0.9999999999938273,0.45505617977400264,0.6254826250503421,0.9881591796874397,0.45505617977400264
very_large,200000,222,Hough transform baseline,5,9,4,0.5949297699886592,0.7739340407315722,0.6805194805194805,0.22000000000000003,0.5555555555555556,3,10,313,28,392,15651,0.9178885630471616,0.443971631205044,0.5984703628481239,0.9743652343749405,0.4270122783077394
very_large,200000,223,Hough transform baseline,3,4,1,0.8267785673018102,0.8242422268542643,0.9043478260869565,0.8,0.75,1,1,201,0,305,15878,0.999999999995025,0.3972332015802426,0.5685997167060132,0.98138427734369,0.3972332015802426
very_large,200000,224,Hough transform baseline,5,6,1,0.5777275504151839,0.7728333333333333,0.7330960854092528,0.0,0.8333333333333334,0,4,241,26,200,15917,0.9026217228430614,0.5464852607697359,0.6807909599802539,0.9862060546874398,0.5160599571723425
very_large,200000,225,Hough transform baseline,3,3,0,0.9864026325067576,0.976782752902156,0.984251968503937,1.0,1.0,0,0,130,0,136,16118,0.9999999999923078,0.4887218045094409,0.6565656561213141,0.9916992187499395,0.4887218045094409
very_large,200000,226,Hough transform baseline,4,4,0,0.9803740373755991,0.9642530230765526,0.9823008849557522,1.0,1.0,0,0,225,0,358,15801,0.9999999999955556,0.3859348198964221,0.5569306926660836,0.9781494140624403,0.3859348198964221
very_large,200000,227,Hough transform baseline,2,2,0,0.9635960214072353,0.9258876811594203,0.9847328244274809,1.0,1.0,0,0,112,1,203,16068,0.9911504424691049,0.3555555555544268,0.5233644855902372,0.9875488281249397,0.35443037974571384
very_large,200000,228,Hough transform baseline,2,2,0,0.9363888888888888,0.8833333333333334,0.9444444444444444,1.0,1.0,0,0,38,0,42,16304,0.9999999999736843,0.4749999999940625,0.644067796162597,0.997436523437439,0.4749999999940625
very_large,200000,229,Hough transform baseline,3,3,0,0.6157894736842106,0.7999999999999999,0.7789473684210526,0.0,1.0,0,1,137,39,110,16098,0.7784090909046681,0.5546558704430986,0.6477541366268631,0.9909057617186895,0.4790209790193041
very_large,200000,230,Hough transform baseline,5,7,2,0.6311167127928683,0.8573954644299471,0.8693009118541033,0.0,0.7142857142857143,0,1,322,13,435,15614,0.961194029847877,0.4253632760892664,0.5897435893171802,0.9726562499999406,0.4181818181812751
very_large,200000,231,Hough transform baseline,2,2,0,0.9422236842105264,0.895,0.9473684210526316,1.0,1.0,0,0,51,0,78,16255,0.9999999999803922,0.39534883720623765,0.5666666662542593,0.9952392578124393,0.39534883720623765
very_large,200000,232,Hough transform baseline,1,1,0,0.9503076923076923,0.9066666666666666,0.9615384615384616,1.0,1.0,0,0,53,0,102,16229,0.9999999999811321,0.3419354838687617,0.509615384230723,0.9937744140624393,0.3419354838687617
very_large,200000,233,Hough transform baseline,4,4,0,0.8454545454545455,0.9444444444444445,0.9772727272727273,0.5,1.0,1,2,213,1,196,15974,0.9953271027990873,0.5207823960867463,0.683788121537159,0.9879760742186897,0.5195121951206841
very_large,200000,234,Hough transform baseline,1,1,0,0.9249350649350649,0.8585858585858586,0.9428571428571428,1.0,1.0,0,0,24,2,100,16258,0.9230769230414201,0.19354838709521333,0.3199999997091555,0.9937744140624393,0.19047619047467876
very_large,200000,235,Hough transform baseline,4,4,0,0.9690511363636364,0.93375,0.9943181818181818,1.0,1.0,1,1,152,0,135,16097,0.9999999999934212,0.5296167247368306,0.6924829152616686,0.9917602539061895,0.5296167247368306
very_large,200000,236,Hough transform baseline,4,4,0,0.8117825919621378,0.8813422678523697,0.9508928571428571,0.5,1.0,1,2,218,2,295,15869,0.9909090909045868,0.42495126705570185,0.5948158249534384,0.98187255859369,0.4233009708729645
very_large,200000,237,Hough transform baseline,3,4,1,0.5367324561403508,0.7001461988304093,0.7333333333333334,0.0,0.75,0,1,196,3,304,15881,0.9849246231106286,0.39199999999921603,0.5608011440832417,0.98126220703119,0.3896620278322273
very_large,200000,238,Hough transform baseline,1,1,0,0.9363977485928706,0.8803418803418804,0.9512195121951219,1.0,1.0,0,0,42,0,80,16262,0.9999999999761906,0.3442622950791454,0.5121951215639501,0.9951171874999393,0.3442622950791454
very_large,200000,239,Hough transform baseline,4,4,0,0.9613441461595823,0.9290123456790123,0.9664429530201343,1.0,1.0,0,0,138,2,190,16054,0.985714285707245,0.42073170731579046,0.5897435893217546,0.9882812499999396,0.418181818180551
very_large,200000,240,Hough transform baseline,2,2,0,1.0,1.0,1.0,1.0,1.0,0,0,69,0,0,16315,0.9999999999855071,0.9999999999855071,0.9999999994855071,0.9999999999999389,0.9999999999855071
very_large,200000,241,Hough transform baseline,2,2,0,0.9882539768717086,0.9793510324483776,0.9877300613496932,1.0,1.0,0,0,165,0,228,15991,0.9999999999939394,0.41984732824320653,0.5913978490437237,0.9860839843749398,0.41984732824320653
very_large,200000,242,Hough transform baseline,4,4,0,0.6130532094594595,0.8302083333333334,0.6972972972972973,0.0,1.0,0,1,113,37,149,16085,0.7533333333283112,0.431297709922018,0.5485436888546753,0.9886474609374396,0.3779264214034183
very_large,200000,243,Hough transform baseline,1,1,0,0.9585483870967743,0.9222222222222223,0.967741935483871,1.0,1.0,0,0,63,0,122,16199,0.999999999984127,0.3405405405386998,0.5080645157459353,0.9925537109374394,0.3405405405386998
very_large,200000,244,Hough transform baseline,4,5,1,0.6073564621579739,0.7094790068156996,0.6654545454545455,0.3,0.8,1,2,136,94,294,15860,0.591304347823516,0.31627906976670633,0.41212121166587695,0.9763183593749404,0.25954198473232915
very_large,200000,245,Hough transform baseline,4,3,1,0.81205734149764,0.7214759535655059,0.811965811965812,1.0,0.75,0,0,193,0,348,15843,0.9999999999948187,0.3567467652488785,0.5258855581940657,0.9787597656249403,0.3567467652488785
very_large,200000,246,Hough transform baseline,2,2,0,1.0,1.0,1.0,1.0,1.0,0,0,144,0,0,16240,0.9999999999930557,0.9999999999930557,0.9999999994930557,0.9999999999999389,0.9999999999930557
very_large,200000,247,Hough transform baseline,1,1,0,0.9699929128277817,0.9437751004016064,0.9764705882352941,1.0,1.0,0,0,86,0,168,16130,0.9999999999883721,0.33858267716402135,0.5058823525602768,0.9897460937499396,0.33858267716402135
very_large,200000,248,Hough transform baseline,2,2,0,1.0,1.0,1.0,1.0,1.0,0,0,69,0,112,16203,0.9999999999855071,0.38121546961115355,0.5519999995959359,0.9931640624999394,0.38121546961115355
very_large,200000,249,Hough transform baseline,3,3,0,0.9526022827746967,0.9099974099974102,0.9655172413793104,1.0,1.0,1,1,176,0,334,15874,0.9999999999943182,0.34509803921500964,0.5131195331447271,0.9796142578124402,0.34509803921500964
very_large,200000,250,Hough transform baseline,5,7,2,0.6997668015796293,0.8543848877249139,0.9693251533742331,0.19999999999999998,0.7142857142857143,1,3,328,1,403,15652,0.9969604863191582,0.44870041039610303,0.6188679240990477,0.9753417968749405,0.44808743169337695
very_large,200000,251,Hough transform baseline,2,2,0,0.5867570093457944,0.8200000000000001,0.5887850467289719,0.0,1.0,0,1,56,30,53,16245,0.6511627906901027,0.5137614678851948,0.5743589738600393,0.9949340820311893,0.40287769783882826
very_large,200000,252,Hough transform baseline,3,3,0,0.9656627910365125,0.9332530362340662,0.978494623655914,1.0,1.0,0,0,189,0,198,15997,0.999999999994709,0.48837209302199386,0.6562499995568033,0.9879150390624397,0.48837209302199386
very_large,200000,253,Hough transform baseline,4,4,0,0.7832983949320649,0.8266080191272857,0.9316239316239316,0.5,1.0,1,2,314,12,400,15658,0.9631901840461252,0.43977591036352975,0.6038461534145858,0.9748535156249405,0.4325068870517459
very_large,200000,254,Hough transform baseline,2,2,0,1.0,1.0,1.0,1.0,1.0,0,0,135,0,0,16249,0.9999999999925927,0.9999999999925927,0.9999999994925928,0.9999999999999389,0.9999999999925927
very_large,200000,255,Hough transform baseline,5,6,1,0.7017889288438488,0.7288431222984998,0.9166666666666666,0.42857142857142855,0.8333333333333334,4,7,265,20,466,15633,0.9298245614002463,0.3625170998627052,0.5216535429024098,0.9703369140624407,0.3528628495334849
very_large,200000,256,Hough transform baseline,4,5,1,0.5683424787825578,0.8875272331154684,0.4447761194029851,0.0,0.8,0,4,159,168,243,15814,0.4862385321086048,0.3955223880587176,0.43621399127364274,0.9749145507811905,0.2789473684205633
very_large,200000,257,Hough transform baseline,3,4,1,0.9244423955040393,0.9180911680911681,0.9315068493150684,1.0,0.75,0,0,187,0,337,15860,0.9999999999946525,0.35687022900695253,0.5260196901875016,0.9794311523436902,0.35687022900695253
very_large,200000,258,Hough transform baseline,3,3,0,0.7800770416024653,0.5414141414141415,0.9322033898305084,1.0,1.0,0,0,49,0,63,16272,0.9999999999795919,0.43749999999609374,0.6086956517429112,0.9961547851561892,0.43749999999609374
very_large,200000,259,Hough transform baseline,1,1,0,1.0,1.0,1.0,1.0,1.0,0,0,86,0,0,16298,0.9999999999883721,0.9999999999883721,0.9999999994883721,0.9999999999999389,0.9999999999883721
very_large,200000,260,Hough transform baseline,4,5,1,0.6113282272956186,0.7320807453416149,0.7594594594594595,0.2,0.8,1,5,237,53,492,15602,0.8172413793075268,0.32510288065799026,0.46516192304625464,0.9667358398436909,0.30306905370805237
very_large,200000,261,Hough transform baseline,4,4,0,0.991719289513796,0.9852414083913135,0.9918032786885246,1.0,1.0,0,0,245,0,200,15939,0.9999999999959184,0.5505617977515718,0.7101449270761814,0.9877929687499397,0.5505617977515718
very_large,200000,262,Hough transform baseline,3,5,2,0.8527153110047847,0.8423976608187135,0.8181818181818181,1.0,0.6,0,0,104,0,104,16176,0.9999999999903846,0.4999999999975962,0.6666666662179488,0.9936523437499393,0.4999999999975962
very_large,200000,263,Hough transform baseline,3,3,0,0.6650249753763895,0.8607890499194847,0.8883495145631068,0.0,1.0,0,1,188,20,140,16036,0.9038461538418084,0.5731707317055696,0.7014925368358766,0.9902343749999395,0.5402298850559188
very_large,200000,264,Hough transform baseline,4,4,0,0.9669114931029349,0.9314358443876516,0.9888268156424581,1.0,1.0,3,3,328,0,466,15590,0.9999999999969512,0.4130982367752984,0.5846702313142625,0.9715576171874407,0.4130982367752984
very_large,200000,265,Hough transform baseline,1,1,0,0.9471558836300478,0.900709219858156,0.9591836734693877,1.0,1.0,0,0,50,0,100,16234,0.9999999999800001,0.33333333333111115,0.4999999996200001,0.9938964843749393,0.33333333333111115
very_large,200000,266,Hough transform baseline,1,1,0,1.0,1.0,1.0,1.0,1.0,0,0,28,0,0,16356,0.9999999999642857,0.9999999999642857,0.9999999994642856,0.9999999999999389,0.9999999999642857
very_large,200000,267,Hough transform baseline,1,1,0,1.0,1.0,1.0,1.0,1.0,0,0,57,0,0,16327,0.9999999999824563,0.9999999999824563,0.9999999994824562,0.9999999999999389,0.9999999999824563
very_large,200000,268,Hough transform baseline,4,4,0,0.8924174436674436,0.9262345679012345,0.9405594405594405,0.75,1.0,3,4,249,9,279,15847,0.9651162790660267,0.47159090909001594,0.6335877858169298,0.98242187499994,0.46368715083712536
very_large,200000,269,Hough transform baseline,5,6,1,0.5716606549088168,0.750102381278852,0.75390625,0.0,0.8333333333333334,0,1,199,33,259,15893,0.857758620685958,0.4344978165929378,0.5768115937548666,0.98217773437494,0.4052953156814556
very_large,200000,270,Hough transform baseline,2,3,1,0.46848389355742304,0.5194444444444445,0.8403361344537815,0.0,0.6666666666666667,0,1,114,0,26,16244,0.999999999991228,0.814285714279898,0.8976377947737614,0.998413085937439,0.814285714279898
very_large,200000,271,Hough transform baseline,4,4,0,0.9380145827639274,0.8796351373649037,0.9608938547486033,1.0,1.0,0,0,174,2,209,15999,0.9886363636307465,0.4543080939935919,0.6225402500135624,0.9871215820311897,0.4519480519468781
very_large,200000,272,Hough transform baseline,3,3,0,0.9508528265107212,0.9063786008230453,0.9649122807017544,1.0,1.0,0,0,117,0,160,16107,0.999999999991453,0.4223826714786196,0.5939086290210647,0.9902343749999395,0.4223826714786196
very_large,200000,273,Hough transform baseline,3,4,1,0.6475204991087344,0.8526599326599327,0.6941176470588235,0.2,0.75,1,4,185,33,199,15967,0.8486238532071164,0.48177083333207876,0.614617939735312,0.9858398437499398,0.4436450839317898
very_large,200000,274,Hough transform baseline,1,1,0,1.0,1.0,1.0,1.0,1.0,0,0,55,0,0,16329,0.9999999999818182,0.9999999999818182,0.9999999994818183,0.9999999999999389,0.9999999999818182
very_large,200000,275,Hough transform baseline,3,3,0,0.9842118076688983,0.970649895178197,0.9870967741935484,1.0,1.0,1,1,157,0,106,16121,0.9999999999936307,0.5969581749026732,0.7476190471473356,0.9935302734374394,0.5969581749026732
very_large,200000,276,Hough transform baseline,2,3,1,0.6779358974358974,0.8951282051282051,0.7923076923076923,0.19999999999999998,0.6666666666666667,1,3,118,0,27,16239,0.9999999999915254,0.8137931034426635,0.897338402540271,0.998352050781189,0.8137931034426635
very_large,200000,277,Hough transform baseline,5,5,0,0.9590763495064063,0.9183178137179399,0.9791666666666666,1.0,1.0,0,0,192,0,130,16062,0.9999999999947917,0.5962732919236141,0.7470817115913337,0.9920654296874394,0.5962732919236141
very_large,200000,278,Hough transform baseline,4,5,1,0.9487994171082179,0.9416393082514578,0.9753086419753086,1.0,0.8,1,1,246,0,418,15720,0.999999999995935,0.37048192771028543,0.5406593402636493,0.9744873046874405,0.37048192771028543
very_large,200000,279,Hough transform baseline,1,1,0,1.0,1.0,1.0,1.0,1.0,0,0,47,0,0,16337,0.9999999999787235,0.9999999999787235,0.9999999994787234,0.9999999999999389,0.9999999999787235
very_large,200000,280,Hough transform baseline,5,5,0,0.7192074301020167,0.8351556846408106,0.9044368600682594,0.25,1.0,1,4,269,18,409,15688,0.937282229961891,0.39675516224130275,0.5575129529488061,0.9739379882811905,0.3864942528730079
very_large,200000,281,Hough transform baseline,3,3,0,0.9805265322912382,0.9648064353946708,0.9818181818181818,1.0,1.0,0,0,108,0,132,16144,0.9999999999907407,0.449999999998125,0.6206896547407847,0.9919433593749394,0.449999999998125
very_large,200000,282,Hough transform baseline,4,4,0,0.9692097609894702,0.9407885304659498,0.9792746113989638,1.0,1.0,0,0,197,0,240,15947,0.999999999994924,0.4508009153307762,0.6214511036706356,0.9853515624999398,0.4508009153307762
very_large,200000,283,Hough transform baseline,5,6,1,0.5219759407259408,0.6702741702741702,0.5913461538461539,0.075,0.8333333333333334,1,8,250,114,216,15804,0.6868131868113,0.5364806866941277,0.6024096380603164,0.9798583984374402,0.43103448275787754
very_large,200000,284,Hough transform baseline,1,1,0,0.906443083156473,0.8042723004694835,0.9726027397260274,1.0,1.0,0,0,74,0,148,16162,0.9999999999864865,0.33333333333183185,0.4999999996216216,0.9909667968749395,0.33333333333183185
very_large,200000,285,Hough transform baseline,4,6,2,0.8827646220509657,0.8272563472563472,0.9691629955947136,1.0,0.6666666666666667,0,0,232,1,448,15703,0.9957081545021644,0.3411764705877336,0.5082146765081139,0.9725952148436906,0.34067547723885366
very_large,200000,286,Hough transform baseline,1,1,0,0.8704260651629073,0.7543859649122807,0.9047619047619048,1.0,1.0,0,0,22,0,40,16322,0.9999999999545455,0.3548387096716962,0.5238095234104307,0.997558593749939,0.3548387096716962
very_large,200000,287,Hough transform baseline,5,8,3,0.60630761996711,0.7657132861016356,0.9961832061068703,0.0,0.625,1,0,268,0,307,15809,0.9999999999962687,0.4660869565209286,0.6358244361009838,0.98126220703119,0.4660869565209286
very_large,200000,288,Hough transform baseline,3,3,0,0.9862556896892936,0.9749103942652331,0.9877300613496932,1.0,1.0,0,0,166,0,126,16092,0.9999999999939759,0.5684931506829847,0.7248908292290003,0.9923095703124394,0.5684931506829847
very_large,200000,289,Hough transform baseline,1,2,1,0.8959812524930196,0.9492753623188406,0.8440366972477065,1.0,0.5,0,0,111,0,174,16099,0.999999999990991,0.38947368420915973,0.5606060601997628,0.9893798828124396,0.38947368420915973
very_large,200000,290,Hough transform baseline,3,4,1,0.9391135067712046,0.9569672131147542,0.9173913043478261,1.0,0.75,0,0,164,2,216,16002,0.9879518072229642,0.4315789473672853,0.6007326003072093,0.9866943359374397,0.4293193717266248
very_large,200000,291,Hough transform baseline,3,5,2,0.5433327150680092,0.7625258591925258,0.7009803921568627,0.0,0.6,0,1,189,0,263,15932,0.999999999994709,0.4181415929194289,0.5897035877258573,0.9839477539061899,0.4181415929194289
very_large,200000,292,Hough transform baseline,3,5,2,0.5639473684210528,0.7666666666666667,0.7947368421052632,0.0,0.6,0,1,173,21,27,16163,0.891752577314991,0.864999999995675,0.8781725883281455,0.9970703124999392,0.7828054298607113
very_large,200000,293,Hough transform baseline,5,5,0,0.9284873737373737,0.8981818181818181,0.8715277777777778,1.0,1.0,0,0,254,39,101,15990,0.8668941979492598,0.7154929577444634,0.7839506167861082,0.9914550781249395,0.6446700507597851
very_large,200000,294,Hough transform baseline,3,3,0,0.9224710910005028,0.8335232668566003,0.9869281045751634,1.0,1.0,0,0,149,0,94,16141,0.9999999999932887,0.6131687242773121,0.7602040811575255,0.9942626953124393,0.6131687242773121
very_large,200000,295,Hough transform baseline,5,5,0,0.9841815031405674,0.9721637426900585,0.9835390946502057,1.0,1.0,0,0,248,0,276,15860,0.9999999999959678,0.4732824427471884,0.6424870461943677,0.9831542968749399,0.4732824427471884
very_large,200000,296,Hough transform baseline,5,5,0,0.6895609324857429,0.8245429666119322,0.7800829875518672,0.25,1.0,1,4,184,30,129,16041,0.8598130841081317,0.5878594249182497,0.6982922196288469,0.9902954101561895,0.5364431486864827
very_large,200000,297,Hough transform baseline,4,5,1,0.8651256230007467,0.8768652119960508,0.9526813880126183,0.8,0.8,1,1,313,2,391,15678,0.9936507936476392,0.4446022727266412,0.6143277718974692,0.9760131835936904,0.44334277620333806
very_large,200000,298,Hough transform baseline,4,4,0,0.7342967189180882,0.8739711934156378,0.7883817427385892,0.3333333333333333,1.0,1,3,190,43,134,16017,0.8154506437733243,0.5864197530846098,0.6822262113600881,0.9891967773436896,0.5177111716607147
very_large,200000,299,Hough transform baseline,5,12,7,0.4470200624344739,0.6359136822773186,0.4235474006116208,0.13793103448275862,0.41666666666666663,4,29,364,144,473,15403,0.7165354330694557,0.4348864994021089,0.5412639400495582,0.9623413085936913,0.3710499490312222
very_large,200000,300,Hough transform baseline,2,2,0,0.9573717948717949,0.9166666666666667,0.9743589743589743,1.0,1.0,0,0,68,0,72,16244,0.9999999999852941,0.4857142857108164,0.6538461533997781,0.9956054687499392,0.4857142857108164
very_large,200000,301,Hough transform baseline,5,9,4,0.6780741817789757,0.8474417478756919,0.7995991983967936,0.325,0.5555555555555556,3,8,439,18,575,15352,0.9606126914639812,0.43293885601535215,0.5968728751657113,0.9638061523436912,0.4253875968988126
very_large,200000,302,Hough transform baseline,1,1,0,0.8250000000000001,0.6666666666666667,0.875,1.0,1.0,0,0,17,0,30,16337,0.9999999999411765,0.3617021276518787,0.5312499995932617,0.998168945312439,0.3617021276518787
very_large,200000,303,Hough transform baseline,5,7,2,0.49971452460582905,0.65,0.6789297658862876,0.0,0.7142857142857143,0,3,233,66,238,15847,0.7792642140442165,0.49469214437262277,0.6051948047181818,0.98144531249994,0.43389199255040245
very_large,200000,304,Hough transform baseline,3,4,1,0.8936132448076268,0.9618787878787879,0.9288389513108615,0.8,0.75,1,1,227,3,182,15972,0.9869565217348394,0.5550122249375183,0.7104851325573557,0.9887084960936896,0.5509708737850705
very_large,200000,305,Hough transform baseline,5,7,2,0.9233831168831169,0.9033333333333333,0.9772727272727273,1.0,0.7142857142857143,1,1,225,0,266,15893,0.9999999999955556,0.45824847250415834,0.6284916196789856,0.9837646484374399,0.45824847250415834
very_large,200000,306,Hough transform baseline,3,2,1,0.7402222222222222,0.5066666666666666,0.9777777777777777,1.0,0.6666666666666667,0,0,120,14,18,16232,0.8955223880530185,0.8695652173850033,0.8823529406700908,0.998046874999939,0.7894736842053325
very_large,200000,307,Hough transform baseline,3,4,1,0.5929859895410277,0.7943548305590087,0.8026315789473684,0.0,0.75,0,2,134,14,201,16035,0.9054054053992878,0.399999999998806,0.5548654240032921,0.9868774414061897,0.38395415472669353
very_large,200000,308,Hough transform baseline,4,4,0,0.8877568795430945,0.7900308641975309,0.9112149532710281,1.0,1.0,0,0,192,7,116,16069,0.9648241205981668,0.6233766233745994,0.7573964492242647,0.9924926757811894,0.6095238095218746
very_large,200000,309,Hough transform baseline,1,1,0,0.9713676869430453,0.946360153256705,0.9775280898876404,1.0,1.0,0,0,77,1,125,16181,0.987179487166831,0.38118811880999415,0.5499999995941326,0.9923095703124394,0.3793103448257177
very_large,200000,310,Hough transform baseline,5,11,6,0.5267291446824958,0.7396095602992154,0.511482254697286,0.18461538461538465,0.4545454545454546,3,13,246,151,386,15601,0.6196473551621672,0.38924050632849805,0.4781341103123208,0.9672241210936909,0.3141762452103267
very_large,200000,311,Hough transform baseline,5,5,0,0.8096780240351669,0.8835626535626535,0.935374149659864,0.5,1.0,1,2,282,15,201,15886,0.9494949494917526,0.5838509316758098,0.723076922603501,0.9868164062499397,0.5662650602398268
very_large,200000,312,Hough transform baseline,4,6,2,0.6208967457980616,0.8771464646464647,0.7975708502024291,0.0,0.6666666666666667,0,2,211,18,356,15799,0.9213973799086402,0.37213403880004914,0.5301507533576646,0.9771728515624404,0.3606837606831441
very_large,200000,313,Hough transform baseline,2,2,0,0.9450021367521367,0.8901282051282051,0.9722222222222222,1.0,1.0,0,0,74,0,110,16200,0.9999999999864865,0.4021739130412926,0.5736434104391563,0.9932861328124394,0.4021739130412926
very_large,200000,314,Hough transform baseline,5,5,0,0.5801764527179712,0.7345736269050761,0.7480916030534351,0.0,1.0,0,2,287,69,552,15476,0.8061797752786344,0.34207389749661254,0.4803347276143512,0.9620971679686913,0.3160792951538369
very_large,200000,315,Hough transform baseline,2,3,1,0.917089788483305,0.9328399122807017,0.9032258064516129,1.0,0.6666666666666667,1,1,157,0,272,15955,0.9999999999936307,0.3659673659665129,0.535836177080298,0.9833984374999399,0.3659673659665129
very_large,200000,316,Hough transform baseline,5,6,1,0.59473816713126,0.691274906600249,0.7516556291390728,0.2,0.8333333333333334,1,5,246,47,181,15910,0.8395904436831414,0.5761124121766368,0.6833333328487539,0.9860839843749398,0.518987341771057
very_large,200000,317,Hough transform baseline,2,4,2,0.5391699352480095,0.80607367475292,0.4655172413793104,0.13333333333333333,0.5,1,6,118,19,134,16113,0.8613138686068518,0.46825396825211013,0.6066838041678286,0.9906616210936895,0.4354243542419357
very_large,200000,318,Hough transform baseline,3,3,0,0.7573200308463467,0.7073534263007948,0.945054945054945,0.6,1.0,1,1,86,0,155,16143,0.9999999999883721,0.35684647302756495,0.5259938834011727,0.9905395507811895,0.35684647302756495
very_large,200000,319,Hough transform baseline,2,2,0,0.9311014344262295,0.86875,0.9508196721311475,1.0,1.0,0,0,57,0,58,16269,0.9999999999824563,0.49565217390873345,0.6627906972235668,0.9964599609374392,0.49565217390873345
very_large,200000,320,Hough transform baseline,2,2,0,0.916619092039801,0.8213425925925926,0.9850746268656716,1.0,1.0,0,0,62,0,40,16282,0.999999999983871,0.6078431372489427,0.7560975604961332,0.997558593749939,0.6078431372489427
very_large,200000,321,Hough transform baseline,4,6,2,0.8848742962531547,0.857843137254902,0.9108910891089109,1.0,0.6666666666666667,0,0,199,0,183,16002,0.9999999999949749,0.5209424083755997,0.6850258171031843,0.9888305664061896,0.5209424083755997
very_large,200000,322,Hough transform baseline,2,2,0,1.0,1.0,1.0,1.0,1.0,0,0,162,0,45,16177,0.9999999999938273,0.7826086956483932,0.8780487799904819,0.9972534179686892,0.7826086956483932
very_large,200000,323,Hough transform baseline,2,2,0,0.9678126815713022,0.9398686371100163,0.9743589743589743,1.0,1.0,0,0,72,0,115,16197,0.9999999999861111,0.3850267379658555,0.5559845555788375,0.9929809570311894,0.3850267379658555
very_large,200000,324,Hough transform baseline,5,5,0,0.9922915242652085,0.9860446570972886,0.9928571428571429,1.0,1.0,0,0,279,0,163,15942,0.9999999999964158,0.6312217194555855,0.7739251035455996,0.9900512695311895,0.6312217194555855
very_large,200000,325,Hough transform baseline,5,5,0,0.9635823138440611,0.9271895152902019,0.9817351598173516,1.0,1.0,0,0,217,0,128,16039,0.9999999999953918,0.6289855072445537,0.772241992405751,0.9921874999999394,0.6289855072445537
very_large,200000,326,Hough transform baseline,4,4,0,0.9616728266728266,0.9244381133270021,0.9783783783783784,1.0,1.0,1,1,162,0,184,16038,0.9999999999938273,0.4682080924841959,0.6377952751536363,0.9887695312499396,0.4682080924841959
very_large,200000,327,Hough transform baseline,3,3,0,0.6757780490649467,0.8591587167976056,0.9457831325301205,0.0,1.0,0,1,168,0,326,15890,0.9999999999940477,0.3400809716592306,0.5075528697103532,0.9801025390624402,0.3400809716592306
very_large,200000,328,Hough transform baseline,3,5,2,0.5388983050847458,0.7666666666666667,0.6694915254237288,0.0,0.6,0,1,211,8,159,16006,0.9634703196303038,0.570270270268729,0.7164685903623476,0.9898071289061896,0.5582010581995815
very_large,200000,329,Hough transform baseline,2,2,0,0.9621281464530893,0.927536231884058,0.9736842105263158,1.0,1.0,0,0,74,0,120,16190,0.9999999999864865,0.381443298967106,0.552238805566273,0.9926757812499394,0.381443298967106
very_large,200000,330,Hough transform baseline,4,3,1,0.7992975500526871,0.6491239316239317,0.910958904109589,1.0,0.75,0,0,112,24,274,15974,0.8235294117586506,0.29015544041375607,0.42911877355940165,0.98181152343744,0.2731707317066508
very_large,200000,331,Hough transform baseline,1,1,0,0.8946046312178387,0.7819496855345912,0.9636363636363636,1.0,1.0,0,0,56,0,112,16216,0.999999999982143,0.33333333333134924,0.4999999996205357,0.9931640624999394,0.33333333333134924
very_large,200000,332,Hough transform baseline,5,6,1,0.8744441632082329,0.9601297253471166,0.9619289340101522,0.6666666666666666,0.8333333333333334,2,3,391,2,534,15457,0.9949109414732954,0.42270270270224575,0.5933232165760106,0.9672851562499409,0.42179072276114155
very_large,200000,333,Hough transform baseline,3,3,0,0.9875155279503106,0.9777777777777779,0.9875776397515528,1.0,1.0,0,0,164,0,142,16078,0.9999999999939025,0.5359477124165493,0.6978723399682029,0.9913330078124395,0.5359477124165493
very_large,200000,334,Hough transform baseline,5,8,3,0.4923868421052632,0.7003333333333334,0.5736842105263158,0.0,0.625,0,9,297,56,205,15826,0.8413597733687214,0.5916334661342796,0.6947368416188228,0.9840698242186899,0.5322580645151752
very_large,200000,335,Hough transform baseline,4,7,3,0.5159988761238762,0.6802417027417028,0.6208791208791209,0.1142857142857143,0.5714285714285714,1,7,268,69,375,15672,0.7952522255169281,0.4167962674954638,0.5469387750578363,0.9729003906249406,0.3764044943814938
very_large,200000,336,Hough transform baseline,4,7,3,0.7248004951312522,0.9550263253449529,0.7394789579158316,0.36,0.5714285714285714,2,5,367,70,619,15328,0.8398169336365222,0.37221095334647847,0.5158116650691298,0.9579467773436915,0.34753787878754966
very_large,200000,337,Hough transform baseline,1,1,0,0.9634033613445377,0.9313725490196079,0.9714285714285714,1.0,1.0,0,0,71,0,138,16175,0.9999999999859155,0.33971291865866166,0.5071428567606888,0.9915771484374395,0.33971291865866166
very_large,200000,338,Hough transform baseline,5,6,1,0.6274169861146607,0.74998778998779,0.7829457364341086,0.2,0.8333333333333334,1,4,297,58,466,15563,0.8366197183075025,0.38925294888546624,0.5313059029645658,0.9680175781249409,0.36175395858664827
very_large,200000,339,Hough transform baseline,3,5,2,0.477186266932433,0.7267162944582299,0.4508196721311475,0.0,0.6,0,2,143,44,213,15984,0.7647058823488518,0.40168539325729863,0.5267034986256829,0.9843139648436899,0.35749999999910625
very_large,200000,340,Hough transform baseline,2,2,0,0.5973958333333333,0.78125,0.7291666666666667,0.0,1.0,0,1,62,23,62,16237,0.729411764697301,0.4999999999959677,0.5933014349184312,0.9948120117186893,0.42176870748012407
very_large,200000,341,Hough transform baseline,4,7,3,0.6065805633716908,0.8603733877484223,0.6030150753768844,0.16666666666666666,0.5714285714285714,1,6,268,51,454,15611,0.8401253918468962,0.3711911357335579,0.5148895288726959,0.9691772460936908,0.3467011642945062
very_large,200000,342,Hough transform baseline,5,5,0,0.7173452749014412,0.9398226395409495,0.9721254355400697,0.0,1.0,0,1,286,5,92,16001,0.9828178694124302,0.756613756611755,0.8550074733474544,0.9940795898436893,0.7467362924262487
very_large,200000,343,Hough transform baseline,2,3,1,0.5562078431372549,0.9205490196078431,0.3764705882352941,0.0,0.6666666666666667,0,2,62,69,78,16175,0.4732824427444788,0.44285714285397965,0.4575645751429311,0.9910278320311895,0.2966507177019299
very_large,200000,344,Hough transform baseline,5,6,1,0.8080256808078687,0.7163464419475655,0.7616822429906542,1.0,0.8333333333333334,0,0,165,33,257,15929,0.8333333333291246,0.3909952606625806,0.5322580640796775,0.98229980468744,0.36263736263656565
very_large,200000,345,Hough transform baseline,3,3,0,0.9693683502507032,0.943941679235797,0.972972972972973,1.0,1.0,0,0,175,0,332,15877,0.9999999999942858,0.34516765285927975,0.5131964805554003,0.9797363281249402,0.34516765285927975
very_large,200000,346,Hough transform baseline,3,5,2,0.6932630802670394,0.8287524366471735,0.8849557522123894,0.3333333333333333,0.6,1,3,108,6,146,16124,0.9473684210443213,0.4251968503920268,0.5869565213083058,0.9907226562499395,0.41538461538301774
very_large,200000,347,Hough transform baseline,3,3,0,1.0,1.0,1.0,1.0,1.0,0,0,176,0,0,16208,0.9999999999943182,0.9999999999943182,0.9999999994943183,0.9999999999999389,0.9999999999943182
very_large,200000,348,Hough transform baseline,2,4,2,0.5579406474820144,0.825,0.6834532374100719,0.0,0.5,0,1,125,0,46,16213,0.999999999992,0.7309941520425088,0.8445945941009632,0.9971923828124392,0.7309941520425088
very_large,200000,349,Hough transform baseline,1,1,0,0.9628596149686351,0.9303482587064676,0.9710144927536232,1.0,1.0,0,0,70,0,136,16178,0.9999999999857142,0.33980582524106895,0.5072463764293216,0.9916992187499395,0.33980582524106895
very_large,200000,350,Hough transform baseline,5,5,0,0.8499600687258674,0.7884541319629039,0.9757785467128027,0.8,1.0,1,1,232,0,341,15811,0.9999999999956897,0.4048865619539182,0.5763975151162378,0.9791870117186902,0.4048865619539182
very_large,200000,351,Hough transform baseline,2,3,1,0.9341169795117163,0.9935897435897436,0.8516746411483254,1.0,0.6666666666666667,1,1,184,9,187,16004,0.9533678756427287,0.4959568733140271,0.652482269051035,0.9880371093749397,0.4842105263145152
very_large,200000,352,Hough transform baseline,2,2,0,0.9589031492666091,0.9232456140350878,0.9672131147540983,1.0,1.0,0,0,57,0,82,16245,0.9999999999824563,0.41007194244309303,0.5816326526428052,0.9949951171874393,0.41007194244309303
very_large,200000,353,Hough transform baseline,4,4,0,0.9407732447817837,0.8970588235294118,0.935483870967742,1.0,1.0,0,0,144,10,36,16194,0.9350649350588632,0.7999999999955556,0.862275448599663,0.9971923828124392,0.7578947368381164
very_large,200000,354,Hough transform baseline,5,6,1,0.8988846153846154,0.8337037037037036,0.9519230769230769,1.0,0.8333333333333334,0,0,214,0,257,15913,0.9999999999953272,0.45435244161262345,0.6248175178167318,0.9843139648436899,0.45435244161262345
very_large,200000,355,Hough transform baseline,4,5,1,0.5982299465240641,0.7661002178649237,0.8674242424242424,0.0,0.8,1,1,231,14,295,15844,0.9428571428532945,0.4391634980980244,0.5992217894481302,0.98114013671869,0.4277777777769856
very_large,200000,356,Hough transform baseline,5,5,0,0.9607838471735953,0.9189412737799835,0.9863013698630136,1.0,1.0,1,1,218,5,2,16159,0.9775784753319392,0.9909090909045868,0.9841986450937737,0.9995727539061889,0.9688888888845828
very_large,200000,357,Hough transform baseline,4,6,2,0.5282497507477567,0.7445098039215686,0.6327683615819208,0.0,0.6666666666666667,0,3,157,12,214,16001,0.9289940828347397,0.4231805929907731,0.5814814810492935,0.9862060546874398,0.4099216710172065
very_large,200000,358,Hough transform baseline,3,3,0,1.0,1.0,1.0,1.0,1.0,0,0,81,0,130,16173,0.9999999999876543,0.38388625592235126,0.5547945201432493,0.9920654296874394,0.38388625592235126
very_large,200000,359,Hough transform baseline,3,3,0,0.9751842751842751,0.9528619528619529,0.9819819819819819,1.0,1.0,0,0,114,0,72,16198,0.999999999991228,0.6129032258031565,0.7599999995237333,0.9956054687499392,0.6129032258031565
very_large,200000,360,Hough transform baseline,5,5,0,0.8748713087248322,0.7398333333333333,0.9597315436241611,1.0,1.0,0,0,135,2,221,16026,0.9854014598468219,0.3792134831450022,0.5476673423956321,0.9863891601561897,0.3770949720659858
very_large,200000,361,Hough transform baseline,1,1,0,1.0,1.0,1.0,1.0,1.0,0,0,17,0,0,16367,0.9999999999411765,0.9999999999411765,0.9999999994411766,0.9999999999999389,0.9999999999411765
very_large,200000,362,Hough transform baseline,1,1,0,1.0,1.0,1.0,1.0,1.0,0,0,30,0,6,16348,0.9999999999666667,0.8333333333101852,0.9090909085674931,0.9996337890624389,0.8333333333101852
very_large,200000,363,Hough transform baseline,5,6,1,0.7956918238993711,0.6333333333333333,0.8867924528301887,1.0,0.8333333333333334,1,1,144,19,195,16026,0.8834355828166661,0.4247787610606939,0.5737051788420422,0.9869384765624397,0.40223463687038485
very_large,200000,364,Hough transform baseline,1,2,1,0.8315057714505579,0.8192753623188406,0.8141592920353982,1.0,0.5,0,0,95,0,190,16099,0.9999999999894736,0.33333333333216375,0.49999999962236835,0.9884033203124396,0.33333333333216375
very_large,200000,365,Hough transform baseline,4,7,3,0.6833232522499436,0.8145278621427317,0.8482142857142857,0.36,0.5714285714285714,2,5,216,0,364,15804,0.9999999999953704,0.3724137931028062,0.5427135674423879,0.9777832031249403,0.3724137931028062
very_large,200000,366,Hough transform baseline,4,5,1,0.8776436205359888,0.8179959244234092,0.8977272727272727,1.0,0.8,0,0,164,2,364,15854,0.9879518072229642,0.31060606060547236,0.47262247802084567,0.9776611328124403,0.3094339622635671
very_large,200000,367,Hough transform baseline,1,1,0,1.0,1.0,1.0,1.0,1.0,0,0,13,0,15,16356,0.9999999999230769,0.4642857142691327,0.634146340999405,0.999084472656189,0.4642857142691327
very_large,200000,368,Hough transform baseline,5,8,3,0.5127175163910972,0.7937875910098132,0.46506550218340614,0.0,0.625,0,6,289,58,346,15691,0.8328530259341993,0.45511811023550375,0.5885947042261253,0.9753417968749405,0.4170274170268153
very_large,200000,369,Hough transform baseline,1,1,0,1.0,1.0,1.0,1.0,1.0,0,0,62,0,0,16322,0.999999999983871,0.999999999983871,0.9999999994838711,0.9999999999999389,0.999999999983871
very_large,200000,370,Hough transform baseline,4,7,3,0.4639763870828188,0.7051985922574158,0.44747081712062253,0.0,0.5714285714285714,0,3,167,73,150,15994,0.6958333333304341,0.5268138801245211,0.599640933080113,0.9863891601561897,0.4282051282040302
very_large,200000,371,Hough transform baseline,2,2,0,0.9672508445945945,0.9392361111111112,0.972972972972973,1.0,1.0,0,0,69,0,132,16183,0.9999999999855071,0.3432835820878444,0.5111111107268312,0.9919433593749394,0.3432835820878444
very_large,200000,372,Hough transform baseline,4,7,3,0.7394874577281398,0.8609887445187626,0.8494983277591973,0.5,0.5714285714285714,3,6,283,0,338,15763,0.9999999999964665,0.45571658615063493,0.6261061942587787,0.9793701171874402,0.45571658615063493
very_large,200000,373,Hough transform baseline,5,7,2,0.4563148319457293,0.5751046698872786,0.547112462006079,0.06666666666666667,0.7142857142857143,2,9,213,73,271,15827,0.7447552447526408,0.44008264462718993,0.5532467527783774,0.9790039062499403,0.3824057450621501
very_large,200000,374,Hough transform baseline,5,8,3,0.5427375799638957,0.7176026936026936,0.6437246963562753,0.1142857142857143,0.625,1,7,384,90,595,15315,0.8101265822767719,0.3922369765062388,0.5285615962561603,0.9581909179686915,0.3592142188958286
very_large,200000,375,Hough transform baseline,2,2,0,1.0,1.0,1.0,1.0,1.0,0,0,79,0,0,16305,0.9999999999873417,0.9999999999873417,0.9999999994873416,0.9999999999999389,0.9999999999873417
very_large,200000,376,Hough transform baseline,1,1,0,0.9146829810901,0.8390804597701148,0.935483870967742,1.0,1.0,0,0,32,0,60,16292,0.9999999999687501,0.34782608695274103,0.5161290318668055,0.9963378906249392,0.34782608695274103
very_large,200000,377,Hough transform baseline,4,4,0,0.953385404917663,0.908533223049352,0.9727272727272728,1.0,1.0,0,0,224,0,270,15890,0.9999999999955358,0.45344129554564083,0.6239554313238413,0.9835205078124399,0.45344129554564083
very_large,200000,378,Hough transform baseline,2,3,1,0.420270979020979,0.45530303030303027,0.7435897435897436,0.0,0.6666666666666667,0,1,73,0,115,16196,0.9999999999863013,0.38829787233836016,0.55938697277286,0.9929809570311894,0.38829787233836016
very_large,200000,379,Hough transform baseline,1,2,1,0.7285,0.65,0.6799999999999999,1.0,0.5,0,0,27,0,33,16324,0.999999999962963,0.4499999999925,0.6206896547300832,0.997985839843689,0.4499999999925
very_large,200000,380,Hough transform baseline,4,4,0,0.9559912807318468,0.9133838383838384,0.9748427672955975,1.0,1.0,0,0,156,0,224,16004,0.9999999999935898,0.4105263157883934,0.5820895518239586,0.9863281249999398,0.4105263157883934
very_large,200000,381,Hough transform baseline,4,7,3,0.45497371610362064,0.7390821256038647,0.3262195121951219,0.0,0.5714285714285714,0,8,177,124,119,15964,0.588039867107681,0.5979729729709529,0.5929648236186517,0.9851684570311898,0.421428571427568
very_large,200000,382,Hough transform baseline,5,6,1,0.6148234923379453,0.8241786731267797,0.7530487804878049,0.039999999999999994,0.8333333333333334,1,5,267,39,477,15601,0.8725490196049916,0.35887096774145316,0.5085714281574639,0.9685058593749408,0.34099616858194
very_large,200000,383,Hough transform baseline,1,1,0,1.0,1.0,1.0,1.0,1.0,0,0,17,0,0,16367,0.9999999999411765,0.9999999999411765,0.9999999994411766,0.9999999999999389,0.9999999999411765
very_large,200000,384,Hough transform baseline,1,1,0,1.0,1.0,1.0,1.0,1.0,0,0,20,0,0,16364,0.99999999995,0.99999999995,0.99999999945,0.9999999999999389,0.99999999995
very_large,200000,385,Hough transform baseline,1,1,0,1.0,1.0,1.0,1.0,1.0,0,0,73,0,0,16311,0.9999999999863013,0.9999999999863013,0.9999999994863014,0.9999999999999389,0.9999999999863013
very_large,200000,386,Hough transform baseline,4,4,0,0.9887826508695351,0.9782135076252724,0.9929328621908127,1.0,1.0,0,0,271,0,207,15906,0.99999999999631,0.5669456066933746,0.7236315082144951,0.9873657226561897,0.5669456066933746
very_large,200000,387,Hough transform baseline,2,2,0,1.0,1.0,1.0,1.0,1.0,0,0,123,0,112,16149,0.9999999999918698,0.5234042553169217,0.6871508375339251,0.9931640624999394,0.5234042553169217
very_large,200000,388,Hough transform baseline,5,7,2,0.728667977492486,0.7762516418985775,0.8729641693811074,0.5333333333333333,0.7142857142857143,2,3,247,39,386,15712,0.863636363633344,0.39020537124740884,0.5375408047931837,0.9740600585936905,0.36755952380897683
very_large,200000,389,Hough transform baseline,2,2,0,0.5419266917293233,0.825,0.3533834586466166,0.0,1.0,0,1,51,83,68,16182,0.3805970149225329,0.4285714285678271,0.40316205483453893,0.9907836914061895,0.2524752475235026
very_large,200000,390,Hough transform baseline,5,6,1,0.7907202162464093,0.8828668091168093,0.8838174273858921,0.5333333333333333,0.8333333333333334,2,3,214,10,332,15828,0.9553571428528779,0.3919413919406741,0.5558441554301501,0.9791259765624402,0.384892086330243
very_large,200000,391,Hough transform baseline,1,1,0,0.9755656108597285,0.9542483660130718,0.9807692307692307,1.0,1.0,0,0,105,0,206,16073,0.9999999999904762,0.3376205787770495,0.5048076919278731,0.9874267578124397,0.3376205787770495
very_large,200000,392,Hough transform baseline,3,5,2,0.5114472573839661,0.7162962962962962,0.6455696202531646,0.0,0.6,0,1,141,0,188,16055,0.9999999999929079,0.4285714285701259,0.5999999995774469,0.9885253906249396,0.4285714285701259
very_large,200000,393,Hough transform baseline,2,2,0,0.8098913043478261,0.65,0.8369565217391304,1.0,1.0,0,0,79,15,132,16158,0.8404255319059529,0.3744075829366142,0.5180327864554259,0.9910278320311895,0.3495575221223471
very_large,200000,394,Hough transform baseline,2,3,1,0.601482834994463,0.8542857142857143,0.751937984496124,0.0,0.6666666666666667,0,1,119,0,50,16215,0.9999999999915966,0.704142011830153,0.8263888883982204,0.9969482421874392,0.704142011830153
very_large,200000,395,Hough transform baseline,5,4,1,0.8505177496645582,0.7342836879432625,0.9504504504504504,1.0,0.8,0,0,215,0,232,15937,0.9999999999953488,0.4809843400436667,0.6495468273540083,0.9858398437499398,0.4809843400436667
very_large,200000,396,Hough transform baseline,3,5,2,0.5927524122297141,0.8589052287581701,0.7312252964426877,0.0,0.6,0,3,214,11,172,15987,0.951111111106884,0.554404145076284,0.7004909978957627,0.9888305664061896,0.5390428211573324
very_large,200000,397,Hough transform baseline,2,2,0,1.0,1.0,1.0,1.0,1.0,1,1,153,0,0,16231,0.9999999999934641,0.9999999999934641,0.9999999994934641,0.9999999999999389,0.9999999999934641
very_large,200000,398,Hough transform baseline,5,5,0,0.7174988313259638,0.7701994231486065,0.8545454545454545,0.4,1.0,1,2,244,30,318,15792,0.8905109489018594,0.43416370106684316,0.5837320569742108,0.9787597656249403,0.41216216216146595
very_large,200000,399,Hough transform baseline,4,4,0,0.8269796437659033,0.6392592592592593,0.9465648854961832,1.0,1.0,0,0,129,1,166,16088,0.9923076923000592,0.437288135591738,0.6070588231019183,0.9898071289061896,0.4358108108093385
very_large,200000,400,Hough transform baseline,5,4,1,0.7814799331103679,0.5673913043478261,0.9807692307692307,1.0,0.8,0,0,222,23,249,15890,0.9061224489758934,0.4713375796168337,0.6201117313916583,0.9833984374999399,0.4493927125496976
very_large,200000,401,Hough transform baseline,2,2,0,0.9787633145363408,0.9594907407407407,0.9849624060150376,1.0,1.0,0,0,118,0,146,16120,0.9999999999915254,0.4469696969680039,0.6178010466902223,0.9910888671874395,0.4469696969680039
very_large,200000,402,Hough transform baseline,4,4,0,0.6318910256410256,0.823005698005698,0.8076923076923077,0.0,1.0,0,1,120,23,117,16124,0.839160839154971,0.5063291139219143,0.6315789468956925,0.9914550781249395,0.46153846153668643
very_large,200000,403,Hough transform baseline,4,5,1,0.5098119604815079,0.5641237251744499,0.8797814207650273,0.0,0.8,0,2,161,10,273,15940,0.9415204678307514,0.3709677419346291,0.5322314045514049,0.98272705078119,0.36261261261179595
very_large,200000,404,Hough transform baseline,5,6,1,0.6471601990049752,0.8648888888888889,0.8731343283582089,0.0,0.8333333333333334,0,1,258,0,49,16077,0.9999999999961241,0.8403908794760899,0.9132743357837138,0.9970092773436892,0.8403908794760899
very_large,200000,405,Hough transform baseline,1,1,0,0.6835,0.3244444444444444,0.9375,1.0,1.0,0,0,33,0,66,16285,0.9999999999696971,0.33333333332996634,0.4999999996174242,0.9959716796874392,0.33333333332996634
very_large,200000,406,Hough transform baseline,4,4,0,0.6599247440609004,0.7192933723196882,0.8478802992518704,0.26666666666666666,1.0,1,3,317,58,638,15371,0.8453333333310792,0.33193717277452156,0.47669172891767875,0.9575195312499415,0.31293188548833867
very_large,200000,407,Hough transform baseline,2,2,0,0.6592578438135008,0.8321060382916052,0.9240506329113924,0.0,1.0,0,1,152,7,98,16127,0.9559748427612832,0.607999999997568,0.7432762831396991,0.9935913085936894,0.591439688713652
very_large,200000,408,Hough transform baseline,1,1,0,1.0,1.0,1.0,1.0,1.0,0,0,31,0,0,16353,0.9999999999677419,0.9999999999677419,0.999999999467742,0.9999999999999389,0.9999999999677419
very_large,200000,409,Hough transform baseline,1,1,0,0.9571264367816091,0.9195402298850575,0.9666666666666667,1.0,1.0,0,0,61,0,118,16205,0.9999999999836067,0.34078212290312415,0.5083333329499653,0.9927978515624394,0.34078212290312415
very_large,200000,410,Hough transform baseline,3,3,0,0.7999255119021779,0.854488017429194,0.9520295202952029,0.5,1.0,1,2,266,6,378,15734,0.9779411764669929,0.4130434782602282,0.5807860257820693,0.9765624999999404,0.4092307692301397
very_large,200000,411,Hough transform baseline,1,1,0,0.9422739018087856,0.8914728682170543,0.9555555555555556,1.0,1.0,0,0,46,0,88,16250,0.999999999978261,0.34328358208699045,0.5111111107249383,0.9946289062499393,0.34328358208699045
very_large,200000,412,Hough transform baseline,3,4,1,0.7226214324307243,0.9365456962445997,0.7975460122699387,0.26666666666666666,0.75,1,3,133,0,126,16125,0.9999999999924812,0.5135135135115309,0.6785714281196246,0.9923095703124394,0.5135135135115309
very_large,200000,413,Hough transform baseline,4,7,3,0.544640653531037,0.712723311546841,0.6552901023890785,0.14285714285714285,0.5714285714285714,1,7,215,78,380,15711,0.7337883959019325,0.36134453781451875,0.4842342337909742,0.9720458984374406,0.31946508172315086
very_large,200000,414,Hough transform baseline,2,2,0,0.9612264150943396,0.9222222222222222,0.9811320754716981,1.0,1.0,0,0,108,0,62,16214,0.9999999999907407,0.6352941176433219,0.7769784167854666,0.9962158203124392,0.6352941176433219
very_large,200000,415,Hough transform baseline,4,8,4,0.4421677571647116,0.6726808863353205,0.4473067915690867,0.0,0.5,0,11,222,139,397,15626,0.6149584487517591,0.35864297253576954,0.45306122402352567,0.9672851562499409,0.2928759894455239
very_large,200000,416,Hough transform baseline,4,4,0,0.7754641428676511,0.8551685444340238,0.9531914893617022,0.4,1.0,1,2,236,1,451,15696,0.995780590713098,0.3435225618626732,0.5108225104399959,0.9724121093749406,0.3430232558134549
very_large,200000,417,Hough transform baseline,1,1,0,1.0,1.0,1.0,1.0,1.0,0,0,19,0,36,16329,0.9999999999473684,0.3454545454482645,0.5135135131179694,0.997802734374939,0.3454545454482645
very_large,200000,418,Hough transform baseline,5,5,0,0.7614062431378824,0.6739470263045988,0.9573170731707317,0.6666666666666666,1.0,3,3,315,0,288,15781,0.9999999999968254,0.5223880597006262,0.6862745093516381,0.98242187499994,0.5223880597006262
very_large,200000,419,Hough transform baseline,1,1,0,1.0,1.0,1.0,1.0,1.0,0,0,61,0,0,16323,0.9999999999836067,0.9999999999836067,0.9999999994836066,0.9999999999999389,0.9999999999836067
very_large,200000,420,Hough transform baseline,5,5,0,0.7992720344654509,0.7921472868217053,0.9640287769784173,0.6,1.0,2,3,270,0,407,15707,0.9999999999962963,0.398818316099854,0.5702217524950575,0.9751586914061905,0.398818316099854
very_large,200000,421,Hough transform baseline,4,4,0,0.9334407216494846,0.875,0.9484536082474226,1.0,1.0,0,0,86,2,154,16142,0.9772727272616218,0.3583333333318403,0.5243902435066181,0.9904785156249395,0.3553719008249778
very_large,200000,422,Hough transform baseline,1,1,0,1.0,1.0,1.0,1.0,1.0,0,0,26,0,0,16358,0.9999999999615384,0.9999999999615384,0.9999999994615385,0.9999999999999389,0.9999999999615384
very_large,200000,423,Hough transform baseline,2,3,1,0.4929001501501502,0.6258641975308642,0.722972972972973,0.0,0.6666666666666667,0,1,111,13,192,16068,0.8951612903153616,0.3663366336621573,0.5199063227704425,0.9874877929686897,0.35126582278369856
very_large,200000,424,Hough transform baseline,2,2,0,0.9800802908254002,0.9630801687763714,0.9834710743801653,1.0,1.0,0,0,111,0,160,16113,0.999999999990991,0.409594095939448,0.5811518320454072,0.9902343749999395,0.409594095939448
very_large,200000,425,Hough transform baseline,2,3,1,0.28183608815426997,0.39,0.19834710743801653,0.0,0.6666666666666667,0,2,41,79,41,16223,0.34166666666381945,0.49999999999390243,0.40594059357308104,0.9926757812499394,0.254658385091586
very_large,200000,426,Hough transform baseline,2,2,0,1.0,1.0,1.0,1.0,1.0,0,0,143,0,0,16241,0.999999999993007,0.999999999993007,0.9999999994930071,0.9999999999999389,0.999999999993007
very_large,200000,427,Hough transform baseline,2,2,0,0.9227380228840208,0.8533458411507192,0.9436619718309859,1.0,1.0,0,0,73,0,138,16173,0.9999999999863013,0.345971563979403,0.51408450665669,0.9915771484374395,0.345971563979403
very_large,200000,428,Hough transform baseline,3,3,0,0.7143916575868113,0.9325662566256625,0.9736842105263158,0.0,1.0,0,1,184,1,275,15924,0.9945945945892185,0.40087145969411575,0.5714285710173074,0.9831542968749399,0.39999999999913044
very_large,200000,429,Hough transform baseline,4,3,1,0.7753662280701754,0.5641666666666667,0.9824561403508771,1.0,0.75,0,0,115,0,204,16065,0.9999999999913043,0.360501567396989,0.5299539166587206,0.9875488281249397,0.360501567396989
very_large,200000,430,Hough transform baseline,3,3,0,1.0,1.0,1.0,1.0,1.0,0,0,111,0,106,16167,0.999999999990991,0.5115207373248317,0.6768292678407756,0.9935302734374394,0.5115207373248317
very_large,200000,431,Hough transform baseline,2,2,0,0.5111867245657569,0.6197311827956989,0.6615384615384615,0.0,1.0,0,1,91,40,63,16190,0.6946564885443156,0.5909090909052539,0.6385964907268452,0.9937133789061893,0.46907216494603576
very_large,200000,432,Hough transform baseline,4,4,0,0.9817585301837272,0.9629629629629631,0.9921259842519685,1.0,1.0,1,1,230,0,76,16078,0.9999999999956523,0.7516339869256483,0.8582089547307307,0.9953613281249393,0.7516339869256483
very_large,200000,433,Hough transform baseline,3,5,2,0.49692199775533114,0.7267676767676768,0.5493827160493827,0.0,0.6,0,2,256,40,296,15792,0.864864864861943,0.46376811594118883,0.6037735844498041,0.9794921874999402,0.432432432431702
very_large,200000,434,Hough transform baseline,1,1,0,1.0,1.0,1.0,1.0,1.0,0,0,60,0,0,16324,0.9999999999833334,0.9999999999833334,0.9999999994833335,0.9999999999999389,0.9999999999833334
very_large,200000,435,Hough transform baseline,5,7,2,0.5591020408824057,0.8108561460010735,0.613941018766756,0.0,0.7142857142857143,1,4,300,40,172,15872,0.8823529411738754,0.6355932203376364,0.7389162556690285,0.9870605468749397,0.5859374999988556
very_large,200000,436,Hough transform baseline,1,3,2,0.6817156862745098,0.65,0.5294117647058824,1.0,0.33333333333333337,0,0,37,0,26,16321,0.9999999999729731,0.5873015872922651,0.739999999519,0.998413085937439,0.5873015872922651
very_large,200000,437,Hough transform baseline,5,6,1,0.581264986115105,0.7502246094874999,0.8016528925619835,0.0,0.8333333333333334,0,1,221,2,410,15751,0.9910313901300851,0.3502377179075274,0.5175644024232158,0.9748535156249405,0.34913112164241844
very_large,200000,438,Hough transform baseline,5,6,1,0.6676394456482485,0.8790527065527065,0.9436619718309859,0.0,0.8333333333333334,0,1,360,0,458,15566,0.9999999999972222,0.44009779951046446,0.6112054325117247,0.9720458984374406,0.44009779951046446
very_large,200000,439,Hough transform baseline,2,2,0,1.0,1.0,1.0,1.0,1.0,0,0,42,0,38,16304,0.9999999999761906,0.5249999999934375,0.6885245897011556,0.997680664062439,0.5249999999934375
very_large,200000,440,Hough transform baseline,2,2,0,0.9634837962962962,0.9270833333333333,0.9814814814814815,1.0,1.0,0,0,110,0,66,16208,0.999999999990909,0.624999999996449,0.7692307687520172,0.9959716796874392,0.624999999996449
very_large,200000,441,Hough transform baseline,2,2,0,0.9494528391500141,0.9033592503987241,0.9647058823529412,1.0,1.0,0,0,73,1,144,16166,0.9864864864731555,0.33640552995236683,0.5017182126757125,0.9911499023436895,0.33486238531956486
very_large,200000,442,Hough transform baseline,3,4,1,0.5503795220166967,0.6954742547425475,0.8120805369127517,0.0,0.75,0,1,142,4,244,15994,0.9726027397193658,0.36787564766744074,0.5338345860659166,0.9848632812499398,0.3641025641016305
very_large,200000,443,Hough transform baseline,4,7,3,0.5344005963102194,0.6903113157967528,0.7830882352941176,0.039999999999999994,0.5714285714285714,1,5,232,28,430,15694,0.8923076923042604,0.3504531722049087,0.5032537956894048,0.9720458984374406,0.3362318840574837
very_large,200000,444,Hough transform baseline,3,3,0,0.9635841170323929,0.9292929292929293,0.9770114942528736,1.0,1.0,0,0,90,0,46,16248,0.9999999999888889,0.661764705877487,0.7964601765048164,0.9971923828124392,0.661764705877487
very_large,200000,445,Hough transform baseline,5,6,1,0.7335721743672481,0.8743024887677319,0.8673469387755102,0.3333333333333333,0.8333333333333334,1,3,267,6,360,15751,0.9780219780183955,0.4258373205734835,0.5933333329093703,0.9776611328124403,0.42180094786663225
very_large,200000,446,Hough transform baseline,5,9,4,0.5255835887049531,0.743246717422487,0.6778350515463918,0.0,0.5555555555555556,0,5,302,20,456,15606,0.9378881987548513,0.39841688654301,0.5592592588397118,0.9709472656249407,0.3881748071974445
very_large,200000,447,Hough transform baseline,4,6,2,0.5702839787477205,0.7718283894754483,0.7814726840855106,0.0,0.6666666666666667,0,7,354,50,350,15630,0.8762376237602073,0.5028409090901949,0.6389891692105918,0.9755859374999404,0.4694960212195365
very_large,200000,448,Hough transform baseline,1,1,0,0.9548006379585326,0.9151515151515152,0.9649122807017544,1.0,1.0,0,0,41,0,81,16262,0.9999999999756098,0.33606557376773716,0.503067484279875,0.9950561523436893,0.33606557376773716
very_large,200000,449,Hough transform baseline,4,4,0,0.6504099462365591,0.9125,0.6989247311827957,0.0,1.0,0,1,136,53,106,16089,0.7195767195729124,0.5619834710720579,0.6310904867436115,0.9902954101561895,0.4610169491509796
very_large,200000,450,Hough transform baseline,4,5,1,0.6306516416932777,0.8028436911487759,0.9468599033816425,0.0,0.8,1,0,196,5,198,15985,0.9751243781046014,0.4974619289327476,0.658823528962158,0.9876098632811897,0.49122807017420744
very_large,200000,451,Hough transform baseline,4,4,0,0.9921345752037903,0.9862096138691884,0.991701244813278,1.0,1.0,0,0,234,0,190,15960,0.9999999999957265,0.5518867924515286,0.7112462001474303,0.9884033203124396,0.5518867924515286
very_large,200000,452,Hough transform baseline,4,5,1,0.5888495141367585,0.7525848416289592,0.8509316770186335,0.0,0.8,0,1,123,4,364,15893,0.968503937000248,0.25256673511241773,0.4006514654686256,0.9775390624999403,0.2505091649689399
very_large,200000,453,Hough transform baseline,3,4,1,0.3268136335209506,0.23076923076923078,0.7398373983739837,0.0,0.75,1,2,101,8,88,16187,0.926605504578655,0.5343915343887069,0.6778523485247736,0.9941406249999393,0.5126903553273467
very_large,200000,454,Hough transform baseline,1,2,1,0.8163188405797102,0.7866666666666666,0.8115942028985508,1.0,0.5,0,0,71,0,106,16207,0.9999999999859155,0.40112994350055864,0.5725806447480164,0.9935302734374394,0.40112994350055864
very_large,200000,455,Hough transform baseline,4,4,0,0.6728201219512195,0.9125,0.8109756097560976,0.0,1.0,0,1,139,28,94,16123,0.8323353293363334,0.5965665236025899,0.6949999995101375,0.9925537109374394,0.5325670498063887
very_large,200000,456,Hough transform baseline,5,6,1,0.5997355203517124,0.7173967095706226,0.7178683385579938,0.2,0.8333333333333334,1,4,257,56,430,15641,0.8210862619782074,0.37409024745214836,0.5139999995689101,0.9703369140624407,0.34589502018795976
very_large,200000,457,Hough transform baseline,2,3,1,0.7697322128042124,0.8947701149425287,0.8770949720670391,0.5,0.6666666666666667,1,2,180,0,100,16104,0.9999999999944446,0.642857142854847,0.7826086951724007,0.9938964843749393,0.642857142854847
very_large,200000,458,Hough transform baseline,2,2,0,0.8878005952380952,0.76125,0.9761904761904762,1.0,1.0,0,0,39,0,30,16315,0.9999999999743591,0.5652173912961562,0.7222222217474279,0.998168945312439,0.5652173912961562
very_large,200000,459,Hough transform baseline,5,6,1,0.6951341481823643,0.8163557754785824,0.7472035794183445,0.38,0.8333333333333334,4,10,332,68,121,15863,0.8299999999979251,0.7328918322279627,0.7784290733570806,0.9884643554686896,0.637236084451752
very_large,200000,460,Hough transform baseline,3,4,1,0.5310920494373732,0.7193732193732193,0.6618705035971223,0.0,0.75,0,2,107,4,58,16215,0.9639639639552796,0.6484848484809184,0.775362318354101,0.9962158203124392,0.6331360946708099
very_large,200000,461,Hough transform baseline,1,1,0,1.0,1.0,1.0,1.0,1.0,0,0,22,0,18,16344,0.9999999999545455,0.54999999998625,0.7096774188740894,0.998901367187439,0.54999999998625
very_large,200000,462,Hough transform baseline,3,3,0,0.5465408805031446,0.7407407407407407,0.5660377358490566,0.0,1.0,0,1,99,62,150,16073,0.6149068322943174,0.3975903614441864,0.4829268287889708,0.9870605468749397,0.3183279742755038
very_large,200000,463,Hough transform baseline,5,6,1,0.6468367650423245,0.7181796690307328,0.7516129032258064,0.36,0.8333333333333334,2,5,228,52,268,15836,0.8142857142828062,0.45967741935391193,0.5876288655166064,0.9804687499999402,0.4160583941598247
very_large,200000,464,Hough transform baseline,5,5,0,0.8096073051579186,0.8647942386831275,0.9355828220858896,0.5333333333333333,1.0,2,3,298,16,279,15791,0.9490445859842388,0.5164644714029177,0.6689113351200646,0.98199462890619,0.5025295109603667
very_large,200000,465,Hough transform baseline,1,1,0,0.9692547969656403,0.9423868312757202,0.9759036144578314,1.0,1.0,0,0,84,0,164,16136,0.9999999999880952,0.3387096774179891,0.5060240960044999,0.9899902343749396,0.3387096774179891
very_large,200000,466,Hough transform baseline,3,3,0,0.7766818181818181,0.8481818181818181,0.975,0.4,1.0,1,1,66,0,80,16238,0.9999999999848485,0.45205479451745173,0.622641508999288,0.9951171874999393,0.45205479451745173
very_large,200000,467,Hough transform baseline,3,3,0,0.8506555944055944,0.7613636363636364,0.7902097902097902,1.0,1.0,0,0,103,30,125,16126,0.7744360902197411,0.45175438596293094,0.5706371186450381,0.9905395507811895,0.399224806200003
very_large,200000,468,Hough transform baseline,3,5,2,0.509157253003407,0.6430976430976432,0.7988165680473372,0.0,0.6,0,3,156,9,272,15947,0.9454545454488155,0.3644859813075596,0.5261382795291213,0.9828491210936899,0.35697940503350806
very_large,200000,469,Hough transform baseline,5,7,2,0.535644117983227,0.6883557800224467,0.7722772277227723,0.0,0.7142857142857143,0,2,273,16,255,15840,0.9446366781974235,0.5170454545444753,0.668298653151923,0.9834594726561899,0.5018382352931952
very_large,200000,470,Hough transform baseline,4,4,0,0.9915346430080271,0.9845679012345678,0.9923954372623575,1.0,1.0,2,2,255,0,214,15915,0.9999999999960785,0.5437100213208024,0.7044198890445004,0.9869384765624397,0.5437100213208024
very_large,200000,471,Hough transform baseline,5,6,1,0.7000373999682107,0.8618303544671007,0.727735368956743,0.3333333333333333,0.8333333333333334,2,6,288,59,429,15608,0.8299711815538041,0.4016736401668038,0.541353383018092,0.9702148437499407,0.37113402061807843
very_large,200000,472,Hough transform baseline,2,2,0,1.0,1.0,1.0,1.0,1.0,0,0,123,0,0,16261,0.9999999999918698,0.9999999999918698,0.9999999994918698,0.9999999999999389,0.9999999999918698
very_large,200000,473,Hough transform baseline,2,3,1,0.43833333333333335,0.5,0.7333333333333334,0.0,0.6666666666666667,0,1,56,0,22,16306,0.999999999982143,0.7179487179395134,0.8358208950233905,0.998657226562439,0.7179487179395134
very_large,200000,474,Hough transform baseline,4,5,1,0.6666931283460376,0.6543588665065745,0.8361581920903955,0.5,0.8,1,2,171,0,292,15921,0.9999999999941521,0.3693304535629172,0.5394321762605111,0.98217773437494,0.3693304535629172
very_large,200000,475,Hough transform baseline,5,5,0,0.9812578454958568,0.9652413793103449,0.9844961240310077,1.0,1.0,3,3,260,0,222,15902,0.9999999999961539,0.5394190871358103,0.700808624879796,0.9864501953124397,0.5394190871358103
very_large,200000,476,Hough transform baseline,1,1,0,1.0,1.0,1.0,1.0,1.0,0,0,98,0,0,16286,0.9999999999897958,0.9999999999897958,0.9999999994897959,0.9999999999999389,0.9999999999897958
very_large,200000,477,Hough transform baseline,1,2,1,0.19340909090909092,0.11666666666666667,0.4545454545454546,0.0,0.5,0,1,35,0,34,16315,0.9999999999714286,0.5072463768042428,0.6730769226174186,0.997924804687439,0.5072463768042428
very_large,200000,478,Hough transform baseline,4,4,0,0.7861144935594476,0.8473288439955106,0.8990825688073394,0.5,1.0,1,2,187,12,228,15957,0.9396984924575895,0.45060240963746845,0.6091205207325329,0.9853515624999398,0.43793911006923203
very_large,200000,479,Hough transform baseline,5,5,0,0.9515151515151514,0.9009704892057833,0.9803921568627451,1.0,1.0,2,2,184,0,102,16098,0.9999999999945652,0.6433566433543939,0.7829787229244725,0.9937744140624393,0.6433566433543939
very_large,200000,480,Hough transform baseline,2,2,0,0.91125,0.825,0.95,1.0,1.0,0,0,42,0,30,16312,0.9999999999761906,0.5833333333252314,0.7368421047848568,0.998168945312439,0.5833333333252314
very_large,200000,481,Hough transform baseline,3,3,0,0.9812228878330923,0.966903073286052,0.9805825242718447,1.0,1.0,1,1,105,0,94,16185,0.9999999999904762,0.5276381909521225,0.6907894732274715,0.9942626953124393,0.5276381909521225
very_large,200000,482,Hough transform baseline,5,5,0,0.992312462742534,0.9866514111365369,0.9915966386554622,1.0,1.0,0,0,233,0,158,15993,0.9999999999957082,0.5959079283872227,0.7467948713245346,0.9903564453124395,0.5959079283872227
very_large,200000,483,Hough transform baseline,2,2,0,0.6417418032786885,0.825,0.8524590163934427,0.0,1.0,0,1,108,15,142,16119,0.8780487804806663,0.43199999999827204,0.5790884714047252,0.9904174804686895,0.40754716980978284
very_large,200000,484,Hough transform baseline,2,2,0,0.5401685886564914,0.7073989071038251,0.6091954022988506,0.0,1.0,0,1,92,43,209,16040,0.6814814814764335,0.30564784053054606,0.4220183481943966,0.9846191406249398,0.2674418604643388
very_large,200000,485,Hough transform baseline,4,5,1,0.7781381860299359,0.6971376811594203,0.6721311475409837,1.0,0.8,0,0,160,19,233,15972,0.8938547485983585,0.4071246819328063,0.5594405590085884,0.9846191406249398,0.3883495145621642
very_large,200000,486,Hough transform baseline,2,2,0,0.9557931034482758,0.9195402298850575,0.96,1.0,1.0,0,0,52,0,60,16272,0.9999999999807693,0.46428571428156884,0.6341463410226056,0.9963378906249392,0.46428571428156884
very_large,200000,487,Hough transform baseline,2,2,0,0.9735779418150239,0.950354609929078,0.9795918367346939,1.0,1.0,0,0,100,0,96,16188,0.99999999999,0.51020408163005,0.6756756752237034,0.9941406249999393,0.51020408163005
very_large,200000,488,Hough transform baseline,4,4,0,0.7361217948717949,0.825,0.9076923076923077,0.3333333333333333,1.0,1,3,302,24,156,15902,0.9263803680953179,0.65938864628677,0.7704081627775146,0.9890136718749396,0.6265560165962105
very_large,200000,489,Hough transform baseline,4,4,0,1.0,1.0,1.0,1.0,1.0,0,0,238,0,0,16146,0.9999999999957984,0.9999999999957984,0.9999999994957984,0.9999999999999389,0.9999999999957984
very_large,200000,490,Hough transform baseline,4,4,0,1.0,1.0,1.0,1.0,1.0,0,0,202,0,0,16182,0.9999999999950495,0.9999999999950495,0.9999999994950495,0.9999999999999389,0.9999999999950495
very_large,200000,491,Hough transform baseline,4,5,1,0.4806121716993364,0.5843131973836091,0.6883561643835616,0.0,0.8,0,2,247,39,384,15714,0.863636363633344,0.3914421553084129,0.5387131947713432,0.9741821289061905,0.3686567164173602
very_large,200000,492,Hough transform baseline,3,3,0,0.9723856729318038,0.950408191504082,0.9735099337748344,1.0,1.0,0,0,154,0,264,15966,0.9999999999935065,0.3684210526306976,0.5384615380661646,0.9838867187499399,0.3684210526306976
very_large,200000,493,Hough transform baseline,2,3,1,0.41882092198581555,0.5083333333333333,0.6170212765957447,0.0,0.6666666666666667,0,1,43,0,24,16317,0.9999999999767443,0.6417910447665404,0.7818181813277686,0.998535156249939,0.6417910447665404
very_large,200000,494,Hough transform baseline,3,6,3,0.4676892697466468,0.6377943368107303,0.6534090909090908,0.0,0.5,0,2,132,1,228,16023,0.9924812030000566,0.3666666666656482,0.535496957007484,0.9860229492186898,0.365650969528073
very_large,200000,495,Hough transform baseline,1,1,0,1.0,1.0,1.0,1.0,1.0,0,0,78,0,0,16306,0.9999999999871795,0.9999999999871795,0.9999999994871795,0.9999999999999389,0.9999999999871795
very_large,200000,496,Hough transform baseline,3,4,1,0.5160386974988203,0.6747008547008548,0.6871165644171779,0.0,0.75,0,1,132,23,201,16028,0.8516129032203122,0.396396396395206,0.5409836061216826,0.9863281249999398,0.37078651685289105
very_large,200000,497,Hough transform baseline,3,6,3,0.45902928032054247,0.706484820465403,0.4555555555555556,0.0,0.5,0,4,237,91,278,15778,0.7225609756075532,0.46019417475638796,0.5622775795944439,0.9774780273436903,0.39108910891024573
very_large,200000,498,Hough transform baseline,5,5,0,0.989170596887791,0.9806502506731339,0.9893899204244032,1.0,1.0,3,3,360,2,398,15624,0.9944751381187998,0.4749340369386874,0.6428571424185012,0.9755859374999404,0.47368421052569254
very_large,200000,499,Hough transform baseline,3,3,0,0.9097238895558224,0.803921568627451,0.9897959183673469,1.0,1.0,1,1,174,0,81,16129,0.9999999999942529,0.6823529411737947,0.8111888107028542,0.9950561523436893,0.6823529411737947
very_large,200000,500,Hough transform baseline,5,7,2,0.6679315110968054,0.8805443519375065,0.7155756207674944,0.2285714285714286,0.7142857142857143,2,7,372,60,392,15560,0.8611111111091179,0.4869109947637606,0.6220735781328061,0.9724121093749406,0.4514563106790638
very_large,200000,501,Hough transform baseline,2,3,1,0.9312676371395141,0.9798850574712643,0.8682634730538922,1.0,0.6666666666666667,0,0,149,0,238,15997,0.9999999999932887,0.38501291989564596,0.555970148850238,0.9854736328124398,0.38501291989564596
very_large,200000,502,Hough transform baseline,5,9,4,0.5635037446992317,0.7257840788182784,0.7281553398058253,0.14285714285714285,0.5555555555555556,1,7,349,36,567,15432,0.906493506491152,0.38100436681181116,0.5365103762158264,0.9631958007811912,0.36659663865507713
very_large,200000,503,Hough transform baseline,5,6,1,0.6259928506345683,0.8565339243651924,0.786096256684492,0.0,0.8333333333333334,0,1,291,58,417,15618,0.8338108882497599,0.41101694915196185,0.5506149475225773,0.9710083007811907,0.3798955613572064
very_large,200000,504,Hough transform baseline,3,4,1,0.5778688405797101,0.7512640901771337,0.8240000000000001,0.0,0.75,0,1,120,0,205,16059,0.9999999999916667,0.36923076922963316,0.5393258423003155,0.9874877929686897,0.36923076922963316
very_large,200000,505,Hough transform baseline,1,1,0,0.927124183006536,0.8627450980392158,0.9444444444444444,1.0,1.0,0,0,37,0,70,16277,0.9999999999729731,0.3457943925201328,0.5138888884999037,0.9957275390624392,0.3457943925201328
very_large,200000,506,Hough transform baseline,1,1,0,0.9249350649350648,0.8585858585858585,0.9428571428571428,1.0,1.0,0,0,36,0,68,16280,0.9999999999722223,0.34615384615051775,0.5142857138963265,0.9958496093749392,0.34615384615051775
very_large,200000,507,Hough transform baseline,4,4,0,0.6708910781841109,0.826631054131054,0.994535519125683,0.0,1.0,1,0,184,3,266,15931,0.9839572192460752,0.40888888888798025,0.577708005862853,0.9835815429686899,0.406181015451642
very_large,200000,508,Hough transform baseline,3,3,0,0.9568696468708128,0.9148642755094367,0.9759036144578314,1.0,1.0,0,0,159,1,225,15999,0.9937499999937891,0.41406249999892175,0.5845588231120378,0.9862060546874398,0.4129870129859403
very_large,200000,509,Hough transform baseline,5,7,2,0.4860259320325693,0.5103146853146854,0.9247787610619469,0.0,0.7142857142857143,3,1,203,6,390,15785,0.9712918660240608,0.34232715008373976,0.506234413578451,0.9758300781249404,0.3388981636054442
very_large,200000,510,Hough transform baseline,4,5,1,0.639083538083538,0.8628282828282827,0.854054054054054,0.0,0.8,0,1,167,0,84,16133,0.999999999994012,0.665338645415676,0.7990430617173255,0.9948730468749393,0.665338645415676
very_large,200000,511,Hough transform baseline,3,3,0,1.0,1.0,1.0,1.0,1.0,0,0,97,0,10,16277,0.9999999999896907,0.906542056066294,0.9509803916487408,0.9993896484374389,0.906542056066294
very_large,200000,512,Hough transform baseline,1,1,0,0.9116666666666666,0.8333333333333334,0.9333333333333333,1.0,1.0,0,0,31,0,62,16291,0.9999999999677419,0.33333333332974907,0.4999999996169354,0.9962158203124392,0.33333333332974907
very_large,200000,513,Hough transform baseline,1,1,0,0.902626893939394,0.7970833333333334,0.9696969696969697,1.0,1.0,0,0,67,0,134,16183,0.9999999999850746,0.333333333331675,0.4999999996212686,0.9918212890624394,0.333333333331675
very_large,200000,514,Hough transform baseline,1,1,0,1.0,1.0,1.0,1.0,1.0,0,0,100,0,0,16284,0.99999999999,0.99999999999,0.99999999949,0.9999999999999389,0.99999999999
very_large,200000,515,Hough transform baseline,4,4,0,0.832039616396412,0.9109971273455619,0.9854545454545455,0.5,1.0,2,1,278,0,484,15622,0.9999999999964029,0.36482939632498057,0.5346153842226479,0.9704589843749407,0.36482939632498057
very_large,200000,516,Hough transform baseline,5,7,2,0.6611959567914624,0.8961797752808988,0.9324324324324325,0.0,0.7142857142857143,0,2,277,24,231,15852,0.9202657807278397,0.5452755905501078,0.684796044030424,0.9844360351561899,0.5206766917283446
very_large,200000,517,Hough transform baseline,3,5,2,0.8877631578947369,0.8833333333333333,0.9013157894736842,1.0,0.6,0,0,157,0,23,16204,0.9999999999936307,0.8722222222173766,0.931750741336562,0.998596191406189,0.8722222222173766
very_large,200000,518,Hough transform baseline,3,3,0,0.9527101163233123,0.9067949109026666,0.9732620320855615,1.0,1.0,0,0,185,0,348,15851,0.9999999999945947,0.34709193245713493,0.5153203338778601,0.9787597656249403,0.34709193245713493
very_large,200000,519,Hough transform baseline,2,2,0,1.0,1.0,1.0,1.0,1.0,0,0,85,0,116,16183,0.9999999999882353,0.4228855721371996,0.5944055939836911,0.9929199218749394,0.4228855721371996
very_large,200000,520,Hough transform baseline,1,1,0,1.0,1.0,1.0,1.0,1.0,0,0,104,0,0,16280,0.9999999999903846,0.9999999999903846,0.9999999994903845,0.9999999999999389,0.9999999999903846
very_large,200000,521,Hough transform baseline,5,8,3,0.5891788751017438,0.7703678310375497,0.7214953271028037,0.14285714285714285,0.625,1,7,443,79,743,15119,0.8486590038297919,0.3735244519389768,0.5187353625726173,0.949829101562442,0.35019762845822117
very_large,200000,522,Hough transform baseline,2,3,1,0.8700633583021224,0.8439679567207659,0.8680555555555556,1.0,0.6666666666666667,0,0,131,0,258,15995,0.9999999999923664,0.33676092544900577,0.5038461534673003,0.9842529296874399,0.33676092544900577
very_large,200000,523,Hough transform baseline,3,4,1,0.6044591567852438,0.7334782608695652,0.49696969696969695,0.4,0.75,1,2,92,75,160,16057,0.5508982035895156,0.3650793650779164,0.43914081097432806,0.9856567382811898,0.2813455657483751
very_large,200000,524,Hough transform baseline,3,3,0,1.0,1.0,1.0,1.0,1.0,0,0,128,0,0,16256,0.9999999999921876,0.9999999999921876,0.9999999994921875,0.9999999999999389,0.9999999999921876
very_large,200000,525,Hough transform baseline,3,3,0,0.6392594178082192,0.8407153729071537,0.8046875,0.0,1.0,0,2,215,42,298,15829,0.8365758754831262,0.41910331383933896,0.5584415579953753,0.9792480468749402,0.3873873873866894
very_large,200000,526,Hough transform baseline,2,2,0,0.979039408866995,0.9597701149425287,0.9857142857142858,1.0,1.0,0,0,142,0,118,16124,0.9999999999929579,0.5461538461517456,0.706467661231108,0.9927978515624394,0.5461538461517456
very_large,200000,527,Hough transform baseline,2,2,0,0.5905919162129462,0.712171052631579,0.8505747126436781,0.0,1.0,0,1,66,10,115,16193,0.8684210526201523,0.364640883975886,0.5136186766222653,0.9923706054686894,0.34554973821808616
very_large,200000,528,Hough transform baseline,5,10,5,0.5113138255858218,0.7332813466962402,0.539039039039039,0.09411764705882353,0.5,2,17,427,154,518,15285,0.7349397590348796,0.4518518518513737,0.5596330270506511,0.9589843749999415,0.38853503184678023
very_large,200000,529,Hough transform baseline,4,6,2,0.542854279431884,0.7576655945047158,0.6761904761904762,0.0,0.6666666666666667,0,3,275,16,318,15775,0.9450171821273368,0.46374367622181495,0.622171945258305,0.9796142578124402,0.45155993431781355
very_large,200000,530,Hough transform baseline,5,9,4,0.5263078394791533,0.7869329786483783,0.5831622176591376,0.0,0.5555555555555556,0,4,290,104,425,15565,0.7360406091351878,0.40559440559383836,0.5229936875481611,0.9677124023436909,0.35409035408992173
very_large,200000,531,Hough transform baseline,3,5,2,0.46310966705607476,0.6071180555555555,0.6495327102803738,0.0,0.6,0,3,162,30,225,15967,0.8437499999956055,0.41860465116170903,0.5595854917827593,0.9844360351561899,0.3884892086321619
very_large,200000,532,Hough transform baseline,2,2,0,0.8987068965517242,0.8055555555555556,0.9310344827586207,1.0,1.0,0,0,60,0,112,16212,0.9999999999833334,0.3488372093002975,0.5172413789224138,0.9931640624999394,0.3488372093002975
very_large,200000,533,Hough transform baseline,2,2,0,0.9,0.7916666666666667,0.96875,1.0,1.0,0,0,52,0,98,16234,0.9999999999807693,0.3466666666643556,0.5148514847611019,0.9940185546874393,0.3466666666643556
very_large,200000,534,Hough transform baseline,4,4,0,0.6642032424512677,0.894503546099291,0.8083832335329342,0.0,1.0,0,1,130,26,151,16077,0.8333333333279915,0.46263345195564903,0.5949656745953952,0.9891967773436896,0.4234527687282624
very_large,200000,535,Hough transform baseline,3,3,0,0.7842122990004345,0.8170819450480468,0.9576271186440678,0.5,1.0,2,1,115,0,198,16071,0.9999999999913043,0.36741214057390603,0.5373831771745894,0.9879150390624397,0.36741214057390603
very_large,200000,536,Hough transform baseline,4,9,5,0.6235841300119506,0.8934143329337838,0.5855161787365177,0.23999999999999996,0.4444444444444444,4,15,461,106,511,15306,0.8130511463830458,0.47427983539045854,0.5990903179224114,0.9623413085936913,0.4276437847862452
very_large,200000,537,Hough transform baseline,4,4,0,0.9691684210526316,0.9385964912280702,0.984,1.0,1.0,0,0,129,0,40,16215,0.9999999999922481,0.763313609462939,0.865771811583735,0.997558593749939,0.763313609462939
very_large,200000,538,Hough transform baseline,1,1,0,0.6931241830065359,0.34274509803921555,0.9444444444444444,1.0,1.0,0,0,15,0,26,16343,0.9999999999333333,0.36585365852766216,0.5357142853029336,0.998413085937439,0.36585365852766216
very_large,200000,539,Hough transform baseline,2,2,0,0.9806159420289855,0.9661835748792271,0.9791666666666666,1.0,1.0,0,0,98,0,140,16146,0.9999999999897958,0.41176470588062286,0.5833333329166667,0.9914550781249395,0.41176470588062286
very_large,200000,540,Hough transform baseline,2,2,0,0.9450000000000001,0.8962962962962964,0.9583333333333334,1.0,1.0,0,0,98,0,188,16098,0.9999999999897958,0.34265734265614456,0.5104166662838541,0.9885253906249396,0.34265734265614456
very_large,200000,541,Hough transform baseline,2,2,0,1.0,1.0,1.0,1.0,1.0,0,0,138,0,0,16246,0.9999999999927537,0.9999999999927537,0.9999999994927538,0.9999999999999389,0.9999999999927537
very_large,200000,542,Hough transform baseline,3,3,0,0.9472297828585254,0.8933782267115601,0.9760479041916168,1.0,1.0,0,0,170,0,194,16020,0.9999999999941177,0.467032967031684,0.6367041194137945,0.9881591796874397,0.467032967031684
very_large,200000,543,Hough transform baseline,5,6,1,0.6227351827530856,0.7682403460579078,0.8018018018018018,0.13333333333333333,0.8333333333333334,1,3,202,9,165,16008,0.9573459715594439,0.5504087193445493,0.6989619372502663,0.9893798828124396,0.5372340425517627
very_large,200000,544,Hough transform baseline,3,5,2,0.7667181411459085,0.9769888231426693,0.9186991869918699,0.3333333333333333,0.6,1,3,116,0,175,16093,0.9999999999913792,0.3986254295518948,0.5700245696142083,0.9893188476561896,0.3986254295518948
very_large,200000,545,Hough transform baseline,5,6,1,0.5362513221763385,0.7641860465116279,0.5451713395638629,0.0,0.8333333333333334,1,1,190,114,80,16000,0.6249999999979441,0.7037037037010975,0.6620209054227925,0.9881591796874397,0.49479166666537816
very_large,200000,546,Hough transform baseline,2,2,0,0.9652264150943396,0.9311111111111111,0.9811320754716981,1.0,1.0,0,0,100,2,79,16203,0.9803921568531334,0.558659217873974,0.7117437717744709,0.9950561523436893,0.5524861878422515
very_large,200000,547,Hough transform baseline,2,2,0,0.5646296656099805,0.6825541125541125,0.7874015748031495,0.0,1.0,0,1,97,21,142,16124,0.8220338982981183,0.4058577405840759,0.543417366501173,0.9900512695311895,0.3730769230754882
very_large,200000,548,Hough transform baseline,3,5,2,0.8888144698902993,0.9134265734265734,0.8388625592417062,1.0,0.6,0,0,216,0,294,15874,0.9999999999953704,0.42352941176387543,0.5950413218944061,0.98205566406244,0.42352941176387543
very_large,200000,549,Hough transform baseline,1,1,0,1.0,1.0,1.0,1.0,1.0,0,0,74,0,0,16310,0.9999999999864865,0.9999999999864865,0.9999999994864865,0.9999999999999389,0.9999999999864865
very_large,200000,550,Hough transform baseline,3,3,0,0.7115885478158205,0.8143526170798897,0.8506493506493507,0.3,1.0,1,2,117,14,45,16208,0.8931297709855487,0.7222222222177641,0.7986348117868349,0.9963989257811892,0.6647727272689502
very_large,200000,551,Hough transform baseline,5,7,2,0.7815608999355735,0.8409090909090909,0.9086161879895561,0.6,0.7142857142857143,1,1,348,26,296,15714,0.930481283419972,0.5403726708066143,0.6836935162332397,0.9803466796874402,0.5194029850738516
very_large,200000,552,Hough transform baseline,1,1,0,0.8465277777777778,0.7083333333333334,0.8888888888888888,1.0,1.0,0,0,19,0,34,16331,0.9999999999473684,0.3584905660309719,0.5277777773746142,0.997924804687439,0.3584905660309719
very_large,200000,553,Hough transform baseline,5,5,0,0.6706711133069829,0.8324677938808374,0.7303030303030302,0.2,1.0,1,5,241,57,319,15767,0.8087248322120513,0.4303571428563744,0.561771561316875,0.9770507812499404,0.39059967585025834
very_large,200000,554,Hough transform baseline,3,3,0,0.9669248433562543,0.9361614876515797,0.9782608695652174,1.0,1.0,0,0,203,0,397,15784,0.9999999999950739,0.33833333333276944,0.5056039846769942,0.9757690429686904,0.33833333333276944
very_large,200000,555,Hough transform baseline,4,4,0,0.9486190363087055,0.8968850876016414,0.975103734439834,1.0,1.0,0,0,245,0,380,15759,0.9999999999959184,0.3919999999993728,0.5632183903986919,0.9768066406249404,0.3919999999993728
very_large,200000,556,Hough transform baseline,2,3,1,0.784668818747011,0.7343137254901961,0.6878048780487804,1.0,0.6666666666666667,0,0,162,29,94,16099,0.848167539262575,0.6328124999975281,0.7248322142724302,0.9924926757811894,0.5684210526295845
very_large,200000,557,Hough transform baseline,3,3,0,0.8915021302495435,0.7811158449989857,0.95,1.0,1.0,0,0,123,0,208,16053,0.9999999999918698,0.37160120845809186,0.5418502198668806,0.9873046874999397,0.37160120845809186
very_large,200000,558,Hough transform baseline,3,3,0,0.9282330097087379,0.8577777777777779,0.9611650485436893,1.0,1.0,0,0,106,0,132,16146,0.999999999990566,0.4453781512586329,0.6162790693374798,0.9919433593749394,0.4453781512586329
very_large,200000,559,Hough transform baseline,2,3,1,0.49130594779632,0.6238596491228069,0.7195121951219512,0.0,0.6666666666666667,0,1,79,1,108,16196,0.9874999999876563,0.42245989304586923,0.5917602992013354,0.9933471679686894,0.4202127659552117
very_large,200000,560,Hough transform baseline,3,5,2,0.5801748776009792,0.8633515798540278,0.6583333333333333,0.0,0.6,0,1,172,44,329,15839,0.7962962962926098,0.34331337325280775,0.47977684755534555,0.9772338867186904,0.3155963302746503
very_large,200000,561,Hough transform baseline,3,3,0,0.9251979282278949,0.8505446623093682,0.9622641509433962,1.0,1.0,0,0,109,0,102,16173,0.9999999999908257,0.5165876777226702,0.681249999546543,0.9937744140624393,0.5165876777226702
very_large,200000,562,Hough transform baseline,2,2,0,0.9324956293706294,0.8701923076923076,0.9545454545454546,1.0,1.0,0,0,82,1,149,16152,0.9879518072170126,0.3549783549768183,0.5222929932383261,0.9908447265624395,0.3534482758605455
very_large,200000,563,Hough transform baseline,4,5,1,0.6157426188866353,0.8687000726216413,0.7241379310344828,0.0,0.8,0,1,250,49,349,15736,0.8361204013349963,0.4173622704500545,0.5567928726057881,0.9757080078124404,0.3858024691352071
very_large,200000,564,Hough transform baseline,2,4,2,0.3850412087912088,0.5318376068376068,0.47857142857142854,0.0,0.5,0,2,105,28,114,16137,0.7894736842045905,0.4794520547923313,0.5965909086173651,0.9913330078124395,0.42510121457317773
very_large,200000,565,Hough transform baseline,4,5,1,0.7324634995507637,0.9020502645502645,0.7327044025157232,0.4,0.8,2,4,238,65,232,15849,0.7854785478521932,0.5063829787223268,0.615782664463529,0.98187255859369,0.44485981308328065
very_large,200000,566,Hough transform baseline,2,3,1,0.8898395341802783,0.8947701149425287,0.8526315789473684,1.0,0.6666666666666667,0,0,98,0,109,16177,0.9999999999897958,0.4734299516885342,0.6426229503793174,0.9933471679686894,0.4734299516885342
very_large,200000,567,Hough transform baseline,2,2,0,0.968329637841833,0.943089430894309,0.9696969696969697,1.0,1.0,0,0,68,0,84,16232,0.9999999999852941,0.4473684210496884,0.6181818177490909,0.9948730468749393,0.4473684210496884
very_large,200000,568,Hough transform baseline,2,2,0,1.0,1.0,1.0,1.0,1.0,0,0,121,0,0,16263,0.9999999999917355,0.9999999999917355,0.9999999994917355,0.9999999999999389,0.9999999999917355
very_large,200000,569,Hough transform baseline,3,6,3,0.2637778280179257,0.22763915962746373,0.5567010309278351,0.0,0.5,1,7,106,45,181,16052,0.7019867549622385,0.36933797909278976,0.48401826438617834,0.9862060546874398,0.3192771084327733
very_large,200000,570,Hough transform baseline,4,6,2,0.5608641848347731,0.7178748266983561,0.8557692307692308,0.0,0.6666666666666667,0,1,292,0,374,15718,0.9999999999965754,0.43843843843778013,0.6096033398672077,0.9771728515624404,0.43843843843778013
very_large,200000,571,Hough transform baseline,1,1,0,0.9696283391405343,0.943089430894309,0.9761904761904762,1.0,1.0,0,0,85,0,170,16129,0.9999999999882353,0.33333333333202614,0.49999999962205877,0.9896240234374396,0.33333333333202614
very_large,200000,572,Hough transform baseline,5,7,2,0.701995586597722,0.8217393365414675,0.803921568627451,0.4,0.7142857142857143,1,2,293,9,428,15654,0.9701986754934762,0.4063800277386874,0.5728250240206856,0.9733276367186906,0.4013698630131488
very_large,200000,573,Hough transform baseline,3,3,0,0.9446860808090266,0.8938516680452165,0.9622641509433962,1.0,1.0,0,0,107,0,187,16090,0.9999999999906541,0.36394557823005463,0.5336658350175434,0.9885864257811896,0.36394557823005463
very_large,200000,574,Hough transform baseline,1,1,0,0.931140350877193,0.8703703703703705,0.9473684210526316,1.0,1.0,0,0,39,0,74,16271,0.9999999999743591,0.34513274335977756,0.5131578943485976,0.9954833984374392,0.34513274335977756
very_large,200000,575,Hough transform baseline,3,4,1,0.5663191865605659,0.6984615384615386,0.8850574712643678,0.0,0.75,0,1,174,0,209,16001,0.9999999999942529,0.4543080939935919,0.6247755830510976,0.9872436523436897,0.4543080939935919
very_large,200000,576,Hough transform baseline,5,6,1,0.660847061466096,0.8226470588235295,0.6199460916442048,0.3333333333333333,0.8333333333333334,1,3,230,87,299,15768,0.7255520504708973,0.43478260869483026,0.5437352241164009,0.9764404296874404,0.37337662337601724
very_large,200000,577,Hough transform baseline,3,5,2,0.8840517241379311,0.8833333333333333,0.8827586206896552,1.0,0.6,0,0,150,0,27,16207,0.9999999999933334,0.8474576271138562,0.9174311921583481,0.998352050781189,0.8474576271138562
very_large,200000,578,Hough transform baseline,3,3,0,0.9655652173913044,0.9323671497584541,0.98,1.0,1.0,0,0,103,0,52,16229,0.9999999999902912,0.6645161290279709,0.7984496119172224,0.9968261718749392,0.6645161290279709
very_large,200000,579,Hough transform baseline,1,1,0,0.9116666666666666,0.8333333333333334,0.9333333333333333,1.0,1.0,0,0,31,0,58,16295,0.9999999999677419,0.34831460673765935,0.516666666274861,0.9964599609374392,0.34831460673765935
very_large,200000,580,Hough transform baseline,5,7,2,0.47293156182391854,0.5123005521330294,0.8548387096774194,0.0,0.7142857142857143,2,0,160,37,317,15870,0.8121827411126286,0.33542976939133035,0.47477744765609886,0.9783935546874403,0.3112840466920014
very_large,200000,581,Hough transform baseline,2,2,0,0.9183730650154799,0.8290643274853802,0.9764705882352941,1.0,1.0,0,0,87,0,120,16177,0.9999999999885058,0.4202898550704334,0.5918367342731501,0.9926757812499394,0.4202898550704334
very_large,200000,582,Hough transform baseline,1,1,0,1.0,1.0,1.0,1.0,1.0,0,0,50,0,0,16334,0.9999999999800001,0.9999999999800001,0.9999999994800002,0.9999999999999389,0.9999999999800001
very_large,200000,583,Hough transform baseline,2,2,0,0.981923076923077,0.9666666666666668,0.9846153846153847,1.0,1.0,0,0,132,0,142,16110,0.9999999999924243,0.48175182481576007,0.6502463049766798,0.9913330078124395,0.48175182481576007
very_large,200000,584,Hough transform baseline,4,4,0,0.9902020202020202,0.9827160493827161,0.98989898989899,1.0,1.0,1,1,174,0,276,15934,0.9999999999942529,0.3866666666658074,0.5576923072883382,0.9831542968749399,0.3866666666658074
very_large,200000,585,Hough transform baseline,3,6,3,0.8225375893067436,0.8778032375612498,0.6376306620209059,1.0,0.5,0,0,237,0,382,15765,0.9999999999957806,0.38287560581521346,0.5537383173552903,0.9766845703124404,0.38287560581521346
very_large,200000,586,Hough transform baseline,3,3,0,0.9785714285714286,0.9634920634920636,0.975,1.0,1.0,1,1,191,1,299,15893,0.9947916666614856,0.3897959183665514,0.560117301646606,0.98168945312494,0.38900203665908556
very_large,200000,587,Hough transform baseline,1,1,0,0.8326367249602543,0.6641176470588235,0.9189189189189189,1.0,1.0,0,0,33,0,81,16270,0.9999999999696971,0.2894736842079871,0.44897959148243793,0.9950561523436893,0.2894736842079871
very_large,200000,588,Hough transform baseline,1,1,0,1.0,1.0,1.0,1.0,1.0,0,0,48,0,0,16336,0.9999999999791668,0.9999999999791668,0.9999999994791668,0.9999999999999389,0.9999999999791668
very_large,200000,589,Hough transform baseline,1,1,0,0.9726220016542597,0.9487179487179487,0.978494623655914,1.0,1.0,0,0,94,0,184,16106,0.9999999999893616,0.3381294964016614,0.5053763437056307,0.9887695312499396,0.3381294964016614
very_large,200000,590,Hough transform baseline,3,4,1,0.6012648499041942,0.7827530575071558,0.8701298701298701,0.0,0.75,0,1,215,19,407,15743,0.9188034187994923,0.34565916398658253,0.5023364481996844,0.9739990234374405,0.3354134165361382
very_large,200000,591,Hough transform baseline,1,1,0,0.9011851851851852,0.8133333333333332,0.9259259259259259,1.0,1.0,0,0,28,0,52,16304,0.9999999999642857,0.349999999995625,0.5185185181248285,0.9968261718749392,0.349999999995625
very_large,200000,592,Hough transform baseline,4,7,3,0.5118383102134725,0.7119268774703558,0.6716417910447761,0.0,0.5714285714285714,0,5,171,20,253,15940,0.8952879581104959,0.40330188679150164,0.5560975605455695,0.9833374023436899,0.3851351351342677
very_large,200000,593,Hough transform baseline,5,7,2,0.7548680369656217,0.8110952524340058,0.8422330097087378,0.6,0.7142857142857143,4,6,403,10,509,15462,0.9757869249371046,0.44188596491179616,0.6083018863624498,0.9683227539061908,0.43709327548759536
very_large,200000,594,Hough transform baseline,1,1,0,0.9146829810901,0.8390804597701148,0.935483870967742,1.0,1.0,0,0,32,0,64,16288,0.9999999999687501,0.3333333333298611,0.4999999996171875,0.9960937499999392,0.3333333333298611
very_large,200000,595,Hough transform baseline,5,7,2,0.7744535919371851,0.9239130434782609,0.8113207547169812,0.5,0.7142857142857143,1,2,229,22,123,16010,0.912350597605927,0.6505681818163336,0.7595356545695513,0.9911499023436895,0.6122994652390046
very_large,200000,596,Hough transform baseline,3,4,1,0.9445000000000001,0.961111111111111,0.935,1.0,0.75,0,0,204,0,74,16106,0.9999999999950981,0.7338129496376482,0.8464730285539162,0.9954833984374392,0.7338129496376482
very_large,200000,597,Hough transform baseline,2,2,0,0.9534507640067912,0.9059139784946236,0.9789473684210527,1.0,1.0,0,0,79,0,152,16153,0.9999999999873417,0.34199134198986153,0.5096774189717586,0.9907226562499395,0.34199134198986153
very_large,200000,598,Hough transform baseline,2,2,0,0.9752978978978979,0.954716049382716,0.9783783783783784,1.0,1.0,1,1,147,1,265,15971,0.9932432432365322,0.35679611650398835,0.5249999996092474,0.9837646484374399,0.3559322033889687
very_large,200000,599,Hough transform baseline,5,5,0,0.5586416083916084,0.7177272727272727,0.6783216783216783,0.0,1.0,0,3,199,76,164,15945,0.7236363636337323,0.5482093663896743,0.6238244509182153,0.9853515624999398,0.45330296127459385
very_large,200000,600,Hough transform baseline,2,3,1,0.8559190590111643,0.7942982456140351,0.9090909090909091,1.0,0.6666666666666667,0,0,113,0,176,16095,0.9999999999911504,0.39100346020625953,0.5621890543194104,0.9892578124999396,0.39100346020625953
very_large,200000,601,Hough transform baseline,4,5,1,0.584108045212766,0.7892708333333334,0.7446808510638299,0.0,0.8,0,2,287,31,256,15810,0.9025157232676022,0.5285451197043673,0.6666666661992632,0.98248291015619,0.4999999999991289
very_large,200000,602,Hough transform baseline,4,4,0,0.9916532563422945,0.9846491228070174,0.9928057553956835,1.0,1.0,1,1,281,0,152,15951,0.9999999999964413,0.6489607390285244,0.7871148454588306,0.9907226562499395,0.6489607390285244
very_large,200000,603,Hough transform baseline,4,7,3,0.37780673674151943,0.4081419546636938,0.56,0.09999999999999999,0.5714285714285714,1,6,186,81,287,15830,0.696629213480537,0.39323467230360837,0.5027027022400912,0.9775390624999403,0.33574007220156005
very_large,200000,604,Hough transform baseline,4,6,2,0.623699951138489,0.7929942463686096,0.7509293680297398,0.2,0.6666666666666667,1,5,219,51,256,15858,0.8111111111081071,0.46105263157797677,0.5879194626235287,0.98126220703119,0.41634980988514003
very_large,200000,605,Hough transform baseline,5,7,2,0.622792502475165,0.7871631292683925,0.673202614379085,0.25,0.7142857142857143,1,4,196,101,434,15653,0.6599326599304379,0.3111111111106173,0.4228694709767691,0.9673461914061909,0.2681258549927933
very_large,200000,606,Hough transform baseline,3,3,0,0.915902800810761,0.8330178326474623,0.9552238805970149,1.0,1.0,0,0,137,0,262,15985,0.9999999999927008,0.3433583959891144,0.5111940294683045,0.9840087890624399,0.3433583959891144
very_large,200000,607,Hough transform baseline,4,4,0,1.0,1.0,1.0,1.0,1.0,1,1,177,0,35,16172,0.9999999999943503,0.8349056603734203,0.9100257064402428,0.997863769531189,0.8349056603734203
very_large,200000,608,Hough transform baseline,4,4,0,0.6126282290694055,0.7347058823529412,0.91005291005291,0.0,1.0,1,1,173,13,152,16046,0.9301075268767199,0.5323076923060545,0.6771037177339547,0.9899291992186896,0.5118343195251129
very_large,200000,609,Hough transform baseline,4,4,0,1.0,1.0,1.0,1.0,1.0,0,0,156,0,0,16228,0.9999999999935898,0.9999999999935898,0.9999999994935898,0.9999999999999389,0.9999999999935898
very_large,200000,610,Hough transform baseline,5,7,2,0.9102178400137033,0.894351851851852,0.9316546762589928,1.0,0.7142857142857143,0,0,284,1,202,15897,0.996491228066679,0.5843621399164931,0.7367055767045746,0.9876098632811897,0.5831622176579402
very_large,200000,611,Hough transform baseline,2,2,0,0.9274784482758621,0.8541666666666667,0.9655172413793104,1.0,1.0,0,0,60,0,34,16290,0.9999999999833334,0.6382978723336351,0.7792207787350311,0.997924804687439,0.6382978723336351
very_large,200000,612,Hough transform baseline,3,3,0,0.9041266993875691,0.8158082497212933,0.935064935064935,1.0,1.0,0,0,69,1,154,16160,0.985714285700204,0.3094170403573569,0.4709897607252734,0.9905395507811895,0.3080357142843391
very_large,200000,613,Hough transform baseline,2,2,0,0.9474789915966386,0.896358543417367,0.9705882352941176,1.0,1.0,0,0,107,2,216,16059,0.981651376137783,0.33126934984417566,0.4953703699907729,0.9866943359374397,0.32923076922975625
very_large,200000,614,Hough transform baseline,1,1,0,0.956378233719893,0.9181286549707602,0.9661016949152542,1.0,1.0,0,0,60,0,116,16208,0.9999999999833334,0.34090909090715393,0.5084745758876759,0.9929199218749394,0.34090909090715393
very_large,200000,615,Hough transform baseline,5,9,4,0.41205179615705934,0.6493567251461988,0.3214285714285714,0.0,0.5555555555555556,0,7,161,171,177,15875,0.48493975903468395,0.4763313609453363,0.4805970144239787,0.9787597656249403,0.31630648329996797
very_large,200000,616,Hough transform baseline,5,5,0,0.760369008714597,0.7781862745098039,0.9259259259259259,0.5,1.0,1,2,143,4,120,16117,0.972789115639641,0.5437262357393775,0.6975609751463772,0.9924316406249394,0.5355805243425634
very_large,200000,617,Hough transform baseline,2,2,0,0.9364302749719416,0.8806818181818181,0.9506172839506173,1.0,1.0,0,0,71,2,190,16121,0.9726027397127041,0.2720306513399539,0.42514970025467025,0.9882812499999396,0.2699619771852853
very_large,200000,618,Hough transform baseline,5,8,3,0.5289815551008477,0.6907878787878787,0.7781350482315113,0.0,0.625,0,1,294,4,259,15827,0.986577181204743,0.5316455696192918,0.6909518209298745,0.9839477539061899,0.5278276481139537
very_large,200000,619,Hough transform baseline,3,6,3,0.4493620689655173,0.6874712643678161,0.44999999999999996,0.0,0.5,0,3,170,83,208,15923,0.6719367588906248,0.44973544973426,0.5388272578380404,0.98223876953119,0.3687635574829311
very_large,200000,620,Hough transform baseline,4,6,2,0.6908524846566718,0.8800992933723197,0.8192771084337349,0.2571428571428571,0.6666666666666667,3,7,211,28,310,15835,0.8828451882808249,0.4049904030702399,0.5552631574621156,0.9793701171874402,0.3843351548262581
very_large,200000,621,Hough transform baseline,3,4,1,0.7160849056603773,0.7611111111111112,0.8679245283018868,0.5,0.75,1,2,154,0,170,16060,0.9999999999935065,0.47530864197384165,0.6443514639956933,0.9896240234374396,0.47530864197384165
very_large,200000,622,Hough transform baseline,4,4,0,0.6628310786072565,0.8249067599067599,0.9581151832460733,0.0,1.0,0,1,187,1,189,16007,0.994680851058539,0.4973404255305922,0.6631205669290906,0.9884033203124396,0.4960212201578355
very_large,200000,623,Hough transform baseline,2,4,2,0.7687426108374384,0.8183333333333334,0.5024630541871922,1.0,0.5,0,0,117,65,241,15961,0.6428571428536107,0.3268156424571877,0.4333333328848423,0.98132324218744,0.27659574468019715
very_large,200000,624,Hough transform baseline,3,4,1,0.9454441340782123,0.9566666666666667,0.9497206703910615,1.0,0.75,0,0,182,1,98,16103,0.9945355191202485,0.6499999999976785,0.7861771053500832,0.9939575195311893,0.6476868327379086
very_large,200000,625,Hough transform baseline,3,4,1,0.48751809954751135,0.5768376068376069,0.7647058823529411,0.0,0.75,0,1,122,18,138,16106,0.871428571422347,0.4692307692289645,0.60999999954195,0.9904785156249395,0.4388489208617308
very_large,200000,626,Hough transform baseline,4,4,0,0.8515866388928452,0.8927259887005651,0.9159663865546218,0.6666666666666666,1.0,2,3,226,13,248,15897,0.945606694556713,0.4767932489441418,0.6339410935216822,0.9840698242186899,0.46406570841793826
very_large,200000,627,Hough transform baseline,2,3,1,0.3937792443064182,0.40945652173913044,0.7142857142857143,0.0,0.6666666666666667,0,1,39,1,55,16289,0.974999999975625,0.41489361701686284,0.5820895518113165,0.9965820312499392,0.41052631578515236
very_large,200000,628,Hough transform baseline,4,4,0,0.9471658578663499,0.8947673553803208,0.9726027397260274,1.0,1.0,1,1,222,0,302,15860,0.9999999999954955,0.42366412213659604,0.5951742623149306,0.98156738281244,0.42366412213659604
very_large,200000,629,Hough transform baseline,2,2,0,1.0,1.0,1.0,1.0,1.0,0,0,140,0,0,16244,0.9999999999928573,0.9999999999928573,0.9999999994928572,0.9999999999999389,0.9999999999928573
very_large,200000,630,Hough transform baseline,4,4,0,0.9464290404893242,0.8928581852143712,0.9732142857142857,1.0,1.0,1,1,213,2,268,15901,0.9906976744139968,0.4428274428265222,0.6120689650885148,0.9835205078124399,0.44099378881896273
very_large,200000,631,Hough transform baseline,5,6,1,0.8169453781512604,0.9548677248677248,0.8529411764705882,0.5333333333333333,0.8333333333333334,2,3,213,25,407,15739,0.894957983189517,0.3435483870962201,0.4965034961014502,0.9736328124999406,0.3302325581390229
very_large,200000,632,Hough transform baseline,1,1,0,1.0,1.0,1.0,1.0,1.0,0,0,76,0,0,16308,0.9999999999868421,0.9999999999868421,0.999999999486842,0.9999999999999389,0.9999999999868421
very_large,200000,633,Hough transform baseline,5,5,0,0.929294305940037,0.8813229866718238,0.9134948096885813,1.0,1.0,0,0,269,0,367,15748,0.9999999999962825,0.4229559748421023,0.5944751377024583,0.9776000976561903,0.4229559748421023
very_large,200000,634,Hough transform baseline,3,4,1,0.9460861514340551,0.9599894274292133,0.9454545454545454,1.0,0.75,0,0,224,0,345,15815,0.9999999999955358,0.39367311071987054,0.564943253061056,0.9789428710936903,0.39367311071987054
very_large,200000,635,Hough transform baseline,1,1,0,0.8826086956521739,0.7777777777777778,0.9130434782608696,1.0,1.0,0,0,24,0,44,16316,0.9999999999583333,0.3529411764653979,0.5217391300378071,0.997314453124939,0.3529411764653979
very_large,200000,636,Hough transform baseline,2,2,0,0.9034614380790814,0.8037974683544306,0.9587628865979382,1.0,1.0,0,0,99,0,190,16095,0.999999999989899,0.3425605536320327,0.5103092779677835,0.9884033203124396,0.3425605536320327
very_large,200000,637,Hough transform baseline,2,2,0,0.9104861111111112,0.8208333333333334,0.9555555555555556,1.0,1.0,0,0,92,0,180,16112,0.9999999999891304,0.3382352941164036,0.5054945051139959,0.9890136718749396,0.3382352941164036
very_large,200000,638,Hough transform baseline,2,3,1,0.3936109240222144,0.5626923076923077,0.36866359447004604,0.0,0.6666666666666667,0,2,69,103,190,16022,0.4011627906953421,0.2664092664082378,0.32018561436807513,0.98211669921869,0.1906077348061033
very_large,200000,639,Hough transform baseline,2,2,0,0.948860565521435,0.896018648018648,0.9782608695652174,1.0,1.0,0,0,105,2,239,16038,0.9813084112057822,0.3052325581386476,0.4656319286825729,0.9852905273436898,0.30346820809160846
very_large,200000,640,Hough transform baseline,1,1,0,0.8525714285714286,0.7200000000000001,0.8928571428571429,1.0,1.0,0,0,21,0,78,16285,0.999999999952381,0.21212121211906948,0.3499999997054167,0.9952392578124393,0.21212121211906948
very_large,200000,641,Hough transform baseline,5,6,1,0.8260959175457804,0.7797126496012334,0.9594594594594594,0.8,0.8333333333333334,2,2,269,5,604,15506,0.9817518248139353,0.30813287514283144,0.46904969449169165,0.9628295898436912,0.30637813211810205
very_large,200000,642,Hough transform baseline,2,3,1,0.5529638673813778,0.7092753623188406,0.8356164383561644,0.0,0.6666666666666667,0,1,130,15,250,15989,0.896551724131748,0.34210526315699447,0.49523809483639,0.9838256835936899,0.3291139240497997
very_large,200000,643,Hough transform baseline,3,3,0,0.9711512072134493,0.9484999246193276,0.9716312056737588,1.0,1.0,0,0,144,0,252,15988,0.9999999999930557,0.3636363636354454,0.5333333329402469,0.9846191406249398,0.3636363636354454
very_large,200000,644,Hough transform baseline,5,7,2,0.598460704812429,0.756,0.6127320954907162,0.2571428571428572,0.7142857142857143,2,7,275,60,179,15870,0.8208955223856093,0.6057268722453618,0.6970849171268438,0.9854125976561898,0.5350194552518774
very_large,200000,645,Hough transform baseline,2,3,1,0.819968794326241,0.8702222222222222,0.8085106382978724,0.8,0.6666666666666667,1,1,72,1,42,16269,0.9863013698495027,0.6315789473628809,0.7700534754516286,0.997375488281189,0.6260869565162949
very_large,200000,646,Hough transform baseline,3,3,0,0.9657307692307692,0.9327350427350427,0.98,1.0,1.0,0,0,103,0,136,16145,0.9999999999902912,0.43096234309443116,0.6023391808620943,0.9916992187499395,0.43096234309443116
very_large,200000,647,Hough transform baseline,1,1,0,0.9658995433789954,0.9360730593607306,0.9733333333333334,1.0,1.0,0,0,76,0,148,16160,0.9999999999868421,0.3392857142841996,0.5066666662849777,0.9909667968749395,0.3392857142841996
very_large,200000,648,Hough transform baseline,3,3,0,0.6622644472361808,0.8541666666666666,0.8894472361809045,0.0,1.0,0,1,172,21,12,16179,0.8911917098399421,0.9347826086905718,0.9124668429967705,0.997985839843689,0.8390243902398097
very_large,200000,649,Hough transform baseline,1,1,0,1.0,1.0,1.0,1.0,1.0,0,0,85,0,0,16299,0.9999999999882353,0.9999999999882353,0.9999999994882354,0.9999999999999389,0.9999999999882353
very_large,200000,650,Hough transform baseline,3,4,1,0.5947515444830769,0.7517801251956181,0.7405857740585774,0.13333333333333333,0.75,1,3,178,44,285,15877,0.8018018017981902,0.3844492440596448,0.5197080287574533,0.9799194335936902,0.3510848126225817
very_large,200000,651,Hough transform baseline,3,4,1,0.9390022215782865,0.9513774858602444,0.9294117647058824,1.0,0.75,0,0,153,0,300,15931,0.9999999999934641,0.33774834437011536,0.5049504946703756,0.98168945312494,0.33774834437011536
very_large,200000,652,Hough transform baseline,1,1,0,1.0,1.0,1.0,1.0,1.0,0,0,29,0,0,16355,0.9999999999655173,0.9999999999655173,0.9999999994655173,0.9999999999999389,0.9999999999655173
very_large,200000,653,Hough transform baseline,4,5,1,0.5335489361702128,0.7431111111111111,0.5957446808510638,0.0,0.8,0,2,220,59,175,15930,0.7885304659469945,0.5569620253150457,0.6528189906107961,0.9857177734374398,0.4845814977962895
very_large,200000,654,Hough transform baseline,5,5,0,0.7490319754365042,0.7772510435301133,0.8713450292397661,0.5,1.0,1,2,157,14,147,16066,0.9181286549653911,0.5164473684193538,0.6610526311153639,0.9901733398436895,0.49371069182234684
very_large,200000,655,Hough transform baseline,4,4,0,0.9836254222972973,0.9696180555555556,0.9864864864864865,1.0,1.0,1,1,129,0,204,16051,0.9999999999922481,0.3873873873862241,0.5584415580366279,0.9875488281249397,0.3873873873862241
very_large,200000,656,Hough transform baseline,4,8,4,0.6058087260301919,0.8358249467337595,0.6484375,0.19999999999999998,0.5,2,6,176,81,278,15849,0.6848249027210708,0.3876651982370316,0.495077355373842,0.9780883789061903,0.32897196261620754
very_large,200000,657,Hough transform baseline,4,7,3,0.5922071940771452,0.7422257419952238,0.8178137651821862,0.15,0.5714285714285714,1,4,214,19,411,15740,0.9184549356183758,0.34239999999945214,0.49883449843770405,0.9737548828124405,0.3322981366454468
very_large,200000,658,Hough transform baseline,3,3,0,0.9866780397022331,0.9775641025641024,0.9838709677419355,1.0,1.0,0,0,123,0,162,16099,0.9999999999918698,0.4315789473669068,0.6029411760464605,0.9901123046874395,0.4315789473669068
very_large,200000,659,Hough transform baseline,3,3,0,0.9859209842315023,0.9731800766283525,0.9899497487437185,1.0,1.0,0,0,202,0,118,16064,0.9999999999950495,0.6312499999980273,0.7739463596758416,0.9927978515624394,0.6312499999980273
very_large,200000,660,Hough transform baseline,4,4,0,0.6529905913978494,0.8865740740740741,0.7701612903225806,0.0,1.0,0,1,201,50,210,15923,0.8007968127458136,0.4890510948893211,0.607250754814382,0.9841308593749399,0.4360086767886421
very_large,200000,661,Hough transform baseline,1,1,0,1.0,1.0,1.0,1.0,1.0,0,0,20,0,0,16364,0.99999999995,0.99999999995,0.99999999945,0.9999999999999389,0.99999999995
very_large,200000,662,Hough transform baseline,3,6,3,0.5684912517761125,0.8109013209013209,0.5179282868525896,0.2,0.5,1,4,349,130,349,15556,0.7286012526080823,0.4999999999992837,0.5930331346055124,0.9707641601561907,0.42149758454055375
very_large,200000,663,Hough transform baseline,4,5,1,0.9108114008941879,0.8924697797648619,0.896,1.0,0.8,1,1,241,2,368,15773,0.9917695473210215,0.39573070607488386,0.5657276991214568,0.9774169921874403,0.39443535188151485
very_large,200000,664,Hough transform baseline,2,2,0,0.9693093361698013,0.9421344421344422,0.9767441860465116,1.0,1.0,0,0,124,0,269,15991,0.9999999999919355,0.31552162849792487,0.479690521877219,0.9835815429686899,0.31552162849792487
very_large,200000,665,Hough transform baseline,3,4,1,0.8557343184858195,0.8400156572412149,0.7636363636363637,1.0,0.75,0,0,136,10,313,15925,0.9315068493086883,0.3028953229391918,0.45714285677098515,0.9802856445311902,0.2962962962956508
very_large,200000,666,Hough transform baseline,1,1,0,1.0,1.0,1.0,1.0,1.0,0,0,21,0,0,16363,0.999999999952381,0.999999999952381,0.9999999994523809,0.9999999999999389,0.999999999952381
very_large,200000,667,Hough transform baseline,4,4,0,0.8421086226203807,0.85953216374269,0.9432624113475178,0.6666666666666666,1.0,2,3,270,13,118,15983,0.9540636042369115,0.6958762886580003,0.8047690010001576,0.9920043945311894,0.6733167082277474
very_large,200000,668,Hough transform baseline,3,4,1,0.5867819787454256,0.8220223501403545,0.7093596059113301,0.0,0.75,0,1,179,10,208,15987,0.9470899470849361,0.4625322997404069,0.6215277773347017,0.9866943359374397,0.4508816120895444
very_large,200000,669,Hough transform baseline,1,1,0,1.0,1.0,1.0,1.0,1.0,0,0,63,0,0,16321,0.999999999984127,0.999999999984127,0.9999999994841271,0.9999999999999389,0.999999999984127
very_large,200000,670,Hough transform baseline,1,1,0,0.9249350649350648,0.8585858585858585,0.9428571428571428,1.0,1.0,0,0,36,0,68,16280,0.9999999999722223,0.34615384615051775,0.5142857138963265,0.9958496093749392,0.34615384615051775
very_large,200000,671,Hough transform baseline,2,2,0,0.6630893987341772,0.86875,0.8607594936708861,0.0,1.0,0,1,58,7,0,16319,0.8923076922939644,0.9999999999827587,0.9430894303805935,0.9995727539061889,0.8923076922939644
very_large,200000,672,Hough transform baseline,4,5,1,0.9462187092158436,0.9406167394339006,0.9647058823529412,1.0,0.8,2,2,258,0,338,15788,0.9999999999961241,0.43288590603954213,0.6042154562513807,0.9793701171874402,0.43288590603954213
very_large,200000,673,Hough transform baseline,3,10,7,0.5469537034535873,0.9166463049467004,0.38996138996138996,0.10588235294117647,0.30000000000000004,2,17,378,216,503,15287,0.6363636363625651,0.42905788876228257,0.5125423723995909,0.9561157226561916,0.34457611668154553
very_large,200000,674,Hough transform baseline,5,8,3,0.44936431024899304,0.4839536372164795,0.8454258675078864,0.0,0.625,0,5,235,29,398,15722,0.8901515151481434,0.3712480252758748,0.523968784421795,0.9739379882811905,0.3549848942592825
very_large,200000,675,Hough transform baseline,2,2,0,0.9499363425925925,0.9052083333333332,0.962962962962963,1.0,1.0,0,0,110,0,216,16058,0.999999999990909,0.3374233128824006,0.504587155583705,0.9868164062499397,0.3374233128824006
very_large,200000,676,Hough transform baseline,4,6,2,0.6239037884471118,0.9178912783751494,0.7209302325581395,0.0,0.6666666666666667,0,2,174,30,201,15979,0.8529411764664072,0.4639999999987627,0.6010362689715876,0.9859008789061898,0.4296296296285688
very_large,200000,677,Hough transform baseline,4,4,0,0.7795537704759136,0.834551656920078,0.8950276243093923,0.5,1.0,1,2,153,14,114,16103,0.9161676646651727,0.5730337078630223,0.7050691239472595,0.9921874999999394,0.5444839857631869
very_large,200000,678,Hough transform baseline,2,3,1,0.547858105022831,0.7244254185692542,0.776,0.0,0.6666666666666667,0,1,119,2,186,16077,0.9834710743720374,0.3901639344249503,0.5586854456000462,0.9885253906249396,0.38762214983587095
very_large,200000,679,Hough transform baseline,1,1,0,1.0,1.0,1.0,1.0,1.0,0,0,24,0,0,16360,0.9999999999583333,0.9999999999583333,0.9999999994583333,0.9999999999999389,0.9999999999583333
very_large,200000,680,Hough transform baseline,5,5,0,0.5317284242822704,0.596477366255144,0.8165680473372781,0.0,1.0,0,2,302,39,281,15762,0.8856304985311272,0.5180102915943088,0.6536796532125358,0.9804687499999402,0.48553054662301365
very_large,200000,681,Hough transform baseline,2,2,0,0.8963709677419355,0.8055555555555556,0.9193548387096774,1.0,1.0,0,0,55,0,144,16185,0.9999999999818182,0.27638190954634984,0.4330708657990266,0.9912109374999395,0.27638190954634984
very_large,200000,682,Hough transform baseline,2,2,0,0.4944891304347826,0.6950000000000001,0.408695652173913,0.0,1.0,0,1,51,65,74,16194,0.43965517241000296,0.407999999996736,0.4232365140200065,0.9915161132811895,0.26842105263016625
very_large,200000,683,Hough transform baseline,1,2,1,0.7175,0.65,0.625,1.0,0.5,0,0,26,0,28,16330,0.9999999999615384,0.4814814814725652,0.649999999545,0.998291015624939,0.4814814814725652
very_large,200000,684,Hough transform baseline,3,3,0,1.0,1.0,1.0,1.0,1.0,0,0,130,0,0,16254,0.9999999999923078,0.9999999999923078,0.9999999994923079,0.9999999999999389,0.9999999999923078
very_large,200000,685,Hough transform baseline,2,2,0,1.0,1.0,1.0,1.0,1.0,0,0,170,0,0,16214,0.9999999999941177,0.9999999999941177,0.9999999994941178,0.9999999999999389,0.9999999999941177
very_large,200000,686,Hough transform baseline,3,3,0,1.0,1.0,1.0,1.0,1.0,1,1,216,0,80,16088,0.9999999999953704,0.7297297297272645,0.843749999508911,0.9951171874999393,0.7297297297272645
very_large,200000,687,Hough transform baseline,1,1,0,0.9103719512195122,0.8116666666666668,0.975609756097561,1.0,1.0,0,0,83,0,166,16135,0.9999999999879517,0.33333333333199466,0.499999999621988,0.9898681640624396,0.33333333333199466
very_large,200000,688,Hough transform baseline,4,6,2,0.6865394222630432,0.8418697010263274,0.9551569506726457,0.19999999999999998,0.6666666666666667,1,3,226,0,286,15872,0.9999999999955753,0.4414062499991379,0.612466124234678,0.98254394531244,0.4414062499991379
very_large,200000,689,Hough transform baseline,2,2,0,1.0,1.0,1.0,1.0,1.0,0,0,72,0,40,16272,0.9999999999861111,0.642857142851403,0.7826086951672968,0.997558593749939,0.642857142851403
very_large,200000,690,Hough transform baseline,3,3,0,0.9385770392101512,0.8764495153968839,0.970873786407767,1.0,1.0,0,0,97,0,130,16157,0.9999999999896907,0.4273127753285141,0.5987654316755638,0.9920654296874394,0.4273127753285141
very_large,200000,691,Hough transform baseline,1,2,1,0.8476451814768462,0.8150980392156864,0.9042553191489362,1.0,0.5,0,0,96,0,168,16120,0.9999999999895833,0.36363636363498625,0.5333333329392592,0.9897460937499396,0.36363636363498625
very_large,200000,692,Hough transform baseline,1,1,0,0.9713676869430453,0.9463601532567051,0.9775280898876404,1.0,1.0,0,0,90,0,176,16118,0.9999999999888889,0.3383458646603822,0.5056179771474562,0.9892578124999396,0.3383458646603822
very_large,200000,693,Hough transform baseline,4,4,0,0.8769538461538461,0.904,0.9507692307692308,0.72,1.0,4,5,279,5,171,15929,0.982394366193724,0.6199999999986222,0.7602179831747286,0.9892578124999396,0.6131868131854655
very_large,200000,694,Hough transform baseline,3,4,1,0.6055920640445529,0.6170019723865878,0.7647058823529411,0.4,0.75,1,2,148,37,272,15927,0.7999999999956757,0.3523809523801134,0.4892561979209289,0.98114013671869,0.32385120350038543
very_large,200000,695,Hough transform baseline,1,1,0,1.0,1.0,1.0,1.0,1.0,0,0,48,0,38,16298,0.9999999999791668,0.5581395348772309,0.7164179099772778,0.997680664062439,0.5581395348772309
very_large,200000,696,Hough transform baseline,5,6,1,0.8167500000000001,0.7455555555555555,0.7395833333333333,1.0,0.8333333333333334,1,1,121,76,107,16080,0.6142131979664254,0.5307017543836373,0.5694117642058629,0.9888305664061896,0.3980263157881644
very_large,200000,697,Hough transform baseline,4,4,0,0.9207989766081871,0.941346653671215,0.9859649122807017,0.8,1.0,1,1,288,0,374,15722,0.9999999999965278,0.43504531721988665,0.6063157890499014,0.9771728515624404,0.43504531721988665
very_large,200000,698,Hough transform baseline,5,13,8,0.5818278481290096,0.8203279103721581,0.62109375,0.2,0.3846153846153846,3,10,362,106,346,15570,0.7735042735026207,0.5112994350275264,0.615646258023179,0.9724121093749406,0.4447174447168984
very_large,200000,699,Hough transform baseline,3,3,0,0.9802952503209242,0.962059620596206,0.9868421052631579,1.0,1.0,0,0,155,0,84,16145,0.9999999999935485,0.648535564850843,0.7868020299755856,0.9948730468749393,0.648535564850843
very_large,200000,700,Hough transform baseline,5,6,1,0.6677871659516985,0.6642649809408813,0.9276729559748428,0.4,0.8333333333333334,1,2,293,1,335,15755,0.9965986394523926,0.46656050955339723,0.6355748368744313,0.9794921874999402,0.46581875993566646
very_large,200000,701,Hough transform baseline,4,4,0,0.9402250753718833,0.876268085581811,0.9795221843003413,1.0,1.0,1,1,264,1,511,15608,0.9962264150905803,0.34064516128988304,0.5076923073115699,0.9687499999999408,0.3402061855665719
very_large,200000,702,Hough transform baseline,5,9,4,0.48639925912106297,0.6910863195853053,0.4951076320939335,0.08333333333333333,0.5555555555555556,1,12,328,117,197,15742,0.7370786516837369,0.6247619047607148,0.6762886592958209,0.9808349609374402,0.5109034267904815
very_large,200000,703,Hough transform baseline,3,3,0,0.9584674892877355,0.9210722819593787,0.9699248120300752,1.0,1.0,0,0,128,1,153,16102,0.9922480620078121,0.4555160142332544,0.6243902434681141,0.9906005859374395,0.4539007092182486
very_large,200000,704,Hough transform baseline,3,4,1,0.6399870129870131,0.8110822510822512,1.0,0.0,0.75,1,0,159,1,308,15916,0.9937499999937891,0.34047109207635873,0.5071770331110754,0.98114013671869,0.3397435897428638
very_large,200000,705,Hough transform baseline,3,3,0,0.8998784838350056,0.7969521863000123,0.95625,1.0,1.0,0,0,159,1,330,15894,0.9937499999937891,0.32515337423246393,0.48998459130648786,0.9797973632811902,0.3244897959177051
very_large,200000,706,Hough transform baseline,1,1,0,0.9118488372093023,0.8144444444444445,0.9767441860465116,1.0,1.0,0,0,87,0,174,16123,0.9999999999885058,0.3333333333320562,0.49999999962212643,0.9893798828124396,0.3333333333320562
very_large,200000,707,Hough transform baseline,3,5,2,0.502094379884821,0.7827884615384614,0.44919786096256686,0.0,0.6,0,4,123,39,164,16058,0.7592592592545725,0.4285714285699353,0.5478841866187171,0.9876098632811897,0.37730061349577515
very_large,200000,708,Hough transform baseline,5,6,1,0.8157150537634409,0.79,0.6344086021505376,1.0,0.8333333333333334,0,0,189,95,137,15963,0.6654929577441356,0.5797546012252155,0.6196721306478795,0.9858398437499398,0.4489311163884824
very_large,200000,709,Hough transform baseline,5,10,5,0.5449560346484782,0.6584645515080298,0.8265682656826568,0.13333333333333333,0.5,1,6,246,18,116,16004,0.9318181818146523,0.6795580110478465,0.7859424915225224,0.9918212890624394,0.647368421050928
very_large,200000,710,Hough transform baseline,5,5,0,0.5281488247472903,0.5739130434782609,0.5994397759103641,0.19999999999999998,1.0,2,6,243,91,165,15885,0.7275449101774625,0.5955882352926579,0.6549865224142588,0.9843749999999399,0.4869739478948157
very_large,200000,711,Hough transform baseline,3,2,1,0.7378508771929825,0.55,0.868421052631579,1.0,0.6666666666666667,0,0,104,12,32,16236,0.8965517241302021,0.7647058823473184,0.825396824893424,0.997314453124939,0.7027027026979548
very_large,200000,712,Hough transform baseline,2,2,0,1.0,1.0,1.0,1.0,1.0,0,0,181,0,100,16103,0.9999999999944752,0.6441281138767113,0.7835497830698168,0.9938964843749393,0.6441281138767113
very_large,200000,713,Hough transform baseline,5,5,0,0.9684752506610285,0.9427041721228596,0.9712918660287081,1.0,1.0,0,0,214,0,310,15860,0.9999999999953272,0.40839694656410613,0.5799457990446457,0.98107910156244,0.40839694656410613
very_large,200000,714,Hough transform baseline,4,9,5,0.6019991341221844,0.8751359751359751,0.6187175043327556,0.16,0.4444444444444444,2,10,412,102,351,15519,0.8015564202319037,0.539973787679502,0.6452623331123615,0.9723510742186906,0.47630057803413145
very_large,200000,715,Hough transform baseline,4,6,2,0.8629094026034403,0.8103395061728396,0.9079497907949791,1.0,0.6666666666666667,0,0,226,18,265,15875,0.9262295081929254,0.4602851323819546,0.6149659859493507,0.98272705078119,0.4440078585452967
very_large,200000,716,Hough transform baseline,2,5,3,0.4296708261617901,0.5357764390896922,0.7428571428571429,0.0,0.4,1,7,128,0,189,16067,0.9999999999921876,0.40378548895771676,0.5752808984640121,0.9884643554686896,0.40378548895771676
very_large,200000,717,Hough transform baseline,2,2,0,0.9710870133263653,0.945736434108527,0.9775280898876404,1.0,1.0,0,0,91,0,88,16205,0.9999999999890109,0.5083798882653163,0.6740740736221947,0.9946289062499393,0.5083798882653163
very_large,200000,718,Hough transform baseline,4,4,0,0.643958089668616,0.8345267489711935,0.8421052631578947,0.0,1.0,0,3,171,19,121,16073,0.8999999999952633,0.5856164383541589,0.7095435679841773,0.9914550781249395,0.549839228294052
very_large,200000,719,Hough transform baseline,2,2,0,1.0,1.0,1.0,1.0,1.0,0,0,110,0,0,16274,0.999999999990909,0.999999999990909,0.999999999490909,0.9999999999999389,0.999999999990909
very_large,200000,720,Hough transform baseline,1,1,0,0.9658995433789954,0.9360730593607306,0.9733333333333334,1.0,1.0,0,0,76,0,152,16156,0.9999999999868421,0.3333333333318714,0.49999999962171054,0.9907226562499395,0.3333333333318714
very_large,200000,721,Hough transform baseline,5,5,0,0.8904095155821272,0.8097989235158384,0.88,1.0,1.0,0,0,231,17,460,15676,0.93145161289947,0.33429811866811243,0.49201277916295505,0.9708862304686907,0.32627118644021713
very_large,200000,722,Hough transform baseline,5,6,1,0.7832527157256434,0.8783706154072287,0.8982630272952854,0.5,0.8333333333333334,1,2,379,11,571,15423,0.97179487179238,0.39894736842063266,0.5656716413775249,0.9644775390624412,0.3943808532774252
very_large,200000,723,Hough transform baseline,5,5,0,0.6653239667486243,0.8017853751187084,0.7226027397260274,0.24,1.0,2,5,203,66,236,15879,0.7546468401458936,0.462414578586646,0.573446327210823,0.98156738281244,0.401980198019006
very_large,200000,724,Hough transform baseline,3,4,1,0.8888166248955722,0.8430492898913952,0.9222222222222223,1.0,0.75,0,0,184,0,133,16067,0.9999999999945652,0.5804416403767179,0.734530937656057,0.9918823242186894,0.5804416403767179
very_large,200000,725,Hough transform baseline,1,1,0,0.9152710255018991,0.8208771929824561,0.979381443298969,1.0,1.0,0,0,98,0,196,16090,0.9999999999897958,0.33333333333219956,0.49999999962244895,0.9880371093749397,0.33333333333219956
very_large,200000,726,Hough transform baseline,4,5,1,0.5253331245662938,0.657954207162245,0.7462686567164178,0.0,0.8,0,2,170,5,276,15933,0.9714285714230204,0.3811659192816566,0.5475040253583514,0.9828491210936899,0.37694013303685825
very_large,200000,727,Hough transform baseline,3,3,0,0.9591569525780052,0.9226044226044225,0.9699248120300752,1.0,1.0,0,0,136,0,166,16082,0.9999999999926471,0.4503311258263234,0.6210045657790287,0.9898681640624396,0.4503311258263234
very_large,200000,728,Hough transform baseline,1,1,0,1.0,1.0,1.0,1.0,1.0,0,0,79,0,0,16305,0.9999999999873417,0.9999999999873417,0.9999999994873416,0.9999999999999389,0.9999999999873417
very_large,200000,729,Hough transform baseline,4,3,1,0.7477413522012579,0.5425,0.8930817610062893,1.0,0.75,0,0,135,26,11,16212,0.8385093167649783,0.9246575342402421,0.8794788268570277,0.997741699218689,0.7848837209256694
very_large,200000,730,Hough transform baseline,2,2,0,0.9420945945945945,0.8833333333333334,0.972972972972973,1.0,1.0,0,0,76,0,42,16266,0.9999999999868421,0.6440677966047113,0.7835051541545328,0.997436523437439,0.6440677966047113
very_large,200000,731,Hough transform baseline,4,4,0,0.5673775811102315,0.5203018285966072,0.7912087912087912,0.3,1.0,1,2,220,35,273,15856,0.8627450980358324,0.4462474645021374,0.588235293666694,0.98120117187494,0.41666666666587754
very_large,200000,732,Hough transform baseline,5,7,2,0.5737975852043483,0.7422320055904962,0.8418230563002681,0.0,0.7142857142857143,0,2,335,35,567,15447,0.9054054054029584,0.37139689578672797,0.5267295593350614,0.9632568359374412,0.35752401280644874
very_large,200000,733,Hough transform baseline,4,4,0,0.6415081360106217,0.6634518923848609,0.7981072555205048,0.3333333333333333,1.0,1,3,241,62,281,15800,0.7953795379511704,0.4616858237539048,0.5842424237762409,0.9790649414061903,0.4126712328760057
very_large,200000,734,Hough transform baseline,4,6,2,0.8554047685703621,0.8510964912280702,0.7787234042553192,1.0,0.6666666666666667,0,0,230,11,275,15868,0.9543568464690692,0.45544554455355357,0.616621983475174,0.98254394531244,0.44573643410766334
very_large,200000,735,Hough transform baseline,3,4,1,0.858879123698117,0.8012128674772971,0.8666666666666667,1.0,0.75,0,0,256,15,504,15609,0.9446494464909791,0.3368421052627147,0.49660523724488104,0.9683227539061908,0.3303225806447351
very_large,200000,736,Hough transform baseline,3,3,0,0.9177533882312575,0.9334494195688224,0.9885057471264368,0.8,1.0,1,1,176,0,138,16070,0.9999999999943182,0.5605095541383424,0.7183673464755019,0.9915771484374395,0.5605095541383424
very_large,200000,737,Hough transform baseline,3,3,0,0.9500222534877522,0.9025437832607643,0.9693877551020408,1.0,1.0,0,0,89,1,117,16177,0.9888888888779012,0.4320388349493591,0.6013513509240778,0.9927978515624394,0.429951690819179
very_large,200000,738,Hough transform baseline,3,3,0,0.7031636481284622,0.9135792622133598,0.9602649006622517,0.0,1.0,0,1,133,3,53,16195,0.9779411764633976,0.7150537634370159,0.8260869560286641,0.9965820312499392,0.7037037036999805
very_large,200000,739,Hough transform baseline,3,5,2,0.8332841228639412,0.7924832359939433,0.8333333333333334,1.0,0.6,0,0,137,0,212,16035,0.9999999999927008,0.39255014326535087,0.5637860078232739,0.9870605468749397,0.39255014326535087
very_large,200000,740,Hough transform baseline,2,2,0,0.9797031715912172,0.9623655913978496,0.9831932773109243,1.0,1.0,1,1,120,0,124,16140,0.9999999999916667,0.491803278686509,0.659340658895061,0.9924316406249394,0.491803278686509
very_large,200000,741,Hough transform baseline,4,4,0,0.5259445438282648,0.5476830318690784,0.8974358974358975,0.0,1.0,0,1,104,3,249,16028,0.9719626168133461,0.29461756373854214,0.45217391268450846,0.9846191406249398,0.2921348314598536
very_large,200000,742,Hough transform baseline,2,4,2,0.7806466165413535,0.6617543859649123,0.9142857142857143,1.0,0.5,0,0,143,21,202,16018,0.8719512195068784,0.414492753621987,0.5618860506415678,0.9863891601561897,0.3907103825125937
very_large,200000,743,Hough transform baseline,5,6,1,0.5285427488004953,0.603110870350307,0.8690476190476191,0.0,0.8333333333333334,0,1,246,0,444,15694,0.999999999995935,0.3565217391299181,0.5256410252524107,0.9729003906249406,0.3565217391299181
very_large,200000,744,Hough transform baseline,3,5,2,0.517525149190111,0.8354589371980676,0.40784313725490196,0.0,0.6,0,4,132,87,139,16026,0.6027397260246451,0.48708487084691116,0.5387755097075135,0.9862060546874398,0.3687150837978528
very_large,200000,745,Hough transform baseline,1,1,0,1.0,1.0,1.0,1.0,1.0,0,0,20,0,0,16364,0.99999999995,0.99999999995,0.99999999945,0.9999999999999389,0.99999999995
very_large,200000,746,Hough transform baseline,4,7,3,0.3704512380202918,0.4539517345399698,0.5451505016722409,0.0,0.5714285714285714,1,3,178,94,316,15796,0.6544117647034765,0.3603238866389467,0.4647519577653266,0.9749755859374405,0.30272108843485934
very_large,200000,747,Hough transform baseline,4,4,0,0.5877848594642073,0.6878310886644221,0.8913043478260869,0.0,1.0,0,1,188,17,246,15933,0.9170731707272338,0.43317972350130607,0.5884194048831876,0.9839477539061899,0.41685144124076084
very_large,200000,748,Hough transform baseline,2,3,1,0.5156248114630468,0.7002991452991454,0.6691176470588236,0.0,0.6666666666666667,0,1,119,0,168,16097,0.9999999999915966,0.4146341463400187,0.5862068961344489,0.9897460937499396,0.4146341463400187
very_large,200000,749,Hough transform baseline,5,7,2,0.8601833192442205,0.7931923688832607,0.9090909090909091,1.0,0.7142857142857143,0,0,233,57,582,15512,0.8034482758592985,0.2858895705517965,0.42171945662567756,0.9609985351561913,0.2672018348620789
very_large,200000,750,Hough transform baseline,5,5,0,0.5847824322681254,0.6767455970841744,0.9012345679012346,0.0,1.0,0,1,229,10,430,15715,0.9581589958118906,0.34749620637276557,0.5100222713231606,0.9731445312499406,0.34230194319829255
very_large,200000,751,Hough transform baseline,4,4,0,0.7939054123522068,0.8622367465504721,0.9044943820224719,0.5,1.0,1,2,157,7,217,16003,0.9573170731648944,0.41978609625556207,0.5836431222505908,0.9863281249999398,0.4120734908125667
very_large,200000,752,Hough transform baseline,2,2,0,1.0,1.0,1.0,1.0,1.0,0,0,149,0,73,16162,0.9999999999932887,0.671171171168148,0.8032345008627372,0.9955444335936892,0.671171171168148
very_large,200000,753,Hough transform baseline,3,3,0,0.9555749805749806,0.9102564102564104,0.9797979797979798,1.0,1.0,0,0,95,0,42,16247,0.9999999999894736,0.6934306569292451,0.8189655167507061,0.997436523437439,0.6934306569292451
very_large,200000,754,Hough transform baseline,2,2,0,0.961,0.9222222222222222,0.98,1.0,1.0,0,0,102,0,62,16220,0.9999999999901961,0.6219512195084028,0.7669172927544802,0.9962158203124392,0.6219512195084028
very_large,200000,755,Hough transform baseline,4,4,0,0.922603541341882,0.8462015018773467,0.9590643274853801,1.0,1.0,0,0,157,2,306,15919,0.9874213836415886,0.339092872569462,0.504823150743215,0.98120117187494,0.33763440860142446
very_large,200000,756,Hough transform baseline,2,2,0,0.9108838130298974,0.8225401606425704,0.9537037037037037,1.0,1.0,0,0,84,1,163,16136,0.9882352941060207,0.3400809716585422,0.5060240960015423,0.9899902343749396,0.3387096774179891
very_large,200000,757,Hough transform baseline,2,2,0,0.9132500748125748,0.8206904019404019,0.9696969696969697,1.0,1.0,0,0,106,1,211,16066,0.9906542055982182,0.3343848580431092,0.49999999962029407,0.9870605468749397,0.33333333333228515
very_large,200000,758,Hough transform baseline,1,1,0,1.0,1.0,1.0,1.0,1.0,0,0,76,0,0,16308,0.9999999999868421,0.9999999999868421,0.999999999486842,0.9999999999999389,0.9999999999868421
very_large,200000,759,Hough transform baseline,3,4,1,0.5380749402526459,0.7430268199233716,0.6435643564356436,0.0,0.75,0,3,90,6,92,16196,0.9374999999902344,0.4945054945027775,0.6474820139316806,0.9940185546874393,0.47872340425277277
very_large,200000,760,Hough transform baseline,4,6,2,0.6968562520422705,0.7457778514151063,0.9104477611940298,0.45,0.6666666666666667,2,4,200,1,358,15825,0.9950248756169402,0.35842293906745804,0.5270092222706251,0.9780883789061903,0.3577817531299503
very_large,200000,761,Hough transform baseline,5,6,1,0.5035880647130648,0.5304805996472665,0.9076923076923077,0.0,0.8333333333333334,0,1,158,17,335,15874,0.9028571428519837,0.32048681541517143,0.47305389182746327,0.9785156249999403,0.30980392156802
very_large,200000,762,Hough transform baseline,1,1,0,1.0,1.0,1.0,1.0,1.0,0,0,25,0,0,16359,0.99999999996,0.99999999996,0.99999999946,0.9999999999999389,0.99999999996
very_large,200000,763,Hough transform baseline,5,5,0,0.6493230115361264,0.7921810699588478,0.5475409836065575,0.3333333333333333,1.0,1,3,157,106,205,15916,0.5969581749026732,0.4337016574573655,0.5023999995109377,0.98101806640619,0.3354700854693687
very_large,200000,764,Hough transform baseline,1,1,0,0.922610294117647,0.8541666666666666,0.9411764705882353,1.0,1.0,0,0,35,0,66,16283,0.9999999999714286,0.3465346534619155,0.5147058819631272,0.9959716796874392,0.3465346534619155
very_large,200000,765,Hough transform baseline,3,3,0,0.6273076923076922,0.8235042735042735,0.7836538461538461,0.0,1.0,0,2,170,39,56,16119,0.813397129182711,0.7522123893772026,0.7816091948994689,0.9942016601561893,0.6415094339598434
very_large,200000,766,Hough transform baseline,5,6,1,0.5686469575010765,0.6714942528735631,0.6657060518731989,0.2,0.8333333333333334,1,4,244,102,256,15782,0.7052023121366902,0.487999999999024,0.5768321508154408,0.9781494140624403,0.40531561461726695
very_large,200000,767,Hough transform baseline,5,5,0,0.9455622382607146,0.8962537249893572,0.9612403100775194,1.0,1.0,0,0,263,0,506,15615,0.9999999999961977,0.34200260077978933,0.5096899220998343,0.9691162109374408,0.34200260077978933
very_large,200000,768,Hough transform baseline,2,2,0,1.0,1.0,1.0,1.0,1.0,0,0,45,0,46,16293,0.9999999999777779,0.49450549450006037,0.6617647054298227,0.9971923828124392,0.49450549450006037
very_large,200000,769,Hough transform baseline,3,3,0,0.9638224258289704,0.9242592592592592,0.9895287958115183,1.0,1.0,0,0,194,0,102,16088,0.9999999999948455,0.6554054054031913,0.7918367342123116,0.9937744140624393,0.6554054054031913
very_large,200000,770,Hough transform baseline,4,4,0,0.5724536106224345,0.667109500805153,0.8612716763005781,0.0,1.0,0,1,154,15,304,15911,0.9112426035449039,0.33624454148398203,0.4912280697800976,0.9805297851561902,0.3255813953481489
very_large,200000,771,Hough transform baseline,3,3,0,0.9200427018519336,0.8326530325391807,0.9767441860465116,1.0,1.0,0,0,174,1,169,16040,0.9942857142800328,0.5072886297361303,0.6718146713646711,0.9896240234374396,0.5058139534869017
very_large,200000,772,Hough transform baseline,5,10,5,0.49223337027497577,0.6813374014747012,0.5739910313901345,0.08333333333333333,0.5,1,12,251,118,303,15712,0.6802168021661783,0.45306859205694394,0.5438786560736212,0.9743041992186905,0.37351190476134893
very_large,200000,773,Hough transform baseline,4,4,0,0.9645943668753009,0.9345878136200717,0.9701492537313433,1.0,1.0,0,0,138,0,150,16096,0.9999999999927537,0.4791666666650029,0.6478873235026119,0.9908447265624395,0.4791666666650029
very_large,200000,774,Hough transform baseline,4,4,0,0.991203277745831,0.9842342342342342,0.9914893617021276,1.0,1.0,2,2,237,0,146,16001,0.9999999999957806,0.6187989556119614,0.7645161285575183,0.9910888671874395,0.6187989556119614
very_large,200000,775,Hough transform baseline,2,2,0,0.9028882575757575,0.8178661616161615,0.9242424242424242,1.0,1.0,0,0,57,2,112,16213,0.9661016948988796,0.33727810650688006,0.4999999996119961,0.9930419921874394,0.33333333333138404
very_large,200000,776,Hough transform baseline,4,7,3,0.6335865977160096,0.7136993464052287,0.8597285067873304,0.3333333333333333,0.5714285714285714,3,6,190,12,270,15912,0.9405940594012843,0.4130434782599717,0.5740181264624273,0.9827880859374399,0.4025423728805031
very_large,200000,777,Hough transform baseline,4,7,3,0.621409756909757,0.7202564102564103,0.7840909090909091,0.3333333333333333,0.5714285714285714,1,3,175,30,300,15879,0.8536585365812017,0.3684210526308033,0.5147058819302551,0.9798583984374402,0.34653465346466034
very_large,200000,778,Hough transform baseline,1,1,0,1.0,1.0,1.0,1.0,1.0,0,0,58,0,114,16212,0.9999999999827587,0.3372093023236209,0.5043478257054064,0.9930419921874394,0.3372093023236209
very_large,200000,779,Hough transform baseline,5,6,1,0.6419228254218027,0.8667240143369176,0.8428184281842819,0.0,0.8333333333333334,0,1,342,30,396,15616,0.919354838707206,0.46341463414571354,0.6162162157694667,0.9739990234374405,0.4453124999994202
very_large,200000,780,Hough transform baseline,3,3,0,0.8454044636023044,0.9471413160733549,0.970954356846473,0.5,1.0,1,2,236,6,0,16142,0.9752066115662182,0.9999999999957627,0.987447698240717,0.9996337890624389,0.9752066115662182
very_large,200000,781,Hough transform baseline,3,3,0,0.9724683544303798,0.9444444444444445,0.9873417721518988,1.0,1.0,0,0,161,0,62,16161,0.9999999999937889,0.721973094167166,0.8385416661753337,0.9962158203124392,0.721973094167166
very_large,200000,782,Hough transform baseline,4,5,1,0.6314160839160838,0.8621212121212121,0.8173076923076923,0.0,0.8,0,4,252,42,128,15962,0.8571428571399418,0.663157894735097,0.7477744802180877,0.9896240234374396,0.5971563981028504
very_large,200000,783,Hough transform baseline,3,4,1,0.5470836873406968,0.7126262626262626,0.7570093457943925,0.0,0.75,0,1,100,0,36,16248,0.99999999999,0.7352941176416523,0.8474576266230969,0.997802734374939,0.7352941176416523
very_large,200000,784,Hough transform baseline,5,5,0,0.6833294481632769,0.8823035850495805,0.9314641744548287,0.0,1.0,0,1,298,17,202,15867,0.9460317460287427,0.595999999998808,0.7312883430822507,0.9866333007811897,0.5764023210820572
very_large,200000,785,Hough transform baseline,5,8,3,0.48549047474227613,0.7164794713302176,0.5028735632183908,0.0,0.625,0,3,214,108,257,15805,0.6645962732898615,0.45435244161262345,0.5397225720257486,0.9777221679686903,0.3696027633845085
very_large,200000,786,Hough transform baseline,2,2,0,0.9235483870967742,0.8444444444444444,0.967741935483871,1.0,1.0,0,0,64,0,32,16288,0.9999999999843749,0.6666666666597222,0.79999999951,0.998046874999939,0.6666666666597222
very_large,200000,787,Hough transform baseline,1,1,0,0.8571431334622824,0.7109090909090909,0.9361702127659575,1.0,1.0,0,0,40,1,103,16240,0.9756097560737657,0.27972027971832364,0.43478260834457694,0.9936523437499393,0.2777777777758488
very_large,200000,788,Hough transform baseline,2,3,1,0.583643468025508,0.775354609929078,0.8403361344537815,0.0,0.6666666666666667,0,1,120,1,194,16069,0.9917355371818865,0.38216560509432435,0.551724137526923,0.9880981445311897,0.38095238095117157
very_large,200000,789,Hough transform baseline,4,7,3,0.4558688355563356,0.6324404761904762,0.4797297297297297,0.07272727272727274,0.5714285714285714,1,11,188,84,261,15851,0.6911764705856942,0.4187082405335886,0.5214979190848585,0.9789428710936903,0.35272045028076415
very_large,200000,790,Hough transform baseline,4,4,0,0.7081272479533349,0.733841549397105,0.7644927536231885,0.5,1.0,1,2,203,56,201,15924,0.7837837837807576,0.5024752475235087,0.6123680236547983,0.9843139648436899,0.4413043478251276
very_large,200000,791,Hough transform baseline,4,5,1,0.8384059629750582,0.9154144385026739,0.9198473282442748,0.65,0.8,3,4,220,1,228,15935,0.9954751131176676,0.4910714285703324,0.657698056356796,0.9860229492186898,0.4899777282839867
very_large,200000,792,Hough transform baseline,3,3,0,0.9703845717391435,0.9462816635775373,0.9727891156462585,1.0,1.0,0,0,150,0,240,15994,0.9999999999933334,0.3846153846143984,0.5555555551522634,0.9853515624999398,0.3846153846143984
very_large,200000,793,Hough transform baseline,5,9,4,0.5819330650509436,0.8176810152529089,0.5921052631578947,0.16,0.5555555555555556,2,10,391,89,495,15409,0.8145833333316364,0.4413092550785087,0.5724743772885728,0.9643554687499412,0.4010256410252297
very_large,200000,794,Hough transform baseline,3,3,0,0.9801490514905149,0.962059620596206,0.9861111111111112,1.0,1.0,0,0,147,0,84,16153,0.9999999999931973,0.6363636363608816,0.7777777772983538,0.9948730468749393,0.6363636363608816
very_large,200000,795,Hough transform baseline,3,3,0,0.898611484669177,0.8024699659315044,0.9375,1.0,1.0,0,0,73,0,141,16170,0.9999999999863013,0.3411214953255088,0.5087108010108657,0.9913940429686895,0.3411214953255088
very_large,200000,796,Hough transform baseline,5,9,4,0.5198832938262113,0.7166513621059075,0.5147286821705426,0.15555555555555556,0.5555555555555556,2,9,388,210,441,15345,0.6488294314370421,0.4680337756327286,0.5437981775081355,0.9602661132811914,0.37343599614978495
very_large,200000,797,Hough transform baseline,3,4,1,0.5178312013064335,0.6255259188695721,0.8067226890756303,0.0,0.75,0,1,94,2,114,16174,0.979166666656467,0.4519230769209042,0.6184210521953774,0.9929199218749394,0.4476190476169161
very_large,200000,798,Hough transform baseline,5,9,4,0.43878495714428606,0.5564108289974171,0.48565121412803536,0.14285714285714285,0.5555555555555556,2,14,264,129,390,15601,0.6717557251891304,0.403669724770025,0.5042979937994488,0.9683227539061908,0.3371647509574238
very_large,200000,799,Hough transform baseline,1,1,0,0.931140350877193,0.8703703703703705,0.9473684210526316,1.0,1.0,0,0,39,0,74,16271,0.9999999999743591,0.34513274335977756,0.5131578943485976,0.9954833984374392,0.34513274335977756
very_large,200000,800,Hough transform baseline,3,3,0,0.9245916356655587,0.8556431041324188,0.9477611940298507,1.0,1.0,0,0,121,2,304,15957,0.9837398373903761,0.2847058823522713,0.4416058390662995,0.98132324218744,0.2833723653389148
very_large,200000,801,Hough transform baseline,1,1,0,0.9037994652406417,0.7992929292929293,0.9705882352941176,1.0,1.0,0,0,69,0,138,16177,0.9999999999855071,0.33333333333172305,0.4999999996213768,0.9915771484374395,0.33333333333172305
very_large,200000,802,Hough transform baseline,3,3,0,0.9929397590361446,0.9887550200803213,0.99,1.0,1.0,0,0,167,0,226,15991,0.999999999994012,0.42493638676736656,0.5964285710078762,0.9862060546874398,0.42493638676736656
very_large,200000,803,Hough transform baseline,1,1,0,1.0,1.0,1.0,1.0,1.0,0,0,23,0,0,16361,0.9999999999565218,0.9999999999565218,0.9999999994565218,0.9999999999999389,0.9999999999565218
very_large,200000,804,Hough transform baseline,2,3,1,0.8525694444444444,0.7958333333333333,0.8888888888888888,1.0,0.6666666666666667,0,0,111,0,191,16082,0.999999999990991,0.36754966887295515,0.5375302659481618,0.9883422851561896,0.36754966887295515
very_large,200000,805,Hough transform baseline,1,1,0,0.8101241830065359,0.6027450980392157,0.9444444444444444,1.0,1.0,0,0,39,1,150,16194,0.974999999975625,0.20634920634811457,0.3406113534204916,0.9907836914061895,0.2052631578936565
very_large,200000,806,Hough transform baseline,5,10,5,0.49660100662338513,0.7650501672240803,0.36458333333333337,0.11764705882352941,0.5,2,17,282,207,302,15593,0.5766871165632379,0.48287671232794027,0.5256290768561549,0.9689331054686908,0.35651074589082615
very_large,200000,807,Hough transform baseline,3,3,0,0.5394444444444445,0.701851851851852,0.6180555555555556,0.0,1.0,0,2,92,53,64,16175,0.634482758616314,0.5897435897398093,0.6112956805597289,0.9928588867186894,0.44019138755770243
very_large,200000,808,Hough transform baseline,5,8,3,0.6477811537198062,0.853862377376843,0.616326530612245,0.3111111111111111,0.625,3,9,347,79,483,15475,0.8145539906084166,0.4180722891561228,0.5525477702514884,0.965698242187441,0.3817381738169618
very_large,200000,809,Hough transform baseline,5,5,0,0.7146279384231328,0.9341545893719805,0.9712918660287081,0.0,1.0,0,1,212,1,176,15995,0.995305164314576,0.5463917525759113,0.7054908481257359,0.9891967773436896,0.544987146528162
very_large,200000,810,Hough transform baseline,5,6,1,0.7789599366477841,0.8885202135774217,0.8789625360230547,0.48,0.8333333333333334,3,5,312,2,210,15860,0.9936305732452433,0.5977011494241423,0.7464114827827546,0.9870605468749397,0.595419847327108
very_large,200000,811,Hough transform baseline,4,4,0,0.8472109411609795,0.9400983877651395,0.9958333333333333,0.5,1.0,2,1,243,0,298,15843,0.9999999999958848,0.4491682070231993,0.6198979587543308,0.98181152343744,0.4491682070231993
very_large,200000,812,Hough transform baseline,1,1,0,0.9676639815880322,0.9393939393939394,0.9746835443037974,1.0,1.0,0,0,80,0,156,16148,0.9999999999875,0.33898305084602126,0.5063291135427015,0.9904785156249395,0.33898305084602126
very_large,200000,813,Hough transform baseline,3,5,2,0.8560210961287518,0.8423976608187135,0.8347107438016529,1.0,0.6,0,0,126,0,106,16152,0.9999999999920635,0.5431034482735211,0.7039106140650416,0.9935302734374394,0.5431034482735211
very_large,200000,814,Hough transform baseline,2,2,0,0.9464156578415996,0.8990642736616046,0.9591836734693877,1.0,1.0,0,0,100,0,196,16088,0.99999999999,0.3378378378366965,0.5050505046704419,0.9880371093749397,0.3378378378366965
very_large,200000,815,Hough transform baseline,1,1,0,1.0,1.0,1.0,1.0,1.0,0,0,35,0,0,16349,0.9999999999714286,0.9999999999714286,0.9999999994714286,0.9999999999999389,0.9999999999714286
very_large,200000,816,Hough transform baseline,2,2,0,0.9361723005563928,0.8701726799151072,0.972972972972973,1.0,1.0,0,0,150,0,296,15938,0.9999999999933334,0.33632286995440286,0.5033557043196253,0.98193359374994,0.33632286995440286
very_large,200000,817,Hough transform baseline,5,9,4,0.47603006048595903,0.6868569245366989,0.4444444444444444,0.09,0.5555555555555556,2,20,287,188,483,15426,0.6042105263145174,0.3727272727267887,0.4610441762341588,0.9590454101561915,0.29958246346524053
very_large,200000,818,Hough transform baseline,2,2,0,0.9671272395991497,0.9369369369369369,0.9775280898876404,1.0,1.0,0,0,91,0,76,16217,0.9999999999890109,0.5449101796374557,0.7054263561270656,0.9953613281249393,0.5449101796374557
very_large,200000,819,Hough transform baseline,4,5,1,0.60304216144548,0.692677671429232,0.7441860465116279,0.25,0.8,1,4,212,16,302,15854,0.9298245613994306,0.41245136186690184,0.571428571001315,0.9805908203124402,0.3999999999992453
very_large,200000,820,Hough transform baseline,1,1,0,1.0,1.0,1.0,1.0,1.0,0,0,49,0,0,16335,0.9999999999795919,0.9999999999795919,0.9999999994795918,0.9999999999999389,0.9999999999795919
very_large,200000,821,Hough transform baseline,2,2,0,0.5787835365853659,0.7225,0.7682926829268293,0.0,1.0,0,1,59,12,82,16231,0.8309859154812537,0.4184397163090891,0.556603773134167,0.9942626953124393,0.3856209150301594
very_large,200000,822,Hough transform baseline,2,2,0,0.9187646321070234,0.8349358974358974,0.9652173913043478,1.0,1.0,0,0,89,1,173,16121,0.9888888888779012,0.3396946564872531,0.5056818177983278,0.9893798828124396,0.33840304182380837
very_large,200000,823,Hough transform baseline,1,1,0,0.951276359600444,0.9084967320261439,0.9622641509433962,1.0,1.0,0,0,54,0,108,16222,0.9999999999814816,0.33333333333127574,0.49999999962037045,0.9934082031249394,0.33333333333127574
very_large,200000,824,Hough transform baseline,3,3,0,0.9625485625485625,0.9268755935422601,0.9772727272727273,1.0,1.0,1,1,178,0,172,16034,0.999999999994382,0.5085714285699755,0.6742424237929292,0.9895019531249396,0.5085714285699755
very_large,200000,825,Hough transform baseline,4,4,0,0.9569217137171994,0.9173423703519464,0.9705882352941176,1.0,1.0,2,2,206,0,260,15918,0.9999999999951457,0.44206008583596124,0.6130952376682611,0.9841308593749399,0.44206008583596124
very_large,200000,826,Hough transform baseline,1,1,0,1.0,1.0,1.0,1.0,1.0,0,0,22,0,42,16320,0.9999999999545455,0.3437499999946289,0.5116279065840994,0.997436523437439,0.3437499999946289
very_large,200000,827,Hough transform baseline,1,1,0,0.9611268939393939,0.9270833333333333,0.9696969696969697,1.0,1.0,0,0,67,0,130,16187,0.9999999999850746,0.3401015228409132,0.5075757571931531,0.9920654296874394,0.3401015228409132
very_large,200000,828,Hough transform baseline,1,2,1,0.13666666666666666,0.0,0.43333333333333335,0.0,0.5,0,1,24,0,24,16336,0.9999999999583333,0.4999999999895834,0.6666666662037037,0.998535156249939,0.4999999999895834
very_large,200000,829,Hough transform baseline,1,1,0,0.9696283391405343,0.9430894308943089,0.9761904761904762,1.0,1.0,0,0,31,0,61,16292,0.9999999999677419,0.33695652173546786,0.5040650402651861,0.9962768554686892,0.33695652173546786
very_large,200000,830,Hough transform baseline,3,3,0,0.9739819004524887,0.9487179487179488,0.9852941176470589,1.0,1.0,2,2,132,0,68,16184,0.9999999999924243,0.6599999999967,0.7951807224077514,0.9958496093749392,0.6599999999967
very_large,200000,831,Hough transform baseline,4,5,1,0.5119108391608391,0.6042463092463092,0.8,0.0,0.8,0,1,95,2,171,16116,0.9793814432888723,0.3571428571415145,0.5234159775669239,0.9894409179686896,0.35447761193897587
very_large,200000,832,Hough transform baseline,4,4,0,0.951686799719888,0.9011029411764707,0.9809523809523809,1.0,1.0,0,0,209,0,224,15951,0.9999999999952154,0.48267898383260355,0.6510903422379684,0.9863281249999398,0.48267898383260355
very_large,200000,833,Hough transform baseline,5,6,1,0.6382535436312772,0.8057401012155242,0.9616858237547893,0.0,0.8333333333333334,0,1,243,3,459,15679,0.987804878044765,0.34615384615335304,0.5126582274627062,0.9718017578124407,0.3446808510633409
very_large,200000,834,Hough transform baseline,2,2,0,1.0,1.0,1.0,1.0,1.0,0,0,78,0,0,16306,0.9999999999871795,0.9999999999871795,0.9999999994871795,0.9999999999999389,0.9999999999871795
very_large,200000,835,Hough transform baseline,3,3,0,0.9435,0.8833333333333333,0.98,1.0,1.0,0,0,103,0,30,16251,0.9999999999902912,0.7744360902197411,0.8728813554328856,0.998168945312439,0.7744360902197411
very_large,200000,836,Hough transform baseline,4,5,1,0.8695531100478469,0.85153216374269,0.7818181818181819,1.0,0.8,0,0,176,25,311,15872,0.8756218905429074,0.36139630390069527,0.5116279065616591,0.9794921874999402,0.34374999999932865
very_large,200000,837,Hough transform baseline,2,2,0,0.9693661971830986,0.9444444444444444,0.971830985915493,1.0,1.0,0,0,73,0,86,16225,0.9999999999863013,0.4591194968524584,0.6293103443908664,0.9947509765624393,0.4591194968524584
very_large,200000,838,Hough transform baseline,5,5,0,0.9769317647952909,0.957838506522717,0.9795221843003413,1.0,1.0,0,0,298,0,440,15646,0.9999999999966444,0.40379403793983226,0.5752895748786542,0.9731445312499406,0.40379403793983226
very_large,200000,839,Hough transform baseline,4,5,1,0.700552605376701,0.7246376811594203,0.8473282442748091,0.5,0.8,1,2,127,7,113,16137,0.947761194022778,0.5291666666644619,0.6791443845632703,0.9926757812499394,0.5141700404837484
very_large,200000,840,Hough transform baseline,5,9,4,0.5395273230917601,0.6492476060191518,0.646551724137931,0.25,0.5555555555555556,4,16,328,91,471,15494,0.7828162291150769,0.4105131414262697,0.53858784848046,0.965698242187441,0.36853932584228255
very_large,200000,841,Hough transform baseline,5,7,2,0.9138229748793947,0.9042182672104808,0.9274809160305344,1.0,0.7142857142857143,1,1,268,0,204,15912,0.9999999999962687,0.5677966101682885,0.7243243238603653,0.9875488281249397,0.5677966101682885
very_large,200000,842,Hough transform baseline,5,10,5,0.5088814795290809,0.7385714285714284,0.47785977859778594,0.12380952380952381,0.5,3,21,353,76,312,15643,0.8228438228419048,0.5308270676683747,0.6453382079315947,0.9763183593749404,0.4763832658563072
very_large,200000,843,Hough transform baseline,5,5,0,0.9752971206848212,0.9545109442613899,0.9788359788359788,1.0,1.0,1,1,377,0,664,15343,0.9999999999973475,0.36215177713702,0.531734837408604,0.9594726562499414,0.36215177713702
very_large,200000,844,Hough transform baseline,3,4,1,0.927189644959489,0.9157569667966644,0.9504950495049505,1.0,0.75,0,0,195,0,233,15956,0.9999999999948719,0.4556074766344495,0.6260032098408003,0.9857788085936898,0.4556074766344495
very_large,200000,845,Hough transform baseline,5,10,5,0.5602417269575288,0.7175707547169811,0.7094017094017093,0.18181818181818182,0.5,2,11,275,58,370,15681,0.8258258258233458,0.42635658914662583,0.5623721876887957,0.9738769531249405,0.39118065433799265
very_large,200000,846,Hough transform baseline,1,1,0,0.8465277777777778,0.7083333333333334,0.8888888888888888,1.0,1.0,0,0,19,0,34,16331,0.9999999999473684,0.3584905660309719,0.5277777773746142,0.997924804687439,0.3584905660309719
very_large,200000,847,Hough transform baseline,1,1,0,1.0,1.0,1.0,1.0,1.0,0,0,61,0,0,16323,0.9999999999836067,0.9999999999836067,0.9999999994836066,0.9999999999999389,0.9999999999836067
very_large,200000,848,Hough transform baseline,4,5,1,0.6176298796705824,0.8998410174880764,0.6635071090047393,0.0,0.8,0,1,165,41,61,16117,0.8009708737825196,0.7300884955719908,0.763888888386424,0.9937744140624393,0.6179775280875731
very_large,200000,849,Hough transform baseline,5,8,3,0.49400519518973884,0.6017736099614848,0.5535353535353535,0.2,0.625,1,5,319,143,482,15440,0.690476190474696,0.3982521847685415,0.5051464761781354,0.9618530273436913,0.3379237288132014
very_large,200000,850,Hough transform baseline,1,1,0,1.0,1.0,1.0,1.0,1.0,0,0,64,0,0,16320,0.9999999999843749,0.9999999999843749,0.9999999994843749,0.9999999999999389,0.9999999999843749
very_large,200000,851,Hough transform baseline,3,3,0,0.9626638727702558,0.9264870931537599,0.9787234042553191,1.0,1.0,0,0,191,0,262,15931,0.9999999999947644,0.42163355408295444,0.5931677014442681,0.9840087890624399,0.42163355408295444
very_large,200000,852,Hough transform baseline,2,2,0,0.8927013593020897,0.7951015531660692,0.9245283018867925,1.0,1.0,0,0,55,0,102,16227,0.9999999999818182,0.3503184713353483,0.518867924139151,0.9937744140624393,0.3503184713353483
very_large,200000,853,Hough transform baseline,5,6,1,0.9121380855134258,0.8956937287170369,0.8787128712871287,1.0,0.8333333333333334,0,0,367,16,386,15615,0.9582245430784381,0.487383798140123,0.6461267601152844,0.9754638671874404,0.47724317295126495
very_large,200000,854,Hough transform baseline,1,1,0,1.0,1.0,1.0,1.0,1.0,0,0,61,0,0,16323,0.9999999999836067,0.9999999999836067,0.9999999994836066,0.9999999999999389,0.9999999999836067
very_large,200000,855,Hough transform baseline,2,2,0,0.9820131845841785,0.966159567275186,0.9862068965517241,1.0,1.0,1,1,105,0,204,16075,0.9999999999904762,0.3398058252416188,0.5072463764305468,0.9875488281249397,0.3398058252416188
very_large,200000,856,Hough transform baseline,5,4,1,0.6757971014492754,0.5739935587761674,0.4375,1.0,0.8,0,0,117,136,191,15940,0.4624505928835477,0.3798701298688965,0.4171122989685595,0.9800415039061902,0.26351351351292
very_large,200000,857,Hough transform baseline,5,8,3,0.5175737546206653,0.5920442410373761,0.6307692307692307,0.25,0.625,1,4,208,62,303,15811,0.7703703703675172,0.40704500978393926,0.5326504476896523,0.9777221679686903,0.36300174520006456
very_large,200000,858,Hough transform baseline,2,2,0,0.9547961075069509,0.9102564102564102,0.9759036144578314,1.0,1.0,0,0,85,0,58,16241,0.9999999999882353,0.5944055944014378,0.745614034613535,0.9964599609374392,0.5944055944014378
very_large,200000,859,Hough transform baseline,4,7,3,0.5231441901303848,0.7097581411022271,0.7330508474576272,0.0,0.5714285714285714,0,1,193,1,335,15855,0.9948453608196143,0.36553030302961076,0.5346260383866837,0.9794921874999402,0.36483931947000975
very_large,200000,860,Hough transform baseline,1,1,0,0.9007245641425969,0.7934972677595629,0.9682539682539683,1.0,1.0,0,0,64,0,128,16192,0.9999999999843749,0.33333333333159726,0.49999999962109376,0.9921874999999394,0.33333333333159726
very_large,200000,861,Hough transform baseline,5,4,1,0.8037035833255504,0.6581871188457533,0.8875968992248062,1.0,0.8,0,0,242,20,296,15826,0.9236641221338792,0.44981412639321594,0.604999999558,0.9807128906249402,0.4336917562716242
very_large,200000,862,Hough transform baseline,4,5,1,0.6036476964769648,0.8335802469135802,0.5426829268292683,0.16,0.8,1,5,175,91,220,15898,0.657894736839632,0.4430379746824227,0.5295007559470933,0.98101806640619,0.3600823045260081
very_large,200000,863,Hough transform baseline,4,4,0,0.9616803692630899,0.9269116300366301,0.9728506787330317,1.0,1.0,1,1,224,0,352,15808,0.9999999999955358,0.38888888888821377,0.5599999995954,0.9785156249999403,0.38888888888821377
very_large,200000,864,Hough transform baseline,1,1,0,0.9084291187739463,0.8271604938271604,0.9310344827586207,1.0,1.0,0,0,30,0,56,16298,0.9999999999666667,0.34883720929826934,0.5172413789179547,0.9965820312499392,0.34883720929826934
very_large,200000,865,Hough transform baseline,4,6,2,0.5228511404561825,0.5836601307189543,0.8010204081632653,0.13333333333333333,0.6666666666666667,1,3,159,31,105,16089,0.8368421052587535,0.602272727270446,0.7004405281445594,0.9916992187499395,0.5389830508456306
very_large,200000,866,Hough transform baseline,4,5,1,0.6195813095704401,0.822192699946323,0.847972972972973,0.0,0.8,0,1,260,23,175,15926,0.9187279151911,0.5977011494239134,0.724233982807299,0.9879150390624397,0.5676855895184112
very_large,200000,867,Hough transform baseline,3,3,0,0.9629085005903187,0.9249206349206349,0.9834710743801653,1.0,1.0,0,0,124,0,104,16156,0.9999999999919355,0.5438596491204217,0.7045454540850983,0.9936523437499393,0.5438596491204217
very_large,200000,868,Hough transform baseline,1,1,0,1.0,1.0,1.0,1.0,1.0,0,0,33,0,68,16283,0.9999999999696971,0.3267326732640917,0.49253731305424364,0.9958496093749392,0.3267326732640917
very_large,200000,869,Hough transform baseline,4,6,2,0.7206480403342989,0.8034864940128098,0.7120622568093385,0.6,0.6666666666666667,1,1,197,56,188,15943,0.7786561264791357,0.5116883116869826,0.6175548584536364,0.9851074218749398,0.4467120181395766
very_large,200000,870,Hough transform baseline,4,7,3,0.46601500490170933,0.6189349112426036,0.6517571884984026,0.0,0.5714285714285714,2,4,206,48,491,15639,0.8110236220440511,0.29555236728795475,0.4332281804698358,0.9671020507811909,0.27651006711372283
very_large,200000,871,Hough transform baseline,3,4,1,0.4632179487179488,0.5293732193732195,0.75,0.0,0.75,0,2,91,5,196,16092,0.9479166666567925,0.31707317073060254,0.4751958220761747,0.9877319335936897,0.31164383561537107
very_large,200000,872,Hough transform baseline,2,2,0,0.8393741830065359,0.6677450980392157,0.9444444444444444,1.0,1.0,0,0,52,0,96,16236,0.9999999999807693,0.3513513513489774,0.51999999961,0.9941406249999393,0.3513513513489774
very_large,200000,873,Hough transform baseline,3,4,1,0.9373518157262906,0.9299428104575164,0.9693877551020408,1.0,0.75,0,0,102,0,194,16088,0.9999999999901961,0.34459459459343045,0.5125628136865735,0.9881591796874397,0.34459459459343045
very_large,200000,874,Hough transform baseline,2,2,0,0.9791429475015814,0.9623655913978496,0.9803921568627451,1.0,1.0,0,0,104,0,126,16154,0.9999999999903846,0.45217391304151233,0.6227544905853921,0.9923095703124394,0.45217391304151233
very_large,200000,875,Hough transform baseline,5,7,2,0.7459022389211067,0.883875794986906,0.8419811320754718,0.43333333333333335,0.7142857142857143,3,6,318,30,417,15619,0.91379310344565,0.4326530612239012,0.5872576172912936,0.9727172851561906,0.41568627450926054
very_large,200000,876,Hough transform baseline,4,4,0,0.9662399492170969,0.9313725490196079,0.9856115107913669,1.0,1.0,0,0,143,0,36,16205,0.999999999993007,0.7988826815597828,0.8881987572647082,0.997802734374939,0.7988826815597828
very_large,200000,877,Hough transform baseline,4,4,0,1.0,1.0,1.0,1.0,1.0,1,1,276,0,0,16108,0.9999999999963769,0.9999999999963769,0.9999999994963769,0.9999999999999389,0.9999999999963769
very_large,200000,878,Hough transform baseline,4,4,0,0.9922795497185741,0.9871794871794872,0.9902439024390244,1.0,1.0,0,0,209,0,184,15991,0.9999999999952154,0.5318066157747282,0.694352159012842,0.9887695312499396,0.5318066157747282
very_large,200000,879,Hough transform baseline,4,5,1,0.9239393939393941,0.8939393939393939,0.9583333333333334,1.0,0.8,0,0,190,0,67,16127,0.9999999999947369,0.739299610892065,0.8501118563306957,0.9959106445311892,0.739299610892065
very_large,200000,880,Hough transform baseline,5,5,0,0.899606804407025,0.9081561078128585,0.9546827794561934,0.8,1.0,4,5,310,7,400,15667,0.9779179810694704,0.43661971830924423,0.6037000969430252,0.9751586914061905,0.4323570432351013
very_large,200000,881,Hough transform baseline,1,1,0,1.0,1.0,1.0,1.0,1.0,0,0,98,0,0,16286,0.9999999999897958,0.9999999999897958,0.9999999994897959,0.9999999999999389,0.9999999999897958
very_large,200000,882,Hough transform baseline,1,1,0,0.8239090909090908,0.6288888888888888,0.9545454545454546,1.0,1.0,0,0,33,0,62,16289,0.9999999999696971,0.34736842104897503,0.5156249996092529,0.9962158203124392,0.34736842104897503
very_large,200000,883,Hough transform baseline,2,2,0,0.8799056603773586,0.7666666666666668,0.9245283018867925,1.0,1.0,0,0,55,0,102,16227,0.9999999999818182,0.3503184713353483,0.518867924139151,0.9937744140624393,0.3503184713353483
very_large,200000,884,Hough transform baseline,3,3,0,0.9569333333333333,0.9185185185185186,0.968,1.0,1.0,2,2,126,0,148,16110,0.9999999999920635,0.45985401459686187,0.6299999995653,0.9909667968749395,0.45985401459686187
very_large,200000,885,Hough transform baseline,4,6,2,0.4663852922321243,0.6368016240635901,0.5657894736842105,0.0,0.6666666666666667,0,2,149,78,259,15898,0.6563876651953463,0.36519607843047747,0.4692913381218228,0.9794311523436902,0.30658436213928686
very_large,200000,886,Hough transform baseline,3,4,1,0.8678050974512743,0.8230917874396135,0.8620689655172413,1.0,0.75,0,0,156,1,265,15962,0.9936305732420788,0.37054631828890605,0.5397923871456939,0.9837646484374399,0.36966824644462165
very_large,200000,887,Hough transform baseline,5,5,0,0.9616630055309301,0.9231924231924232,0.9811320754716981,1.0,1.0,0,0,202,0,240,15942,0.9999999999950495,0.4570135746595995,0.6273291921140773,0.9853515624999398,0.4570135746595995
very_large,200000,888,Hough transform baseline,4,4,0,0.7484414684947021,0.8996794871794872,0.8012618296529969,0.3333333333333333,1.0,1,3,263,55,276,15790,0.8270440251546319,0.4879406307968684,0.6137689610253999,0.9797973632811902,0.4427609427601974
very_large,200000,889,Hough transform baseline,4,5,1,0.5807718360071301,0.7811764705882351,0.7462121212121212,0.0,0.8,0,3,239,14,286,15845,0.9446640316168196,0.45523809523722814,0.6143958864489958,0.98168945312494,0.4434137291271922
very_large,200000,890,Hough transform baseline,3,4,1,0.6692333983177616,0.9121712292002148,0.9187817258883249,0.0,0.75,0,1,196,4,84,16100,0.9799999999951,0.6999999999975001,0.8166666661771528,0.9946289062499393,0.6901408450679924
very_large,200000,891,Hough transform baseline,4,5,1,0.5993936049821806,0.6506883423344524,0.7329192546583851,0.32,0.8,2,5,265,57,457,15605,0.8229813664570715,0.36703601107982403,0.5076628348214683,0.9686279296874408,0.34017971758621285
very_large,200000,892,Hough transform baseline,1,1,0,0.9617221584385763,0.9282051282051282,0.9701492537313433,1.0,1.0,0,0,68,0,132,16184,0.9999999999852941,0.3399999999983,0.5074626861846736,0.9919433593749394,0.3399999999983
very_large,200000,893,Hough transform baseline,1,2,1,0.5383680862831859,0.8335416666666666,0.5663716814159292,0.0,0.5,0,1,80,11,148,16145,0.8791208791112184,0.35087719298091724,0.5015673977081987,0.9902954101561895,0.33472803347140284
very_large,200000,894,Hough transform baseline,4,5,1,0.604967693236715,0.7822685185185185,0.8647342995169083,0.0,0.8,0,1,182,9,181,16012,0.9528795811468436,0.5013774104669384,0.6570397107371594,0.9884033203124396,0.48924731182664183
very_large,200000,895,Hough transform baseline,2,2,0,0.9569444444444444,0.9135802469135802,0.9791666666666666,1.0,1.0,0,0,98,0,60,16226,0.9999999999897958,0.6202531645530364,0.7656249995214843,0.9963378906249392,0.6202531645530364
very_large,200000,896,Hough transform baseline,1,1,0,0.9175,0.8444444444444444,0.9375,1.0,1.0,0,0,33,0,62,16289,0.9999999999696971,0.34736842104897503,0.5156249996092529,0.9962158203124392,0.34736842104897503
very_large,200000,897,Hough transform baseline,1,1,0,0.9644444444444444,0.9333333333333333,0.9722222222222222,1.0,1.0,0,0,73,0,146,16165,0.9999999999863013,0.33333333333181125,0.4999999996215753,0.9910888671874395,0.33333333333181125
very_large,200000,898,Hough transform baseline,2,2,0,0.9717213114754099,0.9444444444444444,0.9836065573770492,1.0,1.0,0,0,124,0,90,16170,0.9999999999919355,0.5794392523337409,0.7337278101819964,0.9945068359374393,0.5794392523337409
very_large,200000,899,Hough transform baseline,2,2,0,0.9847708795269771,0.9715447154471544,0.9878787878787879,1.0,1.0,0,0,167,0,166,16051,0.999999999994012,0.5015015014999955,0.6679999995524402,0.9898681640624396,0.5015015014999955
very_large,200000,900,Hough transform baseline,4,4,0,0.9676227858293076,0.9387860082304527,0.9758454106280193,1.0,1.0,3,3,197,2,222,15963,0.989949748738744,0.4701670644380187,0.6375404526357338,0.9863281249999398,0.4679334916853493
very_large,200000,901,Hough transform baseline,1,1,0,1.0,1.0,1.0,1.0,1.0,0,0,25,0,0,16359,0.99999999996,0.99999999996,0.99999999946,0.9999999999999389,0.99999999996
very_large,200000,902,Hough transform baseline,5,9,4,0.5324172434914811,0.6740644867875989,0.7009966777408638,0.13333333333333333,0.5555555555555556,1,6,230,47,434,15673,0.8303249097442948,0.34638554216815304,0.48884165739436986,0.9706420898436907,0.32348804500657735
very_large,200000,903,Hough transform baseline,5,5,0,0.843099393343171,0.879438596491228,0.9034267912772586,0.6666666666666666,1.0,2,3,296,27,261,15800,0.916408668727813,0.5314183123868377,0.6727272722610976,0.98242187499994,0.5068493150676253
very_large,200000,904,Hough transform baseline,3,3,0,0.9849236309988718,0.9718196457326892,0.9880239520958084,1.0,1.0,0,0,165,0,146,16073,0.9999999999939394,0.5305466237925063,0.6932773104684962,0.9910888671874395,0.5305466237925063
very_large,200000,905,Hough transform baseline,2,3,1,0.4360928896017108,0.5757364341085272,0.5517241379310345,0.0,0.6666666666666667,0,3,128,26,174,16056,0.831168831163434,0.4238410596012456,0.5614035083221376,0.9877929687499397,0.39024390243783463
very_large,200000,906,Hough transform baseline,3,4,1,0.7345189471295668,0.9841161788064443,0.6666666666666667,0.3333333333333333,0.75,1,3,260,17,177,15930,0.9386281588413768,0.5949656750558467,0.7282913160496788,0.9881591796874397,0.5726872246683421
very_large,200000,907,Hough transform baseline,4,6,2,0.5363605442176871,0.6333333333333334,0.7448979591836735,0.14285714285714285,0.6666666666666667,1,7,232,42,179,15931,0.8467153284640632,0.5644768856433955,0.677372262291745,0.9865112304686897,0.5121412803520703
very_large,200000,908,Hough transform baseline,3,3,0,0.7560919893273765,0.49173747276688456,0.9240506329113924,1.0,1.0,0,0,80,2,158,16144,0.9756097560856632,0.3361344537801003,0.4999999996157032,0.9902343749999395,0.3333333333319445
very_large,200000,909,Hough transform baseline,5,5,0,0.620682002226946,0.7559059059059059,0.9026217228464419,0.0,1.0,0,3,252,17,220,15895,0.9368029739742126,0.5338983050836147,0.6801619428555278,0.9855346679686898,0.5153374233118296
very_large,200000,910,Hough transform baseline,3,6,3,0.5046169099617951,0.7457523775129409,0.5951417004048583,0.0,0.5,0,1,179,1,322,15882,0.9944444444389198,0.3572854291410034,0.5256975032806208,0.9802856445311902,0.35657370517857256
very_large,200000,911,Hough transform baseline,5,6,1,0.6302788742986224,0.7551170751609597,0.7857142857142857,0.19999999999999998,0.8333333333333334,2,6,264,43,356,15721,0.8599348534173944,0.4258064516122165,0.5695792875816643,0.9756469726561904,0.3981900452482682
very_large,200000,912,Hough transform baseline,1,1,0,1.0,1.0,1.0,1.0,1.0,0,0,25,0,0,16359,0.99999999996,0.99999999996,0.99999999946,0.9999999999999389,0.99999999996
very_large,200000,913,Hough transform baseline,1,1,0,1.0,1.0,1.0,1.0,1.0,0,0,40,0,0,16344,0.9999999999750001,0.9999999999750001,0.9999999994750002,0.9999999999999389,0.9999999999750001
very_large,200000,914,Hough transform baseline,4,7,3,0.6812751772635188,0.9069228778467908,0.6738351254480286,0.325,0.5714285714285714,3,8,211,31,249,15893,0.8719008264426781,0.4586956521729159,0.6011396006861065,0.9829101562499399,0.42973523421501075
very_large,200000,915,Hough transform baseline,5,6,1,0.5452143151436192,0.6922578184591914,0.7518248175182481,0.0,0.8333333333333334,0,2,205,45,265,15869,0.81999999999672,0.43617021276502943,0.5694444439895447,0.98107910156244,0.3980582524264115
very_large,200000,916,Hough transform baseline,5,6,1,0.5592548405864753,0.6503306221786993,0.9163636363636364,0.0,0.8333333333333334,1,2,228,5,264,15887,0.9785407725279891,0.4634146341453996,0.6289655168034549,0.9835815429686899,0.4587525150896202
very_large,200000,917,Hough transform baseline,3,3,0,0.9331164994425865,0.8698885172798216,0.9583333333333334,1.0,1.0,0,0,92,0,110,16182,0.9999999999891304,0.45544554455220077,0.6258503397017908,0.9932861328124394,0.45544554455220077
very_large,200000,918,Hough transform baseline,5,6,1,0.9598456376505158,0.9657131386128677,0.9597069597069597,1.0,0.8333333333333334,0,0,279,0,240,15865,0.9999999999964158,0.5375722543342243,0.6992481198442252,0.9853515624999398,0.5375722543342243
very_large,200000,919,Hough transform baseline,5,6,1,0.9141755210982639,0.8968210233160073,0.8863636363636364,1.0,0.8333333333333334,0,0,402,0,479,15503,0.9999999999975124,0.45629965947734813,0.6266562739256917,0.9707641601561907,0.45629965947734813
very_large,200000,920,Hough transform baseline,5,6,1,0.6423152929493546,0.8298830409356726,0.9276729559748428,0.0,0.8333333333333334,0,1,316,1,460,15607,0.9968454258643633,0.4072164948448361,0.5782250682056002,0.9718627929686906,0.4066924066918833
very_large,200000,921,Hough transform baseline,2,3,1,0.7951062843341797,0.7436399217221136,0.71900826446281,1.0,0.6666666666666667,0,0,101,7,128,16148,0.935185185176526,0.4410480349325719,0.5994065277508123,0.9917602539061895,0.42796610169310184
very_large,200000,922,Hough transform baseline,1,1,0,0.9422739018087856,0.8914728682170543,0.9555555555555556,1.0,1.0,0,0,46,0,88,16250,0.999999999978261,0.34328358208699045,0.5111111107249383,0.9946289062499393,0.34328358208699045
very_large,200000,923,Hough transform baseline,2,3,1,0.840297619047619,0.825,0.7619047619047619,1.0,0.6666666666666667,0,0,45,0,27,16312,0.9999999999777779,0.6249999999913194,0.7692307687442472,0.998352050781189,0.6249999999913194
very_large,200000,924,Hough transform baseline,5,9,4,0.5743375397832893,0.8407101255157088,0.7023121387283238,0.0,0.5555555555555556,0,4,274,26,281,15803,0.9133333333302889,0.4936936936928042,0.6409356720575958,0.98126220703119,0.47160068846734665
very_large,200000,925,Hough transform baseline,1,1,0,1.0,1.0,1.0,1.0,1.0,0,0,72,0,0,16312,0.9999999999861111,0.9999999999861111,0.9999999994861111,0.9999999999999389,0.9999999999861111
very_large,200000,926,Hough transform baseline,3,3,0,0.9510933503836317,0.9070048309178745,0.9647058823529412,1.0,1.0,0,0,170,0,346,15868,0.9999999999941177,0.3294573643404468,0.4956268217831856,0.9788818359374403,0.3294573643404468
very_large,200000,927,Hough transform baseline,5,5,0,0.794798743931228,0.8316829836829837,0.9777070063694268,0.5,1.0,1,2,307,10,236,15831,0.9684542586720238,0.5653775322273198,0.7139534879049623,0.9849853515624398,0.5551537070514373
very_large,200000,928,Hough transform baseline,2,2,0,0.956918505942275,0.904263346538389,1.0,1.0,1.0,0,0,147,0,232,16005,0.9999999999931973,0.3878627968327497,0.5589353608118738,0.9858398437499398,0.3878627968327497
very_large,200000,929,Hough transform baseline,1,1,0,0.9699929128277817,0.9437751004016064,0.9764705882352941,1.0,1.0,0,0,86,0,168,16130,0.9999999999883721,0.33858267716402135,0.5058823525602768,0.9897460937499396,0.33858267716402135
very_large,200000,930,Hough transform baseline,5,6,1,0.5909323604922672,0.7834448160535118,0.7752442996742671,0.0,0.8333333333333334,0,3,241,49,149,15945,0.8310344827557551,0.6179487179471335,0.7088235289204929,0.9879150390624397,0.5489749430511413
very_large,200000,931,Hough transform baseline,2,2,0,0.8960638122909929,0.7996820349761526,0.9310344827586207,1.0,1.0,0,0,60,0,112,16212,0.9999999999833334,0.3488372093002975,0.5172413789224138,0.9931640624999394,0.3488372093002975
very_large,200000,932,Hough transform baseline,5,5,0,0.6156083363277038,0.7031884057971014,0.9958677685950413,0.0,1.0,0,2,234,10,350,15790,0.9590163934386926,0.40068493150616324,0.5652173908872903,0.9780273437499403,0.39393939393873073
very_large,200000,933,Hough transform baseline,1,1,0,0.9644444444444444,0.9333333333333333,0.9722222222222222,1.0,1.0,0,0,73,0,142,16169,0.9999999999863013,0.33953488371935103,0.506944444062476,0.9913330078124395,0.33953488371935103
very_large,200000,934,Hough transform baseline,3,4,1,0.5814232631324134,0.7614161220043573,0.8189300411522633,0.0,0.75,0,2,202,14,168,16000,0.9351851851808557,0.5459459459444704,0.6894197947540215,0.9888916015624396,0.5260416666652968
very_large,200000,935,Hough transform baseline,1,1,0,0.892695652173913,0.7971014492753623,0.92,1.0,1.0,0,0,17,2,72,16293,0.8947368420581717,0.19101123595290997,0.31481481451903287,0.9954833984374392,0.1868131868111339
very_large,200000,936,Hough transform baseline,3,4,1,0.9153312561339317,0.8884415816782967,0.9526627218934911,1.0,0.75,1,1,169,0,320,15895,0.999999999994083,0.34560327198293334,0.5136778111668452,0.9804687499999402,0.34560327198293334
very_large,200000,937,Hough transform baseline,3,3,0,0.5371724137931034,0.7007407407407408,0.6091954022988506,0.0,1.0,0,2,118,57,192,16017,0.6742857142818612,0.3806451612890947,0.4865979376810628,0.9848022460936898,0.321525885557707
very_large,200000,938,Hough transform baseline,4,6,2,0.5972045718713677,0.8831876820640865,0.6655172413793103,0.0,0.6666666666666667,0,2,219,66,354,15745,0.7684210526288827,0.38219895287891414,0.5104895100446558,0.9743652343749405,0.34272300469429934
very_large,200000,939,Hough transform baseline,2,2,0,0.9485576923076924,0.9027777777777779,0.9615384615384616,1.0,1.0,0,0,54,0,50,16280,0.9999999999814816,0.5192307692257766,0.6835443033388879,0.9969482421874392,0.5192307692257766
very_large,200000,940,Hough transform baseline,4,7,3,0.5442211703958691,0.6499999999999999,0.7228915662650602,0.2,0.5714285714285714,1,2,192,32,277,15883,0.8571428571390306,0.40938166311213353,0.5541125536734486,0.98114013671869,0.3832335329333668
very_large,200000,941,Hough transform baseline,5,5,0,0.9330544454124886,0.9147006139400505,0.9821958456973294,0.9,1.0,2,2,340,0,386,15658,0.9999999999970589,0.46831955922800506,0.6378986862435363,0.9764404296874404,0.46831955922800506
very_large,200000,942,Hough transform baseline,2,2,0,0.9418661971830986,0.8833333333333333,0.971830985915493,1.0,1.0,0,0,60,0,114,16210,0.9999999999833334,0.3448275862049148,0.5128205124348018,0.9930419921874394,0.3448275862049148
very_large,200000,943,Hough transform baseline,4,7,3,0.6706736869318715,0.5501630732900082,0.5797872340425532,1.0,0.5714285714285714,0,0,225,122,422,15615,0.6484149855889095,0.34775888717102355,0.4527162973313543,0.9667968749999409,0.2925877763325194
very_large,200000,944,Hough transform baseline,3,3,0,0.9808755472170106,0.962059620596206,0.9897435897435898,1.0,1.0,1,1,197,0,84,16103,0.999999999994924,0.7010676156558681,0.8242677819387703,0.9948730468749393,0.7010676156558681
very_large,200000,945,Hough transform baseline,3,3,0,0.6545947079154627,0.8152419085752419,0.9386792452830188,0.0,1.0,0,1,210,4,406,15764,0.9813084112103677,0.3409090909085375,0.5060240960016141,0.9749755859374405,0.33870967741880853
very_large,200000,946,Hough transform baseline,3,4,1,0.63025,0.7341111111111112,0.812,0.25,0.75,1,4,186,18,198,15982,0.9117647058778836,0.4843749999987386,0.6326530607691934,0.9868164062499397,0.46268656716302814
very_large,200000,947,Hough transform baseline,1,1,0,1.0,1.0,1.0,1.0,1.0,0,0,53,0,0,16331,0.9999999999811321,0.9999999999811321,0.9999999994811322,0.9999999999999389,0.9999999999811321
very_large,200000,948,Hough transform baseline,5,6,1,0.7264901790033866,0.8432136752136752,0.9018867924528302,0.3333333333333333,0.8333333333333334,1,3,251,17,304,15812,0.9365671641756098,0.4522522522514374,0.6099635475544616,0.9804077148436902,0.4388111888104217
very_large,200000,949,Hough transform baseline,1,1,0,0.9249350649350648,0.8585858585858585,0.9428571428571428,1.0,1.0,0,0,36,0,68,16280,0.9999999999722223,0.34615384615051775,0.5142857138963265,0.9958496093749392,0.34615384615051775
very_large,200000,950,Hough transform baseline,1,1,0,1.0,1.0,1.0,1.0,1.0,0,0,16,0,0,16368,0.9999999999375,0.9999999999375,0.9999999994375,0.9999999999999389,0.9999999999375
very_large,200000,951,Hough transform baseline,5,5,0,0.8237582062623677,0.7787741046831956,0.9915492957746479,0.7,1.0,4,3,303,30,227,15824,0.9099099099071775,0.5716981132064685,0.7022016217723992,0.9843139648436899,0.5410714285704624
very_large,200000,952,Hough transform baseline,3,3,0,0.965035767906032,0.9355687047994741,0.9701492537313433,1.0,1.0,0,0,132,0,232,16020,0.9999999999924243,0.36263736263636637,0.5322580641233741,0.9858398437499398,0.36263736263636637
very_large,200000,953,Hough transform baseline,1,1,0,1.0,1.0,1.0,1.0,1.0,0,0,28,0,0,16356,0.9999999999642857,0.9999999999642857,0.9999999994642856,0.9999999999999389,0.9999999999642857
very_large,200000,954,Hough transform baseline,5,6,1,0.4861532531606537,0.6130434782608696,0.6347517730496454,0.0,0.8333333333333334,0,5,173,82,227,15902,0.6784313725463591,0.43249999999891875,0.5282442743320505,0.98114013671869,0.3589211618249815
very_large,200000,955,Hough transform baseline,5,6,1,0.7629163991255644,0.8886850423205856,0.8983739837398375,0.4,0.8333333333333334,1,2,236,0,304,15844,0.9999999999957627,0.4370370370362277,0.6082474222555797,0.98144531249994,0.4370370370362277
very_large,200000,956,Hough transform baseline,1,1,0,0.9743101114235134,0.9518900343642611,0.9797979797979798,1.0,1.0,0,0,100,0,196,16088,0.99999999999,0.3378378378366965,0.5050505046704419,0.9880371093749397,0.3378378378366965
very_large,200000,957,Hough transform baseline,4,5,1,0.6277427475178998,0.6096527394212772,0.8669950738916257,0.4,0.8,1,2,158,42,239,15945,0.7899999999960501,0.3979848866488716,0.529313232383492,0.9828491210936899,0.35990888382605946
very_large,200000,958,Hough transform baseline,5,6,1,0.5599797891118543,0.7062352801519467,0.7942028985507247,0.0,0.8333333333333334,0,3,302,33,289,15760,0.9014925373107419,0.510998307951758,0.6522678181113196,0.9803466796874402,0.4839743589735834
very_large,200000,959,Hough transform baseline,3,4,1,0.5783020477815699,0.8833333333333333,0.5290102389078498,0.0,0.75,0,2,171,90,238,15885,0.6551724137905932,0.4180929095344301,0.5104477607169036,0.9799804687499402,0.34268537074079625
very_large,200000,960,Hough transform baseline,2,6,4,0.6663429593662151,0.9447425959053866,0.6227106227106227,0.3333333333333333,0.33333333333333337,1,3,225,25,261,15873,0.8999999999964,0.4629629629620104,0.6114130430280084,0.98254394531244,0.4403131115451266
very_large,200000,961,Hough transform baseline,3,3,0,0.6849762912526071,0.8710428849902534,0.965034965034965,0.0,1.0,0,1,144,1,199,16040,0.9931034482690132,0.4198250728850734,0.5901639340061224,0.9877929687499397,0.41860465116157386
very_large,200000,962,Hough transform baseline,2,2,0,0.9805314088896179,0.9633699633699634,0.9850746268656716,1.0,1.0,0,0,131,0,234,16019,0.9999999999923664,0.3589041095880578,0.5282258060607684,0.9857177734374398,0.3589041095880578
very_large,200000,963,Hough transform baseline,5,4,1,0.7764659507391201,0.6720582569772937,0.9701986754966887,0.8,0.8,1,1,259,25,333,15767,0.9119718309827044,0.437499999999261,0.5913242004737026,0.9781494140624403,0.41977309562330667
very_large,200000,964,Hough transform baseline,3,4,1,0.9129722162683527,0.8846899224806201,0.9493087557603687,1.0,0.75,1,1,220,0,202,15962,0.9999999999954546,0.5213270142167741,0.685358254999078,0.9876708984374397,0.5213270142167741
very_large,200000,965,Hough transform baseline,4,6,2,0.6468647779161478,0.7961784511784512,0.6095890410958904,0.39999999999999997,0.6666666666666667,3,7,355,62,418,15549,0.8513189448420831,0.4592496765841407,0.5966386550059304,0.9707031249999407,0.4251497005982932
very_large,200000,966,Hough transform baseline,3,5,2,0.7451563028050017,0.8631313131313132,0.8587360594795539,0.5,0.6,1,2,248,4,261,15871,0.9841269841230789,0.4872298624744848,0.651773981158466,0.9838256835936899,0.4834307992193306
very_large,200000,967,Hough transform baseline,2,2,0,0.9885676392572944,0.9814323607427056,0.9846153846153847,1.0,1.0,0,0,122,1,31,16230,0.991869918691123,0.797385620909821,0.8840579705139938,0.998046874999939,0.792207792202648
very_large,200000,968,Hough transform baseline,5,6,1,0.936231884057971,0.9204013377926421,0.9435897435897436,1.0,0.8333333333333334,1,1,169,0,244,15971,0.999999999994083,0.40920096852201165,0.5807560133315914,0.9851074218749398,0.40920096852201165
very_large,200000,969,Hough transform baseline,5,11,6,0.5488400073361824,0.8250825986939667,0.48861646234676004,0.1375,0.4545454545454546,3,16,365,135,492,15392,0.72999999999854,0.4259043173857341,0.5379513628352129,0.9617309570311913,0.3679435483867259
very_large,200000,970,Hough transform baseline,4,4,0,0.6073200948882768,0.7361934156378601,0.8801652892561983,0.0,1.0,0,1,214,25,249,15896,0.8953974895360025,0.4622030237571011,0.6096866092357813,0.9832763671874399,0.4385245901630358
very_large,200000,971,Hough transform baseline,1,1,0,1.0,1.0,1.0,1.0,1.0,0,0,77,0,0,16307,0.9999999999870129,0.9999999999870129,0.999999999487013,0.9999999999999389,0.9999999999870129
very_large,200000,972,Hough transform baseline,1,1,0,0.805610294117647,0.5941666666666666,0.9411764705882353,1.0,1.0,0,0,35,0,70,16279,0.9999999999714286,0.33333333333015874,0.4999999996178572,0.9957275390624392,0.33333333333015874
very_large,200000,973,Hough transform baseline,1,1,0,0.9531046312178387,0.9119496855345911,0.9636363636363636,1.0,1.0,0,0,56,0,108,16220,0.999999999982143,0.34146341463206425,0.5090909087067769,0.9934082031249394,0.34146341463206425
very_large,200000,974,Hough transform baseline,2,2,0,0.9579861111111111,0.9189814814814815,0.9722222222222222,1.0,1.0,0,0,64,0,122,16198,0.9999999999843749,0.34408602150352646,0.511999999614976,0.9925537109374394,0.34408602150352646
very_large,200000,975,Hough transform baseline,4,7,3,0.5206950404667796,0.7399925061519264,0.4444444444444444,0.16666666666666666,0.5714285714285714,1,6,157,111,306,15810,0.5858208955202022,0.339092872569462,0.42954856314589585,0.9745483398436905,0.27351916376258967
very_large,200000,976,Hough transform baseline,2,2,0,0.9832140300644238,0.9696969696969697,0.984251968503937,1.0,1.0,0,0,129,0,156,16099,0.9999999999922481,0.45263157894578027,0.6231884053650844,0.9904785156249395,0.45263157894578027
very_large,200000,977,Hough transform baseline,5,6,1,0.628132344371315,0.6614772727272727,0.8190045248868778,0.3333333333333333,0.8333333333333334,1,3,192,20,75,16097,0.9056603773542187,0.7191011235928124,0.8016701456410319,0.9942016601561893,0.6689895470359966
very_large,200000,978,Hough transform baseline,5,5,0,0.6544079482329176,0.814239884962039,0.94,0.0,1.0,0,1,202,6,314,15862,0.9711538461491772,0.3914728682162956,0.5580110493127041,0.9804687499999402,0.38697318007588705
very_large,200000,979,Hough transform baseline,3,3,0,1.0,1.0,1.0,1.0,1.0,0,0,102,0,9,16273,0.9999999999901961,0.9189189189106404,0.9577464783651392,0.9994506835936889,0.9189189189106404
very_large,200000,980,Hough transform baseline,2,2,0,1.0,1.0,1.0,1.0,1.0,0,0,95,0,0,16289,0.9999999999894736,0.9999999999894736,0.9999999994894737,0.9999999999999389,0.9999999999894736
very_large,200000,981,Hough transform baseline,1,1,0,1.0,1.0,1.0,1.0,1.0,0,0,15,0,0,16369,0.9999999999333333,0.9999999999333333,0.9999999994333333,0.9999999999999389,0.9999999999333333
very_large,200000,982,Hough transform baseline,1,1,0,0.9482499999999999,0.9027777777777778,0.96,1.0,1.0,0,0,18,1,38,16327,0.9473684210027701,0.32142857142283165,0.4799999996088889,0.997619628906189,0.3157894736786704
very_large,200000,983,Hough transform baseline,3,4,1,0.563085557299843,0.7717094017094017,0.7040816326530612,0.0,0.75,0,1,117,43,188,16036,0.7312499999954297,0.38360655737579147,0.5032258059980668,0.9859008789061898,0.336206896550758
very_large,200000,984,Hough transform baseline,1,2,1,0.7766784555483452,0.8003482587064676,0.5826086956521739,1.0,0.5,0,0,80,0,130,16174,0.9999999999875,0.38095238095056694,0.5517241375277051,0.9920654296874394,0.38095238095056694
very_large,200000,985,Hough transform baseline,2,2,0,0.9719791078486731,0.9492753623188406,0.974025974025974,1.0,1.0,0,0,79,0,98,16207,0.9999999999873417,0.4463276836132976,0.6171874995684509,0.9940185546874393,0.4463276836132976
very_large,200000,986,Hough transform baseline,2,2,0,0.9763041125541125,0.9558080808080808,0.9809523809523809,1.0,1.0,1,1,95,0,132,16157,0.9999999999894736,0.4185022026413282,0.5900621113816018,0.9919433593749394,0.4185022026413282
very_large,200000,987,Hough transform baseline,4,4,0,0.954657862802728,0.9107537998955267,0.9740932642487047,1.0,1.0,0,0,180,1,258,15945,0.9944751381160527,0.41095890410865077,0.5815831982919034,0.9841918945311899,0.4100227790423462
very_large,200000,988,Hough transform baseline,5,8,3,0.6158486682323219,0.7731710699674087,0.7771084337349398,0.2,0.625,1,5,266,30,470,15618,0.8986486486456127,0.3614130434777698,0.5155038755588831,0.9694824218749408,0.34725848563923334
very_large,200000,989,Hough transform baseline,4,4,0,0.9505932427664079,0.906517094017094,0.963302752293578,1.0,1.0,0,0,113,0,104,16167,0.9999999999911504,0.5207373271865404,0.6848484843939945,0.9936523437499393,0.5207373271865404
very_large,200000,990,Hough transform baseline,5,5,0,0.6728033209680269,0.7449369369369369,0.7712418300653595,0.3333333333333333,1.0,1,3,276,32,268,15808,0.8961038961009867,0.507352941175538,0.6478873234805043,0.98168945312494,0.4791666666658348
very_large,200000,991,Hough transform baseline,5,11,6,0.4010301573426574,0.5819318181818182,0.46853146853146854,0.0,0.4545454545454546,1,7,161,123,173,15927,0.5669014084487081,0.48203592814226937,0.5210355982070883,0.98193359374994,0.35229759299704094
very_large,200000,992,Hough transform baseline,3,6,3,0.7211878997309621,0.8912837930966586,0.9338842975206612,0.3333333333333333,0.5,1,3,245,0,447,15692,0.9999999999959184,0.35404624277405483,0.5229455705838588,0.9727172851561906,0.35404624277405483
very_large,200000,993,Hough transform baseline,5,6,1,0.5567255984536121,0.6730785615064053,0.8525345622119815,0.0,0.8333333333333334,0,1,205,8,295,15876,0.9624413145494721,0.40999999999918,0.5750350626930044,0.98150634765619,0.4035433070858198
very_large,200000,994,Hough transform baseline,1,1,0,0.9363977485928706,0.8803418803418804,0.9512195121951219,1.0,1.0,0,0,42,0,80,16262,0.9999999999761906,0.3442622950791454,0.5121951215639501,0.9951171874999393,0.3442622950791454
very_large,200000,995,Hough transform baseline,2,2,0,0.9801749465811965,0.9635416666666666,0.9829059829059829,1.0,1.0,0,0,109,0,162,16113,0.9999999999908257,0.40221402213873725,0.5736842101141689,0.9901123046874395,0.40221402213873725
very_large,200000,996,Hough transform baseline,2,3,1,0.9018830128205129,0.9158653846153847,0.8653846153846154,1.0,0.6666666666666667,0,0,159,0,260,15965,0.9999999999937108,0.3794749403332232,0.5501730099798913,0.9841308593749399,0.3794749403332232
very_large,200000,997,Hough transform baseline,4,4,0,0.7482291856365636,0.7069876441641149,0.7754237288135593,0.7,1.0,2,2,144,67,205,15968,0.682464454973069,0.41260744985555126,0.514285713814241,0.9833984374999399,0.3461538461530141
very_large,200000,998,Hough transform baseline,1,1,0,0.9379761904761904,0.8833333333333332,0.9523809523809523,1.0,1.0,0,0,43,0,82,16259,0.9999999999767443,0.343999999997248,0.5119047615177863,0.9949951171874393,0.343999999997248
very_large,200000,999,Hough transform baseline,3,3,0,0.9329683899096854,0.8656607495069034,0.9671052631578947,1.0,1.0,0,0,145,2,268,15969,0.9863945578164192,0.3510895883768739,0.5178571424681059,0.9835205078124399,0.34939759036060386
very_large,200000,1000,Hough transform baseline,4,4,0,0.710343567251462,0.9118745938921378,1.0,0.0,1.0,1,0,136,0,162,16086,0.9999999999926471,0.45637583892464306,0.6267281101658561,0.9901123046874395,0.45637583892464306
very_large,200000,1001,Hough transform baseline,3,4,1,0.6014559787059788,0.6638415688415689,0.7636363636363637,0.3,0.75,1,2,134,6,200,16044,0.9571428571360204,0.401197604789218,0.565400843463227,0.9874267578124397,0.3941176470576644
very_large,200000,1002,Hough transform baseline,3,3,0,0.950003457814661,0.9462962962962962,0.995850622406639,0.9,1.0,2,2,175,0,333,15876,0.9999999999942858,0.3444881889756998,0.5124450947857291,0.9796752929686902,0.3444881889756998
very_large,200000,1003,Hough transform baseline,3,4,1,0.8286263736263737,0.7846153846153846,0.7527472527472527,1.0,0.75,0,0,139,30,127,16088,0.822485207095725,0.5225563909754791,0.6390804592920386,0.9904174804686895,0.4695945945930081
very_large,200000,1004,Hough transform baseline,1,1,0,1.0,1.0,1.0,1.0,1.0,0,0,27,0,0,16357,0.999999999962963,0.999999999962963,0.9999999994629629,0.9999999999999389,0.999999999962963
very_large,200000,1005,Hough transform baseline,1,1,0,0.8794761904761904,0.7533333333333334,0.9523809523809523,1.0,1.0,0,0,43,0,86,16255,0.9999999999767443,0.3333333333307494,0.49999999961918606,0.9947509765624393,0.3333333333307494
very_large,200000,1006,Hough transform baseline,3,3,0,0.6556855288102488,0.7904122862449973,1.0,0.0,1.0,1,0,154,0,259,15971,0.9999999999935065,0.37288135593130056,0.5432098761456224,0.9841918945311899,0.37288135593130056
very_large,200000,1007,Hough transform baseline,2,2,0,0.9326084344587288,0.8719211822660098,0.9512195121951219,1.0,1.0,0,0,84,0,164,16136,0.9999999999880952,0.3387096774179891,0.5060240960044999,0.9899902343749396,0.3387096774179891
very_large,200000,1008,Hough transform baseline,4,4,0,0.8671742424242425,0.7216666666666667,0.9621212121212122,1.0,1.0,0,0,122,4,88,16170,0.9682539682462836,0.5809523809496145,0.7261904757174036,0.9943847656249393,0.5700934579412613
very_large,200000,1009,Hough transform baseline,5,7,2,0.5928916061055649,0.7570973420172504,0.6538461538461539,0.2,0.7142857142857143,2,4,263,99,324,15698,0.7265193370145676,0.4480408858595434,0.5542676496849992,0.9741821289061905,0.38338192419769185
very_large,200000,1010,Hough transform baseline,2,2,0,0.9735328389830509,0.95625,0.9661016949152542,1.0,1.0,0,0,49,0,118,16217,0.9999999999795919,0.29341317365093766,0.45370370334872256,0.9927978515624394,0.29341317365093766
very_large,200000,1011,Hough transform baseline,2,3,1,0.5656839959989998,0.7791782945736434,0.7419354838709677,0.0,0.6666666666666667,0,1,168,2,192,16022,0.988235294111834,0.4666666666653704,0.6339622637128087,0.9881591796874397,0.46408839778877325
very_large,200000,1012,Hough transform baseline,2,2,0,0.8875490196078432,0.784967320261438,0.9215686274509804,1.0,1.0,0,0,53,0,98,16233,0.9999999999811321,0.35099337748111925,0.519607842747549,0.9940185546874393,0.35099337748111925
very_large,200000,1013,Hough transform baseline,1,1,0,1.0,1.0,1.0,1.0,1.0,0,0,25,0,0,16359,0.99999999996,0.99999999996,0.99999999946,0.9999999999999389,0.99999999996
very_large,200000,1014,Hough transform baseline,1,1,0,0.8554179566563468,0.7254901960784313,0.8947368421052632,1.0,1.0,0,0,20,0,36,16328,0.99999999995,0.35714285713647964,0.5263157890720221,0.997802734374939,0.35714285713647964
very_large,200000,1015,Hough transform baseline,4,4,0,0.9367544589774078,0.9782282996432818,0.9827586206896551,0.8,1.0,1,1,106,0,123,16155,0.999999999990566,0.4628820960678477,0.632835820459149,0.9924926757811894,0.4628820960678477
very_large,200000,1016,Hough transform baseline,1,2,1,0.43207801418439723,0.6362962962962964,0.4787234042553191,0.0,0.5,0,1,76,8,68,16232,0.9047619047511337,0.5277777777741127,0.6666666661954448,0.9953613281249393,0.4999999999967106
very_large,200000,1017,Hough transform baseline,5,6,1,0.592046465973705,0.7206876953680023,0.9220183486238532,0.0,0.8333333333333334,1,1,214,0,128,16042,0.9999999999953272,0.6257309941502172,0.7697841721856011,0.9921874999999394,0.6257309941502172
very_large,200000,1018,Hough transform baseline,1,1,0,1.0,1.0,1.0,1.0,1.0,0,0,78,0,0,16306,0.9999999999871795,0.9999999999871795,0.9999999994871795,0.9999999999999389,0.9999999999871795
very_large,200000,1019,Hough transform baseline,3,3,0,0.9837725381414701,0.9682539682539683,0.9902912621359223,1.0,1.0,1,1,208,0,104,16072,0.9999999999951924,0.6666666666645299,0.799999999516923,0.9936523437499393,0.6666666666645299
very_large,200000,1020,Hough transform baseline,4,7,3,0.6593748513403198,0.9254413969485844,0.5425531914893618,0.30909090909090914,0.5714285714285714,4,11,228,122,248,15786,0.6514285714267102,0.4789915966376492,0.5520581108904431,0.9774169921874403,0.38127090300939587
very_large,200000,1021,Hough transform baseline,4,8,4,0.7023346981202442,0.8333805895209404,0.9365671641791045,0.36,0.5,2,5,244,0,449,15691,0.9999999999959017,0.35209235209184403,0.5208110988666342,0.9725952148436906,0.35209235209184403
very_large,200000,1022,Hough transform baseline,2,2,0,0.8971153846153846,0.8055555555555556,0.9230769230769231,1.0,1.0,0,0,54,0,100,16230,0.9999999999814816,0.35064935064707375,0.5192307688413462,0.9938964843749393,0.35064935064707375
very_large,200000,1023,Hough transform baseline,2,2,0,0.9344416386083053,0.8762626262626263,0.9506172839506173,1.0,1.0,1,1,82,0,154,16148,0.9999999999878049,0.3474576271171718,0.51572327005427,0.9906005859374395,0.3474576271171718
very_large,200000,1024,Hough transform baseline,1,1,0,0.9556034482758621,0.9166666666666666,0.9655172413793104,1.0,1.0,0,0,51,0,146,16187,0.9999999999803922,0.25888324872965035,0.4112903222506179,0.9910888671874395,0.25888324872965035
very_large,200000,1025,Hough transform baseline,2,4,2,0.8556228552991194,0.9276013513513514,0.6910112359550562,1.0,0.5,0,0,128,1,191,16064,0.9922480620078121,0.40125391849403996,0.5714285710159539,0.9882812499999396,0.39999999999875
very_large,200000,1026,Hough transform baseline,4,5,1,0.6887452423214822,0.9353852309099222,0.6266094420600858,0.25,0.8,1,4,152,64,212,15956,0.7037037037004459,0.4175824175812704,0.524137930565232,0.9831542968749399,0.3551401869150581
very_large,200000,1027,Hough transform baseline,3,6,3,0.602644149236857,0.8565134099616858,0.8360655737704918,0.0,0.5,1,5,176,0,141,16067,0.9999999999943182,0.5552050473168606,0.7139959427428707,0.9913940429686895,0.5552050473168606
very_large,200000,1028,Hough transform baseline,3,3,0,0.7759173492486185,0.8535655194478724,0.9590643274853801,0.4,1.0,1,2,172,0,328,15884,0.9999999999941861,0.343999999999312,0.5119047615223569,0.9799804687499402,0.343999999999312
very_large,200000,1029,Hough transform baseline,5,7,2,0.5644200324303417,0.7564758698092031,0.7628865979381443,0.0,0.7142857142857143,0,1,169,23,222,15970,0.8802083333287489,0.4322250639375135,0.5797598623349975,0.9850463867186898,0.4082125603854874
very_large,200000,1030,Hough transform baseline,2,2,0,0.8875490196078432,0.784967320261438,0.9215686274509804,1.0,1.0,0,0,53,0,106,16225,0.9999999999811321,0.33333333333123694,0.4999999996202831,0.9935302734374394,0.33333333333123694
very_large,200000,1031,Hough transform baseline,4,5,1,0.8951538461538462,0.9533333333333334,0.9307692307692308,0.8,0.8,2,2,220,4,45,16115,0.9821428571384726,0.8301886792421502,0.8997955005223297,0.9970092773436892,0.8178438661679635
very_large,200000,1032,Hough transform baseline,2,2,0,1.0,1.0,1.0,1.0,1.0,0,0,79,0,0,16305,0.9999999999873417,0.9999999999873417,0.9999999994873416,0.9999999999999389,0.9999999999873417
very_large,200000,1033,Hough transform baseline,4,4,0,0.9890659340659341,0.9820512820512821,0.9857142857142858,1.0,1.0,0,0,144,0,132,16108,0.9999999999930557,0.5217391304328922,0.6857142852604081,0.9919433593749394,0.5217391304328922
very_large,200000,1034,Hough transform baseline,1,1,0,0.9394781622234828,0.886178861788618,0.9534883720930233,1.0,1.0,0,0,44,0,84,16256,0.9999999999772728,0.3437499999973145,0.5116279065900486,0.9948730468749393,0.3437499999973145
very_large,200000,1035,Hough transform baseline,2,2,0,0.9027255169684555,0.902929625199362,0.9820359281437125,0.8,1.0,1,1,143,0,272,15969,0.999999999993007,0.34457831325218174,0.5125448024843527,0.9833984374999399,0.34457831325218174
very_large,200000,1036,Hough transform baseline,1,1,0,1.0,1.0,1.0,1.0,1.0,0,0,68,0,0,16316,0.9999999999852941,0.9999999999852941,0.9999999994852942,0.9999999999999389,0.9999999999852941
very_large,200000,1037,Hough transform baseline,1,1,0,1.0,1.0,1.0,1.0,1.0,0,0,80,0,0,16304,0.9999999999875,0.9999999999875,0.9999999994875,0.9999999999999389,0.9999999999875
very_large,200000,1038,Hough transform baseline,1,1,0,1.0,1.0,1.0,1.0,1.0,0,0,87,0,0,16297,0.9999999999885058,0.9999999999885058,0.9999999994885058,0.9999999999999389,0.9999999999885058
very_large,200000,1039,Hough transform baseline,1,1,0,0.9460144927536233,0.8985507246376813,0.9583333333333334,1.0,1.0,0,0,49,0,94,16241,0.9999999999795919,0.34265734265494646,0.5104166662811958,0.9942626953124393,0.34265734265494646
very_large,200000,1040,Hough transform baseline,4,6,2,0.4455945263975155,0.5452365136876005,0.6678571428571429,0.0,0.6666666666666667,0,5,182,64,315,15823,0.7398373983709763,0.36619718309785476,0.4899057869043291,0.9768676757811904,0.32442067736127556
very_large,200000,1041,Hough transform baseline,1,1,0,1.0,1.0,1.0,1.0,1.0,0,0,64,0,0,16320,0.9999999999843749,0.9999999999843749,0.9999999994843749,0.9999999999999389,0.9999999999843749
very_large,200000,1042,Hough transform baseline,2,2,0,0.9685222672064777,0.9385964912280702,0.9807692307692307,1.0,1.0,0,0,106,0,82,16196,0.999999999990566,0.5638297872310435,0.7210884349081401,0.9949951171874393,0.5638297872310435
very_large,200000,1043,Hough transform baseline,2,2,0,0.9680357142857142,0.9416666666666667,0.9714285714285714,1.0,1.0,0,0,72,0,86,16226,0.9999999999861111,0.4556962025287615,0.6260869560862005,0.9947509765624393,0.4556962025287615
very_large,200000,1044,Hough transform baseline,1,1,0,1.0,1.0,1.0,1.0,1.0,0,0,47,0,0,16337,0.9999999999787235,0.9999999999787235,0.9999999994787234,0.9999999999999389,0.9999999999787235
very_large,200000,1045,Hough transform baseline,5,6,1,0.9495768852861705,0.9475845410628019,0.9491525423728814,1.0,0.8333333333333334,0,0,176,0,114,16094,0.9999999999943182,0.6068965517220452,0.755364806393634,0.9930419921874394,0.6068965517220452
very_large,200000,1046,Hough transform baseline,4,8,4,0.6165158942364826,0.8922575427477388,0.825,0.0,0.5,1,7,264,0,359,15761,0.9999999999962121,0.4237560192609571,0.5952649375737987,0.9780883789061903,0.4237560192609571
very_large,200000,1047,Hough transform baseline,5,5,0,0.7594600228816148,0.8800216232976754,0.9005847953216375,0.3333333333333333,1.0,1,3,318,26,176,15864,0.9244186046484756,0.6437246963549722,0.7589498801824663,0.9876708984374397,0.6115384615372855
very_large,200000,1048,Hough transform baseline,2,2,0,1.0,1.0,1.0,1.0,1.0,0,0,125,0,90,16169,0.999999999992,0.5813953488345052,0.7352941171777682,0.9945068359374393,0.5813953488345052
very_large,200000,1049,Hough transform baseline,3,3,0,0.792706634720917,0.705631602061808,0.8758620689655172,0.8,1.0,1,1,113,10,211,16050,0.9186991869844008,0.348765432097689,0.5055928407621478,0.9865112304686897,0.33832335329240026
very_large,200000,1050,Hough transform baseline,1,1,0,0.9531046312178387,0.9119496855345911,0.9636363636363636,1.0,1.0,0,0,56,0,108,16220,0.999999999982143,0.34146341463206425,0.5090909087067769,0.9934082031249394,0.34146341463206425
very_large,200000,1051,Hough transform baseline,5,5,0,0.9438908590784059,0.8867825542244145,0.9741935483870968,1.0,1.0,0,0,158,0,182,16044,0.999999999993671,0.4647058823515744,0.6345381521746746,0.9888916015624396,0.4647058823515744
very_large,200000,1052,Hough transform baseline,1,1,0,1.0,1.0,1.0,1.0,1.0,0,0,28,0,0,16356,0.9999999999642857,0.9999999999642857,0.9999999994642856,0.9999999999999389,0.9999999999642857
very_large,200000,1053,Hough transform baseline,4,5,1,0.6795000930752049,0.7393954248366013,0.7088607594936709,0.5,0.8,1,2,233,71,264,15816,0.7664473684185314,0.4688128772626382,0.5817727835475506,0.9795532226561902,0.4102112676049116
very_large,200000,1054,Hough transform baseline,4,4,0,0.9634651307596513,0.9309879618098797,0.9726027397260274,1.0,1.0,1,1,222,0,346,15816,0.9999999999954955,0.39084507042184713,0.5620253160501841,0.9788818359374403,0.39084507042184713
very_large,200000,1055,Hough transform baseline,2,2,0,0.9353320710095303,0.8674744834453574,0.9748427672955975,1.0,1.0,0,0,161,0,322,15901,0.9999999999937889,0.3333333333326432,0.49999999962344716,0.9803466796874402,0.3333333333326432
very_large,200000,1056,Hough transform baseline,2,2,0,0.9559090909090909,0.9222222222222222,0.9545454545454546,1.0,1.0,0,0,46,0,62,16276,0.999999999978261,0.42592592592198214,0.5974025969758813,0.9962158203124392,0.42592592592198214
very_large,200000,1057,Hough transform baseline,1,1,0,0.8809781622234827,0.7561788617886179,0.9534883720930233,1.0,1.0,0,0,44,0,88,16252,0.9999999999772728,0.3333333333308081,0.4999999996193182,0.9946289062499393,0.3333333333308081
very_large,200000,1058,Hough transform baseline,5,6,1,0.8153480963480965,0.9619753086419753,0.8706293706293706,0.5,0.8333333333333334,2,4,269,12,193,15910,0.9572953736620737,0.582251082249822,0.7240915203890959,0.9874877929686897,0.5675105485220094
very_large,200000,1059,Hough transform baseline,4,4,0,0.9798348557256064,0.9617486338797814,0.985239852398524,1.0,1.0,0,0,275,0,252,15857,0.9999999999963637,0.5218216318775677,0.6857855357072561,0.9846191406249398,0.5218216318775677
very_large,200000,1060,Hough transform baseline,5,6,1,0.7781703598431405,0.879626047711154,0.870026525198939,0.5,0.8333333333333334,1,2,326,29,236,15793,0.9183098591523429,0.580071174376192,0.7110141761869593,0.9838256835936899,0.5516074450075269
very_large,200000,1061,Hough transform baseline,2,2,0,0.5641517857142857,0.7520833333333333,0.6285714285714286,0.0,1.0,0,1,94,47,64,16179,0.6666666666619386,0.5949367088569941,0.6287625413034306,0.9932250976561894,0.4585365853636169
very_large,200000,1062,Hough transform baseline,1,1,0,0.9249350649350648,0.8585858585858585,0.9428571428571428,1.0,1.0,0,0,36,0,68,16280,0.9999999999722223,0.34615384615051775,0.5142857138963265,0.9958496093749392,0.34615384615051775
very_large,200000,1063,Hough transform baseline,2,2,0,0.9668129877369008,0.9326923076923077,0.9855072463768116,1.0,1.0,0,0,66,1,22,16295,0.985074626850969,0.7499999999914773,0.8516129027239958,0.998596191406189,0.7415730336995329
very_large,200000,1064,Hough transform baseline,4,6,2,0.8506561302681992,0.8975840783312048,0.9003831417624522,0.8,0.6666666666666667,1,1,237,0,294,15853,0.9999999999957806,0.44632768361497865,0.6171874995716654,0.98205566406244,0.44632768361497865
very_large,200000,1065,Hough transform baseline,1,1,0,1.0,1.0,1.0,1.0,1.0,0,0,80,0,0,16304,0.9999999999875,0.9999999999875,0.9999999994875,0.9999999999999389,0.9999999999875
very_large,200000,1066,Hough transform baseline,3,4,1,0.6072515473032716,0.7472767462422636,0.7298850574712643,0.19999999999999998,0.75,1,3,137,1,221,16025,0.992753623181212,0.38268156424474115,0.5524193544348498,0.9864501953124397,0.3816155988847309
very_large,200000,1067,Hough transform baseline,3,4,1,0.4762179487179488,0.5611111111111112,0.7435897435897436,0.0,0.75,0,1,74,0,55,16255,0.9999999999864865,0.5736434108482664,0.7290640389383872,0.9966430664061892,0.5736434108482664
very_large,200000,1068,Hough transform baseline,5,5,0,0.6490694391229894,0.8247037404832837,0.889763779527559,0.0,1.0,0,2,194,15,206,15969,0.9282296650673291,0.4849999999987875,0.6371100159674504,0.9865112304686897,0.46746987951694585
very_large,200000,1069,Hough transform baseline,3,3,0,0.9534256649787229,0.9070208728652752,0.9763313609467456,1.0,1.0,1,1,153,1,200,16030,0.9935064935000423,0.43342776203843225,0.6035502954326374,0.9877319335936897,0.4322033898292876
very_large,200000,1070,Hough transform baseline,3,4,1,0.6163213791164504,0.7726941256890207,0.7180451127819549,0.19999999999999998,0.75,1,3,191,39,333,15821,0.8304347826050851,0.36450381679319754,0.5066312993094231,0.9772949218749403,0.33925399644699955
very_large,200000,1071,Hough transform baseline,4,6,2,0.5577791732944503,0.7300084688346883,0.8130434782608695,0.0,0.6666666666666667,0,2,208,23,239,15914,0.9004329004290025,0.46532438478643107,0.6135693210828612,0.9840087890624399,0.4425531914884201
very_large,200000,1072,Hough transform baseline,2,2,0,0.8957264957264958,0.8024691358024691,0.9230769230769231,1.0,1.0,0,0,54,0,104,16226,0.9999999999814816,0.34177215189657106,0.5094339618796725,0.9936523437499393,0.34177215189657106
very_large,200000,1073,Hough transform baseline,4,3,1,0.7872916666666667,0.6365740740740741,0.8791666666666667,1.0,0.75,0,0,213,1,367,15803,0.9953271027990873,0.3672413793097117,0.5365239290759221,0.9775390624999403,0.36660929431950673
very_large,200000,1074,Hough transform baseline,5,7,2,0.8734339020966797,0.8597194482683108,0.8256578947368421,1.0,0.7142857142857143,1,1,269,33,309,15773,0.8907284768182426,0.46539792387462736,0.6113636359114308,0.9791259765624402,0.44026186579306015
very_large,200000,1075,Hough transform baseline,5,6,1,0.7042127252105347,0.7891336913510457,0.7871794871794872,0.43333333333333335,0.8333333333333334,3,6,330,12,129,15913,0.9649122806989331,0.7189542483644468,0.823970036961794,0.9913940429686895,0.7006369426736717
very_large,200000,1076,Hough transform baseline,2,2,0,0.805610294117647,0.5941666666666666,0.9411764705882353,1.0,1.0,0,0,68,2,134,16180,0.9714285714146939,0.33663366336467015,0.4999999996140787,0.9916992187499395,0.33333333333169934
very_large,200000,1077,Hough transform baseline,1,1,0,0.9571264367816091,0.9195402298850575,0.9666666666666667,1.0,1.0,0,0,61,0,118,16205,0.9999999999836067,0.34078212290312415,0.5083333329499653,0.9927978515624394,0.34078212290312415
very_large,200000,1078,Hough transform baseline,4,5,1,0.6108867205641182,0.8864448635057471,0.6599326599326599,0.0,0.8,0,1,198,40,405,15741,0.8319327731057482,0.3283582089546793,0.470868013861789,0.9728393554686906,0.30793157076157396
very_large,200000,1079,Hough transform baseline,3,4,1,0.4361205936920223,0.47595959595959597,0.7346938775510203,0.0,0.75,0,1,76,0,80,16228,0.9999999999868421,0.4871794871763643,0.6551724133469085,0.9951171874999393,0.4871794871763643
very_large,200000,1080,Hough transform baseline,1,1,0,0.9713676869430453,0.9463601532567051,0.9775280898876404,1.0,1.0,0,0,90,0,176,16118,0.9999999999888889,0.3383458646603822,0.5056179771474562,0.9892578124999396,0.3383458646603822
very_large,200000,1081,Hough transform baseline,2,2,0,0.9360576923076923,0.875,0.9615384615384616,1.0,1.0,0,0,71,2,68,16243,0.9726027397127041,0.5107913669028001,0.6698113202968584,0.9957275390624392,0.503546099287209
very_large,200000,1082,Hough transform baseline,5,7,2,0.555681635666695,0.6491797283176594,0.7106109324758842,0.2,0.7142857142857143,2,5,233,47,257,15847,0.8321428571398852,0.47551020408066225,0.6051948047304233,0.98144531249994,0.43389199255040245
very_large,200000,1083,Hough transform baseline,2,3,1,0.6258128009062588,0.9787878787878788,0.5934579439252337,0.0,0.6666666666666667,0,1,174,15,183,16012,0.9206349206300496,0.487394957981828,0.63736263690764,0.9879150390624397,0.4677419354826136
very_large,200000,1084,Hough transform baseline,1,1,0,1.0,1.0,1.0,1.0,1.0,0,0,20,0,16,16348,0.99999999995,0.5555555555401235,0.7142857138010203,0.999023437499939,0.5555555555401235
very_large,200000,1085,Hough transform baseline,2,2,0,0.9611673755094808,0.9268740031897927,0.9703703703703703,1.0,1.0,0,0,137,0,266,15981,0.9999999999927008,0.33995037220759317,0.5074074070268518,0.9837646484374399,0.33995037220759317
very_large,200000,1086,Hough transform baseline,1,1,0,0.9556034482758621,0.9166666666666666,0.9655172413793104,1.0,1.0,0,0,59,0,114,16211,0.9999999999830509,0.34104046242577435,0.5086206892715146,0.9930419921874394,0.34104046242577435
very_large,200000,1087,Hough transform baseline,1,1,0,0.963931414574403,0.9323671497584541,0.971830985915493,1.0,1.0,0,0,72,0,140,16172,0.9999999999861111,0.339622641507832,0.5070422531390597,0.9914550781249395,0.339622641507832
very_large,200000,1088,Hough transform baseline,4,5,1,0.7595439266615738,0.9057205104263927,0.8181818181818181,0.43333333333333335,0.8,3,6,194,0,137,16053,0.9999999999948455,0.5861027190314619,0.7390476185788517,0.9916381835936895,0.5861027190314619
very_large,200000,1089,Hough transform baseline,2,3,1,0.5739511587645889,0.7375187168426793,0.8770053475935828,0.0,0.6666666666666667,0,1,182,7,328,15867,0.962962962957868,0.3568627450973395,0.5207439194895057,0.9795532226561902,0.3520309477749477
very_large,200000,1090,Hough transform baseline,3,4,1,0.777841872232764,0.7386928104575163,0.6021505376344086,1.0,0.75,0,0,117,64,86,16117,0.6464088397754343,0.5763546798001165,0.6093749994984674,0.9908447265624395,0.43820224718937006
very_large,200000,1091,Hough transform baseline,1,1,0,0.8158333333333333,0.65,0.8666666666666667,1.0,1.0,0,0,16,0,28,16340,0.9999999999375,0.3636363636280992,0.5333333329244444,0.998291015624939,0.3636363636280992
very_large,200000,1092,Hough transform baseline,4,5,1,0.7944444444444445,0.8654320987654321,0.7916666666666666,0.6666666666666666,0.8,2,3,260,10,176,15938,0.9629629629593964,0.5963302752279901,0.7365439088739979,0.9886474609374396,0.5829596412542983
very_large,200000,1093,Hough transform baseline,2,2,0,0.9647623626373626,0.9363461538461538,0.967032967032967,1.0,1.0,0,0,84,2,88,16210,0.9767441860351541,0.48837209302041645,0.6511627902481821,0.9945068359374393,0.48275862068688075
very_large,200000,1094,Hough transform baseline,5,5,0,0.7045720583764062,0.9239130434782609,0.9440559440559441,0.0,1.0,0,2,135,4,74,16171,0.9712230215757467,0.6459330143509764,0.7758620684812888,0.9952392578124393,0.6338028168984329
very_large,200000,1095,Hough transform baseline,5,7,2,0.3752698837251462,0.5089603377582916,0.3740458015267175,0.0,0.7142857142857143,0,3,199,231,301,15653,0.46279069767334235,0.397999999999204,0.42795698874922417,0.9675292968749409,0.2722298221610503
very_large,200000,1096,Hough transform baseline,1,1,0,1.0,1.0,1.0,1.0,1.0,0,0,21,0,0,16363,0.999999999952381,0.999999999952381,0.9999999994523809,0.9999999999999389,0.999999999952381
very_large,200000,1097,Hough transform baseline,1,1,0,0.8352079772079772,0.6502564102564103,0.962962962962963,1.0,1.0,0,0,55,0,110,16219,0.9999999999818182,0.33333333333131315,0.49999999962045455,0.9932861328124394,0.33333333333131315
very_large,200000,1098,Hough transform baseline,4,5,1,0.6884582868822,0.9228797638217928,0.9658119658119658,0.0,0.8,1,0,233,0,132,16019,0.9999999999957082,0.6383561643818128,0.7792642135685787,0.9919433593749394,0.6383561643818128
very_large,200000,1099,Hough transform baseline,1,1,0,0.956378233719893,0.9181286549707602,0.9661016949152542,1.0,1.0,0,0,60,0,120,16204,0.9999999999833334,0.3333333333314815,0.4999999996208334,0.9926757812499394,0.3333333333314815
very_large,200000,1100,Hough transform baseline,2,2,0,0.8680126472626472,0.8348998998998999,0.9615384615384616,0.8,1.0,1,1,105,0,200,16079,0.9999999999904762,0.3442622950808385,0.5121951215676978,0.9877929687499397,0.3442622950808385
very_large,200000,1101,Hough transform baseline,3,3,0,0.9657321274763134,0.9279835390946501,0.9906976744186047,1.0,1.0,0,0,204,0,124,16056,0.9999999999950981,0.621951219510299,0.7669172927573634,0.9924316406249394,0.621951219510299
very_large,200000,1102,Hough transform baseline,3,3,0,0.9900715803370671,0.9818699818699819,0.9911504424778761,1.0,1.0,1,1,204,0,200,15980,0.9999999999950981,0.5049504950482551,0.671052631130843,0.9877929687499397,0.5049504950482551
very_large,200000,1103,Hough transform baseline,4,6,2,0.4643008898920714,0.5305113636363636,0.7945205479452055,0.0,0.6666666666666667,0,1,139,2,95,16148,0.9858156028298879,0.5940170940145555,0.7413333328601316,0.9940795898436893,0.5889830508449619
very_large,200000,1104,Hough transform baseline,4,3,1,0.7954867536053103,0.7018835074390629,0.7731958762886598,1.0,0.75,1,1,217,0,374,15793,0.9999999999953918,0.36717428087924336,0.5371287124770825,0.9771728515624404,0.36717428087924336
very_large,200000,1105,Hough transform baseline,2,4,2,0.7648835403726708,0.7235507246376811,0.6964285714285714,1.0,0.5,0,0,60,0,71,16253,0.9999999999833334,0.45801526717207625,0.6282722508714125,0.9956665039061892,0.45801526717207625
very_large,200000,1106,Hough transform baseline,1,2,1,0.3686293250141804,0.4961788617886179,0.4767441860465116,0.0,0.5,0,1,66,0,66,16252,0.9999999999848485,0.49999999999621214,0.6666666662154882,0.9959716796874392,0.49999999999621214
very_large,200000,1107,Hough transform baseline,5,7,2,0.42120263056835644,0.6374907407407407,0.3145161290322581,0.0,0.7142857142857143,0,7,180,308,263,15633,0.3688524590156376,0.40632054175980514,0.38668098768508513,0.965148925781191,0.23968042609821613
very_large,200000,1108,Hough transform baseline,4,4,0,0.6578308491418248,0.8797325102880659,0.8097560975609757,0.0,1.0,0,1,164,24,226,15970,0.8723404255272749,0.42051282051174227,0.5674740480020114,0.9847412109374398,0.39613526569952623
very_large,200000,1109,Hough transform baseline,2,2,0,0.9481288637032675,0.9019573370839193,0.9612403100775194,1.0,1.0,1,1,105,1,199,16079,0.9905660377265041,0.3453947368409691,0.5121951215653301,0.9877929687499397,0.3442622950808385
very_large,200000,1110,Hough transform baseline,5,5,0,0.6421170343137255,0.7336805555555556,0.7264705882352941,0.26666666666666666,1.0,1,3,240,75,406,15663,0.7619047619023431,0.371517027863202,0.4994797081951141,0.9706420898436907,0.3328710124822013
very_large,200000,1111,Hough transform baseline,4,4,0,0.9509776366964081,0.8973655913978493,0.9858156028368794,1.0,1.0,0,0,145,0,159,16080,0.9999999999931035,0.47697368420895736,0.6458797322992446,0.9902954101561895,0.47697368420895736
very_large,200000,1112,Hough transform baseline,3,4,1,0.588674162813507,0.757832422586521,0.8632478632478633,0.0,0.75,0,1,114,0,149,16121,0.999999999991228,0.43346007604397924,0.6047745353839118,0.9909057617186895,0.43346007604397924
very_large,200000,1113,Hough transform baseline,4,4,0,0.9690068493150684,0.9351851851851851,0.9908675799086758,1.0,1.0,0,0,223,0,42,16119,0.9999999999955157,0.8415094339590887,0.9139344257294663,0.997436523437439,0.8415094339590887
very_large,200000,1114,Hough transform baseline,5,5,0,0.6804818878439568,0.8727609427609428,0.9386973180076629,0.0,1.0,0,1,256,9,172,15947,0.9660377358454112,0.5981308411200978,0.7388167383422682,0.9889526367186896,0.5858123569780646
very_large,200000,1115,Hough transform baseline,4,4,0,0.7726101991005044,0.690383295194508,0.8096885813148789,0.8,1.0,1,1,272,20,268,15824,0.9315068493118784,0.503703703702771,0.6538461533890071,0.98242187499994,0.4857142857134184
very_large,200000,1116,Hough transform baseline,4,7,3,0.5664945367697689,0.8041458802385749,0.7374301675977654,0.0,0.5714285714285714,0,3,295,4,445,15640,0.9866220735752956,0.39864864864810995,0.5678537050750287,0.9725952148436906,0.3965053763435531
very_large,200000,1117,Hough transform baseline,2,2,0,0.775,0.5355555555555556,0.92,1.0,1.0,0,0,52,0,104,16228,0.9999999999807693,0.3333333333311966,0.49999999962019226,0.9936523437499393,0.3333333333311966
very_large,200000,1118,Hough transform baseline,1,1,0,0.9658995433789954,0.9360730593607306,0.9733333333333334,1.0,1.0,0,0,76,0,148,16160,0.9999999999868421,0.3392857142841996,0.5066666662849777,0.9909667968749395,0.3392857142841996
very_large,200000,1119,Hough transform baseline,5,6,1,0.6964738026592704,0.9214442295293359,0.9924528301886792,0.0,0.8333333333333334,1,0,270,0,215,15899,0.9999999999962963,0.5567010309266872,0.7152317876181219,0.9868774414061897,0.5567010309266872
very_large,200000,1120,Hough transform baseline,5,5,0,0.8127274996955304,0.7989026915113873,0.9327731092436975,0.6666666666666666,1.0,2,3,217,9,172,15986,0.9601769911461939,0.557840616965147,0.7056910564433975,0.9889526367186896,0.5452261306518964
very_large,200000,1121,Hough transform baseline,1,1,0,1.0,1.0,1.0,1.0,1.0,0,0,84,0,0,16300,0.9999999999880952,0.9999999999880952,0.9999999994880953,0.9999999999999389,0.9999999999880952
very_large,200000,1122,Hough transform baseline,3,5,2,0.5682071456005378,0.7175845065632864,0.7764705882352941,0.12,0.6,1,5,149,0,215,16020,0.9999999999932887,0.4093406593395348,0.5808966857454032,0.9868774414061897,0.4093406593395348
very_large,200000,1123,Hough transform baseline,1,1,0,1.0,1.0,1.0,1.0,1.0,0,0,28,0,0,16356,0.9999999999642857,0.9999999999642857,0.9999999994642856,0.9999999999999389,0.9999999999642857
very_large,200000,1124,Hough transform baseline,3,3,0,0.855948275862069,0.8055555555555556,0.7172413793103448,1.0,1.0,0,0,105,43,2,16234,0.7094594594546658,0.9813084112057822,0.8235294112711726,0.9972534179686892,0.6999999999953334
very_large,200000,1125,Hough transform baseline,4,6,2,0.4430429319308863,0.5847485080988917,0.5661971830985916,0.0,0.6666666666666667,0,3,218,97,348,15721,0.692063492061295,0.3851590106000262,0.4948921675303809,0.9728393554686906,0.32880844645500934
very_large,200000,1126,Hough transform baseline,4,3,1,0.3518794642857143,0.316875,0.6714285714285715,0.0,0.75,0,1,87,34,126,16137,0.7190082644568677,0.40845070422343455,0.5209580833671519,0.9902343749999395,0.3522267206463473
very_large,200000,1127,Hough transform baseline,5,6,1,0.9343297487141037,0.9199631741506297,0.935064935064935,1.0,0.8333333333333334,1,1,155,0,173,16056,0.9999999999935485,0.4725609756083154,0.6418219457312604,0.9894409179686896,0.4725609756083154
very_large,200000,1128,Hough transform baseline,4,7,3,0.42190400645878745,0.5904611590126175,0.49526813880126186,0.0,0.5714285714285714,0,12,204,81,295,15804,0.715789473681699,0.4088176352697218,0.5204081628012318,0.9770507812499404,0.35172413793042806
very_large,200000,1129,Hough transform baseline,2,3,1,0.8997500038711076,0.9159427695452222,0.8545454545454545,1.0,0.6666666666666667,0,0,147,0,294,15943,0.9999999999931973,0.3333333333325775,0.4999999996232993,0.98205566406244,0.3333333333325775
very_large,200000,1130,Hough transform baseline,3,3,0,0.9153260965883916,0.8336936936936936,0.9508196721311475,1.0,1.0,0,0,125,0,242,16017,0.999999999992,0.3405994550399439,0.5081300809197155,0.9852294921874398,0.3405994550399439
very_large,200000,1131,Hough transform baseline,5,9,4,0.5379397233201582,0.8113636363636364,0.447463768115942,0.1111111111111111,0.5555555555555556,1,9,287,210,296,15591,0.5774647887312325,0.4922813036012139,0.5314814809836677,0.9691162109374408,0.36191677175238096
very_large,200000,1132,Hough transform baseline,5,9,4,0.5296176971466307,0.788083735909823,0.5971223021582734,0.0,0.5555555555555556,0,7,312,68,231,15773,0.8210526315767868,0.5745856353580578,0.6760563375422975,0.98175048828119,0.5106382978715047
very_large,200000,1133,Hough transform baseline,5,5,0,0.8230565658371666,0.7403621084797554,0.949468085106383,0.8,1.0,1,1,367,13,386,15618,0.965789473681669,0.487383798140123,0.6478375988469575,0.9756469726561904,0.4791122715398445
very_large,200000,1134,Hough transform baseline,2,2,0,1.0,1.0,1.0,1.0,1.0,0,0,110,0,0,16274,0.999999999990909,0.999999999990909,0.999999999490909,0.9999999999999389,0.999999999990909
very_large,200000,1135,Hough transform baseline,2,2,0,0.9411111111111111,0.888888888888889,0.9555555555555556,1.0,1.0,0,0,47,0,48,16289,0.9999999999787235,0.49473684210005536,0.6619718305337234,0.9970703124999392,0.49473684210005536
very_large,200000,1136,Hough transform baseline,4,4,0,0.9878086419753086,0.9783950617283951,0.9876543209876543,1.0,1.0,0,0,166,0,110,16108,0.9999999999939759,0.6014492753601397,0.751131221247026,0.9932861328124394,0.6014492753601397
very_large,200000,1137,Hough transform baseline,5,5,0,0.7502338345864662,0.7601687552213869,0.9157894736842105,0.5,1.0,1,2,272,16,383,15713,0.9444444444411652,0.4152671755718851,0.5768822901365445,0.9756469726561904,0.40536512667599794
very_large,200000,1138,Hough transform baseline,4,4,0,0.873782765092274,0.7706763285024155,0.8848920863309353,1.0,1.0,0,0,124,12,122,16126,0.9117647058756488,0.5040650406483574,0.6492146592239247,0.9918212890624394,0.48062015503689687
very_large,200000,1139,Hough transform baseline,1,1,0,0.9175,0.8444444444444444,0.9375,1.0,1.0,0,0,33,0,62,16289,0.9999999999696971,0.34736842104897503,0.5156249996092529,0.9962158203124392,0.34736842104897503
very_large,200000,1140,Hough transform baseline,1,1,0,1.0,1.0,1.0,1.0,1.0,0,0,17,0,0,16367,0.9999999999411765,0.9999999999411765,0.9999999994411766,0.9999999999999389,0.9999999999411765
very_large,200000,1141,Hough transform baseline,5,5,0,0.7295125164690383,0.8893646611037915,0.83399209486166,0.25,1.0,1,4,218,29,268,15869,0.8825910931138357,0.44855967078097003,0.5948158249267043,0.98187255859369,0.4233009708729645
very_large,200000,1142,Hough transform baseline,1,1,0,0.8768181818181818,0.7666666666666667,0.9090909090909091,1.0,1.0,0,0,23,0,42,16319,0.9999999999565218,0.35384615384071005,0.5227272723292872,0.997436523437439,0.35384615384071005
very_large,200000,1143,Hough transform baseline,2,2,0,0.9677707199032063,0.9385964912280702,0.9770114942528736,1.0,1.0,1,1,88,0,76,16220,0.9999999999886363,0.5365853658503867,0.6984126979526329,0.9953613281249393,0.5365853658503867
very_large,200000,1144,Hough transform baseline,4,4,0,0.9203984309034619,0.89203216374269,0.8449197860962567,1.0,1.0,1,1,160,30,1,16193,0.8421052631534627,0.9937888198696039,0.9116809111791301,0.998107910156189,0.8376963350741482
very_large,200000,1145,Hough transform baseline,1,1,0,0.892776359600444,0.7784967320261438,0.9622641509433962,1.0,1.0,0,0,54,0,108,16222,0.9999999999814816,0.33333333333127574,0.49999999962037045,0.9934082031249394,0.33333333333127574
very_large,200000,1146,Hough transform baseline,4,6,2,0.7911374478234943,0.8338081671415004,0.8087855297157622,0.75,0.6666666666666667,3,4,301,27,277,15779,0.9176829268264705,0.5207612456738395,0.6644591606845069,0.98144531249994,0.49752066115620247
very_large,200000,1147,Hough transform baseline,1,1,0,1.0,1.0,1.0,1.0,1.0,0,0,55,0,0,16329,0.9999999999818182,0.9999999999818182,0.9999999994818183,0.9999999999999389,0.9999999999818182
very_large,200000,1148,Hough transform baseline,4,5,1,0.556919474363492,0.6663208345539173,0.8853754940711462,0.0,0.8,0,1,233,0,298,15853,0.9999999999957082,0.4387947269294938,0.6099476435535313,0.98181152343744,0.4387947269294938
very_large,200000,1149,Hough transform baseline,2,3,1,0.5793456519585996,0.8663207547169811,0.6141732283464567,0.0,0.6666666666666667,0,1,213,16,269,15886,0.9301310043627505,0.4419087136920292,0.5991561177050845,0.98260498046869,0.42771084337263515
very_large,200000,1150,Hough transform baseline,3,3,0,0.8551374345549738,0.7083333333333334,0.9319371727748691,1.0,1.0,1,1,169,9,171,16035,0.9494382022418572,0.49705882352794983,0.6525096520560366,0.9890136718749396,0.4842406876776956
very_large,200000,1151,Hough transform baseline,3,4,1,0.6248237858032379,0.7302020202020202,0.8561643835616438,0.19999999999999998,0.75,1,3,124,16,199,16045,0.8857142857079593,0.3839009287913811,0.5356371486038746,0.9868774414061897,0.3657817109133753
very_large,200000,1152,Hough transform baseline,5,9,4,0.6019567637211874,0.7355165031994301,0.6395939086294415,0.35,0.5555555555555556,2,4,297,60,226,15801,0.8319327731069134,0.5678776290620117,0.6749999995162577,0.98254394531244,0.5094339622632771
very_large,200000,1153,Hough transform baseline,1,1,0,1.0,1.0,1.0,1.0,1.0,0,0,46,0,0,16338,0.999999999978261,0.999999999978261,0.9999999994782609,0.9999999999999389,0.999999999978261
very_large,200000,1154,Hough transform baseline,4,4,0,0.9464461024684474,0.8979225557499888,0.9619047619047619,1.0,1.0,0,0,107,0,138,16139,0.9999999999906541,0.43673469387576846,0.607954545027941,0.9915771484374395,0.43673469387576846
very_large,200000,1155,Hough transform baseline,1,1,0,1.0,1.0,1.0,1.0,1.0,0,0,74,0,0,16310,0.9999999999864865,0.9999999999864865,0.9999999994864865,0.9999999999999389,0.9999999999864865
very_large,200000,1156,Hough transform baseline,2,2,0,0.9538295454545455,0.9075,0.9772727272727273,1.0,1.0,0,0,77,1,59,16247,0.987179487166831,0.5661764705840723,0.7196261677543017,0.9963378906249392,0.5620437956163354
very_large,200000,1157,Hough transform baseline,5,4,1,0.48492395204340605,0.5676353276353276,0.7474402730375427,0.0,0.8,0,2,206,66,191,15921,0.7573529411736862,0.5188916876561237,0.6158445436112797,0.9843139648436899,0.44492440604655525
very_large,200000,1158,Hough transform baseline,2,2,0,0.9518087855297157,0.9135802469135802,0.9534883720930233,1.0,1.0,0,0,45,0,56,16283,0.9999999999777779,0.4455445544510342,0.6164383557294989,0.9965820312499392,0.4455445544510342
very_large,200000,1159,Hough transform baseline,3,3,0,0.9914135370299954,0.9858299595141701,0.988950276243094,1.0,1.0,3,3,158,0,107,16119,0.999999999993671,0.5962264150920897,0.7470449167861443,0.9934692382811894,0.5962264150920897
very_large,200000,1160,Hough transform baseline,1,1,0,1.0,1.0,1.0,1.0,1.0,0,0,21,0,0,16363,0.999999999952381,0.999999999952381,0.9999999994523809,0.9999999999999389,0.999999999952381
very_large,200000,1161,Hough transform baseline,5,4,1,0.8151453237410073,0.7040000000000001,0.841726618705036,1.0,0.8,0,0,125,18,47,16194,0.8741258741197614,0.7267441860422864,0.7936507931499925,0.9960327148436892,0.6578947368386427
very_large,200000,1162,Hough transform baseline,1,1,0,0.9808158508158509,0.9641025641025641,0.9848484848484849,1.0,1.0,0,0,48,0,95,16241,0.9999999999791668,0.3356643356619884,0.502617800665552,0.9942016601561893,0.3356643356619884
very_large,200000,1163,Hough transform baseline,1,2,1,0.2813256704980843,0.3071604938271605,0.4655172413793104,0.0,0.5,0,1,46,0,44,16294,0.999999999978261,0.5111111111054321,0.6764705877776815,0.997314453124939,0.5111111111054321
very_large,200000,1164,Hough transform baseline,5,5,0,0.804276686420837,0.8807455776672195,0.9147058823529411,0.5,1.0,1,2,325,18,526,15515,0.9475218658864504,0.38190364277275923,0.5443886093048395,0.9667968749999409,0.3739930955116525
very_large,200000,1165,Hough transform baseline,2,2,0,0.9713744588744588,0.9469696969696969,0.9761904761904762,1.0,1.0,0,0,86,0,90,16208,0.9999999999883721,0.4886363636335873,0.6564885491723093,0.9945068359374393,0.4886363636335873
very_large,200000,1166,Hough transform baseline,2,2,0,0.9308170995670996,0.8674242424242424,0.9523809523809523,1.0,1.0,0,0,39,0,46,16299,0.9999999999743591,0.4588235294063668,0.6290322576231789,0.9971923828124392,0.4588235294063668
very_large,200000,1167,Hough transform baseline,5,10,5,0.43765106343555404,0.6984626352015733,0.3212598425196851,0.03636363636363637,0.5,1,22,289,258,320,15517,0.5283363802549756,0.4745484400649022,0.49999999950057317,0.964721679687441,0.33333333333294884
very_large,200000,1168,Hough transform baseline,2,2,0,0.8401047326906222,0.6528571428571428,0.9815950920245399,1.0,1.0,0,0,132,14,109,16129,0.9041095890349035,0.5477178423213788,0.6821705421622632,0.9924926757811894,0.5176470588214994
very_large,200000,1169,Hough transform baseline,5,6,1,0.39991064215414707,0.4921895206243032,0.47546012269938653,0.0,0.8333333333333334,0,3,213,98,191,15882,0.6848874598048718,0.5272277227709722,0.5958041953109882,0.98236083984369,0.4243027888437763
very_large,200000,1170,Hough transform baseline,3,4,1,0.8106747429215382,0.7415770609318997,0.759825327510917,1.0,0.75,0,0,230,3,223,15928,0.9871244635150768,0.5077262693145524,0.6705539354095273,0.9862060546874398,0.5043859649111746
very_large,200000,1171,Hough transform baseline,3,4,1,0.576934065934066,0.8834188034188035,0.5219780219780219,0.0,0.75,0,1,116,60,38,16170,0.6590909090871643,0.7532467532418621,0.7030303025282645,0.9940185546874393,0.5420560747638222
very_large,200000,1172,Hough transform baseline,4,6,2,0.5196162464985995,0.7716339869281046,0.5285714285714286,0.0,0.6666666666666667,0,3,211,90,189,15894,0.7009966777385349,0.5274999999986812,0.6019971464412078,0.9829711914061899,0.4306122448970804
very_large,200000,1173,Hough transform baseline,4,4,0,0.6291101299865759,0.7780102336104389,0.8950276243093923,0.0,1.0,0,1,145,7,260,15972,0.9539473684147767,0.3580246913571407,0.5206463191704083,0.9837036132811899,0.35194174757196134
very_large,200000,1174,Hough transform baseline,5,12,7,0.2984804005624719,0.43468816153720885,0.26898326898326896,0.02962962962962963,0.41666666666666663,1,27,314,311,249,15510,0.5023999999991962,0.5577264653631302,0.5286195281200006,0.965820312499941,0.3592677345533647
very_large,200000,1175,Hough transform baseline,5,6,1,0.7208399872033681,0.762728126677402,0.8463949843260188,0.5,0.8333333333333334,1,2,268,18,144,15954,0.9370629370596607,0.6504854368916251,0.76790830896968,0.9901123046874395,0.623255813952039
very_large,200000,1176,Hough transform baseline,2,2,0,0.9836863500213949,0.9715447154471544,0.9824561403508771,1.0,1.0,0,0,116,0,166,16102,0.9999999999913792,0.41134751772903777,0.5829145724483725,0.9898681640624396,0.41134751772903777
very_large,200000,1177,Hough transform baseline,4,4,0,0.987531969309463,0.977124183006536,0.9891304347826086,1.0,1.0,0,0,188,0,104,16092,0.9999999999946809,0.6438356164361513,0.7833333328535417,0.9936523437499393,0.6438356164361513
very_large,200000,1178,Hough transform baseline,3,4,1,0.5119570740945316,0.629495252373813,0.7684210526315789,0.0,0.75,0,1,157,12,339,15876,0.9289940828347397,0.31653225806387797,0.47218045074729825,0.9785766601561903,0.3090551181096278
very_large,200000,1179,Hough transform baseline,1,1,0,1.0,1.0,1.0,1.0,1.0,0,0,52,0,0,16332,0.9999999999807693,0.9999999999807693,0.9999999994807693,0.9999999999999389,0.9999999999807693
very_large,200000,1180,Hough transform baseline,3,4,1,0.7731120760959471,0.6254342431761787,0.8333333333333334,1.0,0.75,0,0,78,0,120,16186,0.9999999999871795,0.39393939393740435,0.56521739089477,0.9926757812499394,0.39393939393740435
very_large,200000,1181,Hough transform baseline,4,4,0,0.8151037964717741,0.7318155432029271,0.9289340101522843,0.8,1.0,1,1,178,4,388,15814,0.9780219780166043,0.31448763250827827,0.4759358285075066,0.9760742187499404,0.3122807017538381
very_large,200000,1182,Hough transform baseline,3,3,0,0.9295987183399451,0.8632183908045977,0.9557522123893806,1.0,1.0,0,0,90,2,152,16140,0.9782608695545841,0.3719008264447442,0.5389221552862419,0.9906005859374395,0.3688524590148818
very_large,200000,1183,Hough transform baseline,4,4,0,0.808751559556625,0.8553502864906375,0.9942196531791907,0.5,1.0,2,1,168,0,276,15940,0.9999999999940477,0.3783783783775262,0.5490196074430348,0.9831542968749399,0.3783783783775262
very_large,200000,1184,Hough transform baseline,3,3,0,0.9672889317889317,0.9307407407407406,0.9922779922779923,1.0,1.0,0,0,262,0,126,15996,0.9999999999961833,0.6752577319570225,0.8061538456701538,0.9923095703124394,0.6752577319570225
very_large,200000,1185,Hough transform baseline,3,3,0,0.5752832649118571,0.6909485094850949,0.8217821782178218,0.0,1.0,0,1,84,19,124,16157,0.8155339805746065,0.4038461538442123,0.5401929255985359,0.9912719726561895,0.37004405286180597
very_large,200000,1186,Hough transform baseline,3,3,0,0.9889827672745525,0.9819121447028424,0.9856115107913669,1.0,1.0,0,0,142,0,174,16068,0.9999999999929579,0.4493670886061729,0.6200873358140004,0.9893798828124396,0.4493670886061729
very_large,200000,1187,Hough transform baseline,4,5,1,0.5604529106802436,0.6718743509865005,0.8905472636815921,0.0,0.8,0,1,203,0,302,15879,0.9999999999950739,0.401980198019006,0.57344632727297,0.98156738281244,0.401980198019006
very_large,200000,1188,Hough transform baseline,2,2,0,0.8873359073359074,0.7813813813813815,0.9285714285714286,1.0,1.0,0,0,58,0,108,16218,0.9999999999827587,0.349397590359341,0.51785714246875,0.9934082031249394,0.349397590359341
very_large,200000,1189,Hough transform baseline,3,3,0,0.9655451760256755,0.9338098593912546,0.9766536964980544,1.0,1.0,0,0,260,0,508,15616,0.9999999999961539,0.33854166666622587,0.505836575496601,0.9689941406249408,0.33854166666622587
very_large,200000,1190,Hough transform baseline,1,1,0,1.0,1.0,1.0,1.0,1.0,0,0,70,0,0,16314,0.9999999999857142,0.9999999999857142,0.9999999994857143,0.9999999999999389,0.9999999999857142
very_large,200000,1191,Hough transform baseline,2,3,1,0.5542789115646258,0.7933333333333333,0.653061224489796,0.0,0.6666666666666667,0,1,43,0,20,16321,0.9999999999767443,0.6825396825288487,0.8113207542194731,0.998779296874939,0.6825396825288487
very_large,200000,1192,Hough transform baseline,5,7,2,0.5232448218008168,0.7087545289855072,0.6643835616438356,0.0,0.7142857142857143,1,4,218,44,259,15863,0.8320610686991143,0.4570230607956876,0.5899864677409952,0.98150634765619,0.4184261036460299
very_large,200000,1193,Hough transform baseline,4,7,3,0.6250404962276044,0.7146263324690291,0.8982456140350877,0.26666666666666666,0.5714285714285714,2,3,263,12,348,15761,0.9563636363601588,0.43044189852630044,0.5936794578098461,0.9780273437499403,0.42215088282436253
very_large,200000,1194,Hough transform baseline,4,10,6,0.583985288880903,0.9373256308018278,0.48594377510040165,0.1,0.4,1,10,319,142,308,15615,0.6919739696297355,0.50877192982375,0.5863970583340908,0.9725341796874406,0.4148244473336608
very_large,200000,1195,Hough transform baseline,3,6,3,0.4379153766769866,0.6912280701754386,0.38431372549019605,0.0,0.5,0,3,151,94,128,16011,0.6163265306097293,0.5412186379908918,0.5763358773625007,0.9864501953124397,0.40482573726433024
very_large,200000,1196,Hough transform baseline,5,7,2,0.6211491425241426,0.8030827505827506,0.6916666666666667,0.2,0.7142857142857143,1,4,192,17,296,15879,0.9186602870769442,0.3934426229500134,0.5509325677277448,0.9808959960936902,0.38019801980122736
very_large,200000,1197,Hough transform baseline,5,6,1,0.6711066801278817,0.9128571428571429,0.5724381625441697,0.25,0.8333333333333334,1,4,171,74,45,16094,0.6979591836706206,0.7916666666630016,0.7418655092601484,0.9927368164061894,0.5896551724117598
very_large,200000,1198,Hough transform baseline,5,8,3,0.5111561800979385,0.710842670401494,0.6438848920863309,0.0,0.625,0,3,202,45,272,15865,0.8178137651788753,0.42616033755184357,0.5603328705604906,0.9806518554686902,0.3892100192670728
very_large,200000,1199,Hough transform baseline,4,5,1,0.5509593056230757,0.6755936819172113,0.8347107438016529,0.0,0.8,1,2,108,11,182,16083,0.9075630252024575,0.3724137931021641,0.5281173589980213,0.9882202148436896,0.3588039867097714
