Cycle,Training samples,sample,Method,True vectors,Predicted vectors,Vector count error,Engineering score,Line geometry score,Total length score,Junction angle score,Vector count score,True junctions,Predicted junctions,tp,fp,fn,tn,sample_precision,sample_recall,sample_f1,sample_accuracy,sample_iou
medium,20000,0,CNN-refined Hough vectors from distance-to-stroke,2,3,1,0.6445586622807018,0.4635416666666667,0.5964912280701755,1.0,0.6666666666666667,0,0,53,121,187,16023,0.30459770114767476,0.2208333333324132,0.2560386468544657,0.98120117187494,0.14681440443172628
medium,20000,1,CNN-refined Hough vectors from distance-to-stroke,2,1,1,0.40097321428571425,0.54375,0.5314285714285714,0.0,0.5,1,0,27,67,239,16051,0.2872340425501358,0.10150375939811465,0.14999999961330246,0.98132324218744,0.0810810810808376
medium,20000,2,CNN-refined Hough vectors from distance-to-stroke,1,0,1,0.25,0.0,0.0,1.0,0.0,0,0,0,0,183,16201,0.0,0.0,0.0,0.9888305664061896,0.0
medium,20000,3,CNN-refined Hough vectors from distance-to-stroke,3,0,3,0.25,0.0,0.0,1.0,0.0,0,0,0,0,203,16181,0.0,0.0,0.0,0.9876098632811897,0.0
medium,20000,4,CNN-refined Hough vectors from distance-to-stroke,1,0,1,0.25,0.0,0.0,1.0,0.0,0,0,0,0,60,16324,0.0,0.0,0.0,0.9963378906249392,0.0
medium,20000,5,CNN-refined Hough vectors from distance-to-stroke,4,2,2,0.3973826979472141,0.3940649378030783,0.8502673796791445,0.0,0.5,0,1,93,67,343,15881,0.5812499999963672,0.21330275229308876,0.3120805365189293,0.9749755859374405,0.18489065606325072
medium,20000,6,CNN-refined Hough vectors from distance-to-stroke,1,0,1,0.25,0.0,0.0,1.0,0.0,0,0,0,0,197,16187,0.0,0.0,0.0,0.9879760742186897,0.0
medium,20000,7,CNN-refined Hough vectors from distance-to-stroke,3,2,1,0.33201557831839523,0.29545454545454547,0.6619718309859155,0.0,0.6666666666666667,1,1,98,25,472,15789,0.7967479674731971,0.17192982456110187,0.282828282535493,0.9696655273436908,0.16470588235266437
medium,20000,8,CNN-refined Hough vectors from distance-to-stroke,3,1,2,0.4981095571095571,0.22273504273504274,0.5727272727272728,1.0,0.33333333333333337,0,0,32,32,127,16193,0.49999999999218747,0.20125786163395437,0.28699551528323514,0.9902954101561895,0.16753926701482966
medium,20000,9,CNN-refined Hough vectors from distance-to-stroke,4,3,1,0.7960796812749005,0.6466666666666667,0.900398406374502,1.0,0.75,0,0,179,50,554,15601,0.7816593886428749,0.24420190995873917,0.3721413717778385,0.9631347656249412,0.22860791826279872
medium,20000,10,CNN-refined Hough vectors from distance-to-stroke,2,1,1,0.6254754827716774,0.422719298245614,0.6762589928057554,1.0,0.5,0,0,95,0,340,15949,0.9999999999894736,0.21839080459719912,0.35849056574215027,0.9792480468749402,0.21839080459719912
medium,20000,11,CNN-refined Hough vectors from distance-to-stroke,4,2,2,0.5648413312693499,0.33494152046783626,0.5705882352941176,1.0,0.5,0,0,40,59,283,16002,0.4040404040363228,0.1238390092875423,0.1895734593556187,0.9791259765624402,0.10471204188454264
medium,20000,12,CNN-refined Hough vectors from distance-to-stroke,3,1,2,0.5771435692921236,0.4001883239171375,0.5686274509803921,1.0,0.33333333333333337,0,0,59,0,240,16085,0.9999999999830509,0.19732441471505913,0.3296089382703567,0.9853515624999398,0.19732441471505913
medium,20000,13,CNN-refined Hough vectors from distance-to-stroke,3,1,2,0.48429545454545453,0.21425925925925926,0.5227272727272727,1.0,0.33333333333333337,0,0,47,0,232,16105,0.9999999999787235,0.16845878136140338,0.28834355803366707,0.9858398437499398,0.16845878136140338
medium,20000,14,CNN-refined Hough vectors from distance-to-stroke,5,1,4,0.14092012063099288,0.1739937106918239,0.21311475409836067,0.0,0.19999999999999996,2,0,26,27,305,16026,0.49056603772659313,0.07854984894236088,0.13541666642801922,0.9797363281249402,0.07262569832381949
medium,20000,15,CNN-refined Hough vectors from distance-to-stroke,4,2,2,0.4613730569948187,0.14444444444444446,0.4818652849740933,1.0,0.5,0,0,58,37,477,15812,0.6105263157830471,0.1084112149530684,0.18412698387028975,0.9686279296874408,0.10139860139842413
medium,20000,16,CNN-refined Hough vectors from distance-to-stroke,4,3,1,0.4263382936507937,0.35041666666666665,0.9682539682539683,0.0,0.75,1,0,47,78,198,16061,0.37599999999699196,0.19183673469309456,0.25405405360527394,0.9831542968749399,0.1455108359128622
medium,20000,17,CNN-refined Hough vectors from distance-to-stroke,4,1,3,0.1626388888888889,0.24166666666666664,0.1444444444444445,0.0,0.25,1,0,19,21,636,15708,0.47499999998812503,0.029007633587741975,0.05467625888416543,0.9598999023436914,0.02810650887569807
medium,20000,18,CNN-refined Hough vectors from distance-to-stroke,5,2,3,0.2675878348704436,0.2543478260869565,0.5656565656565656,0.0,0.4,0,1,6,107,509,15762,0.053097345132273474,0.011650485436870582,0.019108279959597758,0.9624023437499413,0.00964630225078835
medium,20000,19,CNN-refined Hough vectors from distance-to-stroke,3,2,1,0.5133333333333333,0.15000000000000002,0.6458333333333333,1.0,0.6666666666666667,0,0,36,59,436,15853,0.3789473684170637,0.07627118644051638,0.12698412670472706,0.9697875976561908,0.06779661016936385
medium,20000,20,CNN-refined Hough vectors from distance-to-stroke,1,0,1,0.25,0.0,0.0,1.0,0.0,0,0,0,0,26,16358,0.0,0.0,0.0,0.998413085937439,0.0
medium,20000,21,CNN-refined Hough vectors from distance-to-stroke,1,0,1,0.25,0.0,0.0,1.0,0.0,0,0,0,0,13,16371,0.0,0.0,0.0,0.9992065429686889,0.0
medium,20000,22,CNN-refined Hough vectors from distance-to-stroke,4,1,3,0.04902406417112301,0.004901960784313731,0.10909090909090913,0.0,0.25,1,0,4,20,408,15952,0.1666666666597222,0.009708737864054105,0.018348623749095194,0.9738769531249405,0.009259259259237826
medium,20000,23,CNN-refined Hough vectors from distance-to-stroke,1,0,1,0.25,0.0,0.0,1.0,0.0,0,0,0,0,13,16371,0.0,0.0,0.0,0.9992065429686889,0.0
medium,20000,24,CNN-refined Hough vectors from distance-to-stroke,1,1,0,0.9216587301587301,0.8329629629629629,0.9841269841269842,1.0,1.0,0,0,63,0,131,16190,0.999999999984127,0.3247422680395632,0.4902723731669518,0.9920043945311894,0.3247422680395632
medium,20000,25,CNN-refined Hough vectors from distance-to-stroke,3,1,2,0.5346854502087061,0.3346153846153846,0.5038759689922481,1.0,0.33333333333333337,0,0,66,0,357,15961,0.9999999999848485,0.15602836879395737,0.2699386500721392,0.9782104492186903,0.15602836879395737
medium,20000,26,CNN-refined Hough vectors from distance-to-stroke,1,0,1,0.25,0.0,0.0,1.0,0.0,0,0,0,0,54,16330,0.0,0.0,0.0,0.9967041015624392,0.0
medium,20000,27,CNN-refined Hough vectors from distance-to-stroke,4,2,2,0.6322652249977855,0.42355235184693063,0.7083333333333333,1.0,0.5,0,0,137,35,383,15829,0.7965116279023459,0.2634615384610318,0.3959537568507384,0.9744873046874405,0.2468468468464021
medium,20000,28,CNN-refined Hough vectors from distance-to-stroke,4,3,1,0.41366792929292934,0.4859287317620651,0.6,0.0,0.75,1,0,104,52,528,15700,0.6666666666623932,0.1645569620250561,0.26395939054471906,0.964599609374941,0.15204678362550872
medium,20000,29,CNN-refined Hough vectors from distance-to-stroke,1,0,1,0.25,0.0,0.0,1.0,0.0,0,0,0,0,32,16352,0.0,0.0,0.0,0.998046874999939,0.0
medium,20000,30,CNN-refined Hough vectors from distance-to-stroke,3,2,1,0.4047962962962962,0.46333333333333326,0.6481481481481481,0.0,0.6666666666666667,1,0,66,41,232,16045,0.6168224299007773,0.2214765100663709,0.325925925535522,0.9833374023436899,0.19469026548615137
medium,20000,31,CNN-refined Hough vectors from distance-to-stroke,5,4,1,0.5307258358662614,0.4159999999999999,0.817629179331307,0.4,0.8,1,2,126,205,462,15591,0.3806646525668258,0.21428571428534987,0.2742110985591805,0.9592895507811914,0.15889029003763067
medium,20000,32,CNN-refined Hough vectors from distance-to-stroke,5,4,1,0.7161185130658816,0.43878787878787884,0.9433198380566802,1.0,0.8,1,1,179,57,484,15664,0.7584745762679725,0.2699849170433334,0.3982202443282649,0.9669799804686909,0.2486111111107658
medium,20000,33,CNN-refined Hough vectors from distance-to-stroke,5,5,0,0.3652621806298276,0.16826599326599326,0.9477124183006536,0.0,1.0,0,1,68,81,274,15961,0.4563758389231116,0.19883040935614377,0.2769857429569813,0.9783325195311903,0.16075650118165305
medium,20000,34,CNN-refined Hough vectors from distance-to-stroke,5,6,1,0.768471371846793,0.7746298148104893,0.9327731092436975,0.6,0.8333333333333334,3,5,217,260,229,15678,0.4549266247369918,0.48654708520070283,0.47020584998708587,0.9701538085936907,0.3073654390930491
medium,20000,35,CNN-refined Hough vectors from distance-to-stroke,3,3,0,0.6880611790170613,0.5059368191721133,0.551948051948052,1.0,1.0,0,0,68,89,155,16072,0.43312101910552153,0.30493273542464155,0.3578947363553048,0.9851074218749398,0.2179487179480194
medium,20000,36,CNN-refined Hough vectors from distance-to-stroke,5,2,3,0.5540114254207629,0.3844448654793482,0.4550561797752809,1.0,0.4,0,0,70,13,374,15927,0.8433734939657425,0.15765765765730258,0.2656546486899676,0.9763793945311904,0.1531728665204526
medium,20000,37,CNN-refined Hough vectors from distance-to-stroke,2,2,0,0.4089285714285714,0.0,0.2946428571428571,1.0,1.0,0,0,14,100,108,16162,0.12280701754278239,0.11475409835971513,0.11864406729617927,0.9873046874999397,0.06306306306277899
medium,20000,38,CNN-refined Hough vectors from distance-to-stroke,4,0,4,0.0,0.0,0.0,0.0,0.0,1,0,0,0,520,15864,0.0,0.0,0.0,0.9682617187499408,0.0
medium,20000,39,CNN-refined Hough vectors from distance-to-stroke,4,3,1,0.4437072557013632,0.27776595744680854,0.718562874251497,0.4,0.75,2,1,60,62,451,15811,0.4918032786844934,0.11741682974536709,0.18957345940386686,0.9686889648436908,0.10471204188463401
medium,20000,40,CNN-refined Hough vectors from distance-to-stroke,5,2,3,0.20215462412678553,0.1988727858293076,0.3633093525179856,0.0,0.4,4,1,82,7,563,15732,0.9213483145963893,0.12713178294553934,0.22343324229310116,0.965209960937441,0.12576687116545127
medium,20000,41,CNN-refined Hough vectors from distance-to-stroke,1,0,1,0.25,0.0,0.0,1.0,0.0,0,0,0,0,147,16237,0.0,0.0,0.0,0.9910278320311895,0.0
medium,20000,42,CNN-refined Hough vectors from distance-to-stroke,1,1,0,0.9715909090909091,0.946969696969697,0.9772727272727273,1.0,1.0,0,0,0,87,89,16208,0.0,0.0,0.0,0.9892578124999396,0.0
medium,20000,43,CNN-refined Hough vectors from distance-to-stroke,5,3,2,0.4486674993430561,0.43131967984934083,0.9728682170542635,0.0,0.6,1,0,227,27,399,15731,0.8937007873980564,0.36261980830613,0.5159090904972675,0.9739990234374405,0.3476263399688398
medium,20000,44,CNN-refined Hough vectors from distance-to-stroke,4,2,2,0.5246103786342123,0.131318082788671,0.8275862068965517,1.0,0.5,0,0,1,73,164,16146,0.013513513513330898,0.00606060606056933,0.008368200409236557,0.9855346679686898,0.004201680672251254
medium,20000,45,CNN-refined Hough vectors from distance-to-stroke,2,0,2,0.25,0.0,0.0,1.0,0.0,0,0,0,0,84,16300,0.0,0.0,0.0,0.9948730468749393,0.0
medium,20000,46,CNN-refined Hough vectors from distance-to-stroke,4,3,1,0.4949697844580218,0.5586386866202101,0.842911877394636,0.0,0.75,2,0,98,125,695,15466,0.4394618834061011,0.12358133669593496,0.19291338548376566,0.949951171874942,0.10675381263604929
medium,20000,47,CNN-refined Hough vectors from distance-to-stroke,1,1,0,0.8757105263157895,0.7471929824561403,0.9473684210526316,1.0,1.0,0,0,45,46,51,16242,0.49450549450006037,0.4687499999951172,0.4812834219551031,0.9940795898436893,0.31690140844847253
medium,20000,48,CNN-refined Hough vectors from distance-to-stroke,4,2,2,0.2830505952380952,0.30624999999999997,0.47619047619047616,0.0,0.5,2,1,37,50,204,16093,0.4252873563169507,0.1535269709537198,0.22560975570640618,0.9844970703124399,0.12714776632258712
medium,20000,49,CNN-refined Hough vectors from distance-to-stroke,4,1,3,0.21977822580645162,0.2375,0.4395161290322581,0.0,0.25,1,0,110,0,622,15652,0.999999999990909,0.15027322404351057,0.2612826601047726,0.9620361328124413,0.15027322404351057
medium,20000,50,CNN-refined Hough vectors from distance-to-stroke,5,2,3,0.5321994824986757,0.2633069828722002,0.6185567010309279,1.0,0.4,0,0,20,102,503,15759,0.16393442622816445,0.038240917781953654,0.06201550356903552,0.9630737304686912,0.0319999999999488
medium,20000,51,CNN-refined Hough vectors from distance-to-stroke,5,2,3,0.29392045454545457,0.19982323232323232,0.31999999999999995,0.4,0.4,2,1,33,47,560,15744,0.4124999999948437,0.055649241146617796,0.09806835045887545,0.9629516601561912,0.05156249999991944
medium,20000,52,CNN-refined Hough vectors from distance-to-stroke,4,2,2,0.2098611111111111,0.10833333333333334,0.5555555555555556,0.0,0.5,1,1,14,38,206,16126,0.26923076922559175,0.06363636363607439,0.10294117616057527,0.9851074218749398,0.05426356589126255
medium,20000,53,CNN-refined Hough vectors from distance-to-stroke,4,2,2,0.380891975308642,0.4683401920438958,0.6006944444444444,0.0,0.5,2,0,100,75,396,15813,0.5714285714253061,0.2016129032254,0.29806259275810065,0.9712524414061907,0.17513134851107684
medium,20000,54,CNN-refined Hough vectors from distance-to-stroke,2,1,1,0.586943853427896,0.3917901234567901,0.5531914893617021,1.0,0.5,0,0,27,26,153,16178,0.509433962254539,0.1499999999991667,0.2317596562989188,0.9890747070311896,0.1310679611644123
medium,20000,55,CNN-refined Hough vectors from distance-to-stroke,4,2,2,0.2120011737089202,0.18055555555555555,0.403755868544601,0.0,0.5,0,1,55,28,418,15883,0.6626506024016547,0.11627906976719603,0.1978417263640016,0.9727783203124406,0.10978043912153737
medium,20000,56,CNN-refined Hough vectors from distance-to-stroke,1,1,0,1.0,1.0,1.0,1.0,1.0,0,0,64,0,130,16190,0.9999999999843749,0.32989690721479437,0.4961240306308515,0.9920654296874394,0.32989690721479437
medium,20000,57,CNN-refined Hough vectors from distance-to-stroke,4,0,4,0.25,0.0,0.0,1.0,0.0,0,0,0,0,478,15906,0.0,0.0,0.0,0.9708251953124407,0.0
medium,20000,58,CNN-refined Hough vectors from distance-to-stroke,5,3,2,0.6715193532270518,0.5004588979223125,0.6815642458100559,1.0,0.6,0,0,212,35,627,15510,0.8582995951382255,0.2526817640044664,0.3904235723918735,0.9595947265624414,0.24256292906150737
medium,20000,59,CNN-refined Hough vectors from distance-to-stroke,4,1,3,0.09866071428571427,0.0875,0.17142857142857137,0.0,0.25,1,0,19,12,271,16082,0.6129032257866805,0.06551724137908442,0.11838006213006472,0.98272705078119,0.0629139072845599
medium,20000,60,CNN-refined Hough vectors from distance-to-stroke,3,2,1,0.6445972482801752,0.3601709401709402,0.8292682926829268,1.0,0.6666666666666667,0,0,71,54,172,16087,0.567999999995456,0.29218106995764537,0.38586956476670314,0.9862060546874398,0.23905723905643417
medium,20000,61,CNN-refined Hough vectors from distance-to-stroke,2,1,1,0.6159264705882354,0.3883333333333333,0.7058823529411764,1.0,0.5,0,0,24,25,90,16245,0.48979591835735115,0.21052631578762696,0.29447852718325873,0.9929809570311894,0.17266187050235496
medium,20000,62,CNN-refined Hough vectors from distance-to-stroke,2,2,0,0.8871177248677248,0.7573809523809524,0.9814814814814815,1.0,1.0,0,0,97,13,231,16043,0.8818181818101652,0.29573170731617154,0.4429223740510623,0.9851074218749398,0.2844574780050309
medium,20000,63,CNN-refined Hough vectors from distance-to-stroke,4,1,3,0.42607371794871796,0.1625,0.3897435897435897,1.0,0.25,0,0,45,32,476,15831,0.5844155844079946,0.08637236084436398,0.15050167201593384,0.9689941406249408,0.08137432188050385
medium,20000,64,CNN-refined Hough vectors from distance-to-stroke,1,1,0,0.9080178571428571,0.8074999999999999,0.9732142857142857,1.0,1.0,0,0,54,56,59,16215,0.4909090909046281,0.4778761061904613,0.48430493223117294,0.9929809570311894,0.3195266272170442
medium,20000,65,CNN-refined Hough vectors from distance-to-stroke,2,1,1,0.6347039473684212,0.45138888888888895,0.6578947368421053,1.0,0.5,0,0,50,1,132,16201,0.9803921568435218,0.2747252747237653,0.42918454901059144,0.9918823242186894,0.273224043714354
medium,20000,66,CNN-refined Hough vectors from distance-to-stroke,5,3,2,0.6536487876476436,0.4718570140766937,0.6565656565656566,1.0,0.6,0,0,92,106,335,15851,0.46464646464411796,0.21545667447256334,0.29439999956618246,0.9730834960936906,0.17260787992462925
medium,20000,67,CNN-refined Hough vectors from distance-to-stroke,1,0,1,0.25,0.0,0.0,1.0,0.0,0,0,0,0,139,16245,0.0,0.0,0.0,0.9915161132811895,0.0
medium,20000,68,CNN-refined Hough vectors from distance-to-stroke,4,3,1,0.3509786585365854,0.24472222222222223,0.8292682926829268,0.0,0.75,0,3,13,41,115,16215,0.2407407407362826,0.10156249999920655,0.1428571424382321,0.9904785156249395,0.07692307692262176
medium,20000,69,CNN-refined Hough vectors from distance-to-stroke,1,1,0,0.9294807692307693,0.8475641025641025,0.9903846153846154,1.0,1.0,0,0,104,0,217,16063,0.9999999999903846,0.32398753893980065,0.48941176433392936,0.9867553710936897,0.32398753893980065
medium,20000,70,CNN-refined Hough vectors from distance-to-stroke,3,3,0,0.9230634218289085,0.8329629629629629,0.9911504424778761,1.0,1.0,0,0,195,34,408,15747,0.8515283842757576,0.32338308457657816,0.4687499995999069,0.9730224609374406,0.3061224489791113
medium,20000,71,CNN-refined Hough vectors from distance-to-stroke,2,1,1,0.6284363897348053,0.46159037558685445,0.6036036036036037,1.0,0.5,0,0,68,0,297,16019,0.9999999999852941,0.18630136986250329,0.31408775954902957,0.98187255859369,0.18630136986250329
medium,20000,72,CNN-refined Hough vectors from distance-to-stroke,1,1,0,0.6746052631578947,0.2885964912280702,0.9736842105263158,1.0,1.0,0,0,31,7,88,16258,0.8157894736627425,0.26050420167848315,0.39490445822678405,0.9942016601561893,0.24603174602979339
medium,20000,73,CNN-refined Hough vectors from distance-to-stroke,1,1,0,0.7475769230769231,0.46641025641025646,0.9384615384615385,1.0,1.0,0,0,20,42,46,16276,0.3225806451560874,0.30303030302571166,0.3124999994956055,0.9946289062499393,0.1851851851834705
medium,20000,74,CNN-refined Hough vectors from distance-to-stroke,3,2,1,0.3909811980347695,0.3488168724279836,0.8367346938775511,0.0,0.6666666666666667,0,1,11,58,162,16153,0.15942028985276202,0.0635838150285342,0.090909090500683,0.9865722656249397,0.047619047618841476
medium,20000,75,CNN-refined Hough vectors from distance-to-stroke,3,0,3,0.25,0.0,0.0,1.0,0.0,0,0,0,0,419,15965,0.0,0.0,0.0,0.9744262695311905,0.0
medium,20000,76,CNN-refined Hough vectors from distance-to-stroke,5,2,3,0.31233193277310933,0.3362745098039216,0.6050420168067228,0.0,0.4,1,0,81,65,370,15868,0.5547945205441452,0.17960088691756187,0.27135678354919207,0.9734497070311906,0.15697674418574228
medium,20000,77,CNN-refined Hough vectors from distance-to-stroke,4,2,2,0.5674844054580896,0.3078600823045267,0.6447368421052632,1.0,0.5,0,0,96,0,421,15867,0.9999999999895833,0.185686653771401,0.3132137028343264,0.9743041992186905,0.185686653771401
medium,20000,78,CNN-refined Hough vectors from distance-to-stroke,4,3,1,0.41960504012714134,0.4185105255187036,0.7813765182186234,0.0,0.75,2,1,82,95,525,15682,0.46327683615557474,0.1350906095549669,0.20918367311926347,0.9621582031249413,0.11680911680895041
medium,20000,79,CNN-refined Hough vectors from distance-to-stroke,3,1,2,0.4304740813648294,0.1625,0.3700787401574803,1.0,0.33333333333333337,0,0,0,48,369,15967,0.0,0.0,0.0,0.9745483398436905,0.0
medium,20000,80,CNN-refined Hough vectors from distance-to-stroke,5,3,2,0.43435701415701417,0.35600000000000004,0.7374517374517375,0.26666666666666666,0.6,1,3,7,175,646,15556,0.03846153846132714,0.01071975497701268,0.01676646672491664,0.949890136718692,0.008454106280183027
medium,20000,81,CNN-refined Hough vectors from distance-to-stroke,2,1,1,0.42215909090909093,0.625,0.4545454545454546,0.0,0.5,1,0,3,43,155,16183,0.06521739130293006,0.018987341772031728,0.02941176435630527,0.9879150390624397,0.014925373134254103
medium,20000,82,CNN-refined Hough vectors from distance-to-stroke,4,4,0,0.48339072367298175,0.5017489711934157,0.7880184331797235,0.0,1.0,0,4,143,74,413,15754,0.6589861751121706,0.257194244603854,0.36998706298459827,0.9702758789061907,0.2269841269837667
medium,20000,83,CNN-refined Hough vectors from distance-to-stroke,5,1,4,0.40513046683046683,0.14877477477477477,0.34090909090909094,1.0,0.19999999999999996,0,0,106,0,791,15487,0.999999999990566,0.11817168338894295,0.211365902103671,0.9517211914061919,0.11817168338894295
medium,20000,84,CNN-refined Hough vectors from distance-to-stroke,5,2,3,0.5209782608695652,0.2632850241545894,0.5625,1.0,0.4,0,0,57,17,271,16039,0.7702702702598612,0.17378048780434824,0.2835820892504394,0.98242187499994,0.16521739130386895
medium,20000,85,CNN-refined Hough vectors from distance-to-stroke,3,3,0,0.7390114155251142,0.6366666666666667,0.7625570776255708,0.8,1.0,1,1,130,39,533,15682,0.7692307692262176,0.19607843137225328,0.31249999967551834,0.965087890624941,0.18518518518492139
medium,20000,86,CNN-refined Hough vectors from distance-to-stroke,4,5,1,0.4138272032778399,0.4360397196261682,0.6880466472303207,0.0,0.8,0,1,72,257,228,15827,0.21884498480176642,0.23999999999920002,0.22893481667044618,0.9703979492186907,0.12926391382382538
medium,20000,87,CNN-refined Hough vectors from distance-to-stroke,3,1,2,0.5348825026193683,0.28758169934640526,0.6106870229007634,1.0,0.33333333333333337,0,0,81,0,53,16250,0.9999999999876543,0.6044776119357875,0.753488371616398,0.9967651367186892,0.6044776119357875
medium,20000,88,CNN-refined Hough vectors from distance-to-stroke,5,4,1,0.7322169336384439,0.45114874141876427,0.996,1.0,0.8,0,0,72,182,270,15860,0.28346456692801786,0.2105263157888581,0.24161073776512318,0.9724121093749406,0.13740458015240953
medium,20000,89,CNN-refined Hough vectors from distance-to-stroke,2,4,2,0.7451286690947678,0.6859557132531704,0.6822429906542056,1.0,0.5,0,0,117,101,213,15953,0.5366972477039601,0.3545454545443802,0.42700729878940014,0.9808349609374402,0.27146171693672516
medium,20000,90,CNN-refined Hough vectors from distance-to-stroke,2,2,0,0.905949742774047,0.7943921340695533,0.9923664122137404,1.0,1.0,0,0,108,25,296,15955,0.8120300751818645,0.26732673267260565,0.4022346364973489,0.9804077148436902,0.2517482517476649
medium,20000,91,CNN-refined Hough vectors from distance-to-stroke,5,3,2,0.6991131484122814,0.49989177489177483,0.8208092485549133,1.0,0.6,0,0,41,104,252,15987,0.28275862068770513,0.13993174061385688,0.1872146114283793,0.9782714843749403,0.10327455919369452
medium,20000,92,CNN-refined Hough vectors from distance-to-stroke,2,2,0,0.9556603090669092,0.9068221058247247,0.9879518072289156,1.0,1.0,0,0,166,0,342,15876,0.9999999999939759,0.32677165354266385,0.4925816020011623,0.9791259765624402,0.32677165354266385
medium,20000,93,CNN-refined Hough vectors from distance-to-stroke,2,2,0,0.8830246185852982,0.8670388349514564,0.9642857142857143,0.8,1.0,1,1,138,25,371,15850,0.8466257668659717,0.27111984282854396,0.41071428534561455,0.9758300781249404,0.2584269662916509
medium,20000,94,CNN-refined Hough vectors from distance-to-stroke,1,1,0,0.7788333333333334,0.5455555555555556,0.9166666666666666,1.0,1.0,0,0,17,17,20,16330,0.49999999998529415,0.4594594594470417,0.4788732389240231,0.997741699218689,0.31481481480898493
medium,20000,95,CNN-refined Hough vectors from distance-to-stroke,2,2,0,0.8388137254901961,0.7028104575163399,0.8627450980392157,1.0,1.0,0,0,49,85,216,16034,0.3656716417883159,0.18490566037666073,0.24561403464038542,0.98162841796869,0.1399999999996
medium,20000,96,CNN-refined Hough vectors from distance-to-stroke,2,1,1,0.3305701754385965,0.3388888888888889,0.6403508771929824,0.0,0.5,1,0,19,55,180,16130,0.2567567567532871,0.09547738693419358,0.13919413879794443,0.9856567382811898,0.07480314960600472
medium,20000,97,CNN-refined Hough vectors from distance-to-stroke,2,1,1,0.470246632996633,0.2342929292929293,0.32407407407407407,1.0,0.5,0,0,8,28,326,16022,0.2222222222160494,0.02395209580831152,0.04324324306734843,0.9783935546874403,0.02209944751375111
medium,20000,98,CNN-refined Hough vectors from distance-to-stroke,1,0,1,0.25,0.0,0.0,1.0,0.0,0,0,0,0,35,16349,0.0,0.0,0.0,0.997863769531189,0.0
medium,20000,99,CNN-refined Hough vectors from distance-to-stroke,4,2,2,0.4081248715934498,0.46581646423751694,0.4925373134328358,0.2,0.5,4,1,115,51,505,15713,0.6927710843331761,0.18548387096744276,0.29262086480602006,0.966064453124941,0.17138599105786678
medium,20000,100,CNN-refined Hough vectors from distance-to-stroke,3,1,2,0.21600000000000003,0.30518518518518517,0.22666666666666668,0.0,0.33333333333333337,2,0,16,36,356,15976,0.30769230768639055,0.043010752688056424,0.0754716978976504,0.9760742187499404,0.039215686274413686
medium,20000,101,CNN-refined Hough vectors from distance-to-stroke,1,1,0,0.8631587301587301,0.702962962962963,0.9841269841269842,1.0,1.0,0,0,63,0,135,16186,0.999999999984127,0.31818181818021124,0.48275862031972516,0.9917602539061895,0.31818181818021124
medium,20000,102,CNN-refined Hough vectors from distance-to-stroke,1,0,1,0.25,0.0,0.0,1.0,0.0,0,0,0,0,147,16237,0.0,0.0,0.0,0.9910278320311895,0.0
medium,20000,103,CNN-refined Hough vectors from distance-to-stroke,1,1,0,0.883,0.74,1.0,1.0,1.0,0,0,0,55,55,16274,0.0,0.0,0.0,0.9932861328124394,0.0
medium,20000,104,CNN-refined Hough vectors from distance-to-stroke,2,2,0,0.5883333333333334,0.6692307692307692,0.9358974358974359,0.0,1.0,0,1,29,40,65,16250,0.42028985506637256,0.3085106382945903,0.3558282203662915,0.9935913085936894,0.21641791044614614
medium,20000,105,CNN-refined Hough vectors from distance-to-stroke,1,1,0,0.7911666666666667,0.5477777777777777,0.9733333333333334,1.0,1.0,0,0,18,56,58,16252,0.24324324323995616,0.23684210526004154,0.23999999949688886,0.9930419921874394,0.13636363636260332
medium,20000,106,CNN-refined Hough vectors from distance-to-stroke,1,0,1,0.25,0.0,0.0,1.0,0.0,0,0,0,0,32,16352,0.0,0.0,0.0,0.998046874999939,0.0
medium,20000,107,CNN-refined Hough vectors from distance-to-stroke,3,1,2,0.5497372372372372,0.3117283950617284,0.6306306306306306,1.0,0.33333333333333337,0,0,0,71,174,16139,0.0,0.0,0.0,0.9850463867186898,0.0
medium,20000,108,CNN-refined Hough vectors from distance-to-stroke,4,1,3,0.4282857142857143,0.18571428571428572,0.34857142857142853,1.0,0.25,0,0,19,43,253,16069,0.30645161289828304,0.06985294117621378,0.11377245478679766,0.98193359374994,0.06031746031726883
medium,20000,109,CNN-refined Hough vectors from distance-to-stroke,1,0,1,0.25,0.0,0.0,1.0,0.0,0,0,0,0,50,16334,0.0,0.0,0.0,0.9969482421874392,0.0
medium,20000,110,CNN-refined Hough vectors from distance-to-stroke,4,2,2,0.567139945652174,0.27673611111111107,0.7130434782608696,1.0,0.5,0,0,14,70,139,16161,0.16666666666468252,0.09150326797325815,0.11814345945699584,0.9872436523436897,0.06278026905801444
medium,20000,111,CNN-refined Hough vectors from distance-to-stroke,1,0,1,0.25,0.0,0.0,1.0,0.0,0,0,0,0,17,16367,0.0,0.0,0.0,0.998962402343689,0.0
medium,20000,112,CNN-refined Hough vectors from distance-to-stroke,3,2,1,0.6657347350914706,0.5244990892531877,0.5652173913043479,1.0,0.6666666666666667,0,0,60,33,316,15975,0.6451612903156434,0.15957446808468198,0.2558635391265906,0.9786987304686903,0.1466992665033088
medium,20000,113,CNN-refined Hough vectors from distance-to-stroke,3,2,1,0.4032089229559749,0.4822466806429071,0.59765625,0.0,0.6666666666666667,2,0,104,51,451,15778,0.670967741931155,0.18738738738704977,0.2929577461367467,0.9693603515624408,0.17161716171588842
medium,20000,114,CNN-refined Hough vectors from distance-to-stroke,3,2,1,0.7240257968981373,0.543826150209129,0.8131868131868132,1.0,0.6666666666666667,0,0,29,47,165,16143,0.38157894736340026,0.1494845360817037,0.21481481440872427,0.9870605468749397,0.12033195020696959
medium,20000,115,CNN-refined Hough vectors from distance-to-stroke,2,1,1,0.629478512795751,0.4385964912280702,0.6605504587155964,1.0,0.5,0,0,71,2,114,16197,0.9726027397127041,0.3837837837817093,0.5503875964891833,0.9929199218749394,0.3796791443829964
medium,20000,116,CNN-refined Hough vectors from distance-to-stroke,1,1,0,0.7498731343283582,0.4706965174129353,0.9402985074626866,1.0,1.0,0,0,21,43,47,16273,0.32812499999487305,0.3088235294072232,0.3181818176774564,0.9945068359374393,0.18918918918748479
medium,20000,117,CNN-refined Hough vectors from distance-to-stroke,2,1,1,0.5513684210526316,0.3085964912280702,0.5625,1.0,0.5,0,0,19,18,103,16244,0.5135135134996348,0.15573770491675623,0.23899371033171157,0.9926147460936894,0.13571428571331634
medium,20000,118,CNN-refined Hough vectors from distance-to-stroke,3,1,2,0.5495086919455873,0.35620667926906113,0.5294117647058824,1.0,0.33333333333333337,0,0,91,0,459,15834,0.9999999999890109,0.16545454545424462,0.28393135700978145,0.9719848632811906,0.16545454545424462
medium,20000,119,CNN-refined Hough vectors from distance-to-stroke,4,2,2,0.26511604532163746,0.25451388888888893,0.5029239766081872,0.0,0.5,0,1,70,18,371,15925,0.7954545454455062,0.15873015872979881,0.2646502832755172,0.9762573242186904,0.15250544662276144
medium,20000,120,CNN-refined Hough vectors from distance-to-stroke,2,2,0,0.5638789658140679,0.6196271929824562,0.9252336448598131,0.0,1.0,0,1,9,75,251,16049,0.10714285714158163,0.03461538461525148,0.05232558102592618,0.9801025390624402,0.02686567164171085
medium,20000,121,CNN-refined Hough vectors from distance-to-stroke,2,2,0,0.3211322314049587,0.26,0.5206611570247934,0.0,1.0,0,1,18,93,149,16124,0.16216216216070123,0.10778443113707914,0.12949640239705498,0.9852294921874398,0.06923076923050296
medium,20000,122,CNN-refined Hough vectors from distance-to-stroke,5,2,3,0.21318669527897,0.20555555555555557,0.40343347639484983,0.0,0.4,2,0,65,31,574,15714,0.6770833333262803,0.10172143974944958,0.17687074807173309,0.9630737304686912,0.09701492537298953
medium,20000,123,CNN-refined Hough vectors from distance-to-stroke,2,0,2,0.25,0.0,0.0,1.0,0.0,0,0,0,0,452,15932,0.0,0.0,0.0,0.9724121093749406,0.0
medium,20000,124,CNN-refined Hough vectors from distance-to-stroke,5,5,0,0.7634395581972586,0.7042394806438759,0.9826589595375722,0.6,1.0,1,1,141,209,425,15609,0.40285714285599183,0.24911660777341146,0.3078602615358641,0.9613037109374413,0.181935483870733
medium,20000,125,CNN-refined Hough vectors from distance-to-stroke,4,3,1,0.4820604566453447,0.5414835544499723,0.8169642857142857,0.0,0.75,1,0,52,134,375,15823,0.27956989247161523,0.12177985948449233,0.16965742208896425,0.9689331054686908,0.09269162210322159
medium,20000,126,CNN-refined Hough vectors from distance-to-stroke,3,1,2,0.11433453907897344,0.07671629445822993,0.23239436619718312,0.0,0.33333333333333337,1,0,11,23,215,16135,0.32352941175519034,0.04867256637146605,0.08461538438739645,0.9854736328124398,0.044176706827131824
medium,20000,127,CNN-refined Hough vectors from distance-to-stroke,1,0,1,0.25,0.0,0.0,1.0,0.0,0,0,0,0,34,16350,0.0,0.0,0.0,0.997924804687439,0.0
medium,20000,128,CNN-refined Hough vectors from distance-to-stroke,1,2,1,0.784,0.8422222222222222,0.525,1.0,0.5,0,0,84,78,177,16045,0.5185185185153178,0.32183908045853704,0.397163120092886,0.9844360351561899,0.2477876106187381
medium,20000,129,CNN-refined Hough vectors from distance-to-stroke,1,1,0,0.9175341074020319,0.8251282051282052,0.9811320754716981,1.0,1.0,0,0,0,54,165,16165,0.0,0.0,0.0,0.9866333007811897,0.0
medium,20000,130,CNN-refined Hough vectors from distance-to-stroke,4,5,1,0.6421811910915172,0.8396297000101347,0.9217391304347826,0.0,0.8,1,1,188,161,433,15602,0.5386819484225253,0.302737520128337,0.38762886551789777,0.9637451171874412,0.2404092071608179
medium,20000,131,CNN-refined Hough vectors from distance-to-stroke,2,1,1,0.4980952380952381,0.1333333333333333,0.6904761904761905,1.0,0.5,0,0,25,5,115,16239,0.8333333333055556,0.17857142857015307,0.29411764676470586,0.9926757812499394,0.17241379310225924
medium,20000,132,CNN-refined Hough vectors from distance-to-stroke,5,1,4,0.14089678120922142,0.16581286549707602,0.23140495867768596,0.0,0.19999999999999996,1,0,29,28,509,15818,0.5087719298156356,0.05390334572480687,0.097478991423069,0.9672241210936909,0.05123674911651725
medium,20000,133,CNN-refined Hough vectors from distance-to-stroke,2,2,0,0.7855814366998577,0.5355263157894736,0.972972972972973,1.0,1.0,0,0,58,55,280,15991,0.5132743362786436,0.17159763313558699,0.25720620804902633,0.9795532226561902,0.1475826972006423
medium,20000,134,CNN-refined Hough vectors from distance-to-stroke,1,0,1,0.25,0.0,0.0,1.0,0.0,0,0,0,0,41,16343,0.0,0.0,0.0,0.997497558593689,0.0
medium,20000,135,CNN-refined Hough vectors from distance-to-stroke,5,4,1,0.6048852982174415,0.5741463635299252,0.9575971731448764,0.3,0.8,2,2,187,64,578,15555,0.7450199203157569,0.24444444444412491,0.368110235847718,0.9608154296874414,0.2255729794930934
medium,20000,136,CNN-refined Hough vectors from distance-to-stroke,3,2,1,0.41307756813417196,0.52041928721174,0.5611111111111111,0.0,0.6666666666666667,0,1,25,65,262,16032,0.27777777777469137,0.08710801393697871,0.132625994330784,0.9800415039061902,0.07102272727252551
medium,20000,137,CNN-refined Hough vectors from distance-to-stroke,1,1,0,0.6631153846153846,0.2855555555555555,0.9230769230769231,1.0,1.0,0,0,19,8,58,16299,0.7037037036776406,0.24675324675004215,0.3653846149931582,0.9959716796874392,0.2235294117620761
medium,20000,138,CNN-refined Hough vectors from distance-to-stroke,1,0,1,0.25,0.0,0.0,1.0,0.0,0,0,0,0,72,16312,0.0,0.0,0.0,0.9956054687499392,0.0
medium,20000,139,CNN-refined Hough vectors from distance-to-stroke,4,1,3,0.20622585201385094,0.23068110483364723,0.3870967741935484,0.0,0.25,1,0,60,1,332,15991,0.9836065573609245,0.15306122448940546,0.26490066201743584,0.9796752929686902,0.15267175572480238
medium,20000,140,CNN-refined Hough vectors from distance-to-stroke,1,0,1,0.25,0.0,0.0,1.0,0.0,0,0,0,0,146,16238,0.0,0.0,0.0,0.9910888671874395,0.0
medium,20000,141,CNN-refined Hough vectors from distance-to-stroke,1,0,1,0.25,0.0,0.0,1.0,0.0,0,0,0,0,27,16357,0.0,0.0,0.0,0.998352050781189,0.0
medium,20000,142,CNN-refined Hough vectors from distance-to-stroke,4,0,4,0.25,0.0,0.0,1.0,0.0,0,0,0,0,495,15889,0.0,0.0,0.0,0.9697875976561908,0.0
medium,20000,143,CNN-refined Hough vectors from distance-to-stroke,4,2,2,0.5591235085935048,0.30724488720219273,0.60431654676259,1.0,0.5,0,0,60,26,323,15975,0.6976744185965387,0.15665796344606617,0.25586353914504845,0.9786987304686903,0.1466992665033088
medium,20000,144,CNN-refined Hough vectors from distance-to-stroke,2,1,1,0.5377500000000001,0.195,0.75,1.0,0.5,0,0,0,34,90,16260,0.0,0.0,0.0,0.9924316406249394,0.0
medium,20000,145,CNN-refined Hough vectors from distance-to-stroke,4,0,4,0.25,0.0,0.0,1.0,0.0,0,0,0,0,332,16052,0.0,0.0,0.0,0.9797363281249402,0.0
medium,20000,146,CNN-refined Hough vectors from distance-to-stroke,3,2,1,0.4166821715238005,0.5472715318869165,0.518716577540107,0.0,0.6666666666666667,1,0,50,49,439,15846,0.5050505050454035,0.10224948875234714,0.17006802693026632,0.9702148437499407,0.09293680297380495
medium,20000,147,CNN-refined Hough vectors from distance-to-stroke,4,3,1,0.5978391203703703,0.5610416666666667,0.8518518518518519,0.4,0.75,1,2,128,80,528,15648,0.6153846153816568,0.19512195121921475,0.29629629593004114,0.9628906249999412,0.17391304347802458
medium,20000,148,CNN-refined Hough vectors from distance-to-stroke,2,1,1,0.6318066659464132,0.4876602564102564,0.5617977528089888,1.0,0.5,0,0,26,25,166,16167,0.5098039215586313,0.1354166666659614,0.21399176921390714,0.9883422851561896,0.11981566820221283
medium,20000,149,CNN-refined Hough vectors from distance-to-stroke,2,0,2,0.25,0.0,0.0,1.0,0.0,0,0,0,0,155,16229,0.0,0.0,0.0,0.9905395507811895,0.0
medium,20000,150,CNN-refined Hough vectors from distance-to-stroke,3,0,3,0.0,0.0,0.0,0.0,0.0,2,0,0,0,276,16108,0.0,0.0,0.0,0.9831542968749399,0.0
medium,20000,151,CNN-refined Hough vectors from distance-to-stroke,1,1,0,0.9209787234042554,0.851063829787234,0.94,1.0,1.0,0,0,50,1,100,16233,0.9803921568435218,0.33333333333111115,0.4975124374272914,0.9938354492186893,0.33112582781237665
medium,20000,152,CNN-refined Hough vectors from distance-to-stroke,3,2,1,0.4715627633051933,0.5388444205688363,0.8120805369127517,0.0,0.6666666666666667,1,0,123,0,180,16081,0.9999999999918698,0.4059405940580662,0.5774647883189512,0.9890136718749396,0.4059405940580662
medium,20000,153,CNN-refined Hough vectors from distance-to-stroke,5,2,3,0.3368115942028985,0.3207729468599034,0.42898550724637685,0.26666666666666666,0.4,3,1,112,37,658,15577,0.7516778523439486,0.14545454545435654,0.24374319885726667,0.9575805664061915,0.1387856257743014
medium,20000,154,CNN-refined Hough vectors from distance-to-stroke,2,2,0,0.7954722222222222,0.585,0.9111111111111111,1.0,1.0,0,0,21,116,366,15881,0.15328467153172787,0.05426356589133265,0.0801526713692311,0.9705810546874407,0.04174950298202436
medium,20000,155,CNN-refined Hough vectors from distance-to-stroke,2,1,1,0.6307210827790097,0.514520202020202,0.49593495934959353,1.0,0.5,0,0,0,62,192,16130,0.0,0.0,0.0,0.9844970703124399,0.0
medium,20000,156,CNN-refined Hough vectors from distance-to-stroke,3,1,2,0.41585387104804583,0.1564102564102564,0.3106796116504854,1.0,0.33333333333333337,0,0,14,19,159,16192,0.4242424242295685,0.08092485549086172,0.13592232982670377,0.9891357421874396,0.07291666666628689
medium,20000,157,CNN-refined Hough vectors from distance-to-stroke,3,2,1,0.6358039215686274,0.348082788671024,0.8125,1.0,0.6666666666666667,0,0,43,37,226,16078,0.5374999999932812,0.1598513011146474,0.24641833775410713,0.9839477539061899,0.14052287581653425
medium,20000,158,CNN-refined Hough vectors from distance-to-stroke,4,2,2,0.6082798165137615,0.3833333333333333,0.6788990825688073,1.0,0.5,0,0,73,77,397,15837,0.48666666666342223,0.15531914893583976,0.23548387060017695,0.9710693359374407,0.133455210237416
medium,20000,159,CNN-refined Hough vectors from distance-to-stroke,1,0,1,0.25,0.0,0.0,1.0,0.0,0,0,0,0,80,16304,0.0,0.0,0.0,0.9951171874999393,0.0
medium,20000,160,CNN-refined Hough vectors from distance-to-stroke,3,1,2,0.49408039152182515,0.3069679849340866,0.36305732484076436,1.0,0.33333333333333337,0,0,58,0,220,16106,0.9999999999827587,0.20863309352442938,0.3452380949503968,0.9865722656249397,0.20863309352442938
medium,20000,161,CNN-refined Hough vectors from distance-to-stroke,4,1,3,0.17193545751633987,0.20669753086419754,0.26960784313725494,0.0,0.25,2,0,55,1,433,15895,0.9821428571253189,0.11270491803255593,0.20220588216750918,0.9735107421874406,0.11247443762758186
medium,20000,162,CNN-refined Hough vectors from distance-to-stroke,3,1,2,0.427183908045977,0.1,0.49425287356321834,1.0,0.33333333333333337,0,0,0,44,261,16079,0.0,0.0,0.0,0.98138427734369,0.0
medium,20000,163,CNN-refined Hough vectors from distance-to-stroke,3,1,2,0.23113365800865804,0.1625,0.6233766233766234,0.0,0.33333333333333337,1,0,27,70,277,16010,0.27835051546104794,0.08881578947339205,0.13466334127844973,0.9788208007811903,0.07219251336879093
medium,20000,164,CNN-refined Hough vectors from distance-to-stroke,4,2,2,0.28189455309167283,0.3217018671564126,0.4356435643564357,0.0,0.5,4,0,71,63,621,15629,0.5298507462647026,0.1026011560692159,0.17191283265754623,0.9582519531249415,0.09403973509921319
medium,20000,165,CNN-refined Hough vectors from distance-to-stroke,1,0,1,0.25,0.0,0.0,1.0,0.0,0,0,0,0,60,16324,0.0,0.0,0.0,0.9963378906249392,0.0
medium,20000,166,CNN-refined Hough vectors from distance-to-stroke,1,0,1,0.25,0.0,0.0,1.0,0.0,0,0,0,0,18,16366,0.0,0.0,0.0,0.998901367187439,0.0
medium,20000,167,CNN-refined Hough vectors from distance-to-stroke,1,0,1,0.25,0.0,0.0,1.0,0.0,0,0,0,0,23,16361,0.0,0.0,0.0,0.998596191406189,0.0
medium,20000,168,CNN-refined Hough vectors from distance-to-stroke,3,1,2,0.4702519379844961,0.25,0.37209302325581395,1.0,0.33333333333333337,0,0,55,10,341,15978,0.8461538461408283,0.13888888888853818,0.23861171342267357,0.9785766601561903,0.13546798029523285
medium,20000,169,CNN-refined Hough vectors from distance-to-stroke,2,0,2,0.25,0.0,0.0,1.0,0.0,0,0,0,0,263,16121,0.0,0.0,0.0,0.9839477539061899,0.0
medium,20000,170,CNN-refined Hough vectors from distance-to-stroke,2,1,1,0.4834468787515006,0.07205882352941176,0.7551020408163265,1.0,0.5,0,0,6,32,117,16229,0.15789473683795016,0.04878048780448146,0.0745341611291231,0.9909057617186895,0.0387096774191051
medium,20000,171,CNN-refined Hough vectors from distance-to-stroke,2,0,2,0.25,0.0,0.0,1.0,0.0,0,0,0,0,136,16248,0.0,0.0,0.0,0.9916992187499395,0.0
medium,20000,172,CNN-refined Hough vectors from distance-to-stroke,4,0,4,0.0,0.0,0.0,0.0,0.0,2,0,0,0,454,15930,0.0,0.0,0.0,0.9722900390624406,0.0
medium,20000,173,CNN-refined Hough vectors from distance-to-stroke,1,0,1,0.25,0.0,0.0,1.0,0.0,0,0,0,0,63,16321,0.0,0.0,0.0,0.9961547851561892,0.0
medium,20000,174,CNN-refined Hough vectors from distance-to-stroke,4,1,3,0.21225732600732597,0.31071428571428567,0.23717948717948723,0.0,0.25,3,0,74,1,654,15655,0.9866666666535111,0.10164835164821202,0.18430884167327688,0.9600219726561914,0.1015089163235919
medium,20000,175,CNN-refined Hough vectors from distance-to-stroke,1,1,0,0.9018174603174604,0.7959259259259259,0.9682539682539683,1.0,1.0,0,0,61,1,133,16189,0.9838709677260666,0.3144329896891009,0.4765624996292114,0.9918212890624394,0.3128205128189086
medium,20000,176,CNN-refined Hough vectors from distance-to-stroke,5,2,3,0.27095764969500813,0.3399540229885058,0.3898916967509025,0.0,0.4,2,0,110,0,425,15849,0.999999999990909,0.2056074766351297,0.3410852710338561,0.9740600585936905,0.2056074766351297
medium,20000,177,CNN-refined Hough vectors from distance-to-stroke,1,1,0,0.953968253968254,0.9135802469135804,0.9642857142857143,1.0,1.0,0,0,0,29,28,16327,0.0,0.0,0.0,0.9965209960936892,0.0
medium,20000,178,CNN-refined Hough vectors from distance-to-stroke,4,2,2,0.467,0.12666666666666668,0.55,1.0,0.5,0,0,16,44,230,16094,0.2666666666622222,0.06504065040623967,0.10457516308274595,0.9832763671874399,0.055172413792913204
medium,20000,179,CNN-refined Hough vectors from distance-to-stroke,5,2,3,0.2768196845537052,0.23756701030927835,0.6495726495726496,0.0,0.4,0,1,39,114,370,15861,0.2549019607826477,0.09535452322715073,0.1387900351904421,0.9704589843749407,0.07456978967480962
medium,20000,180,CNN-refined Hough vectors from distance-to-stroke,5,0,5,0.25,0.0,0.0,1.0,0.0,0,0,0,0,247,16137,0.0,0.0,0.0,0.9849243164061898,0.0
medium,20000,181,CNN-refined Hough vectors from distance-to-stroke,1,0,1,0.25,0.0,0.0,1.0,0.0,0,0,0,0,239,16145,0.0,0.0,0.0,0.9854125976561898,0.0
medium,20000,182,CNN-refined Hough vectors from distance-to-stroke,2,3,1,0.7058580799045915,0.565128205128205,0.6744186046511628,1.0,0.6666666666666667,0,0,60,29,56,16239,0.6741573033632117,0.5172413793058859,0.585365853161499,0.9948120117186893,0.41379310344542214
medium,20000,183,CNN-refined Hough vectors from distance-to-stroke,5,1,4,0.1460472300388307,0.16445026749645156,0.2602230483271375,0.0,0.19999999999999996,3,0,53,18,504,15809,0.7464788732289228,0.09515260323142702,0.16878980871610919,0.9681396484374409,0.09217391304331796
medium,20000,184,CNN-refined Hough vectors from distance-to-stroke,5,2,3,0.30927655010892996,0.3580143540669857,0.39799331103678925,0.1142857142857143,0.4,7,1,98,22,419,15845,0.8166666666598611,0.18955512572497185,0.30769230738555187,0.9730834960936906,0.1818181818178445
medium,20000,185,CNN-refined Hough vectors from distance-to-stroke,3,2,1,0.6148939711359404,0.35236111111111107,0.6983240223463687,1.0,0.6666666666666667,0,0,94,33,458,15799,0.7401574803091326,0.17028985507215527,0.2768777611089166,0.9700317382811907,0.16068376068348603
medium,20000,186,CNN-refined Hough vectors from distance-to-stroke,5,4,1,0.44456550018365815,0.4852155839748892,0.73109243697479,0.0,0.8,4,0,155,110,883,15236,0.5849056603751513,0.14932562620409506,0.23791250926885182,0.9393920898436926,0.13501742160266986
medium,20000,187,CNN-refined Hough vectors from distance-to-stroke,3,2,1,0.6391468370544457,0.38629227053140097,0.7432432432432432,1.0,0.6666666666666667,0,0,32,44,64,16244,0.42105263157340717,0.3333333333298611,0.37209302275824774,0.9934082031249394,0.22857142856979593
medium,20000,188,CNN-refined Hough vectors from distance-to-stroke,1,2,1,0.5687058823529412,0.7866666666666666,0.8235294117647058,0.0,0.5,0,1,128,5,217,16034,0.9624060150303579,0.3710144927525478,0.535564853152597,0.9864501953124397,0.3657142857132408
medium,20000,189,CNN-refined Hough vectors from distance-to-stroke,1,0,1,0.25,0.0,0.0,1.0,0.0,0,0,0,0,89,16295,0.0,0.0,0.0,0.9945678710936893,0.0
medium,20000,190,CNN-refined Hough vectors from distance-to-stroke,5,3,2,0.32750128008192525,0.37142857142857144,0.5017921146953406,0.0,0.6,1,0,0,143,510,15731,0.0,0.0,0.0,0.9601440429686914,0.0
medium,20000,191,CNN-refined Hough vectors from distance-to-stroke,3,3,0,0.49754109589041096,0.46333333333333326,0.9452054794520548,0.0,1.0,1,0,35,106,253,15990,0.24822695035284947,0.12152777777735581,0.1631701627281095,0.9780883789061903,0.08883248730941921
medium,20000,192,CNN-refined Hough vectors from distance-to-stroke,5,3,2,0.529142530655679,0.47034017595307914,0.6624472573839663,0.5,0.6,2,1,78,81,248,15977,0.49056603773276375,0.23926380368024766,0.32164948409403765,0.9799194335936902,0.19164619164572078
medium,20000,193,CNN-refined Hough vectors from distance-to-stroke,2,2,0,0.5457470682674858,0.5537674313990104,0.9827586206896551,0.0,1.0,0,1,4,49,102,16229,0.07547169811178356,0.03773584905624777,0.050314464963727705,0.9907836914061895,0.025806451612736734
medium,20000,194,CNN-refined Hough vectors from distance-to-stroke,2,2,0,0.7165650406504065,0.43518518518518523,0.8536585365853658,1.0,1.0,0,0,19,13,56,16296,0.5937499999814454,0.25333333332995556,0.3551401864899992,0.9957885742186892,0.21590909090663737
medium,20000,195,CNN-refined Hough vectors from distance-to-stroke,2,2,0,0.8297906976744186,0.7328682170542635,0.75,1.0,1.0,0,0,66,0,137,16181,0.9999999999848485,0.32512315270775805,0.49070631932864384,0.9916381835936895,0.32512315270775805
medium,20000,196,CNN-refined Hough vectors from distance-to-stroke,4,3,1,0.2785017480499349,0.20290361355270078,0.5609756097560976,0.0,0.75,0,1,41,53,191,16099,0.43617021276131734,0.17672413793027275,0.25153374191934214,0.9851074218749398,0.14385964912230226
medium,20000,197,CNN-refined Hough vectors from distance-to-stroke,1,2,1,0.8479578931706592,0.925531914893617,0.6573426573426573,1.0,0.5,0,0,92,53,199,16040,0.634482758616314,0.31615120274805447,0.42201834817798384,0.9846191406249398,0.2674418604643388
medium,20000,198,CNN-refined Hough vectors from distance-to-stroke,2,1,1,0.5699423076923078,0.2750854700854701,0.7307692307692308,1.0,0.5,0,0,19,20,69,16276,0.48717948716699544,0.21590909090663737,0.299212597994916,0.9945678710936893,0.17592592592429698
medium,20000,199,CNN-refined Hough vectors from distance-to-stroke,1,1,0,0.883,0.74,1.0,1.0,1.0,0,0,45,16,140,16183,0.7377049180206934,0.24324324324192842,0.36585365816065174,0.9904785156249395,0.22388059701381155
medium,20000,200,CNN-refined Hough vectors from distance-to-stroke,2,1,1,0.5829574468085107,0.26,0.8297872340425532,1.0,0.5,0,0,79,0,124,16181,0.9999999999873417,0.3891625615744376,0.5602836875359639,0.9924316406249394,0.3891625615744376
medium,20000,201,CNN-refined Hough vectors from distance-to-stroke,2,1,1,0.563301886792453,0.30000000000000004,0.6415094339622642,1.0,0.5,0,0,6,101,160,16117,0.05607476635461612,0.036144578313035275,0.04395604347907527,0.9840698242186899,0.022471910112275388
medium,20000,202,CNN-refined Hough vectors from distance-to-stroke,5,1,4,0.18667511445389143,0.19772727272727272,0.38848920863309355,0.0,0.19999999999999996,2,0,28,81,651,15624,0.2568807339425974,0.041237113402001126,0.07106598960915315,0.9553222656249417,0.036842105263109416
medium,20000,203,CNN-refined Hough vectors from distance-to-stroke,5,4,1,0.6213418764744556,0.5851866376180102,0.9733727810650887,0.3333333333333333,0.8,3,1,97,244,522,15521,0.2844574780050309,0.15670436187373715,0.2020833328748416,0.9532470703124418,0.11239860950160788
medium,20000,204,CNN-refined Hough vectors from distance-to-stroke,1,0,1,0.25,0.0,0.0,1.0,0.0,0,0,0,0,84,16300,0.0,0.0,0.0,0.9948730468749393,0.0
medium,20000,205,CNN-refined Hough vectors from distance-to-stroke,3,3,0,0.8821283252668793,0.7514498258942702,0.9698795180722891,1.0,1.0,0,0,110,59,280,15935,0.6508875739606457,0.28205128205055885,0.3935599280203917,0.9793090820311902,0.24498886414199336
medium,20000,206,CNN-refined Hough vectors from distance-to-stroke,2,3,1,0.7379707737519263,0.5935680751173709,0.7709923664122138,1.0,0.6666666666666667,0,0,85,49,232,16018,0.6343283582042215,0.2681388012609838,0.376940132618345,0.9828491210936899,0.2322404371578354
medium,20000,207,CNN-refined Hough vectors from distance-to-stroke,4,3,1,0.7600700379867047,0.7116782737153107,0.8240740740740741,0.8,0.75,1,1,46,134,263,15941,0.25555555555413584,0.14886731391537583,0.18813905883873017,0.9757690429686904,0.10383747178306131
medium,20000,208,CNN-refined Hough vectors from distance-to-stroke,5,3,2,0.33324855021880956,0.39138655462184874,0.48562300319488816,0.0,0.6,3,1,64,78,424,15818,0.4507042253489387,0.1311475409833378,0.20317460282477198,0.9693603515624408,0.1130742049467967
medium,20000,209,CNN-refined Hough vectors from distance-to-stroke,4,0,4,0.0,0.0,0.0,0.0,0.0,1,0,0,0,429,15955,0.0,0.0,0.0,0.9738159179686905,0.0
medium,20000,210,CNN-refined Hough vectors from distance-to-stroke,5,2,3,0.32561345881425974,0.3921243325705568,0.5457875457875458,0.0,0.4,1,0,104,47,192,16041,0.6887417218497435,0.3513513513501644,0.46532438433800277,0.9854125976561898,0.3032069970836641
medium,20000,211,CNN-refined Hough vectors from distance-to-stroke,5,0,5,0.0,0.0,0.0,0.0,0.0,1,0,0,0,325,16059,0.0,0.0,0.0,0.9801635742186902,0.0
medium,20000,212,CNN-refined Hough vectors from distance-to-stroke,3,1,2,0.43072222222222223,0.13,0.4444444444444444,1.0,0.33333333333333337,0,0,17,32,132,16203,0.34693877550312374,0.1140939597307779,0.1717171713429752,0.9899902343749396,0.09392265193318275
medium,20000,213,CNN-refined Hough vectors from distance-to-stroke,1,0,1,0.25,0.0,0.0,1.0,0.0,0,0,0,0,52,16332,0.0,0.0,0.0,0.9968261718749392,0.0
medium,20000,214,CNN-refined Hough vectors from distance-to-stroke,4,4,0,0.7911884709667107,0.7911765785911201,0.9257950530035336,0.6,1.0,1,1,206,80,413,15685,0.7202797202772019,0.3327948303710294,0.45524861835122005,0.9699096679686908,0.2947067238908516
medium,20000,215,CNN-refined Hough vectors from distance-to-stroke,5,1,4,0.4012932330827068,0.1368421052631579,0.34857142857142853,1.0,0.19999999999999996,0,0,9,53,386,15936,0.14516129032023933,0.022784810126524595,0.03938730829922097,0.9732055664061906,0.020089285714240873
medium,20000,216,CNN-refined Hough vectors from distance-to-stroke,2,0,2,0.0,0.0,0.0,0.0,0.0,1,0,0,0,419,15965,0.0,0.0,0.0,0.9744262695311905,0.0
medium,20000,217,CNN-refined Hough vectors from distance-to-stroke,2,1,1,0.6061533505154639,0.4375,0.5463917525773196,1.0,0.5,0,0,54,0,45,16285,0.9999999999814816,0.5454545454490358,0.7058823524752018,0.9972534179686892,0.5454545454490358
medium,20000,218,CNN-refined Hough vectors from distance-to-stroke,2,2,0,0.6506987359550561,0.24375000000000002,0.9550561797752809,1.0,1.0,0,0,11,76,215,16082,0.1264367816077421,0.04867256637146605,0.07028753953426085,0.98223876953119,0.03642384105948204
medium,20000,219,CNN-refined Hough vectors from distance-to-stroke,3,1,2,0.3918725782414307,0.1561952861952862,0.1912568306010929,1.0,0.33333333333333337,0,0,36,0,532,15816,0.9999999999722223,0.06338028169002927,0.11920529790074999,0.9675292968749409,0.06338028169002927
medium,20000,220,CNN-refined Hough vectors from distance-to-stroke,5,4,1,0.46100087560386477,0.5400663580246914,0.6898550724637681,0.0,0.8,0,1,174,139,421,15650,0.5559105431292144,0.2924369747894245,0.38325991144165666,0.965820312499941,0.2370572207081239
medium,20000,221,CNN-refined Hough vectors from distance-to-stroke,5,4,1,0.32042204172638955,0.15596432552954292,0.8511904761904762,0.0,0.8,1,3,42,92,322,15928,0.3134328358185565,0.1153846153842984,0.16867469840115482,0.9747314453124405,0.09210526315769275
medium,20000,222,CNN-refined Hough vectors from distance-to-stroke,5,3,2,0.654755790787064,0.4412294647588765,0.7310126582278481,1.0,0.6,0,0,65,169,744,15406,0.2777777777765907,0.0803461063039798,0.12464045986265372,0.9442749023436924,0.0664621676890936
medium,20000,223,CNN-refined Hough vectors from distance-to-stroke,4,0,4,0.0,0.0,0.0,0.0,0.0,1,0,0,0,443,15941,0.0,0.0,0.0,0.9729614257811906,0.0
medium,20000,224,CNN-refined Hough vectors from distance-to-stroke,4,3,1,0.7079442125300561,0.4494078947368421,0.9035532994923858,1.0,0.75,0,0,77,123,361,15823,0.384999999998075,0.1757990867575895,0.24137930991365064,0.9704589843749407,0.13725490196053966
medium,20000,225,CNN-refined Hough vectors from distance-to-stroke,4,1,3,0.1288492580057277,0.16956521739130437,0.13772455089820357,0.0,0.25,1,0,19,5,459,15901,0.7916666666336806,0.03974895397481224,0.07569721106403074,0.9716796874999407,0.039337474120001374
medium,20000,226,CNN-refined Hough vectors from distance-to-stroke,2,2,0,0.6882352941176471,0.3627450980392156,0.875,1.0,1.0,0,0,12,30,63,16279,0.28571428570748303,0.15999999999786665,0.20512820466447515,0.9943237304686893,0.11428571428462585
medium,20000,227,CNN-refined Hough vectors from distance-to-stroke,2,2,0,0.6902275339602926,0.41378787878787887,0.7701149425287357,1.0,1.0,0,0,54,35,165,16130,0.6067415730268905,0.24657534246462753,0.3506493502361486,0.9877929687499397,0.2125984251960134
medium,20000,228,CNN-refined Hough vectors from distance-to-stroke,1,1,0,0.7854375,0.5370833333333334,0.96875,1.0,1.0,0,0,20,43,45,16276,0.3174603174552784,0.30769230768757394,0.3124999994952393,0.9946289062499393,0.1851851851834705
medium,20000,229,CNN-refined Hough vectors from distance-to-stroke,4,4,0,0.7429472928009678,0.5590399610136452,0.7068965517241379,1.0,1.0,0,0,185,109,319,15771,0.6292517006781319,0.3670634920627638,0.46365914740313824,0.9738769531249405,0.30179445350684864
medium,20000,230,CNN-refined Hough vectors from distance-to-stroke,3,2,1,0.48426356090471856,0.6552224736048267,0.6137339055793991,0.0,0.6666666666666667,3,0,145,0,467,15772,0.9999999999931035,0.23692810457477625,0.38309114896272395,0.9714965820311907,0.23692810457477625
medium,20000,231,CNN-refined Hough vectors from distance-to-stroke,1,2,1,0.844450234497134,0.9590643274853801,0.5643564356435644,1.0,0.5,0,0,56,47,124,16157,0.5436893203830709,0.3111111111093827,0.3957597168487058,0.9895629882811896,0.24669603524120398
medium,20000,232,CNN-refined Hough vectors from distance-to-stroke,5,2,3,0.6153480258679375,0.37884615384615383,0.7743362831858407,1.0,0.4,0,0,99,78,410,15797,0.5593220338951451,0.19449901768134675,0.28862973722559904,0.9702148437499407,0.168654173764619
medium,20000,233,CNN-refined Hough vectors from distance-to-stroke,3,2,1,0.7214541569392884,0.51657876943881,0.8616352201257862,1.0,0.6666666666666667,0,0,139,0,354,15891,0.9999999999928059,0.2819472616627141,0.4398734173769978,0.9783935546874403,0.2819472616627141
medium,20000,234,CNN-refined Hough vectors from distance-to-stroke,5,2,3,0.4733428571428572,0.15600000000000003,0.5657142857142857,1.0,0.4,0,0,65,36,448,15835,0.6435643564292716,0.12670565302119552,0.21172638408925826,0.9704589843749407,0.1183970856099847
medium,20000,235,CNN-refined Hough vectors from distance-to-stroke,5,0,5,0.25,0.0,0.0,1.0,0.0,0,0,0,0,493,15891,0.0,0.0,0.0,0.9699096679686908,0.0
medium,20000,236,CNN-refined Hough vectors from distance-to-stroke,2,1,1,0.48634154929577467,0.195,0.49295774647887325,1.0,0.5,0,0,0,36,181,16167,0.0,0.0,0.0,0.9867553710936897,0.0
medium,20000,237,CNN-refined Hough vectors from distance-to-stroke,5,2,3,0.27929480101917015,0.3410897435897436,0.42902208201892744,0.0,0.4,1,0,85,53,677,15569,0.615942028981044,0.1115485564302998,0.1888888886288247,0.9554443359374417,0.10429447852747939
medium,20000,238,CNN-refined Hough vectors from distance-to-stroke,2,1,1,0.5910775862068967,0.325,0.7241379310344828,1.0,0.5,0,0,0,22,71,16291,0.0,0.0,0.0,0.9943237304686893,0.0
medium,20000,239,CNN-refined Hough vectors from distance-to-stroke,4,0,4,0.25,0.0,0.0,1.0,0.0,0,0,0,0,283,16101,0.0,0.0,0.0,0.98272705078119,0.0
medium,20000,240,CNN-refined Hough vectors from distance-to-stroke,5,1,4,0.1158629675045984,0.09285714285714286,0.2703862660944206,0.0,0.19999999999999996,2,0,43,21,537,15783,0.671874999989502,0.07413793103435494,0.1335403724913873,0.965942382812441,0.07154742096493918
medium,20000,241,CNN-refined Hough vectors from distance-to-stroke,3,2,1,0.707191879053622,0.5332520325203252,0.752808988764045,1.0,0.6666666666666667,0,0,67,69,374,15874,0.49264705881990706,0.15192743764137887,0.2322357015453145,0.9729614257811906,0.13137254901935025
medium,20000,242,CNN-refined Hough vectors from distance-to-stroke,4,1,3,0.44382352941176473,0.15294117647058825,0.5,1.0,0.25,0,0,98,8,467,15811,0.9245283018780704,0.17345132743332134,0.2921013410147632,0.9710083007811907,0.17102966841156889
medium,20000,243,CNN-refined Hough vectors from distance-to-stroke,2,2,0,0.7641800882441037,0.7249114742934968,0.9398496240601504,0.6,1.0,1,1,63,63,71,16187,0.49999999999603173,0.4701492537278347,0.4846153841121302,0.9918212890624394,0.3197969543130975
medium,20000,244,CNN-refined Hough vectors from distance-to-stroke,1,0,1,0.25,0.0,0.0,1.0,0.0,0,0,0,0,199,16185,0.0,0.0,0.0,0.9878540039061897,0.0
medium,20000,245,CNN-refined Hough vectors from distance-to-stroke,5,2,3,0.28173373067341934,0.2795120517342739,0.5797665369649805,0.0,0.4,4,0,78,73,575,15658,0.5165562913873076,0.11944869831528415,0.19402985044071003,0.9604492187499414,0.10743801652877763
medium,20000,246,CNN-refined Hough vectors from distance-to-stroke,5,1,4,0.15236986697513014,0.1753968253968254,0.2672064777327935,0.0,0.19999999999999996,1,0,0,67,502,15815,0.0,0.0,0.0,0.965270996093691,0.0
medium,20000,247,CNN-refined Hough vectors from distance-to-stroke,3,2,1,0.7357668667030368,0.5851799317047544,0.7788461538461539,1.0,0.6666666666666667,0,0,0,164,211,16009,0.0,0.0,0.0,0.9771118164061904,0.0
medium,20000,248,CNN-refined Hough vectors from distance-to-stroke,1,1,0,0.9379761904761904,0.8833333333333332,0.9523809523809523,1.0,1.0,0,0,43,0,82,16259,0.9999999999767443,0.343999999997248,0.5119047615177863,0.9949951171874393,0.343999999997248
medium,20000,249,CNN-refined Hough vectors from distance-to-stroke,2,0,2,0.0,0.0,0.0,0.0,0.0,1,0,0,0,93,16291,0.0,0.0,0.0,0.9943237304686893,0.0
medium,20000,250,CNN-refined Hough vectors from distance-to-stroke,3,5,2,0.5645808690130625,0.7942467948717948,0.7358490566037736,0.0,0.6,0,3,72,71,246,15995,0.5034965034929826,0.22641509433891066,0.3123644247333863,0.9806518554686902,0.1850899742925833
medium,20000,251,CNN-refined Hough vectors from distance-to-stroke,4,2,2,0.26093276515151514,0.26966540404040407,0.44791666666666663,0.0,0.5,1,0,72,15,371,15926,0.8275862068870392,0.16252821670392206,0.2716981129321111,0.9764404296874404,0.15720524017432924
medium,20000,252,CNN-refined Hough vectors from distance-to-stroke,1,1,0,0.708,0.4066666666666666,0.875,1.0,1.0,0,0,31,2,62,16289,0.939393939365473,0.33333333332974907,0.49206349166906016,0.9960937499999392,0.3263157894702493
medium,20000,253,CNN-refined Hough vectors from distance-to-stroke,4,4,0,0.9128993258514534,0.8088849487785656,0.9945054945054945,1.0,1.0,0,0,158,27,354,15845,0.8540540540494376,0.30859374999939726,0.4533715921482064,0.9767456054686904,0.293135435992035
medium,20000,254,CNN-refined Hough vectors from distance-to-stroke,3,2,1,0.6238078305874917,0.3694046066927423,0.7045454545454546,1.0,0.6666666666666667,0,0,65,30,297,15992,0.6842105263085873,0.17955801104922775,0.2844638946366035,0.9800415039061902,0.16581632653018924
medium,20000,255,CNN-refined Hough vectors from distance-to-stroke,4,3,1,0.4946288367230091,0.3905420991926182,0.7194244604316546,0.4,0.75,2,1,140,62,330,15852,0.6930693069272621,0.29787234042489813,0.41666666624495113,0.9760742187499404,0.26315789473634743
medium,20000,256,CNN-refined Hough vectors from distance-to-stroke,5,2,3,0.3045496894409938,0.30217391304347824,0.6428571428571428,0.0,0.4,1,0,52,49,384,15899,0.5148514851434173,0.11926605504559802,0.19366852855792405,0.9735717773436906,0.10721649484513976
medium,20000,257,CNN-refined Hough vectors from distance-to-stroke,3,1,2,0.5614668174962293,0.32405731523378584,0.6615384615384615,1.0,0.33333333333333337,0,0,87,0,305,15992,0.9999999999885058,0.22193877550963792,0.363256784669889,0.98138427734369,0.22193877550963792
medium,20000,258,CNN-refined Hough vectors from distance-to-stroke,4,5,1,0.6577540160642572,0.5579718875502008,0.6333333333333333,0.8,0.8,2,2,133,181,508,15562,0.4235668789795428,0.2074882995316576,0.278534030971651,0.9579467773436915,0.16180048661780802
medium,20000,259,CNN-refined Hough vectors from distance-to-stroke,2,0,2,0.25,0.0,0.0,1.0,0.0,0,0,0,0,127,16257,0.0,0.0,0.0,0.9922485351561894,0.0
medium,20000,260,CNN-refined Hough vectors from distance-to-stroke,2,1,1,0.5317193094629157,0.2796376811594203,0.5294117647058824,1.0,0.5,0,0,34,12,235,16103,0.7391304347665407,0.1263940520441398,0.21587301562223232,0.9849243164061898,0.1209964412807082
medium,20000,261,CNN-refined Hough vectors from distance-to-stroke,2,1,1,0.4880427631578947,0.10208333333333333,0.7105263157894737,1.0,0.5,0,0,22,6,90,16266,0.7857142856862245,0.1964285714268176,0.3142857139612245,0.9941406249999393,0.18644067796452168
medium,20000,262,CNN-refined Hough vectors from distance-to-stroke,5,2,3,0.5343391304347826,0.23742028985507246,0.6875,1.0,0.4,0,0,35,88,342,15919,0.28455284552614185,0.0928381962862259,0.139999999628472,0.9737548828124405,0.07526881720413921
medium,20000,263,CNN-refined Hough vectors from distance-to-stroke,1,1,0,0.7362380952380951,0.42444444444444435,0.9761904761904762,1.0,1.0,0,0,14,28,29,16313,0.33333333332539683,0.32558139534126557,0.32941176419820073,0.9965209960936892,0.19718309858877206
medium,20000,264,CNN-refined Hough vectors from distance-to-stroke,3,0,3,0.25,0.0,0.0,1.0,0.0,0,0,0,0,224,16160,0.0,0.0,0.0,0.9863281249999398,0.0
medium,20000,265,CNN-refined Hough vectors from distance-to-stroke,2,1,1,0.4982256097560976,0.305,0.30487804878048785,1.0,0.5,0,0,5,15,223,16141,0.2499999999875,0.021929824561307328,0.04032258049655307,0.9854736328124398,0.020576131687158123
medium,20000,266,CNN-refined Hough vectors from distance-to-stroke,5,1,4,0.1984720149253731,0.21749999999999997,0.4029850746268657,0.0,0.19999999999999996,1,0,61,21,431,15871,0.7439024390153183,0.12398373983714638,0.2125435537613301,0.9724121093749406,0.11890838206604501
medium,20000,267,CNN-refined Hough vectors from distance-to-stroke,1,1,0,0.8433174603174604,0.6659259259259259,0.9682539682539683,1.0,1.0,0,0,46,16,148,16174,0.7419354838590011,0.23711340206063344,0.359374999630127,0.9899902343749396,0.21904761904657596
medium,20000,268,CNN-refined Hough vectors from distance-to-stroke,5,2,3,0.5192666666666668,0.2724444444444445,0.5333333333333333,1.0,0.4,0,0,0,122,466,15796,0.0,0.0,0.0,0.9641113281249412,0.0
medium,20000,269,CNN-refined Hough vectors from distance-to-stroke,4,2,2,0.6303431930477632,0.387382779198636,0.7801047120418848,1.0,0.5,0,0,126,25,208,16025,0.8344370860871893,0.3772455089809065,0.5195876284350217,0.9857788085936898,0.35097493036113936
medium,20000,270,CNN-refined Hough vectors from distance-to-stroke,2,5,3,0.3895075757575758,0.571969696969697,0.4606060606060606,0.0,0.4,0,3,67,80,187,16050,0.45578231292206955,0.26377952755801665,0.33416458806261157,0.9837036132811899,0.200598802394609
medium,20000,271,CNN-refined Hough vectors from distance-to-stroke,4,2,2,0.48441346153846154,0.18758547008547008,0.5,1.0,0.5,0,0,67,39,231,16047,0.6320754716921502,0.2248322147643462,0.3316831679281198,0.9835205078124399,0.19881305637923202
medium,20000,272,CNN-refined Hough vectors from distance-to-stroke,2,2,0,0.8551824701403014,0.6811462299414106,0.9933333333333333,1.0,1.0,0,0,62,90,326,15906,0.4078947368394218,0.15979381443257787,0.22962962922427987,0.9746093749999405,0.12970711297043994
medium,20000,273,CNN-refined Hough vectors from distance-to-stroke,3,0,3,0.25,0.0,0.0,1.0,0.0,0,0,0,0,472,15912,0.0,0.0,0.0,0.9711914062499407,0.0
medium,20000,274,CNN-refined Hough vectors from distance-to-stroke,4,4,0,0.8922646588752373,0.7668479117415288,0.9859154929577465,1.0,1.0,0,0,46,171,264,15903,0.21198156681929964,0.1483870967737149,0.1745730545433714,0.9734497070311906,0.09563409563389681
medium,20000,275,CNN-refined Hough vectors from distance-to-stroke,3,1,2,0.29189294121780684,0.3163522012578616,0.5810055865921788,0.0,0.33333333333333337,1,0,37,68,229,16050,0.35238095237759637,0.13909774436037933,0.19946091603513486,0.98187255859369,0.11077844311344079
medium,20000,276,CNN-refined Hough vectors from distance-to-stroke,3,1,2,0.22585509950248756,0.2708333333333333,0.3532338308457711,0.0,0.33333333333333337,1,0,5,67,483,15829,0.06944444444347994,0.010245901639323266,0.017857142632997453,0.9664306640624409,0.009009009008992777
medium,20000,277,CNN-refined Hough vectors from distance-to-stroke,3,1,2,0.5345086831684226,0.37985739750445635,0.4011976047904192,1.0,0.33333333333333337,0,0,68,0,509,15807,0.9999999999852941,0.11785095320603492,0.21085271298901748,0.9689331054686908,0.11785095320603492
medium,20000,278,CNN-refined Hough vectors from distance-to-stroke,3,1,2,0.24709401709401707,0.2888888888888889,0.41880341880341876,0.0,0.33333333333333337,1,0,82,17,646,15639,0.8282828282744618,0.11263736263720792,0.19830713400883426,0.9595336914061914,0.110067114093812
medium,20000,279,CNN-refined Hough vectors from distance-to-stroke,1,1,0,0.9187727272727273,0.8275757575757577,0.9818181818181818,1.0,1.0,0,0,0,55,56,16273,0.0,0.0,0.0,0.9932250976561894,0.0
medium,20000,280,CNN-refined Hough vectors from distance-to-stroke,5,0,5,0.0,0.0,0.0,0.0,0.0,1,0,0,0,644,15740,0.0,0.0,0.0,0.9606933593749414,0.0
medium,20000,281,CNN-refined Hough vectors from distance-to-stroke,5,1,4,0.44103099965168935,0.18927203065134102,0.4292929292929293,1.0,0.19999999999999996,0,0,86,0,359,15939,0.9999999999883721,0.19325842696585785,0.32391713720378346,0.9780883789061903,0.19325842696585785
medium,20000,282,CNN-refined Hough vectors from distance-to-stroke,1,1,0,0.8886830985915494,0.7714084507042254,0.9577464788732395,1.0,1.0,0,0,34,35,184,16131,0.4927536231812644,0.15596330275157816,0.23693379754252208,0.9866333007811897,0.13438735177812497
medium,20000,283,CNN-refined Hough vectors from distance-to-stroke,5,3,2,0.5933535980322278,0.5941555366107796,0.7049180327868853,0.5,0.6,2,1,116,58,373,15837,0.6666666666628353,0.23721881390544536,0.3499245848305136,0.9736938476561905,0.2120658135279487
medium,20000,284,CNN-refined Hough vectors from distance-to-stroke,2,1,1,0.516437965260546,0.28025641025641024,0.4516129032258065,1.0,0.5,0,0,0,29,120,16235,0.0,0.0,0.0,0.9909057617186895,0.0
medium,20000,285,CNN-refined Hough vectors from distance-to-stroke,5,2,3,0.2976036476868328,0.2925,0.6298932384341638,0.0,0.4,1,0,18,161,611,15594,0.10055865921731533,0.028616852146218414,0.04455445510052017,0.9528808593749418,0.022784810126553437
medium,20000,286,CNN-refined Hough vectors from distance-to-stroke,3,2,1,0.24898176682074988,0.17727272727272728,0.5127118644067796,0.0,0.6666666666666667,2,0,18,105,520,15741,0.14634146341344437,0.03345724907056978,0.05446293464397454,0.9618530273436913,0.02799377916014309
medium,20000,287,CNN-refined Hough vectors from distance-to-stroke,2,3,1,0.7245459770114941,0.8699999999999999,0.7068965517241379,0.5,0.6666666666666667,1,2,143,90,358,15793,0.6137339055767651,0.28542914171599715,0.389645776132353,0.9726562499999406,0.2419627749572894
medium,20000,288,CNN-refined Hough vectors from distance-to-stroke,3,1,2,0.4812528248587571,0.195,0.5508474576271186,1.0,0.33333333333333337,0,0,7,59,262,16056,0.10606060605899907,0.02602230483261702,0.04179104445946982,0.9804077148436902,0.021341463414569082
medium,20000,289,CNN-refined Hough vectors from distance-to-stroke,2,2,0,0.868437756497948,0.7128682170542635,0.9882352941176471,1.0,1.0,0,0,53,33,122,16176,0.6162790697602758,0.30285714285541226,0.4061302677542608,0.9905395507811895,0.25480769230646727
medium,20000,290,CNN-refined Hough vectors from distance-to-stroke,5,2,3,0.26474382527046336,0.22608695652173913,0.6150234741784038,0.0,0.4,2,1,94,38,460,15792,0.7121212121158174,0.16967509025240132,0.27405247782252296,0.9696044921874408,0.15878378378351557
medium,20000,291,CNN-refined Hough vectors from distance-to-stroke,5,2,3,0.48918822624743674,0.23033891547049437,0.4776785714285714,1.0,0.4,0,0,89,20,483,15792,0.8165137614603989,0.15559440559413357,0.2613803227846843,0.9692993164061908,0.1503378378375839
medium,20000,292,CNN-refined Hough vectors from distance-to-stroke,1,0,1,0.25,0.0,0.0,1.0,0.0,0,0,0,0,53,16331,0.0,0.0,0.0,0.9967651367186892,0.0
medium,20000,293,CNN-refined Hough vectors from distance-to-stroke,5,2,3,0.4382725749274895,0.3218317757009346,0.5172413793103448,0.6,0.4,1,1,107,59,794,15424,0.6445783132491291,0.11875693673682713,0.2005623240105438,0.9479370117186922,0.11145833333321724
medium,20000,294,CNN-refined Hough vectors from distance-to-stroke,1,0,1,0.25,0.0,0.0,1.0,0.0,0,0,0,0,123,16261,0.0,0.0,0.0,0.9924926757811894,0.0
medium,20000,295,CNN-refined Hough vectors from distance-to-stroke,1,0,1,0.25,0.0,0.0,1.0,0.0,0,0,0,0,18,16366,0.0,0.0,0.0,0.998901367187439,0.0
medium,20000,296,CNN-refined Hough vectors from distance-to-stroke,4,1,3,0.21157563025210083,0.25588235294117645,0.3571428571428571,0.0,0.25,1,0,71,0,455,15858,0.9999999999859155,0.13498098859289928,0.23785594618829492,0.9722290039061906,0.13498098859289928
medium,20000,297,CNN-refined Hough vectors from distance-to-stroke,5,1,4,0.15663009236752554,0.1328235294117647,0.3842975206611571,0.0,0.19999999999999996,2,0,0,94,644,15646,0.0,0.0,0.0,0.9549560546874417,0.0
medium,20000,298,CNN-refined Hough vectors from distance-to-stroke,5,3,2,0.4086162716207559,0.48571428571428565,0.6502242152466368,0.0,0.6,2,0,30,118,337,15899,0.20270270270133312,0.08174386920958653,0.11650485395889525,0.9722290039061906,0.06185567010296525
medium,20000,299,CNN-refined Hough vectors from distance-to-stroke,2,1,1,0.6391387468030691,0.42127450980392156,0.7478260869565218,1.0,0.5,0,0,21,66,334,15963,0.2413793103420531,0.059154929577298156,0.09502262411778015,0.9755859374999404,0.04988123515427582
medium,20000,300,CNN-refined Hough vectors from distance-to-stroke,4,3,1,0.559469512195122,0.185,0.7560975609756098,1.0,0.75,0,0,22,104,123,16135,0.17460317460178887,0.15172413792998812,0.1623616231174957,0.9861450195311898,0.08835341365426365
medium,20000,301,CNN-refined Hough vectors from distance-to-stroke,4,4,0,0.6325035954606878,0.6236705413529687,0.9259259259259259,0.26666666666666666,1.0,1,3,152,117,317,15798,0.5650557620796838,0.324093816630439,0.41192411877679735,0.9735107421874406,0.2593856655285676
medium,20000,302,CNN-refined Hough vectors from distance-to-stroke,1,0,1,0.25,0.0,0.0,1.0,0.0,0,0,0,0,46,16338,0.0,0.0,0.0,0.9971923828124392,0.0
medium,20000,303,CNN-refined Hough vectors from distance-to-stroke,5,4,1,0.6813438228438229,0.5229292929292929,0.5801282051282051,1.0,0.8,0,0,22,163,462,15737,0.11891891891827612,0.04545454545445154,0.06576980527979874,0.9618530273436913,0.03400309119005564
medium,20000,304,CNN-refined Hough vectors from distance-to-stroke,3,1,2,0.5534316408229452,0.3552042160737812,0.5512820512820513,1.0,0.33333333333333337,0,0,22,22,237,16103,0.4999999999886364,0.08494208494175698,0.14521452120293216,0.9841918945311899,0.0782918149463406
medium,20000,305,CNN-refined Hough vectors from distance-to-stroke,5,2,3,0.5892477281430424,0.357963282078473,0.6908212560386473,1.0,0.4,0,0,64,81,397,15842,0.4413793103417836,0.13882863340533877,0.21122112174747032,0.9708251953124407,0.11808118081159026
medium,20000,306,CNN-refined Hough vectors from distance-to-stroke,5,3,2,0.3778707119839136,0.41964100870977217,0.6451612903225806,0.0,0.6,1,0,111,72,568,15633,0.6065573770458659,0.16347569955793304,0.2575406029132084,0.9609374999999413,0.14780292942723328
medium,20000,307,CNN-refined Hough vectors from distance-to-stroke,5,3,2,0.3792801857585139,0.42192982456140354,0.6470588235294117,0.0,0.6,2,1,28,117,433,15806,0.19310344827453033,0.06073752711483571,0.0924092405597436,0.9664306640624409,0.048442906574310655
medium,20000,308,CNN-refined Hough vectors from distance-to-stroke,5,2,3,0.27440939220312327,0.25621840242669364,0.5955555555555556,0.0,0.4,3,0,35,101,242,16006,0.2573529411745783,0.12635379061326227,0.16949152498118653,0.9790649414061903,0.09259259259234764
medium,20000,309,CNN-refined Hough vectors from distance-to-stroke,4,0,4,0.25,0.0,0.0,1.0,0.0,0,0,0,0,251,16133,0.0,0.0,0.0,0.9846801757811898,0.0
medium,20000,310,CNN-refined Hough vectors from distance-to-stroke,2,2,0,0.9419294367050273,0.8814529914529915,0.9763779527559056,1.0,1.0,0,0,126,0,273,15985,0.9999999999920635,0.3157894736834191,0.4799999996333714,0.9833374023436899,0.3157894736834191
medium,20000,311,CNN-refined Hough vectors from distance-to-stroke,3,1,2,0.5669966567741842,0.35782625334864143,0.6132075471698113,1.0,0.33333333333333337,0,0,0,66,294,16024,0.0,0.0,0.0,0.9780273437499403,0.0
medium,20000,312,CNN-refined Hough vectors from distance-to-stroke,5,4,1,0.48250243325917685,0.4858477011494252,0.9193548387096774,0.0,0.8,3,0,169,145,632,15438,0.5382165605078401,0.21098626716577903,0.3031390130477556,0.9525756835936918,0.1786469344606991
medium,20000,313,CNN-refined Hough vectors from distance-to-stroke,5,1,4,0.1552301026957638,0.174766081871345,0.2829268292682927,0.0,0.19999999999999996,1,0,31,28,322,16003,0.5254237288046538,0.08781869688360391,0.15048543664708033,0.9786376953124403,0.0813648293961119
medium,20000,314,CNN-refined Hough vectors from distance-to-stroke,2,1,1,0.7205357142857143,0.625,0.6964285714285714,1.0,0.5,0,0,0,40,81,16263,0.0,0.0,0.0,0.9926147460936894,0.0
medium,20000,315,CNN-refined Hough vectors from distance-to-stroke,2,1,1,0.6454835766423358,0.625,0.3211678832116789,1.0,0.5,0,0,45,0,339,16000,0.9999999999777779,0.11718749999969483,0.2097902096014475,0.9793090820311902,0.11718749999969483
medium,20000,316,CNN-refined Hough vectors from distance-to-stroke,4,3,1,0.806455991733531,0.6538621036016645,0.9360902255639098,1.0,0.75,0,0,219,33,431,15701,0.8690476190441705,0.3369230769225586,0.4855875827448291,0.9716796874999407,0.32064421669059934
medium,20000,317,CNN-refined Hough vectors from distance-to-stroke,5,2,3,0.2759456146244354,0.3100637255859693,0.4820846905537459,0.0,0.4,1,0,124,26,408,15826,0.8266666666611556,0.2330827067664792,0.3636363632921629,0.9735107421874406,0.22222222222182397
medium,20000,318,CNN-refined Hough vectors from distance-to-stroke,4,5,1,0.7515773858909454,0.6087963072708836,0.7380952380952381,1.0,0.8,0,0,102,113,153,16016,0.47441860464895624,0.3999999999984314,0.43404255269326397,0.9837646484374399,0.2771739130427251
medium,20000,319,CNN-refined Hough vectors from distance-to-stroke,3,1,2,0.4253738738738739,0.18231231231231232,0.30000000000000004,1.0,0.33333333333333337,0,0,10,27,369,15978,0.2702702702629657,0.026385224274336715,0.04807692291462879,0.9758300781249404,0.024630541871860517
medium,20000,320,CNN-refined Hough vectors from distance-to-stroke,3,1,2,0.1659024554820447,0.21272670419011883,0.1842105263157895,0.0,0.33333333333333337,1,0,42,1,395,15946,0.9767441860237968,0.09610983981671371,0.17499999983615452,0.9758300781249404,0.09589041095868518
medium,20000,321,CNN-refined Hough vectors from distance-to-stroke,1,0,1,0.25,0.0,0.0,1.0,0.0,0,0,0,0,18,16366,0.0,0.0,0.0,0.998901367187439,0.0
medium,20000,322,CNN-refined Hough vectors from distance-to-stroke,2,2,0,0.6845728155339805,0.41555555555555557,0.7378640776699029,1.0,1.0,0,0,42,63,200,16079,0.39999999999619046,0.17355371900754732,0.2420749275304338,0.9839477539061899,0.1377049180323354
medium,20000,323,CNN-refined Hough vectors from distance-to-stroke,2,1,1,0.6017020202020202,0.33464646464646464,0.7555555555555555,1.0,0.5,0,0,17,18,30,16319,0.4857142857004082,0.3617021276518787,0.4146341458420584,0.9970703124999392,0.2615384615344379
medium,20000,324,CNN-refined Hough vectors from distance-to-stroke,5,2,3,0.5430316735487006,0.16005797101449276,0.9050279329608939,1.0,0.4,0,0,81,83,377,15843,0.4939024390213787,0.1768558951961204,0.2604501603825747,0.9719238281249406,0.14972273567439978
medium,20000,325,CNN-refined Hough vectors from distance-to-stroke,5,1,4,0.16137983003126458,0.1970494417862839,0.2635379061371841,0.0,0.19999999999999996,4,0,74,0,575,15735,0.9999999999864865,0.1140215716485146,0.20470262775482514,0.964904785156191,0.1140215716485146
medium,20000,326,CNN-refined Hough vectors from distance-to-stroke,1,0,1,0.25,0.0,0.0,1.0,0.0,0,0,0,0,26,16358,0.0,0.0,0.0,0.998413085937439,0.0
medium,20000,327,CNN-refined Hough vectors from distance-to-stroke,3,0,3,0.25,0.0,0.0,1.0,0.0,0,0,0,0,140,16244,0.0,0.0,0.0,0.9914550781249395,0.0
medium,20000,328,CNN-refined Hough vectors from distance-to-stroke,2,2,0,0.9018057603057603,0.7952585919252586,0.9696969696969697,1.0,1.0,0,0,48,20,100,16216,0.7058823529307958,0.324324324322133,0.4444444440089163,0.9926757812499394,0.28571428571258506
medium,20000,329,CNN-refined Hough vectors from distance-to-stroke,4,3,1,0.3271692161438078,0.3284072249589491,0.5219298245614035,0.0,0.75,0,2,24,74,406,15880,0.2448979591811745,0.05581395348824229,0.09090909060643365,0.9707031249999407,0.047619047618953136
medium,20000,330,CNN-refined Hough vectors from distance-to-stroke,4,3,1,0.7807676024955437,0.5757798573975045,0.9833333333333333,1.0,0.75,0,0,83,100,414,15787,0.4535519125658276,0.16700201207209858,0.24411764666471886,0.9686279296874408,0.1390284757116599
medium,20000,331,CNN-refined Hough vectors from distance-to-stroke,3,3,0,0.8808490901726339,0.746060308784715,0.975609756097561,1.0,1.0,0,0,161,42,335,15846,0.7931034482719552,0.32459677419289396,0.4606580825622134,0.9769897460936904,0.2992565055756519
medium,20000,332,CNN-refined Hough vectors from distance-to-stroke,3,2,1,0.4864606741573033,0.6407407407407407,0.6573033707865168,0.0,0.6666666666666667,1,0,87,32,190,16075,0.7310924369686462,0.31407942238153763,0.4393939389713167,0.9864501953124397,0.28155339805734125
medium,20000,333,CNN-refined Hough vectors from distance-to-stroke,5,2,3,0.26915278360400313,0.2815861315861316,0.5121951219512195,0.0,0.4,1,0,131,18,713,15522,0.8791946308665827,0.1552132701419962,0.2638469282438946,0.9553833007811917,0.15197215777244552
medium,20000,334,CNN-refined Hough vectors from distance-to-stroke,4,5,1,0.7418404390420901,0.5853398645379777,0.7421875,1.0,0.8,0,0,125,136,285,15838,0.47892720306329917,0.3048780487797442,0.3725782409542446,0.9743041992186905,0.22893772893730965
medium,20000,335,CNN-refined Hough vectors from distance-to-stroke,4,3,1,0.5726883127798095,0.6789071510957324,0.7109004739336493,0.2,0.75,2,1,125,27,416,15816,0.8223684210472213,0.2310536044358021,0.3607503604068639,0.9729614257811906,0.2200704225348238
medium,20000,336,CNN-refined Hough vectors from distance-to-stroke,1,0,1,0.25,0.0,0.0,1.0,0.0,0,0,0,0,55,16329,0.0,0.0,0.0,0.9966430664061892,0.0
medium,20000,337,CNN-refined Hough vectors from distance-to-stroke,3,0,3,0.25,0.0,0.0,1.0,0.0,0,0,0,0,301,16083,0.0,0.0,0.0,0.98162841796869,0.0
medium,20000,338,CNN-refined Hough vectors from distance-to-stroke,3,1,2,0.4678156342182891,0.29,0.26991150442477874,1.0,0.33333333333333337,0,0,31,31,472,15850,0.4999999999919355,0.06163021868775024,0.10973451307856215,0.9692993164061908,0.05805243445682013
medium,20000,339,CNN-refined Hough vectors from distance-to-stroke,3,2,1,0.6604872105295834,0.40507129405434494,0.8076923076923077,1.0,0.6666666666666667,0,0,33,74,127,16150,0.30841121495038865,0.20624999999871096,0.24719101075380495,0.9877319335936897,0.14102564102503837
medium,20000,340,CNN-refined Hough vectors from distance-to-stroke,3,1,2,0.5545454545454546,0.45454545454545453,0.33333333333333337,1.0,0.33333333333333337,0,0,53,0,229,16102,0.9999999999811321,0.18794326241068107,0.3164179101795144,0.9860229492186898,0.18794326241068107
medium,20000,341,CNN-refined Hough vectors from distance-to-stroke,4,3,1,0.7735851449275362,0.5974999999999999,0.8985507246376812,1.0,0.75,0,0,68,58,74,16184,0.5396825396782565,0.4788732394332474,0.5074626860651593,0.9919433593749394,0.3399999999983
medium,20000,342,CNN-refined Hough vectors from distance-to-stroke,3,3,0,0.7884328047986525,0.5874212012221063,0.8704663212435233,1.0,1.0,0,0,122,74,377,15811,0.622448979588661,0.24448897795542188,0.35107913628467263,0.9724731445311906,0.2129144851654225
medium,20000,343,CNN-refined Hough vectors from distance-to-stroke,3,2,1,0.48206388888888885,0.5391049382716049,0.864,0.0,0.6666666666666667,1,0,65,45,226,16048,0.590909090903719,0.22336769759373415,0.32418952578478993,0.9834594726561899,0.1934523809518052
medium,20000,344,CNN-refined Hough vectors from distance-to-stroke,3,0,3,0.25,0.0,0.0,1.0,0.0,0,0,0,0,548,15836,0.0,0.0,0.0,0.9665527343749409,0.0
medium,20000,345,CNN-refined Hough vectors from distance-to-stroke,2,1,1,0.3946093666273711,0.636766334440753,0.29032258064516125,0.0,0.5,1,0,1,45,280,16058,0.02173913043431002,0.0035587188611973,0.006116207709265036,0.9801635742186902,0.0030674846625672776
medium,20000,346,CNN-refined Hough vectors from distance-to-stroke,3,2,1,0.43757511737089205,0.04333333333333333,0.5070422535211268,1.0,0.6666666666666667,0,0,8,66,219,16091,0.10810810810664719,0.03524229074874343,0.05315614580823612,0.98260498046869,0.02730375426611842
medium,20000,347,CNN-refined Hough vectors from distance-to-stroke,1,1,0,0.9414999999999999,0.8699999999999999,1.0,1.0,1.0,0,0,106,1,217,16060,0.9906542055982182,0.3281733746119871,0.4930232554378259,0.9866943359374397,0.32716049382615076
medium,20000,348,CNN-refined Hough vectors from distance-to-stroke,4,0,4,0.25,0.0,0.0,1.0,0.0,0,0,0,0,278,16106,0.0,0.0,0.0,0.9830322265624399,0.0
medium,20000,349,CNN-refined Hough vectors from distance-to-stroke,4,2,2,0.6678269246748931,0.4835381842019011,0.7511737089201878,1.0,0.5,0,0,106,56,186,16036,0.654320987650282,0.3630136986288938,0.4669603519618467,0.9852294921874398,0.30459770114855
medium,20000,350,CNN-refined Hough vectors from distance-to-stroke,1,0,1,0.25,0.0,0.0,1.0,0.0,0,0,0,0,34,16350,0.0,0.0,0.0,0.997924804687439,0.0
medium,20000,351,CNN-refined Hough vectors from distance-to-stroke,1,0,1,0.25,0.0,0.0,1.0,0.0,0,0,0,0,88,16296,0.0,0.0,0.0,0.9946289062499393,0.0
medium,20000,352,CNN-refined Hough vectors from distance-to-stroke,1,0,1,0.25,0.0,0.0,1.0,0.0,0,0,0,0,151,16233,0.0,0.0,0.0,0.9907836914061895,0.0
medium,20000,353,CNN-refined Hough vectors from distance-to-stroke,1,1,0,0.6162957746478873,0.26,0.7464788732394366,1.0,1.0,0,0,9,45,213,16117,0.16666666666358027,0.040540540540357925,0.06521739098913043,0.9842529296874399,0.03370786516841308
medium,20000,354,CNN-refined Hough vectors from distance-to-stroke,4,3,1,0.38012237762237766,0.2833333333333333,0.8881118881118881,0.0,0.75,0,1,12,110,223,16039,0.09836065573689869,0.051063829787016755,0.06722689030602047,0.9796752929686902,0.03478260869555136
medium,20000,355,CNN-refined Hough vectors from distance-to-stroke,1,0,1,0.25,0.0,0.0,1.0,0.0,0,0,0,0,100,16284,0.0,0.0,0.0,0.9938964843749393,0.0
medium,20000,356,CNN-refined Hough vectors from distance-to-stroke,4,2,2,0.34374703949436775,0.401388594552592,0.5656108597285068,0.0,0.5,2,0,95,32,354,15903,0.7480314960571021,0.21158129175899426,0.3298611107662219,0.9764404296874404,0.1975051975047869
medium,20000,357,CNN-refined Hough vectors from distance-to-stroke,5,1,4,0.15048497396323482,0.22126022126022124,0.15458937198067635,0.0,0.19999999999999996,2,0,0,33,392,15959,0.0,0.0,0.0,0.9740600585936905,0.0
medium,20000,358,CNN-refined Hough vectors from distance-to-stroke,4,2,2,0.6016002155172414,0.365625,0.6853448275862069,1.0,0.5,0,0,95,66,488,15735,0.5900621117975773,0.16295025728960044,0.2553763437461954,0.966186523437441,0.1463790446839039
medium,20000,359,CNN-refined Hough vectors from distance-to-stroke,2,1,1,0.509625,0.3458333333333333,0.27,1.0,0.5,0,0,0,28,248,16108,0.0,0.0,0.0,0.9831542968749399,0.0
medium,20000,360,CNN-refined Hough vectors from distance-to-stroke,1,0,1,0.25,0.0,0.0,1.0,0.0,0,0,0,0,59,16325,0.0,0.0,0.0,0.9963989257811892,0.0
medium,20000,361,CNN-refined Hough vectors from distance-to-stroke,5,1,4,0.4611242334771747,0.2574002574002574,0.3764705882352941,1.0,0.19999999999999996,0,0,0,97,525,15762,0.0,0.0,0.0,0.9620361328124413,0.0
medium,20000,362,CNN-refined Hough vectors from distance-to-stroke,2,3,1,0.8003428801472279,0.7550241545893719,0.7195767195767195,1.0,0.6666666666666667,0,0,118,74,204,15988,0.6145833333301324,0.3664596273280545,0.4591439684017926,0.9830322265624399,0.2979797979790455
medium,20000,363,CNN-refined Hough vectors from distance-to-stroke,2,0,2,0.25,0.0,0.0,1.0,0.0,0,0,0,0,139,16245,0.0,0.0,0.0,0.9915161132811895,0.0
medium,20000,364,CNN-refined Hough vectors from distance-to-stroke,2,0,2,0.25,0.0,0.0,1.0,0.0,0,0,0,0,153,16231,0.0,0.0,0.0,0.9906616210936895,0.0
medium,20000,365,CNN-refined Hough vectors from distance-to-stroke,4,0,4,0.0,0.0,0.0,0.0,0.0,1,0,0,0,623,15761,0.0,0.0,0.0,0.9619750976561913,0.0
medium,20000,366,CNN-refined Hough vectors from distance-to-stroke,5,0,5,0.0,0.0,0.0,0.0,0.0,2,0,0,0,781,15603,0.0,0.0,0.0,0.9523315429686918,0.0
medium,20000,367,CNN-refined Hough vectors from distance-to-stroke,1,2,1,0.5584457755359395,0.29017094017094014,0.639344262295082,1.0,0.5,0,0,13,50,27,16294,0.20634920634593099,0.324999999991875,0.25242718398604963,0.9953002929686893,0.1444444444428395
medium,20000,368,CNN-refined Hough vectors from distance-to-stroke,3,2,1,0.65153367003367,0.4444855967078189,0.6742424242424243,1.0,0.6666666666666667,0,0,0,91,219,16074,0.0,0.0,0.0,0.98107910156244,0.0
medium,20000,369,CNN-refined Hough vectors from distance-to-stroke,2,3,1,0.819995684183803,0.7253465346534653,0.8846153846153846,1.0,0.6666666666666667,0,0,74,111,419,15780,0.39999999999783786,0.1501014198779917,0.2182890851482627,0.9676513671874409,0.12251655629118789
medium,20000,370,CNN-refined Hough vectors from distance-to-stroke,4,2,2,0.5493157588679978,0.2864838864838865,0.6019900497512438,1.0,0.5,0,0,70,53,362,15899,0.5691056910522837,0.16203703703666195,0.25225225190633227,0.9746704101561905,0.14432989690691891
medium,20000,371,CNN-refined Hough vectors from distance-to-stroke,4,2,2,0.49982021584627534,0.19977011494252872,0.549618320610687,1.0,0.5,0,0,21,53,202,16108,0.28378378377994884,0.09417040358702167,0.1414141410390323,0.9844360351561899,0.07608695652146345
medium,20000,372,CNN-refined Hough vectors from distance-to-stroke,2,1,1,0.6733870967741936,0.5,0.7419354838709677,1.0,0.5,0,0,70,0,227,16087,0.9999999999857142,0.23569023568944214,0.38147138933498653,0.9861450195311898,0.23569023568944214
medium,20000,373,CNN-refined Hough vectors from distance-to-stroke,2,1,1,0.6698762723762725,0.5456709956709956,0.6216216216216216,1.0,0.5,0,0,46,1,141,16196,0.9787234042344953,0.2459893048115188,0.39316239283800863,0.9913330078124395,0.24468085106252832
medium,20000,374,CNN-refined Hough vectors from distance-to-stroke,1,0,1,0.25,0.0,0.0,1.0,0.0,0,0,0,0,211,16173,0.0,0.0,0.0,0.9871215820311897,0.0
medium,20000,375,CNN-refined Hough vectors from distance-to-stroke,1,0,1,0.25,0.0,0.0,1.0,0.0,0,0,0,0,62,16322,0.0,0.0,0.0,0.9962158203124392,0.0
medium,20000,376,CNN-refined Hough vectors from distance-to-stroke,4,1,3,0.16259370314842578,0.2260536398467433,0.17934782608695654,0.0,0.25,2,0,30,4,358,15992,0.8823529411505191,0.07731958762866671,0.1421800946379012,0.9779052734374403,0.07653061224470273
medium,20000,377,CNN-refined Hough vectors from distance-to-stroke,3,1,2,0.4926922132154262,0.29951690821256044,0.3728813559322034,1.0,0.33333333333333337,0,0,67,0,483,15834,0.9999999999850746,0.12181818181796034,0.21717990256096706,0.9705200195311907,0.12181818181796034
medium,20000,378,CNN-refined Hough vectors from distance-to-stroke,1,1,0,0.9002912087912087,0.793076923076923,0.967032967032967,1.0,1.0,0,0,44,45,48,16247,0.49438202246635526,0.4782608695600189,0.48618784479863253,0.9943237304686893,0.3211678832093346
medium,20000,379,CNN-refined Hough vectors from distance-to-stroke,3,1,2,0.47657801418439716,0.21666666666666667,0.4787234042553191,1.0,0.33333333333333337,0,0,81,10,502,15791,0.8901098901001087,0.13893653516271195,0.24035608285176852,0.9687499999999408,0.13659359190533457
medium,20000,380,CNN-refined Hough vectors from distance-to-stroke,4,4,0,0.5537150783675261,0.6251780913978495,0.8619246861924686,0.0,1.0,0,1,166,32,343,15843,0.8383838383796042,0.3261296660111471,0.46958981571989145,0.9771118164061904,0.3068391866907452
medium,20000,381,CNN-refined Hough vectors from distance-to-stroke,2,1,1,0.3875777914161919,0.5090690208667736,0.542483660130719,0.0,0.5,1,0,84,0,295,16005,0.9999999999880952,0.2216358839044284,0.36285097162365826,0.98199462890619,0.2216358839044284
medium,20000,382,CNN-refined Hough vectors from distance-to-stroke,1,0,1,0.25,0.0,0.0,1.0,0.0,0,0,0,0,74,16310,0.0,0.0,0.0,0.9954833984374392,0.0
medium,20000,383,CNN-refined Hough vectors from distance-to-stroke,3,2,1,0.27198039215686276,0.1948148148148148,0.5882352941176471,0.0,0.6666666666666667,0,1,15,36,250,16083,0.29411764705305654,0.05660377358469206,0.09493670858946883,0.98254394531244,0.04983388704302381
medium,20000,384,CNN-refined Hough vectors from distance-to-stroke,5,1,4,0.1722248243559719,0.23809523809523808,0.22540983606557374,0.0,0.19999999999999996,1,0,0,56,581,15747,0.0,0.0,0.0,0.9611206054686913,0.0
medium,20000,385,CNN-refined Hough vectors from distance-to-stroke,5,3,2,0.34960402684563757,0.22,0.9530201342281879,0.0,0.6,0,1,61,80,253,15990,0.4326241134721091,0.1942675159229482,0.2681318677029731,0.9796752929686902,0.15482233502498777
medium,20000,386,CNN-refined Hough vectors from distance-to-stroke,2,1,1,0.6881431139481988,0.59317998385795,0.6060606060606061,1.0,0.5,0,0,61,0,235,16088,0.9999999999836067,0.20608108108038486,0.34173669439261195,0.9856567382811898,0.20608108108038486
medium,20000,387,CNN-refined Hough vectors from distance-to-stroke,3,3,0,0.7135874426003181,0.5142191142191141,0.6609442060085837,1.0,1.0,0,0,0,236,431,15717,0.0,0.0,0.0,0.9592895507811914,0.0
medium,20000,388,CNN-refined Hough vectors from distance-to-stroke,5,3,2,0.4203314175308159,0.4488157894736842,0.79182156133829,0.0,0.6,1,0,125,63,509,15687,0.66489361701774,0.19716088328044612,0.3041362526878186,0.965087890624941,0.17934002869414728
medium,20000,389,CNN-refined Hough vectors from distance-to-stroke,2,1,1,0.5316341463414634,0.26,0.5731707317073171,1.0,0.5,0,0,0,48,220,16116,0.0,0.0,0.0,0.9836425781249399,0.0
medium,20000,390,CNN-refined Hough vectors from distance-to-stroke,1,0,1,0.25,0.0,0.0,1.0,0.0,0,0,0,0,206,16178,0.0,0.0,0.0,0.9874267578124397,0.0
medium,20000,391,CNN-refined Hough vectors from distance-to-stroke,5,2,3,0.22714306269270298,0.2735873015873016,0.32014388489208634,0.0,0.4,1,0,51,40,705,15588,0.5604395604334017,0.06746031746022822,0.12042502932386409,0.9545288085936917,0.06407035175871348
medium,20000,392,CNN-refined Hough vectors from distance-to-stroke,1,0,1,0.25,0.0,0.0,1.0,0.0,0,0,0,0,78,16306,0.0,0.0,0.0,0.9952392578124393,0.0
medium,20000,393,CNN-refined Hough vectors from distance-to-stroke,1,1,0,0.8342987012987012,0.649090909090909,0.961038961038961,1.0,1.0,0,0,19,56,59,16250,0.25333333332995556,0.24358974358662064,0.24836601256884103,0.9929809570311894,0.14179104477506127
medium,20000,394,CNN-refined Hough vectors from distance-to-stroke,5,1,4,0.15907572690467425,0.23757309941520469,0.16083916083916083,0.0,0.19999999999999996,2,0,47,0,801,15536,0.9999999999787235,0.05542452830182144,0.10502793286114664,0.9511108398436919,0.05542452830182144
medium,20000,395,CNN-refined Hough vectors from distance-to-stroke,2,1,1,0.6867677535230727,0.5939716312056738,0.5974025974025974,1.0,0.5,0,0,47,0,167,16170,0.9999999999787235,0.2196261682232728,0.36015325640692303,0.9898071289061896,0.2196261682232728
medium,20000,396,CNN-refined Hough vectors from distance-to-stroke,4,4,0,0.690520032051282,0.7040046296296296,0.9935897435897436,0.3,1.0,2,1,110,202,459,15613,0.35256410256297255,0.19332161687136498,0.2497162310970327,0.9596557617186914,0.1426718547339265
medium,20000,397,CNN-refined Hough vectors from distance-to-stroke,1,1,0,0.7078604651162791,0.3714728682170542,0.9534883720930233,1.0,1.0,0,0,14,28,30,16312,0.33333333332539683,0.3181818181745868,0.325581394841536,0.9964599609374392,0.19444444444174383
medium,20000,398,CNN-refined Hough vectors from distance-to-stroke,4,2,2,0.5748113472784526,0.3067982456140351,0.6837606837606838,1.0,0.5,0,0,48,34,133,16169,0.5853658536513979,0.26519337016428074,0.3650190109749165,0.9898071289061896,0.22325581395244998
medium,20000,399,CNN-refined Hough vectors from distance-to-stroke,5,2,3,0.49809926199262,0.18200000000000002,0.6309963099630996,1.0,0.4,0,0,29,144,263,15948,0.16763005780249926,0.09931506849281056,0.12473118232790842,0.9751586914061905,0.06651376146773735
medium,20000,400,CNN-refined Hough vectors from distance-to-stroke,1,0,1,0.25,0.0,0.0,1.0,0.0,0,0,0,0,124,16260,0.0,0.0,0.0,0.9924316406249394,0.0
medium,20000,401,CNN-refined Hough vectors from distance-to-stroke,5,3,2,0.6737956049161997,0.4828861991768343,0.7324840764331211,1.0,0.6,0,0,129,104,705,15446,0.5536480686671518,0.1546762589926203,0.2417994373339049,0.9506225585936919,0.13752665245187898
medium,20000,402,CNN-refined Hough vectors from distance-to-stroke,5,1,4,0.214081336238199,0.29411764705882354,0.308641975308642,0.0,0.19999999999999996,2,0,101,0,619,15664,0.9999999999900989,0.14027777777758296,0.2460414126947115,0.9622192382811913,0.14027777777758296
medium,20000,403,CNN-refined Hough vectors from distance-to-stroke,1,1,0,0.8383571428571428,0.6566666666666666,0.9642857142857143,1.0,1.0,0,0,54,1,119,16210,0.9818181818003306,0.31213872832189515,0.4736842101560865,0.9926757812499394,0.31034482758442333
medium,20000,404,CNN-refined Hough vectors from distance-to-stroke,3,3,0,0.8196774589158695,0.6522633744855967,0.880794701986755,1.0,1.0,0,0,56,98,245,15985,0.36363636363400237,0.18604651162728889,0.24615384570495355,0.9790649414061903,0.1403508771926307
medium,20000,405,CNN-refined Hough vectors from distance-to-stroke,3,2,1,0.5980454545454545,0.2077777777777778,0.9393939393939394,1.0,0.6666666666666667,0,0,26,69,104,16185,0.2736842105234349,0.19999999999846155,0.23111111062115555,0.9894409179686896,0.13065326633100174
medium,20000,406,CNN-refined Hough vectors from distance-to-stroke,1,1,0,0.6255000000000001,0.39,0.5,1.0,1.0,0,0,0,29,173,16182,0.0,0.0,0.0,0.9876708984374397,0.0
medium,20000,407,CNN-refined Hough vectors from distance-to-stroke,5,2,3,0.355509275670566,0.4601874827681279,0.5421245421245422,0.0,0.4,2,0,150,0,425,15809,0.9999999999933334,0.2608695652169376,0.41379310311895356,0.9740600585936905,0.2608695652169376
medium,20000,408,CNN-refined Hough vectors from distance-to-stroke,5,3,2,0.44312198288532034,0.48047890681150324,0.8345323741007195,0.0,0.6,1,0,83,152,538,15611,0.3531914893601992,0.1336553945247445,0.1939252332460777,0.9578857421874415,0.1073738680464329
medium,20000,409,CNN-refined Hough vectors from distance-to-stroke,4,2,2,0.38036164732625716,0.02523510971786834,0.3450292397660819,1.0,0.5,0,0,21,33,461,15869,0.38888888888168727,0.04356846473020007,0.0783582087737386,0.9698486328124408,0.040776699029047035
medium,20000,410,CNN-refined Hough vectors from distance-to-stroke,1,1,0,0.6578076923076923,0.25666666666666665,0.9615384615384616,1.0,1.0,0,0,14,13,66,16291,0.5185185184993141,0.1749999999978125,0.2616822426084374,0.9951782226561893,0.15053763440698345
medium,20000,411,CNN-refined Hough vectors from distance-to-stroke,2,1,1,0.6130508021390375,0.3562745098039216,0.7636363636363637,1.0,0.5,0,0,70,15,270,16029,0.8235294117550173,0.20588235294057095,0.3294117643843322,0.98260498046869,0.19718309859099387
medium,20000,412,CNN-refined Hough vectors from distance-to-stroke,5,4,1,0.723910994041465,0.4333287790293422,0.9945652173913043,1.0,0.8,0,0,109,79,405,15791,0.5797872340394693,0.21206225680892596,0.3105413101482537,0.9704589843749407,0.1838111298479194
medium,20000,413,CNN-refined Hough vectors from distance-to-stroke,3,1,2,0.35857757137942897,0.07585139318885448,0.2055555555555556,1.0,0.33333333333333337,0,0,18,20,465,15881,0.47368421051385046,0.037267080745264455,0.06909788854012475,0.9703979492186907,0.03578528827030659
medium,20000,414,CNN-refined Hough vectors from distance-to-stroke,2,1,1,0.554857843137255,0.33759259259259256,0.5147058823529411,1.0,0.5,0,0,18,18,124,16224,0.49999999998611117,0.126760563379389,0.202247190686277,0.9913330078124395,0.11249999999929688
medium,20000,415,CNN-refined Hough vectors from distance-to-stroke,5,3,2,0.575350282906492,0.5089975845410628,0.9315068493150684,0.4,0.6,1,2,180,25,451,15728,0.8780487804835218,0.28526148969843856,0.4306220091981782,0.9709472656249407,0.27439024390202077
medium,20000,416,CNN-refined Hough vectors from distance-to-stroke,2,1,1,0.6280844155844156,0.43939393939393934,0.6517857142857143,1.0,0.5,0,0,0,74,192,16118,0.0,0.0,0.0,0.9837646484374399,0.0
medium,20000,417,CNN-refined Hough vectors from distance-to-stroke,1,0,1,0.25,0.0,0.0,1.0,0.0,0,0,0,0,216,16168,0.0,0.0,0.0,0.9868164062499397,0.0
medium,20000,418,CNN-refined Hough vectors from distance-to-stroke,3,1,2,0.5332363184079603,0.29,0.5970149253731343,1.0,0.33333333333333337,0,0,41,0,179,16164,0.9999999999756098,0.18636363636278927,0.3141762449434976,0.9890747070311896,0.18636363636278927
medium,20000,419,CNN-refined Hough vectors from distance-to-stroke,4,2,2,0.4045693191140279,0.4483091787439614,0.7641509433962264,0.0,0.5,1,0,108,56,337,15883,0.6585365853618382,0.24269662921293778,0.35467980256095083,0.9760131835936904,0.21556886227501884
medium,20000,420,CNN-refined Hough vectors from distance-to-stroke,2,2,0,0.809109756097561,0.63,0.8780487804878049,1.0,1.0,0,0,33,41,141,16169,0.44594594593991965,0.18965517241270313,0.26612903183721387,0.9888916015624396,0.15348837209230937
medium,20000,421,CNN-refined Hough vectors from distance-to-stroke,1,1,0,0.675448717948718,0.29017094017094014,0.9743589743589743,1.0,1.0,0,0,32,7,90,16255,0.8205128204917818,0.2622950819650631,0.397515527578257,0.9940795898436893,0.24806201550195303
medium,20000,422,CNN-refined Hough vectors from distance-to-stroke,3,0,3,0.25,0.0,0.0,1.0,0.0,0,0,0,0,620,15764,0.0,0.0,0.0,0.9621582031249413,0.0
medium,20000,423,CNN-refined Hough vectors from distance-to-stroke,1,0,1,0.25,0.0,0.0,1.0,0.0,0,0,0,0,384,16000,0.0,0.0,0.0,0.9765624999999404,0.0
medium,20000,424,CNN-refined Hough vectors from distance-to-stroke,2,0,2,0.25,0.0,0.0,1.0,0.0,0,0,0,0,78,16306,0.0,0.0,0.0,0.9952392578124393,0.0
medium,20000,425,CNN-refined Hough vectors from distance-to-stroke,4,2,2,0.2404858961128311,0.2179738562091503,0.4619883040935673,0.0,0.5,2,0,35,46,449,15854,0.4320987654267642,0.07231404958662745,0.12389380506367609,0.9697875976561908,0.06603773584893201
medium,20000,426,CNN-refined Hough vectors from distance-to-stroke,2,2,0,0.8876591235632184,0.874236111111111,0.9712643678160919,0.8,1.0,1,1,170,0,357,15857,0.9999999999941177,0.32258064516067825,0.4878048776785527,0.9782104492186903,0.32258064516067825
medium,20000,427,CNN-refined Hough vectors from distance-to-stroke,2,2,0,0.9018704508768067,0.803098356445814,0.9523809523809523,1.0,1.0,0,0,88,54,367,15875,0.6197183098547908,0.19340659340616834,0.29480736982070604,0.9743041992186905,0.1728880157167527
medium,20000,428,CNN-refined Hough vectors from distance-to-stroke,5,3,2,0.4004191450751084,0.48125763125763127,0.6192660550458715,0.0,0.6,2,0,42,96,237,16009,0.30434782608475114,0.1505376344080626,0.20143884847706292,0.9796752929686902,0.11199999999970134
medium,20000,429,CNN-refined Hough vectors from distance-to-stroke,4,1,3,0.41970689655172416,0.13,0.43103448275862066,1.0,0.25,0,0,51,50,459,15824,0.5049504950445054,0.09999999999980393,0.16693944325868623,0.9689331054686908,0.09107142857126595
medium,20000,430,CNN-refined Hough vectors from distance-to-stroke,3,1,2,0.5036147508437562,0.27946859903381643,0.4726027397260274,1.0,0.33333333333333337,0,0,58,12,260,16054,0.8285714285595918,0.18238993710634469,0.29896907186767985,0.9833984374999399,0.17575757575704318
medium,20000,431,CNN-refined Hough vectors from distance-to-stroke,2,2,0,0.8182845744680851,0.5961879432624114,1.0,1.0,1.0,0,0,47,82,180,16075,0.3643410852684935,0.20704845814886763,0.26404494335663115,0.9840087890624399,0.15210355987005791
medium,20000,432,CNN-refined Hough vectors from distance-to-stroke,2,0,2,0.0,0.0,0.0,0.0,0.0,1,0,0,0,213,16171,0.0,0.0,0.0,0.9869995117186897,0.0
medium,20000,433,CNN-refined Hough vectors from distance-to-stroke,1,0,1,0.25,0.0,0.0,1.0,0.0,0,0,0,0,148,16236,0.0,0.0,0.0,0.9909667968749395,0.0
medium,20000,434,CNN-refined Hough vectors from distance-to-stroke,3,2,1,0.4391324088833717,0.5127810144498206,0.7085714285714286,0.0,0.6666666666666667,1,0,115,11,376,15882,0.912698412691169,0.23421588594656984,0.3727714745522146,0.9763793945311904,0.22908366533818908
medium,20000,435,CNN-refined Hough vectors from distance-to-stroke,3,0,3,0.0,0.0,0.0,0.0,0.0,2,0,0,0,282,16102,0.0,0.0,0.0,0.9827880859374399,0.0
medium,20000,436,CNN-refined Hough vectors from distance-to-stroke,3,1,2,0.27314814814814814,0.30952380952380953,0.5026455026455027,0.0,0.33333333333333337,1,0,96,0,95,16193,0.9999999999895833,0.5026178010444889,0.6689895465884496,0.9942016601561893,0.5026178010444889
medium,20000,437,CNN-refined Hough vectors from distance-to-stroke,1,1,0,0.9414999999999999,0.8699999999999999,1.0,1.0,1.0,0,0,40,0,86,16258,0.9999999999750001,0.3174603174577979,0.4819277104717666,0.9947509765624393,0.3174603174577979
medium,20000,438,CNN-refined Hough vectors from distance-to-stroke,3,2,1,0.7378024726992832,0.6097560975609756,0.7337278106508875,1.0,0.6666666666666667,0,0,125,1,401,15857,0.9920634920556185,0.237642585550879,0.3834355825090989,0.9754638671874404,0.23719165085343988
medium,20000,439,CNN-refined Hough vectors from distance-to-stroke,1,1,0,0.6814583333333333,0.3013888888888889,0.9791666666666666,1.0,1.0,0,0,12,36,37,16299,0.2499999999947917,0.24489795917867557,0.2474226799073228,0.9955444335936892,0.1411764705865744
medium,20000,440,CNN-refined Hough vectors from distance-to-stroke,5,0,5,0.0,0.0,0.0,0.0,0.0,2,0,0,0,621,15763,0.0,0.0,0.0,0.9620971679686913,0.0
medium,20000,441,CNN-refined Hough vectors from distance-to-stroke,3,0,3,0.25,0.0,0.0,1.0,0.0,0,0,0,0,347,16037,0.0,0.0,0.0,0.9788208007811903,0.0
medium,20000,442,CNN-refined Hough vectors from distance-to-stroke,1,0,1,0.25,0.0,0.0,1.0,0.0,0,0,0,0,203,16181,0.0,0.0,0.0,0.9876098632811897,0.0
medium,20000,443,CNN-refined Hough vectors from distance-to-stroke,3,2,1,0.745343137254902,0.55,0.9058823529411765,1.0,0.6666666666666667,0,0,1,78,207,16098,0.012658227847941034,0.004807692307669194,0.006968640715948983,0.98260498046869,0.003496503496491271
medium,20000,444,CNN-refined Hough vectors from distance-to-stroke,4,2,2,0.39291666666666664,0.058333333333333334,0.33333333333333337,1.0,0.5,0,0,21,23,236,16104,0.4772727272618802,0.0817120622564914,0.13953488347038115,0.9841918945311899,0.07499999999973214
medium,20000,445,CNN-refined Hough vectors from distance-to-stroke,2,1,1,0.7082715363373072,0.6049269212635549,0.6802721088435374,1.0,0.5,0,0,101,0,329,15954,0.9999999999900989,0.23488372092968632,0.3804143123082128,0.9799194335936902,0.23488372092968632
medium,20000,446,CNN-refined Hough vectors from distance-to-stroke,3,3,0,0.7007037460618877,0.4499298932094236,0.7411764705882353,1.0,1.0,0,0,68,61,363,15892,0.5271317829416502,0.15777262180937873,0.2428571425016901,0.9741210937499405,0.13821138211354023
medium,20000,447,CNN-refined Hough vectors from distance-to-stroke,3,0,3,0.25,0.0,0.0,1.0,0.0,0,0,0,0,374,16010,0.0,0.0,0.0,0.9771728515624404,0.0
medium,20000,448,CNN-refined Hough vectors from distance-to-stroke,5,4,1,0.6454676104676105,0.546384479717813,0.972972972972973,0.5,0.8,1,2,80,102,198,16004,0.43956043955802443,0.28776978417162674,0.3478260864767864,0.98168945312494,0.21052631578891967
medium,20000,449,CNN-refined Hough vectors from distance-to-stroke,1,0,1,0.25,0.0,0.0,1.0,0.0,0,0,0,0,126,16258,0.0,0.0,0.0,0.9923095703124394,0.0
medium,20000,450,CNN-refined Hough vectors from distance-to-stroke,2,1,1,0.5689236111111111,0.40625,0.4305555555555556,1.0,0.5,0,0,32,0,136,16216,0.9999999999687501,0.1904761904750567,0.31999999972800003,0.9916992187499395,0.1904761904750567
medium,20000,451,CNN-refined Hough vectors from distance-to-stroke,3,4,1,0.6113996403186976,0.5970497057587221,0.9636363636363636,0.3,0.75,1,2,96,65,187,16036,0.5962732919217624,0.33922261483979077,0.4324324319682352,0.9846191406249398,0.27586206896472454
medium,20000,452,CNN-refined Hough vectors from distance-to-stroke,5,2,3,0.4065623376060974,0.11914251207729468,0.31474103585657376,1.0,0.4,0,0,34,47,679,15624,0.41975308641457093,0.04768583450203691,0.08564231719692086,0.9556884765624416,0.044736842105204296
medium,20000,453,CNN-refined Hough vectors from distance-to-stroke,5,1,4,0.4216466580142765,0.14130434782608695,0.4402985074626866,1.0,0.19999999999999996,0,0,2,58,248,16076,0.03333333333277778,0.007999999999968,0.012903225494193555,0.98132324218744,0.006493506493485411
medium,20000,454,CNN-refined Hough vectors from distance-to-stroke,2,1,1,0.42347585513078473,0.09285714285714285,0.4084507042253521,1.0,0.5,0,0,5,25,143,16211,0.1666666666611111,0.03378378378355552,0.056179775,0.9897460937499396,0.02890173410387918
medium,20000,455,CNN-refined Hough vectors from distance-to-stroke,4,2,2,0.367474358974359,0.3522222222222222,0.7948717948717949,0.0,0.5,0,1,64,61,360,15899,0.511999999995904,0.1509433962260591,0.23315118361831583,0.9743041992186905,0.13195876288632585
medium,20000,456,CNN-refined Hough vectors from distance-to-stroke,4,3,1,0.4761213971612679,0.5030531609195402,0.8737373737373737,0.0,0.75,0,1,68,107,590,15619,0.3885714285692082,0.10334346504543565,0.16326530579015955,0.9574584960936915,0.0888888888887727
medium,20000,457,CNN-refined Hough vectors from distance-to-stroke,2,1,1,0.5426587301587302,0.25,0.6507936507936508,1.0,0.5,0,0,26,16,188,16154,0.6190476190328799,0.12149532710223601,0.2031249997241211,0.9875488281249397,0.11304347826037808
medium,20000,458,CNN-refined Hough vectors from distance-to-stroke,1,0,1,0.25,0.0,0.0,1.0,0.0,0,0,0,0,36,16348,0.0,0.0,0.0,0.997802734374939,0.0
medium,20000,459,CNN-refined Hough vectors from distance-to-stroke,4,2,2,0.27105172727044907,0.337969355620155,0.3448275862068966,0.0,0.5,1,0,71,1,432,15880,0.9861111110974151,0.14115308151065378,0.24695652151919545,0.9735717773436906,0.14087301587273637
medium,20000,460,CNN-refined Hough vectors from distance-to-stroke,2,0,2,0.25,0.0,0.0,1.0,0.0,0,0,0,0,232,16152,0.0,0.0,0.0,0.9858398437499398,0.0
medium,20000,461,CNN-refined Hough vectors from distance-to-stroke,5,3,2,0.6285121175675898,0.3805763784774279,0.7362637362637363,1.0,0.6,0,0,66,71,326,15921,0.48175182481400186,0.168367346938346,0.2495274098231782,0.9757690429686904,0.14254859611200313
medium,20000,462,CNN-refined Hough vectors from distance-to-stroke,4,1,3,0.1641750295159386,0.23214285714285715,0.17355371900826444,0.0,0.25,2,0,5,38,337,16004,0.1162790697647377,0.014619883040892925,0.02597402577546298,0.9771118164061904,0.01315789473680748
medium,20000,463,CNN-refined Hough vectors from distance-to-stroke,5,2,3,0.28711801242236024,0.31359558316080055,0.53,0.0,0.4,1,1,22,85,374,15903,0.20560747663359244,0.05555555555541526,0.08747514877007535,0.9719848632811906,0.04573804573795065
medium,20000,464,CNN-refined Hough vectors from distance-to-stroke,3,1,2,0.384706572769953,0.049999999999999996,0.3943661971830986,1.0,0.33333333333333337,0,0,19,10,237,16118,0.6551724137705113,0.07421874999971009,0.13333333314959683,0.9849243164061898,0.0714285714283029
medium,20000,465,CNN-refined Hough vectors from distance-to-stroke,2,1,1,0.6438981481481482,0.43499999999999994,0.7407407407407407,1.0,0.5,0,0,41,0,99,16244,0.9999999999756098,0.29285714285505104,0.4530386736777266,0.9939575195311893,0.29285714285505104
medium,20000,466,CNN-refined Hough vectors from distance-to-stroke,1,1,0,0.9011774193548387,0.7947311827956989,0.967741935483871,1.0,1.0,0,0,31,30,32,16291,0.5081967213031443,0.49206349205568156,0.49999999949206547,0.9962158203124392,0.33333333332974907
medium,20000,467,CNN-refined Hough vectors from distance-to-stroke,4,3,1,0.6703275474124075,0.523921568627451,0.7978142076502732,0.8,0.75,1,1,40,145,375,15824,0.2162162162150475,0.09638554216844245,0.13333333290636112,0.9682617187499408,0.07142857142844387
medium,20000,468,CNN-refined Hough vectors from distance-to-stroke,4,1,3,0.4544167748406892,0.211359649122807,0.42152466367713004,1.0,0.25,0,0,95,0,602,15687,0.9999999999894736,0.13629842180755194,0.2398989896872609,0.9632568359374412,0.13629842180755194
medium,20000,469,CNN-refined Hough vectors from distance-to-stroke,1,1,0,0.9005163934426229,0.7934972677595629,0.9672131147540983,1.0,1.0,0,0,60,0,132,16192,0.9999999999833334,0.3124999999983724,0.4761904758238852,0.9919433593749394,0.3124999999983724
medium,20000,470,CNN-refined Hough vectors from distance-to-stroke,2,0,2,0.25,0.0,0.0,1.0,0.0,0,0,0,0,189,16195,0.0,0.0,0.0,0.9884643554686896,0.0
medium,20000,471,CNN-refined Hough vectors from distance-to-stroke,1,0,1,0.25,0.0,0.0,1.0,0.0,0,0,0,0,12,16372,0.0,0.0,0.0,0.9992675781249389,0.0
medium,20000,472,CNN-refined Hough vectors from distance-to-stroke,1,1,0,0.5953787878787878,0.13787878787878785,0.9166666666666666,1.0,1.0,0,0,7,18,64,16295,0.2799999999888,0.09859154929438603,0.14583333294509548,0.9949951171874393,0.0786516853923747
medium,20000,473,CNN-refined Hough vectors from distance-to-stroke,2,2,0,0.5002346442775077,0.4693189964157707,0.9452054794520548,0.0,1.0,1,0,24,47,114,16199,0.33802816900932353,0.17391304347700065,0.2296650713195211,0.9901733398436895,0.1297297297290285
medium,20000,474,CNN-refined Hough vectors from distance-to-stroke,5,1,4,0.1428692699490662,0.1368421052631579,0.30645161290322576,0.0,0.19999999999999996,2,0,1,76,557,15750,0.012987012986844324,0.0017921146953372902,0.0031496060860909066,0.9613647460936913,0.001577287066243569
medium,20000,475,CNN-refined Hough vectors from distance-to-stroke,4,4,0,0.546857056720789,0.5604759990620708,0.9732142857142857,0.0,1.0,1,1,238,87,469,15590,0.7323076923054391,0.3366336633658605,0.4612403096451328,0.966064453124941,0.29974811083085673
medium,20000,476,CNN-refined Hough vectors from distance-to-stroke,4,1,3,0.4316312636165578,0.23284313725490197,0.2592592592592593,1.0,0.25,0,0,35,1,176,16172,0.9722222221952161,0.1658767772503987,0.283400809465292,0.9891967773436896,0.16509433962186276
medium,20000,477,CNN-refined Hough vectors from distance-to-stroke,1,0,1,0.25,0.0,0.0,1.0,0.0,0,0,0,0,212,16172,0.0,0.0,0.0,0.9870605468749397,0.0
medium,20000,478,CNN-refined Hough vectors from distance-to-stroke,3,2,1,0.619981826083521,0.3501165501165501,0.728813559322034,1.0,0.6666666666666667,0,0,56,32,293,16003,0.6363636363564049,0.16045845272160328,0.2562929058556729,0.9801635742186902,0.14698162729620215
medium,20000,479,CNN-refined Hough vectors from distance-to-stroke,2,1,1,0.6252954545454545,0.43499999999999994,0.6477272727272727,1.0,0.5,0,0,58,0,220,16106,0.9999999999827587,0.20863309352442938,0.3452380949503968,0.9865722656249397,0.20863309352442938
medium,20000,480,CNN-refined Hough vectors from distance-to-stroke,4,2,2,0.7050000000000001,0.5413255360623782,0.8070175438596492,1.0,0.5,0,0,186,0,451,15747,0.9999999999946237,0.29199372056469075,0.4520048599163655,0.9724731445311906,0.29199372056469075
medium,20000,481,CNN-refined Hough vectors from distance-to-stroke,5,1,4,0.16239620030748955,0.1579080459770115,0.356687898089172,0.0,0.19999999999999996,1,0,0,57,375,15952,0.0,0.0,0.0,0.9736328124999406,0.0
medium,20000,482,CNN-refined Hough vectors from distance-to-stroke,4,2,2,0.345238977760437,0.3146464646464647,0.7682403433476395,0.0,0.5,0,1,62,110,297,15915,0.3604651162769741,0.17270194986024318,0.23352165681160164,0.9751586914061905,0.13219616204662646
medium,20000,483,CNN-refined Hough vectors from distance-to-stroke,4,1,3,0.406,0.13,0.36250000000000004,1.0,0.25,0,0,33,26,387,15938,0.5593220338888251,0.0785714285712415,0.13778705615085363,0.9747924804686905,0.07399103138996863
medium,20000,484,CNN-refined Hough vectors from distance-to-stroke,3,3,0,0.5101088794926004,0.5495959595959596,0.813953488372093,0.0,1.0,1,0,105,73,392,15814,0.5898876404461243,0.21126760563337774,0.3111111107218612,0.9716186523436907,0.1842105263154663
medium,20000,485,CNN-refined Hough vectors from distance-to-stroke,1,0,1,0.25,0.0,0.0,1.0,0.0,0,0,0,0,21,16363,0.0,0.0,0.0,0.998718261718689,0.0
medium,20000,486,CNN-refined Hough vectors from distance-to-stroke,4,2,2,0.5337057926829268,0.23208333333333334,0.6463414634146342,1.0,0.5,0,0,39,16,135,16194,0.7090909090780165,0.22413793103319463,0.340611353343834,0.9907836914061895,0.2052631578936565
medium,20000,487,CNN-refined Hough vectors from distance-to-stroke,5,2,3,0.5579637518866547,0.2913814369411039,0.6842105263157895,1.0,0.4,0,0,77,68,440,15799,0.5310344827549585,0.14893617021247788,0.23262839844872266,0.9689941406249408,0.13162393162370664
medium,20000,488,CNN-refined Hough vectors from distance-to-stroke,5,4,1,0.7858916112058514,0.5934542264522795,0.9441860465116279,1.0,0.8,0,0,135,72,518,15659,0.6521739130403277,0.20673813169953026,0.3139534880058383,0.9639892578124412,0.1862068965514673
medium,20000,489,CNN-refined Hough vectors from distance-to-stroke,2,1,1,0.6514440459110474,0.41784313725490196,0.8170731707317074,1.0,0.5,0,0,34,34,82,16234,0.49999999999264705,0.2931034482733353,0.36956521692131383,0.9929199218749394,0.22666666666515556
medium,20000,490,CNN-refined Hough vectors from distance-to-stroke,1,0,1,0.25,0.0,0.0,1.0,0.0,0,0,0,0,263,16121,0.0,0.0,0.0,0.9839477539061899,0.0
medium,20000,491,CNN-refined Hough vectors from distance-to-stroke,4,4,0,0.5013534278959811,0.4512345679012346,0.9914893617021276,0.0,1.0,0,2,76,154,419,15735,0.330434782607259,0.15353535353504336,0.20965517198001615,0.965026855468691,0.11710323574712311
medium,20000,492,CNN-refined Hough vectors from distance-to-stroke,2,2,0,0.9146868161421194,0.8194854417670682,0.9795918367346939,1.0,1.0,0,0,104,42,219,16019,0.7123287671184088,0.32198142414761,0.4434968012750806,0.9840698242186899,0.28493150684853447
medium,20000,493,CNN-refined Hough vectors from distance-to-stroke,4,2,2,0.5979297053380441,0.42989354088387904,0.5223880597014925,1.0,0.5,0,0,106,1,459,15818,0.9906542055982182,0.1876106194686945,0.31547619020750517,0.9719238281249406,0.18727915194313202
medium,20000,494,CNN-refined Hough vectors from distance-to-stroke,1,1,0,0.7191351351351352,0.52,0.6756756756756757,1.0,1.0,0,0,0,51,231,16102,0.0,0.0,0.0,0.9827880859374399,0.0
medium,20000,495,CNN-refined Hough vectors from distance-to-stroke,2,1,1,0.51275,0.195,0.625,1.0,0.5,0,0,15,21,163,16185,0.4166666666550926,0.0842696629208749,0.14018691560669055,0.9887695312499396,0.07537688442173178
medium,20000,496,CNN-refined Hough vectors from distance-to-stroke,4,2,2,0.3666327152489626,0.38274305555555554,0.7219917012448133,0.0,0.5,1,0,157,19,526,15682,0.8920454545403862,0.229868228403763,0.36554132679789286,0.9667358398436909,0.22364672364640506
medium,20000,497,CNN-refined Hough vectors from distance-to-stroke,2,0,2,0.25,0.0,0.0,1.0,0.0,0,0,0,0,133,16251,0.0,0.0,0.0,0.9918823242186894,0.0
medium,20000,498,CNN-refined Hough vectors from distance-to-stroke,2,2,0,0.6772378829934877,0.3061426639621366,0.9473684210526316,1.0,1.0,0,0,23,87,93,16181,0.20909090908900826,0.19827586206725623,0.20353982250740071,0.9890136718749396,0.11330049261027932
medium,20000,499,CNN-refined Hough vectors from distance-to-stroke,3,4,1,0.6283076923076925,0.9133333333333333,0.7115384615384616,0.0,0.75,0,1,153,58,238,15935,0.7251184834088857,0.39130434782508616,0.5083056473835443,0.98193359374994,0.34075723830659077
medium,20000,500,CNN-refined Hough vectors from distance-to-stroke,3,3,0,0.7979642810500196,0.616528811690102,0.8526315789473684,1.0,1.0,0,0,74,86,265,15959,0.4624999999971094,0.2182890855450788,0.2965931859358959,0.9785766601561903,0.17411764705841384
medium,20000,501,CNN-refined Hough vectors from distance-to-stroke,2,1,1,0.6003327922077922,0.4625,0.461038961038961,1.0,0.5,0,0,36,36,96,16216,0.49999999999305555,0.27272727272520664,0.3529411760103807,0.9919433593749394,0.2142857142844388
medium,20000,502,CNN-refined Hough vectors from distance-to-stroke,4,0,4,0.0,0.0,0.0,0.0,0.0,1,0,0,0,207,16177,0.0,0.0,0.0,0.9873657226561897,0.0
medium,20000,503,CNN-refined Hough vectors from distance-to-stroke,5,0,5,0.25,0.0,0.0,1.0,0.0,0,0,0,0,798,15586,0.0,0.0,0.0,0.9512939453124419,0.0
medium,20000,504,CNN-refined Hough vectors from distance-to-stroke,1,1,0,0.7104444444444444,0.37629629629629624,0.9555555555555556,1.0,1.0,0,0,14,30,32,16308,0.3181818181745868,0.3043478260803403,0.31111111060444446,0.9962158203124392,0.18421052631336565
medium,20000,505,CNN-refined Hough vectors from distance-to-stroke,2,1,1,0.5519754464285714,0.2901041666666666,0.6071428571428572,1.0,0.5,0,0,26,9,127,16222,0.7428571428359184,0.16993464052176516,0.27659574437488693,0.9916992187499395,0.16049382715950314
medium,20000,506,CNN-refined Hough vectors from distance-to-stroke,1,0,1,0.25,0.0,0.0,1.0,0.0,0,0,0,0,56,16328,0.0,0.0,0.0,0.9965820312499392,0.0
medium,20000,507,CNN-refined Hough vectors from distance-to-stroke,1,0,1,0.25,0.0,0.0,1.0,0.0,0,0,0,0,109,16275,0.0,0.0,0.0,0.9933471679686894,0.0
medium,20000,508,CNN-refined Hough vectors from distance-to-stroke,1,1,0,0.6656326530612245,0.52,0.40816326530612246,1.0,1.0,0,0,0,41,299,16044,0.0,0.0,0.0,0.9792480468749402,0.0
medium,20000,509,CNN-refined Hough vectors from distance-to-stroke,2,1,1,0.5518424764890283,0.2837878787878788,0.6206896551724138,1.0,0.5,0,0,45,10,230,16099,0.8181818181669422,0.1636363636357686,0.2727272724478421,0.9853515624999398,0.15789473684155125
medium,20000,510,CNN-refined Hough vectors from distance-to-stroke,4,2,2,0.5871387073347858,0.3537722908093278,0.6397058823529411,1.0,0.5,0,0,88,1,274,16021,0.9887640449327105,0.24309392265126217,0.39024390212050086,0.9832153320311899,0.2424242424235746
medium,20000,511,CNN-refined Hough vectors from distance-to-stroke,4,0,4,0.0,0.0,0.0,0.0,0.0,1,0,0,0,416,15968,0.0,0.0,0.0,0.9746093749999405,0.0
medium,20000,512,CNN-refined Hough vectors from distance-to-stroke,5,5,0,0.5023520223898312,0.5351910831209077,0.8075801749271136,0.0,1.0,0,1,133,206,537,15508,0.39233038347966864,0.1985074626862709,0.2636273533689441,0.9546508789061917,0.1518264840180915
medium,20000,513,CNN-refined Hough vectors from distance-to-stroke,5,6,1,0.5699171023400507,0.61952608734166,0.8514851485148515,0.15,0.8333333333333334,3,4,150,150,323,15761,0.49999999999833333,0.31712473572871647,0.3880983177646608,0.9711303710936907,0.24077046548918016
medium,20000,514,CNN-refined Hough vectors from distance-to-stroke,5,5,0,0.46795598398519367,0.39351435393414397,0.9543726235741445,0.0,1.0,1,1,134,122,324,15804,0.5234374999979553,0.292576419213335,0.3753501395949909,0.9727783203124406,0.23103448275822236
medium,20000,515,CNN-refined Hough vectors from distance-to-stroke,3,2,1,0.8004763483642794,0.7318376068376069,0.7724137931034483,1.0,0.6666666666666667,0,0,113,1,93,16177,0.9912280701667436,0.5485436893177256,0.7062499995369141,0.9942626953124393,0.5458937198041262
medium,20000,516,CNN-refined Hough vectors from distance-to-stroke,4,4,0,0.571536584395749,0.619987136698651,0.9627118644067797,0.0,1.0,2,1,185,114,549,15536,0.6187290969878972,0.25204359672990184,0.3581800576712233,0.9595336914061914,0.2181603773582333
medium,20000,517,CNN-refined Hough vectors from distance-to-stroke,3,3,0,0.8765801910776888,0.769144610663598,0.9023255813953488,1.0,1.0,0,0,123,74,302,15885,0.6243654822303332,0.2894117647052014,0.3954983918488695,0.9770507812499404,0.24649298597144992
medium,20000,518,CNN-refined Hough vectors from distance-to-stroke,1,2,1,0.7641279317697229,0.7655223880597015,0.5982142857142857,1.0,0.5,0,0,0,114,68,16202,0.0,0.0,0.0,0.9888916015624396,0.0
medium,20000,519,CNN-refined Hough vectors from distance-to-stroke,4,3,1,0.47759978540772535,0.4616666666666666,0.9742489270386266,0.0,0.75,1,1,206,12,516,15650,0.9449541284360323,0.2853185595563915,0.4382978719832322,0.9677734374999409,0.2806539509532961
medium,20000,520,CNN-refined Hough vectors from distance-to-stroke,3,2,1,0.6454777607501869,0.3568870523415978,0.8410596026490066,1.0,0.6666666666666667,0,0,55,74,257,15998,0.4263565891439818,0.17628205128148627,0.24943310616093092,0.9797973632811902,0.1424870466317552
medium,20000,521,CNN-refined Hough vectors from distance-to-stroke,2,1,1,0.5816173245614036,0.24375000000000002,0.8596491228070176,1.0,0.5,0,0,18,40,127,16199,0.31034482758085613,0.12413793103362665,0.17733990106792205,0.9898071289061896,0.09729729729677138
medium,20000,522,CNN-refined Hough vectors from distance-to-stroke,1,1,0,0.8646176470588235,0.7056862745098039,0.9852941176470589,1.0,1.0,0,0,34,34,35,16281,0.49999999999264705,0.4927536231812644,0.49635036445628433,0.9957885742186892,0.3300970873754359
medium,20000,523,CNN-refined Hough vectors from distance-to-stroke,1,1,0,0.9512987012987012,0.909090909090909,0.961038961038961,1.0,1.0,0,0,0,75,78,16231,0.0,0.0,0.0,0.9906616210936895,0.0
medium,20000,524,CNN-refined Hough vectors from distance-to-stroke,3,2,1,0.20858355646223808,0.06686429512516469,0.5591397849462365,0.0,0.6666666666666667,0,1,26,23,100,16235,0.5306122448871304,0.20634920634756865,0.29714285673626123,0.9924926757811894,0.17449664429413092
medium,20000,525,CNN-refined Hough vectors from distance-to-stroke,4,4,0,0.7899700157515752,0.5777111461146115,0.9,1.0,1.0,0,0,57,247,397,15683,0.18749999999938324,0.125550660792675,0.15039577788329933,0.9606933593749414,0.08131241084153878
medium,20000,526,CNN-refined Hough vectors from distance-to-stroke,3,2,1,0.362751572327044,0.23129979035639414,0.96,0.0,0.6666666666666667,0,1,32,61,111,16180,0.3440860215016765,0.22377622377465892,0.2711864401981112,0.9895019531249396,0.1568627450972703
medium,20000,527,CNN-refined Hough vectors from distance-to-stroke,5,1,4,0.20611921746649373,0.27006172839506176,0.32295719844357973,0.0,0.19999999999999996,1,0,84,0,656,15644,0.9999999999880952,0.11351351351336011,0.20388349496203692,0.9599609374999414,0.11351351351336011
medium,20000,528,CNN-refined Hough vectors from distance-to-stroke,3,2,1,0.7564895411605939,0.5621794871794872,0.9342105263157895,1.0,0.6666666666666667,0,0,40,33,185,16126,0.5479452054719459,0.17777777777698767,0.26845637546720874,0.9866943359374397,0.15503875968932157
medium,20000,529,CNN-refined Hough vectors from distance-to-stroke,5,1,4,0.43257891414141414,0.2162247474747475,0.32638888888888884,1.0,0.19999999999999996,0,0,0,48,302,16034,0.0,0.0,0.0,0.9786376953124403,0.0
medium,20000,530,CNN-refined Hough vectors from distance-to-stroke,5,2,3,0.33480179028132995,0.30217391304347824,0.7941176470588236,0.0,0.4,1,0,69,122,389,15804,0.3612565445007264,0.1506550218337322,0.21263482238828493,0.9688110351561908,0.1189655172411742
medium,20000,531,CNN-refined Hough vectors from distance-to-stroke,3,0,3,0.25,0.0,0.0,1.0,0.0,0,0,0,0,141,16243,0.0,0.0,0.0,0.9913940429686895,0.0
medium,20000,532,CNN-refined Hough vectors from distance-to-stroke,3,1,2,0.4691666666666667,0.30333333333333334,0.2466666666666667,1.0,0.33333333333333337,0,0,17,21,281,16065,0.4473684210408588,0.05704697986558038,0.10119047598926445,0.98156738281244,0.053291536049989686
medium,20000,533,CNN-refined Hough vectors from distance-to-stroke,5,2,3,0.5187397109014255,0.33235294117647063,0.39590443686006827,1.0,0.4,0,0,54,64,692,15574,0.45762711864018957,0.07238605898113622,0.12499999976386746,0.9538574218749417,0.06666666666658436
medium,20000,534,CNN-refined Hough vectors from distance-to-stroke,3,1,2,0.5105276827878196,0.23756554307116104,0.6014492753623188,1.0,0.33333333333333337,0,0,84,0,275,16025,0.9999999999880952,0.23398328690742623,0.37923250533430486,0.9832153320311899,0.23398328690742623
medium,20000,535,CNN-refined Hough vectors from distance-to-stroke,1,2,1,0.8392914979757086,0.9385964912280702,0.5846153846153845,1.0,0.5,0,0,28,104,49,16203,0.21212121211960516,0.3636363636316411,0.2679425832641194,0.9906616210936895,0.15469613259583043
medium,20000,536,CNN-refined Hough vectors from distance-to-stroke,3,3,0,0.7058296259345478,0.6384691275911761,0.9675925925925926,0.5,1.0,1,2,106,101,560,15617,0.5120772946835166,0.15915915915892018,0.24284077856091552,0.9596557617186914,0.1382007822683987
medium,20000,537,CNN-refined Hough vectors from distance-to-stroke,5,2,3,0.46977604218985436,0.2497171717171717,0.3370165745856354,1.0,0.4,0,0,0,63,334,15987,0.0,0.0,0.0,0.9757690429686904,0.0
medium,20000,538,CNN-refined Hough vectors from distance-to-stroke,2,2,0,0.8230710272873194,0.6163483146067416,0.9785714285714285,1.0,1.0,0,0,61,81,78,16164,0.42957746478570724,0.4388489208601522,0.4341637005645826,0.9902954101561895,0.27727272727146696
medium,20000,539,CNN-refined Hough vectors from distance-to-stroke,5,2,3,0.29550213675213677,0.4006410256410257,0.37606837606837606,0.0,0.4,2,0,88,2,672,15622,0.9777777777669135,0.11578947368405818,0.207058823339582,0.9588623046874415,0.11548556430431038
medium,20000,540,CNN-refined Hough vectors from distance-to-stroke,4,4,0,0.4273920365824414,0.36847929311697425,0.8078817733990148,0.0,1.0,0,3,99,57,454,15774,0.6346153846113166,0.17902350813710846,0.27926657229349827,0.9688110351561908,0.16229508196694706
medium,20000,541,CNN-refined Hough vectors from distance-to-stroke,3,0,3,0.25,0.0,0.0,1.0,0.0,0,0,0,0,397,15987,0.0,0.0,0.0,0.9757690429686904,0.0
medium,20000,542,CNN-refined Hough vectors from distance-to-stroke,3,0,3,0.0,0.0,0.0,0.0,0.0,1,0,0,0,223,16161,0.0,0.0,0.0,0.9863891601561897,0.0
medium,20000,543,CNN-refined Hough vectors from distance-to-stroke,2,1,1,0.5936392821031345,0.4096376811594203,0.5465116279069768,1.0,0.5,0,0,24,24,252,16084,0.4999999999895834,0.08695652173881538,0.14814814789483313,0.9831542968749399,0.07999999999973334
medium,20000,544,CNN-refined Hough vectors from distance-to-stroke,1,0,1,0.25,0.0,0.0,1.0,0.0,0,0,0,0,84,16300,0.0,0.0,0.0,0.9948730468749393,0.0
medium,20000,545,CNN-refined Hough vectors from distance-to-stroke,1,0,1,0.25,0.0,0.0,1.0,0.0,0,0,0,0,52,16332,0.0,0.0,0.0,0.9968261718749392,0.0
medium,20000,546,CNN-refined Hough vectors from distance-to-stroke,4,2,2,0.18269872813990462,0.11470588235294119,0.4054054054054054,0.0,0.5,1,0,39,23,228,16094,0.6290322580543705,0.14606741572979,0.23708206656198672,0.9846801757811898,0.13448275862022593
medium,20000,547,CNN-refined Hough vectors from distance-to-stroke,5,4,1,0.7692492364420704,0.6568605880246323,0.9683098591549296,0.8000000000000002,0.8,3,3,147,129,564,15544,0.5326086956502442,0.20675105485202988,0.2978723400220496,0.9577026367186915,0.17499999999979166
medium,20000,548,CNN-refined Hough vectors from distance-to-stroke,1,0,1,0.25,0.0,0.0,1.0,0.0,0,0,0,0,17,16367,0.0,0.0,0.0,0.998962402343689,0.0
medium,20000,549,CNN-refined Hough vectors from distance-to-stroke,2,2,0,0.889554788961039,0.8720265151515152,0.9857142857142858,0.8,1.0,1,1,95,44,140,16105,0.6834532374051551,0.40425531914721596,0.5080213899045584,0.9887695312499396,0.3405017921134749
medium,20000,550,CNN-refined Hough vectors from distance-to-stroke,1,0,1,0.25,0.0,0.0,1.0,0.0,0,0,0,0,31,16353,0.0,0.0,0.0,0.998107910156189,0.0
medium,20000,551,CNN-refined Hough vectors from distance-to-stroke,4,3,1,0.5749360049646457,0.5721376811594203,0.8373702422145328,0.3,0.75,2,1,209,35,556,15584,0.8565573770456699,0.27320261437872784,0.4142715556285247,0.9639282226561912,0.26124999999967347
medium,20000,552,CNN-refined Hough vectors from distance-to-stroke,5,3,2,0.39130427942101953,0.2785714285714286,0.7797356828193833,0.2,0.6,2,1,65,114,185,16020,0.3631284916180831,0.25999999999896,0.30303030254258567,0.98175048828119,0.178571428570938
medium,20000,553,CNN-refined Hough vectors from distance-to-stroke,2,1,1,0.7082142857142858,0.5817460317460318,0.7321428571428572,1.0,0.5,0,0,83,0,245,16056,0.9999999999879517,0.2530487804870334,0.4038929437146358,0.9850463867186898,0.2530487804870334
medium,20000,554,CNN-refined Hough vectors from distance-to-stroke,5,2,3,0.3156281662580832,0.3546614042376402,0.5801526717557253,0.0,0.4,1,0,107,47,547,15683,0.6948051948006831,0.16360856269088134,0.26485148483932336,0.9637451171874412,0.15263908701832718
medium,20000,555,CNN-refined Hough vectors from distance-to-stroke,2,2,0,0.7444335937500001,0.5209635416666667,0.8,1.0,1.0,0,0,64,30,250,16040,0.6808510638225441,0.2038216560503063,0.3137254898399173,0.9829101562499399,0.18604651162736616
medium,20000,556,CNN-refined Hough vectors from distance-to-stroke,1,1,0,0.9414999999999999,0.8699999999999999,1.0,1.0,1.0,0,0,0,51,51,16282,0.0,0.0,0.0,0.9937744140624393,0.0
medium,20000,557,CNN-refined Hough vectors from distance-to-stroke,2,0,2,0.25,0.0,0.0,1.0,0.0,0,0,0,0,277,16107,0.0,0.0,0.0,0.9830932617186899,0.0
medium,20000,558,CNN-refined Hough vectors from distance-to-stroke,4,1,3,0.4298162525879917,0.1853059581320451,0.3571428571428571,1.0,0.25,0,0,5,71,572,15736,0.06578947368334487,0.008665511265149627,0.015313935475742776,0.9607543945311914,0.007716049382704142
medium,20000,559,CNN-refined Hough vectors from distance-to-stroke,2,2,0,0.5131739130434781,0.5792753623188405,0.7625,0.0,1.0,0,1,0,109,124,16151,0.0,0.0,0.0,0.9857788085936898,0.0
medium,20000,560,CNN-refined Hough vectors from distance-to-stroke,1,1,0,0.9257088607594937,0.8404641350210971,0.9875,1.0,1.0,0,0,40,41,202,16101,0.4938271604877305,0.1652892561976641,0.24767801819854499,0.9851684570311898,0.14134275618324615
medium,20000,561,CNN-refined Hough vectors from distance-to-stroke,2,0,2,0.25,0.0,0.0,1.0,0.0,0,0,0,0,119,16265,0.0,0.0,0.0,0.9927368164061894,0.0
medium,20000,562,CNN-refined Hough vectors from distance-to-stroke,2,0,2,0.0,0.0,0.0,0.0,0.0,1,0,0,0,268,16116,0.0,0.0,0.0,0.9836425781249399,0.0
medium,20000,563,CNN-refined Hough vectors from distance-to-stroke,5,2,3,0.29325442477876107,0.315,0.5575221238938053,0.0,0.4,1,0,38,90,539,15717,0.2968749999976807,0.06585788561513717,0.1078014181422182,0.9616088867186913,0.05697151424279315
medium,20000,564,CNN-refined Hough vectors from distance-to-stroke,2,1,1,0.6473232910500353,0.4031818181818182,0.8294573643410853,1.0,0.5,0,0,0,108,177,16099,0.0,0.0,0.0,0.98260498046869,0.0
medium,20000,565,CNN-refined Hough vectors from distance-to-stroke,5,3,2,0.5770802798134578,0.25877192982456143,0.7531645569620253,1.0,0.6,0,0,46,76,377,15885,0.3770491803247783,0.1087470449170006,0.1688073391014359,0.9723510742186906,0.09218436873729022
medium,20000,566,CNN-refined Hough vectors from distance-to-stroke,1,1,0,0.5136363636363637,0.0,0.8181818181818181,1.0,1.0,0,0,4,24,30,16326,0.14285714285204082,0.11764705882006922,0.12903225756503642,0.9967041015624392,0.06896551724019026
medium,20000,567,CNN-refined Hough vectors from distance-to-stroke,3,4,1,0.6901514857881137,0.7991020671834624,0.7777777777777778,0.4,0.75,1,2,183,35,352,15814,0.839449541280553,0.3420560747657158,0.48605577647975257,0.9763793945311904,0.32105263157838415
medium,20000,568,CNN-refined Hough vectors from distance-to-stroke,2,1,1,0.4533333333333333,0.0,0.7666666666666666,1.0,0.5,0,0,4,57,98,16225,0.06557377049072831,0.03921568627412533,0.04907975413225941,0.9905395507811895,0.025157232704244296
medium,20000,569,CNN-refined Hough vectors from distance-to-stroke,5,1,4,0.12526124094676325,0.12427118644067797,0.24669603524229078,0.0,0.19999999999999996,1,0,0,57,573,15754,0.0,0.0,0.0,0.9615478515624413,0.0
medium,20000,570,CNN-refined Hough vectors from distance-to-stroke,1,0,1,0.25,0.0,0.0,1.0,0.0,0,0,0,0,59,16325,0.0,0.0,0.0,0.9963989257811892,0.0
medium,20000,571,CNN-refined Hough vectors from distance-to-stroke,2,3,1,0.8571363235340455,0.8371361502347419,0.8187919463087249,1.0,0.6666666666666667,0,0,109,43,121,16111,0.717105263153177,0.4739130434762004,0.57068062779011,0.9899902343749396,0.39926739926593674
medium,20000,572,CNN-refined Hough vectors from distance-to-stroke,3,2,1,0.7372070839087262,0.5744369369369369,0.8102189781021898,1.0,0.6666666666666667,0,0,0,113,222,16049,0.0,0.0,0.0,0.9795532226561902,0.0
medium,20000,573,CNN-refined Hough vectors from distance-to-stroke,2,0,2,0.0,0.0,0.0,0.0,0.0,1,0,0,0,24,16360,0.0,0.0,0.0,0.998535156249939,0.0
medium,20000,574,CNN-refined Hough vectors from distance-to-stroke,3,1,2,0.32365591397849464,0.0,0.2016129032258065,1.0,0.33333333333333337,0,0,7,19,384,15974,0.2692307692204142,0.01790281329918695,0.033573141369724356,0.9754028320311905,0.017073170731665675
medium,20000,575,CNN-refined Hough vectors from distance-to-stroke,5,3,2,0.6670289256198347,0.3756198347107438,0.94,1.0,0.6,0,0,111,142,301,15830,0.43873517786387856,0.2694174757275014,0.33383458599374527,0.9729614257811906,0.20036101082996324
medium,20000,576,CNN-refined Hough vectors from distance-to-stroke,4,3,1,0.5923102759622367,0.48908456386669896,0.8611111111111112,0.5,0.75,2,2,162,25,480,15717,0.8663101604231749,0.2523364485977378,0.3908323277558295,0.9691772460936908,0.24287856071927605
medium,20000,577,CNN-refined Hough vectors from distance-to-stroke,3,2,1,0.6273457234381835,0.361895488477767,0.7391304347826086,1.0,0.6666666666666667,0,0,78,26,77,16203,0.7499999999927884,0.5032258064483663,0.6023166018313383,0.9937133789061893,0.43093922651695615
medium,20000,578,CNN-refined Hough vectors from distance-to-stroke,1,0,1,0.25,0.0,0.0,1.0,0.0,0,0,0,0,87,16297,0.0,0.0,0.0,0.9946899414061893,0.0
medium,20000,579,CNN-refined Hough vectors from distance-to-stroke,2,0,2,0.25,0.0,0.0,1.0,0.0,0,0,0,0,145,16239,0.0,0.0,0.0,0.9911499023436895,0.0
medium,20000,580,CNN-refined Hough vectors from distance-to-stroke,2,2,0,0.7983778103616813,0.6064309764309764,0.8774193548387097,1.0,1.0,0,0,121,36,223,16004,0.7707006369377662,0.3517441860454891,0.4830339317034593,0.9841918945311899,0.318421052630741
medium,20000,581,CNN-refined Hough vectors from distance-to-stroke,3,0,3,0.25,0.0,0.0,1.0,0.0,0,0,0,0,479,15905,0.0,0.0,0.0,0.9707641601561907,0.0
medium,20000,582,CNN-refined Hough vectors from distance-to-stroke,3,2,1,0.6616113841113841,0.4382154882154882,0.7387387387387387,1.0,0.6666666666666667,0,0,71,12,179,16122,0.8554216867366816,0.283999999998864,0.42642642604961717,0.9883422851561896,0.2709923664111794
medium,20000,583,CNN-refined Hough vectors from distance-to-stroke,1,0,1,0.25,0.0,0.0,1.0,0.0,0,0,0,0,42,16342,0.0,0.0,0.0,0.997436523437439,0.0
medium,20000,584,CNN-refined Hough vectors from distance-to-stroke,2,0,2,0.25,0.0,0.0,1.0,0.0,0,0,0,0,401,15983,0.0,0.0,0.0,0.9755249023436904,0.0
medium,20000,585,CNN-refined Hough vectors from distance-to-stroke,5,4,1,0.4495196629213484,0.41166666666666674,0.9213483146067416,0.0,0.8,0,2,118,47,357,15862,0.7151515151471809,0.24842105263105596,0.36874999961615723,0.9753417968749405,0.22605363984631024
medium,20000,586,CNN-refined Hough vectors from distance-to-stroke,3,0,3,0.25,0.0,0.0,1.0,0.0,0,0,0,0,700,15684,0.0,0.0,0.0,0.9572753906249415,0.0
medium,20000,587,CNN-refined Hough vectors from distance-to-stroke,2,1,1,0.5121323529411765,0.325,0.3294117647058824,1.0,0.5,0,0,0,29,265,16090,0.0,0.0,0.0,0.98205566406244,0.0
medium,20000,588,CNN-refined Hough vectors from distance-to-stroke,3,1,2,0.43544992997198884,0.1625,0.39495798319327735,1.0,0.33333333333333337,0,0,12,36,254,16082,0.2499999999947917,0.04511278195471762,0.07643312075962513,0.98229980468744,0.03973509933761677
medium,20000,589,CNN-refined Hough vectors from distance-to-stroke,5,2,3,0.5701110683102208,0.2659090909090909,0.8022598870056497,1.0,0.4,0,0,100,79,242,15963,0.558659217873974,0.2923976608178585,0.3838771588564882,0.9804077148436902,0.23752969121083722
medium,20000,590,CNN-refined Hough vectors from distance-to-stroke,4,2,2,0.5716679303039403,0.3135194174757282,0.6529209621993127,1.0,0.5,0,0,81,111,669,15523,0.42187499999780276,0.107999999999856,0.17197452196807173,0.9523925781249418,0.09407665505215554
medium,20000,591,CNN-refined Hough vectors from distance-to-stroke,4,2,2,0.20236952675807168,0.11470588235294119,0.5037593984962406,0.0,0.5,1,1,19,37,170,16158,0.33928571427965565,0.10052910052856863,0.15510204046240733,0.9873657226561897,0.084070796459805
medium,20000,592,CNN-refined Hough vectors from distance-to-stroke,5,3,2,0.6539294222751637,0.37463768115942025,0.8767123287671232,1.0,0.6,0,0,78,117,532,15657,0.3999999999979487,0.12786885245880678,0.19378881950817947,0.9603881835936914,0.10729023383754155
medium,20000,593,CNN-refined Hough vectors from distance-to-stroke,3,2,1,0.6727121212121212,0.48898989898989903,0.6799999999999999,1.0,0.6666666666666667,0,0,78,26,386,15894,0.7499999999927884,0.16810344827549978,0.2746478870238296,0.9748535156249405,0.1591836734690629
medium,20000,594,CNN-refined Hough vectors from distance-to-stroke,2,0,2,0.25,0.0,0.0,1.0,0.0,0,0,0,0,57,16327,0.0,0.0,0.0,0.9965209960936892,0.0
medium,20000,595,CNN-refined Hough vectors from distance-to-stroke,3,2,1,0.7566332597961971,0.6130994152046784,0.8203592814371258,1.0,0.6666666666666667,0,0,18,121,374,15871,0.12949640287676623,0.045918367346821636,0.067796609782743,0.9697875976561908,0.035087719298177215
medium,20000,596,CNN-refined Hough vectors from distance-to-stroke,4,0,4,0.25,0.0,0.0,1.0,0.0,0,0,0,0,292,16092,0.0,0.0,0.0,0.98217773437494,0.0
medium,20000,597,CNN-refined Hough vectors from distance-to-stroke,3,1,2,0.3908899371069182,0.13,0.24528301886792447,1.0,0.33333333333333337,0,0,12,15,283,16074,0.44444444442798353,0.04067796610155702,0.07453416133658038,0.98181152343744,0.03870967741922997
medium,20000,598,CNN-refined Hough vectors from distance-to-stroke,2,1,1,0.6271225490196078,0.43499999999999994,0.6568627450980392,1.0,0.5,0,0,66,2,254,16062,0.9705882352798443,0.20624999999935548,0.34020618527617175,0.9843749999999399,0.20496894409874233
medium,20000,599,CNN-refined Hough vectors from distance-to-stroke,3,1,2,0.2722894797421731,0.4106944444444444,0.27071823204419887,0.0,0.33333333333333337,1,0,50,0,277,16057,0.9999999999800001,0.1529051987762908,0.26525198915844056,0.9830932617186899,0.1529051987762908
medium,20000,600,CNN-refined Hough vectors from distance-to-stroke,3,1,2,0.5310556524266202,0.36411411411411415,0.4193548387096774,1.0,0.33333333333333337,0,0,38,2,230,16114,0.9499999999762501,0.14179104477559035,0.2467532465256367,0.9858398437499398,0.14074074074021947
medium,20000,601,CNN-refined Hough vectors from distance-to-stroke,5,4,1,0.38023784580762815,0.2811753902662994,0.8685446009389671,0.0,0.8,1,1,75,104,359,15846,0.4189944134054805,0.17281105990743592,0.24469820513221688,0.9717407226561907,0.13940520446070742
medium,20000,602,CNN-refined Hough vectors from distance-to-stroke,1,0,1,0.25,0.0,0.0,1.0,0.0,0,0,0,0,251,16133,0.0,0.0,0.0,0.9846801757811898,0.0
medium,20000,603,CNN-refined Hough vectors from distance-to-stroke,2,1,1,0.6468278688524591,0.37,0.9016393442622951,1.0,0.5,0,0,69,42,279,15994,0.6216216216160214,0.19827586206839576,0.30065359440323525,0.9804077148436902,0.17692307692262327
medium,20000,604,CNN-refined Hough vectors from distance-to-stroke,3,2,1,0.7118847591233245,0.5828532460447353,0.6646706586826348,1.0,0.6666666666666667,0,0,0,113,284,15987,0.0,0.0,0.0,0.9757690429686904,0.0
medium,20000,605,CNN-refined Hough vectors from distance-to-stroke,4,3,1,0.2919440426727593,0.2271627344222626,0.5736040609137056,0.0,0.75,0,2,21,92,342,15929,0.18584070796295715,0.05785123966926212,0.08823529375519913,0.9735107421874406,0.04615384615374472
medium,20000,606,CNN-refined Hough vectors from distance-to-stroke,5,2,3,0.23164887743835116,0.1368421052631579,0.6503496503496504,0.0,0.4,0,1,41,43,349,15951,0.4880952380894274,0.10512820512793557,0.17299578029836743,0.9760742187499404,0.09468822170878825
medium,20000,607,CNN-refined Hough vectors from distance-to-stroke,1,1,0,0.8971153846153846,0.8055555555555556,0.9230769230769231,1.0,1.0,0,0,0,27,25,16332,0.0,0.0,0.0,0.9968261718749392,0.0
medium,20000,608,CNN-refined Hough vectors from distance-to-stroke,3,1,2,0.23616436251920125,0.28074074074074074,0.3824884792626728,0.0,0.33333333333333337,1,0,84,0,415,15885,0.9999999999880952,0.16833667334635605,0.28816466527552226,0.9746704101561905,0.16833667334635605
medium,20000,609,CNN-refined Hough vectors from distance-to-stroke,1,0,1,0.25,0.0,0.0,1.0,0.0,0,0,0,0,179,16205,0.0,0.0,0.0,0.9890747070311896,0.0
medium,20000,610,CNN-refined Hough vectors from distance-to-stroke,1,0,1,0.25,0.0,0.0,1.0,0.0,0,0,0,0,48,16336,0.0,0.0,0.0,0.9970703124999392,0.0
medium,20000,611,CNN-refined Hough vectors from distance-to-stroke,4,1,3,0.45095231822971554,0.19727295788939625,0.4358974358974359,1.0,0.25,0,0,0,69,406,15909,0.0,0.0,0.0,0.9710083007811907,0.0
medium,20000,612,CNN-refined Hough vectors from distance-to-stroke,2,0,2,0.25,0.0,0.0,1.0,0.0,0,0,0,0,132,16252,0.0,0.0,0.0,0.9919433593749394,0.0
medium,20000,613,CNN-refined Hough vectors from distance-to-stroke,1,0,1,0.25,0.0,0.0,1.0,0.0,0,0,0,0,44,16340,0.0,0.0,0.0,0.997314453124939,0.0
medium,20000,614,CNN-refined Hough vectors from distance-to-stroke,1,0,1,0.25,0.0,0.0,1.0,0.0,0,0,0,0,118,16266,0.0,0.0,0.0,0.9927978515624394,0.0
medium,20000,615,CNN-refined Hough vectors from distance-to-stroke,2,3,1,0.9004664289958408,0.9080808080808082,0.8758169934640523,1.0,0.6666666666666667,0,0,0,156,136,16092,0.0,0.0,0.0,0.98217773437494,0.0
medium,20000,616,CNN-refined Hough vectors from distance-to-stroke,5,1,4,0.32202380215426524,0.029878048780487807,0.19289340101522845,1.0,0.19999999999999996,0,0,0,39,598,15747,0.0,0.0,0.0,0.9611206054686913,0.0
medium,20000,617,CNN-refined Hough vectors from distance-to-stroke,3,2,1,0.5859013605442177,0.29444444444444445,0.6836734693877551,1.0,0.6666666666666667,0,0,22,47,79,16236,0.31884057970552404,0.21782178217606116,0.25882352892643595,0.9923095703124394,0.14864864864764427
medium,20000,618,CNN-refined Hough vectors from distance-to-stroke,5,2,3,0.2368450292397661,0.19842105263157894,0.5377777777777778,0.0,0.4,0,1,87,32,512,15753,0.7310924369686462,0.14524207011661897,0.24233983259186773,0.9667968749999409,0.13787638668757865
medium,20000,619,CNN-refined Hough vectors from distance-to-stroke,5,3,2,0.6449051282051281,0.3482222222222222,0.891025641025641,1.0,0.6,0,0,121,160,724,15379,0.4306049822048733,0.1431952662720199,0.21492007067302013,0.9460449218749423,0.12039800995012896
medium,20000,620,CNN-refined Hough vectors from distance-to-stroke,5,2,3,0.26193246115586544,0.24165699548678277,0.5659340659340659,0.0,0.4,1,0,44,61,178,16101,0.4190476190436281,0.19819819819730541,0.2691131494094586,0.9854125976561898,0.15547703180157077
medium,20000,621,CNN-refined Hough vectors from distance-to-stroke,4,3,1,0.5894187391555812,0.5766081871345029,0.7747252747252747,0.4,0.75,1,2,77,65,370,15872,0.5422535211229419,0.17225950782959226,0.2614601015007567,0.9734497070311906,0.15039062499970626
medium,20000,622,CNN-refined Hough vectors from distance-to-stroke,3,1,2,0.402627147766323,0.13222222222222219,0.2989690721649485,1.0,0.33333333333333337,0,0,14,16,240,16114,0.4666666666511111,0.05511811023600347,0.09859154910612974,0.9843749999999399,0.05185185185165981
medium,20000,623,CNN-refined Hough vectors from distance-to-stroke,4,1,3,0.44115740740740744,0.2638888888888889,0.23703703703703705,1.0,0.25,0,0,1,32,304,16047,0.03030303030211203,0.0032786885245794143,0.005917159587076788,0.9794921874999402,0.002967359050436299
medium,20000,624,CNN-refined Hough vectors from distance-to-stroke,5,4,1,0.5945715909382774,0.5389524004124204,0.9435483870967742,0.3333333333333333,0.8,3,2,175,61,368,15780,0.7415254237256715,0.32228360957583374,0.44929396620037865,0.9738159179686905,0.28973509933726865
medium,20000,625,CNN-refined Hough vectors from distance-to-stroke,1,0,1,0.25,0.0,0.0,1.0,0.0,0,0,0,0,218,16166,0.0,0.0,0.0,0.9866943359374397,0.0
medium,20000,626,CNN-refined Hough vectors from distance-to-stroke,2,0,2,0.25,0.0,0.0,1.0,0.0,0,0,0,0,91,16293,0.0,0.0,0.0,0.9944458007811893,0.0
medium,20000,627,CNN-refined Hough vectors from distance-to-stroke,1,0,1,0.25,0.0,0.0,1.0,0.0,0,0,0,0,101,16283,0.0,0.0,0.0,0.9938354492186893,0.0
medium,20000,628,CNN-refined Hough vectors from distance-to-stroke,2,0,2,0.25,0.0,0.0,1.0,0.0,0,0,0,0,144,16240,0.0,0.0,0.0,0.9912109374999395,0.0
medium,20000,629,CNN-refined Hough vectors from distance-to-stroke,4,2,2,0.521400205761317,0.3927777777777778,0.4732510288065843,0.8,0.5,1,1,102,14,461,15807,0.8793103448200059,0.18117229129630344,0.30044182593083046,0.9710083007811907,0.1767764298090524
medium,20000,630,CNN-refined Hough vectors from distance-to-stroke,2,2,0,0.8204964788732394,0.695,0.7887323943661972,1.0,1.0,0,0,99,45,125,16115,0.6874999999952257,0.44196428571231267,0.5380434777815749,0.9896240234374396,0.36802973977558356
medium,20000,631,CNN-refined Hough vectors from distance-to-stroke,2,2,0,0.72033041484261,0.4430894308943089,0.8547008547008547,1.0,1.0,0,0,13,86,89,16196,0.13131313131180491,0.12745098039090733,0.12935323332967003,0.9893188476561896,0.06914893616984495
medium,20000,632,CNN-refined Hough vectors from distance-to-stroke,5,3,2,0.37029659089949446,0.39273906013036447,0.6678200692041523,0.0,0.6,3,0,99,97,593,15595,0.5051020408137495,0.14306358381482218,0.22297297262846463,0.9578857421874415,0.12547528517094364
medium,20000,633,CNN-refined Hough vectors from distance-to-stroke,1,0,1,0.25,0.0,0.0,1.0,0.0,0,0,0,0,75,16309,0.0,0.0,0.0,0.9954223632811893,0.0
medium,20000,634,CNN-refined Hough vectors from distance-to-stroke,2,1,1,0.5562142319277109,0.28020833333333334,0.6506024096385542,1.0,0.5,0,0,49,6,234,16095,0.8909090908928926,0.17314487632447653,0.28994082812816424,0.9853515624999398,0.16955017300979394
medium,20000,635,CNN-refined Hough vectors from distance-to-stroke,3,2,1,0.41353712640099627,0.4998947811447811,0.6095890410958904,0.0,0.6666666666666667,1,1,37,53,286,16008,0.4111111111065432,0.11455108359097663,0.17917675510621509,0.9793090820311902,0.09840425531888723
medium,20000,636,CNN-refined Hough vectors from distance-to-stroke,4,2,2,0.6635300182766997,0.41928826416778225,0.874251497005988,1.0,0.5,0,0,32,116,479,15757,0.2162162162147553,0.06262230919752912,0.0971168433539943,0.9636840820311912,0.051036682615548584
medium,20000,637,CNN-refined Hough vectors from distance-to-stroke,4,1,3,0.1670924379584829,0.1964470284237726,0.2684563758389261,0.0,0.25,2,0,21,20,251,16092,0.512195121938727,0.07720588235265734,0.13418530328585576,0.9834594726561899,0.07191780821893179
medium,20000,638,CNN-refined Hough vectors from distance-to-stroke,2,1,1,0.5450833333333334,0.195,0.7866666666666666,1.0,0.5,0,0,33,43,158,16150,0.4342105263100762,0.17277486910904308,0.2471910108268597,0.9877319335936897,0.14102564102503837
medium,20000,639,CNN-refined Hough vectors from distance-to-stroke,2,0,2,0.25,0.0,0.0,1.0,0.0,0,0,0,0,136,16248,0.0,0.0,0.0,0.9916992187499395,0.0
medium,20000,640,CNN-refined Hough vectors from distance-to-stroke,4,2,2,0.46546136865342164,0.18814814814814815,0.4039735099337748,1.0,0.5,0,0,29,33,214,16108,0.46774193547632675,0.11934156378551712,0.19016393410106963,0.9849243164061898,0.10507246376773526
medium,20000,641,CNN-refined Hough vectors from distance-to-stroke,3,3,0,0.49403048344844014,0.4975438596491228,0.8506787330316742,0.0,1.0,1,0,78,136,160,16010,0.364485981306708,0.3277310924355978,0.3451327428627144,0.98193359374994,0.20855614973206268
medium,20000,642,CNN-refined Hough vectors from distance-to-stroke,2,1,1,0.667531634746922,0.4963235294117647,0.7209302325581395,1.0,0.5,0,0,0,63,143,16178,0.0,0.0,0.0,0.9874267578124397,0.0
medium,20000,643,CNN-refined Hough vectors from distance-to-stroke,4,3,1,0.7269651516892668,0.5322660818713449,0.8122270742358079,1.0,0.75,0,0,140,92,450,15702,0.6034482758594679,0.23728813559281817,0.3406326030003375,0.9669189453124409,0.20527859237506557
medium,20000,644,CNN-refined Hough vectors from distance-to-stroke,1,1,0,0.9160714285714285,0.8223809523809524,0.98,1.0,1.0,0,0,51,0,105,16228,0.9999999999803922,0.32692307692098127,0.49275362281229435,0.9935913085936894,0.32692307692098127
medium,20000,645,CNN-refined Hough vectors from distance-to-stroke,2,0,2,0.0,0.0,0.0,0.0,0.0,1,0,0,0,147,16237,0.0,0.0,0.0,0.9910278320311895,0.0
medium,20000,646,CNN-refined Hough vectors from distance-to-stroke,3,0,3,0.0,0.0,0.0,0.0,0.0,2,0,0,0,252,16132,0.0,0.0,0.0,0.9846191406249398,0.0
medium,20000,647,CNN-refined Hough vectors from distance-to-stroke,4,1,3,0.3685839160839161,0.08675213675213675,0.2727272727272727,1.0,0.25,0,0,9,19,286,16070,0.32142857141709186,0.03050847457616777,0.055727554020876265,0.98138427734369,0.028662420382074325
medium,20000,648,CNN-refined Hough vectors from distance-to-stroke,2,2,0,0.5792897727272728,0.08124999999999999,0.9636363636363636,1.0,1.0,0,0,10,45,91,16238,0.18181818181487605,0.09900990098911872,0.12820512774695925,0.9916992187499395,0.06849315068446238
medium,20000,649,CNN-refined Hough vectors from distance-to-stroke,4,1,3,0.16656451612903225,0.13,0.41532258064516125,0.0,0.25,2,0,72,32,448,15832,0.6923076923010355,0.13846153846127218,0.23076923049071335,0.9707031249999407,0.13043478260845937
medium,20000,650,CNN-refined Hough vectors from distance-to-stroke,4,4,0,0.8501560516702268,0.7015479826905943,0.9222972972972973,1.0,1.0,0,0,123,177,356,15728,0.40999999999863335,0.25678496868422385,0.31578947320979966,0.9674682617186909,0.18749999999971417
medium,20000,651,CNN-refined Hough vectors from distance-to-stroke,4,4,0,0.9304721074380166,0.8491666666666667,0.9917355371900827,1.0,1.0,0,0,142,104,218,15920,0.5772357723553772,0.39444444444334875,0.4686468642026163,0.9803466796874402,0.30603448275796113
medium,20000,652,CNN-refined Hough vectors from distance-to-stroke,1,1,0,0.662813432835821,0.39,0.6865671641791045,1.0,1.0,0,0,0,47,68,16269,0.0,0.0,0.0,0.9929809570311894,0.0
medium,20000,653,CNN-refined Hough vectors from distance-to-stroke,5,3,2,0.5200705568268498,0.3408975336892957,0.5333333333333333,0.8,0.6,1,1,82,104,519,15679,0.4408602150513932,0.13643926788662822,0.2083862766397737,0.9619750976561913,0.11631205673742367
medium,20000,654,CNN-refined Hough vectors from distance-to-stroke,3,1,2,0.5131369344013856,0.24818399044205494,0.5906040268456376,1.0,0.33333333333333337,0,0,45,44,429,15866,0.5056179775224088,0.0949367088605592,0.15985790381850593,0.9711303710936907,0.08687258687241917
medium,20000,655,CNN-refined Hough vectors from distance-to-stroke,4,1,3,0.17684472934472936,0.17674897119341568,0.3615384615384616,0.0,0.25,1,0,36,12,263,16073,0.749999999984375,0.12040133779223947,0.2074927951494656,0.9832153320311899,0.1157556270092741
medium,20000,656,CNN-refined Hough vectors from distance-to-stroke,5,2,3,0.3119771146850089,0.3317789661319073,0.6133828996282528,0.0,0.4,1,0,101,66,472,15745,0.6047904191580552,0.1762652705058006,0.2729729726227429,0.9671630859374409,0.1580594679183755
medium,20000,657,CNN-refined Hough vectors from distance-to-stroke,2,1,1,0.3701041666666667,0.4743055555555556,0.5333333333333333,0.0,0.5,1,0,20,21,94,16249,0.4878048780368828,0.17543859648968912,0.2580645157366077,0.9929809570311894,0.14814814814705077
medium,20000,658,CNN-refined Hough vectors from distance-to-stroke,1,1,0,0.9293640776699029,0.8473462783171521,0.9902912621359223,1.0,1.0,0,0,0,103,318,15963,0.0,0.0,0.0,0.9743041992186905,0.0
medium,20000,659,CNN-refined Hough vectors from distance-to-stroke,5,5,0,0.4126294881589,0.2704897716662423,0.9545454545454546,0.0,1.0,1,2,22,192,374,15796,0.10280373831727663,0.05555555555541526,0.07213114708525667,0.965454101562441,0.03741496598633093
medium,20000,660,CNN-refined Hough vectors from distance-to-stroke,3,3,0,0.27774241332372485,0.11996779388083735,0.6187845303867403,0.0,1.0,0,3,15,91,413,15865,0.14150943396092916,0.035046728971880735,0.05617977496249071,0.9692382812499408,0.028901734103990558
medium,20000,661,CNN-refined Hough vectors from distance-to-stroke,2,0,2,0.25,0.0,0.0,1.0,0.0,0,0,0,0,374,16010,0.0,0.0,0.0,0.9771728515624404,0.0
medium,20000,662,CNN-refined Hough vectors from distance-to-stroke,5,3,2,0.6175354022249293,0.3810210063507572,0.6803797468354431,1.0,0.6,0,0,156,62,592,15574,0.7155963302719468,0.20855614973234152,0.3229813661094694,0.9600830078124414,0.19259259259235484
medium,20000,663,CNN-refined Hough vectors from distance-to-stroke,2,0,2,0.25,0.0,0.0,1.0,0.0,0,0,0,0,139,16245,0.0,0.0,0.0,0.9915161132811895,0.0
medium,20000,664,CNN-refined Hough vectors from distance-to-stroke,5,2,3,0.5288185712696116,0.2661084529505582,0.5953488372093023,1.0,0.4,0,0,120,10,425,15829,0.9230769230698226,0.2201834862381281,0.35555555524350063,0.9734497070311906,0.21621621621582665
medium,20000,665,CNN-refined Hough vectors from distance-to-stroke,2,2,0,0.749143006391347,0.4897376543209876,0.8938053097345133,1.0,1.0,0,0,39,76,224,16045,0.3391304347796597,0.14828897338346658,0.20634920592476413,0.98168945312494,0.11504424778727126
medium,20000,666,CNN-refined Hough vectors from distance-to-stroke,4,2,2,0.4029018966644866,0.09757575757575758,0.29496402877697847,1.0,0.5,0,0,24,19,295,16046,0.558139534870741,0.07523510971763249,0.13259668487279083,0.9808349609374402,0.07100591715955323
medium,20000,667,CNN-refined Hough vectors from distance-to-stroke,1,0,1,0.25,0.0,0.0,1.0,0.0,0,0,0,0,72,16312,0.0,0.0,0.0,0.9956054687499392,0.0
medium,20000,668,CNN-refined Hough vectors from distance-to-stroke,2,1,1,0.4262574404761905,0.5953869047619048,0.5416666666666667,0.0,0.5,1,0,33,33,327,15991,0.4999999999924242,0.09166666666641204,0.15492957720220857,0.9780273437499403,0.0839694656486413
medium,20000,669,CNN-refined Hough vectors from distance-to-stroke,2,1,1,0.5904771077047197,0.28397897897897895,0.8134328358208955,1.0,0.5,0,0,66,44,350,15924,0.5999999999945455,0.15865384615346478,0.2509505700104671,0.9759521484374404,0.1434782608692533
medium,20000,670,CNN-refined Hough vectors from distance-to-stroke,3,2,1,0.6360555555555556,0.2653086419753086,1.0,1.0,0.6666666666666667,0,0,46,81,218,16039,0.3622047244065968,0.17424242424176423,0.2352941172072396,0.98175048828119,0.13333333333294686
medium,20000,671,CNN-refined Hough vectors from distance-to-stroke,5,2,3,0.5509653390232339,0.2695915915915916,0.6982456140350877,1.0,0.4,0,0,156,45,711,15472,0.7761194029812134,0.17993079584754335,0.2921348311545628,0.9538574218749417,0.1710526315787598
medium,20000,672,CNN-refined Hough vectors from distance-to-stroke,5,1,4,0.10125925925925927,0.13777777777777778,0.09629629629629632,0.0,0.19999999999999996,4,0,3,37,947,15397,0.07499999999812501,0.003157894736838781,0.00606060598305071,0.9399414062499426,0.0030395136778084706
medium,20000,673,CNN-refined Hough vectors from distance-to-stroke,4,2,2,0.2954848170436467,0.26379746835443035,0.6338797814207651,0.0,0.5,1,1,82,35,435,15832,0.7008547008487106,0.15860735009640503,0.25867507856256405,0.9713134765624407,0.14855072463741203
medium,20000,674,CNN-refined Hough vectors from distance-to-stroke,3,3,0,0.6499134366925065,0.2862273901808786,0.8555555555555556,1.0,1.0,0,0,40,143,155,16046,0.21857923497148318,0.2051282051271532,0.21164021113959577,0.98181152343744,0.11834319526592206
medium,20000,675,CNN-refined Hough vectors from distance-to-stroke,3,1,2,0.5035736196319018,0.32037037037037036,0.3803680981595092,1.0,0.33333333333333337,0,0,32,31,488,15833,0.5079365079284455,0.0615384615383432,0.10977701524424739,0.9683227539061908,0.058076225045266654
medium,20000,676,CNN-refined Hough vectors from distance-to-stroke,4,2,2,0.266773075083692,0.25588235294117645,0.5081300813008129,0.0,0.5,1,0,118,9,505,15752,0.9291338582604005,0.18940609951815504,0.3146666663845084,0.9686279296874408,0.18670886075919824
medium,20000,677,CNN-refined Hough vectors from distance-to-stroke,1,0,1,0.25,0.0,0.0,1.0,0.0,0,0,0,0,171,16213,0.0,0.0,0.0,0.9895629882811896,0.0
medium,20000,678,CNN-refined Hough vectors from distance-to-stroke,3,1,2,0.47837961058549294,0.22101787101787101,0.4779411764705882,1.0,0.33333333333333337,0,0,22,44,100,16218,0.3333333333282828,0.18032786885098093,0.23404255273336352,0.9912109374999395,0.13253012048112933
medium,20000,679,CNN-refined Hough vectors from distance-to-stroke,3,1,2,0.5092737003058104,0.21666666666666667,0.6422018348623852,1.0,0.33333333333333337,0,0,28,82,143,16131,0.2545454545431405,0.16374269005752198,0.19928825574990186,0.9862670898436898,0.11067193675845585
medium,20000,680,CNN-refined Hough vectors from distance-to-stroke,4,4,0,0.697831533662416,0.6655515562868504,0.9916666666666667,0.4,1.0,1,1,89,152,346,15797,0.3692946058075963,0.20459770114895495,0.263313609007856,0.9696044921874408,0.1516183986368797
medium,20000,681,CNN-refined Hough vectors from distance-to-stroke,3,1,2,0.2572649180363486,0.30685963521015064,0.4292237442922374,0.0,0.33333333333333337,1,0,1,94,227,16062,0.01052631578936288,0.004385964912261465,0.0061919500491330595,0.9804077148436902,0.003105590062102157
medium,20000,682,CNN-refined Hough vectors from distance-to-stroke,1,2,1,0.7224886801170491,0.685736434108527,0.5695364238410596,1.0,0.5,0,0,59,94,208,16023,0.3856209150301594,0.22097378277070798,0.28095238048787985,0.98156738281244,0.16343490304663869
medium,20000,683,CNN-refined Hough vectors from distance-to-stroke,5,2,3,0.4197715321443757,0.3228639411637465,0.6724137931034483,0.4,0.4,2,1,86,32,346,15920,0.7288135593158575,0.19907407407361327,0.31272727238910414,0.9769287109374404,0.18534482758580745
medium,20000,684,CNN-refined Hough vectors from distance-to-stroke,4,4,0,0.4776512229071386,0.5505437352245863,0.6495327102803738,0.0,1.0,0,1,152,66,249,15917,0.69724770641882,0.3790523690763615,0.49111470067297036,0.9807739257811902,0.32548179871450644
medium,20000,685,CNN-refined Hough vectors from distance-to-stroke,1,0,1,0.25,0.0,0.0,1.0,0.0,0,0,0,0,240,16144,0.0,0.0,0.0,0.9853515624999398,0.0
medium,20000,686,CNN-refined Hough vectors from distance-to-stroke,1,1,0,0.670945054945055,0.30051282051282047,0.9285714285714286,1.0,1.0,0,0,27,2,56,16299,0.931034482726516,0.3253012048153578,0.48214285675047824,0.9964599609374392,0.3176470588197924
medium,20000,687,CNN-refined Hough vectors from distance-to-stroke,4,3,1,0.7262823275862069,0.46874999999999994,0.9517241379310345,1.0,0.75,0,0,96,45,231,16012,0.6808510638249585,0.2935779816504784,0.4102564098336347,0.9831542968749399,0.25806451612833853
medium,20000,688,CNN-refined Hough vectors from distance-to-stroke,1,0,1,0.25,0.0,0.0,1.0,0.0,0,0,0,0,211,16173,0.0,0.0,0.0,0.9871215820311897,0.0
medium,20000,689,CNN-refined Hough vectors from distance-to-stroke,3,4,1,0.7415477197472984,0.7933460778099417,0.7977099236641221,0.6,0.75,1,1,155,110,338,15781,0.5849056603751513,0.314401622717415,0.4089709757974569,0.9726562499999406,0.2570480928685621
medium,20000,690,CNN-refined Hough vectors from distance-to-stroke,5,3,2,0.33369361572141326,0.33586049943104374,0.612781954887218,0.0,0.6,1,0,46,120,710,15508,0.27710843373327043,0.060846560846480366,0.09978307996483171,0.949340820312442,0.052511415525054214
medium,20000,691,CNN-refined Hough vectors from distance-to-stroke,1,1,0,0.6945140845070422,0.39,0.8450704225352113,1.0,1.0,0,0,16,45,206,16117,0.26229508196291323,0.07207207207174743,0.11307420460802359,0.9846801757811898,0.059925093632734364
medium,20000,692,CNN-refined Hough vectors from distance-to-stroke,5,3,2,0.3149655504108517,0.3064275103980986,0.5853658536585367,0.0,0.6,1,1,114,54,477,15739,0.6785714285673895,0.19289340101490204,0.30039525657150296,0.9675903320311909,0.17674418604623762
medium,20000,693,CNN-refined Hough vectors from distance-to-stroke,2,0,2,0.25,0.0,0.0,1.0,0.0,0,0,0,0,330,16054,0.0,0.0,0.0,0.9798583984374402,0.0
medium,20000,694,CNN-refined Hough vectors from distance-to-stroke,5,5,0,0.7601477026264652,0.6045610322916157,0.6904761904761905,1.0,1.0,0,0,107,150,370,15757,0.41634241244974185,0.22431865828045217,0.29155313305911024,0.9682617187499408,0.17065390749574058
medium,20000,695,CNN-refined Hough vectors from distance-to-stroke,1,0,1,0.25,0.0,0.0,1.0,0.0,0,0,0,0,13,16371,0.0,0.0,0.0,0.9992065429686889,0.0
medium,20000,696,CNN-refined Hough vectors from distance-to-stroke,2,2,0,0.42037879834254144,0.3829166666666667,0.7403314917127072,0.0,1.0,1,1,57,110,124,16093,0.3413173652674173,0.31491712707008335,0.3275862063954783,0.9857177734374398,0.1958762886591207
medium,20000,697,CNN-refined Hough vectors from distance-to-stroke,5,1,4,0.16846525096525097,0.2166666666666667,0.25482625482625487,0.0,0.19999999999999996,3,0,67,0,468,15849,0.9999999999850746,0.125233644859579,0.22259136192768839,0.9714355468749407,0.125233644859579
medium,20000,698,CNN-refined Hough vectors from distance-to-stroke,3,0,3,0.25,0.0,0.0,1.0,0.0,0,0,0,0,240,16144,0.0,0.0,0.0,0.9853515624999398,0.0
medium,20000,699,CNN-refined Hough vectors from distance-to-stroke,3,1,2,0.3173758865248227,0.0,0.17021276595744683,1.0,0.33333333333333337,0,0,15,10,399,15960,0.599999999976,0.036231884057883496,0.06833712973282621,0.9750366210936905,0.035377358490482604
medium,20000,700,CNN-refined Hough vectors from distance-to-stroke,4,0,4,0.0,0.0,0.0,0.0,0.0,1,0,0,0,490,15894,0.0,0.0,0.0,0.9700927734374407,0.0
medium,20000,701,CNN-refined Hough vectors from distance-to-stroke,3,0,3,0.25,0.0,0.0,1.0,0.0,0,0,0,0,475,15909,0.0,0.0,0.0,0.9710083007811907,0.0
medium,20000,702,CNN-refined Hough vectors from distance-to-stroke,2,3,1,0.8701103538976567,0.8694412561772676,0.8109756097560976,1.0,0.6666666666666667,0,0,78,89,167,16050,0.4670658682606763,0.3183673469374761,0.3786407762151122,0.9843749999999399,0.23353293413103735
medium,20000,703,CNN-refined Hough vectors from distance-to-stroke,5,1,4,0.06548100782592098,0.04372123602892833,0.12903225806451613,0.0,0.19999999999999996,1,0,24,5,440,15915,0.8275862068680143,0.05172413793092301,0.09736308305317858,0.9728393554686906,0.05117270788901669
medium,20000,704,CNN-refined Hough vectors from distance-to-stroke,2,1,1,0.47606481481481483,0.1361111111111111,0.5740740740740741,1.0,0.5,0,0,10,22,98,16254,0.3124999999902344,0.09259259259173525,0.14285714250244896,0.9926757812499394,0.07692307692248522
medium,20000,705,CNN-refined Hough vectors from distance-to-stroke,2,0,2,0.25,0.0,0.0,1.0,0.0,0,0,0,0,123,16261,0.0,0.0,0.0,0.9924926757811894,0.0
medium,20000,706,CNN-refined Hough vectors from distance-to-stroke,3,2,1,0.4768902938765952,0.5881512703430511,0.7277777777777779,0.0,0.6666666666666667,1,0,70,63,202,16049,0.526315789469727,0.25735294117552443,0.34567901190286854,0.9838256835936899,0.20895522387997328
medium,20000,707,CNN-refined Hough vectors from distance-to-stroke,3,2,1,0.5122460317460317,0.6233333333333333,0.8253968253968254,0.0,0.6666666666666667,1,0,3,155,578,15648,0.018987341772031728,0.005163511187598686,0.008119079501414536,0.9552612304686917,0.004076086956516201
medium,20000,708,CNN-refined Hough vectors from distance-to-stroke,4,1,3,0.4782976827094474,0.22693602693602688,0.5058823529411764,1.0,0.25,0,0,87,0,473,15824,0.9999999999885058,0.15535714285686544,0.26893353917907165,0.9711303710936907,0.15535714285686544
medium,20000,709,CNN-refined Hough vectors from distance-to-stroke,1,1,0,0.5953787878787878,0.13787878787878785,0.9166666666666666,1.0,1.0,0,0,2,23,21,16338,0.0799999999968,0.08695652173534972,0.08333333283072918,0.997314453124939,0.04347826086862004
medium,20000,710,CNN-refined Hough vectors from distance-to-stroke,3,3,0,0.7932478422835768,0.5703610587331518,0.9329268292682926,1.0,1.0,0,0,103,64,229,15988,0.6167664670621751,0.31024096385448724,0.41282565085561906,0.98211669921869,0.2601010101003533
medium,20000,711,CNN-refined Hough vectors from distance-to-stroke,5,2,3,0.3224093675215368,0.43262068038187446,0.4386503067484663,0.0,0.4,2,0,144,0,573,15667,0.9999999999930557,0.2008368200834019,0.3344947732398353,0.965026855468691,0.2008368200834019
medium,20000,712,CNN-refined Hough vectors from distance-to-stroke,4,3,1,0.72174851711671,0.4664937106918239,0.9341317365269461,1.0,0.75,0,0,66,104,204,16010,0.38823529411536334,0.2444444444435391,0.2999999995244628,0.98120117187494,0.17647058823482228
medium,20000,713,CNN-refined Hough vectors from distance-to-stroke,1,1,0,0.7835163934426229,0.5334972677595629,0.9672131147540983,1.0,1.0,0,0,20,40,42,16282,0.3333333333277778,0.3225806451560874,0.3278688519537759,0.9949951171874393,0.19607843137062667
medium,20000,714,CNN-refined Hough vectors from distance-to-stroke,5,4,1,0.638746079639885,0.6270433401406853,0.8828828828828829,0.4,0.8,4,3,151,144,381,15708,0.5118644067779259,0.2838345864656319,0.3651753320673871,0.9679565429686909,0.22337278106475833
medium,20000,715,CNN-refined Hough vectors from distance-to-stroke,2,3,1,0.6532715617715618,0.35205128205128206,0.8909090909090909,1.0,0.6666666666666667,0,0,47,100,269,15968,0.31972789115428757,0.1487341772147192,0.20302375766509148,0.9774780273436903,0.11298076923049764
medium,20000,716,CNN-refined Hough vectors from distance-to-stroke,2,2,0,0.8246895525940029,0.6313636363636363,0.9528795811518325,1.0,1.0,0,0,96,97,236,15955,0.49740932642229324,0.28915662650515317,0.365714285247942,0.9796752929686902,0.22377622377570217
medium,20000,717,CNN-refined Hough vectors from distance-to-stroke,2,1,1,0.5456837349397591,0.305,0.5421686746987953,1.0,0.5,0,0,9,37,160,16178,0.1956521739087902,0.05325443786950737,0.08372092989542455,0.9879760742186897,0.043689320388137436
medium,20000,718,CNN-refined Hough vectors from distance-to-stroke,2,0,2,0.25,0.0,0.0,1.0,0.0,0,0,0,0,215,16169,0.0,0.0,0.0,0.9868774414061897,0.0
medium,20000,719,CNN-refined Hough vectors from distance-to-stroke,2,0,2,0.25,0.0,0.0,1.0,0.0,0,0,0,0,218,16166,0.0,0.0,0.0,0.9866943359374397,0.0
medium,20000,720,CNN-refined Hough vectors from distance-to-stroke,4,3,1,0.6127427184466019,0.3611111111111111,0.6262135922330097,1.0,0.75,0,0,32,177,240,15935,0.15311004784615737,0.1176470588230969,0.13305613256415733,0.9745483398436905,0.07126948775039807
medium,20000,721,CNN-refined Hough vectors from distance-to-stroke,5,2,3,0.24578699186991868,0.31096296296296294,0.3292682926829268,0.0,0.4,1,0,66,17,530,15771,0.7951807228819857,0.11073825503337124,0.19440353439455496,0.9666137695311909,0.10766721044028113
medium,20000,722,CNN-refined Hough vectors from distance-to-stroke,3,1,2,0.4564691358024692,0.18172839506172841,0.45679012345679015,1.0,0.33333333333333337,0,0,37,1,169,16177,0.9736842105006926,0.179611650484565,0.30327868825913734,0.9896240234374396,0.17874396135179352
medium,20000,723,CNN-refined Hough vectors from distance-to-stroke,5,1,4,0.1881872832369942,0.10400000000000001,0.6069364161849711,0.0,0.19999999999999996,1,0,42,64,295,15983,0.39622641509060164,0.12462908011832455,0.1896162524567667,0.9780883789061903,0.10473815461320514
medium,20000,724,CNN-refined Hough vectors from distance-to-stroke,4,4,0,0.7368230211817168,0.4775925925925926,0.8595317725752508,1.0,1.0,0,0,221,82,518,15563,0.7293729372913222,0.29905277401853986,0.42418426062319436,0.9633789062499412,0.26918392204595715
medium,20000,725,CNN-refined Hough vectors from distance-to-stroke,4,1,3,0.20338131927547987,0.19526748971193417,0.45255474452554745,0.0,0.25,1,0,34,29,229,16092,0.5396825396739733,0.1292775665394324,0.2085889567421243,0.9842529296874399,0.1164383561639848
medium,20000,726,CNN-refined Hough vectors from distance-to-stroke,4,1,3,0.19933307926829272,0.203125,0.41463414634146345,0.0,0.25,1,0,50,19,258,16057,0.7246376811489182,0.16233766233713529,0.265251989089461,0.9830932617186899,0.1529051987762908
medium,20000,727,CNN-refined Hough vectors from distance-to-stroke,1,0,1,0.25,0.0,0.0,1.0,0.0,0,0,0,0,294,16090,0.0,0.0,0.0,0.98205566406244,0.0
medium,20000,728,CNN-refined Hough vectors from distance-to-stroke,3,2,1,0.6197215269086358,0.3379432624113475,0.7549019607843137,1.0,0.6666666666666667,0,0,27,52,253,16052,0.3417721518944079,0.09642857142822704,0.15041782695394976,0.98138427734369,0.08132530120457432
medium,20000,729,CNN-refined Hough vectors from distance-to-stroke,2,0,2,0.25,0.0,0.0,1.0,0.0,0,0,0,0,84,16300,0.0,0.0,0.0,0.9948730468749393,0.0
medium,20000,730,CNN-refined Hough vectors from distance-to-stroke,4,2,2,0.6187352582270509,0.3206800766283525,0.8721461187214612,1.0,0.5,0,0,166,27,457,15734,0.8601036269385487,0.2664526484746927,0.4068627447358858,0.9704589843749407,0.25538461538422247
medium,20000,731,CNN-refined Hough vectors from distance-to-stroke,4,5,1,0.23685058953574062,0.08490338164251207,0.5932203389830508,0.0,0.8,0,1,44,134,322,15884,0.24719101123456635,0.12021857923464421,0.16176470544147384,0.9721679687499406,0.087999999999824
medium,20000,732,CNN-refined Hough vectors from distance-to-stroke,3,3,0,0.5326769845451353,0.5489687975646881,0.9282051282051282,0.0,1.0,1,0,83,115,324,15862,0.4191919191898021,0.20393120393070288,0.2743801648480186,0.9732055664061906,0.1590038314173199
medium,20000,733,CNN-refined Hough vectors from distance-to-stroke,5,0,5,0.25,0.0,0.0,1.0,0.0,0,0,0,0,520,15864,0.0,0.0,0.0,0.9682617187499408,0.0
medium,20000,734,CNN-refined Hough vectors from distance-to-stroke,2,3,1,0.6784124800637958,0.4887280701754387,0.7090909090909091,1.0,0.6666666666666667,0,0,69,44,175,16096,0.610619469021145,0.2827868852447427,0.38655462141389896,0.9866333007811897,0.23958333333250145
medium,20000,735,CNN-refined Hough vectors from distance-to-stroke,3,1,2,0.5015202492211838,0.17333333333333334,0.7009345794392523,1.0,0.33333333333333337,0,0,28,48,126,16182,0.3684210526267313,0.18181818181700118,0.24347826042495277,0.9893798828124396,0.13861386138545242
medium,20000,736,CNN-refined Hough vectors from distance-to-stroke,4,3,1,0.6100320512820514,0.5593304843304843,0.9166666666666666,0.4,0.75,2,2,100,55,317,15912,0.6451612903184184,0.23980815347664317,0.3496503492540283,0.9772949218749403,0.21186440677921214
medium,20000,737,CNN-refined Hough vectors from distance-to-stroke,5,2,3,0.23332844574780062,0.2171717171717172,0.4780058651026393,0.0,0.4,2,1,69,95,539,15681,0.42073170731450776,0.11348684210507651,0.17875647634886174,0.9613037109374413,0.09815078236116906
medium,20000,738,CNN-refined Hough vectors from distance-to-stroke,3,2,1,0.6108127062706271,0.2972222222222222,0.801980198019802,1.0,0.6666666666666667,0,0,41,62,168,16113,0.3980582524233198,0.19617224880288914,0.2628205123765409,0.9859619140624398,0.15129151291457088
medium,20000,739,CNN-refined Hough vectors from distance-to-stroke,1,0,1,0.25,0.0,0.0,1.0,0.0,0,0,0,0,44,16340,0.0,0.0,0.0,0.997314453124939,0.0
medium,20000,740,CNN-refined Hough vectors from distance-to-stroke,1,1,0,0.8245,0.61,1.0,1.0,1.0,0,0,11,55,189,16129,0.1666666666641414,0.054999999999725005,0.08270676654355814,0.9851074218749398,0.04313725490179162
medium,20000,741,CNN-refined Hough vectors from distance-to-stroke,2,2,0,0.7274938118811881,0.42083333333333334,0.9405940594059405,1.0,1.0,0,0,52,51,222,16059,0.5048543689271373,0.1897810218971176,0.27586206856692164,0.9833374023436899,0.1599999999995077
medium,20000,742,CNN-refined Hough vectors from distance-to-stroke,2,1,1,0.5852743902439025,0.325,0.6951219512195121,1.0,0.5,0,0,18,40,202,16124,0.31034482758085613,0.08181818181780992,0.12949640254655556,0.9852294921874398,0.06923076923050296
medium,20000,743,CNN-refined Hough vectors from distance-to-stroke,1,0,1,0.25,0.0,0.0,1.0,0.0,0,0,0,0,26,16358,0.0,0.0,0.0,0.998413085937439,0.0
medium,20000,744,CNN-refined Hough vectors from distance-to-stroke,1,0,1,0.25,0.0,0.0,1.0,0.0,0,0,0,0,59,16325,0.0,0.0,0.0,0.9963989257811892,0.0
medium,20000,745,CNN-refined Hough vectors from distance-to-stroke,1,0,1,0.25,0.0,0.0,1.0,0.0,0,0,0,0,279,16105,0.0,0.0,0.0,0.9829711914061899,0.0
medium,20000,746,CNN-refined Hough vectors from distance-to-stroke,1,0,1,0.25,0.0,0.0,1.0,0.0,0,0,0,0,19,16365,0.0,0.0,0.0,0.998840332031189,0.0
medium,20000,747,CNN-refined Hough vectors from distance-to-stroke,2,1,1,0.47841577540106955,0.12196969696969698,0.6176470588235294,1.0,0.5,0,0,11,32,115,16226,0.255813953482423,0.08730158730089443,0.13017751441196038,0.9910278320311895,0.06962025316411634
medium,20000,748,CNN-refined Hough vectors from distance-to-stroke,4,0,4,0.0,0.0,0.0,0.0,0.0,1,0,0,0,461,15923,0.0,0.0,0.0,0.9718627929686906,0.0
medium,20000,749,CNN-refined Hough vectors from distance-to-stroke,3,1,2,0.37079617242660723,0.09559643255295429,0.2222222222222222,1.0,0.33333333333333337,0,0,6,17,346,16015,0.26086956520604915,0.01704545454540612,0.03199999988468622,0.9778442382811903,0.016260162601581953
medium,20000,750,CNN-refined Hough vectors from distance-to-stroke,5,4,1,0.6390553860184505,0.5631894021770902,0.9031007751937985,0.5,0.8,2,1,136,96,492,15660,0.5862068965491974,0.2165605095537953,0.31627906937272043,0.9641113281249412,0.18784530386714388
medium,20000,751,CNN-refined Hough vectors from distance-to-stroke,1,1,0,0.858,0.6933333333333334,0.98,1.0,1.0,0,0,12,38,39,16295,0.23999999999520003,0.23529411764244523,0.2376237618715812,0.9953002929686893,0.13483146067264234
medium,20000,752,CNN-refined Hough vectors from distance-to-stroke,4,3,1,0.6773313495101041,0.5819923708920187,0.9521739130434783,0.6,0.75,1,1,152,69,557,15606,0.6877828054267522,0.21438645980223642,0.326881720067076,0.9617919921874413,0.1953727506424224
medium,20000,753,CNN-refined Hough vectors from distance-to-stroke,2,1,1,0.5036429618768329,0.2625757575757576,0.42741935483870963,1.0,0.5,0,0,45,9,345,15985,0.8333333333179013,0.11538461538431953,0.20270270248813005,0.9783935546874403,0.11278195488693539
medium,20000,754,CNN-refined Hough vectors from distance-to-stroke,5,2,3,0.1882090922890103,0.13809670781893002,0.430327868852459,0.0,0.4,1,1,23,80,378,15903,0.22330097087161843,0.05735660847865996,0.09126984094427909,0.9720458984374406,0.047817047816948406
medium,20000,755,CNN-refined Hough vectors from distance-to-stroke,3,2,1,0.6453763474338218,0.4287330316742081,0.6788990825688073,1.0,0.6666666666666667,0,0,10,66,192,16116,0.13157894736668974,0.04950495049480443,0.07194244564535997,0.9842529296874399,0.03731343283568167
medium,20000,756,CNN-refined Hough vectors from distance-to-stroke,5,4,1,0.6247485458930344,0.4925229741019215,0.9905660377358491,0.5,0.8,1,2,96,111,429,15748,0.46376811593978856,0.18285714285679455,0.26229508156085957,0.9670410156249409,0.15094339622617775
medium,20000,757,CNN-refined Hough vectors from distance-to-stroke,1,1,0,0.8641058344640434,0.7046464646464646,0.9850746268656716,1.0,1.0,0,0,51,17,152,16164,0.7499999999889706,0.25123152709235846,0.3763837634589398,0.9896850585936896,0.2318181818171281
medium,20000,758,CNN-refined Hough vectors from distance-to-stroke,1,1,0,0.883,0.74,1.0,1.0,1.0,0,0,19,55,205,16105,0.2567567567532871,0.0848214285710499,0.12751677814931758,0.9841308593749399,0.06810035842269499
medium,20000,759,CNN-refined Hough vectors from distance-to-stroke,1,0,1,0.25,0.0,0.0,1.0,0.0,0,0,0,0,18,16366,0.0,0.0,0.0,0.998901367187439,0.0
medium,20000,760,CNN-refined Hough vectors from distance-to-stroke,5,4,1,0.44509448318724815,0.4431618697693407,0.8283582089552239,0.0,0.8,0,1,36,229,384,15735,0.13584905660326096,0.08571428571408163,0.10510948857638873,0.9625854492186913,0.05546995377495305
medium,20000,761,CNN-refined Hough vectors from distance-to-stroke,4,1,3,0.2209572968193658,0.32935455349248455,0.23873873873873874,0.0,0.25,1,0,54,0,426,15904,0.9999999999814816,0.11249999999976562,0.20224719082868323,0.9739990234374405,0.11249999999976562
medium,20000,762,CNN-refined Hough vectors from distance-to-stroke,3,1,2,0.5153016935402089,0.32280701754385965,0.4335260115606936,1.0,0.33333333333333337,0,0,76,0,405,15903,0.9999999999868421,0.15800415800382953,0.2728904845030411,0.9752807617186905,0.15800415800382953
medium,20000,763,CNN-refined Hough vectors from distance-to-stroke,1,0,1,0.25,0.0,0.0,1.0,0.0,0,0,0,0,68,16316,0.0,0.0,0.0,0.9958496093749392,0.0
medium,20000,764,CNN-refined Hough vectors from distance-to-stroke,3,3,0,0.8706206896551724,0.7154533844189016,0.9933333333333333,1.0,1.0,0,0,104,49,230,16001,0.6797385620870606,0.3113772455080498,0.42710472235992064,0.9829711914061899,0.2715404699731814
medium,20000,765,CNN-refined Hough vectors from distance-to-stroke,3,2,1,0.6733673632207187,0.4400338900992496,0.7934272300469484,1.0,0.6666666666666667,0,0,163,8,401,15812,0.9532163742634315,0.28900709219806914,0.4435374146077283,0.9750366210936905,0.2849650349645368
medium,20000,766,CNN-refined Hough vectors from distance-to-stroke,5,2,3,0.5774061784897027,0.40710144927536235,0.5210526315789474,1.0,0.4,0,0,83,18,307,15976,0.8217821782096852,0.21282051281996714,0.3380855393867123,0.9801635742186902,0.203431372548521
medium,20000,767,CNN-refined Hough vectors from distance-to-stroke,5,2,3,0.2605364693446089,0.22651515151515153,0.5930232558139534,0.0,0.4,1,0,70,34,424,15856,0.6730769230704512,0.14170040485801275,0.23411371208646437,0.9720458984374406,0.1325757575755065
medium,20000,768,CNN-refined Hough vectors from distance-to-stroke,4,1,3,0.42165165876777255,0.13,0.44075829383886256,1.0,0.25,0,0,79,15,514,15776,0.8404255319059529,0.13322091062372138,0.22998544372236313,0.9677124023436909,0.12993421052610207
medium,20000,769,CNN-refined Hough vectors from distance-to-stroke,4,3,1,0.4466349903176088,0.5885308306950098,0.5339805825242718,0.0,0.75,2,0,93,75,627,15589,0.5535714285681336,0.12916666666648727,0.20945945915219444,0.9571533203124416,0.11698113207532455
medium,20000,770,CNN-refined Hough vectors from distance-to-stroke,4,1,3,0.3860037878787879,0.1625,0.18939393939393945,1.0,0.25,0,0,0,26,346,16012,0.0,0.0,0.0,0.9772949218749403,0.0
medium,20000,771,CNN-refined Hough vectors from distance-to-stroke,5,2,3,0.29001720583007473,0.2751340206185567,0.6310344827586207,0.0,0.4,1,0,67,118,577,15622,0.3621621621602045,0.10403726708058379,0.16164053041284204,0.9575805664061915,0.08792650918623632
medium,20000,772,CNN-refined Hough vectors from distance-to-stroke,5,4,1,0.5001115083418455,0.5257575757575758,0.9176029962546817,0.0,0.8,1,1,112,143,382,15747,0.4392156862727874,0.22672064777282042,0.299065420110859,0.9679565429686909,0.1758241758238998
medium,20000,773,CNN-refined Hough vectors from distance-to-stroke,3,2,1,0.6562017543859648,0.37148148148148147,0.8618421052631579,1.0,0.6666666666666667,0,0,40,93,397,15854,0.30075187969698686,0.09153318077782258,0.14035087683471223,0.9700927734374407,0.07547169811306514
medium,20000,774,CNN-refined Hough vectors from distance-to-stroke,5,1,4,0.4199447310243184,0.18405797101449275,0.3355932203389831,1.0,0.19999999999999996,0,0,100,0,737,15547,0.99999999999,0.11947431302255739,0.2134471716338504,0.9550170898436917,0.11947431302255739
medium,20000,775,CNN-refined Hough vectors from distance-to-stroke,3,2,1,0.7527325581395349,0.5314814814814814,0.9844961240310077,1.0,0.6666666666666667,0,0,84,47,324,15929,0.6412213740409067,0.20588235294067186,0.31168831131920927,0.9773559570311903,0.18461538461497887
medium,20000,776,CNN-refined Hough vectors from distance-to-stroke,3,2,1,0.6539437134502923,0.41682098765432096,0.7485380116959064,1.0,0.6666666666666667,0,0,69,61,428,15826,0.5307692307651479,0.13883299798764823,0.22009569345050609,0.9701538085936907,0.12365591397827302
medium,20000,777,CNN-refined Hough vectors from distance-to-stroke,2,0,2,0.0,0.0,0.0,0.0,0.0,1,0,0,0,338,16046,0.0,0.0,0.0,0.9793701171874402,0.0
medium,20000,778,CNN-refined Hough vectors from distance-to-stroke,2,0,2,0.25,0.0,0.0,1.0,0.0,0,0,0,0,215,16169,0.0,0.0,0.0,0.9868774414061897,0.0
medium,20000,779,CNN-refined Hough vectors from distance-to-stroke,3,1,2,0.4850350140056022,0.21666666666666667,0.5210084033613445,1.0,0.33333333333333337,0,0,18,45,285,16036,0.2857142857097506,0.05940594059386335,0.09836065545216341,0.9798583984374402,0.05172413793088585
medium,20000,780,CNN-refined Hough vectors from distance-to-stroke,1,0,1,0.25,0.0,0.0,1.0,0.0,0,0,0,0,24,16360,0.0,0.0,0.0,0.998535156249939,0.0
medium,20000,781,CNN-refined Hough vectors from distance-to-stroke,3,3,0,0.7463436478211759,0.44102233319461787,0.9894179894179894,1.0,1.0,0,0,60,132,206,15986,0.3124999999983724,0.22556390977358812,0.2620087331363628,0.9793701171874402,0.15075376884384234
medium,20000,782,CNN-refined Hough vectors from distance-to-stroke,3,2,1,0.8167465106032179,0.7420577728504559,0.8307692307692307,1.0,0.6666666666666667,0,0,163,1,430,15790,0.99390243901833,0.2748735244514758,0.43064729160131865,0.9736938476561905,0.2744107744103124
medium,20000,783,CNN-refined Hough vectors from distance-to-stroke,1,1,0,0.9113795180722892,0.8137751004016065,0.9759036144578314,1.0,1.0,0,0,0,82,84,16218,0.0,0.0,0.0,0.9898681640624396,0.0
medium,20000,784,CNN-refined Hough vectors from distance-to-stroke,5,2,3,0.286144947219116,0.34357901263272106,0.4576719576719577,0.0,0.4,2,0,56,119,805,15404,0.31999999999817147,0.06504065040642852,0.10810810782712875,0.9436035156249424,0.057142857142798834
medium,20000,785,CNN-refined Hough vectors from distance-to-stroke,1,0,1,0.25,0.0,0.0,1.0,0.0,0,0,0,0,30,16354,0.0,0.0,0.0,0.998168945312439,0.0
medium,20000,786,CNN-refined Hough vectors from distance-to-stroke,1,1,0,0.9414999999999999,0.8699999999999999,1.0,1.0,1.0,0,0,38,39,195,16112,0.4935064935000843,0.16309012875466486,0.2451612899476171,0.9857177734374398,0.13970588235242756
medium,20000,787,CNN-refined Hough vectors from distance-to-stroke,5,1,4,0.15747300592128177,0.11818181818181818,0.421455938697318,0.0,0.19999999999999996,1,0,56,55,326,15947,0.5045045044999594,0.1465968586383597,0.22718052703352823,0.9767456054686904,0.12814645308895162
medium,20000,788,CNN-refined Hough vectors from distance-to-stroke,4,0,4,0.0,0.0,0.0,0.0,0.0,1,0,0,0,256,16128,0.0,0.0,0.0,0.9843749999999399,0.0
medium,20000,789,CNN-refined Hough vectors from distance-to-stroke,4,4,0,0.7390784499629265,0.4955854844743733,0.8303249097472925,1.0,1.0,0,0,39,236,322,15787,0.14181818181766612,0.10803324099693067,0.12264150894271886,0.965942382812441,0.06532663316571972
medium,20000,790,CNN-refined Hough vectors from distance-to-stroke,2,3,1,0.45991225961538473,0.6117708333333334,0.5897435897435898,0.0,0.6666666666666667,0,1,54,97,40,16193,0.3576158940373668,0.5744680851002716,0.4408163260540775,0.9916381835936895,0.28272251308752505
medium,20000,791,CNN-refined Hough vectors from distance-to-stroke,4,2,2,0.43942633549294585,0.44411125401445584,0.5728813559322035,0.3,0.5,2,1,91,79,463,15751,0.5352941176439101,0.16425992779753745,0.25138121510957395,0.9669189453124409,0.14375987361746642
medium,20000,792,CNN-refined Hough vectors from distance-to-stroke,5,2,3,0.615859304860844,0.42914653784219003,0.663716814159292,1.0,0.4,0,0,0,152,327,15905,0.0,0.0,0.0,0.9707641601561907,0.0
medium,20000,793,CNN-refined Hough vectors from distance-to-stroke,3,0,3,0.0,0.0,0.0,0.0,0.0,1,0,0,0,457,15927,0.0,0.0,0.0,0.9721069335936906,0.0
medium,20000,794,CNN-refined Hough vectors from distance-to-stroke,2,1,1,0.45140624999999995,0.03645833333333332,0.675,1.0,0.5,0,0,13,15,98,16258,0.4642857142691327,0.117117117116062,0.18705035938781636,0.9931030273436894,0.10317460317378432
medium,20000,795,CNN-refined Hough vectors from distance-to-stroke,5,1,4,0.13972181967452724,0.16438670908448216,0.22873900293255134,0.0,0.19999999999999996,3,0,42,37,646,15659,0.5316455696135235,0.061046511627818247,0.10951760085795927,0.9583129882811915,0.057931034482678716
medium,20000,796,CNN-refined Hough vectors from distance-to-stroke,4,3,1,0.6608335308056872,0.5325,0.981042654028436,0.6,0.75,1,1,115,94,367,15808,0.5502392344471281,0.23858921161776228,0.33285094024278244,0.9718627929686906,0.19965277777743115
medium,20000,797,CNN-refined Hough vectors from distance-to-stroke,3,1,2,0.18557870370370372,0.2263888888888889,0.2518518518518519,0.0,0.33333333333333337,1,0,9,26,285,16064,0.2571428571355102,0.03061224489785506,0.05471124601014403,0.98101806640619,0.02812499999991211
medium,20000,798,CNN-refined Hough vectors from distance-to-stroke,3,1,2,0.5366666666666667,0.29629629629629634,0.6,1.0,0.33333333333333337,0,0,61,0,88,16235,0.9999999999836067,0.4093959731516148,0.5809523805346485,0.9946289062499393,0.4093959731516148
medium,20000,799,CNN-refined Hough vectors from distance-to-stroke,2,0,2,0.25,0.0,0.0,1.0,0.0,0,0,0,0,199,16185,0.0,0.0,0.0,0.9878540039061897,0.0
medium,20000,800,CNN-refined Hough vectors from distance-to-stroke,3,2,1,0.4546102855477856,0.10048076923076922,0.4636363636363636,1.0,0.6666666666666667,0,0,18,34,162,16170,0.34615384614718936,0.09999999999944445,0.1551724134439655,0.9880371093749397,0.08411214953231724
medium,20000,801,CNN-refined Hough vectors from distance-to-stroke,3,1,2,0.5101378446115289,0.33258145363408526,0.3857142857142857,1.0,0.33333333333333337,0,0,32,23,241,16088,0.5818181818076034,0.11721611721568785,0.1951219509391917,0.9838867187499399,0.10810810810774288
medium,20000,802,CNN-refined Hough vectors from distance-to-stroke,3,1,2,0.34245439469320066,0.3950617283950617,0.6567164179104478,0.0,0.33333333333333337,1,0,4,85,243,16052,0.044943820224214115,0.016194331983740106,0.02380952341994403,0.9799804687499402,0.012048192771048048
medium,20000,803,CNN-refined Hough vectors from distance-to-stroke,4,2,2,0.3595350241545893,0.32499999999999996,0.8164251207729468,0.0,0.5,1,0,20,151,334,15879,0.11695906432680142,0.05649717514108334,0.07619047575093696,0.9703979492186907,0.03960396039596118
medium,20000,804,CNN-refined Hough vectors from distance-to-stroke,1,0,1,0.25,0.0,0.0,1.0,0.0,0,0,0,0,71,16313,0.0,0.0,0.0,0.9956665039061892,0.0
medium,20000,805,CNN-refined Hough vectors from distance-to-stroke,5,2,3,0.47907353611300985,0.2223962684489,0.4449760765550239,1.0,0.4,0,0,78,10,444,15852,0.886363636353564,0.14942528735603558,0.2557377046702929,0.9722900390624406,0.14661654135310787
medium,20000,806,CNN-refined Hough vectors from distance-to-stroke,4,1,3,0.48789581205311544,0.25593008739076156,0.48863636363636365,1.0,0.25,0,0,87,0,207,16090,0.9999999999885058,0.29591836734593224,0.4566929130310208,0.9873657226561897,0.29591836734593224
medium,20000,807,CNN-refined Hough vectors from distance-to-stroke,1,1,0,1.0,1.0,1.0,1.0,1.0,0,0,77,0,156,16151,0.9999999999870129,0.33047210300287355,0.4967741931718002,0.9904785156249395,0.33047210300287355
medium,20000,808,CNN-refined Hough vectors from distance-to-stroke,1,0,1,0.25,0.0,0.0,1.0,0.0,0,0,0,0,18,16366,0.0,0.0,0.0,0.998901367187439,0.0
medium,20000,809,CNN-refined Hough vectors from distance-to-stroke,4,2,2,0.3685347532796661,0.43739850427350435,0.6085271317829457,0.0,0.5,1,0,25,134,432,15793,0.15723270440152684,0.05470459518587592,0.08116883078558251,0.965454101562441,0.042301184433092553
medium,20000,810,CNN-refined Hough vectors from distance-to-stroke,1,0,1,0.25,0.0,0.0,1.0,0.0,0,0,0,0,90,16294,0.0,0.0,0.0,0.9945068359374393,0.0
medium,20000,811,CNN-refined Hough vectors from distance-to-stroke,4,3,1,0.6876137704706016,0.44387682701858944,0.8143459915611815,1.0,0.75,0,0,150,46,589,15599,0.765306122445075,0.20297699594018542,0.3208556146412102,0.9612426757811913,0.1910828025475273
medium,20000,812,CNN-refined Hough vectors from distance-to-stroke,5,2,3,0.24256775956284152,0.23399999999999999,0.48633879781420764,0.0,0.4,2,0,34,56,476,15818,0.37777777777358024,0.06666666666653595,0.11333333307795554,0.9675292968749409,0.06007067137798574
medium,20000,813,CNN-refined Hough vectors from distance-to-stroke,4,2,2,0.6470738203957382,0.43641975308641967,0.7534246575342466,1.0,0.5,0,0,121,46,371,15846,0.7245508981992542,0.24593495934909362,0.3672230648708739,0.9745483398436905,0.22490706319660797
medium,20000,814,CNN-refined Hough vectors from distance-to-stroke,2,2,0,0.788964940098661,0.5569591261451727,0.9416666666666667,1.0,1.0,0,0,29,86,93,16176,0.25217391304128545,0.23770491803083849,0.24472573789499544,0.9890747070311896,0.13942307692240663
medium,20000,815,CNN-refined Hough vectors from distance-to-stroke,1,0,1,0.25,0.0,0.0,1.0,0.0,0,0,0,0,131,16253,0.0,0.0,0.0,0.9920043945311894,0.0
medium,20000,816,CNN-refined Hough vectors from distance-to-stroke,5,4,1,0.49971468689654924,0.4987432242407748,0.6430678466076696,0.26666666666666666,0.8,6,2,128,92,663,15501,0.5818181818155372,0.16182048040434663,0.253214638630307,0.9539184570311917,0.14496036240074184
medium,20000,817,CNN-refined Hough vectors from distance-to-stroke,2,2,0,0.8918528428093646,0.762450761798588,0.99375,1.0,1.0,0,0,80,81,228,15995,0.49689440993480194,0.25974025973941645,0.34115138547517065,0.98114013671869,0.20565552699175924
medium,20000,818,CNN-refined Hough vectors from distance-to-stroke,3,1,2,0.5148978494623656,0.2523655913978494,0.5900000000000001,1.0,0.33333333333333337,0,0,30,30,157,16167,0.4999999999916667,0.16042780748577312,0.24291497938730353,0.9885864257811896,0.1382488479256302
medium,20000,819,CNN-refined Hough vectors from distance-to-stroke,3,2,1,0.6133822412155745,0.6003830326052548,0.8827160493827161,0.4,0.6666666666666667,2,1,144,0,343,15897,0.9999999999930557,0.2956878850096598,0.4564183831645189,0.9790649414061903,0.2956878850096598
medium,20000,820,CNN-refined Hough vectors from distance-to-stroke,1,1,0,0.9131919191919191,0.8169696969696968,0.9777777777777777,1.0,1.0,0,0,46,0,91,16247,0.999999999978261,0.3357664233552134,0.5027322400553017,0.9944458007811893,0.3357664233552134
medium,20000,821,CNN-refined Hough vectors from distance-to-stroke,3,2,1,0.6458903716096097,0.3547019151237514,0.8480392156862745,1.0,0.6666666666666667,0,0,107,68,474,15735,0.6114285714250776,0.18416523235768648,0.2830687827122386,0.9669189453124409,0.1648690292755549
medium,20000,822,CNN-refined Hough vectors from distance-to-stroke,4,2,2,0.5841623593797507,0.28959156785243745,0.7692307692307692,1.0,0.5,0,0,19,73,322,15970,0.20652173912818997,0.055718475073150385,0.08775981490743455,0.9758911132811904,0.04589371980665243
medium,20000,823,CNN-refined Hough vectors from distance-to-stroke,3,0,3,0.25,0.0,0.0,1.0,0.0,0,0,0,0,329,16055,0.0,0.0,0.0,0.9799194335936902,0.0
medium,20000,824,CNN-refined Hough vectors from distance-to-stroke,5,2,3,0.5558575756085347,0.3412402452619844,0.5614973262032086,1.0,0.4,0,0,38,69,201,16076,0.35514018691256877,0.15899581589891634,0.21965317876225404,0.9835205078124399,0.12337662337622281
medium,20000,825,CNN-refined Hough vectors from distance-to-stroke,3,2,1,0.693865057628666,0.5197584541062802,0.7165354330708662,1.0,0.6666666666666667,0,0,23,70,181,16110,0.24731182795432996,0.11274509803866302,0.1548821544509517,0.9846801757811898,0.0839416058391097
medium,20000,826,CNN-refined Hough vectors from distance-to-stroke,2,1,1,0.4982844827586207,0.23833333333333334,0.45517241379310347,1.0,0.5,0,0,22,45,283,16034,0.32835820895032297,0.07213114754074712,0.11827956959649959,0.9799804687499402,0.06285714285696327
medium,20000,827,CNN-refined Hough vectors from distance-to-stroke,5,3,2,0.6817892976588629,0.381753994797473,1.0,1.0,0.6,0,0,118,90,244,15932,0.5673076923049649,0.32596685082782884,0.4140350872543429,0.9796142578124402,0.2610619469020773
medium,20000,828,CNN-refined Hough vectors from distance-to-stroke,4,2,2,0.2641965953472576,0.23169515669515672,0.5496688741721854,0.0,0.5,1,0,69,16,206,16093,0.8117647058728027,0.25090909090817853,0.3833333329704784,0.9864501953124397,0.23711340206104087
medium,20000,829,CNN-refined Hough vectors from distance-to-stroke,3,1,2,0.5244102564102564,0.31777777777777777,0.4903846153846154,1.0,0.33333333333333337,0,0,0,103,487,15794,0.0,0.0,0.0,0.9639892578124412,0.0
medium,20000,830,CNN-refined Hough vectors from distance-to-stroke,3,0,3,0.25,0.0,0.0,1.0,0.0,0,0,0,0,252,16132,0.0,0.0,0.0,0.9846191406249398,0.0
medium,20000,831,CNN-refined Hough vectors from distance-to-stroke,5,3,2,0.4498554913294798,0.03333333333333333,0.6242774566473989,1.0,0.6,0,0,27,84,439,15834,0.24324324324105184,0.057939914162965796,0.09358752135272085,0.9680786132811909,0.04909090909081983
medium,20000,832,CNN-refined Hough vectors from distance-to-stroke,3,2,1,0.22109848484848488,0.16944444444444448,0.3909090909090909,0.0,0.6666666666666667,1,0,3,42,345,15994,0.06666666666518518,0.008620689655147642,0.015267175369656006,0.9763793945311904,0.007692307692287969
medium,20000,833,CNN-refined Hough vectors from distance-to-stroke,1,0,1,0.25,0.0,0.0,1.0,0.0,0,0,0,0,77,16307,0.0,0.0,0.0,0.9953002929686893,0.0
medium,20000,834,CNN-refined Hough vectors from distance-to-stroke,3,1,2,0.5480275482093664,0.27232323232323224,0.7107438016528926,1.0,0.33333333333333337,0,0,43,44,159,16138,0.4942528735575373,0.21287128712765907,0.2975778542483926,0.9876098632811897,0.17479674796676914
medium,20000,835,CNN-refined Hough vectors from distance-to-stroke,2,2,0,0.8657938596491228,0.7446491228070176,0.9035087719298246,1.0,1.0,0,0,77,39,250,16018,0.6637931034425535,0.23547400611548785,0.3476297964515896,0.98236083984369,0.21038251366062738
medium,20000,836,CNN-refined Hough vectors from distance-to-stroke,1,1,0,0.9273209908069459,0.8434848484848485,0.9887640449438202,1.0,1.0,0,0,90,0,183,16111,0.9999999999888889,0.3296703296691221,0.49586776821938383,0.9888305664061896,0.3296703296691221
medium,20000,837,CNN-refined Hough vectors from distance-to-stroke,3,3,0,0.8847469586374695,0.8614814814814814,0.9854014598540146,0.8,1.0,1,1,82,55,335,15912,0.5985401459810326,0.19664268585084738,0.29602888049307957,0.9761962890624404,0.17372881355895398
medium,20000,838,CNN-refined Hough vectors from distance-to-stroke,4,2,2,0.6154637188208617,0.3593827160493827,0.7687074829931972,1.0,0.5,0,0,109,6,356,15913,0.9478260869482797,0.23440860215003353,0.37586206864629607,0.9779052734374403,0.2314225053073643
medium,20000,839,CNN-refined Hough vectors from distance-to-stroke,1,1,0,0.9404761904761905,0.888888888888889,0.9523809523809523,1.0,1.0,0,0,0,61,64,16259,0.0,0.0,0.0,0.9923706054686894,0.0
medium,20000,840,CNN-refined Hough vectors from distance-to-stroke,1,0,1,0.25,0.0,0.0,1.0,0.0,0,0,0,0,78,16306,0.0,0.0,0.0,0.9952392578124393,0.0
medium,20000,841,CNN-refined Hough vectors from distance-to-stroke,5,3,2,0.4066780303030303,0.3475,0.9515151515151515,0.0,0.6,1,1,40,127,349,15868,0.2395209580823981,0.10282776349587962,0.14388489166552582,0.9709472656249407,0.07751937984481101
medium,20000,842,CNN-refined Hough vectors from distance-to-stroke,5,2,3,0.4932809983896941,0.20893719806763283,0.5462962962962963,1.0,0.4,0,0,55,65,510,15754,0.45833333332951387,0.09734513274319054,0.1605839413163834,0.964904785156191,0.08730158730144873
medium,20000,843,CNN-refined Hough vectors from distance-to-stroke,4,2,2,0.6318625356125357,0.4247150997150997,0.7037037037037037,1.0,0.5,0,0,87,29,132,16136,0.7499999999935345,0.3972602739707888,0.5194029846187925,0.9901733398436895,0.3508064516114887
medium,20000,844,CNN-refined Hough vectors from distance-to-stroke,2,1,1,0.6541935483870969,0.48888888888888893,0.6709677419354838,1.0,0.5,0,0,105,0,266,16013,0.9999999999904762,0.28301886792376546,0.44117647024252354,0.9837646484374399,0.28301886792376546
medium,20000,845,CNN-refined Hough vectors from distance-to-stroke,5,1,4,0.3830917874396136,0.11304347826086956,0.3111111111111111,1.0,0.19999999999999996,0,0,4,53,590,15737,0.07017543859526008,0.006734006733995397,0.01228878632251458,0.9607543945311914,0.006182380216373753
medium,20000,846,CNN-refined Hough vectors from distance-to-stroke,2,1,1,0.6606521739130435,0.5,0.6782608695652175,1.0,0.5,0,0,79,0,198,16107,0.9999999999873417,0.28519855595564914,0.4438202243712758,0.9879150390624397,0.28519855595564914
medium,20000,847,CNN-refined Hough vectors from distance-to-stroke,2,1,1,0.6253566372708286,0.4224551971326164,0.6762589928057554,1.0,0.5,0,0,26,69,215,16074,0.2736842105234349,0.10788381742693824,0.154761904355389,0.98266601562494,0.08387096774166493
medium,20000,848,CNN-refined Hough vectors from distance-to-stroke,5,4,1,0.46507060166089204,0.4516720440949116,0.9090909090909091,0.0,0.8,1,2,90,117,419,15758,0.4347826086935518,0.17681728880122433,0.251396647632943,0.9672851562499409,0.14376996805088854
medium,20000,849,CNN-refined Hough vectors from distance-to-stroke,2,1,1,0.6133531468531469,0.37,0.7342657342657343,1.0,0.5,0,0,88,18,351,15927,0.830188679237451,0.20045558086514703,0.32293577950199476,0.9774780273436903,0.19256017505428324
medium,20000,850,CNN-refined Hough vectors from distance-to-stroke,2,1,1,0.6761538461538462,0.5692307692307692,0.6,1.0,0.5,0,0,0,34,98,16252,0.0,0.0,0.0,0.9919433593749394,0.0
medium,20000,851,CNN-refined Hough vectors from distance-to-stroke,1,0,1,0.25,0.0,0.0,1.0,0.0,0,0,0,0,289,16095,0.0,0.0,0.0,0.98236083984369,0.0
medium,20000,852,CNN-refined Hough vectors from distance-to-stroke,2,1,1,0.553,0.26,0.6799999999999999,1.0,0.5,0,0,1,68,309,16006,0.014492753622978366,0.0032258064516024975,0.005277044557027607,0.9769897460936904,0.002645502645495647
medium,20000,853,CNN-refined Hough vectors from distance-to-stroke,2,1,1,0.6703607262302915,0.595970695970696,0.5108695652173914,1.0,0.5,0,0,24,24,144,16192,0.4999999999895834,0.14285714285629253,0.22222222187448562,0.9897460937499396,0.12499999999934897
medium,20000,854,CNN-refined Hough vectors from distance-to-stroke,3,2,1,0.477276762221299,0.6099233716475095,0.6807228915662651,0.0,0.6666666666666667,1,0,115,0,393,15876,0.9999999999913043,0.22637795275545988,0.36918138011511636,0.9760131835936904,0.22637795275545988
medium,20000,855,CNN-refined Hough vectors from distance-to-stroke,4,5,1,0.7912632389162562,0.8925718390804598,0.7980295566502463,0.6,0.8,2,3,138,61,192,15993,0.6934673366799323,0.418181818180551,0.521739129963472,0.9845581054686898,0.3529411764696856
medium,20000,856,CNN-refined Hough vectors from distance-to-stroke,4,2,2,0.6024474299065421,0.4125,0.5841121495327103,1.0,0.5,0,0,0,127,514,15743,0.0,0.0,0.0,0.9608764648436914,0.0
medium,20000,857,CNN-refined Hough vectors from distance-to-stroke,3,1,2,0.4361507936507937,0.20555555555555557,0.3015873015873016,1.0,0.33333333333333337,0,0,10,29,220,16125,0.2564102564036818,0.04347826086937619,0.07434944213070577,0.9848022460936898,0.03861003860988954
medium,20000,858,CNN-refined Hough vectors from distance-to-stroke,5,0,5,0.0,0.0,0.0,0.0,0.0,1,0,0,0,637,15747,0.0,0.0,0.0,0.9611206054686913,0.0
medium,20000,859,CNN-refined Hough vectors from distance-to-stroke,3,1,2,0.48542244224422443,0.24666666666666667,0.4554455445544554,1.0,0.33333333333333337,0,0,35,12,201,16136,0.7446808510479855,0.14830508474513432,0.24734982304281491,0.9869995117186897,0.14112903225749546
medium,20000,860,CNN-refined Hough vectors from distance-to-stroke,2,0,2,0.25,0.0,0.0,1.0,0.0,0,0,0,0,164,16220,0.0,0.0,0.0,0.9899902343749396,0.0
medium,20000,861,CNN-refined Hough vectors from distance-to-stroke,3,1,2,0.5240074080333502,0.2644990892531876,0.6082474226804124,1.0,0.33333333333333337,0,0,30,30,149,16175,0.4999999999916667,0.1675977653621922,0.25104602472645793,0.9890747070311896,0.14354066985577255
medium,20000,862,CNN-refined Hough vectors from distance-to-stroke,3,2,1,0.7414765791291354,0.5494218200100552,0.8878504672897196,1.0,0.6666666666666667,0,0,0,109,131,16144,0.0,0.0,0.0,0.9853515624999398,0.0
medium,20000,863,CNN-refined Hough vectors from distance-to-stroke,2,1,1,0.6191060659069706,0.4959357923497268,0.4796747967479674,1.0,0.5,0,0,30,30,169,16155,0.4999999999916667,0.15075376884346356,0.23166023130245528,0.9878540039061897,0.131004366811655
medium,20000,864,CNN-refined Hough vectors from distance-to-stroke,3,1,2,0.5096264367816092,0.25,0.5689655172413793,1.0,0.33333333333333337,0,0,12,22,160,16190,0.3529411764602077,0.0697674418600595,0.11650485409218587,0.9888916015624396,0.061855670102773944
medium,20000,865,CNN-refined Hough vectors from distance-to-stroke,3,0,3,0.25,0.0,0.0,1.0,0.0,0,0,0,0,234,16150,0.0,0.0,0.0,0.9857177734374398,0.0
medium,20000,866,CNN-refined Hough vectors from distance-to-stroke,5,2,3,0.5386296703296704,0.16203418803418804,0.8785714285714286,1.0,0.4,0,0,59,83,241,16001,0.4154929577435529,0.19666666666601113,0.26696832535453824,0.9802246093749402,0.15404699738863173
medium,20000,867,CNN-refined Hough vectors from distance-to-stroke,3,2,1,0.6661274509803922,0.43888888888888894,0.7598039215686274,1.0,0.6666666666666667,0,0,123,34,184,16043,0.7834394904408699,0.40065146579674055,0.5301724133430719,0.9866943359374397,0.3607038123156578
medium,20000,868,CNN-refined Hough vectors from distance-to-stroke,1,1,0,0.6921632653061225,0.52,0.5408163265306123,1.0,1.0,0,0,0,54,303,16027,0.0,0.0,0.0,0.9782104492186903,0.0
medium,20000,869,CNN-refined Hough vectors from distance-to-stroke,1,0,1,0.25,0.0,0.0,1.0,0.0,0,0,0,0,56,16328,0.0,0.0,0.0,0.9965820312499392,0.0
medium,20000,870,CNN-refined Hough vectors from distance-to-stroke,1,1,0,0.6222238805970149,0.26,0.7761194029850746,1.0,1.0,0,0,9,44,197,16134,0.169811320751513,0.043689320388137436,0.06949806917201592,0.9852905273436898,0.035999999999856
medium,20000,871,CNN-refined Hough vectors from distance-to-stroke,5,2,3,0.423985354147988,0.35310447761194025,0.6254416961130742,0.4,0.4,2,1,178,0,535,15671,0.999999999994382,0.24964936886360498,0.39955106589710543,0.9673461914061909,0.24964936886360498
medium,20000,872,CNN-refined Hough vectors from distance-to-stroke,5,3,2,0.24386725083452554,0.22929012345679012,0.40343347639484983,0.0,0.6,1,0,47,50,337,15950,0.4845360824692316,0.1223958333330146,0.19542619510339254,0.9763793945311904,0.10829493087532652
medium,20000,873,CNN-refined Hough vectors from distance-to-stroke,4,1,3,0.35165584415584417,0.07222222222222223,0.22077922077922074,1.0,0.25,0,0,25,10,302,16047,0.7142857142653062,0.0764525993881454,0.1381215467858887,0.98095703124994,0.07418397626090747
medium,20000,874,CNN-refined Hough vectors from distance-to-stroke,5,6,1,0.5633575297941495,0.6136150234741784,0.6861538461538461,0.26666666666666666,0.8333333333333334,1,3,67,261,292,15764,0.20426829268230406,0.1866295264618757,0.19505094564309944,0.966247558593691,0.10806451612885797
medium,20000,875,CNN-refined Hough vectors from distance-to-stroke,3,2,1,0.6768517126148705,0.3630214424951267,0.9841269841269842,1.0,0.6666666666666667,0,0,75,51,172,16086,0.5952380952333711,0.30364372469512696,0.4021447716684229,0.9863891601561897,0.25167785234814877
medium,20000,876,CNN-refined Hough vectors from distance-to-stroke,5,3,2,0.5195430899604505,0.44591846342152336,0.6693989071038251,0.5,0.6,2,1,182,65,669,15468,0.7368421052601748,0.21386603995274517,0.33151183935925727,0.9552001953124417,0.1986899563316608
medium,20000,877,CNN-refined Hough vectors from distance-to-stroke,5,2,3,0.390789763346175,0.22608695652173913,0.620253164556962,0.5,0.4,2,1,53,95,491,15745,0.3581081081056885,0.0974264705880562,0.1531791904147399,0.9642333984374412,0.08294209702647427
medium,20000,878,CNN-refined Hough vectors from distance-to-stroke,3,4,1,0.6697363053613055,0.7171296296296297,0.8601398601398601,0.4,0.75,1,2,90,42,208,16044,0.6818181818130166,0.3020134228177785,0.4186046507353597,0.9847412109374398,0.26470588235216264
medium,20000,879,CNN-refined Hough vectors from distance-to-stroke,3,2,1,0.6479013517400057,0.3790643274853801,0.8032786885245902,1.0,0.6666666666666667,0,0,47,53,130,16154,0.46999999999529996,0.2655367231623416,0.339350180041601,0.9888305664061896,0.20434782608606805
medium,20000,880,CNN-refined Hough vectors from distance-to-stroke,1,0,1,0.25,0.0,0.0,1.0,0.0,0,0,0,0,221,16163,0.0,0.0,0.0,0.9865112304686897,0.0
medium,20000,881,CNN-refined Hough vectors from distance-to-stroke,2,1,1,0.6008429070929071,0.5502136752136753,0.26623376623376627,1.0,0.5,0,0,40,2,244,16098,0.9523809523582767,0.14084507042203928,0.24539877278015731,0.9849853515624398,0.13986013985965084
medium,20000,882,CNN-refined Hough vectors from distance-to-stroke,2,2,0,0.9833233706932337,0.9688667496886675,0.9866666666666667,1.0,1.0,0,0,150,0,310,15924,0.9999999999933334,0.32608695652103026,0.49180327831604403,0.98107910156244,0.32608695652103026
medium,20000,883,CNN-refined Hough vectors from distance-to-stroke,3,2,1,0.49937838155728065,0.14914529914529917,0.5779816513761468,1.0,0.6666666666666667,0,0,28,37,261,16058,0.43076923076260354,0.09688581314845368,0.15819209009478438,0.98181152343744,0.08588957055188377
medium,20000,884,CNN-refined Hough vectors from distance-to-stroke,4,3,1,0.711688744453294,0.4628436745426733,0.8920454545454546,1.0,0.75,0,0,109,51,263,15961,0.6812499999957422,0.2930107526873844,0.40977443566808475,0.9808349609374402,0.25768321512941444
medium,20000,885,CNN-refined Hough vectors from distance-to-stroke,1,0,1,0.25,0.0,0.0,1.0,0.0,0,0,0,0,134,16250,0.0,0.0,0.0,0.9918212890624394,0.0
medium,20000,886,CNN-refined Hough vectors from distance-to-stroke,3,2,1,0.6330742984050071,0.3601709401709402,0.7716535433070866,1.0,0.6666666666666667,0,0,50,50,150,16134,0.499999999995,0.24999999999875,0.33333333288666667,0.9877929687499397,0.1999999999992
medium,20000,887,CNN-refined Hough vectors from distance-to-stroke,2,0,2,0.25,0.0,0.0,1.0,0.0,0,0,0,0,85,16299,0.0,0.0,0.0,0.9948120117186893,0.0
medium,20000,888,CNN-refined Hough vectors from distance-to-stroke,5,1,4,0.41619987336428876,0.1673913043478261,0.3543689320388349,1.0,0.19999999999999996,0,0,11,63,280,16030,0.14864864864663987,0.03780068728509347,0.0602739722791368,0.9790649414061903,0.031073446327595837
medium,20000,889,CNN-refined Hough vectors from distance-to-stroke,1,0,1,0.25,0.0,0.0,1.0,0.0,0,0,0,0,83,16301,0.0,0.0,0.0,0.9949340820311893,0.0
medium,20000,890,CNN-refined Hough vectors from distance-to-stroke,4,2,2,0.5893148395721926,0.3912878787878788,0.5661764705882353,1.0,0.5,0,0,54,25,192,16113,0.6835443037888158,0.2195121951210589,0.3323076919376663,0.9867553710936897,0.19926199261919092
medium,20000,891,CNN-refined Hough vectors from distance-to-stroke,4,2,2,0.24929216867469883,0.2527777777777778,0.42771084337349397,0.0,0.5,1,0,21,52,346,15965,0.28767123287277163,0.05722070844671057,0.09545454517734503,0.9757080078124404,0.050119331742123824
medium,20000,892,CNN-refined Hough vectors from distance-to-stroke,4,1,3,0.48386909074022477,0.2739633447880871,0.4279279279279279,1.0,0.25,0,0,48,48,378,15910,0.49999999999479167,0.11267605633776367,0.18390804567613514,0.9739990234374405,0.10126582278459649
medium,20000,893,CNN-refined Hough vectors from distance-to-stroke,1,1,0,0.8748333333333334,0.7455555555555555,0.9466666666666667,1.0,1.0,0,0,36,36,40,16272,0.49999999999305555,0.4736842105200831,0.48648648598027755,0.9953613281249393,0.3214285714257015
medium,20000,894,CNN-refined Hough vectors from distance-to-stroke,5,2,3,0.3078140312670141,0.32163801820020227,0.6153846153846154,0.0,0.4,1,0,73,49,394,15868,0.5983606557328003,0.15631691648788798,0.24787775858411573,0.9729614257811906,0.1414728682167801
medium,20000,895,CNN-refined Hough vectors from distance-to-stroke,5,3,2,0.41784133639043564,0.2975503875968992,0.869718309859155,0.19999999999999996,0.6,1,1,175,74,473,15662,0.7028112449770971,0.270061728394645,0.390189520222364,0.9666137695311909,0.24238227146780833
medium,20000,896,CNN-refined Hough vectors from distance-to-stroke,4,2,2,0.30096973094170404,0.2527777777777778,0.6860986547085202,0.0,0.5,1,0,31,124,314,15915,0.19999999999870968,0.08985507246350767,0.123999999571704,0.9732666015624406,0.06609808102331323
medium,20000,897,CNN-refined Hough vectors from distance-to-stroke,5,0,5,0.0,0.0,0.0,0.0,0.0,1,0,0,0,657,15727,0.0,0.0,0.0,0.9598999023436914,0.0
medium,20000,898,CNN-refined Hough vectors from distance-to-stroke,1,0,1,0.25,0.0,0.0,1.0,0.0,0,0,0,0,66,16318,0.0,0.0,0.0,0.9959716796874392,0.0
medium,20000,899,CNN-refined Hough vectors from distance-to-stroke,1,1,0,0.8610701754385964,0.69906432748538,0.9824561403508771,1.0,1.0,0,0,71,42,276,15995,0.6283185840652361,0.20461095100805587,0.30869565180195657,0.9805908203124402,0.18251928020518632
medium,20000,900,CNN-refined Hough vectors from distance-to-stroke,5,2,3,0.24212528604118996,0.21992753623188407,0.5157894736842106,0.0,0.4,0,1,12,76,269,16027,0.13636363636208676,0.0427046263343676,0.06504065004293447,0.9789428710936903,0.033613445378057105
medium,20000,901,CNN-refined Hough vectors from distance-to-stroke,5,1,4,0.15928294910830795,0.17912280701754385,0.29338842975206614,0.0,0.19999999999999996,5,0,36,36,393,15919,0.49999999999305555,0.08391608391588831,0.14371257460360717,0.9738159179686905,0.07741935483854319
medium,20000,902,CNN-refined Hough vectors from distance-to-stroke,3,1,2,0.33509079467817326,0.5195473251028806,0.3398058252427184,0.0,0.33333333333333337,1,0,71,0,231,16082,0.9999999999859155,0.23509933774756592,0.3806970506280646,0.9859008789061898,0.23509933774756592
medium,20000,903,CNN-refined Hough vectors from distance-to-stroke,3,1,2,0.49144489390391033,0.29508196721311475,0.37662337662337664,1.0,0.33333333333333337,0,0,0,59,271,16054,0.0,0.0,0.0,0.9798583984374402,0.0
medium,20000,904,CNN-refined Hough vectors from distance-to-stroke,5,3,2,0.6616512510285557,0.3766347687400318,0.910828025477707,1.0,0.6,0,0,88,72,143,16081,0.5499999999965626,0.3809523809507318,0.4501278767520359,0.9868774414061897,0.29042904290333194
medium,20000,905,CNN-refined Hough vectors from distance-to-stroke,4,2,2,0.35261742424242426,0.4087794612794613,0.5933333333333333,0.0,0.5,1,0,90,1,155,16138,0.9890109890001207,0.36734693877401087,0.5357142853161316,0.9904785156249395,0.36585365853509816
medium,20000,906,CNN-refined Hough vectors from distance-to-stroke,1,0,1,0.25,0.0,0.0,1.0,0.0,0,0,0,0,45,16339,0.0,0.0,0.0,0.9972534179686892,0.0
medium,20000,907,CNN-refined Hough vectors from distance-to-stroke,5,2,3,0.46846113628441965,0.20526315789473687,0.4304635761589404,1.0,0.4,0,0,42,90,419,15833,0.3181818181794077,0.09110629067225356,0.1416526134814204,0.9689331054686908,0.07622504537191248
medium,20000,908,CNN-refined Hough vectors from distance-to-stroke,4,1,3,0.3155681818181818,0.019444444444444438,0.15909090909090906,1.0,0.25,0,0,7,9,294,16074,0.43749999997265626,0.02325581395341111,0.04416403775875966,0.98150634765619,0.022580645161217484
medium,20000,909,CNN-refined Hough vectors from distance-to-stroke,2,0,2,0.25,0.0,0.0,1.0,0.0,0,0,0,0,158,16226,0.0,0.0,0.0,0.9903564453124395,0.0
medium,20000,910,CNN-refined Hough vectors from distance-to-stroke,1,0,1,0.25,0.0,0.0,1.0,0.0,0,0,0,0,64,16320,0.0,0.0,0.0,0.9960937499999392,0.0
medium,20000,911,CNN-refined Hough vectors from distance-to-stroke,5,4,1,0.3644073894413453,0.3039740929384393,0.7380952380952381,0.0,0.8,4,3,104,22,314,15944,0.8253968253902746,0.24880382775060095,0.382352940819123,0.9794921874999402,0.23636363636309918
medium,20000,912,CNN-refined Hough vectors from distance-to-stroke,5,3,2,0.6411949494949496,0.3977171717171717,0.7611111111111111,1.0,0.6,0,0,86,54,305,15939,0.6142857142813266,0.21994884910429682,0.32391713708695885,0.9780883789061903,0.19325842696585785
medium,20000,913,CNN-refined Hough vectors from distance-to-stroke,2,2,0,0.29364670658682634,0.26,0.38323353293413176,0.0,1.0,1,0,19,47,327,15991,0.28787878787442606,0.054913294797529155,0.09223300943922613,0.9771728515624404,0.04834605597952075
medium,20000,914,CNN-refined Hough vectors from distance-to-stroke,1,1,0,0.9248333333333333,0.8388888888888889,0.9866666666666667,1.0,1.0,0,0,0,75,76,16233,0.0,0.0,0.0,0.9907836914061895,0.0
medium,20000,915,CNN-refined Hough vectors from distance-to-stroke,4,4,0,0.7677979793203454,0.6211873638344225,0.6913183279742765,1.0,1.0,0,0,121,194,388,15681,0.3841269841257647,0.23772102161053493,0.29368931991535197,0.9644775390624412,0.17211948790871676
medium,20000,916,CNN-refined Hough vectors from distance-to-stroke,3,3,0,0.8222291579388353,0.7795568589116976,0.8571428571428572,0.8,1.0,1,1,145,25,457,15757,0.852941176465571,0.24086378737501518,0.37564766804937716,0.9705810546874407,0.23125996810170454
medium,20000,917,CNN-refined Hough vectors from distance-to-stroke,5,1,4,0.15397334089619966,0.2023255813953488,0.21463414634146338,0.0,0.19999999999999996,4,0,89,0,952,15343,0.999999999988764,0.0854947166185538,0.15752212374841099,0.9418945312499425,0.0854947166185538
medium,20000,918,CNN-refined Hough vectors from distance-to-stroke,3,2,1,0.7053828197945845,0.5130511463844797,0.7892156862745098,1.0,0.6666666666666667,0,0,83,80,291,15930,0.5092024539846062,0.22192513368924618,0.30912476680136913,0.9773559570311903,0.18281938325950922
medium,20000,919,CNN-refined Hough vectors from distance-to-stroke,1,2,1,0.518939024390244,0.8144444444444445,0.5121951219512195,0.0,0.5,0,1,62,16,73,16233,0.7948717948616042,0.45925925925585737,0.5821596239434856,0.9945678710936893,0.41059602648734705
medium,20000,920,CNN-refined Hough vectors from distance-to-stroke,1,1,0,0.7451666666666665,0.44111111111111095,0.9833333333333333,1.0,1.0,0,0,37,23,152,16172,0.6166666666563889,0.19576719576615997,0.2971887546518927,0.9893188476561896,0.1745283018859692
medium,20000,921,CNN-refined Hough vectors from distance-to-stroke,4,2,2,0.6482297379675133,0.4241170861937452,0.7868852459016393,1.0,0.5,0,0,119,27,68,16170,0.8150684931451023,0.6363636363602334,0.7147147142180018,0.9942016601561893,0.5560747663525417
medium,20000,922,CNN-refined Hough vectors from distance-to-stroke,5,2,3,0.4000854228465661,0.2690642404190791,0.5700325732899023,0.5,0.4,2,1,22,154,568,15640,0.12499999999928978,0.03728813559315714,0.05744125290961149,0.9559326171874416,0.029569892473078535
medium,20000,923,CNN-refined Hough vectors from distance-to-stroke,5,5,0,0.7232444721713129,0.7235192299063615,0.9883040935672515,0.4,1.0,3,5,267,59,700,15358,0.8190184049054632,0.2761116856253608,0.41299303906539886,0.9536743164061917,0.26023391812840135
medium,20000,924,CNN-refined Hough vectors from distance-to-stroke,4,2,2,0.3894688258914341,0.37845740065937883,0.8458149779735683,0.0,0.5,1,0,131,63,367,15823,0.6752577319552822,0.2630522088348132,0.3786127163584066,0.9737548828124405,0.23351158645234668
medium,20000,925,CNN-refined Hough vectors from distance-to-stroke,3,1,2,0.5133333333333333,0.3333333333333333,0.4,1.0,0.33333333333333337,0,0,41,0,216,16127,0.9999999999756098,0.15953307392934035,0.27516778499574346,0.9868164062499397,0.15953307392934035
medium,20000,926,CNN-refined Hough vectors from distance-to-stroke,4,1,3,0.4465944206008584,0.23444444444444446,0.33047210300429186,1.0,0.25,0,0,77,1,524,15782,0.987179487166831,0.12811980033256554,0.226804123507315,0.9679565429686909,0.12790697674397358
medium,20000,927,CNN-refined Hough vectors from distance-to-stroke,2,0,2,0.25,0.0,0.0,1.0,0.0,0,0,0,0,142,16242,0.0,0.0,0.0,0.9913330078124395,0.0
medium,20000,928,CNN-refined Hough vectors from distance-to-stroke,2,3,1,0.6979390944485284,0.46567834681042225,0.8585858585858586,1.0,0.6666666666666667,0,0,32,166,269,15917,0.1616161616153454,0.1063122923584508,0.12825651254684117,0.9734497070311906,0.0685224839398961
medium,20000,929,CNN-refined Hough vectors from distance-to-stroke,2,1,1,0.6236435185185186,0.41879629629629633,0.6759259259259259,1.0,0.5,0,0,74,0,268,16042,0.9999999999864865,0.21637426900521528,0.35576923047503695,0.9836425781249399,0.21637426900521528
medium,20000,930,CNN-refined Hough vectors from distance-to-stroke,2,2,0,0.9254693154996065,0.8415447154471544,0.9838709677419355,1.0,1.0,0,0,123,1,263,15997,0.9919354838629683,0.3186528497401071,0.48235294080653585,0.9838867187499399,0.3178294573635198
medium,20000,931,CNN-refined Hough vectors from distance-to-stroke,4,3,1,0.36019408987585244,0.2694235588972431,0.8197674418604651,0.0,0.75,0,1,31,143,433,15777,0.178160919539206,0.06681034482744222,0.0971786829885811,0.964843749999941,0.05107084019760944
medium,20000,932,CNN-refined Hough vectors from distance-to-stroke,5,3,2,0.6749062688048375,0.4290335857115123,0.8592057761732852,1.0,0.6,0,0,160,81,462,15681,0.6639004149350046,0.2572347266876893,0.37079953609717375,0.9668579101561909,0.22759601706937754
medium,20000,933,CNN-refined Hough vectors from distance-to-stroke,2,3,1,0.2750207650273224,0.20800000000000002,0.5737704918032787,0.0,0.6666666666666667,0,1,17,42,155,16170,0.28813559321545534,0.09883720930175095,0.14718614680452016,0.9879760742186897,0.07943925233607739
medium,20000,934,CNN-refined Hough vectors from distance-to-stroke,1,0,1,0.25,0.0,0.0,1.0,0.0,0,0,0,0,34,16350,0.0,0.0,0.0,0.997924804687439,0.0
medium,20000,935,CNN-refined Hough vectors from distance-to-stroke,4,2,2,0.3901158301158301,0.37142857142857144,0.8648648648648649,0.0,0.5,1,1,77,84,354,15869,0.47826086956224684,0.17865429234297298,0.26013513473826133,0.9732666015624406,0.1495145631065058
medium,20000,936,CNN-refined Hough vectors from distance-to-stroke,2,0,2,0.25,0.0,0.0,1.0,0.0,0,0,0,0,137,16247,0.0,0.0,0.0,0.9916381835936895,0.0
medium,20000,937,CNN-refined Hough vectors from distance-to-stroke,4,2,2,0.3093661971830986,0.33192488262910796,0.55,0.0,0.5,1,0,54,113,453,15764,0.3233532934112374,0.10650887573943489,0.16023738835079554,0.965454101562441,0.08709677419340792
medium,20000,938,CNN-refined Hough vectors from distance-to-stroke,4,4,0,0.7515913377850806,0.49261927562138236,0.8995633187772926,1.0,1.0,0,0,85,135,189,15975,0.3863636363618802,0.3102189781010576,0.34412955416045177,0.9802246093749402,0.20782396087968746
medium,20000,939,CNN-refined Hough vectors from distance-to-stroke,2,1,1,0.588663120567376,0.345177304964539,0.6666666666666667,1.0,0.5,0,0,35,12,186,16151,0.7446808510479855,0.1583710407232653,0.2611940295595623,0.9879150390624397,0.15021459227403341
medium,20000,940,CNN-refined Hough vectors from distance-to-stroke,1,0,1,0.25,0.0,0.0,1.0,0.0,0,0,0,0,132,16252,0.0,0.0,0.0,0.9919433593749394,0.0
medium,20000,941,CNN-refined Hough vectors from distance-to-stroke,3,2,1,0.40762474911224333,0.5092156862745099,0.5590551181102362,0.0,0.6666666666666667,1,0,86,58,518,15722,0.5972222222180749,0.14238410596002918,0.2299465237526524,0.964843749999941,0.12990936555871616
medium,20000,942,CNN-refined Hough vectors from distance-to-stroke,3,2,1,0.7888581431914582,0.6887273901808785,0.8113207547169812,1.0,0.6666666666666667,0,0,106,25,367,15886,0.8091603053373347,0.22410147991495963,0.350993377142587,0.9760742187499404,0.21285140562206256
medium,20000,943,CNN-refined Hough vectors from distance-to-stroke,4,0,4,0.0,0.0,0.0,0.0,0.0,1,0,0,0,574,15810,0.0,0.0,0.0,0.964965820312441,0.0
medium,20000,944,CNN-refined Hough vectors from distance-to-stroke,3,3,0,0.4367843531059262,0.3614104294266237,0.8707482993197279,0.0,1.0,0,1,90,48,222,16024,0.6521739130387524,0.2884615384606139,0.39999999957297777,0.9835205078124399,0.24999999999930556
medium,20000,945,CNN-refined Hough vectors from distance-to-stroke,1,1,0,0.9103719512195122,0.8116666666666668,0.975609756097561,1.0,1.0,0,0,0,42,125,16217,0.0,0.0,0.0,0.9898071289061896,0.0
medium,20000,946,CNN-refined Hough vectors from distance-to-stroke,2,0,2,0.25,0.0,0.0,1.0,0.0,0,0,0,0,261,16123,0.0,0.0,0.0,0.9840698242186899,0.0
medium,20000,947,CNN-refined Hough vectors from distance-to-stroke,2,2,0,0.8485423497267759,0.695,0.9289617486338798,1.0,1.0,0,0,120,65,400,15799,0.6486486486451425,0.230769230768787,0.34042553152682464,0.9716186523436907,0.20512820512785448
medium,20000,948,CNN-refined Hough vectors from distance-to-stroke,3,1,2,0.47397058823529414,0.21666666666666667,0.46568627450980393,1.0,0.33333333333333337,0,0,70,26,526,15762,0.7291666666590711,0.11744966442933313,0.20231213848877344,0.966308593749941,0.11254019292586409
medium,20000,949,CNN-refined Hough vectors from distance-to-stroke,1,0,1,0.25,0.0,0.0,1.0,0.0,0,0,0,0,200,16184,0.0,0.0,0.0,0.9877929687499397,0.0
medium,20000,950,CNN-refined Hough vectors from distance-to-stroke,3,2,1,0.40006435006435004,0.3123123123123123,0.9642857142857143,0.0,0.6666666666666667,1,0,17,66,101,16200,0.20481927710596604,0.14406779660894858,0.16915422836919877,0.9898071289061896,0.09239130434732397
medium,20000,951,CNN-refined Hough vectors from distance-to-stroke,4,4,0,0.8640277777777777,0.7379629629629629,0.9097222222222222,1.0,1.0,0,0,149,143,512,15580,0.5102739726009923,0.22541603630828227,0.3126967466886807,0.9600219726561914,0.18532338308434662
medium,20000,952,CNN-refined Hough vectors from distance-to-stroke,5,1,4,0.142290612248472,0.1550592128178335,0.26256983240223464,0.0,0.19999999999999996,3,0,44,51,730,15559,0.4631578947319667,0.056847545219564796,0.10126582258983716,0.9523315429686918,0.05333333333326869
medium,20000,953,CNN-refined Hough vectors from distance-to-stroke,4,3,1,0.6587994186046511,0.37657407407407406,0.8217054263565892,1.0,0.75,0,0,43,66,176,16099,0.39449541284041745,0.19634703196257378,0.26219512150585594,0.9852294921874398,0.15087719298192676
medium,20000,954,CNN-refined Hough vectors from distance-to-stroke,1,1,0,0.883,0.74,1.0,1.0,1.0,0,0,44,17,141,16182,0.7213114753980113,0.23783783783655224,0.35772357685990486,0.9903564453124395,0.21782178217713952
medium,20000,955,CNN-refined Hough vectors from distance-to-stroke,3,2,1,0.4704666288835887,0.5048982611912689,0.8829787234042553,0.0,0.6666666666666667,1,0,84,84,106,16110,0.4999999999970238,0.4421052631555679,0.46927374251602644,0.9884033203124396,0.30656934306457456
medium,20000,956,CNN-refined Hough vectors from distance-to-stroke,3,1,2,0.27986978774650006,0.36002809975412714,0.42261904761904767,0.0,0.33333333333333337,1,0,72,0,325,15987,0.9999999999861111,0.1813602015108782,0.3070362470735448,0.9801635742186902,0.1813602015108782
medium,20000,957,CNN-refined Hough vectors from distance-to-stroke,4,2,2,0.3772976439587693,0.3585680332739156,0.5797101449275363,0.2,0.5,2,1,85,76,617,15606,0.527950310555727,0.1210826210824486,0.1969872534619674,0.9577026367186915,0.10925449871451252
medium,20000,958,CNN-refined Hough vectors from distance-to-stroke,1,0,1,0.25,0.0,0.0,1.0,0.0,0,0,0,0,51,16333,0.0,0.0,0.0,0.9968872070311892,0.0
medium,20000,959,CNN-refined Hough vectors from distance-to-stroke,3,2,1,0.6972772976087582,0.4612820512820513,0.8651685393258427,1.0,0.6666666666666667,0,0,29,50,153,16152,0.36708860759029,0.15934065933978386,0.2222222217983882,0.9876098632811897,0.12499999999946121
medium,20000,960,CNN-refined Hough vectors from distance-to-stroke,2,1,1,0.29434404388714736,0.21348484848484844,0.7413793103448276,0.0,0.5,1,0,38,6,137,16203,0.8636363636167356,0.21714285714161635,0.34703196314605617,0.9912719726561895,0.20994475138005556
medium,20000,961,CNN-refined Hough vectors from distance-to-stroke,5,3,2,0.38705547785547784,0.41702564102564105,0.696969696969697,0.0,0.6,2,0,116,71,565,15632,0.6203208556116561,0.17033773861942683,0.2672811056521189,0.9611816406249413,0.15425531914873106
medium,20000,962,CNN-refined Hough vectors from distance-to-stroke,4,2,2,0.3472700534759358,0.4633333333333333,0.44385026737967914,0.0,0.5,3,0,22,63,442,15857,0.2588235294087197,0.04741379310334609,0.08014571922797867,0.9691772460936908,0.04174573055020542
medium,20000,963,CNN-refined Hough vectors from distance-to-stroke,3,3,0,0.5111453201970444,0.46921182266009853,1.0,0.0,1.0,1,1,49,51,93,16191,0.48999999999509997,0.3450704225327812,0.4049586771976641,0.9912109374999395,0.25388601036137887
medium,20000,964,CNN-refined Hough vectors from distance-to-stroke,5,1,4,0.2193245898418312,0.2666983222538778,0.39655172413793105,0.0,0.19999999999999996,4,0,58,58,619,15649,0.4999999999956896,0.08567208271774643,0.1462799493085049,0.9586791992186915,0.07891156462574297
medium,20000,965,CNN-refined Hough vectors from distance-to-stroke,1,0,1,0.25,0.0,0.0,1.0,0.0,0,0,0,0,117,16267,0.0,0.0,0.0,0.9928588867186894,0.0
medium,20000,966,CNN-refined Hough vectors from distance-to-stroke,5,1,4,0.112854400166044,0.08863636363636364,0.2648401826484018,0.0,0.19999999999999996,1,0,25,34,629,15696,0.4237288135521402,0.038226299694131154,0.07012622705697633,0.9595336914061914,0.036337209302272765
medium,20000,967,CNN-refined Hough vectors from distance-to-stroke,5,1,4,0.08960471567267683,0.06190476190476191,0.20873786407766992,0.0,0.19999999999999996,1,0,38,6,436,15904,0.8636363636167356,0.08016877637113888,0.1467181465621264,0.9730224609374406,0.07916666666650174
medium,20000,968,CNN-refined Hough vectors from distance-to-stroke,3,0,3,0.0,0.0,0.0,0.0,0.0,1,0,0,0,314,16070,0.0,0.0,0.0,0.9808349609374402,0.0
medium,20000,969,CNN-refined Hough vectors from distance-to-stroke,1,0,1,0.25,0.0,0.0,1.0,0.0,0,0,0,0,294,16090,0.0,0.0,0.0,0.98205566406244,0.0
medium,20000,970,CNN-refined Hough vectors from distance-to-stroke,1,1,0,0.7933719512195122,0.5516666666666667,0.975609756097561,1.0,1.0,0,0,11,31,114,16228,0.2619047618985261,0.087999999999296,0.13173652656803758,0.9911499023436895,0.07051282051236851
medium,20000,971,CNN-refined Hough vectors from distance-to-stroke,1,1,0,0.6159291187739463,0.17716049382716048,0.9310344827586207,1.0,1.0,0,0,25,5,61,16293,0.8333333333055556,0.2906976744152244,0.43103448236771696,0.9959716796874392,0.2747252747222558
medium,20000,972,CNN-refined Hough vectors from distance-to-stroke,2,0,2,0.25,0.0,0.0,1.0,0.0,0,0,0,0,174,16210,0.0,0.0,0.0,0.9893798828124396,0.0
medium,20000,973,CNN-refined Hough vectors from distance-to-stroke,1,0,1,0.25,0.0,0.0,1.0,0.0,0,0,0,0,54,16330,0.0,0.0,0.0,0.9967041015624392,0.0
medium,20000,974,CNN-refined Hough vectors from distance-to-stroke,5,3,2,0.49744105100115954,0.5023321449792039,0.6569579288025891,0.32,0.6,5,2,163,41,457,15723,0.7990196078392205,0.2629032258060276,0.39563106758764377,0.9696044921874408,0.2465960665654363
medium,20000,975,CNN-refined Hough vectors from distance-to-stroke,5,4,1,0.7471750740487584,0.48525677830940983,0.9940476190476191,1.0,0.8,0,0,79,92,308,15905,0.4619883040908656,0.20413436692453713,0.2831541214377064,0.9755859374999404,0.1649269311061275
medium,20000,976,CNN-refined Hough vectors from distance-to-stroke,5,1,4,0.14536661316211877,0.1635131086142322,0.2589285714285714,0.0,0.19999999999999996,4,0,88,0,693,15603,0.9999999999886363,0.1126760563378839,0.202531645387132,0.9577026367186915,0.1126760563378839
medium,20000,977,CNN-refined Hough vectors from distance-to-stroke,1,1,0,0.850948717948718,0.6801709401709402,0.9743589743589743,1.0,1.0,0,0,20,57,59,16248,0.25974025973688647,0.2531645569588207,0.2564102559070513,0.9929199218749394,0.14705882352833047
medium,20000,978,CNN-refined Hough vectors from distance-to-stroke,1,0,1,0.25,0.0,0.0,1.0,0.0,0,0,0,0,31,16353,0.0,0.0,0.0,0.998107910156189,0.0
medium,20000,979,CNN-refined Hough vectors from distance-to-stroke,5,3,2,0.6343261810653116,0.3763285024154589,0.7748917748917749,1.0,0.6,0,0,76,106,366,15836,0.4175824175801232,0.17194570135707704,0.24358974317576845,0.9711914062499407,0.13868613138660824
medium,20000,980,CNN-refined Hough vectors from distance-to-stroke,1,1,0,0.935064935064935,0.8787878787878787,0.948051948051948,1.0,1.0,0,0,74,0,4,16306,0.9999999999864865,0.9487179487057856,0.9736842100138503,0.9997558593749389,0.9487179487057856
medium,20000,981,CNN-refined Hough vectors from distance-to-stroke,5,3,2,0.6406272885789015,0.29989247311827955,0.9783783783783784,1.0,0.6,0,0,54,134,328,15868,0.2872340425516637,0.14136125654413256,0.18947368376778087,0.9718017578124407,0.10465116279049487
medium,20000,982,CNN-refined Hough vectors from distance-to-stroke,4,1,3,0.4280732044198895,0.18055555555555555,0.3591160220994475,1.0,0.25,0,0,29,37,399,15919,0.4393939393872819,0.06775700934563608,0.11740890665060892,0.9733886718749406,0.062365591397715345
medium,20000,983,CNN-refined Hough vectors from distance-to-stroke,3,3,0,0.8501319307199826,0.6711725895936422,0.990521327014218,1.0,1.0,0,0,127,76,240,15941,0.6256157635437162,0.346049046320583,0.44561403462754695,0.9807128906249402,0.28668171557497363
medium,20000,984,CNN-refined Hough vectors from distance-to-stroke,3,0,3,0.0,0.0,0.0,0.0,0.0,1,0,0,0,196,16188,0.0,0.0,0.0,0.9880371093749397,0.0
medium,20000,985,CNN-refined Hough vectors from distance-to-stroke,1,2,1,0.5705719319239464,0.8057798165137615,0.7898550724637681,0.0,0.5,0,1,80,54,256,15994,0.5970149253686791,0.23809523809452948,0.34042553150580357,0.98107910156244,0.20512820512767915
medium,20000,986,CNN-refined Hough vectors from distance-to-stroke,3,2,1,0.37523627887264255,0.3477855477855479,0.7603305785123967,0.0,0.6666666666666667,0,1,33,53,259,16039,0.3837209302280963,0.11301369862974996,0.17460317425074887,0.98095703124994,0.09565217391276623
medium,20000,987,CNN-refined Hough vectors from distance-to-stroke,3,2,1,0.3766433229583519,0.49358974358974356,0.4393063583815029,0.0,0.6666666666666667,1,0,56,22,296,16010,0.7179487179395134,0.15909090909045714,0.2604651159808762,0.9805908203124402,0.14973262032045526
medium,20000,988,CNN-refined Hough vectors from distance-to-stroke,2,2,0,0.9198565029439248,0.841087992153566,0.9568345323741008,1.0,1.0,0,0,98,37,169,16080,0.7259259259205487,0.367041198500498,0.4875621886062103,0.9874267578124397,0.32236842105157115
medium,20000,989,CNN-refined Hough vectors from distance-to-stroke,4,2,2,0.5782764782326186,0.32599451303155,0.6578947368421053,1.0,0.5,0,0,17,85,393,15889,0.1666666666650327,0.04146341463404521,0.06640624968067932,0.9708251953124407,0.03434343434336496
medium,20000,990,CNN-refined Hough vectors from distance-to-stroke,2,2,0,0.952255388414908,0.900686274509804,0.9847328244274809,1.0,1.0,0,0,64,67,199,16054,0.4885496183168813,0.24334600760363748,0.3248730960011724,0.9837646484374399,0.19393939393880624
medium,20000,991,CNN-refined Hough vectors from distance-to-stroke,5,2,3,0.3196756582958191,0.37509962062283353,0.5544041450777202,0.0,0.4,1,0,37,72,406,15869,0.33944954128128946,0.08352144469507106,0.13405797069706338,0.9708251953124407,0.07184466019403525
medium,20000,992,CNN-refined Hough vectors from distance-to-stroke,5,2,3,0.2891255189600247,0.29843693693693696,0.5741444866920152,0.0,0.4,1,0,96,57,380,15851,0.6274509803880559,0.20168067226848388,0.30524642252435924,0.9733276367186906,0.18011257035613487
medium,20000,993,CNN-refined Hough vectors from distance-to-stroke,4,3,1,0.757192008692835,0.5747193927877976,0.8678414096916299,1.0,0.75,0,0,188,12,487,15697,0.9399999999953,0.2785185185181059,0.4297142853606504,0.9695434570311908,0.27365356622958714
medium,20000,994,CNN-refined Hough vectors from distance-to-stroke,3,2,1,0.6965355100534957,0.40290598290598295,0.9928057553956835,1.0,0.6666666666666667,0,0,13,128,128,16115,0.0921985815596298,0.0921985815596298,0.0921985810596298,0.9843749999999399,0.04832713754628875
medium,20000,995,CNN-refined Hough vectors from distance-to-stroke,4,3,1,0.4280555555555556,0.4462962962962963,0.7611111111111111,0.0,0.75,1,0,94,46,406,15838,0.6714285714237755,0.187999999999624,0.29374999965728515,0.9724121093749406,0.17216117216085686
medium,20000,996,CNN-refined Hough vectors from distance-to-stroke,1,2,1,0.39278350515463917,0.0,0.4639175257731959,1.0,0.5,0,0,17,23,293,16051,0.42499999998937504,0.054838709677242456,0.09714285693985306,0.9807128906249402,0.051051051050897744
medium,20000,997,CNN-refined Hough vectors from distance-to-stroke,5,2,3,0.25230253890505183,0.2658710854363028,0.463302752293578,0.0,0.4,1,0,69,34,456,15825,0.6699029126148552,0.1314285714283211,0.21974522265501137,0.9700927734374407,0.12343470482983286
medium,20000,998,CNN-refined Hough vectors from distance-to-stroke,3,1,2,0.4988262910798122,0.2566510172143975,0.5,1.0,0.33333333333333337,0,0,0,65,411,15908,0.0,0.0,0.0,0.9709472656249407,0.0
medium,20000,999,CNN-refined Hough vectors from distance-to-stroke,3,2,1,0.7752508503401361,0.5791666666666666,0.9897959183673469,1.0,0.6666666666666667,0,0,75,25,156,16128,0.7499999999925,0.3246753246739192,0.45317220501364536,0.9889526367186896,0.2929687499988556
medium,20000,1000,CNN-refined Hough vectors from distance-to-stroke,5,2,3,0.25903170890188437,0.28371929824561404,0.45679012345679015,0.0,0.4,0,1,26,38,375,15945,0.4062499999936523,0.06483790523674604,0.11182795675138398,0.9747924804686905,0.059225512528338894
medium,20000,1001,CNN-refined Hough vectors from distance-to-stroke,4,2,2,0.5032149768470523,0.22081960666866327,0.5192307692307692,1.0,0.5,0,0,13,70,336,15965,0.15662650602220932,0.037249283667515044,0.060185184874474884,0.9752197265624405,0.03102625298321951
medium,20000,1002,CNN-refined Hough vectors from distance-to-stroke,5,0,5,0.0,0.0,0.0,0.0,0.0,1,0,0,0,537,15847,0.0,0.0,0.0,0.9672241210936909,0.0
medium,20000,1003,CNN-refined Hough vectors from distance-to-stroke,2,0,2,0.25,0.0,0.0,1.0,0.0,0,0,0,0,216,16168,0.0,0.0,0.0,0.9868164062499397,0.0
medium,20000,1004,CNN-refined Hough vectors from distance-to-stroke,3,2,1,0.581224358974359,0.5184615384615384,0.65625,0.6,0.6666666666666667,1,1,38,89,368,15889,0.2992125984228408,0.09359605911306997,0.1425891178353403,0.9721069335936906,0.07676767676752168
medium,20000,1005,CNN-refined Hough vectors from distance-to-stroke,5,3,2,0.5781815093873519,0.3205965909090909,0.8695652173913043,0.8,0.6,1,1,140,42,226,15976,0.7692307692265428,0.38251366120114066,0.5109489046639938,0.9836425781249399,0.3431372549011198
medium,20000,1006,CNN-refined Hough vectors from distance-to-stroke,5,1,4,0.3721270275367786,0.08863636363636364,0.3112033195020747,1.0,0.19999999999999996,0,0,40,36,347,15961,0.5263157894667589,0.10335917312634792,0.17278617683067984,0.9766235351561904,0.09456264775391357
medium,20000,1007,CNN-refined Hough vectors from distance-to-stroke,1,0,1,0.25,0.0,0.0,1.0,0.0,0,0,0,0,15,16369,0.0,0.0,0.0,0.999084472656189,0.0
medium,20000,1008,CNN-refined Hough vectors from distance-to-stroke,5,3,2,0.4530734358018941,0.3185964912280702,0.831858407079646,0.3333333333333333,0.6,3,2,54,135,425,15770,0.285714285712774,0.11273486430039095,0.16167664630033796,0.965820312499941,0.08794788273601312
medium,20000,1009,CNN-refined Hough vectors from distance-to-stroke,1,0,1,0.25,0.0,0.0,1.0,0.0,0,0,0,0,254,16130,0.0,0.0,0.0,0.9844970703124399,0.0
medium,20000,1010,CNN-refined Hough vectors from distance-to-stroke,3,1,2,0.4643589743589744,0.2,0.4551282051282052,1.0,0.33333333333333337,0,0,12,60,212,16100,0.16666666666435184,0.05357142857118941,0.0810810807123813,0.9833984374999399,0.042253521126611786
medium,20000,1011,CNN-refined Hough vectors from distance-to-stroke,3,3,0,0.8333737268214151,0.6917926393672662,0.8603351955307262,1.0,1.0,0,0,94,63,240,15987,0.598726114645868,0.2814371257476604,0.382892056589893,0.98150634765619,0.23677581863920208
medium,20000,1012,CNN-refined Hough vectors from distance-to-stroke,4,3,1,0.6035969793322735,0.357843137254902,0.5878378378378378,1.0,0.75,0,0,11,79,221,16073,0.1222222222208642,0.04741379310324391,0.06832298096327304,0.98168945312494,0.03536977491950042
medium,20000,1013,CNN-refined Hough vectors from distance-to-stroke,4,1,3,0.435213166028849,0.12536821705426357,0.5189873417721519,1.0,0.25,0,0,21,62,225,16076,0.2530120481897227,0.08536585365818958,0.12765957409003983,0.98248291015619,0.06818181818159681
medium,20000,1014,CNN-refined Hough vectors from distance-to-stroke,4,2,2,0.5622942691390155,0.3173275862068966,0.5974842767295597,1.0,0.5,0,0,48,49,241,16046,0.49484536081964076,0.1660899653973492,0.24870466283485468,0.98229980468744,0.14201183431910647
medium,20000,1015,CNN-refined Hough vectors from distance-to-stroke,2,1,1,0.5502325174825176,0.295,0.5874125874125874,1.0,0.5,0,0,44,41,241,16058,0.5176470588174394,0.154385964911739,0.23783783748264425,0.9827880859374399,0.13496932515296023
medium,20000,1016,CNN-refined Hough vectors from distance-to-stroke,2,1,1,0.45999253731343287,0.13,0.5074626865671642,1.0,0.5,0,0,0,35,163,16186,0.0,0.0,0.0,0.9879150390624397,0.0
medium,20000,1017,CNN-refined Hough vectors from distance-to-stroke,2,1,1,0.37693279569892474,0.43499999999999994,0.6559139784946236,0.0,0.5,1,0,62,0,226,16096,0.999999999983871,0.2152777777770303,0.35428571399216324,0.9862060546874398,0.2152777777770303
medium,20000,1018,CNN-refined Hough vectors from distance-to-stroke,2,1,1,0.621099947257384,0.488370253164557,0.5066666666666666,1.0,0.5,0,0,77,0,320,15987,0.9999999999870129,0.19395465994913363,0.32489451449444534,0.9804687499999402,0.19395465994913363
medium,20000,1019,CNN-refined Hough vectors from distance-to-stroke,3,0,3,0.25,0.0,0.0,1.0,0.0,0,0,0,0,288,16096,0.0,0.0,0.0,0.98242187499994,0.0
medium,20000,1020,CNN-refined Hough vectors from distance-to-stroke,4,2,2,0.6354555340223945,0.3339341085271318,0.9259259259259259,1.0,0.5,0,0,43,84,394,15863,0.3385826771626883,0.09839816933615927,0.15248226915406038,0.9708251953124407,0.08253358925128113
medium,20000,1021,CNN-refined Hough vectors from distance-to-stroke,5,5,0,0.6395228483980957,0.6264795883532267,0.9755351681957186,0.25,1.0,2,4,131,170,319,15764,0.43521594684240794,0.2911111111104642,0.34886817528439845,0.9701538085936907,0.21129032258030436
medium,20000,1022,CNN-refined Hough vectors from distance-to-stroke,5,3,2,0.357842412785702,0.29823566477630753,0.8181818181818181,0.0,0.6,1,2,96,72,442,15774,0.5714285714251701,0.17843866170970551,0.2719546738575223,0.9686279296874408,0.15737704918006987
medium,20000,1023,CNN-refined Hough vectors from distance-to-stroke,5,1,4,0.1466927611459842,0.13203216374269006,0.33639143730886845,0.0,0.19999999999999996,5,0,18,93,600,15673,0.16216216216070123,0.02912621359218588,0.049382715791088765,0.9577026367186915,0.025316455696166924
medium,20000,1024,CNN-refined Hough vectors from distance-to-stroke,3,1,2,0.5236276818419676,0.31630036630036634,0.4897959183673469,1.0,0.33333333333333337,0,0,25,72,308,15979,0.2577319587602296,0.07507507507484963,0.11627906941751216,0.9768066406249404,0.06172839506157598
medium,20000,1025,CNN-refined Hough vectors from distance-to-stroke,2,1,1,0.5644318181818182,0.325,0.5909090909090908,1.0,0.5,0,0,39,50,97,16198,0.4382022471860876,0.2867647058802444,0.3466666661854025,0.9910278320311895,0.20967741935371143
medium,20000,1026,CNN-refined Hough vectors from distance-to-stroke,5,3,2,0.3426936198349789,0.3954946439823566,0.5236051502145922,0.0,0.6,0,1,67,40,365,15912,0.6261682242932134,0.1550925925922336,0.24860853400368305,0.9752807617186905,0.14194915254207213
medium,20000,1027,CNN-refined Hough vectors from distance-to-stroke,3,2,1,0.3624981785063752,0.375679012345679,0.6338797814207651,0.0,0.6666666666666667,1,0,81,37,374,15892,0.6864406779602844,0.17802197802158676,0.28272251276096844,0.9749145507811905,0.1646341463411288
medium,20000,1028,CNN-refined Hough vectors from distance-to-stroke,5,1,4,0.15293242658920445,0.17810333963453057,0.26392961876832843,0.0,0.19999999999999996,3,0,91,0,834,15459,0.9999999999890109,0.09837837837827203,0.1791338581042745,0.949096679687442,0.09837837837827203
medium,20000,1029,CNN-refined Hough vectors from distance-to-stroke,4,1,3,0.18050000000000002,0.18393939393939393,0.36363636363636365,0.0,0.25,1,0,62,39,510,15773,0.613861386132536,0.1083916083914189,0.1842496282733232,0.9664916992186909,0.10147299508985029
medium,20000,1030,CNN-refined Hough vectors from distance-to-stroke,3,1,2,0.5808297048863086,0.37179487179487175,0.6509433962264151,1.0,0.33333333333333337,0,0,0,70,174,16140,0.0,0.0,0.0,0.9851074218749398,0.0
medium,20000,1031,CNN-refined Hough vectors from distance-to-stroke,4,3,1,0.7830778878516542,0.6054278416347381,0.9281767955801105,1.0,0.75,0,0,72,81,378,15853,0.47058823529104193,0.15999999999964445,0.2388059697697582,0.9719848632811906,0.1355932203387277
medium,20000,1032,CNN-refined Hough vectors from distance-to-stroke,4,1,3,0.1882239057239057,0.17282080059857838,0.42727272727272725,0.0,0.25,2,0,18,77,378,15911,0.18947368420853186,0.04545454545443067,0.07331975528842173,0.9722290039061906,0.03805496828744597
medium,20000,1033,CNN-refined Hough vectors from distance-to-stroke,1,0,1,0.25,0.0,0.0,1.0,0.0,0,0,0,0,120,16264,0.0,0.0,0.0,0.9926757812499394,0.0
medium,20000,1034,CNN-refined Hough vectors from distance-to-stroke,4,2,2,0.3557897800499816,0.4834014905294237,0.4412955465587044,0.0,0.5,3,0,81,30,549,15724,0.7297297297231555,0.1285714285712245,0.21862348152606995,0.964660644531191,0.12272727272708678
medium,20000,1035,CNN-refined Hough vectors from distance-to-stroke,4,5,1,0.4398636750433143,0.4323239021514883,0.8265895953757225,0.0,0.8,0,2,53,112,123,16096,0.3212121212101745,0.3011363636346526,0.3108504393813951,0.9856567382811898,0.1840277777771388
medium,20000,1036,CNN-refined Hough vectors from distance-to-stroke,2,2,0,0.8479203539823009,0.6777777777777778,0.9646017699115044,1.0,1.0,0,0,45,66,70,16203,0.40540540540175307,0.3913043478226843,0.39823008799220766,0.9916992187499395,0.24861878452901318
medium,20000,1037,CNN-refined Hough vectors from distance-to-stroke,1,1,0,0.6850752688172043,0.52,0.5053763440860215,1.0,1.0,0,0,0,48,284,16052,0.0,0.0,0.0,0.9797363281249402,0.0
medium,20000,1038,CNN-refined Hough vectors from distance-to-stroke,2,2,0,0.421496214852199,0.3613157894736842,0.7945205479452055,0.0,1.0,0,1,44,89,124,16127,0.3308270676666855,0.26190476190320294,0.2923588034915288,0.9869995117186897,0.1712062256802677
medium,20000,1039,CNN-refined Hough vectors from distance-to-stroke,2,1,1,0.5283644578313254,0.27722222222222226,0.5180722891566265,1.0,0.5,0,0,0,44,175,16165,0.0,0.0,0.0,0.9866333007811897,0.0
medium,20000,1040,CNN-refined Hough vectors from distance-to-stroke,2,2,0,0.8102300919916473,0.5877453580901856,0.9787234042553191,1.0,1.0,0,0,45,49,113,16177,0.4787234042502263,0.2848101265804759,0.35714285667227263,0.9901123046874395,0.2173913043467759
medium,20000,1041,CNN-refined Hough vectors from distance-to-stroke,4,2,2,0.6189979002873292,0.31930946291560103,0.8765432098765432,1.0,0.5,0,0,14,150,235,15985,0.08536585365801606,0.056224899598167774,0.06779660969034233,0.9765014648436904,0.035087719298157675
medium,20000,1042,CNN-refined Hough vectors from distance-to-stroke,5,3,2,0.7362763504611332,0.521354852876592,0.9583333333333334,1.0,0.6,0,0,108,79,436,15761,0.5775401069487832,0.19852941176434094,0.2954856357333563,0.9685668945311908,0.1733547351522097
medium,20000,1043,CNN-refined Hough vectors from distance-to-stroke,4,3,1,0.6986704255047278,0.39326028622540254,0.9835164835164835,1.0,0.75,0,0,109,76,194,16005,0.5891891891860044,0.3597359735961725,0.4467213110028134,0.9835205078124399,0.2875989445902702
medium,20000,1044,CNN-refined Hough vectors from distance-to-stroke,3,1,2,0.4645160439370351,0.2765447154471545,0.2836879432624113,1.0,0.33333333333333337,0,0,2,39,228,16115,0.04878048780368829,0.008695652173875237,0.014760147344562307,0.9837036132811899,0.007434944237890577
medium,20000,1045,CNN-refined Hough vectors from distance-to-stroke,3,2,1,0.7418459416863672,0.6195473251028806,0.7319148936170212,1.0,0.6666666666666667,0,0,104,70,256,15954,0.5977011494218524,0.28888888888808645,0.389513108173435,0.9801025390624402,0.2418604651157166
medium,20000,1046,CNN-refined Hough vectors from distance-to-stroke,1,1,0,0.7075,0.35,1.0,1.0,1.0,0,0,11,34,34,16305,0.24444444443901236,0.24444444443901236,0.24444444393901235,0.9958496093749392,0.13924050632735138
medium,20000,1047,CNN-refined Hough vectors from distance-to-stroke,2,2,0,0.6479859271523178,0.2825,0.8543046357615894,1.0,1.0,0,0,62,91,339,15892,0.4052287581672861,0.154613466333779,0.2238267144008328,0.9737548828124405,0.1260162601623455
medium,20000,1048,CNN-refined Hough vectors from distance-to-stroke,3,0,3,0.25,0.0,0.0,1.0,0.0,0,0,0,0,400,15984,0.0,0.0,0.0,0.9755859374999404,0.0
medium,20000,1049,CNN-refined Hough vectors from distance-to-stroke,3,2,1,0.31932746175393234,0.23653846153846156,0.73109243697479,0.0,0.6666666666666667,1,1,26,53,243,16062,0.3291139240464669,0.0966542750925775,0.14942528700450852,0.98193359374994,0.08074534161465607
medium,20000,1050,CNN-refined Hough vectors from distance-to-stroke,2,2,0,0.9761607142857143,0.9470238095238095,1.0,1.0,1.0,0,0,39,52,52,16241,0.428571428566719,0.428571428566719,0.428571428066719,0.9936523437499393,0.27272727272536557
medium,20000,1051,CNN-refined Hough vectors from distance-to-stroke,4,1,3,0.16821590909090908,0.19098484848484848,0.2863636363636364,0.0,0.25,2,0,32,32,444,15876,0.49999999999218747,0.06722689075616128,0.1185185183091358,0.9709472656249407,0.06299212598412797
medium,20000,1052,CNN-refined Hough vectors from distance-to-stroke,4,3,1,0.28405778894472367,0.21666666666666667,0.5577889447236181,0.0,0.75,0,1,36,71,462,15815,0.33644859812769673,0.07228915662636087,0.11900826417125607,0.9674682617186909,0.06326889279426491
medium,20000,1053,CNN-refined Hough vectors from distance-to-stroke,2,1,1,0.6092948916408669,0.37359649122807015,0.7058823529411764,1.0,0.5,0,0,36,37,124,16187,0.49315068492475134,0.22499999999859377,0.3090128751035385,0.9901733398436895,0.18274111675034144
medium,20000,1054,CNN-refined Hough vectors from distance-to-stroke,1,0,1,0.25,0.0,0.0,1.0,0.0,0,0,0,0,98,16286,0.0,0.0,0.0,0.9940185546874393,0.0
medium,20000,1055,CNN-refined Hough vectors from distance-to-stroke,5,3,2,0.6813976011994003,0.43885457271364314,0.8695652173913043,1.0,0.6,0,0,179,44,391,15770,0.8026905829560418,0.31403508771874733,0.4514501887497061,0.9734497070311906,0.29153094462493234
medium,20000,1056,CNN-refined Hough vectors from distance-to-stroke,2,1,1,0.5858823529411765,0.4196078431372549,0.4852941176470589,1.0,0.5,0,0,17,17,91,16259,0.49999999998529415,0.15740740740594994,0.23943661935072405,0.9934082031249394,0.135999999998912
medium,20000,1057,CNN-refined Hough vectors from distance-to-stroke,2,1,1,0.6203155080213905,0.3835294117647059,0.7386363636363636,1.0,0.5,0,0,33,33,101,16217,0.4999999999924242,0.2462686567145801,0.32999999955450005,0.9918212890624394,0.19760479041797843
medium,20000,1058,CNN-refined Hough vectors from distance-to-stroke,3,1,2,0.4631858673407969,0.2181386514719848,0.4084507042253521,1.0,0.33333333333333337,0,0,13,17,86,16268,0.4333333333188889,0.13131313131180491,0.20155038723682475,0.9937133789061893,0.11206896551627527
medium,20000,1059,CNN-refined Hough vectors from distance-to-stroke,2,1,1,0.46428571428571425,0.0,0.8214285714285714,1.0,0.5,0,0,5,52,160,16167,0.08771929824407511,0.03030303030284665,0.04504504466297379,0.9870605468749397,0.0230414746542717
medium,20000,1060,CNN-refined Hough vectors from distance-to-stroke,1,0,1,0.25,0.0,0.0,1.0,0.0,0,0,0,0,28,16356,0.0,0.0,0.0,0.998291015624939,0.0
medium,20000,1061,CNN-refined Hough vectors from distance-to-stroke,3,2,1,0.640417848206839,0.37286195286195284,0.7798165137614679,1.0,0.6666666666666667,0,0,42,45,268,16029,0.4827586206841062,0.1354838709673049,0.21158690141991893,0.9808959960936902,0.11830985915459631
medium,20000,1062,CNN-refined Hough vectors from distance-to-stroke,4,1,3,0.17348000465008137,0.19117647058823528,0.31225296442687744,0.0,0.25,1,0,59,21,536,15768,0.7374999999907812,0.09915966386537957,0.17481481460535309,0.966003417968691,0.0957792207790653
medium,20000,1063,CNN-refined Hough vectors from distance-to-stroke,3,2,1,0.6700101053580946,0.3741607565011821,0.9248554913294798,1.0,0.6666666666666667,0,0,132,30,410,15812,0.8148148148097851,0.2435424354239049,0.374999999644612,0.9731445312499406,0.23076923076882733
medium,20000,1064,CNN-refined Hough vectors from distance-to-stroke,1,1,0,0.7772105263157895,0.54,0.9210526315789473,1.0,1.0,0,0,37,2,77,16268,0.9487179486936227,0.3245614035059249,0.48366013033277794,0.9951782226561893,0.3189655172386296
medium,20000,1065,CNN-refined Hough vectors from distance-to-stroke,2,2,0,0.5791282894736842,0.33958333333333335,0.381578947368421,1.0,1.0,0,0,17,43,273,16051,0.2833333333286111,0.058620689654970276,0.09714285685822041,0.9807128906249402,0.051051051050897744
medium,20000,1066,CNN-refined Hough vectors from distance-to-stroke,1,0,1,0.25,0.0,0.0,1.0,0.0,0,0,0,0,90,16294,0.0,0.0,0.0,0.9945068359374393,0.0
medium,20000,1067,CNN-refined Hough vectors from distance-to-stroke,2,1,1,0.6508618456924755,0.5693452380952381,0.4732824427480916,1.0,0.5,0,0,0,63,204,16117,0.0,0.0,0.0,0.9837036132811899,0.0
medium,20000,1068,CNN-refined Hough vectors from distance-to-stroke,4,1,3,0.47365019379844964,0.21749999999999997,0.5038759689922481,1.0,0.25,0,0,33,33,282,16036,0.4999999999924242,0.10476190476157218,0.17322834616934302,0.9807739257811902,0.09482758620662406
medium,20000,1069,CNN-refined Hough vectors from distance-to-stroke,3,3,0,0.6783205217796413,0.6570644718792866,0.9132075471698113,0.4,1.0,1,1,136,131,472,15645,0.5093632958782421,0.2236842105259479,0.31085714243237095,0.9631958007811912,0.18403247631910144
medium,20000,1070,CNN-refined Hough vectors from distance-to-stroke,4,1,3,0.23559085522417542,0.2712583668005355,0.4426229508196722,0.0,0.25,1,0,21,61,260,16042,0.2560975609724866,0.07473309608514331,0.11570247898847223,0.9804077148436902,0.061403508771750284
medium,20000,1071,CNN-refined Hough vectors from distance-to-stroke,4,2,2,0.5002994330262226,0.23627450980392162,0.4698795180722891,1.0,0.5,0,0,27,92,226,16039,0.22689075630061437,0.106719367588511,0.14516128988667765,0.9805908203124402,0.07826086956499055
medium,20000,1072,CNN-refined Hough vectors from distance-to-stroke,5,1,4,0.13958695652173914,0.14130434782608695,0.28,0.0,0.19999999999999996,3,0,52,12,449,15871,0.8124999999873046,0.1037924151694535,0.1840707962586389,0.9718627929686906,0.10136452241695641
medium,20000,1073,CNN-refined Hough vectors from distance-to-stroke,5,3,2,0.6705460279913267,0.5165692007797271,0.6404494382022472,1.0,0.6,0,0,109,65,561,15649,0.6264367816055952,0.16268656716393629,0.2582938385346297,0.9617919921874413,0.1482993197276894
medium,20000,1074,CNN-refined Hough vectors from distance-to-stroke,4,3,1,0.7699033047562458,0.631237208688189,0.8042328042328042,1.0,0.75,0,0,54,101,409,15820,0.3483870967719459,0.11663066954618438,0.17475728117702474,0.9688720703124408,0.09574468085089408
medium,20000,1075,CNN-refined Hough vectors from distance-to-stroke,3,1,2,0.5160555555555556,0.29,0.5111111111111111,1.0,0.33333333333333337,0,0,93,0,470,15821,0.9999999999892473,0.16518650088780606,0.2835365851216491,0.9713134765624407,0.16518650088780606
medium,20000,1076,CNN-refined Hough vectors from distance-to-stroke,2,1,1,0.6873094252036591,0.6229615133724723,0.5348837209302326,1.0,0.5,0,0,0,70,127,16187,0.0,0.0,0.0,0.9879760742186897,0.0
medium,20000,1077,CNN-refined Hough vectors from distance-to-stroke,4,4,0,0.4568050952967204,0.3774412745724221,0.9347826086956522,0.0,1.0,0,1,83,92,226,15983,0.4742857142830041,0.2686084142386129,0.3429752061484786,0.9805908203124402,0.2069825436403816
medium,20000,1078,CNN-refined Hough vectors from distance-to-stroke,5,2,3,0.540357142857143,0.2611111111111111,0.6642857142857144,1.0,0.4,0,0,22,73,212,16077,0.23157894736598336,0.09401709401669224,0.1337386014121451,0.98260498046869,0.07166123778478287
medium,20000,1079,CNN-refined Hough vectors from distance-to-stroke,3,3,0,0.8114458720612356,0.6412544802867383,0.864406779661017,1.0,1.0,0,0,73,107,277,15927,0.40555555555330247,0.20857142857083266,0.27547169766360985,0.9765624999999404,0.1597374179427577
medium,20000,1080,CNN-refined Hough vectors from distance-to-stroke,4,2,2,0.3589436721849544,0.43153238627621926,0.5737704918032787,0.0,0.5,1,0,108,34,385,15857,0.7605633802763341,0.21906693711923111,0.34015747996665885,0.9744262695311905,0.20493358633737205
medium,20000,1081,CNN-refined Hough vectors from distance-to-stroke,4,2,2,0.4970212961994877,0.3381254029658285,0.7243243243243243,0.6,0.5,1,1,34,101,354,15895,0.2518518518499863,0.0876288659791556,0.1300191200753997,0.9722290039061906,0.06952965235159606
medium,20000,1082,CNN-refined Hough vectors from distance-to-stroke,1,1,0,0.883,0.74,1.0,1.0,1.0,0,0,44,15,139,16186,0.7457627118517668,0.2404371584686315,0.36363636326463367,0.9906005859374395,0.2222222222210999
medium,20000,1083,CNN-refined Hough vectors from distance-to-stroke,2,2,0,0.8041495418052064,0.5788118472864235,0.968421052631579,1.0,1.0,0,0,85,12,201,16086,0.8762886597847805,0.297202797201758,0.4438642293844527,0.9869995117186897,0.2852348993279019
medium,20000,1084,CNN-refined Hough vectors from distance-to-stroke,2,3,1,0.5014294603043555,0.5847133390953616,0.8582089552238806,0.0,0.6666666666666667,0,1,8,118,109,16149,0.06349206349155959,0.06837606837548396,0.0658436208993209,0.9861450195311898,0.0340425531913445
medium,20000,1085,CNN-refined Hough vectors from distance-to-stroke,2,3,1,0.752784216639159,0.6547869674185465,0.7073170731707317,1.0,0.6666666666666667,0,0,53,73,222,16036,0.42063492063158225,0.19272727272657192,0.26433915168741495,0.98199462890619,0.152298850574275
medium,20000,1086,CNN-refined Hough vectors from distance-to-stroke,1,1,0,0.6017105263157895,0.15,0.9210526315789473,1.0,1.0,0,0,31,8,83,16262,0.7948717948514136,0.27192982455901815,0.40522875778478357,0.9944458007811893,0.25409836065365493
medium,20000,1087,CNN-refined Hough vectors from distance-to-stroke,2,3,1,0.43208009161381256,0.5418076109936575,0.608,0.0,0.6666666666666667,0,1,114,14,128,16128,0.8906249999930421,0.4710743801633427,0.6162162157603506,0.9913330078124395,0.4453124999982605
medium,20000,1088,CNN-refined Hough vectors from distance-to-stroke,5,1,4,0.5167879325643301,0.11304347826086956,0.9795918367346939,1.0,0.19999999999999996,0,0,25,72,243,16044,0.2577319587602296,0.09328358208920418,0.1369863009788553,0.9807739257811902,0.07352941176448963
medium,20000,1089,CNN-refined Hough vectors from distance-to-stroke,4,1,3,0.17591358802726417,0.1649638802889577,0.383399209486166,0.0,0.25,2,0,61,37,446,15840,0.6224489795854852,0.12031558185380609,0.20165289228982722,0.9705200195311907,0.11213235294097035
medium,20000,1090,CNN-refined Hough vectors from distance-to-stroke,3,1,2,0.5130769230769231,0.2735042735042735,0.5333333333333333,1.0,0.33333333333333337,0,0,49,0,44,16291,0.9999999999795919,0.5268817204244421,0.6901408446087086,0.997314453124939,0.5268817204244421
medium,20000,1091,CNN-refined Hough vectors from distance-to-stroke,4,2,2,0.22502337398373984,0.15768518518518518,0.5203252032520325,0.0,0.5,0,1,20,42,215,16107,0.3225806451560874,0.08510638297836125,0.13468013434887596,0.9843139648436899,0.0722021660647213
medium,20000,1092,CNN-refined Hough vectors from distance-to-stroke,3,1,2,0.4681230376766091,0.22923789173789175,0.40816326530612246,1.0,0.33333333333333337,0,0,10,31,174,16169,0.2439024390184414,0.05434782608666116,0.0888888885900642,0.9874877929686897,0.04651162790676042
medium,20000,1093,CNN-refined Hough vectors from distance-to-stroke,5,2,3,0.46845800218170486,0.27391304347826084,0.2759856630824373,1.0,0.4,0,0,22,57,493,15812,0.27848101265470276,0.0427184466018588,0.0740740738432076,0.9664306640624409,0.03846153846147122
medium,20000,1094,CNN-refined Hough vectors from distance-to-stroke,5,1,4,0.40106949458483754,0.18055555555555555,0.2490974729241877,1.0,0.19999999999999996,0,0,3,67,551,15763,0.04285714285653061,0.005415162454863872,0.009615384416163303,0.9622802734374413,0.004830917874388356
medium,20000,1095,CNN-refined Hough vectors from distance-to-stroke,3,2,1,0.48263598263732976,0.5647494553376906,0.8091603053435115,0.0,0.6666666666666667,1,0,51,57,136,16140,0.47222222221784976,0.2727272727258143,0.3457627113979201,0.9882202148436896,0.20901639344176634
medium,20000,1096,CNN-refined Hough vectors from distance-to-stroke,2,0,2,0.25,0.0,0.0,1.0,0.0,0,0,0,0,30,16354,0.0,0.0,0.0,0.998168945312439,0.0
medium,20000,1097,CNN-refined Hough vectors from distance-to-stroke,4,0,4,0.25,0.0,0.0,1.0,0.0,0,0,0,0,591,15793,0.0,0.0,0.0,0.9639282226561912,0.0
medium,20000,1098,CNN-refined Hough vectors from distance-to-stroke,5,1,4,0.4029473834988541,0.1609848484848485,0.3025210084033614,1.0,0.19999999999999996,0,0,0,73,529,15782,0.0,0.0,0.0,0.9632568359374412,0.0
medium,20000,1099,CNN-refined Hough vectors from distance-to-stroke,1,0,1,0.25,0.0,0.0,1.0,0.0,0,0,0,0,221,16163,0.0,0.0,0.0,0.9865112304686897,0.0
medium,20000,1100,CNN-refined Hough vectors from distance-to-stroke,2,0,2,0.0,0.0,0.0,0.0,0.0,1,0,0,0,392,15992,0.0,0.0,0.0,0.9760742187499404,0.0
medium,20000,1101,CNN-refined Hough vectors from distance-to-stroke,2,0,2,0.25,0.0,0.0,1.0,0.0,0,0,0,0,125,16259,0.0,0.0,0.0,0.9923706054686894,0.0
medium,20000,1102,CNN-refined Hough vectors from distance-to-stroke,4,5,1,0.7854665621734587,0.6325182863113896,0.8541666666666666,1.0,0.8,0,0,161,84,294,15845,0.657142857140175,0.35384615384537615,0.4599999995436857,0.9769287109374404,0.2987012987007445
medium,20000,1103,CNN-refined Hough vectors from distance-to-stroke,3,2,1,0.6572829647829648,0.38655473655473654,0.8333333333333334,1.0,0.6666666666666667,0,0,12,80,99,16193,0.13043478260727787,0.10810810810713416,0.11822660048843697,0.9890747070311896,0.06282722513056112
medium,20000,1104,CNN-refined Hough vectors from distance-to-stroke,5,3,2,0.5022930919683728,0.4087994636334211,0.875,0.3333333333333333,0.6,3,1,94,174,415,15701,0.3507462686554077,0.18467583497016762,0.24195624150372108,0.9640502929686912,0.1376281112735906
medium,20000,1105,CNN-refined Hough vectors from distance-to-stroke,2,3,1,0.8791849593495935,0.9183333333333333,0.7463414634146341,1.0,0.6666666666666667,0,0,153,55,320,15856,0.7355769230733867,0.3234672304432908,0.44933920662285104,0.9771118164061904,0.28977272727217845
medium,20000,1106,CNN-refined Hough vectors from distance-to-stroke,5,2,3,0.31518098606199296,0.34625199362041464,0.5968379446640316,0.0,0.4,1,1,80,72,590,15642,0.5263157894702216,0.11940298507444866,0.19464720164455576,0.9595947265624414,0.10781671159015119
medium,20000,1107,CNN-refined Hough vectors from distance-to-stroke,4,2,2,0.601212442962443,0.389995904995905,0.6285714285714286,1.0,0.5,0,0,78,100,554,15652,0.43820224718854944,0.12341772151879206,0.19259259224919373,0.9600830078124414,0.10655737704903476
medium,20000,1108,CNN-refined Hough vectors from distance-to-stroke,4,2,2,0.4906506849315068,0.21666666666666667,0.4657534246575342,1.0,0.5,0,0,35,35,445,15869,0.4999999999928571,0.07291666666651477,0.12727272705011572,0.9707031249999407,0.06796116504841172
medium,20000,1109,CNN-refined Hough vectors from distance-to-stroke,5,1,4,0.07910455486542442,0.08478260869565218,0.10476190476190472,0.0,0.19999999999999996,2,0,3,31,559,15791,0.08823529411505192,0.005338078291805448,0.010067113986340706,0.9639892578124412,0.0050590219224198
medium,20000,1110,CNN-refined Hough vectors from distance-to-stroke,3,1,2,0.5305481874447392,0.38461538461538464,0.3706896551724138,1.0,0.33333333333333337,0,0,44,0,220,16120,0.9999999999772728,0.16666666666603536,0.2857142854675324,0.9865722656249397,0.16666666666603536
medium,20000,1111,CNN-refined Hough vectors from distance-to-stroke,1,0,1,0.25,0.0,0.0,1.0,0.0,0,0,0,0,28,16356,0.0,0.0,0.0,0.998291015624939,0.0
medium,20000,1112,CNN-refined Hough vectors from distance-to-stroke,3,2,1,0.46045007680491556,0.49412186379928313,0.8571428571428572,0.0,0.6666666666666667,1,0,25,67,124,16168,0.2717391304318289,0.1677852348982028,0.20746887919429763,0.9883422851561896,0.1157407407402049
medium,20000,1113,CNN-refined Hough vectors from distance-to-stroke,3,0,3,0.0,0.0,0.0,0.0,0.0,1,0,0,0,421,15963,0.0,0.0,0.0,0.9743041992186905,0.0
medium,20000,1114,CNN-refined Hough vectors from distance-to-stroke,4,1,3,0.4893398675259578,0.2246101364522417,0.5663265306122449,1.0,0.25,0,0,84,28,482,15790,0.7499999999933036,0.14840989399267066,0.24778761034293126,0.9688720703124408,0.14141414141390335
medium,20000,1115,CNN-refined Hough vectors from distance-to-stroke,3,2,1,0.45895315549772286,0.46643678160919533,0.9119496855345912,0.0,0.6666666666666667,1,0,100,47,277,15960,0.6802721088389098,0.26525198938921685,0.3816793889078507,0.9802246093749402,0.23584905660321734
medium,20000,1116,CNN-refined Hough vectors from distance-to-stroke,3,2,1,0.5646143018018018,0.25069444444444444,0.6756756756756757,1.0,0.6666666666666667,0,0,40,73,186,16085,0.35398230088182314,0.17699115044169475,0.23598820014413383,0.9841918945311899,0.1337792642135994
medium,20000,1117,CNN-refined Hough vectors from distance-to-stroke,1,0,1,0.25,0.0,0.0,1.0,0.0,0,0,0,0,244,16140,0.0,0.0,0.0,0.9851074218749398,0.0
medium,20000,1118,CNN-refined Hough vectors from distance-to-stroke,3,1,2,0.2761717898408546,0.303030303030303,0.5323741007194245,0.0,0.33333333333333337,1,0,75,0,268,16041,0.9999999999866667,0.2186588921276424,0.3588516743449669,0.9836425781249399,0.2186588921276424
medium,20000,1119,CNN-refined Hough vectors from distance-to-stroke,3,3,0,0.8303040583386176,0.640441767068273,0.9605263157894737,1.0,1.0,0,0,67,82,88,16147,0.4496644295271835,0.4322580645133403,0.4407894731815054,0.9896240234374396,0.28270042193973544
medium,20000,1120,CNN-refined Hough vectors from distance-to-stroke,5,4,1,0.48799057427700426,0.4951949685534591,0.9257641921397379,0.0,0.8,1,1,152,63,234,15935,0.7069767441827582,0.39378238341866895,0.5058236268266477,0.98187255859369,0.3385300668143908
medium,20000,1121,CNN-refined Hough vectors from distance-to-stroke,4,2,2,0.5083534031413612,0.22333333333333333,0.5392670157068062,1.0,0.5,0,0,34,71,161,16118,0.3238095238064399,0.17435897435808023,0.22666666621015558,0.9858398437499398,0.12781954887169994
medium,20000,1122,CNN-refined Hough vectors from distance-to-stroke,1,0,1,0.25,0.0,0.0,1.0,0.0,0,0,0,0,36,16348,0.0,0.0,0.0,0.997802734374939,0.0
medium,20000,1123,CNN-refined Hough vectors from distance-to-stroke,1,1,0,0.9414999999999999,0.8699999999999999,1.0,1.0,1.0,0,0,37,37,187,16123,0.49999999999324324,0.16517857142783404,0.24832214727602364,0.9863281249999398,0.14176245210673655
medium,20000,1124,CNN-refined Hough vectors from distance-to-stroke,2,3,1,0.7834973827470687,0.7515277777777778,0.6432160804020101,1.0,0.6666666666666667,0,0,154,44,144,16042,0.7777777777738496,0.5167785234881987,0.6209677414533038,0.9885253906249396,0.4502923976595021
medium,20000,1125,CNN-refined Hough vectors from distance-to-stroke,3,3,0,0.7334152191894128,0.4617204301075269,0.8782051282051282,1.0,1.0,0,0,43,116,217,16008,0.2704402515706262,0.1653846153839793,0.20525059618678407,0.9796752929686902,0.11436170212735543
medium,20000,1126,CNN-refined Hough vectors from distance-to-stroke,1,2,1,0.7961934865900384,0.8267901234567901,0.6206896551724138,1.0,0.5,0,0,54,35,113,16182,0.6067415730268905,0.3233532934112374,0.42187499954312135,0.9909667968749395,0.26732673267194396
medium,20000,1127,CNN-refined Hough vectors from distance-to-stroke,3,2,1,0.4349110433746759,0.5795148669796557,0.5373134328358209,0.0,0.6666666666666667,1,0,76,34,397,15877,0.6909090909028099,0.16067653276921634,0.2607204113567547,0.9736938476561905,0.14990138067031578
medium,20000,1128,CNN-refined Hough vectors from distance-to-stroke,4,1,3,0.22764610389610393,0.28293650793650793,0.37662337662337664,0.0,0.25,1,0,26,62,410,15886,0.295454545451188,0.05963302752279901,0.09923664094152437,0.9711914062499407,0.052208835341260626
medium,20000,1129,CNN-refined Hough vectors from distance-to-stroke,2,1,1,0.6613095238095239,0.6547619047619048,0.33333333333333337,1.0,0.5,0,0,29,1,230,16124,0.9666666666344444,0.11196911196867966,0.20069204133504148,0.9859008789061898,0.11153846153803255
medium,20000,1130,CNN-refined Hough vectors from distance-to-stroke,2,0,2,0.25,0.0,0.0,1.0,0.0,0,0,0,0,320,16064,0.0,0.0,0.0,0.9804687499999402,0.0
medium,20000,1131,CNN-refined Hough vectors from distance-to-stroke,2,1,1,0.44426003344481607,0.04038461538461537,0.6304347826086957,1.0,0.5,0,0,10,20,38,16316,0.3333333333222222,0.20833333332899306,0.25641025593030903,0.9964599609374392,0.14705882352724914
medium,20000,1132,CNN-refined Hough vectors from distance-to-stroke,1,1,0,0.903621212121212,0.7992929292929293,0.9696969696969697,1.0,1.0,0,0,65,0,142,16177,0.9999999999846153,0.31400966183423185,0.4779411761033466,0.9913330078124395,0.31400966183423185
medium,20000,1133,CNN-refined Hough vectors from distance-to-stroke,2,0,2,0.25,0.0,0.0,1.0,0.0,0,0,0,0,142,16242,0.0,0.0,0.0,0.9913330078124395,0.0
medium,20000,1134,CNN-refined Hough vectors from distance-to-stroke,2,0,2,0.25,0.0,0.0,1.0,0.0,0,0,0,0,66,16318,0.0,0.0,0.0,0.9959716796874392,0.0
medium,20000,1135,CNN-refined Hough vectors from distance-to-stroke,2,0,2,0.25,0.0,0.0,1.0,0.0,0,0,0,0,133,16251,0.0,0.0,0.0,0.9918823242186894,0.0
medium,20000,1136,CNN-refined Hough vectors from distance-to-stroke,4,4,0,0.532766393442623,0.5342592592592593,0.9617486338797814,0.0,1.0,1,0,102,78,289,15915,0.5666666666635185,0.2608695652167241,0.3572679505302462,0.9776000976561903,0.21748400852832092
medium,20000,1137,CNN-refined Hough vectors from distance-to-stroke,2,2,0,0.8027614858260019,0.5808080808080808,0.956989247311828,1.0,1.0,0,0,65,30,195,16094,0.6842105263085873,0.24999999999903846,0.36619718270454277,0.9862670898436898,0.22413793103370988
medium,20000,1138,CNN-refined Hough vectors from distance-to-stroke,1,1,0,0.6686268939393939,0.2770833333333333,0.9696969696969697,1.0,1.0,0,0,11,23,22,16328,0.32352941175519034,0.33333333332323234,0.32835820844553354,0.9972534179686892,0.19642857142506379
medium,20000,1139,CNN-refined Hough vectors from distance-to-stroke,1,1,0,0.9553571428571428,0.9166666666666666,0.9642857142857143,1.0,1.0,0,0,0,55,57,16272,0.0,0.0,0.0,0.9931640624999394,0.0
medium,20000,1140,CNN-refined Hough vectors from distance-to-stroke,3,1,2,0.5859872954349699,0.39866255144032925,0.6162790697674418,1.0,0.33333333333333337,0,0,54,0,214,16116,0.9999999999814816,0.20149253731268102,0.3354037264268354,0.9869384765624397,0.20149253731268102
medium,20000,1141,CNN-refined Hough vectors from distance-to-stroke,4,1,3,0.45252234993614304,0.22988505747126436,0.37037037037037035,1.0,0.25,0,0,2,59,264,16059,0.032786885245364154,0.007518796992452937,0.012232415598574761,0.9802856445311902,0.006153846153827219
medium,20000,1142,CNN-refined Hough vectors from distance-to-stroke,5,2,3,0.25904285714285713,0.18200000000000002,0.6857142857142857,0.0,0.4,0,1,36,98,441,15809,0.26865671641590555,0.07547169811304932,0.11783960685849443,0.9671020507811909,0.06260869565206503
medium,20000,1143,CNN-refined Hough vectors from distance-to-stroke,5,2,3,0.5271430863392282,0.3006009492515517,0.5093632958801498,1.0,0.4,0,0,81,57,583,15663,0.5869565217348772,0.1219879518070452,0.2019950121834006,0.9609374999999413,0.11234396671274294
medium,20000,1144,CNN-refined Hough vectors from distance-to-stroke,5,1,4,0.40209653878231866,0.19772727272727272,0.2155963302752294,1.0,0.19999999999999996,0,0,24,24,593,15743,0.4999999999895834,0.03889789303073112,0.0721804509936616,0.9623413085936913,0.037441497659847986
medium,20000,1145,CNN-refined Hough vectors from distance-to-stroke,1,0,1,0.25,0.0,0.0,1.0,0.0,0,0,0,0,41,16343,0.0,0.0,0.0,0.997497558593689,0.0
medium,20000,1146,CNN-refined Hough vectors from distance-to-stroke,5,4,1,0.4119936999350509,0.37534767025089605,0.8154362416107382,0.0,0.8,0,1,121,123,344,15796,0.4959016393422299,0.2602150537628813,0.3413258105490281,0.9714965820311907,0.2057823129248201
medium,20000,1147,CNN-refined Hough vectors from distance-to-stroke,1,0,1,0.25,0.0,0.0,1.0,0.0,0,0,0,0,98,16286,0.0,0.0,0.0,0.9940185546874393,0.0
medium,20000,1148,CNN-refined Hough vectors from distance-to-stroke,2,1,1,0.638361622962438,0.3663725490196078,0.8674698795180723,1.0,0.5,0,0,71,2,158,16153,0.9726027397127041,0.3100436681209168,0.47019867512699,0.9902343749999395,0.30735930735797684
medium,20000,1149,CNN-refined Hough vectors from distance-to-stroke,4,2,2,0.5440504660289429,0.2597736625514403,0.6357615894039735,1.0,0.5,0,0,12,86,243,16043,0.12244897959058725,0.047058823529227224,0.06798866815376096,0.9799194335936902,0.03519061583567393
medium,20000,1150,CNN-refined Hough vectors from distance-to-stroke,3,1,2,0.2511381856963278,0.30586569579288025,0.40082644628099173,0.0,0.33333333333333337,2,0,26,72,252,16034,0.2653061224462724,0.09352517985577868,0.13829787195427792,0.9802246093749402,0.07428571428550204
medium,20000,1151,CNN-refined Hough vectors from distance-to-stroke,5,1,4,0.15110340479192938,0.18205128205128207,0.24590163934426235,0.0,0.19999999999999996,3,0,76,0,527,15781,0.9999999999868421,0.12603648424523045,0.2238586154117313,0.9678344726561909,0.12603648424523045
medium,20000,1152,CNN-refined Hough vectors from distance-to-stroke,3,2,1,0.6741449942462601,0.4475949367088608,0.7803030303030303,1.0,0.6666666666666667,0,0,37,68,220,16059,0.35238095237759637,0.14396887159477056,0.20441988908978662,0.98242187499994,0.11384615384580356
medium,20000,1153,CNN-refined Hough vectors from distance-to-stroke,4,4,0,0.7221434780408148,0.5953959405374499,0.9377431906614786,0.6666666666666666,1.0,2,3,151,107,288,15838,0.5852713178271889,0.3439635535299682,0.43328550885815625,0.9758911132811904,0.27655677655627003
medium,20000,1154,CNN-refined Hough vectors from distance-to-stroke,5,3,2,0.6907533156498673,0.4358620689655172,0.9230769230769231,1.0,0.6,0,0,2,193,379,15810,0.01025641025635766,0.00524934383200722,0.006944443996557949,0.965087890624941,0.003484320557485219
medium,20000,1155,CNN-refined Hough vectors from distance-to-stroke,2,2,0,0.8435119047619047,0.6564814814814814,0.9904761904761905,1.0,1.0,0,0,79,28,157,16120,0.7383177570024456,0.334745762710446,0.46064139898494666,0.9887084960936896,0.29924242424129077
medium,20000,1156,CNN-refined Hough vectors from distance-to-stroke,3,1,2,0.4648406862745098,0.3162037037037037,0.196078431372549,1.0,0.33333333333333337,0,0,41,0,635,15708,0.9999999999756098,0.060650887573874775,0.11436541132839644,0.9612426757811913,0.060650887573874775
medium,20000,1157,CNN-refined Hough vectors from distance-to-stroke,5,1,4,0.1647319688109162,0.26072124756335285,0.13703703703703707,0.0,0.19999999999999996,3,0,37,1,662,15684,0.9736842105006926,0.0529327610871918,0.10040705553285995,0.9595336914061914,0.05285714285706735
medium,20000,1158,CNN-refined Hough vectors from distance-to-stroke,4,4,0,0.4481564267511965,0.3652031063321386,0.9190751445086706,0.0,1.0,0,2,70,70,390,15854,0.49999999999642863,0.15217391304314745,0.23333333297477782,0.9719238281249406,0.13207547169786402
medium,20000,1159,CNN-refined Hough vectors from distance-to-stroke,3,1,2,0.26470352564102567,0.2606837606837607,0.5703125,0.0,0.33333333333333337,1,0,25,49,151,16159,0.3378378378332724,0.14204545454464748,0.19999999958163198,0.9877929687499397,0.11111111111061729
medium,20000,1160,CNN-refined Hough vectors from distance-to-stroke,5,3,2,0.6174459624459625,0.33156489823156493,0.7912087912087912,1.0,0.6,0,0,75,72,252,15985,0.5102040816291823,0.22935779816443622,0.3164556957733002,0.9802246093749402,0.18796992481155897
medium,20000,1161,CNN-refined Hough vectors from distance-to-stroke,1,0,1,0.25,0.0,0.0,1.0,0.0,0,0,0,0,102,16282,0.0,0.0,0.0,0.9937744140624393,0.0
medium,20000,1162,CNN-refined Hough vectors from distance-to-stroke,3,2,1,0.7311000999125765,0.5303050108932462,0.8789808917197452,1.0,0.6666666666666667,0,0,107,33,277,15967,0.7642857142802552,0.27864583333260773,0.40839694617174116,0.98107910156244,0.2565947242200082
medium,20000,1163,CNN-refined Hough vectors from distance-to-stroke,1,1,0,0.6661052631578948,0.52,0.41052631578947374,1.0,1.0,0,0,0,40,96,16248,0.0,0.0,0.0,0.9916992187499395,0.0
medium,20000,1164,CNN-refined Hough vectors from distance-to-stroke,4,2,2,0.31727453785519927,0.3745824255628177,0.49356223175965663,0.0,0.5,1,0,110,7,513,15754,0.9401709401629045,0.17656500802539876,0.2972972970302739,0.9682617187499408,0.17460317460289745
medium,20000,1165,CNN-refined Hough vectors from distance-to-stroke,1,0,1,0.25,0.0,0.0,1.0,0.0,0,0,0,0,218,16166,0.0,0.0,0.0,0.9866943359374397,0.0
medium,20000,1166,CNN-refined Hough vectors from distance-to-stroke,3,1,2,0.5333611600328755,0.23359477124183003,0.7245508982035929,1.0,0.33333333333333337,0,0,72,50,340,15922,0.590163934421392,0.1747572815529739,0.2696629209947678,0.9761962890624404,0.15584415584381853
medium,20000,1167,CNN-refined Hough vectors from distance-to-stroke,3,3,0,0.8468703703703704,0.6761728395061728,0.962962962962963,1.0,1.0,0,0,41,124,386,15833,0.24848484848334254,0.09601873536277279,0.13851351311097856,0.9688720703124408,0.0744101633392479
medium,20000,1168,CNN-refined Hough vectors from distance-to-stroke,4,1,3,0.38148613103778095,0.10294117647058823,0.30081300813008127,1.0,0.25,0,0,28,10,306,16040,0.7368421052437674,0.08383233532909032,0.1505376342243612,0.9807128906249402,0.08139534883697269
medium,20000,1169,CNN-refined Hough vectors from distance-to-stroke,5,5,0,0.8259114754882992,0.8396394969905626,0.907035175879397,0.6666666666666666,1.0,2,3,218,182,530,15454,0.5449999999986375,0.29144385026699005,0.3797909403118346,0.9565429687499416,0.23440860215028558
medium,20000,1170,CNN-refined Hough vectors from distance-to-stroke,1,0,1,0.25,0.0,0.0,1.0,0.0,0,0,0,0,182,16202,0.0,0.0,0.0,0.9888916015624396,0.0
medium,20000,1171,CNN-refined Hough vectors from distance-to-stroke,4,2,2,0.6284350328947369,0.3292708333333333,0.9013157894736842,1.0,0.5,0,0,27,112,271,15974,0.19424460431514934,0.09060402684533354,0.12356979361596908,0.9766235351561904,0.06585365853642475
medium,20000,1172,CNN-refined Hough vectors from distance-to-stroke,3,2,1,0.6984145299145299,0.5861063627730293,0.84,0.8,0.6666666666666667,1,1,63,22,155,16144,0.7411764705795155,0.2889908256867478,0.41584158375200686,0.9891967773436896,0.2624999999989063
medium,20000,1173,CNN-refined Hough vectors from distance-to-stroke,3,3,0,0.9084419191919192,0.8032042648709314,0.985,1.0,1.0,0,0,126,74,345,15839,0.6299999999968501,0.267515923566311,0.37555886694258406,0.9744262695311905,0.2311926605500345
medium,20000,1174,CNN-refined Hough vectors from distance-to-stroke,1,0,1,0.25,0.0,0.0,1.0,0.0,0,0,0,0,66,16318,0.0,0.0,0.0,0.9959716796874392,0.0
medium,20000,1175,CNN-refined Hough vectors from distance-to-stroke,2,0,2,0.25,0.0,0.0,1.0,0.0,0,0,0,0,152,16232,0.0,0.0,0.0,0.9907226562499395,0.0
medium,20000,1176,CNN-refined Hough vectors from distance-to-stroke,4,2,2,0.27894758064516134,0.3080555555555556,0.4516129032258065,0.0,0.5,1,0,136,6,809,15433,0.9577464788664948,0.14391534391519162,0.25022999057276896,0.9502563476561919,0.14300736067282543
medium,20000,1177,CNN-refined Hough vectors from distance-to-stroke,2,1,1,0.4913130841121495,0.2922222222222222,0.2990654205607477,1.0,0.5,0,0,14,19,253,16098,0.4242424242295685,0.05243445692864257,0.0933333331369111,0.9833984374999399,0.0489510489508778
medium,20000,1178,CNN-refined Hough vectors from distance-to-stroke,5,2,3,0.5559638691548546,0.33329363110008275,0.5799086757990868,1.0,0.4,0,0,80,49,396,15859,0.6201550387548825,0.16806722689040324,0.2644628095809631,0.9728393554686906,0.15238095238066213
medium,20000,1179,CNN-refined Hough vectors from distance-to-stroke,2,0,2,0.25,0.0,0.0,1.0,0.0,0,0,0,0,140,16244,0.0,0.0,0.0,0.9914550781249395,0.0
medium,20000,1180,CNN-refined Hough vectors from distance-to-stroke,3,2,1,0.6856572024849543,0.49434640522875817,0.7326732673267327,1.0,0.6666666666666667,0,0,0,76,162,16146,0.0,0.0,0.0,0.9854736328124398,0.0
medium,20000,1181,CNN-refined Hough vectors from distance-to-stroke,5,0,5,0.0,0.0,0.0,0.0,0.0,1,0,0,0,437,15947,0.0,0.0,0.0,0.9733276367186906,0.0
medium,20000,1182,CNN-refined Hough vectors from distance-to-stroke,1,0,1,0.25,0.0,0.0,1.0,0.0,0,0,0,0,254,16130,0.0,0.0,0.0,0.9844970703124399,0.0
medium,20000,1183,CNN-refined Hough vectors from distance-to-stroke,5,3,2,0.5274926250906167,0.3696613042726172,0.7557251908396947,0.6,0.6,1,1,63,137,559,15625,0.31499999999842504,0.10128617363327767,0.15328467116425426,0.9575195312499415,0.0830039525690606
medium,20000,1184,CNN-refined Hough vectors from distance-to-stroke,2,0,2,0.25,0.0,0.0,1.0,0.0,0,0,0,0,345,16039,0.0,0.0,0.0,0.9789428710936903,0.0
medium,20000,1185,CNN-refined Hough vectors from distance-to-stroke,1,0,1,0.25,0.0,0.0,1.0,0.0,0,0,0,0,78,16306,0.0,0.0,0.0,0.9952392578124393,0.0
medium,20000,1186,CNN-refined Hough vectors from distance-to-stroke,1,1,0,0.8036349206349206,0.5918518518518519,0.9365079365079365,1.0,1.0,0,0,15,45,49,16275,0.24999999999583336,0.23437499999633787,0.2419354833675858,0.9942626953124393,0.13761467889782003
medium,20000,1187,CNN-refined Hough vectors from distance-to-stroke,5,5,0,0.49450631868131867,0.5360213675213675,0.7664835164835164,0.0,1.0,0,1,209,154,361,15660,0.5757575757559896,0.3666666666660234,0.44801714850543084,0.9685668945311908,0.28867403314877255
medium,20000,1188,CNN-refined Hough vectors from distance-to-stroke,4,0,4,0.0,0.0,0.0,0.0,0.0,1,0,0,0,375,16009,0.0,0.0,0.0,0.9771118164061904,0.0
medium,20000,1189,CNN-refined Hough vectors from distance-to-stroke,4,3,1,0.7530345751269665,0.5478957636566332,0.9074074074074074,1.0,0.75,0,0,67,132,191,15994,0.3366834170837353,0.2596899224796136,0.29321662970398715,0.9802856445311902,0.1717948717944313
medium,20000,1190,CNN-refined Hough vectors from distance-to-stroke,5,2,3,0.2734484463276836,0.22750000000000004,0.655367231638418,0.0,0.4,1,0,55,63,312,15954,0.4661016949113042,0.1498637602175753,0.22680412334219574,0.9771118164061904,0.1279069767438886
medium,20000,1191,CNN-refined Hough vectors from distance-to-stroke,1,1,0,0.9414999999999999,0.8699999999999999,1.0,1.0,1.0,0,0,78,0,158,16148,0.9999999999871795,0.33050847457487076,0.4968152862476369,0.9903564453124395,0.33050847457487076
medium,20000,1192,CNN-refined Hough vectors from distance-to-stroke,5,2,3,0.465292174796748,0.23958333333333331,0.33739837398373984,1.0,0.4,0,0,57,28,555,15744,0.6705882352862284,0.0931372549018086,0.16355810595466944,0.9644165039061912,0.08906249999986084
medium,20000,1193,CNN-refined Hough vectors from distance-to-stroke,2,1,1,0.6458700376702405,0.5233893557422968,0.5517241379310345,1.0,0.5,0,0,24,25,152,16183,0.48979591835735115,0.13636363636286158,0.21333333299073579,0.9891967773436896,0.11940298507403282
medium,20000,1194,CNN-refined Hough vectors from distance-to-stroke,2,0,2,0.25,0.0,0.0,1.0,0.0,0,0,0,0,31,16353,0.0,0.0,0.0,0.998107910156189,0.0
medium,20000,1195,CNN-refined Hough vectors from distance-to-stroke,5,2,3,0.39811965161171015,0.3946562378720483,0.5692883895131087,0.26666666666666666,0.4,3,1,114,39,450,15781,0.7450980392108164,0.20212765957410972,0.3179916314625678,0.9701538085936907,0.18905472636784568
medium,20000,1196,CNN-refined Hough vectors from distance-to-stroke,5,2,3,0.4511814419903529,0.14165676567656768,0.4871794871794872,1.0,0.4,0,0,47,107,630,15600,0.30519480519282344,0.06942392909886348,0.11311672653291455,0.9550170898436917,0.05994897959176027
medium,20000,1197,CNN-refined Hough vectors from distance-to-stroke,4,1,3,0.2234137295167847,0.2336448598130841,0.4663677130044843,0.0,0.25,2,0,105,0,570,15709,0.9999999999904762,0.1555555555553251,0.2692307689970907,0.965209960937441,0.1555555555553251
medium,20000,1198,CNN-refined Hough vectors from distance-to-stroke,2,0,2,0.25,0.0,0.0,1.0,0.0,0,0,0,0,151,16233,0.0,0.0,0.0,0.9907836914061895,0.0
medium,20000,1199,CNN-refined Hough vectors from distance-to-stroke,1,0,1,0.25,0.0,0.0,1.0,0.0,0,0,0,0,14,16370,0.0,0.0,0.0,0.9991455078124389,0.0
medium,20000,0,Unedited Hough vectors from distance-to-stroke,2,6,4,0.45084060077519383,0.7520833333333333,0.39534883720930236,0.0,0.33333333333333337,0,1,51,206,189,15938,0.19844357976576482,0.2124999999991146,0.20523138782973901,0.9758911132811904,0.11434977578449698
medium,20000,1,Unedited Hough vectors from distance-to-stroke,2,9,7,0.39367197048817004,0.6670930588338142,0.3108348134991119,0.03636363636363637,0.2222222222222222,1,22,129,323,137,15795,0.2853982300878642,0.48496240601321444,0.3593314758556731,0.9719238281249406,0.2190152801354516
medium,20000,2,Unedited Hough vectors from distance-to-stroke,1,6,5,0.19393513957307057,0.27885057471264363,0.2589285714285714,0.0,0.16666666666666663,0,7,84,106,99,16095,0.4421052631555679,0.4590163934401147,0.45040214426987907,0.9874877929686897,0.29065743944536104
medium,20000,3,Unedited Hough vectors from distance-to-stroke,3,15,12,0.2591202201386058,0.4576363636363636,0.1659192825112108,0.0,0.19999999999999996,0,27,94,421,109,15760,0.18252427184430578,0.4630541871898372,0.26183843970510395,0.9676513671874409,0.15064102564078424
medium,20000,4,Unedited Hough vectors from distance-to-stroke,1,7,6,0.18493029259896732,0.2988888888888889,0.1807228915662651,0.0,0.1428571428571429,0,10,37,79,23,16245,0.3189655172386296,0.6166666666563889,0.42045454500038737,0.9937744140624393,0.2661870503577972
medium,20000,5,Unedited Hough vectors from distance-to-stroke,4,22,18,0.31024085254825295,0.5745477545857053,0.16756272401433692,0.0,0.18181818181818177,0,62,237,704,199,15244,0.25185972369792575,0.5435779816501294,0.3442265790874461,0.9448852539061923,0.2078947368419229
medium,20000,6,Unedited Hough vectors from distance-to-stroke,1,6,5,0.3758333333333334,0.65,0.33333333333333337,0.0,0.16666666666666663,0,4,64,136,133,16051,0.3199999999984,0.3248730964450514,0.3224181355185554,0.9835815429686899,0.19219219219161504
medium,20000,7,Unedited Hough vectors from distance-to-stroke,3,20,17,0.27345248664177013,0.48563576208737497,0.18005071851225696,0.015625,0.15000000000000002,1,64,261,639,309,15175,0.2899999999996778,0.45789473684130194,0.3551020403410413,0.9421386718749425,0.21588089330006957
medium,20000,8,Unedited Hough vectors from distance-to-stroke,3,7,4,0.4591456855380906,0.7188034188034188,0.4641350210970464,0.0,0.4285714285714286,0,4,40,193,119,16032,0.17167381974175247,0.251572327042443,0.20408163216983807,0.98095703124994,0.11363636363604081
medium,20000,9,Unedited Hough vectors from distance-to-stroke,4,26,22,0.3681845203275812,0.6991666666666667,0.1908745247148289,0.0,0.15384615384615385,0,101,312,737,421,14914,0.2974261201141111,0.425648021827523,0.35016834968367994,0.9293212890624433,0.21224489795903928
medium,20000,10,Unedited Hough vectors from distance-to-stroke,2,14,12,0.34884320293926957,0.65,0.21028744326777604,0.0,0.1428571428571429,0,23,198,412,237,15537,0.3245901639338941,0.4551724137920571,0.3789473679343495,0.9603881835936914,0.2337662337659578
medium,20000,11,Unedited Hough vectors from distance-to-stroke,4,14,10,0.3684044859665721,0.6300925925925926,0.2814569536423841,0.0,0.2857142857142857,0,20,138,378,185,15683,0.267441860464598,0.4272445820420209,0.328963050777164,0.965637207031191,0.19686162624793602
medium,20000,12,Unedited Hough vectors from distance-to-stroke,3,11,8,0.3630791788856305,0.6,0.3290322580645161,0.0,0.2727272727272727,0,5,148,148,151,15937,0.49999999999831085,0.4949832775903178,0.4974789910949792,0.98175048828119,0.33109619686726827
medium,20000,13,Unedited Hough vectors from distance-to-stroke,3,19,16,0.29471988605534455,0.5694444444444444,0.11340206185567014,0.0,0.1578947368421053,0,50,171,435,108,15670,0.2821782178213165,0.6129032258042548,0.3864406775334904,0.9668579101561909,0.23949579831899231
medium,20000,14,Unedited Hough vectors from distance-to-stroke,5,20,15,0.27459533102074796,0.441507250174703,0.22718808193668527,0.021917808219178082,0.25,2,73,182,622,149,15431,0.22636815920369854,0.5498489425965262,0.320704845401249,0.9529418945311918,0.19097586568710287
medium,20000,15,Unedited Hough vectors from distance-to-stroke,4,16,12,0.19577364818433696,0.31720376591597194,0.140159767610748,0.0,0.25,0,38,232,909,303,14940,0.20333041191919077,0.4336448598122736,0.27684964156981123,0.9260253906249435,0.1606648199444871
medium,20000,16,Unedited Hough vectors from distance-to-stroke,4,14,10,0.2548688228036054,0.39624505928853754,0.2028985507246377,0.02962962962962963,0.2857142857142857,1,27,134,399,111,15740,0.25140712945543825,0.5469387755079717,0.34447300727971336,0.9688720703124408,0.20807453416116758
medium,20000,17,Unedited Hough vectors from distance-to-stroke,4,25,21,0.3448218438558221,0.658173670465337,0.1528878822197055,0.008264462809917356,0.16000000000000003,1,121,301,1166,354,14563,0.20518064076332299,0.4595419847321228,0.28369462728265393,0.9072265624999446,0.1652937946182508
medium,20000,18,Unedited Hough vectors from distance-to-stroke,5,19,14,0.3066768020414042,0.5395330112721417,0.18785578747628084,0.0,0.26315789473684215,0,101,244,593,271,15276,0.29151732377504,0.47378640776607034,0.36094674508995767,0.9472656249999422,0.2202166064979962
medium,20000,19,Unedited Hough vectors from distance-to-stroke,3,21,18,0.3158874201935009,0.6224291497975708,0.10754294249439877,0.0,0.1428571428571429,0,78,259,817,213,15095,0.24070631970237852,0.5487288135581595,0.33462532257310423,0.9371337890624428,0.2009309542279279
medium,20000,20,Unedited Hough vectors from distance-to-stroke,1,4,3,0.38160256410256416,0.65,0.3205128205128205,0.0,0.25,0,1,14,62,12,16296,0.18421052631336565,0.5384615384408284,0.2745098035363322,0.9954833984374392,0.15909090908910123
medium,20000,21,Unedited Hough vectors from distance-to-stroke,1,3,2,0.24537878787878786,0.35,0.2727272727272727,0.0,0.33333333333333337,0,3,12,31,1,16340,0.2790697674353705,0.9230769230059171,0.42857142819961735,0.998046874999939,0.2727272727210744
medium,20000,22,Unedited Hough vectors from distance-to-stroke,4,25,21,0.3396971478825732,0.6519607843137254,0.14350945857795172,0.0064516129032258064,0.16000000000000003,1,124,207,933,205,15039,0.18157894736826177,0.5024271844648,0.26675257692925824,0.9305419921874432,0.15390334572479264
medium,20000,23,Unedited Hough vectors from distance-to-stroke,1,2,1,0.1274193548387097,0.0,0.3870967741935484,0.0,0.5,0,1,11,22,2,16349,0.33333333332323234,0.8461538460887574,0.4782608691389414,0.998535156249939,0.31428571427673474
medium,20000,24,Unedited Hough vectors from distance-to-stroke,1,7,6,0.3500846833578793,0.65,0.21649484536082475,0.0,0.1428571428571429,0,7,114,142,80,16048,0.4453124999982605,0.5876288659763524,0.5066666661739062,0.9864501953124397,0.3392857142847045
medium,20000,25,Unedited Hough vectors from distance-to-stroke,3,17,14,0.29993158967729106,0.5617751479289941,0.14742857142857146,0.0,0.17647058823529416,0,57,203,493,220,15468,0.29166666666624763,0.47990543735111135,0.362823949484429,0.9564819335936916,0.22161572052377554
medium,20000,26,Unedited Hough vectors from distance-to-stroke,1,7,6,0.3014042113955409,0.5455555555555556,0.20809248554913296,0.0,0.1428571428571429,0,15,31,98,23,16232,0.24031007751751698,0.5740740740634431,0.3387978137879304,0.9926147460936894,0.2039473684197109
medium,20000,27,Unedited Hough vectors from distance-to-stroke,4,16,12,0.42415822816741566,0.7266172823102135,0.3609022556390977,0.0,0.25,0,26,198,365,322,15499,0.35168738898694196,0.3807692307684985,0.3656509690291988,0.9580688476561915,0.22372881355906923
medium,20000,28,Unedited Hough vectors from distance-to-stroke,4,26,22,0.3804611752727866,0.7285431235431236,0.17264725795531488,0.010810810810810811,0.15384615384615385,1,74,382,861,250,14891,0.3073209975862371,0.6044303797458791,0.40746666621932665,0.932189941406193,0.2558606831880403
medium,20000,29,Unedited Hough vectors from distance-to-stroke,1,5,4,0.42724006532389763,0.7878787878787877,0.26347305389221554,0.0,0.19999999999999996,0,3,7,110,25,16242,0.05982905982854847,0.21874999999316408,0.09395973120508085,0.9917602539061895,0.049295774647540175
medium,20000,30,Unedited Hough vectors from distance-to-stroke,3,14,11,0.3539656649245063,0.6070833333333333,0.2634146341463415,0.02666666666666667,0.2142857142857143,1,30,130,407,168,15679,0.24208566107962368,0.43624161073679113,0.31137724504919934,0.964904785156191,0.18439716312030582
medium,20000,31,Unedited Hough vectors from distance-to-stroke,5,20,15,0.3526546407326976,0.624,0.2158908507223114,0.014705882352941176,0.25,1,68,290,757,298,15039,0.27698185291282046,0.49319727891072584,0.35474006070105135,0.9356079101561928,0.21561338289946794
medium,20000,32,Unedited Hough vectors from distance-to-stroke,5,27,22,0.3764085830109562,0.6945454545454546,0.2120171673819743,0.011764705882352941,0.18518518518518523,1,68,297,697,366,15024,0.29879275653893483,0.4479638009043017,0.35847917875910873,0.9351196289061929,0.2183823529410159
medium,20000,33,Unedited Hough vectors from distance-to-stroke,5,26,21,0.2914427488399451,0.5672727272727273,0.08469626168224298,0.0,0.1923076923076923,0,124,196,1093,146,14949,0.15205585725356707,0.5730994152030027,0.24034334730775322,0.9243774414061936,0.13658536585356335
medium,20000,34,Unedited Hough vectors from distance-to-stroke,5,26,21,0.43809887591709834,0.7868491890715015,0.2822631913541005,0.03333333333333333,0.1923076923076923,3,90,334,1013,112,14925,0.24795842613196142,0.7488789237651371,0.3725599550078838,0.9313354492186932,0.2289239204933318
medium,20000,35,Unedited Hough vectors from distance-to-stroke,3,10,7,0.31687192118226604,0.5444444444444444,0.20935960591133007,0.0,0.30000000000000004,0,9,117,260,106,15901,0.31034482758538373,0.5246636771276921,0.38999999953163894,0.9776611328124403,0.24223602484421897
medium,20000,36,Unedited Hough vectors from distance-to-stroke,5,26,21,0.30036148338205926,0.5304427736006684,0.2121573301549463,0.0,0.1923076923076923,0,66,179,479,265,15461,0.2720364741637203,0.40315315315224515,0.3248638833658157,0.9545898437499417,0.19393282773543452
medium,20000,37,Unedited Hough vectors from distance-to-stroke,2,10,8,0.27102747252747256,0.5014285714285714,0.12692307692307692,0.0,0.19999999999999996,0,14,68,171,54,16091,0.28451882845069243,0.5573770491757591,0.37673130148949135,0.9862670898436898,0.23208191126200656
medium,20000,38,Unedited Hough vectors from distance-to-stroke,4,27,23,0.2288680078102646,0.4077832415178516,0.14107142857142863,0.009345794392523364,0.14814814814814814,1,107,295,1016,225,14848,0.22501906941249045,0.5673076923066014,0.32222829014457305,0.9242553710936936,0.19205729166654162
medium,20000,39,Unedited Hough vectors from distance-to-stroke,4,27,23,0.32792754858968115,0.630531914893617,0.13159968479117412,0.012213740458015267,0.14814814814814814,2,131,293,668,218,15205,0.30489073881341844,0.573385518589876,0.3980978256331439,0.9459228515624423,0.2485156912635721
medium,20000,40,Unedited Hough vectors from distance-to-stroke,5,26,21,0.31604533660973366,0.5588158057723275,0.19426974143955278,0.025974025974025976,0.1923076923076923,4,154,345,693,300,15046,0.3323699421962116,0.5348837209294033,0.4099821742148337,0.9393920898436926,0.2578475336320943
medium,20000,41,Unedited Hough vectors from distance-to-stroke,1,2,1,0.49583333333333335,0.65,0.7666666666666666,0.0,0.5,0,1,49,4,98,16233,0.9245283018693485,0.3333333333310658,0.48999999960555,0.9937744140624393,0.32450331125612913
medium,20000,42,Unedited Hough vectors from distance-to-stroke,1,8,7,0.43084899845916796,0.7639393939393939,0.3728813559322034,0.0,0.125,0,2,52,165,37,16130,0.23963133640442566,0.5842696629147834,0.339869280631018,0.9876708984374397,0.2047244094480129
medium,20000,43,Unedited Hough vectors from distance-to-stroke,5,29,24,0.3387823530475491,0.6353757062146893,0.17029702970297034,0.00625,0.1724137931034483,1,128,341,929,285,14829,0.2685039370076626,0.5447284345039222,0.35970464090751686,0.9259033203124435,0.2192926045014667
medium,20000,44,Unedited Hough vectors from distance-to-stroke,4,16,12,0.2975029005685115,0.5674291938997822,0.08579881656804733,0.0,0.25,0,47,65,785,100,15434,0.07647058823520415,0.39393939393700644,0.12807881746146715,0.9459838867186923,0.06842105263150693
medium,20000,45,Unedited Hough vectors from distance-to-stroke,2,9,7,0.3112686370749751,0.5359090909090909,0.23943661971830987,0.0,0.2222222222222222,0,8,35,92,49,16208,0.27559055117893233,0.4166666666617063,0.33175355401999057,0.9913940429686895,0.19886363636250648
medium,20000,46,Unedited Hough vectors from distance-to-stroke,4,26,22,0.34514620236871985,0.6416317554225358,0.18497519489723602,0.016129032258064516,0.15384615384615385,2,124,398,641,395,14950,0.38306063522581035,0.5018915510712461,0.43449781610242766,0.9367675781249428,0.2775453277543392
medium,20000,47,Unedited Hough vectors from distance-to-stroke,1,3,2,0.8248370927318296,0.9017543859649123,0.6785714285714286,1.0,0.33333333333333337,0,0,0,126,96,16162,0.0,0.0,0.0,0.9864501953124397,0.0
medium,20000,48,Unedited Hough vectors from distance-to-stroke,4,15,11,0.34515003822629975,0.5645833333333333,0.27522935779816515,0.0375,0.2666666666666667,2,32,162,422,79,15721,0.2773972602734976,0.6721991701216922,0.39272727231274784,0.9694213867186908,0.24434389140234639
medium,20000,49,Unedited Hough vectors from distance-to-stroke,4,25,21,0.3790931082834248,0.7152773792443807,0.1912104857363146,0.011904761904761904,0.16000000000000003,1,84,363,668,369,14984,0.35208535402487673,0.49590163934358483,0.41179807098300125,0.9367065429686928,0.2592857142855291
medium,20000,50,Unedited Hough vectors from distance-to-stroke,5,21,16,0.3529955431042388,0.663094152224587,0.15396825396825398,0.0,0.23809523809523814,0,45,231,782,292,15079,0.2280355380056979,0.44168260038156465,0.3007812495504922,0.9344482421874429,0.17701149425273793
medium,20000,51,Unedited Hough vectors from distance-to-stroke,5,33,28,0.20936930785840754,0.3753439955106622,0.11698642957416938,0.007662835249042145,0.1515151515151515,2,261,358,1174,235,14617,0.23368146214083962,0.6037099494087628,0.33694117606790114,0.9140014648436942,0.2026032823994326
medium,20000,52,Unedited Hough vectors from distance-to-stroke,4,17,13,0.22818069931835397,0.3861111111111111,0.15450643776824036,0.0,0.23529411764705888,1,50,122,400,98,15764,0.23371647509533772,0.5545454545429339,0.3288409699323458,0.9696044921874408,0.19677419354806971
medium,20000,53,Unedited Hough vectors from distance-to-stroke,4,23,19,0.4348802316585435,0.8335829903978051,0.1908548707753479,0.016822429906542057,0.17391304347826086,2,107,316,874,180,15014,0.2655462184871718,0.637096774192264,0.3748517196317226,0.9356689453124428,0.230656934306401
medium,20000,54,Unedited Hough vectors from distance-to-stroke,2,7,5,0.42929617604617604,0.7385802469135803,0.3418181818181818,0.0,0.2857142857142857,0,4,124,132,56,16072,0.48437499999810796,0.6888888888850617,0.5688073389621243,0.9885253906249396,0.3974358974346236
medium,20000,55,Unedited Hough vectors from distance-to-stroke,4,17,13,0.3669282235103822,0.6570987654320988,0.238521836506159,0.0,0.23529411764705888,0,38,231,541,242,15370,0.29922279792707357,0.48837209302222334,0.3710843368776401,0.9522094726561918,0.2278106508873493
medium,20000,56,Unedited Hough vectors from distance-to-stroke,1,5,4,0.42384615384615393,0.7777777777777778,0.2692307692307693,0.0,0.19999999999999996,0,6,95,111,99,16079,0.4611650485414507,0.48969072164696037,0.47499999949807503,0.9871826171874397,0.31147540983504435
medium,20000,57,Unedited Hough vectors from distance-to-stroke,4,24,20,0.24379582027168234,0.43103448275862066,0.16581818181818186,0.0,0.16666666666666663,0,90,246,848,232,15058,0.224862888482427,0.5146443514633585,0.3129770988130192,0.9340820312499429,0.18552036199081032
medium,20000,58,Unedited Hough vectors from distance-to-stroke,5,35,30,0.29169395158831773,0.542388675487267,0.16666666666666663,0.0,0.1428571428571429,0,228,466,1177,373,14368,0.2836275106510751,0.5554231227645346,0.3755036256601409,0.9053955078124447,0.231150793650679
medium,20000,59,Unedited Hough vectors from distance-to-stroke,4,15,11,0.2466113512572044,0.38359649122807016,0.21058965102286398,0.020833333333333332,0.2666666666666667,1,48,126,603,164,15491,0.1728395061726024,0.43448275861919144,0.24730127535286475,0.9531860351561918,0.14109742441193607
medium,20000,60,Unedited Hough vectors from distance-to-stroke,3,15,12,0.25454945054945055,0.4348717948717949,0.19428571428571428,0.0,0.19999999999999996,0,15,127,326,116,15815,0.28035320088238336,0.5226337448538163,0.36494252828010226,0.9730224609374406,0.2231985940242123
medium,20000,61,Unedited Hough vectors from distance-to-stroke,2,10,8,0.37619834710743805,0.6666666666666667,0.28099173553719003,0.0,0.19999999999999996,0,8,78,138,36,16132,0.36111111110943933,0.6842105263097876,0.4727272722721763,0.9893798828124396,0.3095238095225813
medium,20000,62,Unedited Hough vectors from distance-to-stroke,2,13,11,0.36876122821298263,0.7021929824561404,0.18694885361552027,0.0,0.15384615384615385,0,19,177,320,151,15736,0.35613682092483673,0.5396341463398182,0.4290909086108503,0.9712524414061907,0.27314814814772664
medium,20000,63,Unedited Hough vectors from distance-to-stroke,4,23,19,0.32409113805070855,0.6174999999999999,0.14412416851441245,0.0,0.17391304347826086,0,86,278,850,243,15013,0.24645390070900136,0.5335892514385152,0.3371740444430228,0.933288574218693,0.20277169948927587
medium,20000,64,Unedited Hough vectors from distance-to-stroke,1,6,5,0.5130617977528089,0.9166666666666666,0.41947565543071164,0.0,0.16666666666666663,0,4,68,179,45,16092,0.2753036437235818,0.6017699114990993,0.3777777773449537,0.9863281249999398,0.2328767123279696
medium,20000,65,Unedited Hough vectors from distance-to-stroke,2,5,3,0.4511805555555556,0.6791666666666667,0.5277777777777778,0.0,0.4,0,1,81,47,101,16155,0.6328124999950562,0.4450549450524997,0.5225806446730905,0.9909667968749395,0.35371179039146855
medium,20000,66,Unedited Hough vectors from distance-to-stroke,5,18,13,0.36282988023705365,0.6112268943539464,0.30000000000000004,0.0,0.2777777777777778,0,38,153,732,274,15225,0.17288135593200804,0.3583138173293716,0.23323170687764794,0.9385986328124427,0.13201035375312165
medium,20000,67,Unedited Hough vectors from distance-to-stroke,1,7,6,0.46621495021678033,0.8875502008032129,0.2626582278481012,0.0,0.1428571428571429,0,13,90,149,49,16096,0.3765690376553282,0.6474820143838311,0.4761904757229501,0.9879150390624397,0.3124999999989149
medium,20000,68,Unedited Hough vectors from distance-to-stroke,4,17,13,0.29676386152547146,0.52,0.19617224880382778,0.0,0.23529411764705888,0,36,78,263,50,15993,0.22873900293188054,0.6093749999952394,0.33262260088102896,0.9808959960936902,0.19948849104808317
medium,20000,69,Unedited Hough vectors from distance-to-stroke,1,8,7,0.3915712250712251,0.7353846153846154,0.2407407407407407,0.0,0.125,0,10,162,192,159,15871,0.45762711864277505,0.5046728971946896,0.4799999994997729,0.9785766601561903,0.31578947368359495
medium,20000,70,Unedited Hough vectors from distance-to-stroke,3,23,20,0.3902978445842014,0.7682828282828283,0.1576354679802956,0.0,0.13043478260869568,0,85,312,833,291,14948,0.27248908296919433,0.5174129353225251,0.3569794045819878,0.9313964843749432,0.21727019498592112
medium,20000,71,Unedited Hough vectors from distance-to-stroke,2,15,13,0.3429985092921332,0.6642605633802817,0.15373961218836563,0.0,0.1333333333333333,0,54,208,332,157,15687,0.38518518518447187,0.5698630136970689,0.459668507804973,0.9701538085936907,0.2984218077470611
medium,20000,72,Unedited Hough vectors from distance-to-stroke,1,6,5,0.3493783068783069,0.65,0.20105820105820105,0.0,0.16666666666666663,0,6,63,101,56,16164,0.3841463414610723,0.5294117647014335,0.4452296814882943,0.9904174804686895,0.28636363636233475
medium,20000,73,Unedited Hough vectors from distance-to-stroke,1,2,1,0.8520512820512822,0.8564102564102566,0.8333333333333334,1.0,0.5,0,0,0,80,66,16238,0.0,0.0,0.0,0.9910888671874395,0.0
medium,20000,74,Unedited Hough vectors from distance-to-stroke,3,14,11,0.2999824316267978,0.49631687242798356,0.276056338028169,0.0,0.2142857142857143,0,17,86,211,87,16000,0.28956228956131463,0.4971098265867219,0.3659574463417565,0.98181152343744,0.22395833333275011
medium,20000,75,Unedited Hough vectors from distance-to-stroke,3,17,14,0.16981709930935934,0.270634278002699,0.15192307692307694,0.0,0.17647058823529416,0,53,194,597,225,15368,0.24525916561283786,0.4630071599034296,0.32066115657152244,0.949829101562442,0.19094488188957584
medium,20000,76,Unedited Hough vectors from distance-to-stroke,5,29,24,0.3418553042512399,0.642156862745098,0.1686746987951807,0.007633587786259542,0.1724137931034483,1,131,299,766,152,15167,0.2807511737086566,0.6629711751648272,0.39445910248387217,0.9439697265624424,0.24568611339338892
medium,20000,77,Unedited Hough vectors from distance-to-stroke,4,22,18,0.32727985919804103,0.6310534979423869,0.12561983471074378,0.0,0.18181818181818177,0,61,262,729,255,15138,0.26437941473232657,0.5067698259177819,0.3474801056497346,0.9399414062499426,0.21027287319405275
medium,20000,78,Unedited Hough vectors from distance-to-stroke,4,26,22,0.3371503891549633,0.6138888888888888,0.19236760124610597,0.028169014084507043,0.15384615384615385,2,71,284,749,323,15028,0.2749273959339062,0.467874794068422,0.34634146294794843,0.9345703124999429,0.20943952802344437
medium,20000,79,Unedited Hough vectors from distance-to-stroke,3,17,14,0.2944317040563454,0.5525,0.14079822616407978,0.0,0.17647058823529416,0,31,191,600,178,15415,0.241466498103361,0.5176151761503588,0.3293103443931912,0.9525146484374418,0.19711042311641166
medium,20000,80,Unedited Hough vectors from distance-to-stroke,5,25,20,0.2757834483744982,0.4913296816702389,0.16465352828989188,0.007017543859649123,0.19999999999999996,1,114,301,945,352,14786,0.2415730337076713,0.46094946401154524,0.31700895162846443,0.9208374023436938,0.18836045056308615
medium,20000,81,Unedited Hough vectors from distance-to-stroke,2,9,7,0.42598009462090786,0.7243055555555555,0.2981927710843374,0.07272727272727274,0.2222222222222222,1,11,87,163,71,16063,0.34799999999860803,0.5506329113889201,0.42647058775862656,0.9857177734374398,0.2710280373823333
medium,20000,82,Unedited Hough vectors from distance-to-stroke,4,18,14,0.3107451690821256,0.5379012345679013,0.23233695652173914,0.0,0.2222222222222222,0,54,264,364,292,15464,0.42038216560442615,0.4748201438840381,0.4459459454470417,0.9599609374999414,0.2869565217388185
medium,20000,83,Unedited Hough vectors from distance-to-stroke,5,29,24,0.3702722723631072,0.7017007007007007,0.18632788868723538,0.0,0.1724137931034483,0,95,437,978,460,14509,0.3088339222612658,0.48717948717894405,0.37802768118567154,0.9122314453124443,0.23306666666654235
medium,20000,84,Unedited Hough vectors from distance-to-stroke,5,28,23,0.33016939582156973,0.6536231884057971,0.09090909090909094,0.0,0.1785714285714286,0,121,194,896,134,15160,0.1779816513759835,0.5914634146323431,0.27362482333934646,0.9371337890624428,0.1584967320260143
medium,20000,85,Unedited Hough vectors from distance-to-stroke,3,23,20,0.3645685044329545,0.7060724896019013,0.159041394335512,0.007936507936507936,0.13043478260869568,1,126,361,739,302,14982,0.3281818181815198,0.5444947209644879,0.40952921110144136,0.9364624023436928,0.2574893009983898
medium,20000,86,Unedited Hough vectors from distance-to-stroke,4,15,11,0.40320518683259204,0.6965264797507789,0.31550802139037437,0.0,0.2666666666666667,0,23,163,509,137,15575,0.24255952380916287,0.5433333333315222,0.3353909460746033,0.9605712890624414,0.20148331273151857
medium,20000,87,Unedited Hough vectors from distance-to-stroke,3,8,5,0.45763780337309745,0.7300653594771241,0.458041958041958,0.0,0.375,0,6,20,245,114,16005,0.07547169811292276,0.14925373134216977,0.10025062611981082,0.9780883789061903,0.05277044854867343
medium,20000,88,Unedited Hough vectors from distance-to-stroke,5,12,7,0.45450707544543656,0.7117230067037512,0.4628252788104089,0.0,0.41666666666666663,0,6,80,424,262,15618,0.15873015872984378,0.2339181286542868,0.18912529502616118,0.9581298828124415,0.10443864229751379
medium,20000,89,Unedited Hough vectors from distance-to-stroke,2,10,8,0.4659889353752964,0.8394769695775018,0.3411214953271028,0.0,0.19999999999999996,0,4,126,288,204,15766,0.3043478260862214,0.3818181818170248,0.3387096769248179,0.9699707031249408,0.20388349514530116
medium,20000,90,Unedited Hough vectors from distance-to-stroke,2,13,11,0.4051830024813896,0.749731182795699,0.2620967741935484,0.0,0.15384615384615385,0,23,200,204,204,15776,0.4950495049492697,0.4950495049492697,0.4950495044492697,0.9750976562499405,0.3289473684205116
medium,20000,91,Unedited Hough vectors from distance-to-stroke,5,22,17,0.3196227904040404,0.5821022727272728,0.17474747474747476,0.0,0.2272727272727273,0,50,145,690,148,15401,0.17365269461057048,0.4948805460733963,0.2570921981965429,0.948852539062442,0.1475076297048347
medium,20000,92,Unedited Hough vectors from distance-to-stroke,2,16,14,0.4204328700187352,0.7981800766283526,0.24375917767988253,0.0,0.125,0,17,287,329,221,15547,0.46590909090833454,0.5649606299201477,0.5106761560873374,0.9664306640624409,0.3428912783747397
medium,20000,93,Unedited Hough vectors from distance-to-stroke,2,14,12,0.39057644222535715,0.6943465272591486,0.2670906200317965,0.041666666666666664,0.1428571428571429,1,24,270,276,239,15599,0.4945054945045888,0.530451866403673,0.5118483407318721,0.9685668945311908,0.3439490445855491
medium,20000,94,Unedited Hough vectors from distance-to-stroke,1,3,2,0.4115476190476191,0.65,0.4285714285714286,0.0,0.33333333333333337,0,1,19,63,18,16284,0.23170731707034503,0.5135135134996348,0.3193277306585693,0.9950561523436893,0.1899999999981
medium,20000,95,Unedited Hough vectors from distance-to-stroke,2,9,7,0.4459150131810879,0.779248366013072,0.3651551312649165,0.0,0.2222222222222222,0,5,66,310,199,15809,0.17553191489315018,0.24905660377264507,0.20592823664383603,0.9689331054686908,0.11478260869545255
medium,20000,96,Unedited Hough vectors from distance-to-stroke,2,8,6,0.4236387900355873,0.65,0.40569395017793597,0.1,0.25,1,8,99,166,100,16019,0.3735849056589676,0.49748743718342975,0.4267241374393115,0.9837646484374399,0.2712328767115857
medium,20000,97,Unedited Hough vectors from distance-to-stroke,2,12,10,0.35185441370223985,0.65,0.2134387351778656,0.0,0.16666666666666663,0,13,159,318,175,15732,0.33333333333263454,0.4760479041901915,0.392108507529375,0.9699096679686908,0.2438650306744726
medium,20000,98,Unedited Hough vectors from distance-to-stroke,1,3,2,0.3841666666666667,0.65,0.29166666666666663,0.0,0.33333333333333337,0,1,20,17,15,16332,0.5405405405259314,0.5714285714122449,0.5555555550405092,0.998046874999939,0.38461538460798816
medium,20000,99,Unedited Hough vectors from distance-to-stroke,4,23,19,0.40848558437605176,0.7509911530964163,0.22483221476510062,0.03272727272727272,0.17391304347826086,4,110,372,773,248,14991,0.3248908296940394,0.5999999999990323,0.42152974458625364,0.9376831054686927,0.26704953338099996
medium,20000,100,Unedited Hough vectors from distance-to-stroke,3,22,19,0.4011159478020775,0.7607485654668753,0.20071364852809992,0.02,0.13636363636363635,2,80,219,627,153,15385,0.25886524822664436,0.5887096774177722,0.3596059109051825,0.9523925781249418,0.21921921921899978
medium,20000,101,Unedited Hough vectors from distance-to-stroke,1,3,2,0.7005858085808582,0.65,0.6237623762376238,1.0,0.33333333333333337,0,0,100,4,98,16182,0.961538461529216,0.5050505050479543,0.6622516551731942,0.9937744140624393,0.49504950494804434
medium,20000,102,Unedited Hough vectors from distance-to-stroke,1,3,2,0.3658429132891181,0.5656521739130435,0.38983050847457623,0.0,0.33333333333333337,0,2,68,39,79,16198,0.6355140186856494,0.46258503401045864,0.5354330703743256,0.9927978515624394,0.36559139784749684
medium,20000,103,Unedited Hough vectors from distance-to-stroke,1,5,4,0.4682785602503912,0.8271604938271604,0.3802816901408451,0.0,0.19999999999999996,0,4,55,72,0,16257,0.43307086613832224,0.9999999999818182,0.6043956039672141,0.9956054687499392,0.43307086613832224
medium,20000,104,Unedited Hough vectors from distance-to-stroke,2,7,5,0.4148166490115982,0.6884565108094519,0.38219895287958117,0.0,0.2857142857142857,0,7,30,118,64,16172,0.20270270270133312,0.31914893616681755,0.24793388382036752,0.9888916015624396,0.14150943396159665
medium,20000,105,Unedited Hough vectors from distance-to-stroke,1,1,0,0.933873417721519,0.8755555555555554,0.9493670886075949,1.0,1.0,0,0,0,80,76,16228,0.0,0.0,0.0,0.9904785156249395,0.0
medium,20000,106,Unedited Hough vectors from distance-to-stroke,1,1,0,0.7246589861751151,0.4389247311827956,0.8857142857142857,1.0,1.0,0,0,16,20,16,16332,0.4444444444320988,0.49999999998437505,0.47058823478200695,0.997802734374939,0.30769230768639055
medium,20000,107,Unedited Hough vectors from distance-to-stroke,3,10,7,0.3980094017094017,0.6204653371320037,0.44399999999999995,0.0,0.30000000000000004,0,5,51,189,123,16021,0.2124999999991146,0.29310344827417756,0.2463768111057201,0.98095703124994,0.140495867768208
medium,20000,108,Unedited Hough vectors from distance-to-stroke,4,21,17,0.37359616026796955,0.6913871635610767,0.21712158808933002,0.0,0.19047619047619047,0,52,141,450,131,15662,0.238578680202642,0.5183823529392707,0.32676709110869545,0.9645385742186912,0.1952908587254913
medium,20000,109,Unedited Hough vectors from distance-to-stroke,1,5,4,0.3547535211267606,0.65,0.21126760563380287,0.0,0.19999999999999996,0,3,27,39,23,16295,0.40909090908471074,0.5399999999892,0.46551724088079666,0.9962158203124392,0.30337078651344523
medium,20000,110,Unedited Hough vectors from distance-to-stroke,4,14,10,0.26061758376564353,0.40131559220389806,0.25727069351230425,0.0,0.2857142857142857,0,15,56,328,97,15903,0.14583333333295356,0.3660130718930326,0.20856610759919414,0.9740600585936905,0.11642411642387437
medium,20000,111,Unedited Hough vectors from distance-to-stroke,1,1,0,0.8025000000000001,0.65,0.8,1.0,1.0,0,0,0,21,17,16346,0.0,0.0,0.0,0.997680664062439,0.0
medium,20000,112,Unedited Hough vectors from distance-to-stroke,3,21,18,0.3209387367735001,0.6071463266545234,0.16718587746625124,0.0,0.1428571428571429,0,53,227,588,149,15420,0.27852760736162147,0.6037234042537135,0.38119227496611663,0.9550170898436917,0.23547717842299223
medium,20000,113,Unedited Hough vectors from distance-to-stroke,3,22,19,0.3899503113025092,0.7215649278579356,0.22515391380826733,0.02631578947368421,0.13636363636363635,2,76,284,668,271,15161,0.29831932773077907,0.5117117117107897,0.376907763303277,0.9426879882811925,0.23221586263268013
medium,20000,114,Unedited Hough vectors from distance-to-stroke,3,13,10,0.4462446608917807,0.8307672101998342,0.24661246612466126,0.0,0.23076923076923073,0,16,111,223,83,15967,0.33233532934032234,0.572164948450659,0.42045454498810547,0.98132324218744,0.2661870503590739
medium,20000,115,Unedited Hough vectors from distance-to-stroke,2,5,3,0.4931661597460989,0.7635964912280702,0.5477386934673367,0.0,0.4,0,1,47,150,138,16049,0.23857868020183465,0.2540540540526808,0.24607329792852442,0.98242187499994,0.14029850746226777
medium,20000,116,Unedited Hough vectors from distance-to-stroke,1,2,1,0.8591083046306928,0.8606965174129353,0.858974358974359,1.0,0.5,0,0,0,80,68,16236,0.0,0.0,0.0,0.9909667968749395,0.0
medium,20000,117,Unedited Hough vectors from distance-to-stroke,2,6,4,0.4255106516290727,0.7021929824561404,0.38095238095238093,0.0,0.33333333333333337,0,6,48,104,74,16158,0.315789473682133,0.39344262294759474,0.3503649630070862,0.9891357421874396,0.21238938053003367
medium,20000,118,Unedited Hough vectors from distance-to-stroke,3,16,13,0.3973898619076002,0.7199499610808406,0.27331189710610937,0.0,0.1875,0,25,265,264,285,15570,0.500945179583174,0.4818181818173058,0.4911955509357942,0.9664916992186909,0.3255528255524256
medium,20000,119,Unedited Hough vectors from distance-to-stroke,4,21,17,0.2580159440840445,0.4491441705790297,0.1842672413793104,0.0,0.19047619047619047,0,33,178,523,263,15420,0.25392296718936674,0.403628117912917,0.3117337998756338,0.9520263671874418,0.18464730290437278
medium,20000,120,Unedited Hough vectors from distance-to-stroke,2,13,11,0.3499278373885447,0.65,0.21021611001964635,0.0,0.15384615384615385,0,19,122,257,138,15867,0.3218997361469079,0.4692307692289645,0.3818466348839076,0.9758911132811904,0.2359767891678221
medium,20000,121,Unedited Hough vectors from distance-to-stroke,2,11,9,0.2018205422174265,0.325,0.18694362017804156,0.0,0.18181818181818177,0,11,87,210,80,16007,0.29292929292830666,0.5209580838292158,0.37499999953763197,0.98229980468744,0.23076923076861866
medium,20000,122,Unedited Hough vectors from distance-to-stroke,5,28,23,0.23802619629553565,0.43017610748002905,0.12129099427381573,0.009326424870466322,0.1785714285714286,2,193,366,956,273,14789,0.2768532526472944,0.5727699530507468,0.373278938876948,0.9249877929686935,0.22946708463935456
medium,20000,123,Unedited Hough vectors from distance-to-stroke,2,12,10,0.2852497012168623,0.4838568376068376,0.2542372881355932,0.0,0.16666666666666663,0,17,195,345,257,15587,0.3611111111104424,0.43141592920258537,0.39314516079346473,0.9632568359374412,0.24466750313645588
medium,20000,124,Unedited Hough vectors from distance-to-stroke,5,32,27,0.41489444603039805,0.791550457229377,0.20543806646525675,0.007936507936507936,0.15625,1,126,275,1026,291,14792,0.2113758647192841,0.48586572438076703,0.29459025131793687,0.9196166992186938,0.17273869346722817
medium,20000,125,Unedited Hough vectors from distance-to-stroke,4,26,22,0.32913365532317146,0.6263888888888889,0.14746543778801846,0.009523809523809525,0.15384615384615385,1,105,228,993,199,14964,0.1867321867320338,0.5339578454320048,0.2766990287419415,0.9272460937499434,0.16056338028157707
medium,20000,126,Unedited Hough vectors from distance-to-stroke,3,17,14,0.2950744633750602,0.522746071133168,0.19111709286675638,0.015873015873015872,0.17647058823529416,1,63,92,449,134,15709,0.17005545286475035,0.4070796460158979,0.2398956971065242,0.9644165039061912,0.13629629629609438
medium,20000,127,Unedited Hough vectors from distance-to-stroke,1,2,1,0.46568501920614597,0.7171717171717172,0.46478873239436624,0.0,0.5,0,1,7,60,27,16290,0.10447761193873914,0.20588235293512114,0.1386138609367709,0.9946899414061893,0.07446808510559076
medium,20000,128,Unedited Hough vectors from distance-to-stroke,1,7,6,0.4694220779220779,0.8699999999999999,0.31818181818181823,0.0,0.1428571428571429,0,3,159,86,102,16037,0.6489795918340858,0.6091954022965165,0.6284584975217313,0.9885253906249396,0.45821325648282935
medium,20000,129,Unedited Hough vectors from distance-to-stroke,1,7,6,0.3582708628005658,0.65,0.25742574257425743,0.0,0.1428571428571429,0,6,77,95,88,16124,0.44767441860204843,0.46666666666383844,0.45697329326604974,0.9888305664061896,0.2961538461527071
medium,20000,130,Unedited Hough vectors from distance-to-stroke,4,19,15,0.44877552319411934,0.8312252964426878,0.24882629107981225,0.015625,0.21052631578947367,1,64,276,853,345,14910,0.2444641275462848,0.44444444444372877,0.3154285709703439,0.9268798828124434,0.18724559023053783
medium,20000,131,Unedited Hough vectors from distance-to-stroke,2,15,13,0.2451801075268817,0.45499999999999996,0.13548387096774195,0.0,0.1333333333333333,0,30,86,171,54,16073,0.3346303501932505,0.6142857142813266,0.43324936981832257,0.9862670898436898,0.27652733118882145
medium,20000,132,Unedited Hough vectors from distance-to-stroke,5,28,23,0.2858743530418217,0.5331627906976744,0.1328940142778693,0.006060606060606061,0.1785714285714286,1,165,332,1051,206,14795,0.24005784526374543,0.6171003717460649,0.3456533051664008,0.9232788085936936,0.20893643801119638
medium,20000,133,Unedited Hough vectors from distance-to-stroke,2,13,11,0.32909206219312603,0.595,0.2297872340425532,0.0,0.15384615384615385,0,30,127,262,211,15784,0.3264781490994178,0.37573964496930257,0.3493810173832051,0.9711303710936907,0.2116666666663139
medium,20000,134,Unedited Hough vectors from distance-to-stroke,1,4,3,0.43815384615384617,0.26,0.23076923076923073,1.0,0.25,0,0,18,33,23,16310,0.35294117646366785,0.43902439023319456,0.3913043473234878,0.9965820312499392,0.24324324323995616
medium,20000,135,Unedited Hough vectors from distance-to-stroke,5,30,25,0.3442761436348333,0.652777085927771,0.15388798259923875,0.012328767123287671,0.16666666666666663,2,146,437,1000,328,14619,0.30410577592184823,0.5712418300646127,0.3969118978205021,0.9189453124999439,0.24759206798852829
medium,20000,136,Unedited Hough vectors from distance-to-stroke,3,16,13,0.3585561760840999,0.65,0.2365308804204993,0.0,0.1875,0,29,133,553,154,15544,0.19387755102012555,0.4634146341447268,0.2733812945475464,0.9568481445311916,0.15833333333314484
medium,20000,137,Unedited Hough vectors from distance-to-stroke,1,4,3,0.3753313253012049,0.65,0.28915662650602414,0.0,0.25,0,1,21,62,56,16245,0.2530120481897227,0.2727272727237308,0.26249999949742187,0.9927978515624394,0.1510791366895606
medium,20000,138,Unedited Hough vectors from distance-to-stroke,1,4,3,0.3811363636363637,0.65,0.31818181818181823,0.0,0.25,0,1,28,37,44,16275,0.43076923076260354,0.38888888888348766,0.40875912358292926,0.9950561523436893,0.2568807339425974
medium,20000,139,Unedited Hough vectors from distance-to-stroke,4,24,20,0.24387526673827745,0.43253504917346725,0.14932562620423895,0.010810810810810811,0.16666666666666663,1,74,245,535,147,15457,0.3141025641021614,0.6249999999984056,0.41808873675545144,0.9583740234374415,0.26429341963294034
medium,20000,140,Unedited Hough vectors from distance-to-stroke,1,7,6,0.44633449477351916,0.7866666666666666,0.3902439024390244,0.0,0.1428571428571429,0,1,68,179,78,16059,0.2753036437235818,0.46575342465434416,0.34605597917502867,0.9843139648436899,0.20923076923012546
medium,20000,141,Unedited Hough vectors from distance-to-stroke,1,3,2,0.6639689265536723,0.65,0.44067796610169496,1.0,0.33333333333333337,0,0,0,62,27,16295,0.0,0.0,0.0,0.9945678710936893,0.0
medium,20000,142,Unedited Hough vectors from distance-to-stroke,4,24,20,0.29882210706040785,0.5765368357487922,0.1135693215339233,0.0,0.16666666666666663,0,98,277,710,218,15179,0.28064842958431546,0.5595959595948291,0.37381916284744965,0.9433593749999424,0.2298755186720084
medium,20000,143,Unedited Hough vectors from distance-to-stroke,4,20,16,0.24418627792987016,0.4457932742989669,0.11789652247667515,0.0,0.19999999999999996,0,89,216,658,167,15343,0.24713958810040373,0.5639686684058383,0.34367541723684014,0.949645996093692,0.20749279538884968
medium,20000,144,Unedited Hough vectors from distance-to-stroke,2,6,4,0.21410144927536234,0.26,0.3188405797101449,0.0,0.33333333333333337,0,3,25,104,65,16190,0.1937984496109008,0.27777777777469137,0.22831050179687665,0.9896850585936896,0.12886597938077904
medium,20000,145,Unedited Hough vectors from distance-to-stroke,4,13,9,0.17307376129473312,0.21937500000000001,0.21792890262751163,0.0,0.3076923076923077,0,25,146,383,186,15669,0.2759924385628053,0.43975903614325373,0.3391405337878733,0.965270996093691,0.2041958041955186
medium,20000,146,Unedited Hough vectors from distance-to-stroke,3,16,13,0.4087835020502729,0.7385930309007234,0.2480106100795756,0.03225806451612903,0.1875,1,31,206,430,283,15465,0.3238993710686731,0.4212678936596702,0.36622222173010804,0.9564819335936916,0.22415669205633934
medium,20000,147,Unedited Hough vectors from distance-to-stroke,4,21,17,0.368238713763905,0.6799714611872146,0.1970802919708029,0.015151515151515152,0.19047619047619047,1,66,272,780,384,14948,0.25855513307960215,0.41463414634083134,0.3185011704866917,0.9289550781249433,0.1894150417825979
medium,20000,148,Unedited Hough vectors from distance-to-stroke,2,10,8,0.35740844416486944,0.6265705128205128,0.2772585669781932,0.0,0.19999999999999996,0,7,80,163,112,16029,0.32921810699452997,0.41666666666449653,0.3678160914592047,0.9832153320311899,0.22535211267542155
medium,20000,149,Unedited Hough vectors from distance-to-stroke,2,13,11,0.20479395604395606,0.375,0.10329670329670326,0.0,0.15384615384615385,0,38,106,238,49,15991,0.3081395348828252,0.6838709677375234,0.42484969896882346,0.98248291015619,0.26972010178048417
medium,20000,150,Unedited Hough vectors from distance-to-stroke,3,13,10,0.3721073766956794,0.6365432098765431,0.2660550458715596,0.0375,0.23076923076923073,2,32,141,547,135,15561,0.2049418604648184,0.5108695652155404,0.29253111992267267,0.9583740234374415,0.17132442284304822
medium,20000,151,Unedited Hough vectors from distance-to-stroke,1,6,5,0.35057635829662265,0.65,0.2070484581497798,0.0,0.16666666666666663,0,10,77,119,73,16115,0.3928571428551385,0.5133333333299112,0.44508670470857703,0.9882812499999396,0.2862453531587872
medium,20000,152,Unedited Hough vectors from distance-to-stroke,3,14,11,0.40258175770308124,0.6189978213507624,0.38802083333333337,0.1,0.2142857142857143,1,10,141,223,162,15858,0.38736263736157317,0.46534653465192954,0.4227886052000656,0.9765014648436904,0.2680608365013915
medium,20000,153,Unedited Hough vectors from distance-to-stroke,5,32,27,0.3249967594414618,0.5841897233201581,0.21088019559902205,0.017241379310344827,0.15625,3,174,408,807,362,14807,0.3358024691355261,0.5298701298694417,0.41108312295040716,0.9286499023436933,0.258719086873647
medium,20000,154,Unedited Hough vectors from distance-to-stroke,2,10,8,0.3702319134550372,0.6674074074074074,0.24949290060851925,0.0,0.19999999999999996,0,5,89,362,298,15635,0.19733924611929637,0.2299741602061241,0.2124105006957268,0.9597167968749414,0.1188251001333527
medium,20000,155,Unedited Hough vectors from distance-to-stroke,2,8,6,0.4424469696969697,0.7758080808080807,0.3416666666666667,0.0,0.25,0,3,64,212,128,15980,0.23188405797017433,0.33333333333159726,0.2735042730192125,0.9792480468749402,0.15841584158376631
medium,20000,156,Unedited Hough vectors from distance-to-stroke,3,16,13,0.23567556996131972,0.4035357624831309,0.176672384219554,0.0,0.1875,0,39,77,357,96,15854,0.17741935483830087,0.4450867051997394,0.25370675412208477,0.9723510742186906,0.1452830188676504
medium,20000,157,Unedited Hough vectors from distance-to-stroke,3,15,12,0.31426433121019104,0.5633333333333332,0.20382165605095537,0.0,0.19999999999999996,0,21,120,301,149,15814,0.28503562945300465,0.4460966542734346,0.3478260864797773,0.9725341796874406,0.21052631578910436
medium,20000,158,Unedited Hough vectors from distance-to-stroke,4,22,18,0.38452448593073596,0.7302083333333333,0.18874458874458877,0.0,0.18181818181818177,0,36,259,792,211,15122,0.24643196955257238,0.5510638297860616,0.3405654170610031,0.9387817382811927,0.20522979397765037
medium,20000,159,Unedited Hough vectors from distance-to-stroke,1,5,4,0.35487288135593226,0.65,0.211864406779661,0.0,0.19999999999999996,0,3,45,63,35,16241,0.4166666666628086,0.5624999999929687,0.4787234037613173,0.9940185546874393,0.3146853146831141
medium,20000,160,Unedited Hough vectors from distance-to-stroke,3,5,2,0.4490739075291133,0.6272693032015065,0.5340136054421769,0.0,0.6,0,1,88,196,190,15910,0.3098591549284864,0.3165467625887894,0.3131672592854194,0.9764404296874404,0.1856540084384269
medium,20000,161,Unedited Hough vectors from distance-to-stroke,4,21,17,0.3287947088976632,0.5957838070628768,0.1852861035422343,0.01834862385321101,0.19047619047619047,2,109,295,561,193,15335,0.34462616822389647,0.6045081967200727,0.43898809477492784,0.9539794921874417,0.28122020972327816
medium,20000,162,Unedited Hough vectors from distance-to-stroke,3,16,13,0.2766998195312428,0.5128994082840237,0.13572542901716067,0.0,0.1875,0,31,104,369,157,15754,0.21987315010524341,0.3984674329486649,0.28337874613494424,0.9678955078124409,0.16507936507910306
medium,20000,163,Unedited Hough vectors from distance-to-stroke,3,16,13,0.32965105267212963,0.618979250334672,0.1476510067114094,0.011320754716981131,0.1875,1,53,198,707,106,15373,0.2187845303864986,0.6513157894715418,0.32754342394063274,0.9503784179686919,0.19584569732918314
medium,20000,164,Unedited Hough vectors from distance-to-stroke,4,29,25,0.3350038903802905,0.627106357694593,0.17060810810810811,0.019565217391304346,0.13793103448275867,4,184,396,906,296,14786,0.30414746543755444,0.5722543352592887,0.39719157427056706,0.9266357421874434,0.24780976220259837
medium,20000,165,Unedited Hough vectors from distance-to-stroke,1,3,2,0.37583333333333335,0.65,0.25,0.0,0.33333333333333337,0,1,20,47,40,16277,0.2985074626821118,0.3333333333277778,0.3149606294178189,0.9946899414061893,0.1869158878487204
medium,20000,166,Unedited Hough vectors from distance-to-stroke,1,5,4,0.3597222222222223,0.65,0.23611111111111116,0.0,0.19999999999999996,0,6,12,48,6,16318,0.19999999999666668,0.6666666666296296,0.30769230732938857,0.9967041015624392,0.181818181815427
medium,20000,167,Unedited Hough vectors from distance-to-stroke,1,3,2,0.40040960451977403,0.65,0.3728813559322034,0.0,0.33333333333333337,0,1,15,41,8,16320,0.26785714285235973,0.6521739130151228,0.3797468350206698,0.9970092773436892,0.23437499999633787
medium,20000,168,Unedited Hough vectors from distance-to-stroke,3,20,17,0.3685125799926661,0.7032967032967032,0.18514531754574814,0.0,0.15000000000000002,0,47,198,548,198,15440,0.26541554959749947,0.4999999999987374,0.34676006959889705,0.9544677734374417,0.20974576271164222
medium,20000,169,Unedited Hough vectors from distance-to-stroke,2,8,6,0.24401493099619292,0.37164062500000006,0.25888324873096447,0.0,0.25,0,21,123,175,140,15946,0.41275167785096395,0.46768060836324077,0.43850267329717435,0.9807739257811902,0.28082191780757804
medium,20000,170,Unedited Hough vectors from distance-to-stroke,2,9,7,0.35538612263716,0.65,0.20331950207468885,0.0,0.2222222222222222,0,8,37,191,86,16070,0.1622807017536742,0.3008130081276357,0.2108262103697535,0.9830932617186899,0.11783439490408333
medium,20000,171,Unedited Hough vectors from distance-to-stroke,2,6,4,0.36457898141613737,0.553974358974359,0.4097859327217125,0.0,0.33333333333333337,0,7,56,266,80,15982,0.17391304347772077,0.4117647058793253,0.24454148429755343,0.9788818359374403,0.13930348258671815
medium,20000,172,Unedited Hough vectors from distance-to-stroke,4,21,17,0.28960332740919287,0.5207603554499964,0.1594331266607617,0.01730769230769231,0.19047619047619047,2,104,213,666,241,15264,0.24232081911235231,0.46916299559368024,0.3195798945240902,0.9446411132811923,0.19017857142840164
medium,20000,173,Unedited Hough vectors from distance-to-stroke,1,6,5,0.3431289308176101,0.65,0.16981132075471694,0.0,0.16666666666666663,0,6,40,53,23,16268,0.4301075268770956,0.6349206349105568,0.5128205123324292,0.9953613281249393,0.3448275862039239
medium,20000,174,Unedited Hough vectors from distance-to-stroke,4,34,30,0.3666371402734027,0.7082885101850619,0.16360776088096485,0.01368421052631579,0.11764705882352944,3,190,351,1052,377,14604,0.2501781895935494,0.48214285714219485,0.329422805744132,0.9127807617186943,0.1971910112358443
medium,20000,175,Unedited Hough vectors from distance-to-stroke,1,7,6,0.35469445953286266,0.65,0.2395437262357415,0.0,0.1428571428571429,0,6,73,159,121,16031,0.31465517241243685,0.3762886597918748,0.3427230041972052,0.9829101562499399,0.20679886685493826
medium,20000,176,Unedited Hough vectors from distance-to-stroke,5,24,19,0.2774887851395858,0.47624520077921695,0.19249478804725506,0.015384615384615385,0.20833333333333337,2,130,323,841,212,15008,0.2774914089344695,0.6037383177558808,0.3802236605451283,0.9357299804686928,0.23473837209285267
medium,20000,177,Unedited Hough vectors from distance-to-stroke,1,3,2,0.675959595959596,0.654320987654321,0.49090909090909096,1.0,0.33333333333333337,0,0,28,30,0,16326,0.4827586206813318,0.9999999999642857,0.6511627902433748,0.998168945312439,0.4827586206813318
medium,20000,178,Unedited Hough vectors from distance-to-stroke,4,23,19,0.2355936153794911,0.4304166666666667,0.12257405515832487,0.0,0.17391304347826086,0,70,130,627,116,15511,0.1717305151913187,0.5284552845506973,0.2592223326302608,0.9546508789061917,0.14891179839616392
medium,20000,179,Unedited Hough vectors from distance-to-stroke,5,20,15,0.30601026911233103,0.5335581737849779,0.20454545454545459,0.0,0.25,0,57,208,754,201,15221,0.21621621621599146,0.5085574572114705,0.3034281542125608,0.9417114257811925,0.17884780739451517
medium,20000,180,Unedited Hough vectors from distance-to-stroke,5,20,15,0.16817489868287738,0.2510368118878757,0.15104166666666663,0.0,0.25,0,42,119,627,128,15510,0.1595174262732446,0.4817813765162681,0.23967774383524548,0.9539184570311917,0.13615560640716687
medium,20000,181,Unedited Hough vectors from distance-to-stroke,1,8,7,0.28907536544452433,0.5246153846153846,0.20249221183800625,0.0,0.125,0,6,98,137,141,16008,0.41702127659397015,0.4100418410024685,0.4135021092029323,0.9830322265624399,0.2606382978716473
medium,20000,182,Unedited Hough vectors from distance-to-stroke,2,9,7,0.3667401594419532,0.65,0.2600896860986547,0.0,0.2222222222222222,0,4,74,141,42,16127,0.34418604651002704,0.6379310344772592,0.44712990890758575,0.9888305664061896,0.28793774318954113
medium,20000,183,Unedited Hough vectors from distance-to-stroke,5,22,17,0.33861739850618805,0.5769037851533828,0.23975044563279857,0.03333333333333333,0.2272727272727273,3,66,222,708,335,15119,0.23870967741909815,0.39856373429012826,0.2985877601228545,0.9363403320311928,0.17549407114610632
medium,20000,184,Unedited Hough vectors from distance-to-stroke,5,27,22,0.41894216749565105,0.7683713654766287,0.21572871572871577,0.04604316546762589,0.18518518518518523,7,139,332,738,185,15129,0.3102803738314857,0.6421663442927618,0.41839949546440536,0.9436645507811924,0.2645418326691119
medium,20000,185,Unedited Hough vectors from distance-to-stroke,3,19,16,0.33631568336162987,0.6382063918757467,0.16666666666666663,0.0,0.1578947368421053,0,76,268,663,284,15169,0.287862513426114,0.48550724637593207,0.36142953425907376,0.9421997070311925,0.22057613168706125
medium,20000,186,Unedited Hough vectors from distance-to-stroke,5,29,24,0.3367022903410624,0.6198114351772889,0.1754299754299754,0.021839080459770115,0.1724137931034483,4,174,586,1005,452,14341,0.3683218101820438,0.5645472061651594,0.44579688046510807,0.9110717773436944,0.28683308859506274
medium,20000,187,Unedited Hough vectors from distance-to-stroke,3,8,5,0.34588985426008967,0.5756944444444444,0.24663677130044848,0.0,0.375,0,6,45,164,51,16124,0.2153110047836588,0.4687499999951172,0.2950819667798119,0.9868774414061897,0.1730769230762574
medium,20000,188,Unedited Hough vectors from distance-to-stroke,1,5,4,0.5184228971962617,0.875,0.5233644859813085,0.0,0.19999999999999996,0,2,161,44,184,15995,0.7853658536547056,0.46666666666531403,0.5854545449848133,0.9860839843749398,0.4138817480709155
medium,20000,189,Unedited Hough vectors from distance-to-stroke,1,4,3,0.39593137254901967,0.65,0.3921568627450981,0.0,0.25,0,2,35,40,54,16255,0.46666666666044443,0.39325842696187346,0.4268292677911213,0.9942626953124393,0.2713178294552611
medium,20000,190,Unedited Hough vectors from distance-to-stroke,5,21,16,0.3079323744626578,0.5309784735812133,0.206973293768546,0.015151515151515152,0.23809523809523814,1,66,200,901,310,14973,0.18165304268830004,0.3921568627443291,0.24829298529013563,0.9260864257811935,0.14174344436559763
medium,20000,191,Unedited Hough vectors from distance-to-stroke,3,13,10,0.3954750360813108,0.7156648451730419,0.21726190476190477,0.027586206896551727,0.23076923076923073,1,29,113,467,175,15629,0.19482758620656065,0.39236111110974875,0.2603686631504545,0.9608154296874414,0.14966887417198718
medium,20000,192,Unedited Hough vectors from distance-to-stroke,5,15,10,0.37541849031138536,0.5704951958610496,0.34347826086956523,0.06666666666666667,0.33333333333333337,2,18,170,452,156,15606,0.27331189710566994,0.5214723926364372,0.358649788577525,0.9628906249999412,0.21850899742902505
medium,20000,193,Unedited Hough vectors from distance-to-stroke,2,7,5,0.3885454501638712,0.6925348627980207,0.2416666666666667,0.0,0.2857142857142857,0,10,64,143,42,16135,0.30917874395985906,0.6037735848999644,0.40894568645040785,0.9887084960936896,0.25702811244876694
medium,20000,194,Unedited Hough vectors from distance-to-stroke,2,8,6,0.258795643153527,0.45499999999999996,0.1452282157676349,0.0,0.25,0,9,42,169,33,16140,0.19905213270047845,0.5599999999925334,0.29370629331730164,0.9876708984374397,0.17213114754027817
medium,20000,195,Unedited Hough vectors from distance-to-stroke,2,11,9,0.3626843459876827,0.6786046511627907,0.19565217391304346,0.0,0.18181818181818177,0,8,112,164,91,16017,0.4057971014478051,0.5517241379283166,0.4676409180900363,0.9844360351561899,0.3051771117157897
medium,20000,196,Unedited Hough vectors from distance-to-stroke,4,20,16,0.368031218529708,0.7,0.1651560926485398,0.0,0.19999999999999996,0,57,135,596,97,15556,0.18467852257156678,0.5818965517216298,0.28037383140936994,0.9577026367186915,0.16304347826067264
medium,20000,197,Unedited Hough vectors from distance-to-stroke,1,3,2,0.7231494800504721,0.721063829787234,0.5766871165644172,1.0,0.33333333333333337,0,0,97,69,194,16024,0.5843373493940703,0.3333333333321879,0.42450765817887576,0.9839477539061899,0.269444444443696
medium,20000,198,Unedited Hough vectors from distance-to-stroke,2,5,3,0.4494392443839347,0.7053418803418803,0.4601769911504425,0.0,0.4,0,3,29,78,59,16218,0.27102803738064457,0.3295454545417097,0.2974358969375937,0.9916381835936895,0.1746987951796705
medium,20000,199,Unedited Hough vectors from distance-to-stroke,1,7,6,0.4057973421926911,0.7666666666666667,0.2325581395348837,0.0,0.1428571428571429,0,10,108,112,77,16087,0.4909090909068595,0.5837837837806282,0.5333333328344337,0.9884643554686896,0.3636363636351393
medium,20000,200,Unedited Hough vectors from distance-to-stroke,2,8,6,0.3777564102564103,0.65,0.3012820512820513,0.0,0.25,0,8,117,162,86,16019,0.41935483870817436,0.5763546798001165,0.48547717793365297,0.9848632812499398,0.3205479452046012
medium,20000,201,Unedited Hough vectors from distance-to-stroke,2,10,8,0.26267970325554596,0.4826923076923077,0.12734082397003743,0.0,0.19999999999999996,0,21,102,344,64,15874,0.22869955156899396,0.6144578313215997,0.33333333293690465,0.9750976562499405,0.19999999999960785
medium,20000,202,Unedited Hough vectors from distance-to-stroke,5,29,24,0.2718749807317059,0.4853007414635322,0.16324133881385794,0.0144,0.1724137931034483,2,125,358,909,321,14796,0.2825572217835181,0.5272459499255858,0.3679342235946037,0.9249267578124435,0.2254408060451981
medium,20000,203,Unedited Hough vectors from distance-to-stroke,5,22,17,0.3525637941269127,0.6042168835502169,0.2584446190102121,0.025,0.2272727272727273,3,40,289,819,330,14946,0.2608303249095119,0.4668820678506189,0.33468442339609783,0.9298706054686933,0.20097357440876149
medium,20000,204,Unedited Hough vectors from distance-to-stroke,1,7,6,0.28668571428571427,0.52,0.19199999999999995,0.0,0.1428571428571429,0,6,43,61,41,16239,0.41346153845756284,0.5119047618986677,0.4574468080114305,0.9937744140624393,0.2965517241358859
medium,20000,205,Unedited Hough vectors from distance-to-stroke,3,21,18,0.35633999944158257,0.6657201646090535,0.21240105540897103,0.0,0.1428571428571429,0,41,203,476,187,15518,0.29896907216450813,0.5205128205114858,0.3797941997229237,0.9595336914061914,0.23441108545007575
medium,20000,206,Unedited Hough vectors from distance-to-stroke,2,15,13,0.34416350411132196,0.65,0.19165085388994307,0.0,0.1333333333333333,0,14,151,310,166,15757,0.32754880694072114,0.4763406940048065,0.3881748067140748,0.9709472656249407,0.2408293460921199
medium,20000,207,Unedited Hough vectors from distance-to-stroke,4,14,10,0.45510566656163487,0.7718388378882205,0.3434022257551669,0.042105263157894736,0.2857142857142857,1,19,80,469,229,15606,0.14571948998151965,0.2588996763745667,0.18648018601887353,0.9573974609374415,0.10282776349601179
medium,20000,208,Unedited Hough vectors from distance-to-stroke,5,28,23,0.398441515807775,0.7390149393090569,0.21162947937795806,0.02280701754385965,0.1785714285714286,3,114,283,823,205,15073,0.25587703435781567,0.5799180327856969,0.35508155540909053,0.9372558593749428,0.21586575133469424
medium,20000,209,Unedited Hough vectors from distance-to-stroke,4,20,16,0.1965905916128027,0.3226358695652174,0.1354705274043433,0.017241379310344827,0.19999999999999996,1,58,216,529,213,15426,0.2899328859056511,0.5034965034953298,0.3679727422953936,0.9547119140624417,0.22546972860101724
medium,20000,210,Unedited Hough vectors from distance-to-stroke,5,16,11,0.3810774721374693,0.6617179421984913,0.2407407407407407,0.015625,0.3125,1,64,149,778,147,15310,0.16073354908289025,0.5033783783766778,0.24366312309958554,0.9435424804686924,0.13873370577268274
medium,20000,211,Unedited Hough vectors from distance-to-stroke,5,22,17,0.27854207226991856,0.45494159544159546,0.23529411764705888,0.016129032258064516,0.2272727272727273,1,62,157,645,168,15414,0.19576059850349656,0.4830769230754367,0.2786157937328193,0.9503784179686919,0.16185567010292592
medium,20000,212,Unedited Hough vectors from distance-to-stroke,3,9,6,0.3065289855072464,0.4766666666666667,0.2934782608695652,0.0,0.33333333333333337,0,4,67,295,82,15940,0.1850828729276655,0.4496644295271835,0.2622309193510135,0.9769897460936904,0.15090090090056105
medium,20000,213,Unedited Hough vectors from distance-to-stroke,1,6,5,0.21935113268608417,0.39,0.13592233009708743,0.0,0.16666666666666663,0,5,30,56,22,16276,0.34883720929826934,0.5769230769119823,0.43478260821970177,0.9952392578124393,0.27777777777520574
medium,20000,214,Unedited Hough vectors from distance-to-stroke,4,33,29,0.3727637368257604,0.7386097820308347,0.13306246825799894,0.006622516556291391,0.12121212121212122,1,151,370,1207,249,14558,0.23462270133149357,0.5977382875596159,0.3369763201777271,0.9111328124999444,0.20262869660448926
medium,20000,215,Unedited Hough vectors from distance-to-stroke,5,26,21,0.28619710950004706,0.541578947368421,0.11627906976744184,0.0,0.1923076923076923,0,106,237,914,158,15075,0.2059079061683702,0.5999999999984811,0.30659767102925634,0.9345703124999429,0.18105423987763097
medium,20000,216,Unedited Hough vectors from distance-to-stroke,2,19,17,0.34351295413081706,0.65,0.18202502844141066,0.0163265306122449,0.10526315789473684,1,49,230,466,189,15499,0.33045977011446775,0.548926014318499,0.4125560533417781,0.9600219726561914,0.25988700564942385
medium,20000,217,Unedited Hough vectors from distance-to-stroke,2,10,8,0.41456504702194363,0.7416666666666667,0.3040752351097179,0.0,0.19999999999999996,0,9,79,198,20,16087,0.28519855595564914,0.7979797979717376,0.42021276556726744,0.9866943359374397,0.2659932659923704
medium,20000,218,Unedited Hough vectors from distance-to-stroke,2,10,8,0.31838950810611644,0.5770974576271186,0.1934782608695652,0.0,0.19999999999999996,0,19,119,244,107,15914,0.327823691459152,0.5265486725640418,0.40407470241192667,0.9785766601561903,0.2531914893611634
medium,20000,219,Unedited Hough vectors from distance-to-stroke,3,24,21,0.3455933018615837,0.6780258899676376,0.13990825688073394,0.0,0.125,0,53,297,834,271,14982,0.26259946949578905,0.5228873239427414,0.34961742156744074,0.932556152343693,0.21184022824521268
medium,20000,220,Unedited Hough vectors from distance-to-stroke,5,31,26,0.35762000894542906,0.6927990196078432,0.14865708931917554,0.0,0.16129032258064513,0,82,276,1094,319,14695,0.2014598540144515,0.4638655462177078,0.2809160301118417,0.9137573242186942,0.16341030195372208
medium,20000,221,Unedited Hough vectors from distance-to-stroke,5,21,16,0.31912642085389586,0.5964102564102564,0.12316715542521994,0.009195402298850575,0.23809523809523814,1,87,200,771,164,15249,0.20597322348073535,0.54945054944904,0.29962546776771287,0.9429321289061924,0.17621145374433814
medium,20000,222,Unedited Hough vectors from distance-to-stroke,5,33,28,0.32540709209358776,0.6278043159438508,0.13871817383669882,0.0,0.1515151515151515,0,184,392,1329,417,14246,0.22777454968028601,0.48454882571015506,0.3098814224896271,0.8934326171874455,0.18334892422816496
medium,20000,223,Unedited Hough vectors from distance-to-stroke,4,18,14,0.30118114801897017,0.5336630036630037,0.17710371819960857,0.013559322033898306,0.2222222222222222,1,59,199,588,244,15353,0.2528589580682937,0.4492099322788957,0.3235772353109406,0.949218749999942,0.19301648884559358
medium,20000,224,Unedited Hough vectors from distance-to-stroke,4,18,14,0.28863277619145616,0.5146909888357257,0.17399804496578686,0.0,0.2222222222222222,0,51,216,689,222,15257,0.23867403314890753,0.49315068493038094,0.32166790722937555,0.9443969726561924,0.19165927240444397
medium,20000,225,Unedited Hough vectors from distance-to-stroke,4,24,20,0.27065813097931996,0.5026086956521739,0.12471994025392086,0.011494252873563218,0.16666666666666663,1,87,223,754,255,15152,0.22824974411440302,0.4665271966517437,0.30652920918038096,0.9384155273436927,0.1810064935063466
medium,20000,226,Unedited Hough vectors from distance-to-stroke,2,10,8,0.3283013544018059,0.65,0.07900677200902939,0.0,0.19999999999999996,0,19,35,292,40,16017,0.10703363914340357,0.46666666666044443,0.17412935292944481,0.9797363281249402,0.09536784741118429
medium,20000,227,Unedited Hough vectors from distance-to-stroke,2,12,10,0.4125340136054422,0.7277777777777777,0.34183673469387754,0.0,0.16666666666666663,0,11,93,87,126,16078,0.5166666666637963,0.4246575342446363,0.466165413036275,0.9869995117186897,0.3039215686264578
medium,20000,228,Unedited Hough vectors from distance-to-stroke,1,2,1,0.8550416666666667,0.8541666666666666,0.8533333333333333,1.0,0.5,0,0,0,77,65,16242,0.0,0.0,0.0,0.9913330078124395,0.0
medium,20000,229,Unedited Hough vectors from distance-to-stroke,4,24,20,0.31489325420789394,0.5823099415204678,0.1809355692850838,0.0,0.16666666666666663,0,42,254,738,250,15142,0.25604838709651606,0.5039682539672541,0.3395721920661193,0.9396972656249426,0.20450885668260507
medium,20000,230,Unedited Hough vectors from distance-to-stroke,3,22,19,0.3632488711261877,0.6618325791855203,0.21278538812785386,0.03692307692307692,0.13636363636363635,3,65,333,567,279,15205,0.3699999999995889,0.5441176470579344,0.44047618999374843,0.948364257812442,0.2824427480913635
medium,20000,231,Unedited Hough vectors from distance-to-stroke,1,6,5,0.4122979863451733,0.7543859649122807,0.28078817733990147,0.0,0.16666666666666663,0,3,76,123,104,16081,0.3819095477367743,0.42222222221987654,0.4010554084701165,0.9861450195311898,0.250825082507423
medium,20000,232,Unedited Hough vectors from distance-to-stroke,5,23,18,0.29846934833074124,0.5460641025641026,0.1550068587105624,0.0,0.21739130434782605,0,75,244,953,265,14922,0.20384294068487566,0.47937131630554153,0.28604923756457046,0.9256591796874435,0.1668946648425671
medium,20000,233,Unedited Hough vectors from distance-to-stroke,3,17,14,0.35276478389764393,0.6314581924723913,0.2548076923076923,0.0,0.17647058823529416,0,41,226,293,267,15598,0.4354527938334577,0.4584178498976503,0.446640315704981,0.965820312499941,0.2875318066154103
medium,20000,234,Unedited Hough vectors from distance-to-stroke,5,21,16,0.23923980836236935,0.4155,0.1422764227642277,0.0,0.23809523809523814,0,111,252,731,261,15140,0.25635808748702305,0.49122807017448106,0.33689839527082643,0.9394531249999426,0.2025723472667182
medium,20000,235,Unedited Hough vectors from distance-to-stroke,5,25,20,0.2882769476288547,0.5192976097178683,0.17296511627906974,0.0,0.19999999999999996,0,72,234,833,259,15058,0.2193064667289416,0.4746450304250007,0.29999999956730855,0.933349609374943,0.17647058823516104
medium,20000,236,Unedited Hough vectors from distance-to-stroke,2,6,4,0.3837925170068028,0.65,0.28979591836734697,0.0,0.33333333333333337,0,2,73,167,108,16036,0.3041666666653993,0.4033149171248436,0.3467933486768186,0.9832153320311899,0.20977011494192596
medium,20000,237,Unedited Hough vectors from distance-to-stroke,5,35,30,0.28055641373282075,0.5287924528301887,0.13466440101954125,0.0055248618784530384,0.1428571428571429,1,181,478,1293,284,14329,0.2699040090342914,0.627296587925686,0.3774180809055304,0.9037475585936948,0.2326034063259209
medium,20000,238,Unedited Hough vectors from distance-to-stroke,2,9,7,0.2487767335004177,0.45499999999999996,0.10902255639097747,0.0,0.2222222222222222,0,24,44,156,27,16157,0.21999999999890002,0.6197183098504264,0.3247232468433709,0.9888305664061896,0.19383259911808884
medium,20000,239,Unedited Hough vectors from distance-to-stroke,4,17,13,0.18883866064113536,0.3118799102132435,0.12481644640234946,0.0,0.23529411764705888,0,38,168,399,115,15702,0.29629629629577375,0.5936395759696338,0.39529411720194607,0.9686279296874408,0.2463343108500787
medium,20000,240,Unedited Hough vectors from distance-to-stroke,5,25,20,0.2729191097534453,0.4819047619047619,0.15711395819285234,0.018556701030927835,0.19999999999999996,2,97,302,900,278,14904,0.2512479201329025,0.5206896551715161,0.33894500517220844,0.9281005859374434,0.2040540540539162
medium,20000,241,Unedited Hough vectors from distance-to-stroke,3,11,8,0.3740767938161654,0.6244444444444445,0.32902033271719033,0.0,0.2727272727272727,0,17,198,282,243,15661,0.4124999999991406,0.4489795918357166,0.4299674262100606,0.9679565429686909,0.27385892116144694
medium,20000,242,Unedited Hough vectors from distance-to-stroke,4,22,18,0.2055151515151515,0.34004357298474946,0.17156862745098034,0.0,0.18181818181818177,0,86,315,665,250,15154,0.32142857142824344,0.5575221238928185,0.40776698982680953,0.9441528320311924,0.25609756097540154
medium,20000,243,Unedited Hough vectors from distance-to-stroke,2,6,4,0.5891657274018762,0.841504937010555,0.5732758620689655,0.25,0.33333333333333337,1,4,53,174,81,16076,0.23348017621042522,0.3955223880567499,0.29362880839582267,0.9844360351561899,0.1720779220773634
medium,20000,244,Unedited Hough vectors from distance-to-stroke,1,7,6,0.35313764561618644,0.65,0.23175965665236054,0.0,0.1428571428571429,0,3,68,109,131,16076,0.3841807909582815,0.34170854271185075,0.3617021271593624,0.9853515624999398,0.22077922077850398
medium,20000,245,Unedited Hough vectors from distance-to-stroke,5,24,19,0.3972090161275405,0.6821637426900585,0.2871508379888268,0.04788732394366198,0.20833333333333337,4,71,301,417,352,15314,0.41922005570972254,0.46094946401154524,0.43909555019340824,0.9530639648436918,0.28130841121469036
medium,20000,246,Unedited Hough vectors from distance-to-stroke,5,22,17,0.37212028959412674,0.6863695563695563,0.19147286821705423,0.008928571428571428,0.2272727272727273,1,112,269,720,233,15162,0.27199191102095854,0.5358565737041119,0.36083165615916296,0.9418334960936925,0.2201309328967102
medium,20000,247,Unedited Hough vectors from distance-to-stroke,3,19,16,0.3690625233296006,0.6902364066193853,0.21333333333333337,0.0,0.1578947368421053,0,39,141,688,70,15485,0.17008443908302764,0.6682464454944633,0.27115384582987984,0.9537353515624417,0.15684093437134947
medium,20000,248,Unedited Hough vectors from distance-to-stroke,1,5,4,0.3621894409937889,0.65,0.24844720496894412,0.0,0.19999999999999996,0,3,64,83,61,16176,0.43537414965690224,0.511999999995904,0.4705882347939284,0.9912109374999395,0.3076923076908284
medium,20000,249,Unedited Hough vectors from distance-to-stroke,2,9,7,0.2798209131462212,0.4306960408684546,0.27544910179640714,0.034782608695652174,0.2222222222222222,1,23,50,222,43,16069,0.1838235294110889,0.5376344085963695,0.27397260235847626,0.9838256835936899,0.15873015872965482
medium,20000,250,Unedited Hough vectors from distance-to-stroke,3,18,15,0.36680838595484117,0.7004807692307692,0.17462686567164176,0.0,0.16666666666666663,0,36,107,442,211,15624,0.19489981785028251,0.33647798742032553,0.24682814255683933,0.9601440429686914,0.14078947368402528
medium,20000,251,Unedited Hough vectors from distance-to-stroke,4,22,18,0.3376874980079982,0.6214583333333333,0.1865889212827988,0.010126582278481013,0.18181818181818177,1,79,234,523,209,15418,0.3091149273443737,0.5282167042877467,0.38999999953358466,0.9553222656249417,0.24223602484446974
medium,20000,252,Unedited Hough vectors from distance-to-stroke,1,2,1,0.43741525423728816,0.65,0.47457627118644063,0.0,0.5,0,1,39,17,54,16274,0.6964285714161352,0.4193548387051682,0.5234899324097112,0.9956665039061892,0.3545454545422314
medium,20000,253,Unedited Hough vectors from distance-to-stroke,4,17,13,0.38746620501504075,0.6995866360728689,0.24561403508771928,0.0,0.23529411764705888,0,16,257,386,255,15486,0.3996889580087097,0.5019531249990197,0.44502164452730647,0.9608764648436914,0.2861915367480109
medium,20000,254,Unedited Hough vectors from distance-to-stroke,3,17,14,0.35211844197138314,0.6499999999999999,0.20985691573926868,0.0,0.17647058823529416,0,40,147,363,215,15659,0.2882352941170819,0.4060773480651766,0.3371559628163822,0.964721679687441,0.2027586206893755
medium,20000,255,Unedited Hough vectors from distance-to-stroke,4,22,18,0.3184435157658755,0.5547813777917583,0.23032311516155757,0.01818181818181818,0.18181818181818177,2,77,275,740,195,15174,0.27093596059086605,0.5851063829774785,0.3703703699372173,0.9429321289061924,0.22727272727253944
medium,20000,256,Unedited Hough vectors from distance-to-stroke,5,33,28,0.32188222749613465,0.633502366463827,0.10026041666666663,0.00641025641025641,0.1515151515151515,1,156,236,928,200,15020,0.2027491408932966,0.5412844036684833,0.29499999960314377,0.9311523437499432,0.17302052785911068
medium,20000,257,Unedited Hough vectors from distance-to-stroke,3,13,10,0.31674582425562814,0.5812669683257918,0.16049382716049387,0.0,0.23076923076923073,0,27,211,466,181,15526,0.3116691285076637,0.5382653061210758,0.39476145884256464,0.9605102539061914,0.24592074592045932
medium,20000,258,Unedited Hough vectors from distance-to-stroke,4,26,22,0.33123984170636717,0.6242903320599471,0.1537895511405445,0.016666666666666666,0.15384615384615385,2,108,293,784,348,14959,0.27205199628572696,0.45709828393064417,0.3410942952244718,0.9309082031249432,0.205614035087575
medium,20000,259,Unedited Hough vectors from distance-to-stroke,2,12,10,0.3016759259259259,0.585,0.10879629629629628,0.0,0.16666666666666663,0,35,75,277,52,15980,0.21306818181757653,0.5905511810977122,0.31315240044408804,0.9799194335936902,0.18564356435597615
medium,20000,260,Unedited Hough vectors from distance-to-stroke,2,14,12,0.3485547560547561,0.65,0.20884520884520885,0.0,0.1428571428571429,0,20,138,218,131,15897,0.3876404494371134,0.5130111524144498,0.4415999995082752,0.9786987304686903,0.28336755646759065
medium,20000,261,Unedited Hough vectors from distance-to-stroke,2,11,9,0.3384190444591905,0.65,0.13868613138686137,0.0,0.18181818181818177,0,13,70,175,42,16097,0.2857142857131195,0.6249999999944196,0.39215686231229746,0.9867553710936897,0.24390243902354042
medium,20000,262,Unedited Hough vectors from distance-to-stroke,5,22,17,0.3444552920509443,0.6454202898550725,0.1564444444444445,0.0,0.2272727272727273,0,52,198,779,179,15228,0.2026612077787076,0.5251989389906494,0.2924667647380757,0.9415283203124425,0.17128027681646082
medium,20000,263,Unedited Hough vectors from distance-to-stroke,1,1,0,0.8241086956521739,0.6477777777777778,0.9130434782608696,1.0,1.0,0,0,21,26,22,16315,0.44680851062879134,0.4883720930118984,0.46666666615728397,0.9970703124999392,0.3043478260825457
medium,20000,264,Unedited Hough vectors from distance-to-stroke,3,14,11,0.33124311077598023,0.5741666666666666,0.2571976967370442,0.0,0.2142857142857143,0,16,110,333,114,15827,0.24830699774210316,0.4910714285692363,0.3298350820116839,0.9727172851561906,0.19748653500862212
medium,20000,265,Unedited Hough vectors from distance-to-stroke,2,10,8,0.35753571428571435,0.685,0.14642857142857146,0.0,0.19999999999999996,0,20,121,280,107,15876,0.30174563590947195,0.5307017543836373,0.384737678391926,0.9763793945311904,0.23818897637748387
medium,20000,266,Unedited Hough vectors from distance-to-stroke,5,23,18,0.3184839859968007,0.5783385105535643,0.162621359223301,0.015873015873015872,0.21739130434782605,1,63,263,729,229,15163,0.2651209677416682,0.5345528455273688,0.35444743890938196,0.9415283203124425,0.215397215397039
medium,20000,267,Unedited Hough vectors from distance-to-stroke,1,8,7,0.4133064516129033,0.7777777777777778,0.2540322580645161,0.0,0.125,0,7,61,168,133,16022,0.26637554585036516,0.3144329896891009,0.28841607515217765,0.98162841796869,0.1685082872923522
medium,20000,268,Unedited Hough vectors from distance-to-stroke,5,26,21,0.33797335834896813,0.6457777777777778,0.14071294559099434,0.0,0.1923076923076923,0,91,226,1116,240,14802,0.1684053651265511,0.4849785407714915,0.24999999961709998,0.917236328124944,0.14285714285705256
medium,20000,269,Unedited Hough vectors from distance-to-stroke,4,18,14,0.35576669328527594,0.6695737425404945,0.16118143459915613,0.0,0.2222222222222222,0,63,142,881,192,15169,0.1388074291298741,0.4251497005975295,0.20928518754310768,0.9345092773436929,0.1168724279834429
medium,20000,270,Unedited Hough vectors from distance-to-stroke,2,10,8,0.33430774748923964,0.65,0.10903873744619796,0.0,0.19999999999999996,0,12,109,434,145,15696,0.20073664825009072,0.42913385826602707,0.27352572102051453,0.964660644531191,0.15843023255790925
medium,20000,271,Unedited Hough vectors from distance-to-stroke,4,12,8,0.36718599355277554,0.5819563152896486,0.3598615916955017,0.0,0.33333333333333337,0,9,133,430,165,15656,0.23623445825890546,0.4463087248307171,0.30894308897754147,0.9636840820311912,0.18269230769205674
medium,20000,272,Unedited Hough vectors from distance-to-stroke,2,14,12,0.33455205356155954,0.6249110728628802,0.19528178243774574,0.0,0.1428571428571429,0,37,148,470,240,15526,0.23948220064686168,0.3814432989680891,0.29423459197087853,0.9566650390624416,0.17249417249397145
medium,20000,273,Unedited Hough vectors from distance-to-stroke,3,19,16,0.3688041524830768,0.6765687121866897,0.24279379157427938,0.0,0.1578947368421053,0,21,212,556,260,15356,0.27604166666630725,0.44915254237192975,0.3419354833989074,0.9501953124999419,0.20622568093365154
medium,20000,274,Unedited Hough vectors from distance-to-stroke,4,23,19,0.38033304161915427,0.6812575518781193,0.2818791946308725,0.0,0.17391304347826086,0,31,163,484,147,15590,0.2519319938172304,0.5258064516112071,0.3406478574505274,0.9614868164061913,0.20528967254382205
medium,20000,275,Unedited Hough vectors from distance-to-stroke,3,14,11,0.44413000378194023,0.760120670458307,0.3551587301587301,0.038461538461538464,0.2142857142857143,1,26,81,319,185,15799,0.20249999999949375,0.304511278194344,0.24324324276275378,0.9692382812499408,0.13846153846130177
medium,20000,276,Unedited Hough vectors from distance-to-stroke,3,16,13,0.3656960656291085,0.6324685534591196,0.2838983050847458,0.022222222222222223,0.1875,1,36,215,391,273,15505,0.35478547854726933,0.44057377049090046,0.3930530159584805,0.9594726562499414,0.24459613196786736
medium,20000,277,Unedited Hough vectors from distance-to-stroke,3,21,18,0.39002756191890603,0.7638196379704251,0.16011505273250237,0.0,0.1428571428571429,0,62,296,521,281,15286,0.3623011015907438,0.5129982668968579,0.4246771874625614,0.9510498046874419,0.26958105646605685
medium,20000,278,Unedited Hough vectors from distance-to-stroke,3,30,27,0.34160454880348695,0.6742202729044834,0.12772925764192145,0.010638297872340425,0.09999999999999998,1,94,407,1013,321,14643,0.2866197183096573,0.5590659340651661,0.3789571690115035,0.9185791015624439,0.23377369327959002
medium,20000,279,Unedited Hough vectors from distance-to-stroke,1,1,0,0.8515770416024654,0.7003030303030303,0.9322033898305084,1.0,1.0,0,0,0,60,56,16268,0.0,0.0,0.0,0.9929199218749394,0.0
medium,20000,280,Unedited Hough vectors from distance-to-stroke,5,33,28,0.31957800375770545,0.6143889109697933,0.13257348530293944,0.005747126436781609,0.1515151515151515,1,174,314,867,330,14873,0.2658763759523574,0.4875776397507957,0.3441095885840093,0.9269409179686934,0.207809397749697
medium,20000,281,Unedited Hough vectors from distance-to-stroke,5,31,26,0.32393160193030346,0.624905643223586,0.1329751511081263,0.0,0.16129032258064513,0,92,243,1003,202,14936,0.19502407704639244,0.54606741572911,0.28740390262781534,0.9264526367186934,0.16781767955789514
medium,20000,282,Unedited Hough vectors from distance-to-stroke,1,6,5,0.4351923368165985,0.8028169014084507,0.28629032258064513,0.0,0.16666666666666663,0,3,55,178,163,15988,0.23605150214490966,0.25229357798049407,0.24390243852386173,0.9791870117186902,0.13888888888853818
medium,20000,283,Unedited Hough vectors from distance-to-stroke,5,26,21,0.3302239250895517,0.593147043036216,0.20115416323165702,0.015384615384615384,0.1923076923076923,2,91,253,728,236,15167,0.2579001019365363,0.5173824130868765,0.34421768663037156,0.9411621093749425,0.207888249794406
medium,20000,284,Unedited Hough vectors from distance-to-stroke,2,4,2,0.45934639727361243,0.7352564102564102,0.3924050632911392,0.0,0.5,0,1,30,124,90,16140,0.19480519480392985,0.24999999999791667,0.2189781016958815,0.9869384765624397,0.12295081967162726
medium,20000,285,Unedited Hough vectors from distance-to-stroke,5,24,19,0.3350405972278233,0.6145818260120585,0.1804752729608221,0.006201550387596899,0.20833333333333337,1,129,337,874,292,14881,0.2782824112301583,0.5357710651819781,0.36630434737571305,0.9288330078124433,0.22421823020610498
medium,20000,286,Unedited Hough vectors from distance-to-stroke,3,19,16,0.3524810410856437,0.6349943883277216,0.22454804947668883,0.02413793103448276,0.1578947368421053,2,58,219,535,319,15311,0.29045092838157766,0.40706319702526567,0.3390092874391469,0.9478759765624422,0.20410065237632424
medium,20000,287,Unedited Hough vectors from distance-to-stroke,2,10,8,0.4474204581411627,0.7633492822966507,0.3286573146292585,0.07272727272727274,0.19999999999999996,1,11,214,258,287,15625,0.453389830507514,0.42714570858198175,0.4398766695920375,0.9667358398436909,0.2819499341234757
medium,20000,288,Unedited Hough vectors from distance-to-stroke,3,14,11,0.26501453255168156,0.4846666666666667,0.12742980561555073,0.0,0.2142857142857143,0,60,164,552,105,15563,0.22905027932928904,0.6096654275070272,0.33299492346016235,0.9598999023436914,0.1997563946404388
medium,20000,289,Unedited Hough vectors from distance-to-stroke,2,11,9,0.37361567115055483,0.6514728682170542,0.31135531135531136,0.0,0.18181818181818177,0,12,104,149,71,16060,0.4110671936742646,0.5942857142823184,0.4859813079255502,0.9865722656249397,0.320987654319997
medium,20000,290,Unedited Hough vectors from distance-to-stroke,5,23,18,0.3350022808044771,0.5934782608695651,0.2067961165048544,0.01935483870967742,0.21739130434782605,2,93,275,555,279,15275,0.3313253012044201,0.4963898916958549,0.39739884344994614,0.949096679687442,0.24797114517561047
medium,20000,291,Unedited Hough vectors from distance-to-stroke,5,34,29,0.321250077942148,0.625560606060606,0.12520961430967026,0.0,0.1470588235294118,0,157,309,1040,263,14772,0.2290585618975322,0.5402097902088459,0.32170744362102854,0.9204711914061938,0.19168734491303246
medium,20000,292,Unedited Hough vectors from distance-to-stroke,1,2,1,0.710448717948718,0.65,0.5897435897435898,1.0,0.5,0,0,17,13,36,16318,0.5666666666477778,0.3207547169750801,0.4096385537453912,0.9970092773436892,0.2575757575718549
medium,20000,293,Unedited Hough vectors from distance-to-stroke,5,29,24,0.31083512755668047,0.5642572807514397,0.19124700239808157,0.005714285714285714,0.1724137931034483,1,175,489,804,412,14679,0.37819025522012517,0.5427302996664343,0.44576116633415114,0.9257812499999435,0.2868035190614154
medium,20000,294,Unedited Hough vectors from distance-to-stroke,1,3,2,0.393089970501475,0.65,0.33628318584070793,0.0,0.33333333333333337,0,1,60,51,63,16210,0.5405405405356708,0.4878048780448146,0.5128205123174445,0.9930419921874394,0.3448275862049148
medium,20000,295,Unedited Hough vectors from distance-to-stroke,1,3,2,0.4782352941176471,0.8627450980392158,0.2833333333333333,0.0,0.33333333333333337,0,3,18,28,0,16338,0.3913043478175804,0.9999999999444444,0.562499999578125,0.998291015624939,0.3913043478175804
medium,20000,296,Unedited Hough vectors from distance-to-stroke,4,22,18,0.23518158885031953,0.4022996853062213,0.16666666666666663,0.010526315789473684,0.18181818181818177,1,95,288,586,238,15272,0.3295194508005383,0.5475285171092252,0.4114285709588776,0.949707031249942,0.25899280575516276
medium,20000,297,Unedited Hough vectors from distance-to-stroke,5,16,11,0.307934773084939,0.4722745098039216,0.26247288503253796,0.04666666666666666,0.3125,2,30,203,639,441,15101,0.24109263657928612,0.31521739130385834,0.2732166886067596,0.9340820312499429,0.15822291504274497
medium,20000,298,Unedited Hough vectors from distance-to-stroke,5,22,17,0.3112158310609411,0.5393477390956383,0.19804618117229134,0.024691358024691357,0.2272727272727273,2,81,192,676,175,15341,0.2211981566817728,0.5231607629413538,0.3109311736708486,0.9480590820311922,0.1840843720036586
medium,20000,299,Unedited Hough vectors from distance-to-stroke,2,14,12,0.3581439804348135,0.6776470588235294,0.19458544839255498,0.0,0.1428571428571429,0,27,208,293,147,15736,0.415169660677814,0.585915492956096,0.48598130792462496,0.9731445312499406,0.3209876543204923
medium,20000,300,Unedited Hough vectors from distance-to-stroke,4,13,9,0.2555412407360082,0.43083333333333335,0.154485049833887,0.0,0.3076923076923077,0,21,74,485,71,15754,0.13237924865808162,0.5103448275826873,0.21022727239958763,0.966064453124941,0.11746031746013101
medium,20000,301,Unedited Hough vectors from distance-to-stroke,4,23,19,0.3720635504614614,0.6892876644328617,0.20408163265306123,0.014705882352941176,0.17391304347826086,1,68,293,756,176,15159,0.27931363203023896,0.6247334754784121,0.3860342551719576,0.9431152343749424,0.2391836734691925
medium,20000,302,Unedited Hough vectors from distance-to-stroke,1,4,3,0.39250000000000007,0.65,0.375,0.0,0.25,0,1,22,96,24,16242,0.18644067796452168,0.47826086955482044,0.26829268251992866,0.9926757812499394,0.1549295774636977
medium,20000,303,Unedited Hough vectors from distance-to-stroke,5,20,15,0.4232150197628459,0.7536091348265263,0.2954545454545454,0.0,0.25,0,49,153,746,331,15154,0.17018909899869836,0.3161157024786857,0.22125813403494032,0.9342651367186929,0.1243902439023379
medium,20000,304,Unedited Hough vectors from distance-to-stroke,3,14,11,0.23611263171102986,0.40949934123847165,0.15204678362573099,0.0,0.2142857142857143,0,19,92,313,167,15812,0.2271604938265996,0.35521235521098377,0.2771084332582786,0.9707031249999407,0.16083916083887964
medium,20000,305,Unedited Hough vectors from distance-to-stroke,5,27,22,0.32090792921386774,0.6078649699540474,0.14425087108013934,0.0,0.18518518518518523,0,79,291,928,170,14995,0.23872026251005848,0.6312364425148997,0.34642857102994545,0.932983398437443,0.2095032397406699
medium,20000,306,Unedited Hough vectors from distance-to-stroke,5,29,24,0.3781754539993246,0.7232340123644472,0.1678700361010831,0.007619047619047619,0.1724137931034483,1,105,389,959,290,14746,0.2885756676555723,0.5729013254778014,0.3838184504667648,0.9237670898436936,0.2374847374845925
medium,20000,307,Unedited Hough vectors from distance-to-stroke,5,24,19,0.2363836711192135,0.40982456140350876,0.14175753688261705,0.011111111111111112,0.20833333333333337,2,162,271,919,190,15004,0.2277310924367834,0.5878524945757313,0.3282858869380912,0.932312011718693,0.1963768115940606
medium,20000,308,Unedited Hough vectors from distance-to-stroke,5,17,12,0.340786004607168,0.5589347797524179,0.24779735682819382,0.041176470588235294,0.2941176470588235,3,68,197,504,80,15603,0.2810271041365463,0.7111913357375047,0.4028629852782252,0.9643554687499412,0.2522407170291265
medium,20000,309,Unedited Hough vectors from distance-to-stroke,4,14,10,0.28298767500922356,0.4768189571150097,0.199238578680203,0.0,0.2857142857142857,0,33,129,506,122,15627,0.20314960629889267,0.5139442231055221,0.2911963878551152,0.9616699218749413,0.17040951122830858
medium,20000,310,Unedited Hough vectors from distance-to-stroke,2,8,6,0.3493041201800744,0.5770512820512821,0.3231552162849872,0.0,0.25,0,9,187,175,212,15810,0.5165745856339321,0.4686716791968204,0.4914586065958168,0.9763793945311904,0.325783972124868
medium,20000,311,Unedited Hough vectors from distance-to-stroke,3,21,18,0.3183185222737462,0.604247990815155,0.16060606060606064,0.0,0.1428571428571429,0,26,113,431,181,15659,0.2077205882349123,0.38435374149529133,0.2696897370140237,0.9626464843749413,0.15586206896530228
medium,20000,312,Unedited Hough vectors from distance-to-stroke,5,32,27,0.34600543358438773,0.6544607843137256,0.15505984766050052,0.019444444444444445,0.15625,3,144,391,1114,410,14469,0.2598006644516546,0.4881398252178675,0.339115350803896,0.9069824218749446,0.20417754569179938
medium,20000,313,Unedited Hough vectors from distance-to-stroke,5,27,22,0.25969120253220357,0.4644471544715447,0.15355805243445697,0.005839416058394161,0.18518518518518523,1,137,211,793,142,15238,0.21015936254959147,0.5977337110464653,0.31098010278336896,0.9429321289061924,0.1841186736473088
medium,20000,314,Unedited Hough vectors from distance-to-stroke,2,8,6,0.3926677852348994,0.65,0.37583892617449666,0.0,0.25,0,2,35,101,46,16202,0.2573529411745783,0.4320987654267642,0.3225806446904373,0.9910278320311895,0.1923076923066357
medium,20000,315,Unedited Hough vectors from distance-to-stroke,2,13,11,0.34372110313992743,0.622814027370479,0.24035087719298243,0.0,0.15384615384615385,0,16,164,262,220,15738,0.38497652582069253,0.42708333333222115,0.40493827110528274,0.9705810546874407,0.2538699690398547
medium,20000,316,Unedited Hough vectors from distance-to-stroke,4,27,23,0.3594997537552007,0.6831778599546702,0.18627450980392157,0.0,0.14814814814814814,0,77,358,801,292,14933,0.3088869715269121,0.5507692307683835,0.3957987833976326,0.933288574218693,0.24672639558907875
medium,20000,317,Unedited Hough vectors from distance-to-stroke,5,32,27,0.33383235140610373,0.6062987339457929,0.2114325068870524,0.012345679012345678,0.15625,1,81,311,933,221,14919,0.24999999999979905,0.5845864661643146,0.35022522480519164,0.9295654296874433,0.21228668941965032
medium,20000,318,Unedited Hough vectors from distance-to-stroke,4,12,8,0.39460393373105235,0.6497371366862892,0.34444444444444444,0.0,0.33333333333333337,0,9,116,307,139,15822,0.27423167848634933,0.4549019607825298,0.3421828903851472,0.9727783203124406,0.20640569394981068
medium,20000,319,Unedited Hough vectors from distance-to-stroke,3,15,12,0.16753435114503817,0.26,0.15267175572519087,0.0,0.19999999999999996,0,38,197,497,182,15508,0.2838616714693316,0.5197889182044333,0.3671947805302916,0.9585571289061915,0.22488584474860174
medium,20000,320,Unedited Hough vectors from distance-to-stroke,3,18,15,0.37343555706830045,0.681708645336964,0.2264150943396226,0.018867924528301886,0.16666666666666663,1,53,250,557,187,15390,0.30978934324620844,0.5720823798613911,0.40192925999374624,0.9545898437499417,0.2515090543257027
medium,20000,321,Unedited Hough vectors from distance-to-stroke,1,4,3,0.36750000000000005,0.65,0.25,0.0,0.25,0,2,17,53,1,16313,0.24285714285367346,0.9444444443919753,0.3863636360294421,0.9967041015624392,0.2394366197149375
medium,20000,322,Unedited Hough vectors from distance-to-stroke,2,11,9,0.2988075850529838,0.52,0.2331288343558282,0.0,0.18181818181818177,0,5,101,217,141,15925,0.317610062892083,0.4173553718991019,0.36071428522220667,0.9781494140624403,0.22004357298427007
medium,20000,323,Unedited Hough vectors from distance-to-stroke,2,5,3,0.7226136363636364,0.6835858585858586,0.625,1.0,0.4,0,0,5,72,42,16265,0.06493506493422162,0.10638297872114079,0.08064516081828825,0.9930419921874394,0.04201680672233599
medium,20000,324,Unedited Hough vectors from distance-to-stroke,5,25,20,0.1938973177069708,0.33857112184648414,0.10770156438026479,0.0,0.19999999999999996,0,113,267,1069,191,14857,0.199850299401048,0.5829694323131376,0.29765886249568296,0.9230957031249436,0.1748526522592175
medium,20000,325,Unedited Hough vectors from distance-to-stroke,5,23,18,0.31673524438306105,0.5379531205846997,0.23179916317991633,0.02622950819672131,0.21739130434782605,4,122,351,521,298,15214,0.4025229357793549,0.5408320493057922,0.46153846104860247,0.9500122070311919,0.2999999999997436
medium,20000,326,Unedited Hough vectors from distance-to-stroke,1,5,4,0.3579545454545455,0.65,0.2272727272727273,0.0,0.19999999999999996,0,3,18,83,8,16275,0.17821782178041368,0.692307692281065,0.2834645665990452,0.9944458007811893,0.16513761467738405
medium,20000,327,Unedited Hough vectors from distance-to-stroke,3,13,10,0.3891855203619909,0.6802413273001507,0.30000000000000004,0.0,0.23076923076923073,0,13,60,218,80,16026,0.21582733812872004,0.4285714285683674,0.28708133926604246,0.98181152343744,0.16759776536266036
medium,20000,328,Unedited Hough vectors from distance-to-stroke,2,7,5,0.3792532467532468,0.65,0.2909090909090909,0.0,0.2857142857142857,0,3,67,136,81,16100,0.330049261082118,0.4527027026996439,0.38176638127648316,0.9867553710936897,0.2359154929569158
medium,20000,329,Unedited Hough vectors from distance-to-stroke,4,20,16,0.3773627976101313,0.7061001642036125,0.19808861859252824,0.0,0.19999999999999996,0,55,205,684,225,15270,0.23059617547780586,0.4767441860454029,0.3108415461863095,0.9445190429686924,0.18402154398547216
medium,20000,330,Unedited Hough vectors from distance-to-stroke,4,28,24,0.32899872676343267,0.6526203208556149,0.10516934046345816,0.0,0.1428571428571429,0,84,249,1121,248,14766,0.18175182481738558,0.5010060362162958,0.2667380820943073,0.916442871093694,0.15389369592079488
medium,20000,331,Unedited Hough vectors from distance-to-stroke,3,17,14,0.4015904788425479,0.7270149253731343,0.2839335180055401,0.0,0.17647058823529416,0,31,267,366,229,15522,0.42180094786663225,0.5383064516118179,0.4729849419334511,0.9636840820311912,0.30974477958200725
medium,20000,332,Unedited Hough vectors from distance-to-stroke,3,16,13,0.4125813285217856,0.7103703703703703,0.34496124031007747,0.020689655172413793,0.1875,1,29,101,325,176,15782,0.23708920187737773,0.36462093862684253,0.2873399710721416,0.9694213867186908,0.16777408637845884
medium,20000,333,Unedited Hough vectors from distance-to-stroke,5,34,29,0.3902044268542157,0.771212202141056,0.13512241054613938,0.005714285714285714,0.1470588235294118,1,175,460,1202,384,14338,0.27677496991559764,0.5450236966818187,0.367118914157929,0.9031982421874448,0.22482893450624397
medium,20000,334,Unedited Hough vectors from distance-to-stroke,4,18,14,0.3688246855345912,0.6714622641509435,0.2222222222222222,0.0,0.2222222222222222,0,29,186,586,224,15388,0.24093264248673454,0.45365853658425936,0.3147208117291064,0.9505615234374419,0.18674698795161973
medium,20000,335,Unedited Hough vectors from distance-to-stroke,4,26,22,0.3732086391212445,0.7014705882352942,0.18096054888507718,0.023880597014925373,0.15384615384615385,2,67,302,658,239,15185,0.31458333333300564,0.5582255083168979,0.4023984006043814,0.9452514648436923,0.25187656380295925
medium,20000,336,Unedited Hough vectors from distance-to-stroke,1,4,3,0.41642006394884096,0.6971604938271605,0.38848920863309355,0.0,0.25,0,1,38,104,17,16225,0.2676056338009324,0.690909090896529,0.3857868016240564,0.9926147460936894,0.2389937106903208
medium,20000,337,Unedited Hough vectors from distance-to-stroke,3,19,16,0.278382585818668,0.513310850238561,0.15801614763552485,0.0,0.1578947368421053,0,54,160,511,141,15572,0.23845007451529293,0.5315614617922539,0.3292181065676579,0.9602050781249414,0.1970443349751268
medium,20000,338,Unedited Hough vectors from distance-to-stroke,3,28,25,0.3911482621143607,0.7739181286549708,0.16085409252669036,0.0,0.1071428571428571,0,103,320,775,183,15106,0.29223744292210757,0.6361829025832283,0.400500625350348,0.9415283203124425,0.2503912363065333
medium,20000,339,Unedited Hough vectors from distance-to-stroke,3,12,9,0.4142694400208387,0.7237772397094432,0.31784841075794623,0.0,0.25,0,12,105,256,55,15968,0.29085872576096716,0.6562499999958985,0.40307101684734437,0.98101806640619,0.2524038461532394
medium,20000,340,Unedited Hough vectors from distance-to-stroke,3,15,12,0.4227245670156118,0.77996282996283,0.2587064676616916,0.0,0.19999999999999996,0,25,102,372,180,15730,0.21518987341726753,0.36170212765829185,0.26984126937280595,0.966308593749941,0.1559633027520551
medium,20000,341,Unedited Hough vectors from distance-to-stroke,4,13,9,0.37167084109357984,0.6548232323232324,0.23115577889447236,0.0,0.3076923076923077,0,23,85,413,57,15829,0.17068273092335204,0.5985915492915592,0.265624999653877,0.9713134765624407,0.1531531531528772
medium,20000,342,Unedited Hough vectors from distance-to-stroke,3,21,18,0.31627289377289375,0.5926512485336014,0.17647058823529416,0.0,0.1428571428571429,0,39,242,570,257,15315,0.2980295566498793,0.48496993987878767,0.3691838286659999,0.949523925781192,0.22637979419997534
medium,20000,343,Unedited Hough vectors from distance-to-stroke,3,10,7,0.4437927927927929,0.6207407407407408,0.42229729729729726,0.2,0.30000000000000004,1,5,84,203,207,15890,0.2926829268282485,0.28865979381344103,0.29065743894538504,0.9749755859374405,0.1700404858296153
medium,20000,344,Unedited Hough vectors from distance-to-stroke,3,19,16,0.28550375939849626,0.52,0.1785714285714286,0.0,0.1578947368421053,0,52,242,665,306,15171,0.2668136714440278,0.44160583941525255,0.3326460476399476,0.9407348632811926,0.19950535861483965
medium,20000,345,Unedited Hough vectors from distance-to-stroke,2,15,13,0.4025789475039287,0.7436323366555924,0.23273273273273276,0.03225806451612903,0.1333333333333333,1,31,163,350,118,15753,0.3177387914223826,0.5800711743751599,0.41057934462981494,0.9714355468749407,0.25832012678247496
medium,20000,346,Unedited Hough vectors from distance-to-stroke,3,15,12,0.32771699007127264,0.6032138590203107,0.18135376756066413,0.0,0.19999999999999996,0,31,135,541,92,15616,0.1997041420115389,0.5947136563850454,0.29900332188209355,0.9613647460936913,0.17578124999977113
medium,20000,347,Unedited Hough vectors from distance-to-stroke,1,10,9,0.38688633371893577,0.7379245283018868,0.2241014799154334,0.0,0.09999999999999998,0,13,182,222,141,15839,0.4504950495038354,0.5634674922583175,0.5006877574140454,0.9778442382811903,0.33394495412782765
medium,20000,348,Unedited Hough vectors from distance-to-stroke,4,20,16,0.4006837606837607,0.782716049382716,0.14230769230769236,0.0,0.19999999999999996,0,24,115,490,163,15616,0.19008264462778499,0.41366906474671344,0.2604756507571096,0.9601440429686914,0.14973958333313836
medium,20000,349,Unedited Hough vectors from distance-to-stroke,4,23,19,0.3188533866299058,0.5816895812129472,0.19850885368126747,0.0,0.17391304347826086,0,62,179,707,113,15385,0.2020316027085756,0.6130136986280377,0.3039049232259362,0.949951171874942,0.1791791791789998
medium,20000,350,Unedited Hough vectors from distance-to-stroke,1,6,5,0.3282269984917044,0.5954901960784313,0.21794871794871795,0.0,0.16666666666666663,0,6,22,94,12,16256,0.18965517241215815,0.6470588235103807,0.2933333329788445,0.9935302734374394,0.17187499999865724
medium,20000,351,Unedited Hough vectors from distance-to-stroke,1,5,4,0.385066371681416,0.65,0.36283185840707965,0.0,0.19999999999999996,0,1,39,50,49,16246,0.4382022471860876,0.443181818176782,0.44067796559673145,0.9939575195311893,0.28260869565012603
medium,20000,352,Unedited Hough vectors from distance-to-stroke,1,7,6,0.20926530612244898,0.3244444444444444,0.24489795918367352,0.0,0.1428571428571429,0,6,64,132,87,16101,0.326530612243232,0.42384105959984214,0.3688760801979254,0.9866333007811897,0.22614840989319382
medium,20000,353,Unedited Hough vectors from distance-to-stroke,1,4,3,0.4193805088596093,0.6728169014084507,0.4580645161290322,0.0,0.25,0,1,83,66,139,16096,0.5570469798620333,0.3738738738721898,0.4474393526166768,0.9874877929686897,0.2881944444434438
medium,20000,354,Unedited Hough vectors from distance-to-stroke,4,23,19,0.3057194404912489,0.5893693693693693,0.1155595996360328,0.0,0.17391304347826086,0,68,125,744,110,15405,0.14384349827371248,0.5319148936147579,0.22644927502680473,0.9478759765624422,0.12768130745645795
medium,20000,355,Unedited Hough vectors from distance-to-stroke,1,7,6,0.3524167822468794,0.65,0.22815533980582525,0.0,0.1428571428571429,0,10,57,89,43,16195,0.39041095890143557,0.5699999999943,0.46341463366005686,0.9919433593749394,0.3015873015857059
medium,20000,356,Unedited Hough vectors from distance-to-stroke,4,19,15,0.28020540091884094,0.47744699294395027,0.18986254295532645,0.02531645569620253,0.21052631578947367,2,79,219,694,230,15241,0.23986856516950728,0.48775055679178675,0.3215859026412582,0.9436035156249424,0.19160104986859877
medium,20000,357,Unedited Hough vectors from distance-to-stroke,5,16,11,0.34340771224743,0.5757350870455709,0.26538461538461533,0.0,0.3125,2,37,147,519,245,15473,0.2207207207203893,0.3749999999990434,0.2778827972645788,0.9533691406249418,0.16136114160245735
medium,20000,358,Unedited Hough vectors from distance-to-stroke,4,25,21,0.34025312601824703,0.6466477272727272,0.16630824372759856,0.0,0.16000000000000003,0,78,325,766,258,15035,0.2978918423461981,0.5574614065170541,0.3882915168693569,0.9374999999999427,0.24091919940678955
medium,20000,359,Unedited Hough vectors from distance-to-stroke,2,10,8,0.41174708781362007,0.7112499999999999,0.3584229390681004,0.0,0.19999999999999996,0,3,108,112,140,16024,0.4909090909068595,0.43548387096598595,0.46153846103827895,0.9846191406249398,0.29999999999916666
medium,20000,360,Unedited Hough vectors from distance-to-stroke,1,5,4,0.3139342105263158,0.5783333333333334,0.16842105263157892,0.0,0.19999999999999996,0,7,29,47,30,16278,0.38157894736340026,0.49152542372048263,0.4296296291311934,0.9953002929686893,0.27358490565779636
medium,20000,361,Unedited Hough vectors from distance-to-stroke,5,23,18,0.24079350999917887,0.4237194337194337,0.1419031719532554,0.0,0.21739130434782605,0,141,281,1138,244,14721,0.1980267794219887,0.5352380952370758,0.28909464981120714,0.915649414062444,0.16897173782310945
medium,20000,362,Unedited Hough vectors from distance-to-stroke,2,7,5,0.49646098556598095,0.8968599033816425,0.3215130023640662,0.0,0.2857142857142857,0,4,147,247,175,15815,0.37309644669956066,0.456521739129017,0.4106145246435739,0.9742431640624405,0.258347978909915
medium,20000,363,Unedited Hough vectors from distance-to-stroke,2,12,10,0.339450578338591,0.65,0.1514195583596214,0.0,0.16666666666666663,0,24,75,160,64,16085,0.3191489361688547,0.5395683453198593,0.40106951824737624,0.9863281249999398,0.2508361204004989
medium,20000,364,Unedited Hough vectors from distance-to-stroke,2,13,11,0.359059550110464,0.65,0.25587467362924277,0.0,0.15384615384615385,0,15,79,213,74,16018,0.27054794520455294,0.5163398692776711,0.35505617932246947,0.98248291015619,0.2158469945349294
medium,20000,365,Unedited Hough vectors from distance-to-stroke,4,26,22,0.31483081184414446,0.5850890373469495,0.1685855263157895,0.00975609756097561,0.15384615384615385,1,82,322,608,301,15153,0.34623655913941265,0.51685393258344,0.41468126159241137,0.9445190429686924,0.26157595450831717
medium,20000,366,Unedited Hough vectors from distance-to-stroke,5,37,32,0.25567437259347137,0.48246353998581776,0.11575562700964626,0.0076045627376425855,0.1351351351351351,2,263,484,1334,297,14269,0.26622662266211977,0.6197183098583614,0.37245094224957154,0.900451660156195,0.22884160756490363
medium,20000,367,Unedited Hough vectors from distance-to-stroke,1,2,1,0.7570135746606335,0.7606837606837606,0.5735294117647058,1.0,0.5,0,0,40,30,0,16314,0.5714285714204081,0.9999999999750001,0.7272727267966941,0.998168945312439,0.5714285714204081
medium,20000,368,Unedited Hough vectors from distance-to-stroke,3,16,13,0.32227957335048507,0.5896090534979425,0.19102749638205496,0.0,0.1875,0,65,123,433,96,15732,0.22122302158233592,0.5616438356138738,0.3174193544324329,0.9677124023436909,0.18865030674817693
medium,20000,369,Unedited Hough vectors from distance-to-stroke,2,13,11,0.41403771615980917,0.7472222222222222,0.312015503875969,0.0,0.15384615384615385,0,14,191,292,302,15599,0.39544513457475067,0.38742393509049206,0.3913934421222013,0.9637451171874412,0.24331210191051808
medium,20000,370,Unedited Hough vectors from distance-to-stroke,4,24,20,0.3135119352192523,0.5758537758537758,0.18855534709193245,0.0,0.16666666666666663,0,62,260,627,172,15325,0.2931228861327022,0.6018518518504586,0.3942380586946092,0.9512329101561919,0.2455146364492488
medium,20000,371,Unedited Hough vectors from distance-to-stroke,4,13,9,0.2593294178255928,0.41942790639340155,0.19908814589665658,0.0,0.3076923076923077,0,26,107,496,116,15665,0.17744610281894288,0.47982062780053897,0.2590799027528947,0.9626464843749413,0.14881780250327006
medium,20000,372,Unedited Hough vectors from distance-to-stroke,2,8,6,0.3912726381170317,0.6585507246376812,0.34962406015037595,0.0,0.25,0,5,138,117,159,15970,0.5411764705861131,0.46464646464490017,0.4999999995010829,0.9831542968749399,0.3333333333325282
medium,20000,373,Unedited Hough vectors from distance-to-stroke,2,15,13,0.30614262598243175,0.5868253968253968,0.14368932038834947,0.0,0.1333333333333333,0,28,107,305,80,15892,0.25970873786344734,0.5721925133659241,0.3572621030751977,0.9765014648436904,0.21747967479630595
medium,20000,374,Unedited Hough vectors from distance-to-stroke,1,10,9,0.34011755485893425,0.65,0.18808777429467083,0.0,0.09999999999999998,0,15,93,146,118,16027,0.38912133891050577,0.4407582938367737,0.4133333328334321,0.9838867187499399,0.2605042016799426
medium,20000,375,Unedited Hough vectors from distance-to-stroke,1,5,4,0.2335,0.39,0.18999999999999995,0.0,0.19999999999999996,0,6,37,50,25,16272,0.4252873563169507,0.5967741935387617,0.4966442948094229,0.9954223632811893,0.3303571428541932
medium,20000,376,Unedited Hough vectors from distance-to-stroke,4,22,18,0.29000589886627803,0.5301087801087802,0.14186584425597537,0.0196078431372549,0.18181818181818177,2,102,218,695,170,15301,0.2387732749175917,0.5618556701016447,0.33512682509973707,0.9472045898436922,0.20129270544764424
medium,20000,377,Unedited Hough vectors from distance-to-stroke,3,18,15,0.2948300039169604,0.5257004830917874,0.20799059929494712,0.0,0.16666666666666663,0,52,260,454,290,15380,0.3641456582627953,0.47272727272641324,0.41139240457105736,0.9545898437499417,0.2589641434260369
medium,20000,378,Unedited Hough vectors from distance-to-stroke,1,7,6,0.4348384797021161,0.7674358974358975,0.37603305785123964,0.0,0.1428571428571429,0,6,52,165,40,16127,0.23963133640442566,0.5652173912982041,0.33656957886766997,0.9874877929686897,0.20233463034940727
medium,20000,379,Unedited Hough vectors from distance-to-stroke,3,24,21,0.2798373222672586,0.534949494949495,0.13305024769992924,0.0,0.125,0,129,340,805,243,14996,0.2969432314407887,0.5831903945101489,0.39351851807095084,0.9360351562499428,0.24495677233411747
medium,20000,380,Unedited Hough vectors from distance-to-stroke,4,21,17,0.33598713517665135,0.597231182795699,0.24092741935483875,0.0,0.19047619047619047,0,37,269,604,240,15271,0.30813287514283144,0.5284872298614371,0.38929088231270464,0.948486328124942,0.24168912848136417
medium,20000,381,Unedited Hough vectors from distance-to-stroke,2,13,11,0.41802480826412486,0.7531166399143927,0.2786885245901639,0.032,0.15384615384615385,1,25,199,248,180,15757,0.44519015659855665,0.5250659630593006,0.4818401932068225,0.9738769531249405,0.3173843700154428
medium,20000,382,Unedited Hough vectors from distance-to-stroke,1,3,2,0.6717866476597767,0.6956521739130435,0.3770491803278688,1.0,0.33333333333333337,0,0,12,52,62,16258,0.18749999999707032,0.16216216215997079,0.17391304297836588,0.9930419921874394,0.09523809523733938
medium,20000,383,Unedited Hough vectors from distance-to-stroke,3,16,13,0.2975196755541278,0.5393939393939393,0.18021201413427557,0.0,0.1875,0,28,169,303,96,15816,0.35805084745686855,0.6377358490541972,0.45861601039301586,0.9756469726561904,0.2975352112670818
medium,20000,384,Unedited Hough vectors from distance-to-stroke,5,24,19,0.3308599223353272,0.6012877870198391,0.18141263940520447,0.012658227848101266,0.20833333333333337,1,79,260,772,321,15031,0.2519379844958799,0.4475043029252195,0.32238065669925964,0.933288574218693,0.19216555801907453
medium,20000,385,Unedited Hough vectors from distance-to-stroke,5,24,19,0.25839908492852554,0.4714202898550725,0.12713310580204773,0.0,0.20833333333333337,0,40,129,913,185,15157,0.1238003838770405,0.41082802547639863,0.19026548636949947,0.932983398437443,0.10513447432754268
medium,20000,386,Unedited Hough vectors from distance-to-stroke,2,10,8,0.411987599501814,0.7305084745762711,0.31629392971246006,0.0,0.19999999999999996,0,8,142,114,154,15974,0.5546874999978333,0.479729729728109,0.5144927531239498,0.9836425781249399,0.3463414634137894
medium,20000,387,Unedited Hough vectors from distance-to-stroke,3,22,19,0.33608812019332257,0.6571974083264406,0.1335646140503035,0.0,0.13636363636363635,0,49,234,721,197,15232,0.24502617801021465,0.5429234338734503,0.33766233723331757,0.9439697265624424,0.20312499999982367
medium,20000,388,Unedited Hough vectors from distance-to-stroke,5,34,29,0.27310907279791075,0.5221773305813553,0.1110193974411886,0.004878048780487805,0.1470588235294118,1,205,397,1484,237,14266,0.21105794789994095,0.6261829652986969,0.3157057650302249,0.8949584960936954,0.1874409820584573
medium,20000,389,Unedited Hough vectors from distance-to-stroke,2,12,10,0.24975192227763923,0.4270833333333333,0.20448877805486287,0.0,0.16666666666666663,0,7,98,261,122,15903,0.27298050139199725,0.44545454545252067,0.33851468001123963,0.9766235351561904,0.20374220374178018
medium,20000,390,Unedited Hough vectors from distance-to-stroke,1,7,6,0.3599573023883665,0.6610447761194029,0.24100719424460426,0.0,0.1428571428571429,0,10,66,163,140,16015,0.288209606985641,0.3203883495130078,0.3034482753620717,0.98150634765619,0.17886178861740146
medium,20000,391,Unedited Hough vectors from distance-to-stroke,5,31,26,0.3386526027136349,0.6365393258426966,0.17288557213930345,0.006015037593984963,0.16129032258064513,1,133,443,857,313,14771,0.34076923076896865,0.5859788359780609,0.4309338516746629,0.9285888671874433,0.2746435213885464
medium,20000,392,Unedited Hough vectors from distance-to-stroke,1,5,4,0.3707278481012659,0.65,0.2911392405063291,0.0,0.19999999999999996,0,1,17,60,61,16246,0.2207792207763535,0.21794871794592371,0.21935483820686782,0.9926147460936894,0.1231884057962088
medium,20000,393,Unedited Hough vectors from distance-to-stroke,1,2,1,0.851010101010101,0.8787878787878787,0.7777777777777778,1.0,0.5,0,0,0,101,78,16205,0.0,0.0,0.0,0.9890747070311896,0.0
medium,20000,394,Unedited Hough vectors from distance-to-stroke,5,28,23,0.3487041683878692,0.6480986914480921,0.16823529411764704,0.022222222222222223,0.1785714285714286,2,90,421,976,427,14560,0.30136005726535336,0.49646226415035793,0.3750556788168718,0.9143676757811942,0.2308114035086454
medium,20000,395,Unedited Hough vectors from distance-to-stroke,2,11,9,0.34243439550140586,0.65,0.15876288659793814,0.0,0.18181818181818177,0,15,111,290,103,15880,0.276807980049185,0.518691588782623,0.3609756093011514,0.9760131835936904,0.22023809523765825
medium,20000,396,Unedited Hough vectors from distance-to-stroke,4,22,18,0.42755466933485803,0.7654938271604939,0.2773333333333333,0.03773584905660377,0.18181818181818177,2,53,258,765,311,15050,0.25219941348948954,0.4534270650255652,0.3241206025553308,0.9343261718749429,0.1934032983506796
medium,20000,397,Unedited Hough vectors from distance-to-stroke,1,2,1,0.7769632625547692,0.7829457364341086,0.6231884057971014,1.0,0.5,0,0,0,71,44,16269,0.0,0.0,0.0,0.9929809570311894,0.0
medium,20000,398,Unedited Hough vectors from distance-to-stroke,4,12,8,0.3605095029239766,0.5665643274853801,0.36111111111111116,0.0,0.33333333333333337,0,7,96,203,85,16000,0.3210702341126386,0.5303867403285615,0.3999999995285504,0.98242187499994,0.24999999999934897
medium,20000,399,Unedited Hough vectors from distance-to-stroke,5,13,8,0.3671757806371333,0.5963508771929824,0.3017817371937639,0.0,0.3846153846153846,0,32,176,668,116,15424,0.20853080568695673,0.6027397260253331,0.3098591545470889,0.9521484374999418,0.18333333333314236
medium,20000,400,Unedited Hough vectors from distance-to-stroke,1,9,8,0.2807132053519488,0.52,0.17801047120418845,0.0,0.11111111111111116,0,11,71,72,53,16188,0.4965034965000245,0.5725806451566727,0.5318352054910576,0.9923706054686894,0.3622448979573355
medium,20000,401,Unedited Hough vectors from distance-to-stroke,5,46,41,0.31116428998632306,0.6182514433839991,0.11040787623066106,0.0,0.10869565217391308,0,318,488,1584,346,13966,0.23552123552112186,0.5851318944837108,0.335856847491408,0.8822021484374462,0.20181968569056996
medium,20000,402,Unedited Hough vectors from distance-to-stroke,5,26,21,0.34809487354472135,0.6152941176470588,0.23632385120350108,0.018867924528301886,0.1923076923076923,2,106,375,702,345,14962,0.34818941504145945,0.52083333333261,0.41736226997002057,0.9360961914061928,0.2637130801685909
medium,20000,403,Unedited Hough vectors from distance-to-stroke,1,7,6,0.3953654808226793,0.75,0.2178988326848249,0.0,0.1428571428571429,0,11,86,133,87,16078,0.39269406392514755,0.4971098265867219,0.4387755097087282,0.9865722656249397,0.2810457516330685
medium,20000,404,Unedited Hough vectors from distance-to-stroke,3,13,10,0.35394760157572136,0.6369135802469136,0.22129783693843597,0.0,0.23076923076923073,0,14,108,387,193,15696,0.2181818181813774,0.3588039867097714,0.2713567834486156,0.964599609374941,0.15697674418581836
medium,20000,405,Unedited Hough vectors from distance-to-stroke,3,11,8,0.3477247046738572,0.5629629629629629,0.3355932203389831,0.0,0.2727272727272727,0,14,47,220,83,16034,0.1760299625461572,0.3615384615356805,0.23677581819814855,0.98150634765619,0.13428571428533062
medium,20000,406,Unedited Hough vectors from distance-to-stroke,1,5,4,0.36183920704845823,0.65,0.24669603524229078,0.0,0.19999999999999996,0,3,101,116,72,16095,0.4654377880162883,0.5838150288983595,0.517948717452426,0.9885253906249396,0.3494809688569222
medium,20000,407,Unedited Hough vectors from distance-to-stroke,5,30,25,0.28380634353454254,0.5218228026197665,0.1483695652173913,0.010582010582010581,0.16666666666666663,2,189,356,1055,219,14754,0.2523033309707638,0.619130434781532,0.35850956655701854,0.9222412109374437,0.21840490797532613
medium,20000,408,Unedited Hough vectors from distance-to-stroke,5,28,23,0.341712403288929,0.6351756325227217,0.17866323907455017,0.009174311926605505,0.1785714285714286,1,109,352,958,269,14805,0.2687022900761308,0.5668276972615671,0.364577938455045,0.9251098632811935,0.22292590246977648
medium,20000,409,Unedited Hough vectors from distance-to-stroke,4,22,18,0.21376703573723127,0.37521239380309845,0.13369820172009383,0.0,0.18181818181818177,0,81,215,727,267,15175,0.22823779193181715,0.44605809128538165,0.3019662916865828,0.9393310546874426,0.17783291976825655
medium,20000,410,Unedited Hough vectors from distance-to-stroke,1,5,4,0.6234756097560976,0.65,0.30487804878048785,1.0,0.19999999999999996,0,0,35,52,45,16252,0.4022988505700885,0.4374999999945312,0.4191616761425652,0.9940795898436893,0.26515151514950647
medium,20000,411,Unedited Hough vectors from distance-to-stroke,2,14,12,0.33839490968801317,0.65,0.15804597701149425,0.0,0.1428571428571429,0,28,166,415,174,15629,0.285714285713794,0.4882352941162111,0.3604777411186868,0.9640502929686912,0.21986754966858296
medium,20000,412,Unedited Hough vectors from distance-to-stroke,5,30,25,0.3544155924241898,0.6842127659574467,0.1492659053833605,0.0,0.16666666666666663,0,88,320,746,194,15124,0.3001876172605064,0.6225680933840028,0.4050632906997565,0.9426269531249425,0.2539682539680524
medium,20000,413,Unedited Hough vectors from distance-to-stroke,3,24,21,0.22773607002660415,0.43494194423256205,0.09756097560975607,0.0,0.125,0,159,270,1113,213,14788,0.19522776572653996,0.5590062111789669,0.2893890671401195,0.9190673828124439,0.16917293233072106
medium,20000,414,Unedited Hough vectors from distance-to-stroke,2,8,6,0.32139197530864194,0.5653703703703703,0.2098765432098766,0.0,0.25,0,17,87,200,55,16042,0.30313588850068596,0.6126760563337136,0.4055944051496352,0.9844360351561899,0.25438596491153687
medium,20000,415,Unedited Hough vectors from distance-to-stroke,5,29,24,0.34405157057716035,0.6506848336395183,0.15698924731182795,0.010416666666666666,0.1724137931034483,1,96,317,829,314,14924,0.27661431064548286,0.502377179080028,0.35678109126922547,0.9302368164061932,0.21712328767108416
medium,20000,416,Unedited Hough vectors from distance-to-stroke,2,10,8,0.44369257521837596,0.7643939393939394,0.39857651245551606,0.0,0.19999999999999996,0,6,61,187,131,16005,0.24596774193449208,0.31770833333167864,0.2772727267795662,0.9805908203124402,0.16094986807345396
medium,20000,417,Unedited Hough vectors from distance-to-stroke,1,5,4,0.376094470046083,0.65,0.3179723502304147,0.0,0.19999999999999996,0,3,83,114,133,16054,0.4213197969521761,0.3842592592574803,0.4019370455039545,0.9849243164061898,0.25151515151438936
medium,20000,418,Unedited Hough vectors from distance-to-stroke,3,12,9,0.2814501061571125,0.5066666666666666,0.1422505307855626,0.0,0.25,0,25,117,272,103,15892,0.3007712082254479,0.5318181818157645,0.38423645273921286,0.9771118164061904,0.23780487804829714
medium,20000,419,Unedited Hough vectors from distance-to-stroke,4,21,17,0.3237937156620021,0.5790394998579141,0.2038461538461539,0.013636363636363636,0.19047619047619047,1,44,174,726,271,15213,0.19333333333311853,0.3910112359541775,0.25873605903638924,0.9391479492186926,0.14859094790764424
medium,20000,420,Unedited Hough vectors from distance-to-stroke,2,8,6,0.3796212121212122,0.65,0.31060606060606055,0.0,0.25,0,4,54,188,120,16022,0.22314049586684653,0.31034482758442333,0.25961538412749635,0.98120117187494,0.14917127071781996
medium,20000,421,Unedited Hough vectors from distance-to-stroke,1,6,5,0.36082229580573955,0.65,0.2582781456953642,0.0,0.16666666666666663,0,7,54,82,68,16180,0.39705882352649224,0.4426229508160441,0.418604650661018,0.9908447265624395,0.2647058823516436
medium,20000,422,Unedited Hough vectors from distance-to-stroke,3,23,20,0.2843774741484638,0.546,0.12816997943797126,0.0,0.13043478260869568,0,76,277,861,343,14903,0.24340949033370526,0.4467741935476665,0.31513083003224396,0.9265136718749434,0.18703578663052867
medium,20000,423,Unedited Hough vectors from distance-to-stroke,1,12,11,0.4816316342616921,0.9575757575757575,0.21194605009633916,0.0,0.08333333333333337,0,12,195,183,189,15817,0.5158730158716511,0.5078124999986776,0.5118110231207349,0.9772949218749403,0.3439153439147374
medium,20000,424,Unedited Hough vectors from distance-to-stroke,2,5,3,0.3870454545454546,0.65,0.2727272727272727,0.0,0.4,0,3,29,98,49,16208,0.22834645669111536,0.3717948717901052,0.2829268287940988,0.9910278320311895,0.16477272727179107
medium,20000,425,Unedited Hough vectors from distance-to-stroke,4,23,19,0.2901258898782593,0.537116493656286,0.1359300476947536,0.015384615384615385,0.17391304347826086,2,104,261,749,223,15151,0.2584158415839026,0.5392561983459933,0.3493975899229565,0.9406738281249426,0.21167883211661664
medium,20000,426,Unedited Hough vectors from distance-to-stroke,2,13,11,0.4242428400273847,0.7723397435897436,0.27795527156549515,0.022857142857142857,0.15384615384615385,1,35,264,290,263,15567,0.4765342960280207,0.500948766602465,0.48843663224686434,0.966247558593691,0.32313341493228503
medium,20000,427,Unedited Hough vectors from distance-to-stroke,2,11,9,0.42248140495867775,0.7904545454545455,0.24297520661157024,0.0,0.18181818181818177,0,12,206,337,249,15592,0.37937384898641,0.4527472527462577,0.41282565080566547,0.9642333984374412,0.2601010101006817
medium,20000,428,Unedited Hough vectors from distance-to-stroke,5,16,11,0.4289249369647684,0.6964285714285714,0.32930513595166166,0.07368421052631578,0.3125,2,19,150,433,129,15672,0.25728987993094804,0.5376344086002236,0.3480278417887582,0.965698242187441,0.2106741573030749
medium,20000,429,Unedited Hough vectors from distance-to-stroke,4,14,10,0.3992509915485467,0.7074853372434017,0.2615558060879368,0.0,0.2857142857142857,0,34,251,559,259,15315,0.309876543209494,0.49215686274413306,0.3803030298282805,0.9500732421874419,0.2347988774553463
medium,20000,430,Unedited Hough vectors from distance-to-stroke,3,17,14,0.34680441951736757,0.6468599033816425,0.1903520208604954,0.0,0.17647058823529416,0,32,169,440,149,15626,0.27750410508985635,0.5314465408788319,0.36461704377717963,0.9640502929686912,0.22295514511843936
medium,20000,431,Unedited Hough vectors from distance-to-stroke,2,14,12,0.41714448421737715,0.7666666666666666,0.2892938496583144,0.0,0.1428571428571429,0,16,119,267,108,15890,0.30829015543961585,0.5242290748875584,0.3882544856661407,0.9771118164061904,0.24089068825862167
medium,20000,432,Unedited Hough vectors from distance-to-stroke,2,9,7,0.3968039891395155,0.6595238095238096,0.3421052631578947,0.0375,0.2222222222222222,1,16,83,172,130,15999,0.32549019607715496,0.389671361500518,0.3547008542033659,0.98156738281244,0.21558441558385563
medium,20000,433,Unedited Hough vectors from distance-to-stroke,1,11,10,0.46165482417950066,0.9037800687285223,0.2293144208037825,0.0,0.09090909090909094,0,19,97,194,51,16042,0.3333333333321879,0.655405405400977,0.44191343918657544,0.9850463867186898,0.2836257309933227
medium,20000,434,Unedited Hough vectors from distance-to-stroke,3,18,15,0.332674688676752,0.5820279720279721,0.24071526822558464,0.023809523809523808,0.16666666666666663,1,42,240,344,251,15549,0.41095890410888536,0.48879837067110227,0.4465116274098882,0.9636840820311912,0.28742514970025457
medium,20000,435,Unedited Hough vectors from distance-to-stroke,3,14,11,0.31158560004550384,0.5117771883289125,0.2367864693446089,0.05,0.2142857142857143,2,40,137,241,145,15861,0.3624338624329036,0.4858156028351567,0.4151515146608356,0.9764404296874404,0.2619502868063825
medium,20000,436,Unedited Hough vectors from distance-to-stroke,3,14,11,0.4015059750135796,0.6715873015873015,0.3593155893536122,0.024,0.2142857142857143,1,25,131,345,60,15848,0.27521008403303526,0.6858638743419588,0.39280359779100854,0.9752807617186905,0.24440298507417088
medium,20000,437,Unedited Hough vectors from distance-to-stroke,1,6,5,0.34937285223367703,0.65,0.2010309278350515,0.0,0.16666666666666663,0,3,74,109,52,16149,0.4043715846972439,0.5873015872969262,0.4789644008084122,0.9901733398436895,0.3148936170199366
medium,20000,438,Unedited Hough vectors from distance-to-stroke,3,25,22,0.3649384657836645,0.7221296296296297,0.13990066225165565,0.0,0.12,0,93,323,611,203,15247,0.3458244111345334,0.6140684410634714,0.44246575296309815,0.9503173828124419,0.284080914687525
medium,20000,439,Unedited Hough vectors from distance-to-stroke,1,2,1,0.8252118644067797,0.8055555555555556,0.8135593220338984,1.0,0.5,0,0,0,61,49,16274,0.0,0.0,0.0,0.9932861328124394,0.0
medium,20000,440,Unedited Hough vectors from distance-to-stroke,5,26,21,0.29124030245600363,0.5181081649831649,0.16545814106789714,0.023076923076923078,0.1923076923076923,2,78,317,855,304,14908,0.2704778156994279,0.5104669887270363,0.3535973224693004,0.9292602539061933,0.21476964769633144
medium,20000,441,Unedited Hough vectors from distance-to-stroke,3,11,8,0.3511386695326215,0.5366955579631636,0.4117647058823529,0.0,0.2727272727272727,0,8,119,230,228,15807,0.34097421203340694,0.3429394812670232,0.34195402248752726,0.9720458984374406,0.20623916811056112
medium,20000,442,Unedited Hough vectors from distance-to-stroke,1,6,5,0.37015027322404376,0.65,0.30491803278688523,0.0,0.16666666666666663,0,3,62,161,141,16020,0.27802690582834966,0.30541871921031816,0.2910798117063083,0.98156738281244,0.1703296703292024
medium,20000,443,Unedited Hough vectors from distance-to-stroke,3,14,11,0.31190800801085833,0.57272030651341,0.1637764932562621,0.0,0.2142857142857143,0,35,95,338,113,15838,0.21939953810572888,0.4567307692285734,0.2964118560349396,0.9724731445311906,0.17399267399235532
medium,20000,444,Unedited Hough vectors from distance-to-stroke,4,19,15,0.30092925495557077,0.57,0.11688311688311692,0.0,0.21052631578947367,0,60,137,745,120,15382,0.15532879818576492,0.5330739299590153,0.24056189605047942,0.9472045898436922,0.13672654690605118
medium,20000,445,Unedited Hough vectors from distance-to-stroke,2,18,16,0.34948788243136586,0.670990099009901,0.18215613382899631,0.0,0.11111111111111116,0,51,241,382,189,15572,0.38683788121928275,0.5604651162777664,0.45773979058905184,0.965148925781191,0.29679802955628476
medium,20000,446,Unedited Hough vectors from distance-to-stroke,3,11,8,0.43630839126237453,0.7738061465721041,0.3041144901610018,0.0,0.2727272727272727,0,13,186,307,245,15646,0.37728194726089803,0.43155452436094766,0.40259740209878236,0.966308593749941,0.25203252032486173
medium,20000,447,Unedited Hough vectors from distance-to-stroke,3,14,11,0.36058011583011584,0.6359523809523809,0.2648648648648648,0.0,0.2142857142857143,0,16,136,445,238,15565,0.2340791738378071,0.36363636363539137,0.2848167534495962,0.9583129882811915,0.1660561660559633
medium,20000,448,Unedited Hough vectors from distance-to-stroke,5,23,18,0.3874103842208499,0.724216049382716,0.18048780487804883,0.014705882352941176,0.21739130434782605,1,68,103,790,175,15316,0.1153415453526144,0.3705035971209694,0.17591801842497418,0.9411010742186925,0.09644194756545277
medium,20000,449,Unedited Hough vectors from distance-to-stroke,1,4,3,0.32510169491525426,0.52,0.3305084745762712,0.0,0.25,0,3,63,27,63,16231,0.6999999999922222,0.49999999999603173,0.5833333328418209,0.9945068359374393,0.4117647058796617
medium,20000,450,Unedited Hough vectors from distance-to-stroke,2,9,7,0.4378253217835261,0.8000103199174406,0.277992277992278,0.0,0.2222222222222222,0,6,82,117,86,16099,0.4120603015054671,0.4880952380923328,0.4468664845147563,0.9876098632811897,0.2877192982446045
medium,20000,451,Unedited Hough vectors from distance-to-stroke,3,14,11,0.3803229083254968,0.6963430012610341,0.19480519480519476,0.02631578947368421,0.2142857142857143,1,38,125,546,158,15555,0.1862891207150726,0.4416961130726442,0.2620545069196828,0.9570312499999416,0.15078407720126563
medium,20000,452,Unedited Hough vectors from distance-to-stroke,5,29,24,0.2732932130873339,0.49311594202898557,0.1707482993197279,0.0,0.1724137931034483,0,80,333,882,380,14789,0.2740740740738485,0.4670406732111262,0.34543568418084175,0.9229736328124436,0.20877742946695374
medium,20000,453,Unedited Hough vectors from distance-to-stroke,5,20,15,0.2615538815507858,0.45028851315083196,0.16962025316455698,0.0,0.25,0,59,117,516,133,15618,0.18483412322245682,0.467999999998128,0.26500566210762494,0.9603881835936914,0.1527415143601139
medium,20000,454,Unedited Hough vectors from distance-to-stroke,2,8,6,0.3518648509763618,0.6128571428571429,0.2553956834532374,0.0,0.25,0,10,68,153,80,16083,0.30769230769091543,0.459459459456355,0.36856368515442745,0.9857788085936898,0.22591362126170794
medium,20000,455,Unedited Hough vectors from distance-to-stroke,4,18,14,0.33707872580217446,0.6169444444444444,0.18615751789976132,0.0,0.2222222222222222,0,61,221,498,203,15462,0.30737134909553915,0.5212264150931103,0.3867016618248428,0.9572143554686916,0.2396963123641652
medium,20000,456,Unedited Hough vectors from distance-to-stroke,4,29,25,0.29543156327405307,0.5676621858562244,0.13095238095238093,0.0,0.13793103448275867,0,151,347,802,311,14924,0.30200174064377544,0.5273556230995025,0.38406198072077447,0.932067871093693,0.23767123287654954
medium,20000,457,Unedited Hough vectors from distance-to-stroke,2,11,9,0.3234067848039811,0.6128571428571429,0.14719626168224298,0.0,0.18181818181818177,0,17,94,255,120,15915,0.26934097421126263,0.4392523364465456,0.3339253991723229,0.9771118164061904,0.20042643923198203
medium,20000,458,Unedited Hough vectors from distance-to-stroke,1,4,3,0.3811363636363637,0.65,0.31818181818181823,0.0,0.25,0,1,26,81,10,16267,0.24299065420333651,0.7222222222021606,0.3636363632545357,0.9944458007811893,0.22222222222032287
medium,20000,459,Unedited Hough vectors from distance-to-stroke,4,27,23,0.3338201122846878,0.6306077398255814,0.1622701838529177,0.011111111111111112,0.14814814814814814,1,90,287,648,216,15233,0.3069518716574257,0.5705765407543328,0.3991655071940833,0.9472656249999422,0.24934839270178163
medium,20000,460,Unedited Hough vectors from distance-to-stroke,2,8,6,0.4206249727490735,0.7086363636363636,0.3836930455635491,0.0,0.25,0,9,87,238,145,15914,0.26769230769148405,0.3749999999983836,0.3123877912542894,0.9766235351561904,0.18510638297832957
medium,20000,461,Unedited Hough vectors from distance-to-stroke,5,20,15,0.3577034322345,0.6561219390304847,0.18724279835390945,0.0,0.25,0,69,224,546,168,15446,0.2909090909087131,0.5714285714271137,0.38554216822694565,0.9564208984374416,0.23880597014899915
medium,20000,462,Unedited Hough vectors from distance-to-stroke,4,16,12,0.4063089638226106,0.7203183247431034,0.23865877712031558,0.03773584905660377,0.25,2,53,101,686,241,15356,0.12833545107988775,0.29532163742603706,0.1789193972744388,0.9434204101561924,0.09824902723725851
medium,20000,463,Unedited Hough vectors from distance-to-stroke,5,33,28,0.2845165631060005,0.5134451387392563,0.18165304268846505,0.007936507936507936,0.1515151515151515,1,126,233,630,163,15358,0.2699884125141715,0.5883838383823525,0.37013502736804743,0.9515991210936919,0.22709551656897944
medium,20000,464,Unedited Hough vectors from distance-to-stroke,3,17,14,0.24297664081709852,0.44999999999999996,0.11414790996784563,0.0,0.17647058823529416,0,44,127,376,129,15752,0.25248508946271875,0.49609374999806216,0.33465085594205685,0.9691772460936908,0.20094936708828964
medium,20000,465,Unedited Hough vectors from distance-to-stroke,2,9,7,0.33222546897546895,0.585,0.23376623376623373,0.0,0.2222222222222222,0,10,85,115,55,16129,0.424999999997875,0.6071428571385205,0.49999999951262974,0.9896240234374396,0.33333333333202614
medium,20000,466,Unedited Hough vectors from distance-to-stroke,1,4,3,0.43796669760965423,0.7194623655913979,0.4460431654676259,0.0,0.25,0,3,38,95,25,16226,0.28571428571213753,0.603174603165029,0.3877551016006352,0.9926757812499394,0.24050632911240188
medium,20000,467,Unedited Hough vectors from distance-to-stroke,4,21,17,0.29755629587042565,0.5579991087344028,0.12673611111111116,0.008247422680412371,0.19047619047619047,1,97,241,666,174,15303,0.2657111356116144,0.5807228915648658,0.3645990918531188,0.948730468749942,0.22294172062884093
medium,20000,468,Unedited Hough vectors from distance-to-stroke,4,27,23,0.2803412702442712,0.5183430799220272,0.16136034732272064,0.0,0.14814814814814814,0,112,400,661,297,15026,0.37700282752085107,0.5738880918212713,0.45506257062444455,0.9415283203124425,0.29455081001451067
medium,20000,469,Unedited Hough vectors from distance-to-stroke,1,3,2,0.44662541254125415,0.65,0.6039603960396039,0.0,0.33333333333333337,0,1,69,26,123,16166,0.7263157894660388,0.3593749999981283,0.4808362364875621,0.9909057617186895,0.316513761466438
medium,20000,470,Unedited Hough vectors from distance-to-stroke,2,10,8,0.43578125,0.825,0.22265625,0.0,0.19999999999999996,0,10,109,116,80,16079,0.4844444444422914,0.5767195767165253,0.5265700478104156,0.9880371093749397,0.35737704917915614
medium,20000,471,Unedited Hough vectors from distance-to-stroke,1,1,0,0.8025000000000001,0.65,0.8,1.0,1.0,0,0,12,3,0,16369,0.7999999999466667,0.9999999999166667,0.8888888883292181,0.9998168945311889,0.7999999999466667
medium,20000,472,Unedited Hough vectors from distance-to-stroke,1,5,4,0.3578608247422681,0.65,0.22680412371134018,0.0,0.19999999999999996,0,3,19,69,52,16244,0.21590909090663737,0.2676056337990478,0.23899371019453342,0.9926147460936894,0.13571428571331634
medium,20000,473,Unedited Hough vectors from distance-to-stroke,2,9,7,0.41613316642823084,0.7138888888888889,0.3133047210300429,0.04,0.2222222222222222,1,10,50,170,88,16076,0.22727272727169423,0.3623188405770847,0.2793296084632191,0.9842529296874399,0.16233766233713529
medium,20000,474,Unedited Hough vectors from distance-to-stroke,5,22,17,0.23742419407915605,0.38597988649178266,0.18075801749271136,0.019417475728155338,0.2272727272727273,2,103,302,747,256,15079,0.2878932316489153,0.5412186379918617,0.37585563115790793,0.9387817382811927,0.23141762452089545
medium,20000,475,Unedited Hough vectors from distance-to-stroke,4,26,22,0.3650615974638332,0.6826802401418692,0.1954624781849913,0.013513513513513514,0.15384615384615385,1,74,425,1074,282,14603,0.28352234823196565,0.6011315417247509,0.38531278288232174,0.917236328124944,0.2386299831553966
medium,20000,476,Unedited Hough vectors from distance-to-stroke,4,14,10,0.30201162951307986,0.5117982456140352,0.2156549520766773,0.0,0.2857142857142857,0,23,103,441,108,15732,0.1893382352937696,0.488151658765459,0.2728476817157493,0.9664916992186909,0.15797546012245708
medium,20000,477,Unedited Hough vectors from distance-to-stroke,1,6,5,0.3024517757095893,0.5371014492753623,0.2204472843450479,0.0,0.16666666666666663,0,13,118,143,94,16029,0.4521072796917544,0.5566037735822802,0.49894291705082483,0.9855346679686898,0.3323943661962468
medium,20000,478,Unedited Hough vectors from distance-to-stroke,3,17,14,0.2758864954432477,0.5,0.16619718309859155,0.0,0.17647058823529416,0,43,176,405,173,15630,0.30292598967245626,0.504297994267896,0.3784946231862158,0.964721679687441,0.2334217506628204
medium,20000,479,Unedited Hough vectors from distance-to-stroke,2,14,12,0.34849187542315513,0.65,0.20853080568720384,0.0,0.1428571428571429,0,20,154,209,124,15897,0.4242424242412555,0.5539568345303815,0.48049921947609164,0.9796752929686902,0.31622176591310835
medium,20000,480,Unedited Hough vectors from distance-to-stroke,4,23,19,0.37180481380885744,0.6979100603558808,0.2017699115044248,0.0,0.17391304347826086,0,44,359,608,278,15139,0.3712512926573203,0.5635792778641074,0.4476309222138723,0.9459228515624423,0.2883534136543869
medium,20000,481,Unedited Hough vectors from distance-to-stroke,5,25,20,0.2522153445567901,0.43285312899106004,0.17640449438202244,0.008602150537634409,0.19999999999999996,1,93,216,515,159,15494,0.29548563611450684,0.575999999998464,0.390596744578222,0.9588623046874415,0.24269662921321045
medium,20000,482,Unedited Hough vectors from distance-to-stroke,4,13,9,0.370129658098827,0.6153198653198653,0.31233243967828417,0.0,0.3076923076923077,0,25,189,452,170,15573,0.2948517940713029,0.526462395541709,0.37799999953900604,0.9620361328124413,0.2330456226877521
medium,20000,483,Unedited Hough vectors from distance-to-stroke,4,22,18,0.3093494658589256,0.5807042253521126,0.14925373134328357,0.0,0.18181818181818177,0,55,254,685,166,15279,0.2705005324810751,0.6047619047604649,0.373804267416376,0.9480590820311922,0.22986425339345715
medium,20000,484,Unedited Hough vectors from distance-to-stroke,3,16,13,0.41555183477284924,0.7565656565656566,0.26543209876543206,0.013043478260869565,0.1875,1,46,204,499,293,15388,0.29018492176345634,0.4104627766591339,0.3399999995141681,0.9516601562499419,0.2048192771082281
medium,20000,485,Unedited Hough vectors from distance-to-stroke,1,3,2,0.6710714285714287,0.65,0.47619047619047616,1.0,0.33333333333333337,0,0,21,24,0,16339,0.46666666665629636,0.999999999952381,0.6363636359104683,0.998535156249939,0.46666666665629636
medium,20000,486,Unedited Hough vectors from distance-to-stroke,4,18,14,0.2605195642114432,0.47151709401709396,0.13057324840764328,0.0,0.2222222222222222,0,33,82,457,92,15753,0.15213358070472702,0.47126436781338354,0.2300140248758284,0.9664916992186909,0.12995245641817757
medium,20000,487,Unedited Hough vectors from distance-to-stroke,5,22,17,0.351815127154367,0.6413848631239936,0.20232333010648595,0.0,0.2272727272727273,0,54,246,639,271,15228,0.2779661016946012,0.47582205028921504,0.3509272463242474,0.9444580078124424,0.21280276816590588
medium,20000,488,Unedited Hough vectors from distance-to-stroke,5,29,24,0.3832052871637026,0.7525443893282299,0.13659466327827197,0.0,0.1724137931034483,0,89,350,886,303,14845,0.2831715210353696,0.535987748850634,0.37056643681562956,0.9274291992186934,0.22742040285885157
medium,20000,489,Unedited Hough vectors from distance-to-stroke,2,9,7,0.43483656531628806,0.7563725490196079,0.3612334801762115,0.0,0.2222222222222222,0,10,26,176,90,16092,0.12871287128649153,0.22413793103255053,0.16352201211415687,0.9837646484374399,0.08904109589010603
medium,20000,490,Unedited Hough vectors from distance-to-stroke,1,7,6,0.3876581054604311,0.7072093023255814,0.27564102564102566,0.0,0.1428571428571429,0,7,125,151,138,15970,0.4528985507229968,0.47528517110085444,0.4638218918918908,0.98236083984369,0.30193236714902916
medium,20000,491,Unedited Hough vectors from distance-to-stroke,4,22,18,0.33847293557039315,0.64619341563786,0.14752040175768988,0.0,0.18181818181818177,0,58,241,1104,254,14785,0.17918215613369579,0.4868686868677033,0.26195652134554764,0.917114257812444,0.15071919949959306
medium,20000,492,Unedited Hough vectors from distance-to-stroke,2,12,10,0.3828309108527132,0.6870833333333334,0.2848837209302325,0.0,0.16666666666666663,0,8,175,277,148,15784,0.3871681415920638,0.5417956656329975,0.45161290273849414,0.9740600585936905,0.2916666666661806
medium,20000,493,Unedited Hough vectors from distance-to-stroke,4,20,16,0.409577175536192,0.7852465762666128,0.18108108108108112,0.0,0.19999999999999996,0,71,235,651,330,15168,0.2652370203157277,0.41592920353908686,0.3239145412194066,0.9401245117186926,0.1932565789472095
medium,20000,494,Unedited Hough vectors from distance-to-stroke,1,2,1,0.7168126260588948,0.6808108108108109,0.5522388059701493,1.0,0.5,0,0,77,59,154,16094,0.5661764705840723,0.33333333333189036,0.41961852814157063,0.9869995117186897,0.2655172413783948
medium,20000,495,Unedited Hough vectors from distance-to-stroke,2,10,8,0.3475000000000001,0.65,0.17500000000000004,0.0,0.19999999999999996,0,10,73,200,105,16006,0.2673992673982879,0.4101123595482578,0.32372505495312215,0.98138427734369,0.19312169312118221
medium,20000,496,Unedited Hough vectors from distance-to-stroke,4,27,23,0.3262978921274415,0.6154166666666667,0.16272788656313297,0.008,0.14814814814814814,1,100,372,836,311,14865,0.3079470198672947,0.5446559297210181,0.393442622488943,0.9299926757811933,0.24489795918351226
medium,20000,497,Unedited Hough vectors from distance-to-stroke,2,10,8,0.4329166666666667,0.8250000000000001,0.20833333333333337,0.0,0.19999999999999996,0,11,58,148,75,16103,0.2815533980568857,0.43609022556063093,0.342182890376624,0.9863891601561897,0.20640569394944341
medium,20000,498,Unedited Hough vectors from distance-to-stroke,2,9,7,0.3364530622297503,0.5241784989858013,0.3917525773195877,0.0,0.2222222222222222,0,12,61,208,55,16060,0.2267657992556626,0.525862068960984,0.3168831164604352,0.9839477539061899,0.18827160493769052
medium,20000,499,Unedited Hough vectors from distance-to-stroke,3,22,19,0.3560668907363823,0.67060263653484,0.20329670329670335,0.0,0.13636363636363635,0,30,194,444,197,15549,0.3040752351092413,0.4961636828631812,0.37706511128706577,0.9608764648436914,0.23233532934103912
medium,20000,500,Unedited Hough vectors from distance-to-stroke,3,15,12,0.3717382385912762,0.67447752963882,0.24111675126903553,0.0,0.19999999999999996,0,37,166,479,173,15566,0.25736434108487233,0.48967551622274436,0.337398373531407,0.9602050781249414,0.20293398532982526
medium,20000,501,Unedited Hough vectors from distance-to-stroke,2,6,4,0.5306619287365185,0.8163795322133605,0.649789029535865,0.0,0.33333333333333337,0,1,32,170,100,16082,0.15841584158337418,0.2424242424224059,0.19161676598788052,0.9835205078124399,0.1059602649003114
medium,20000,502,Unedited Hough vectors from distance-to-stroke,4,14,10,0.27460549816037616,0.39258352758352755,0.2987804878048781,0.038461538461538464,0.2857142857142857,1,26,84,432,123,15745,0.16279069767410312,0.405797101447315,0.23236514481890236,0.966125488281191,0.13145539906082715
medium,20000,503,Unedited Hough vectors from distance-to-stroke,5,28,23,0.2991793898989202,0.5611341463414633,0.14405940594059408,0.0,0.1785714285714286,0,132,396,1214,402,14372,0.2459627329191019,0.49624060150313754,0.32890365404163174,0.9013671874999449,0.1968190854869797
medium,20000,504,Unedited Hough vectors from distance-to-stroke,1,2,1,0.8018279569892474,0.7925925925925926,0.7258064516129032,1.0,0.5,0,0,0,64,46,16274,0.0,0.0,0.0,0.9932861328124394,0.0
medium,20000,505,Unedited Hough vectors from distance-to-stroke,2,13,11,0.2670164360973103,0.50375,0.12472160356347439,0.0,0.15384615384615385,0,31,111,260,42,15971,0.29919137466226636,0.7254901960736897,0.4236641217223283,0.98156738281244,0.26876513317126205
medium,20000,506,Unedited Hough vectors from distance-to-stroke,1,4,3,0.3690151515151516,0.65,0.25757575757575757,0.0,0.25,0,1,14,54,42,16274,0.20588235293814877,0.24999999999553574,0.2258064511139438,0.9941406249999393,0.12727272727157024
medium,20000,507,Unedited Hough vectors from distance-to-stroke,1,8,7,0.1656581920903955,0.26,0.1807909604519774,0.0,0.125,0,6,51,91,58,16184,0.35915492957493556,0.46788990825258814,0.4063745014974366,0.9909057617186895,0.254999999998725
medium,20000,508,Unedited Hough vectors from distance-to-stroke,1,7,6,0.3612301587301588,0.65,0.27222222222222225,0.0,0.1428571428571429,0,7,150,180,149,15905,0.45454545454407713,0.5016722408009978,0.4769475352707632,0.9799194335936902,0.3131524008344193
medium,20000,509,Unedited Hough vectors from distance-to-stroke,2,9,7,0.3712157287157287,0.65,0.2824675324675324,0.0,0.2222222222222222,0,6,125,155,150,15954,0.44642857142697706,0.4545454545438017,0.4504504499488678,0.98138427734369,0.2906976744179286
medium,20000,510,Unedited Hough vectors from distance-to-stroke,4,27,23,0.3198629058573993,0.6246296296296296,0.11982378854625553,0.0,0.14814814814814814,0,57,188,746,174,15276,0.2012847965736603,0.519337016573151,0.2901234563870742,0.9438476562499424,0.16967509025255445
medium,20000,511,Unedited Hough vectors from distance-to-stroke,4,18,14,0.26656340137594137,0.4280877662967215,0.23927765237020315,0.015384615384615384,0.2222222222222222,1,39,163,532,253,15436,0.23453237410038197,0.3918269230759812,0.2934293424652971,0.9520874023436918,0.17194092826986082
medium,20000,512,Unedited Hough vectors from distance-to-stroke,5,36,31,0.3288472605461875,0.6501052631578947,0.11205501618122982,0.0,0.13888888888888884,0,209,375,1487,295,14227,0.2013963480127812,0.559701492536478,0.2962085304162674,0.8912353515624456,0.17385257301800006
medium,20000,513,Unedited Hough vectors from distance-to-stroke,5,23,18,0.3685855427228347,0.6601647735877632,0.20873786407766992,0.03209876543209877,0.21739130434782605,3,81,262,722,211,15189,0.26626016260135543,0.5539112050728248,0.35964310182593673,0.9430541992186924,0.2192468619245027
medium,20000,514,Unedited Hough vectors from distance-to-stroke,5,24,19,0.36469058012117034,0.6917874396135266,0.14917753828701075,0.010869565217391304,0.20833333333333337,1,92,325,1153,133,14773,0.21989174560201633,0.7096069868980139,0.3357438012913362,0.9215087890624437,0.20173805089993685
medium,20000,515,Unedited Hough vectors from distance-to-stroke,3,12,9,0.4250702075702076,0.7867521367521367,0.23015873015873012,0.0,0.25,0,20,63,452,143,15726,0.12233009708714111,0.30582524271696204,0.17475728114475003,0.9636840820311912,0.09574468085091832
medium,20000,516,Unedited Hough vectors from distance-to-stroke,4,31,27,0.31311708175418834,0.5888829787234042,0.16081540203850508,0.012213740458015267,0.12903225806451613,2,131,388,1107,346,14543,0.25953177257507726,0.5286103542227131,0.3481381781133736,0.9113159179686944,0.21075502444312288
medium,20000,517,Unedited Hough vectors from distance-to-stroke,3,18,15,0.38238538611925715,0.6968181818181819,0.260752688172043,0.0,0.16666666666666663,0,20,232,439,193,15520,0.3457526080471747,0.5458823529398921,0.42335766375799355,0.9614257812499413,0.26851851851820774
medium,20000,518,Unedited Hough vectors from distance-to-stroke,1,5,4,0.6887463187418612,0.7306965174129354,0.44966442953020136,1.0,0.19999999999999996,0,0,3,142,65,16174,0.02068965517227111,0.04411764705817474,0.028169013649584528,0.9873657226561897,0.01428571428564626
medium,20000,519,Unedited Hough vectors from distance-to-stroke,4,24,20,0.3605185295048252,0.6726356589147288,0.190204081632653,0.0125,0.16666666666666663,1,80,407,608,315,15054,0.4009852216744818,0.56371191135656,0.468624063992674,0.9436645507811924,0.30601503759375487
medium,20000,520,Unedited Hough vectors from distance-to-stroke,3,20,17,0.3659461620469084,0.7083333333333334,0.16098081023454158,0.0,0.15000000000000002,0,49,155,609,157,15463,0.2028795811515669,0.4967948717932795,0.28810408880702654,0.9532470703124418,0.16829533116159795
medium,20000,521,Unedited Hough vectors from distance-to-stroke,2,7,5,0.3473693212917351,0.625,0.1877394636015326,0.0,0.2857142857142857,0,10,53,171,92,16068,0.23660714285608658,0.36551724137678954,0.28726287215008706,0.9839477539061899,0.167721518986811
medium,20000,522,Unedited Hough vectors from distance-to-stroke,1,3,2,0.8297081623347013,0.8627450980392158,0.7906976744186046,1.0,0.33333333333333337,0,0,0,81,69,16234,0.0,0.0,0.0,0.9908447265624395,0.0
medium,20000,523,Unedited Hough vectors from distance-to-stroke,1,3,2,0.8115464994775339,0.8787878787878787,0.6637931034482758,1.0,0.33333333333333337,0,0,0,106,78,16200,0.0,0.0,0.0,0.9887695312499396,0.0
medium,20000,524,Unedited Hough vectors from distance-to-stroke,3,12,9,0.3672954545454546,0.6745454545454546,0.19374999999999998,0.0,0.25,0,10,56,314,70,15944,0.1513513513509423,0.4444444444409171,0.22580645123299298,0.9765624999999404,0.12727272727243802
medium,20000,525,Unedited Hough vectors from distance-to-stroke,4,28,24,0.37390315830126303,0.7296249624962496,0.15643105446118188,0.0,0.1428571428571429,0,92,263,1167,191,14763,0.1839160839159553,0.5792951541837461,0.27919320557868815,0.917114257812444,0.16224552745208992
medium,20000,526,Unedited Hough vectors from distance-to-stroke,3,16,13,0.3603880971497391,0.6646331236897275,0.21276595744680848,0.0,0.1875,0,14,89,331,54,15910,0.2119047619042574,0.6223776223732701,0.31616340992186615,0.9765014648436904,0.18776371307977266
medium,20000,527,Unedited Hough vectors from distance-to-stroke,5,34,29,0.28628976752305746,0.5401102720843821,0.1354770690564049,0.0057553956834532375,0.1470588235294118,1,139,410,1024,330,14620,0.2859135285911535,0.5540540540533053,0.3771849121541019,0.9173583984374439,0.23242630385474353
medium,20000,528,Unedited Hough vectors from distance-to-stroke,3,16,13,0.3435904255319149,0.6499999999999999,0.16170212765957448,0.0,0.1875,0,20,89,324,136,15835,0.21549636803821914,0.39555555555379757,0.27899686474630264,0.9719238281249406,0.1621129326044406
medium,20000,529,Unedited Hough vectors from distance-to-stroke,5,16,11,0.24519926840969059,0.39101010101010103,0.1899736147757256,0.0,0.3125,0,43,146,481,156,15601,0.23285486443344042,0.4834437086076707,0.3143164688823683,0.9611206054686913,0.18646232439312074
medium,20000,530,Unedited Hough vectors from distance-to-stroke,5,17,12,0.2897199520493481,0.44823451910408435,0.2686230248306998,0.01951219512195122,0.2941176470588235,1,41,207,516,251,15410,0.28630705394151273,0.4519650655011966,0.35055038055760385,0.9531860351561918,0.21252566735091116
medium,20000,531,Unedited Hough vectors from distance-to-stroke,3,18,15,0.2636697626418989,0.52,0.06501547987616096,0.0,0.16666666666666663,0,53,92,372,49,15871,0.1982758620685382,0.6524822694989186,0.3041322310464695,0.9743041992186905,0.17933723196846132
medium,20000,532,Unedited Hough vectors from distance-to-stroke,3,18,15,0.35283939994276786,0.6634035087719299,0.1882057716436637,0.0,0.16666666666666663,0,34,147,453,151,15633,0.24499999999959168,0.4932885906023715,0.327394208909941,0.9631347656249412,0.1957390146468765
medium,20000,533,Unedited Hough vectors from distance-to-stroke,5,32,27,0.27414044601338683,0.5146614872364039,0.13458888378502532,0.0,0.15625,0,132,381,1259,365,14379,0.23231707317059005,0.5107238605891278,0.31936295011477195,0.900878906249945,0.19002493765576559
medium,20000,534,Unedited Hough vectors from distance-to-stroke,3,14,11,0.36693496154519106,0.6708988764044944,0.2180094786729858,0.0,0.2142857142857143,0,22,198,371,161,15654,0.34797891036845696,0.5515320334246475,0.42672413745571913,0.9675292968749409,0.2712328767119572
medium,20000,535,Unedited Hough vectors from distance-to-stroke,1,4,3,0.40962121212121216,0.65,0.4606060606060606,0.0,0.25,0,1,27,134,50,16173,0.16770186335299564,0.35064935064479674,0.2268907558628981,0.9887695312499396,0.12796208530745043
medium,20000,536,Unedited Hough vectors from distance-to-stroke,3,25,22,0.3481077532510061,0.6753088377830646,0.15351812366737738,0.006060606060606061,0.12,1,99,317,819,349,14899,0.27904929577440224,0.4759759759752613,0.3518312980907821,0.9287109374999433,0.21346801346786973
medium,20000,537,Unedited Hough vectors from distance-to-stroke,5,15,10,0.3620302825552825,0.6217289562289562,0.24459459459459465,0.0,0.33333333333333337,0,19,135,517,199,15533,0.20705521472360883,0.40419161676525694,0.273833670951047,0.9562988281249416,0.15863689776714615
medium,20000,538,Unedited Hough vectors from distance-to-stroke,2,6,4,0.47355539528292334,0.772565543071161,0.46283783783783783,0.0,0.33333333333333337,0,3,32,247,107,15998,0.11469534050138103,0.23021582733647328,0.15311004740224582,0.9783935546874403,0.08290155440393031
medium,20000,539,Unedited Hough vectors from distance-to-stroke,5,32,27,0.23565147136327616,0.42418464598771505,0.1322033898305085,0.010810810810810811,0.15625,2,185,437,839,323,14785,0.34247648902794475,0.5749999999992434,0.42927308401106506,0.9290771484374433,0.2732958098810048
medium,20000,540,Unedited Hough vectors from distance-to-stroke,4,23,19,0.33745410136072496,0.6499999999999999,0.13781398506449427,0.0,0.17391304347826086,0,54,236,934,317,14897,0.2017094017092293,0.4267631103066424,0.27394080049241143,0.9236450195311936,0.15870880968382065
medium,20000,541,Unedited Hough vectors from distance-to-stroke,3,15,12,0.33743760141710016,0.6041861761426979,0.22776911076443063,0.0,0.19999999999999996,0,27,178,349,219,15638,0.33776091081529835,0.4483627204018933,0.38528138479044854,0.965332031249941,0.23860589812300456
medium,20000,542,Unedited Hough vectors from distance-to-stroke,3,16,13,0.19111052180193194,0.3078947368421053,0.1454545454545455,0.018867924528301886,0.1875,1,53,122,365,101,15796,0.2505133470220729,0.5470852017912687,0.343661971399147,0.9715576171874407,0.20748299319692606
medium,20000,543,Unedited Hough vectors from distance-to-stroke,2,7,5,0.4315643363728471,0.76,0.3049645390070922,0.0,0.2857142857142857,0,4,133,131,143,15977,0.5037878787859705,0.48188405796926853,0.49259259209101514,0.9832763671874399,0.3267813267805239
medium,20000,544,Unedited Hough vectors from distance-to-stroke,1,4,3,0.14232352941176468,0.12999999999999998,0.2941176470588235,0.0,0.25,0,1,36,47,48,16253,0.4337349397538104,0.4285714285663265,0.43113772404575285,0.9942016601561893,0.27480916030324576
medium,20000,545,Unedited Hough vectors from distance-to-stroke,1,4,3,0.39250000000000007,0.65,0.375,0.0,0.25,0,1,14,112,38,16220,0.11111111111022927,0.26923076922559175,0.15730337037116524,0.9908447265624395,0.08536585365801606
medium,20000,546,Unedited Hough vectors from distance-to-stroke,4,17,13,0.324257330096207,0.5948618001417434,0.14566929133858264,0.015625,0.23529411764705888,1,64,161,577,106,15540,0.21815718157152011,0.6029962546793896,0.32039800955943076,0.9583129882811915,0.19075829383863654
medium,20000,547,Unedited Hough vectors from distance-to-stroke,5,28,23,0.3739296600774795,0.6892578973566622,0.19915848527349234,0.024299065420560748,0.1785714285714286,3,107,308,871,403,14802,0.26123833757399384,0.43319268635663405,0.3259259254562386,0.9222412109374437,0.1946902654866026
medium,20000,548,Unedited Hough vectors from distance-to-stroke,1,3,2,0.40388211382113826,0.65,0.3902439024390244,0.0,0.33333333333333337,0,1,7,35,10,16332,0.16666666666269842,0.41176470585813146,0.23728813517494973,0.9972534179686892,0.13461538461279587
medium,20000,549,Unedited Hough vectors from distance-to-stroke,2,9,7,0.4585153221403221,0.7272979797979797,0.3783783783783784,0.13333333333333333,0.2222222222222222,1,6,104,248,131,15901,0.2954545454537061,0.4425531914874785,0.3543441221762376,0.9768676757811904,0.21532091097263908
medium,20000,550,Unedited Hough vectors from distance-to-stroke,1,2,1,0.7398684210526316,0.65,0.736842105263158,1.0,0.5,0,0,0,43,31,16310,0.0,0.0,0.0,0.9954833984374392,0.0
medium,20000,551,Unedited Hough vectors from distance-to-stroke,4,30,26,0.33918999604916256,0.6360776879002359,0.18119122257053288,0.013533834586466165,0.1333333333333333,2,133,434,829,331,14790,0.34362628661888867,0.567320261437167,0.42800788907607934,0.9291992187499433,0.2722710163109961
medium,20000,552,Unedited Hough vectors from distance-to-stroke,5,19,14,0.3837941262114325,0.6599231950844855,0.24304068522483935,0.047619047619047616,0.26315789473684215,2,42,180,585,70,15549,0.23529411764675126,0.71999999999712,0.3546798025836881,0.9600219726561914,0.21556886227519093
medium,20000,553,Unedited Hough vectors from distance-to-stroke,2,14,12,0.3863333333333333,0.7438095238095237,0.18666666666666665,0.0,0.1428571428571429,0,20,177,315,151,15741,0.3597560975602444,0.5396341463398182,0.4317073165921178,0.9715576171874407,0.27527216174140706
medium,20000,554,Unedited Hough vectors from distance-to-stroke,5,28,23,0.3543055438050935,0.6502705570291777,0.20484753713838932,0.011428571428571429,0.1785714285714286,1,70,310,714,344,15016,0.30273437499970435,0.4740061162072263,0.36948748462518094,0.9354248046874429,0.22660818713433728
medium,20000,555,Unedited Hough vectors from distance-to-stroke,2,6,4,0.42282355129551824,0.6507812500000001,0.4831932773109243,0.0,0.33333333333333337,0,2,125,66,189,16004,0.6544502617766783,0.3980891719732545,0.4950495044781963,0.9844360351561899,0.328947368420187
medium,20000,556,Unedited Hough vectors from distance-to-stroke,1,1,0,0.9011851851851852,0.8133333333333332,0.9259259259259259,1.0,1.0,0,0,0,55,51,16278,0.0,0.0,0.0,0.9935302734374394,0.0
medium,20000,557,Unedited Hough vectors from distance-to-stroke,2,15,13,0.26501014381099125,0.49833333333333335,0.13713405238828968,0.0,0.1333333333333333,0,17,106,448,171,15659,0.1913357400718568,0.3826714801430229,0.2551143196512111,0.9622192382811913,0.14620689655152247
medium,20000,558,Unedited Hough vectors from distance-to-stroke,4,23,19,0.3013694497078394,0.5663376261506229,0.1456310679611651,0.0,0.17391304347826086,0,107,336,737,241,15070,0.31314072693353856,0.5823223570180549,0.4072727268174156,0.9403076171874426,0.25570776255688304
medium,20000,559,Unedited Hough vectors from distance-to-stroke,2,7,5,0.46539873925383574,0.7911835748792271,0.4039735099337748,0.0,0.2857142857142857,0,9,66,201,58,16059,0.24719101123502926,0.5322580645118367,0.3375959074935408,0.9841918945311899,0.20307692307629824
medium,20000,560,Unedited Hough vectors from distance-to-stroke,1,7,6,0.3780125630532027,0.6927848101265823,0.2598684210526315,0.0,0.1428571428571429,0,7,136,138,106,16004,0.49635036496169216,0.5619834710720579,0.5271317824456163,0.9851074218749398,0.35789473684116346
medium,20000,561,Unedited Hough vectors from distance-to-stroke,2,11,9,0.34709638400814874,0.65,0.18207282913165268,0.0,0.18181818181818177,0,12,58,238,61,16027,0.19594594594528397,0.4873949579790975,0.27951807187876326,0.98175048828119,0.16246498599394268
medium,20000,562,Unedited Hough vectors from distance-to-stroke,2,14,12,0.24005811994609164,0.4270833333333333,0.16792452830188676,0.0,0.1428571428571429,1,31,161,269,107,15847,0.3744186046502921,0.6007462686544749,0.4613180511015427,0.9770507812499404,0.2998137802601493
medium,20000,563,Unedited Hough vectors from distance-to-stroke,5,26,21,0.27577123465190756,0.5062042253521126,0.13557288542291546,0.006535947712418301,0.1923076923076923,1,153,333,896,244,14911,0.2709519934904223,0.5771230502589652,0.36877076368436024,0.9304199218749432,0.22606924643569173
medium,20000,564,Unedited Hough vectors from distance-to-stroke,2,9,7,0.4299997341839447,0.7175757575757575,0.42434210526315785,0.0,0.2222222222222222,0,5,73,209,104,15998,0.2588652482260324,0.41242937852874334,0.3180827881958032,0.9808959960936902,0.18911917098396602
medium,20000,565,Unedited Hough vectors from distance-to-stroke,5,25,20,0.2755238431649594,0.520701754385965,0.10604026845637582,0.0,0.19999999999999996,0,108,253,897,170,15064,0.2199999999998087,0.5981087470435033,0.32167832128471524,0.9348754882811929,0.19166666666652146
medium,20000,566,Unedited Hough vectors from distance-to-stroke,1,2,1,0.7530529172320217,0.7878787878787878,0.4925373134328358,1.0,0.5,0,0,18,51,16,16299,0.2608695652136106,0.5294117646903115,0.34951456265774344,0.9959106445311892,0.21176470587986157
medium,20000,567,Unedited Hough vectors from distance-to-stroke,3,24,21,0.3309308855193979,0.6325839793281653,0.15514184397163122,0.010958904109589041,0.125,1,73,289,609,246,15240,0.32182628062324964,0.5401869158868408,0.4033496157213328,0.9478149414061922,0.2526223776221568
medium,20000,568,Unedited Hough vectors from distance-to-stroke,2,11,9,0.3510326953748007,0.65,0.20175438596491224,0.0,0.18181818181818177,0,13,46,137,56,16145,0.25136612021720567,0.45098039215244135,0.3228070170819821,0.9882202148436896,0.19246861924605663
medium,20000,569,Unedited Hough vectors from distance-to-stroke,5,21,16,0.26497815415522596,0.42836158192090396,0.22814070351758797,0.011111111111111112,0.23809523809523814,1,54,268,599,305,15212,0.30911188004577955,0.4677137870846986,0.37222222174254727,0.9448242187499423,0.22866894197932708
medium,20000,570,Unedited Hough vectors from distance-to-stroke,1,3,2,0.21526839826839828,0.26,0.3246753246753247,0.0,0.33333333333333337,0,3,29,30,30,16295,0.49152542372048263,0.49152542372048263,0.49152542322048265,0.9963378906249392,0.3258426966255523
medium,20000,571,Unedited Hough vectors from distance-to-stroke,2,10,8,0.40877522592258864,0.7320173985086992,0.2968369829683698,0.0,0.19999999999999996,0,10,103,265,127,15889,0.2798913043470655,0.4478260869545747,0.34448160487664575,0.9760742187499404,0.20808080808038773
medium,20000,572,Unedited Hough vectors from distance-to-stroke,3,6,3,0.7385717905405406,0.7367567567567567,0.53515625,1.0,0.5,0,0,39,207,183,15955,0.1585365853652092,0.17567567567488435,0.16666666616726933,0.9761962890624404,0.090909090908879
medium,20000,573,Unedited Hough vectors from distance-to-stroke,2,6,4,0.3471146844660194,0.54375,0.2621359223300971,0.06666666666666667,0.33333333333333337,1,12,13,67,11,16293,0.16249999999796874,0.5416666666440972,0.24999999964016276,0.9952392578124393,0.142857142855573
medium,20000,574,Unedited Hough vectors from distance-to-stroke,3,13,10,0.32310600375234516,0.5633333333333332,0.2326454033771107,0.0,0.23076923076923073,0,13,178,313,213,15680,0.3625254582477342,0.4552429667507539,0.40362811741934435,0.9678955078124409,0.25284090909054996
medium,20000,575,Unedited Hough vectors from distance-to-stroke,5,26,21,0.24780905864679187,0.4427961432506887,0.14660012476606366,0.0,0.1923076923076923,0,118,225,1055,187,14917,0.17578124999986267,0.5461165048530434,0.265957446439782,0.9241943359374436,0.1533742331287298
medium,20000,576,Unedited Hough vectors from distance-to-stroke,4,26,22,0.3312280622839386,0.632312595820221,0.14117647058823535,0.012269938650306749,0.15384615384615385,2,163,324,854,318,14888,0.27504244482149826,0.5046728971954756,0.3560439555869315,0.9284667968749433,0.2165775401068071
medium,20000,577,Unedited Hough vectors from distance-to-stroke,3,13,10,0.2930985387935943,0.49900465216920914,0.2273476112026359,0.0,0.23076923076923073,0,19,74,419,81,15810,0.1501014198779917,0.4774193548356296,0.22839506136372603,0.9694824218749408,0.1289198606269531
medium,20000,578,Unedited Hough vectors from distance-to-stroke,1,2,1,0.13,0.0,0.4,0.0,0.5,0,1,35,27,52,16270,0.564516129023153,0.4022988505700885,0.46979865722589076,0.9951782226561893,0.30701754385695595
medium,20000,579,Unedited Hough vectors from distance-to-stroke,2,9,7,0.3470751633986928,0.65,0.16176470588235292,0.0,0.2222222222222222,0,13,86,178,59,16061,0.32575757575634184,0.5931034482717717,0.420537896850784,0.9855346679686898,0.26625386996821593
medium,20000,580,Unedited Hough vectors from distance-to-stroke,2,11,9,0.3799765395894428,0.6892929292929292,0.25806451612903225,0.0,0.18181818181818177,0,13,181,284,163,15756,0.3892473118271199,0.5261627906961449,0.4474660069266427,0.9727172851561906,0.2882165605090952
medium,20000,581,Unedited Hough vectors from distance-to-stroke,3,20,17,0.3948342803030303,0.765625,0.1765151515151515,0.0,0.15000000000000002,0,62,212,743,267,15162,0.22198952879557907,0.44258872651264597,0.2956764291223222,0.9383544921874427,0.17348608837956345
medium,20000,582,Unedited Hough vectors from distance-to-stroke,3,14,11,0.2365773863100596,0.3967003367003367,0.18316831683168322,0.0,0.2142857142857143,0,29,149,376,101,15758,0.2838095238089832,0.595999999997616,0.384516128594221,0.9708862304686907,0.23801916932869327
medium,20000,583,Unedited Hough vectors from distance-to-stroke,1,2,1,0.7206250000000001,0.65,0.640625,1.0,0.5,0,0,21,45,21,16297,0.31818181817699726,0.4999999999880953,0.38888888840637864,0.9959716796874392,0.2413793103420531
medium,20000,584,Unedited Hough vectors from distance-to-stroke,2,14,12,0.3393054948991778,0.6461954992967652,0.17115902964959573,0.0,0.1428571428571429,0,28,194,387,207,15596,0.3339070567980484,0.4837905236895666,0.3951120158092737,0.9637451171874412,0.2461928934007028
medium,20000,585,Unedited Hough vectors from distance-to-stroke,5,30,25,0.23799523084728566,0.4517037037037037,0.09030948756976154,0.0,0.16666666666666663,0,176,273,1244,202,14665,0.17996044825301255,0.5747368421040532,0.2740963851787063,0.9117431640624444,0.15881326352521302
medium,20000,586,Unedited Hough vectors from distance-to-stroke,3,24,21,0.2662616112628308,0.49242857142857144,0.1608437705998682,0.0,0.125,0,107,362,746,338,14938,0.3267148014437485,0.5171428571421184,0.4004424774011254,0.9338378906249429,0.2503457814659403
medium,20000,587,Unedited Hough vectors from distance-to-stroke,2,11,9,0.2342241009081074,0.41606382978723405,0.14406779661016944,0.0,0.18181818181818177,0,20,128,392,137,15727,0.2461538461533728,0.4830188679227056,0.32611464923345856,0.9677124023436909,0.1948249619479531
medium,20000,588,Unedited Hough vectors from distance-to-stroke,3,16,13,0.3599408365437535,0.6745169082125604,0.18829113924050633,0.0,0.1875,0,18,101,444,165,15674,0.18532110091709117,0.37969924811887334,0.24907521534154453,0.9628295898436912,0.1422535211265602
medium,20000,589,Unedited Hough vectors from distance-to-stroke,5,16,11,0.2530535018232114,0.40560606060606064,0.19640387275242044,0.0,0.3125,0,27,164,454,178,15588,0.2653721682843602,0.47953216374128793,0.341666666207283,0.9614257812499413,0.20603015075351003
medium,20000,590,Unedited Hough vectors from distance-to-stroke,4,30,26,0.3787731215524879,0.7329854620976116,0.17798165137614674,0.0,0.1333333333333333,0,81,396,960,354,14674,0.2920353982298731,0.527999999999296,0.37606837560941875,0.9197998046874438,0.23157894736828563
medium,20000,591,Unedited Hough vectors from distance-to-stroke,4,16,12,0.29265909134616946,0.4708807457409193,0.2325174825174825,0.037037037037037035,0.25,1,27,99,369,90,15826,0.21153846153800954,0.5238095238067524,0.30136986260294824,0.9719848632811906,0.17741935483839172
medium,20000,592,Unedited Hough vectors from distance-to-stroke,5,27,22,0.3393040606871933,0.6542222222222223,0.1319277108433735,0.0,0.18518518518518523,0,71,327,960,283,14814,0.2540792540790567,0.5360655737696131,0.3447548756835077,0.9241333007811936,0.2082802547769374
medium,20000,593,Unedited Hough vectors from distance-to-stroke,3,23,20,0.34019668362124617,0.6606060606060605,0.149402390438247,0.0,0.13043478260869568,0,73,265,580,199,15340,0.31360946745525015,0.5711206896539416,0.40488922796038007,0.9524536132811918,0.25383141762427797
medium,20000,594,Unedited Hough vectors from distance-to-stroke,2,6,4,0.4267507645259939,0.65,0.5045871559633027,0.0,0.33333333333333337,0,1,19,91,38,16236,0.17272727272570249,0.3333333333274854,0.22754490972727603,0.9921264648436894,0.12837837837751095
medium,20000,595,Unedited Hough vectors from distance-to-stroke,3,14,11,0.4321944283786388,0.7700779727095516,0.3211538461538461,0.0,0.2142857142857143,0,15,101,352,291,15640,0.2229580573946513,0.2576530612238325,0.23905325393990967,0.9607543945311914,0.13575268817186054
medium,20000,596,Unedited Hough vectors from distance-to-stroke,4,20,16,0.22368253968253965,0.3922222222222222,0.13591269841269837,0.0,0.19999999999999996,0,37,127,723,165,15369,0.14941176470570658,0.4349315068478256,0.22241681222844062,0.9458007812499423,0.12512315270923632
medium,20000,597,Unedited Hough vectors from distance-to-stroke,3,16,13,0.30305594405594405,0.564871794871795,0.15056818181818177,0.0,0.1875,0,25,161,439,134,15650,0.2683333333328861,0.5457627118625568,0.35977653587011144,0.965026855468691,0.2193460490460227
medium,20000,598,Unedited Hough vectors from distance-to-stroke,2,7,5,0.43180256064690026,0.725,0.3849056603773585,0.0,0.2857142857142857,0,6,108,129,212,15935,0.4556962025297228,0.3374999999989453,0.38779174098188235,0.9791870117186902,0.24053452115759347
medium,20000,599,Unedited Hough vectors from distance-to-stroke,3,17,14,0.3816788515406162,0.679952380952381,0.2535014005602241,0.029411764705882353,0.17647058823529416,1,34,162,398,165,15659,0.2892857142851977,0.49541284403518226,0.36527621148407224,0.965637207031191,0.22344827586176078
medium,20000,600,Unedited Hough vectors from distance-to-stroke,3,17,14,0.22050776072994188,0.37916666666666665,0.16117850953206236,0.0,0.17647058823529416,0,28,126,350,142,15766,0.26470588235238507,0.470149253729589,0.338709676957524,0.9699707031249408,0.20388349514530116
medium,20000,601,Unedited Hough vectors from distance-to-stroke,5,29,24,0.24669734544803631,0.44479500891265605,0.14003944773175547,0.005161290322580645,0.1724137931034483,1,155,271,909,163,15041,0.2296610169489579,0.6244239631322018,0.335811647685707,0.9345703124999429,0.2017870439313464
medium,20000,602,Unedited Hough vectors from distance-to-stroke,1,5,4,0.3873858447488585,0.65,0.3744292237442922,0.0,0.19999999999999996,0,1,98,125,153,16008,0.4394618834061011,0.3904382470103967,0.4135021092046414,0.9830322265624399,0.2606382978716473
medium,20000,603,Unedited Hough vectors from distance-to-stroke,2,11,9,0.20871493977891442,0.325,0.221415607985481,0.0,0.18181818181818177,0,12,194,308,154,15728,0.38645418326616243,0.5574712643662142,0.45647058775063254,0.9718017578124407,0.29573170731662235
medium,20000,604,Unedited Hough vectors from distance-to-stroke,3,16,13,0.38339526225931897,0.7188034188034188,0.20591861898890262,0.0,0.1875,0,32,131,561,153,15539,0.18930635838122933,0.46126760563217867,0.2684426225376453,0.9564208984374416,0.1550295857986331
medium,20000,605,Unedited Hough vectors from distance-to-stroke,4,21,17,0.2762727960614799,0.5002540834845736,0.16055419722901387,0.0,0.19047619047619047,0,134,240,639,123,15382,0.2730375426618054,0.6611570247915671,0.38647342953737157,0.9534912109374418,0.2395209580835933
medium,20000,606,Unedited Hough vectors from distance-to-stroke,5,32,27,0.19754857234250914,0.36435277382645803,0.08982412060301503,0.0,0.15625,0,167,221,984,169,15010,0.18340248962640382,0.5666666666652137,0.2771159870910137,0.9296264648436933,0.16084425036378397
medium,20000,607,Unedited Hough vectors from distance-to-stroke,1,1,0,0.8139285714285714,0.65,0.8571428571428572,1.0,1.0,0,0,0,29,25,16330,0.0,0.0,0.0,0.9967041015624392,0.0
medium,20000,608,Unedited Hough vectors from distance-to-stroke,3,21,18,0.32614769375728286,0.5811111111111111,0.2286617492096944,0.018518518518518517,0.1428571428571429,1,54,294,541,205,15344,0.35209580838281185,0.5891783567122462,0.44077960972596203,0.9544677734374417,0.28269230769203585
medium,20000,609,Unedited Hough vectors from distance-to-stroke,1,7,6,0.3560205273698264,0.6597222222222222,0.22429906542056077,0.0,0.1428571428571429,0,8,43,112,136,16093,0.2774193548369199,0.24022346368580882,0.2574850294411597,0.9848632812499398,0.1477663230235472
medium,20000,610,Unedited Hough vectors from distance-to-stroke,1,4,3,0.3835550458715597,0.65,0.3302752293577982,0.0,0.25,0,3,28,56,20,16280,0.33333333332936504,0.5833333333211806,0.42424242377318644,0.9953613281249393,0.26923076922818046
medium,20000,611,Unedited Hough vectors from distance-to-stroke,4,22,18,0.38871865185688353,0.7517898415919725,0.16115702479338845,0.0,0.18181818181818177,0,34,192,612,214,15366,0.23880597014895671,0.47290640393972194,0.31735537145439796,0.949584960937442,0.18860510805482456
medium,20000,612,Unedited Hough vectors from distance-to-stroke,2,9,7,0.23837262872628728,0.39,0.2032520325203252,0.0,0.2222222222222222,0,8,53,168,79,16084,0.23981900452380173,0.40151515151210976,0.30028328564906226,0.9849243164061898,0.17666666666607778
medium,20000,613,Unedited Hough vectors from distance-to-stroke,1,4,3,0.4319119286510591,0.8205128205128205,0.18840579710144922,0.0,0.25,0,2,25,42,19,16298,0.37313432835263977,0.568181818168905,0.4504504499638017,0.9962768554686892,0.2906976744152244
medium,20000,614,Unedited Hough vectors from distance-to-stroke,1,9,8,0.33568658280922437,0.65,0.160377358490566,0.0,0.11111111111111116,0,12,73,88,45,16178,0.45341614906550676,0.6186440677913674,0.5232974905475519,0.9918823242186894,0.3543689320371147
medium,20000,615,Unedited Hough vectors from distance-to-stroke,2,11,9,0.39748196901138083,0.7081481481481482,0.30316742081447967,0.0,0.18181818181818177,0,11,68,315,68,15933,0.17754569190554167,0.49999999999632355,0.26204238882225717,0.9766235351561904,0.1507760532147433
medium,20000,616,Unedited Hough vectors from distance-to-stroke,5,33,28,0.2144572154361843,0.397060951185245,0.1031413612565445,0.0,0.1515151515151515,0,181,310,1130,288,14656,0.21527777777762827,0.5183946488285646,0.3042198229412796,0.9134521484374443,0.17939814814804433
medium,20000,617,Unedited Hough vectors from distance-to-stroke,3,10,7,0.38590163934426236,0.6888888888888889,0.2295081967213115,0.0,0.30000000000000004,0,12,84,309,17,15974,0.2137404580147233,0.8316831683085971,0.3400809713332377,0.9801025390624402,0.2048780487799881
medium,20000,618,Unedited Hough vectors from distance-to-stroke,5,31,26,0.2611263874130876,0.4978402445507709,0.10484622553588074,0.0,0.16129032258064513,0,177,330,1277,269,14508,0.20535158680758847,0.550918196994072,0.2991840431218029,0.9056396484374447,0.17590618336877617
medium,20000,619,Unedited Hough vectors from distance-to-stroke,5,32,27,0.34469689409368637,0.6606666666666666,0.15885947046843174,0.0,0.15625,0,126,442,1179,403,14360,0.27267119062290396,0.523076923076304,0.35847526313397354,0.9034423828124448,0.2183794466402083
medium,20000,620,Unedited Hough vectors from distance-to-stroke,5,19,14,0.21147765132993665,0.334360328539792,0.1734985700667302,0.0,0.26315789473684215,1,68,106,663,116,15499,0.13784135240554246,0.4774774774753267,0.21392532760346653,0.9524536132811918,0.1197740112992997
medium,20000,621,Unedited Hough vectors from distance-to-stroke,4,23,19,0.3664728789000967,0.6993643058262942,0.16163410301953818,0.00816326530612245,0.17391304347826086,1,98,252,595,195,15342,0.2975206611566735,0.5637583892604838,0.38948995317932367,0.9517822265624419,0.2418426103644512
medium,20000,622,Unedited Hough vectors from distance-to-stroke,3,14,11,0.27724526834327196,0.49415204678362573,0.16724137931034477,0.0,0.2142857142857143,0,43,149,314,105,15816,0.3218142548589162,0.5866141732260369,0.41562064110338875,0.9744262695311905,0.26232394366151
medium,20000,623,Unedited Hough vectors from distance-to-stroke,4,17,13,0.2648686974789916,0.45694444444444443,0.1785714285714286,0.0,0.23529411764705888,0,55,163,420,142,15659,0.2795883361916302,0.5344262295064445,0.3671171166652945,0.965698242187441,0.22482758620658644
medium,20000,624,Unedited Hough vectors from distance-to-stroke,5,25,20,0.3725507825482963,0.6781019391175193,0.2063227953410982,0.02456140350877193,0.19999999999999996,3,114,292,601,251,15240,0.3269876819705185,0.5377532228351054,0.4066852362979386,0.9479980468749422,0.2552447552445321
medium,20000,625,Unedited Hough vectors from distance-to-stroke,1,7,6,0.35889839034205234,0.65,0.2605633802816901,0.0,0.1428571428571429,0,6,104,122,114,16044,0.4601769911484063,0.4770642201812979,0.46846846796652064,0.9855957031249398,0.3058823529402768
medium,20000,626,Unedited Hough vectors from distance-to-stroke,2,11,9,0.3196268316589072,0.5980000000000001,0.1617250673854448,0.0,0.18181818181818177,0,27,52,226,39,16067,0.18705035971155737,0.571428571422292,0.28184281805506717,0.9838256835936899,0.16403785488907244
medium,20000,627,Unedited Hough vectors from distance-to-stroke,1,6,5,0.35155077262693163,0.65,0.21192052980132448,0.0,0.16666666666666663,0,6,59,81,42,16202,0.4214285714255613,0.5841584158358004,0.48962655552562806,0.9924926757811894,0.324175824174043
medium,20000,628,Unedited Hough vectors from distance-to-stroke,2,10,8,0.374246761539865,0.6799353321575544,0.24137931034482762,0.0,0.19999999999999996,0,16,64,256,80,15984,0.199999999999375,0.44444444444135806,0.2758620685362664,0.9794921874999402,0.15999999999960002
medium,20000,629,Unedited Hough vectors from distance-to-stroke,4,18,14,0.29723389237251585,0.4927777777777778,0.24670050761421325,0.01568627450980392,0.2222222222222222,1,51,274,592,289,15229,0.31639722863704806,0.4866785079920308,0.3834849540355889,0.9462280273436923,0.23722943722923184
medium,20000,630,Unedited Hough vectors from distance-to-stroke,2,11,9,0.37705667944707905,0.6929245283018869,0.23529411764705888,0.0,0.18181818181818177,0,12,115,319,109,15841,0.2649769585247351,0.5133928571405653,0.3495440724981939,0.9738769531249405,0.21178637200697645
medium,20000,631,Unedited Hough vectors from distance-to-stroke,2,6,4,0.4804964198753663,0.768089430894309,0.5076142131979695,0.0,0.33333333333333337,0,6,16,171,86,16111,0.08556149732574567,0.15686274509650133,0.11072664314110224,0.9843139648436899,0.058608058607843926
medium,20000,632,Unedited Hough vectors from distance-to-stroke,5,32,27,0.33135331205071933,0.6136910012566509,0.17665036674816625,0.01694915254237288,0.15625,3,177,394,867,298,14825,0.31245043616152857,0.5693641618488882,0.4034818223786898,0.9288940429686933,0.25272610647834975
medium,20000,633,Unedited Hough vectors from distance-to-stroke,1,4,3,0.3769594594594595,0.65,0.29729729729729726,0.0,0.25,0,1,15,55,60,16254,0.21428571428265306,0.1999999999973333,0.2068965512218787,0.9929809570311894,0.11538461538372782
medium,20000,634,Unedited Hough vectors from distance-to-stroke,2,15,13,0.3419989106753813,0.65,0.18082788671023964,0.0,0.1333333333333333,0,32,134,231,149,15870,0.36712328767022706,0.4734982332138746,0.4135802464203103,0.9768066406249404,0.2607003891045512
medium,20000,635,Unedited Hough vectors from distance-to-stroke,3,17,14,0.36293798112481285,0.657449494949495,0.2208774583963692,0.021052631578947368,0.17647058823529416,1,38,169,378,154,15683,0.3089579524674425,0.5232198142398662,0.3885057466586895,0.9675292968749409,0.24108416547754483
medium,20000,636,Unedited Hough vectors from distance-to-stroke,4,19,15,0.30612319588746345,0.5738739001590407,0.13413654618473891,0.0,0.21052631578947367,0,82,263,742,248,15131,0.26169154228829683,0.5146771037171924,0.34696569876107713,0.9395751953124426,0.20989624900222675
medium,20000,637,Unedited Hough vectors from distance-to-stroke,4,17,13,0.2992290998821374,0.5336272984774664,0.1581740976645435,0.015730337078651683,0.23529411764705888,2,89,120,574,152,15538,0.17291066282395834,0.44117647058661336,0.24844720456385,0.9556884765624416,0.141843971631038
medium,20000,638,Unedited Hough vectors from distance-to-stroke,2,6,4,0.3845280898876405,0.6822222222222223,0.22097378277153557,0.0,0.33333333333333337,0,7,88,145,103,16048,0.37768240343185544,0.4607329842907815,0.41509433912558963,0.9848632812499398,0.26190476190398243
medium,20000,639,Unedited Hough vectors from distance-to-stroke,2,8,6,0.4008820552512504,0.6877450980392158,0.3319838056680162,0.0,0.25,0,7,58,111,78,16137,0.3431952662701586,0.42647058823215833,0.38032786835581833,0.9884643554686896,0.23481781376423153
medium,20000,640,Unedited Hough vectors from distance-to-stroke,4,17,13,0.3521986676143415,0.6531481481481481,0.17376294591484465,0.0,0.23529411764705888,0,39,106,598,137,15543,0.15056818181796794,0.4362139917677522,0.22386483594325213,0.9551391601561917,0.12604042806168128
medium,20000,641,Unedited Hough vectors from distance-to-stroke,3,11,8,0.4169211665527455,0.6850292397660819,0.4069264069264069,0.0,0.2727272727272727,1,13,79,355,159,15791,0.18202764976916583,0.331932773107849,0.23511904716088258,0.9686279296874408,0.13322091062372138
medium,20000,642,Unedited Hough vectors from distance-to-stroke,2,6,4,0.42004289215686275,0.6204656862745098,0.5375,0.0,0.33333333333333337,0,3,42,99,101,16142,0.29787234042341937,0.29370629370423984,0.2957746473852658,0.9877929687499397,0.17355371900754732
medium,20000,643,Unedited Hough vectors from distance-to-stroke,4,25,21,0.3034372561768531,0.585,0.12093628088426533,0.0,0.16000000000000003,0,70,345,1001,245,14793,0.2563150074292301,0.5847457627108733,0.3564049582535613,0.9239501953124436,0.21684475172833637
medium,20000,644,Unedited Hough vectors from distance-to-stroke,1,3,2,0.7390084801043705,0.7142857142857143,0.6712328767123288,1.0,0.33333333333333337,0,0,64,4,92,16224,0.9411764705743945,0.41025641025378046,0.5714285710006378,0.9941406249999393,0.3999999999975
medium,20000,645,Unedited Hough vectors from distance-to-stroke,2,8,6,0.26789193802521005,0.40885416666666663,0.2588235294117647,0.028571428571428564,0.25,1,7,59,75,88,16162,0.4402985074594008,0.40136054421495676,0.41992882512085716,0.9900512695311895,0.2657657657645686
medium,20000,646,Unedited Hough vectors from distance-to-stroke,3,16,13,0.31168508943886297,0.5339748427672955,0.22077922077922074,0.033962264150943396,0.1875,2,53,140,501,112,15631,0.21840873634911326,0.555555555553351,0.31354983162105166,0.9625854492186913,0.18592297476734937
medium,20000,647,Unedited Hough vectors from distance-to-stroke,4,13,9,0.19967512274959084,0.30333333333333334,0.1620294599018003,0.0,0.3076923076923077,0,20,151,356,144,15733,0.2978303747528642,0.5118644067779259,0.37655860302527033,0.9694824218749408,0.23195084485371437
medium,20000,648,Unedited Hough vectors from distance-to-stroke,2,9,7,0.3405438184663537,0.65,0.12910798122065725,0.0,0.2222222222222222,0,18,58,268,43,16015,0.17791411042890212,0.5742574257368885,0.2716627631035985,0.98101806640619,0.1571815718152922
medium,20000,649,Unedited Hough vectors from distance-to-stroke,4,20,16,0.36271269655897803,0.6656881091617933,0.18960244648318048,0.020930232558139535,0.19999999999999996,2,86,301,692,219,15172,0.3031218529704903,0.5788461538450407,0.39788499624364826,0.9443969726561924,0.24834983498329344
medium,20000,650,Unedited Hough vectors from distance-to-stroke,4,27,23,0.3911975844536887,0.7545348097238131,0.1842105263157895,0.0,0.14814814814814814,0,72,291,920,188,14985,0.24029727497915748,0.6075156576187735,0.344378697818248,0.932373046874943,0.2080057183701158
medium,20000,651,Unedited Hough vectors from distance-to-stroke,4,12,8,0.47671349453980233,0.7621372248102845,0.502092050209205,0.0,0.33333333333333337,0,3,76,385,284,15639,0.16485900216883978,0.2111111111105247,0.1851400725887238,0.9591674804686914,0.10201342281865501
medium,20000,652,Unedited Hough vectors from distance-to-stroke,1,4,3,0.3710196475250864,0.6006965174129353,0.37853107344632764,0.0,0.25,0,3,36,120,32,16196,0.2307692307677515,0.5294117646980968,0.3214285710028699,0.9907226562499395,0.1914893617011091
medium,20000,653,Unedited Hough vectors from distance-to-stroke,5,30,25,0.3416309827669939,0.6274615227522294,0.20187244002340554,0.008928571428571428,0.16666666666666663,1,112,288,1111,313,14672,0.20586132952093936,0.4792013311140113,0.2879999995793125,0.9130859374999443,0.1682242990653223
medium,20000,654,Unedited Hough vectors from distance-to-stroke,3,15,12,0.31033614990804714,0.5431541218637993,0.22958397534668717,0.0,0.19999999999999996,0,21,210,355,264,15555,0.3716814159285457,0.44303797468260964,0.40423484069651255,0.9622192382811913,0.2533172496981263
medium,20000,655,Unedited Hough vectors from distance-to-stroke,4,12,8,0.21405947112526058,0.3040049197066741,0.19259259259259254,0.021621621621621623,0.33333333333333337,1,37,121,406,178,15679,0.2296015180261298,0.4046822742461382,0.2929782077698322,0.9643554687499412,0.17163120567351542
medium,20000,656,Unedited Hough vectors from distance-to-stroke,5,27,22,0.3550521626614983,0.6681128356738113,0.17079365079365083,0.006896551724137932,0.18518518518518523,1,116,317,951,256,14860,0.24999999999980285,0.553228621290483,0.344378054975555,0.9263305664061935,0.20800524934369555
medium,20000,657,Unedited Hough vectors from distance-to-stroke,2,5,3,0.4718541666666667,0.5511111111111111,0.5859375,0.26666666666666666,0.4,1,3,47,62,67,16208,0.4311926605465028,0.4122807017507695,0.4215246631736009,0.9921264648436894,0.26704545454393724
medium,20000,658,Unedited Hough vectors from distance-to-stroke,1,12,11,0.3895324823205082,0.7340776699029126,0.254320987654321,0.0,0.08333333333333337,0,7,190,185,128,15881,0.5066666666653156,0.5974842767276809,0.5483405478423484,0.9808959960936902,0.3777335984087918
medium,20000,659,Unedited Hough vectors from distance-to-stroke,5,25,20,0.3071876722728229,0.578839704896043,0.1250744490768314,0.006779661016949153,0.19999999999999996,1,118,212,1040,184,14948,0.16932907348229287,0.5353535353521834,0.2572815530326433,0.9252929687499435,0.14763231197761306
medium,20000,660,Unedited Hough vectors from distance-to-stroke,3,17,14,0.20873536169934168,0.35821256038647337,0.1494632535094963,0.0,0.17647058823529416,0,61,219,692,209,15264,0.24039517014243644,0.5116822429894587,0.3271097829850328,0.9450073242186923,0.1955357142855397
medium,20000,661,Unedited Hough vectors from distance-to-stroke,2,13,11,0.2455028173823956,0.427516339869281,0.18867924528301883,0.0,0.15384615384615385,0,27,170,447,204,15563,0.2755267423010121,0.45454545454423917,0.34308778964036984,0.9602661132811914,0.20706455541996704
medium,20000,662,Unedited Hough vectors from distance-to-stroke,5,30,25,0.36342958405907116,0.7032893665526787,0.15141351221849542,0.0,0.16666666666666663,0,144,500,1103,248,14533,0.31191515907653655,0.668449197860069,0.4253509140702341,0.9175415039061939,0.27012425715814686
medium,20000,663,Unedited Hough vectors from distance-to-stroke,2,8,6,0.27997119815668203,0.4416666666666667,0.28110599078341014,0.0,0.25,0,4,58,103,81,16142,0.3602484472027314,0.41726618704735785,0.3866666661667778,0.9887695312499396,0.23966942148661294
medium,20000,664,Unedited Hough vectors from distance-to-stroke,5,33,28,0.2688741692306997,0.509688995215311,0.12181303116147313,0.0,0.1515151515151515,0,126,320,1037,225,14802,0.23581429624153588,0.587155963301675,0.3364879070566016,0.9229736328124436,0.20227560050556115
medium,20000,665,Unedited Hough vectors from distance-to-stroke,2,7,5,0.4326715177661279,0.7607253086419753,0.308868501529052,0.0,0.2857142857142857,0,4,67,239,196,15882,0.21895424836529753,0.25475285171005796,0.23550087823664984,0.9734497070311906,0.13346613545790145
medium,20000,666,Unedited Hough vectors from distance-to-stroke,4,16,12,0.28020857052163795,0.48215384615384616,0.1911966987620357,0.0,0.25,0,32,169,355,150,15710,0.32251908396885015,0.5297805642616622,0.4009489912249395,0.9691772460936908,0.25074183976223924
medium,20000,667,Unedited Hough vectors from distance-to-stroke,1,4,3,0.3626612903225807,0.65,0.22580645161290325,0.0,0.25,0,1,34,57,38,16255,0.3736263736222678,0.47222222221566357,0.4171779136121043,0.9942016601561893,0.2635658914708251
medium,20000,668,Unedited Hough vectors from distance-to-stroke,2,13,11,0.35579778436157966,0.6508928571428572,0.20725388601036265,0.024242424242424242,0.15384615384615385,1,33,173,299,187,15725,0.36652542372803704,0.4805555555542207,0.4158653841234456,0.9703369140624407,0.2625189681331373
medium,20000,669,Unedited Hough vectors from distance-to-stroke,2,13,11,0.35115622854707357,0.6529579579579579,0.2097026604068858,0.0,0.15384615384615385,0,29,250,261,166,15707,0.4892367906056962,0.6009615384600938,0.5393743252861802,0.9739379882811905,0.369276218610976
medium,20000,670,Unedited Hough vectors from distance-to-stroke,3,13,10,0.3976145352232309,0.717283950617284,0.2587991718426501,0.0,0.23076923076923073,0,28,96,331,168,15789,0.22482435597137043,0.36363636363498625,0.2778581760827342,0.9695434570311908,0.1613445378148549
medium,20000,671,Unedited Hough vectors from distance-to-stroke,5,37,32,0.35876704021094263,0.7054414414414414,0.13902439024390245,0.0,0.1351351351351351,0,146,486,1106,381,14411,0.30527638190935596,0.5605536332173465,0.3952826347607105,0.9092407226561945,0.24632539280271348
medium,20000,672,Unedited Hough vectors from distance-to-stroke,5,35,30,0.3469413040567182,0.6490005806114917,0.17944173681878595,0.018867924528301886,0.1428571428571429,4,212,509,1260,441,14174,0.2877331825888707,0.5357894736836465,0.37440235335163596,0.8961791992186953,0.23031674208134376
medium,20000,673,Unedited Hough vectors from distance-to-stroke,4,25,21,0.32648727997985016,0.6209282700421941,0.1446640316205534,0.008547008547008548,0.16000000000000003,1,117,251,752,266,15115,0.2502492522430207,0.48549323017314217,0.3302631574454181,0.9378662109374427,0.19779353821891427
medium,20000,674,Unedited Hough vectors from distance-to-stroke,3,13,10,0.383568093054848,0.65,0.3399558498896247,0.0,0.23076923076923073,0,16,65,350,130,15839,0.15662650602371897,0.33333333333162396,0.2131147536626982,0.9707031249999407,0.11926605504565273
medium,20000,675,Unedited Hough vectors from distance-to-stroke,3,16,13,0.3938092730343612,0.7280146225929358,0.23726346433770018,0.0,0.1875,0,21,216,313,304,15551,0.4083175803394928,0.4153846153838166,0.41182078119610577,0.9623413085936913,0.2593037214882842
medium,20000,676,Unedited Hough vectors from distance-to-stroke,4,35,31,0.333034956597937,0.6584558931836102,0.11770334928229664,0.007042253521126761,0.11428571428571432,1,142,330,1264,293,14497,0.20702634880790025,0.5296950240761963,0.2976995936416525,0.9049682617186947,0.17488076311596457
medium,20000,677,Unedited Hough vectors from distance-to-stroke,1,6,5,0.3654166666666667,0.65,0.28125,0.0,0.16666666666666663,0,3,77,108,94,16105,0.41621621621396643,0.45029239765818546,0.4325842691612644,0.9876708984374397,0.2759856630814481
medium,20000,678,Unedited Hough vectors from distance-to-stroke,3,6,3,0.3549428620160327,0.5302253302253301,0.3317073170731707,0.0,0.5,0,3,20,312,102,15950,0.06024096385524024,0.16393442622816445,0.08810572647883716,0.9747314453124405,0.046082949308649576
medium,20000,679,Unedited Hough vectors from distance-to-stroke,3,11,8,0.28272554310225545,0.5067901234567901,0.136986301369863,0.0,0.2727272727272727,0,28,94,373,77,15840,0.20128479657344478,0.5497076023359666,0.29467084600168536,0.9725341796874406,0.17279411764674119
medium,20000,680,Unedited Hough vectors from distance-to-stroke,4,24,20,0.3500535096238734,0.6588306138306139,0.17479970866715222,0.0078125,0.16666666666666663,1,128,214,895,221,15054,0.19296663660938415,0.49195402298737484,0.2772020721337796,0.931884765624943,0.16090225563897675
medium,20000,681,Unedited Hough vectors from distance-to-stroke,3,16,13,0.44557485137917285,0.7532151953772535,0.39177101967799643,0.0380952380952381,0.1875,1,21,98,355,130,15801,0.21633554083837453,0.4298245614016236,0.2878120406697416,0.9703979492186907,0.16809605488821938
medium,20000,682,Unedited Hough vectors from distance-to-stroke,1,6,5,0.3912294189249792,0.6744186046511628,0.3553719008264463,0.0,0.16666666666666663,0,1,76,158,191,15959,0.32478632478493685,0.28464419475548824,0.3033932130738125,0.9786987304686903,0.17882352941134394
medium,20000,683,Unedited Hough vectors from distance-to-stroke,5,21,16,0.2665880508035017,0.44587929915639196,0.18892508143322473,0.017391304347826087,0.23809523809523814,2,92,241,482,191,15470,0.3333333333328723,0.557870370369079,0.4173160168470336,0.9589233398436915,0.26367614879621043
medium,20000,684,Unedited Hough vectors from distance-to-stroke,4,26,22,0.24556236235586493,0.46775413711583935,0.09844192634560911,0.0,0.15384615384615385,0,90,207,909,194,15074,0.18548387096757574,0.5162094763079397,0.27290705300557216,0.932678222656193,0.1580152671754519
medium,20000,685,Unedited Hough vectors from distance-to-stroke,1,4,3,0.4215540540540541,0.65,0.5202702702702703,0.0,0.25,0,1,105,44,135,16100,0.7046979865724518,0.4374999999981771,0.5398457578793426,0.9890747070311896,0.36971830985785314
medium,20000,686,Unedited Hough vectors from distance-to-stroke,1,5,4,0.365561224489796,0.65,0.26530612244897955,0.0,0.19999999999999996,0,1,36,62,47,16239,0.3673469387717618,0.4337349397538104,0.3977900547476573,0.9933471679686894,0.2482758620672533
medium,20000,687,Unedited Hough vectors from distance-to-stroke,4,19,15,0.3266060272119999,0.617806743909685,0.13770180436847101,0.0,0.21052631578947367,0,94,221,578,106,15479,0.2765957446805049,0.6758409785912054,0.39253996406318126,0.9582519531249415,0.24419889502735448
medium,20000,688,Unedited Hough vectors from distance-to-stroke,1,7,6,0.26205279503105594,0.4677777777777778,0.1863354037267081,0.0,0.1428571428571429,0,11,97,145,114,16028,0.40082644627933545,0.4597156398082478,0.4282560701406274,0.9841918945311899,0.27247191011159416
medium,20000,689,Unedited Hough vectors from distance-to-stroke,3,19,16,0.39639927132970176,0.7268984896382157,0.24530516431924887,0.017777777777777778,0.1578947368421053,1,45,240,502,253,15389,0.3234501347704536,0.4868154158205136,0.38866396713103185,0.9539184570311917,0.24120603015051134
medium,20000,690,Unedited Hough vectors from distance-to-stroke,5,31,26,0.34518460884942564,0.6625358616655842,0.14551422319474838,0.007246376811594203,0.16129032258064513,1,138,372,1000,384,14628,0.2711370262388694,0.49206349206284117,0.3496240596919449,0.915527343749944,0.21184510250557412
medium,20000,691,Unedited Hough vectors from distance-to-stroke,1,5,4,0.3900956284153006,0.65,0.3879781420765027,0.0,0.19999999999999996,0,1,67,118,155,16044,0.3621621621602045,0.30180180180044236,0.3292383287408436,0.9833374023436899,0.1970588235288322
medium,20000,692,Unedited Hough vectors from distance-to-stroke,5,35,30,0.30449980589383707,0.5780095068330363,0.1418685121107266,0.006944444444444444,0.1428571428571429,1,144,353,1241,238,14552,0.22145545796723873,0.5972927241952669,0.3231121277515157,0.9097290039061945,0.19268558951954548
medium,20000,693,Unedited Hough vectors from distance-to-stroke,2,13,11,0.2964760940813572,0.5667251461988303,0.13032581453634084,0.0,0.15384615384615385,0,40,177,408,153,15646,0.30256410256358535,0.536363636362011,0.3868852454396273,0.965759277343691,0.23983739837365875
medium,20000,694,Unedited Hough vectors from distance-to-stroke,5,21,16,0.3251382289387678,0.6022558139534884,0.15156794425087106,0.0,0.23809523809523814,0,46,224,809,253,15098,0.2168441432718133,0.4696016771478625,0.2966887412892513,0.9351806640624429,0.17418351477435912
medium,20000,695,Unedited Hough vectors from distance-to-stroke,1,3,2,0.38164728682170546,0.65,0.2790697674418605,0.0,0.33333333333333337,0,1,13,30,0,16341,0.30232558138831805,0.9999999999230769,0.4642857139126275,0.998168945312439,0.30232558138831805
medium,20000,696,Unedited Hough vectors from distance-to-stroke,2,8,6,0.402024523160763,0.6533333333333333,0.36512261580381467,0.04,0.25,1,20,45,278,136,15925,0.13931888544848509,0.24861878452901318,0.17857142811041038,0.9747314453124405,0.09803921568606092
medium,20000,697,Unedited Hough vectors from distance-to-stroke,5,25,20,0.3030981602561851,0.5324625522340084,0.18918918918918914,0.022608695652173914,0.19999999999999996,3,115,299,758,236,15091,0.28287606433275037,0.5588785046718526,0.37562814025680147,0.9393310546874426,0.23124516627979022
medium,20000,698,Unedited Hough vectors from distance-to-stroke,3,10,7,0.2460757575757576,0.36905723905723903,0.25,0.0,0.30000000000000004,0,9,120,215,120,15929,0.3582089552228113,0.49999999999791667,0.41739130386002277,0.9795532226561902,0.2637362637356841
medium,20000,699,Unedited Hough vectors from distance-to-stroke,3,19,16,0.28177224007303686,0.5369565217391304,0.12176165803108807,0.0,0.1578947368421053,0,51,219,718,195,15252,0.23372465314809635,0.5289855072450991,0.3242042926906615,0.9442749023436924,0.19346289752633086
medium,20000,700,Unedited Hough vectors from distance-to-stroke,4,20,16,0.2931032477569092,0.5369391025641026,0.1451483560545309,0.00980392156862745,0.19999999999999996,1,102,243,659,247,15235,0.2694013303766415,0.4959183673459267,0.34913793057778236,0.9447021484374423,0.21148825065255744
medium,20000,701,Unedited Hough vectors from distance-to-stroke,3,20,17,0.3476920629263823,0.657608695652174,0.1838407494145199,0.0,0.15000000000000002,0,48,210,409,265,15500,0.33925686591221443,0.442105263156964,0.3839122481368458,0.9588623046874415,0.23755656108570414
medium,20000,702,Unedited Hough vectors from distance-to-stroke,2,11,9,0.39252413180103285,0.703089430894309,0.289760348583878,0.0,0.18181818181818177,0,9,138,273,107,15866,0.3357664233568473,0.5632653061201499,0.42073170684780736,0.9768066406249404,0.2664092664087521
medium,20000,703,Unedited Hough vectors from distance-to-stroke,5,29,24,0.23054318548483205,0.4155135097877033,0.1255060728744939,0.004878048780487805,0.1724137931034483,1,123,268,1080,196,14840,0.19881305637967447,0.5775862068953069,0.2958057391330254,0.9221191406249437,0.17357512953356632
medium,20000,704,Unedited Hough vectors from distance-to-stroke,2,7,5,0.28679403131115466,0.4094444444444445,0.36986301369863017,0.0,0.2857142857142857,0,8,37,99,71,16177,0.27205882352741134,0.34259259258942043,0.30327868802868857,0.9896240234374396,0.17874396135179352
medium,20000,705,Unedited Hough vectors from distance-to-stroke,2,6,4,0.08826990838618745,0.039393939393939384,0.18604651162790697,0.0,0.33333333333333337,0,6,39,132,84,16129,0.22807017543726277,0.3170731707291295,0.26530612196050257,0.9868164062499397,0.15294117646998848
medium,20000,706,Unedited Hough vectors from distance-to-stroke,3,12,9,0.34899286819674286,0.5314561136478945,0.37656903765690375,0.0380952380952381,0.25,1,21,141,292,131,15820,0.32563510392534495,0.5183823529392707,0.3999999995249414,0.9741821289061905,0.24999999999955674
medium,20000,707,Unedited Hough vectors from distance-to-stroke,3,19,16,0.3935872006466396,0.7190697674418605,0.23536737235367378,0.028571428571428574,0.1578947368421053,1,28,336,389,245,15414,0.4634482758614297,0.5783132530110529,0.5145482384026873,0.9613037109374413,0.3463917525769625
medium,20000,708,Unedited Hough vectors from distance-to-stroke,4,24,20,0.37033955650461114,0.7201248113317079,0.1480836236933798,0.0,0.16666666666666663,0,41,276,712,284,15112,0.279352226720365,0.49285714285626275,0.35658914682458326,0.9392089843749426,0.21698113207530112
medium,20000,709,Unedited Hough vectors from distance-to-stroke,1,1,0,0.8117307692307693,0.65,0.8461538461538461,1.0,1.0,0,0,0,27,23,16334,0.0,0.0,0.0,0.9969482421874392,0.0
medium,20000,710,Unedited Hough vectors from distance-to-stroke,3,15,12,0.4158448275862069,0.7233333333333333,0.3517241379310345,0.0,0.19999999999999996,0,10,169,226,163,15826,0.42784810126473966,0.50903614457678,0.46492434613246203,0.9762573242186904,0.30286738351200204
medium,20000,711,Unedited Hough vectors from distance-to-stroke,5,32,27,0.2948393183879802,0.5417716921165198,0.16692268305171531,0.008130081300813009,0.15625,2,246,417,1051,300,14616,0.2840599455038937,0.5815899581581847,0.38169336340311155,0.9175415039061939,0.23585972850665393
medium,20000,712,Unedited Hough vectors from distance-to-stroke,4,15,11,0.38008448731929817,0.6751450598498682,0.24801271860095386,0.0,0.2666666666666667,0,19,144,413,126,15701,0.25852782764765075,0.533333333331358,0.34824667428730766,0.9671020507811909,0.2108345534403941
medium,20000,713,Unedited Hough vectors from distance-to-stroke,1,3,2,0.4559808743169399,0.7169945355191256,0.5,0.0,0.33333333333333337,0,1,39,85,23,16237,0.31451612902972165,0.6290322580543705,0.41935483826072373,0.9934082031249394,0.26530612244717483
medium,20000,714,Unedited Hough vectors from distance-to-stroke,5,18,13,0.4513527855370462,0.7311256786184801,0.3716517857142857,0.08095238095238096,0.2777777777777778,4,42,185,625,347,15227,0.2283950617281131,0.347744360901602,0.27570789817976377,0.9406738281249426,0.15989628349165091
medium,20000,715,Unedited Hough vectors from distance-to-stroke,2,13,11,0.3605541396541155,0.6746341463414633,0.20792079207920788,0.0,0.15384615384615385,0,23,183,385,133,15683,0.3221830985909821,0.5791139240488002,0.41402714886096215,0.9683837890624408,0.2610556348070456
medium,20000,716,Unedited Hough vectors from distance-to-stroke,2,11,9,0.43172370841637286,0.7825757575757576,0.30691399662731866,0.0,0.18181818181818177,0,12,118,432,214,15620,0.21454545454506446,0.3554216867459174,0.26757369567506334,0.9605712890624414,0.15445026177990256
medium,20000,717,Unedited Hough vectors from distance-to-stroke,2,6,4,0.31046874791541595,0.47559454191033146,0.31558935361216733,0.0,0.33333333333333337,0,9,71,173,98,16042,0.2909836065561845,0.4201183431927804,0.34382566537438813,0.9834594726561899,0.20760233918067952
medium,20000,718,Unedited Hough vectors from distance-to-stroke,2,11,9,0.2788366838877731,0.4621283783783784,0.2634854771784232,0.0,0.18181818181818177,0,13,103,258,112,15911,0.28531855955599633,0.47906976743963225,0.35763888841977115,0.9774169921874403,0.21775898520038528
medium,20000,719,Unedited Hough vectors from distance-to-stroke,2,10,8,0.29760256410256414,0.518888888888889,0.2205128205128205,0.0,0.19999999999999996,0,22,115,211,103,15955,0.35276073619523696,0.5275229357773967,0.4227941171652114,0.9808349609374402,0.2680652680646432
medium,20000,720,Unedited Hough vectors from distance-to-stroke,4,12,8,0.35844696969696965,0.6138888888888888,0.24431818181818177,0.0,0.33333333333333337,0,13,105,373,167,15739,0.21966527196606764,0.38602941176328665,0.27999999953697424,0.9670410156249409,0.1627906976741662
medium,20000,721,Unedited Hough vectors from distance-to-stroke,5,24,19,0.3482787619471227,0.6266538039571747,0.21317157712305024,0.011267605633802818,0.20833333333333337,1,71,313,643,283,15145,0.3274058577402433,0.5251677852340182,0.4033505149903002,0.9434814453124424,0.25262308313135384
medium,20000,722,Unedited Hough vectors from distance-to-stroke,3,13,10,0.2854866630742287,0.5200854700854701,0.14185639229422065,0.0,0.23076923076923073,0,40,121,368,85,15810,0.2474437627806801,0.5873786407738477,0.3482014384308225,0.9723510742186906,0.21080139372785575
medium,20000,723,Unedited Hough vectors from distance-to-stroke,5,24,19,0.28717738095238093,0.5296161616161617,0.12872023809523814,0.00909090909090909,0.20833333333333337,1,110,220,803,117,15244,0.21505376344065,0.6528189910959857,0.32352941139144575,0.9438476562499424,0.19298245614018159
medium,20000,724,Unedited Hough vectors from distance-to-stroke,4,23,19,0.31829302965229167,0.591388888888889,0.17388362652232747,0.0,0.17391304347826086,0,93,375,881,364,14764,0.298566878980654,0.5074424898504636,0.3759398491572621,0.9240112304686936,0.2314814814813386
medium,20000,725,Unedited Hough vectors from distance-to-stroke,4,16,12,0.2443631014191762,0.351440329218107,0.25607476635514015,0.04,0.25,1,25,98,344,165,15777,0.22171945701307305,0.3726235741430699,0.2780141839286073,0.9689331054686908,0.16144975288276533
medium,20000,726,Unedited Hough vectors from distance-to-stroke,4,18,14,0.3358143015636904,0.6122231012658228,0.1759656652360515,0.011594202898550725,0.2222222222222222,1,69,141,564,167,15512,0.19999999999971632,0.4577922077907215,0.2783810459730863,0.9553833007811917,0.16169724770623659
medium,20000,727,Unedited Hough vectors from distance-to-stroke,1,8,7,0.35645925925925936,0.6683539094650207,0.21599999999999997,0.0,0.125,0,6,121,151,173,15939,0.4448529411748351,0.41156462584894027,0.427561836955075,0.9802246093749402,0.2719101123589395
medium,20000,728,Unedited Hough vectors from distance-to-stroke,3,18,15,0.30853668261563,0.5823232323232324,0.14912280701754388,0.0,0.16666666666666663,0,49,124,450,156,15654,0.21602787456408357,0.4428571428555612,0.2903981260222784,0.9630126953124412,0.16986301369839746
medium,20000,729,Unedited Hough vectors from distance-to-stroke,2,9,7,0.3651935506050605,0.6770833333333333,0.1914191419141914,0.0,0.2222222222222222,0,19,37,195,47,16105,0.15948275862000225,0.4404761904709467,0.23417721479806924,0.9852294921874398,0.13261648745472182
medium,20000,730,Unedited Hough vectors from distance-to-stroke,4,25,21,0.3033839749473026,0.5769496021220158,0.1387832699619772,0.0,0.16000000000000003,0,79,362,956,261,14805,0.27465857359614976,0.5810593900472214,0.3730036059521798,0.9257202148436935,0.2292590246990315
medium,20000,731,Unedited Hough vectors from distance-to-stroke,4,22,18,0.2107476076555024,0.39722222222222225,0.06907894736842102,0.0,0.18181818181818177,0,106,193,932,173,15086,0.17155555555540306,0.527322404370144,0.25888665288207136,0.932556152343693,0.14869029275797482
medium,20000,732,Unedited Hough vectors from distance-to-stroke,3,12,9,0.40546984690067217,0.6075,0.4393203883495146,0.07692307692307693,0.25,1,13,151,231,256,15746,0.39528795811414846,0.3710073710064595,0.38276299062754193,0.9702758789061907,0.23667711598708985
medium,20000,733,Unedited Hough vectors from distance-to-stroke,5,27,22,0.30009865221278953,0.5686956521739129,0.12833545108005084,0.0,0.18518518518518523,0,114,297,950,223,14914,0.23817161186829336,0.5711538461527478,0.3361629876997075,0.9284057617186933,0.20204081632639317
medium,20000,734,Unedited Hough vectors from distance-to-stroke,2,12,10,0.381030701754386,0.7083333333333334,0.22807017543859653,0.0,0.16666666666666663,0,6,115,195,129,15945,0.3709677419342872,0.47131147540790447,0.4151624543792439,0.9802246093749402,0.26195899772149894
medium,20000,735,Unedited Hough vectors from distance-to-stroke,3,11,8,0.32649922299922296,0.5633333333333332,0.2286324786324786,0.0,0.2727272727272727,0,32,101,288,53,15942,0.25964010282709604,0.6558441558398972,0.3720073660747841,0.9791870117186902,0.22850678732979976
medium,20000,736,Unedited Hough vectors from distance-to-stroke,4,26,22,0.3477200489675181,0.6767283950617284,0.12068965517241381,0.014678899082568808,0.15384615384615385,2,109,249,772,168,15195,0.24387855044050552,0.5971223021568415,0.3463143250397467,0.9426269531249425,0.20941968040352446
medium,20000,737,Unedited Hough vectors from distance-to-stroke,5,31,26,0.3807173202684834,0.7181280193236715,0.1906092789267747,0.013235294117647059,0.16129032258064513,2,136,290,1089,318,14687,0.21029731689614917,0.47697368420974184,0.2918973322372918,0.9141235351561942,0.1708898055390861
medium,20000,738,Unedited Hough vectors from distance-to-stroke,3,15,12,0.2394439799331104,0.4224358974358975,0.1467391304347826,0.0,0.19999999999999996,0,39,107,353,102,15822,0.23260869565166825,0.5119617224855887,0.31988041810455337,0.9722290039061906,0.19039145907439434
medium,20000,739,Unedited Hough vectors from distance-to-stroke,1,5,4,0.4663881826948366,0.8469945355191258,0.3262032085561497,0.0,0.19999999999999996,0,3,7,124,37,16216,0.0534351145034089,0.1590909090872934,0.07999999962266123,0.9901733398436895,0.041666666666418654
medium,20000,740,Unedited Hough vectors from distance-to-stroke,1,7,6,0.36192386185243325,0.6546153846153846,0.26530612244897955,0.0,0.1428571428571429,0,7,96,120,104,16064,0.44444444444238684,0.4799999999976,0.46153846103698226,0.9863281249999398,0.2999999999990625
medium,20000,741,Unedited Hough vectors from distance-to-stroke,2,5,3,0.6517202380952382,0.5525,0.5654761904761905,1.0,0.4,0,0,95,67,179,16043,0.5864197530827999,0.34671532846588793,0.4357798160447564,0.9849853515624398,0.27859237536575193
medium,20000,742,Unedited Hough vectors from distance-to-stroke,2,10,8,0.35976224783861677,0.65,0.2363112391930836,0.0,0.19999999999999996,0,15,115,185,105,15979,0.38333333333205555,0.5227272727248967,0.4423076918178255,0.98229980468744,0.2839506172832495
medium,20000,743,Unedited Hough vectors from distance-to-stroke,1,2,1,0.7428571428571429,0.6666666666666666,0.7142857142857143,1.0,0.5,0,0,0,37,26,16321,0.0,0.0,0.0,0.9961547851561892,0.0
medium,20000,744,Unedited Hough vectors from distance-to-stroke,1,6,5,0.3402011494252874,0.65,0.15517241379310343,0.0,0.16666666666666663,0,7,37,63,22,16262,0.3699999999963,0.6271186440571676,0.4654088045588387,0.9948120117186893,0.30327868852210427
medium,20000,745,Unedited Hough vectors from distance-to-stroke,1,11,10,0.29677806117285077,0.5671604938271605,0.16232464929859725,0.0,0.09090909090909094,0,26,155,195,124,15910,0.4428571428558776,0.5555555555535643,0.4928457864682376,0.9805297851561902,0.3270042194085928
medium,20000,746,Unedited Hough vectors from distance-to-stroke,1,2,1,0.2593076923076923,0.26,0.46153846153846156,0.0,0.5,0,1,11,24,8,16341,0.31428571427673474,0.5789473683905817,0.407407406936214,0.998046874999939,0.255813953482423
medium,20000,747,Unedited Hough vectors from distance-to-stroke,2,7,5,0.4128084415584416,0.718939393939394,0.3035714285714286,0.0,0.2857142857142857,0,7,48,146,78,16112,0.24742268041109577,0.3809523809493575,0.29999999952070316,0.9863281249999398,0.17647058823464534
medium,20000,748,Unedited Hough vectors from distance-to-stroke,4,20,16,0.36637860425413654,0.6732252760159737,0.1963028169014085,0.016666666666666666,0.19999999999999996,1,60,266,604,195,15319,0.3057471264364302,0.5770065075909393,0.3996994736262517,0.9512329101561919,0.24976525821572793
medium,20000,749,Unedited Hough vectors from distance-to-stroke,3,17,14,0.22173465006440535,0.4,0.12043795620437958,0.0,0.17647058823529416,0,51,166,478,186,15554,0.25776397515487925,0.47159090908956935,0.33333333287563915,0.9594726562499414,0.19999999999975904
medium,20000,750,Unedited Hough vectors from distance-to-stroke,5,29,24,0.330791069763521,0.6234045374375078,0.14853195164075994,0.013245033112582781,0.1724137931034483,2,151,374,917,254,14839,0.2896979085977617,0.5955414012729371,0.38978634661503453,0.9285278320311933,0.24207119741084657
medium,20000,751,Unedited Hough vectors from distance-to-stroke,1,2,1,0.7894567901234568,0.8133333333333332,0.617283950617284,1.0,0.5,0,0,0,83,51,16250,0.0,0.0,0.0,0.9918212890624394,0.0
medium,20000,752,Unedited Hough vectors from distance-to-stroke,4,24,20,0.34500955713817943,0.6181249999999999,0.22593320235756387,0.02,0.16666666666666663,1,40,306,598,403,15077,0.3384955752208645,0.43159379407555487,0.3794172344727392,0.9389038085936927,0.23412394797227687
medium,20000,753,Unedited Hough vectors from distance-to-stroke,2,11,9,0.3673028227480283,0.65,0.2831050228310502,0.0,0.18181818181818177,0,7,191,218,199,15776,0.46699266503553305,0.489743589742334,0.47809762152662044,0.9745483398436905,0.31414473684158856
medium,20000,754,Unedited Hough vectors from distance-to-stroke,5,25,20,0.3007707205104264,0.5372947228274025,0.18154761904761907,0.010714285714285714,0.19999999999999996,1,56,152,907,249,15076,0.1435316336164839,0.3790523690763615,0.20821917768346498,0.9294433593749433,0.11620795107024755
medium,20000,755,Unedited Hough vectors from distance-to-stroke,3,10,7,0.4158572146807441,0.6991452991452991,0.35620915032679734,0.0,0.30000000000000004,0,9,68,188,134,15994,0.26562499999896244,0.33663366336467015,0.296943230946702,0.9803466796874402,0.1743589743585273
medium,20000,756,Unedited Hough vectors from distance-to-stroke,5,25,20,0.2873699614901972,0.5395023272466881,0.11469142545057343,0.006622516556291391,0.19999999999999996,1,151,267,1141,258,14718,0.18963068181804713,0.5085714285704599,0.2762545262465732,0.9146118164061942,0.1602641056421607
medium,20000,757,Unedited Hough vectors from distance-to-stroke,1,5,4,0.36948675009201326,0.6578787878787878,0.2672064777327935,0.0,0.19999999999999996,0,5,107,115,96,16066,0.4819819819798109,0.5270935960565168,0.5035294112633355,0.9871215820311897,0.33647798742032553
medium,20000,758,Unedited Hough vectors from distance-to-stroke,1,4,3,0.40954645622394287,0.6782191780821918,0.3967391304347826,0.0,0.25,0,1,64,115,160,16045,0.35754189943934334,0.2857142857130102,0.31761786550962084,0.9832153320311899,0.1887905604714195
medium,20000,759,Unedited Hough vectors from distance-to-stroke,1,2,1,0.7021774193548388,0.65,0.5483870967741935,1.0,0.5,0,0,9,24,9,16342,0.2727272727190083,0.4999999999722222,0.3529411760000001,0.997985839843689,0.21428571428061227
medium,20000,760,Unedited Hough vectors from distance-to-stroke,5,20,15,0.3762531005090712,0.6975096958562972,0.18686868686868685,0.0,0.25,0,69,113,909,307,15055,0.11056751467699553,0.2690476190469785,0.15672676796417942,0.9257812499999435,0.0850263355906057
medium,20000,761,Unedited Hough vectors from distance-to-stroke,4,24,20,0.27002883682033363,0.47606334841628956,0.18316831683168322,0.01,0.16666666666666663,1,100,257,669,223,15235,0.27753779697594216,0.5354166666655512,0.3655761019679994,0.9455566406249423,0.22367275892060604
medium,20000,762,Unedited Hough vectors from distance-to-stroke,3,22,19,0.3453459627957418,0.6637651821862348,0.16507633587786263,0.0,0.13636363636363635,0,51,244,601,237,15302,0.28875739644936244,0.5072765072754527,0.3680241322671378,0.948852539062442,0.22550831792955128
medium,20000,763,Unedited Hough vectors from distance-to-stroke,1,6,5,0.3427666666666667,0.65,0.16800000000000004,0.0,0.16666666666666663,0,6,34,65,34,16251,0.34343434343087437,0.49999999999264705,0.4071856282548675,0.9939575195311893,0.2556390977424388
medium,20000,764,Unedited Hough vectors from distance-to-stroke,3,9,6,0.44517750015233104,0.7022760691726209,0.4790996784565916,0.0,0.33333333333333337,0,3,109,197,225,15853,0.35620915032563333,0.32634730538824447,0.3406249994998926,0.9742431640624405,0.20527306967946277
medium,20000,765,Unedited Hough vectors from distance-to-stroke,3,15,12,0.37727852037501164,0.6753223593964335,0.26691729323308266,0.0,0.19999999999999996,0,18,287,446,277,15374,0.3915416098221125,0.5088652482260482,0.44255975278459936,0.9558715820311916,0.2841584158413028
medium,20000,766,Unedited Hough vectors from distance-to-stroke,5,26,21,0.28988381883823905,0.5507946859903382,0.11397720455908822,0.0,0.1923076923076923,0,154,217,1077,173,14917,0.16769706336926762,0.5564102564088297,0.2577197146081508,0.9237060546874436,0.14792092706193052
medium,20000,767,Unedited Hough vectors from distance-to-stroke,5,29,24,0.2688486359274559,0.5123737373737374,0.09851088201603664,0.0053475935828877,0.1724137931034483,1,187,313,1089,181,14801,0.22325249643350695,0.6336032388651142,0.33016877598563377,0.9224853515624437,0.19772583701819474
medium,20000,768,Unedited Hough vectors from distance-to-stroke,4,26,22,0.3299552675585284,0.6174999999999999,0.1834782608695652,0.0,0.15384615384615385,0,87,321,628,272,15163,0.3382507903052284,0.5413153456989185,0.4163424119774721,0.9450683593749423,0.2628992628990476
medium,20000,769,Unedited Hough vectors from distance-to-stroke,4,29,25,0.3457396639284236,0.6499999999999999,0.17119113573407208,0.020833333333333332,0.13793103448275867,2,96,384,1026,336,14638,0.2723404255317217,0.5333333333325926,0.3605633798338213,0.916870117187444,0.21993127147753727
medium,20000,770,Unedited Hough vectors from distance-to-stroke,4,20,16,0.34683029908972696,0.65,0.17165149544863456,0.0,0.19999999999999996,0,41,158,507,188,15531,0.23759398496204873,0.45664739884261085,0.3125618195293786,0.9575805664061915,0.1852286049235812
medium,20000,771,Unedited Hough vectors from distance-to-stroke,5,23,18,0.3043170979979634,0.5254226804123711,0.2140221402214022,0.013333333333333334,0.21739130434782605,1,60,285,935,359,14805,0.2336065573768577,0.4425465838502445,0.3057939909637254,0.9210205078124437,0.1804939835337679
medium,20000,772,Unedited Hough vectors from distance-to-stroke,5,22,17,0.3596762309855093,0.6563636363636364,0.19429024583663757,0.010909090909090908,0.2272727272727273,1,55,238,793,256,15097,0.23084384093091093,0.48178137651724334,0.31213114710257245,0.9359741210936928,0.18492618492604124
medium,20000,773,Unedited Hough vectors from distance-to-stroke,3,14,11,0.42603825803825807,0.7066666666666667,0.4330484330484331,0.0,0.2142857142857143,0,14,140,167,297,15780,0.45602605863043644,0.320366132722379,0.3763440855357592,0.9716796874999407,0.23178807946981492
medium,20000,774,Unedited Hough vectors from distance-to-stroke,5,32,27,0.3610102056476366,0.687037037037037,0.18109269490484958,0.0,0.15625,0,112,401,870,436,14677,0.31549960660872106,0.4790919952204551,0.3804554074904723,0.9202880859374438,0.23491505565305512
medium,20000,775,Unedited Hough vectors from distance-to-stroke,3,14,11,0.39000253592561285,0.7355555555555555,0.18786982248520712,0.0,0.2142857142857143,0,24,206,414,202,15562,0.33225806451559314,0.5049019607830763,0.40077820963721633,0.9624023437499413,0.25060827250577783
medium,20000,776,Unedited Hough vectors from distance-to-stroke,3,17,14,0.35164291839325257,0.6524845679012345,0.2018890200708382,0.0,0.17647058823529416,0,37,177,470,320,15417,0.27357032457453856,0.35613682092483673,0.3094405589486146,0.9517822265624419,0.18304033092018301
medium,20000,777,Unedited Hough vectors from distance-to-stroke,2,12,10,0.27512937199687115,0.45499999999999996,0.23566878980891715,0.02631578947368421,0.16666666666666663,1,38,145,250,193,15796,0.36708860759400735,0.4289940828389675,0.39563437876524554,0.9729614257811906,0.24659863945536292
medium,20000,778,Unedited Hough vectors from distance-to-stroke,2,14,12,0.3318781512605042,0.6105228758169934,0.2142857142857143,0.0,0.1428571428571429,0,28,110,436,105,15733,0.2014652014648325,0.5116279069743646,0.28909329788555416,0.9669799804686909,0.1689708141318449
medium,20000,779,Unedited Hough vectors from distance-to-stroke,3,20,17,0.2557838861588862,0.4917592592592593,0.09746109746109743,0.0,0.15000000000000002,0,62,179,793,124,15288,0.18415637860063358,0.590759075905641,0.28078431336270787,0.9440307617186924,0.16332116788306267
medium,20000,780,Unedited Hough vectors from distance-to-stroke,1,4,3,0.24988271604938272,0.39,0.24691358024691357,0.0,0.25,0,5,10,53,14,16307,0.1587301587276392,0.4166666666493056,0.2298850570664553,0.9959106445311892,0.12987012986844323
medium,20000,781,Unedited Hough vectors from distance-to-stroke,3,15,12,0.3824118194094117,0.6922832570398113,0.254421768707483,0.0,0.19999999999999996,0,25,118,516,148,15602,0.18611987381674114,0.4436090225547233,0.2622222218052346,0.9594726562499414,0.15089514066476867
medium,20000,782,Unedited Hough vectors from distance-to-stroke,3,24,21,0.34490861004995593,0.6864769647696477,0.1174698795180723,0.0,0.125,0,108,325,1009,268,14782,0.24362818590686386,0.5480607082621449,0.33731188333071915,0.9220581054686937,0.20287141073645265
medium,20000,783,Unedited Hough vectors from distance-to-stroke,1,4,3,0.4624092182684226,0.7575502008032129,0.4825581395348837,0.0,0.25,0,1,48,110,36,16190,0.30379746835250765,0.5714285714217687,0.3966942144195069,0.9910888671874395,0.24742268041109577
medium,20000,784,Unedited Hough vectors from distance-to-stroke,5,34,29,0.4002921962266569,0.777263853929038,0.16542669584245073,0.01092896174863388,0.1470588235294118,2,183,458,1262,403,14261,0.26627906976728705,0.531939605109719,0.35490120063995934,0.8983764648436952,0.21573245407432137
medium,20000,785,Unedited Hough vectors from distance-to-stroke,1,2,1,0.32605120167189133,0.4181609195402299,0.43939393939393945,0.0,0.5,0,1,15,42,15,16312,0.26315789473222534,0.49999999998333333,0.3448275857471265,0.9965209960936892,0.2083333333304398
medium,20000,786,Unedited Hough vectors from distance-to-stroke,1,12,11,0.4158641284061217,0.8157894736842104,0.2021276595744681,0.0,0.08333333333333337,0,18,145,181,88,15970,0.44478527607225526,0.6223175965638528,0.5187835415513391,0.9835815429686899,0.3502415458928738
medium,20000,787,Unedited Hough vectors from distance-to-stroke,5,14,9,0.3159294597237333,0.49797487065779755,0.2579051383399209,0.01818181818181818,0.3571428571428571,1,33,167,668,215,15334,0.19999999999976048,0.4371727748679655,0.2744453570051442,0.9461059570311923,0.1590476190474676
medium,20000,788,Unedited Hough vectors from distance-to-stroke,4,17,13,0.313784104881468,0.522375478927203,0.2586872586872587,0.013793103448275864,0.23529411764705888,1,58,123,262,133,15866,0.3194805194796897,0.48046874999812317,0.3837753505330936,0.9758911132811904,0.23745173745127907
medium,20000,789,Unedited Hough vectors from distance-to-stroke,4,17,13,0.3770865341891939,0.692499064721287,0.20966271649954427,0.0,0.23529411764705888,0,38,160,811,201,15212,0.1647785787845883,0.44321329639766427,0.24024023984474224,0.9382324218749427,0.13651877133094154
medium,20000,790,Unedited Hough vectors from distance-to-stroke,2,9,7,0.387167297979798,0.6870833333333334,0.2787878787878788,0.0,0.2222222222222222,0,5,59,256,35,16034,0.1873015873009927,0.6276595744614079,0.28850855710178686,0.98223876953119,0.16857142857094695
medium,20000,791,Unedited Hough vectors from distance-to-stroke,4,28,24,0.425817290788512,0.8170597676576282,0.1952349437458637,0.019230769230769232,0.1428571428571429,2,104,357,905,197,14925,0.2828843106178424,0.6444043321288008,0.3931718057429664,0.932739257812443,0.24468814256323188
medium,20000,792,Unedited Hough vectors from distance-to-stroke,5,29,24,0.37657719177202725,0.7428761360336557,0.12520775623268698,0.0,0.1724137931034483,0,123,175,1225,152,14832,0.12499999999991071,0.5351681957170179,0.20266357815253433,0.915954589843694,0.11275773195869024
medium,20000,793,Unedited Hough vectors from distance-to-stroke,3,16,13,0.36843537764601786,0.6687902243064485,0.19735258724428395,0.037037037037037035,0.1875,1,27,219,421,238,15506,0.34218749999946535,0.4792122538282731,0.3992707378905792,0.9597778320311914,0.24943052391771137
medium,20000,794,Unedited Hough vectors from distance-to-stroke,2,8,6,0.17159662256267408,0.27625,0.11142061281337046,0.0,0.25,0,17,57,200,54,16073,0.2217898832676195,0.5135135135088873,0.30978260827266957,0.9844970703124399,0.183279742764684
medium,20000,795,Unedited Hough vectors from distance-to-stroke,5,22,17,0.30706122218043747,0.49003264487534554,0.27280000000000004,0.037037037037037035,0.2272727272727273,3,81,340,694,348,15002,0.3288201160538406,0.49418604651090964,0.3948896627020737,0.9364013671874428,0.2460202604918625
medium,20000,796,Unedited Hough vectors from distance-to-stroke,4,18,14,0.3088774466876669,0.5392673007995589,0.19943289224952743,0.01639344262295082,0.2222222222222222,1,61,247,651,235,15251,0.2750556792869988,0.5124481327790198,0.3579710140376707,0.9459228515624423,0.21800529567500618
medium,20000,797,Unedited Hough vectors from distance-to-stroke,3,12,9,0.2767356138107417,0.4497222222222222,0.21739130434782605,0.023529411764705882,0.25,1,34,146,342,148,15748,0.2991803278682394,0.4965986394540932,0.3734015340566716,0.9700927734374407,0.22955974842731203
medium,20000,798,Unedited Hough vectors from distance-to-stroke,3,10,7,0.3070812459858703,0.48728395061728397,0.2890173410404624,0.0,0.30000000000000004,0,16,42,246,107,15989,0.14583333333282697,0.2818791946289807,0.19221967918357427,0.9784545898436903,0.10632911392378144
medium,20000,799,Unedited Hough vectors from distance-to-stroke,2,12,10,0.37373752285888445,0.7297794117647058,0.14335060449050085,0.0,0.16666666666666663,0,21,109,364,90,15821,0.23044397462953395,0.5477386934645843,0.3244047614869216,0.9722900390624406,0.19360568383624582
medium,20000,800,Unedited Hough vectors from distance-to-stroke,3,10,7,0.36607692307692313,0.6246153846153847,0.275,0.0,0.30000000000000004,0,6,105,222,75,15982,0.3211009174302107,0.5833333333300926,0.4142011829723516,0.98187255859369,0.26119402985009654
medium,20000,801,Unedited Hough vectors from distance-to-stroke,3,15,12,0.307681409019932,0.5307017543859649,0.2443280977312391,0.0,0.19999999999999996,0,30,154,290,119,15821,0.34684684684606565,0.5641025641004979,0.42956764248400575,0.9750366210936905,0.2735346358787326
medium,20000,802,Unedited Hough vectors from distance-to-stroke,3,15,12,0.3940725217462662,0.7309567901234568,0.19793205317577545,0.022222222222222223,0.19999999999999996,1,36,175,379,72,15758,0.31588447653372587,0.7085020242886296,0.4369538073126819,0.9724731445311906,0.2795527156545055
medium,20000,803,Unedited Hough vectors from distance-to-stroke,4,17,13,0.33029918993788626,0.5579124579124578,0.2515188335358445,0.021621621621621623,0.23529411764705888,1,37,175,562,179,15468,0.2374491180458108,0.49435028248447926,0.3208065990110772,0.9547729492186917,0.19104803493428926
medium,20000,804,Unedited Hough vectors from distance-to-stroke,1,3,2,0.6697727272727273,0.65,0.4696969696969697,1.0,0.33333333333333337,0,0,23,27,48,16286,0.45999999999080005,0.32394366196726837,0.3801652887649751,0.9954223632811893,0.23469387754862556
medium,20000,805,Unedited Hough vectors from distance-to-stroke,5,19,14,0.2886460172169555,0.4867977915804003,0.21635610766045543,0.0,0.26315789473684215,0,45,204,556,318,15306,0.2684210526312258,0.39080459770040077,0.3182527296259404,0.9466552734374422,0.1892393320962994
medium,20000,806,Unedited Hough vectors from distance-to-stroke,4,18,14,0.2945471081085983,0.47859323796397135,0.28478964401294493,0.0,0.2222222222222222,0,29,161,369,133,15721,0.3037735849050872,0.5476190476171849,0.3907766985691924,0.9693603515624408,0.24283559577640598
medium,20000,807,Unedited Hough vectors from distance-to-stroke,1,8,7,0.36758844358602927,0.6857894736842105,0.23241590214067276,0.0,0.125,0,9,136,147,97,16004,0.48056537102303687,0.5836909871219584,0.527131782448388,0.9851074218749398,0.35789473684116346
medium,20000,808,Unedited Hough vectors from distance-to-stroke,1,3,2,0.3966666666666667,0.65,0.35416666666666663,0.0,0.33333333333333337,0,1,13,36,5,16330,0.2653061224435652,0.7222222221820987,0.3880597010879929,0.997497558593689,0.2407407407362826
medium,20000,809,Unedited Hough vectors from distance-to-stroke,4,26,22,0.33916154425005696,0.641945701357466,0.1639135959339263,0.00847457627118644,0.15384615384615385,1,118,269,1032,188,14895,0.20676402767086335,0.5886214442000249,0.3060295786820173,0.9255371093749435,0.18065815983869668
medium,20000,810,Unedited Hough vectors from distance-to-stroke,1,3,2,0.3998059360730594,0.65,0.36986301369863017,0.0,0.33333333333333337,0,1,45,27,45,16267,0.6249999999913194,0.49999999999444444,0.5555555550548696,0.9956054687499392,0.38461538461209727
medium,20000,811,Unedited Hough vectors from distance-to-stroke,4,27,23,0.34604773285273993,0.6617901234567901,0.16713681241184764,0.0,0.14814814814814814,0,67,346,846,393,14799,0.2902684563755954,0.468200270635361,0.3583635417332567,0.9243774414061936,0.21829652996831653
medium,20000,812,Unedited Hough vectors from distance-to-stroke,5,30,25,0.2706295520509855,0.5049472502805837,0.12257200267916946,0.008888888888888889,0.16666666666666663,2,225,341,742,169,15132,0.31486611264975545,0.6686274509790812,0.4281230378566839,0.9443969726561924,0.27236421725217863
medium,20000,813,Unedited Hough vectors from distance-to-stroke,4,31,27,0.3564804550354534,0.69161918328585,0.16174298375184637,0.0,0.12903225806451613,0,80,282,781,210,15111,0.2652869238003149,0.5731707317061521,0.36270096419717746,0.9395141601561926,0.22152395915143636
medium,20000,814,Unedited Hough vectors from distance-to-stroke,2,4,2,0.7810036997885835,0.7658668076109936,0.6818181818181819,1.0,0.5,0,0,22,158,100,16104,0.12222222222154322,0.18032786885098093,0.1456953637558879,0.9842529296874399,0.07857142857114796
medium,20000,815,Unedited Hough vectors from distance-to-stroke,1,7,6,0.30906808838643374,0.5783333333333334,0.17266187050359716,0.0,0.1428571428571429,0,10,87,127,44,16126,0.40654205607286664,0.6641221373995105,0.5043478256129721,0.9895629882811896,0.3372093023242744
medium,20000,816,Unedited Hough vectors from distance-to-stroke,5,27,22,0.3454679348273955,0.6137520557538705,0.21108343711083433,0.03417721518987341,0.18518518518518523,6,158,420,784,371,14809,0.3488372093020359,0.5309734513267623,0.42105263109995344,0.9295043945311933,0.26666666666649735
medium,20000,817,Unedited Hough vectors from distance-to-stroke,2,6,4,0.49237764771460424,0.7822686733556299,0.5351170568561873,0.0,0.33333333333333337,0,3,89,205,219,15871,0.3027210884343445,0.2889610389601008,0.29568106262221167,0.9741210937499405,0.17348927875209846
medium,20000,818,Unedited Hough vectors from distance-to-stroke,3,16,13,0.3471566427289049,0.65,0.17953321364452424,0.0,0.1875,0,34,114,374,73,15823,0.2336065573765705,0.6096256684459379,0.3377777773762019,0.9727172851561906,0.2032085561493704
medium,20000,819,Unedited Hough vectors from distance-to-stroke,3,19,16,0.3781566519397058,0.702298195631529,0.20149253731343286,0.02413793103448276,0.1578947368421053,2,58,260,417,227,15480,0.384047267355415,0.5338809034896635,0.44673539470155793,0.9606933593749414,0.2876106194687084
medium,20000,820,Unedited Hough vectors from distance-to-stroke,1,6,5,0.35429487179487185,0.65,0.22564102564102562,0.0,0.16666666666666663,0,6,76,97,61,16150,0.4393063583789636,0.554744525543396,0.49032258014874097,0.9903564453124395,0.32478632478493685
medium,20000,821,Unedited Hough vectors from distance-to-stroke,3,16,13,0.3507848837209302,0.6499999999999999,0.19767441860465118,0.0,0.1875,0,20,224,597,357,15206,0.27283800243572126,0.38554216867403523,0.31954350878666404,0.9417724609374425,0.1901528013580729
medium,20000,822,Unedited Hough vectors from distance-to-stroke,4,17,13,0.2549950423403468,0.45821256038647346,0.12634989200863933,0.0,0.23529411764705888,0,39,120,576,221,15467,0.17241379310320057,0.3519061583567393,0.23143683658804376,0.9513549804686919,0.13086150490716372
medium,20000,823,Unedited Hough vectors from distance-to-stroke,3,17,14,0.33301200135226505,0.6237037037037036,0.17349137931034486,0.0,0.17647058823529416,0,43,170,511,159,15544,0.2496328928043324,0.516717325226393,0.33663366292640134,0.9591064453124414,0.20238095238071147
medium,20000,824,Unedited Hough vectors from distance-to-stroke,5,14,9,0.3990790428694045,0.6603779264214046,0.3309734513274336,0.0,0.3571428571428571,0,21,77,431,162,15714,0.15157480314930794,0.3221757322162252,0.20615796475839637,0.9638061523436912,0.11492537313415684
medium,20000,825,Unedited Hough vectors from distance-to-stroke,3,13,10,0.4191921353770962,0.7480676328502416,0.297423887587822,0.0,0.23076923076923073,0,31,79,276,125,15904,0.22253521126697878,0.387254901958886,0.28264758450863897,0.9755249023436904,0.16458333333299047
medium,20000,826,Unedited Hough vectors from distance-to-stroke,2,6,4,0.7824670542635659,0.8094444444444445,0.6744186046511628,1.0,0.33333333333333337,0,0,79,96,226,15983,0.45142857142599185,0.25901639344177374,0.32916666620197055,0.9803466796874402,0.19700748129626683
medium,20000,827,Unedited Hough vectors from distance-to-stroke,5,25,20,0.38706700907787867,0.7343552582683017,0.1830357142857143,0.0,0.19999999999999996,0,90,256,667,106,15355,0.2773564463702304,0.7071823204400355,0.3984435793612161,0.9528198242186918,0.24878522837682335
medium,20000,828,Unedited Hough vectors from distance-to-stroke,4,14,10,0.3622895120945121,0.6183449475116142,0.24160000000000004,0.028571428571428574,0.2857142857142857,1,28,137,370,138,15739,0.27021696252412186,0.4981818181800066,0.350383631256667,0.9689941406249408,0.2124031007748645
medium,20000,829,Unedited Hough vectors from distance-to-stroke,3,21,18,0.29983502091129205,0.5633333333333332,0.16024653312788906,0.0,0.1428571428571429,0,70,289,830,198,15067,0.25826630920441623,0.5934291581096645,0.3599003731759863,0.9372558593749428,0.21943811693225557
medium,20000,830,Unedited Hough vectors from distance-to-stroke,3,14,11,0.37891094358028227,0.694650205761317,0.22444889779559118,0.0,0.2142857142857143,0,28,96,260,156,15872,0.26966292134755715,0.38095238095086925,0.31578947319780126,0.9746093749999405,0.1874999999996338
medium,20000,831,Unedited Hough vectors from distance-to-stroke,5,28,23,0.2950878361220056,0.565649263721553,0.11344262295081964,0.0,0.1785714285714286,0,86,224,970,242,14948,0.18760469011709582,0.48068669527793845,0.2698795176681289,0.9260253906249435,0.15598885793861003
medium,20000,832,Unedited Hough vectors from distance-to-stroke,3,15,12,0.2504377915718858,0.43333333333333335,0.1569186875891584,0.016216216216216217,0.19999999999999996,1,37,162,369,186,15667,0.30508474576213734,0.4655172413779727,0.3686006821146898,0.966125488281191,0.22594142259382713
medium,20000,833,Unedited Hough vectors from distance-to-stroke,1,8,7,0.33953237410071946,0.65,0.17266187050359716,0.0,0.125,0,6,51,74,26,16233,0.407999999996736,0.6623376623290606,0.5049504945727379,0.9938964843749393,0.3377483443686242
medium,20000,834,Unedited Hough vectors from distance-to-stroke,3,19,16,0.36193627401379036,0.687979797979798,0.18277945619335345,0.0,0.1578947368421053,0,55,122,410,80,15772,0.22932330827024563,0.6039603960366141,0.33242506772005137,0.9700927734374407,0.19934640522843244
medium,20000,835,Unedited Hough vectors from distance-to-stroke,2,7,5,0.4167836346184611,0.6678947368421053,0.4382978723404255,0.0,0.2857142857142857,0,2,108,125,219,15932,0.4635193133027317,0.33027522935678816,0.3857142852269962,0.9790039062499403,0.2389380530968165
medium,20000,836,Unedited Hough vectors from distance-to-stroke,1,8,7,0.43771760154738887,0.840909090909091,0.23404255319148937,0.0,0.125,0,8,155,182,118,15929,0.4599406528176263,0.5677655677634881,0.508196720815313,0.98168945312494,0.340659340658592
medium,20000,837,Unedited Hough vectors from distance-to-stroke,3,18,15,0.4028144899918433,0.7679835390946502,0.18690313778990453,0.012698412698412698,0.16666666666666663,1,63,231,369,186,15598,0.38499999999935836,0.5539568345310457,0.4542772856509893,0.966125488281191,0.29389312977061843
medium,20000,838,Unedited Hough vectors from distance-to-stroke,4,28,24,0.25246679643421355,0.4776851851851852,0.11611374407582942,0.0,0.1428571428571429,0,124,253,725,212,15194,0.25869120654370276,0.5440860215042063,0.35065835022105807,0.9428100585936924,0.21260504201662805
medium,20000,839,Unedited Hough vectors from distance-to-stroke,1,1,0,0.8628930348258707,0.7218518518518519,0.9402985074626866,1.0,1.0,0,0,0,68,64,16252,0.0,0.0,0.0,0.9919433593749394,0.0
medium,20000,840,Unedited Hough vectors from distance-to-stroke,1,5,4,0.36250000000000004,0.65,0.25,0.0,0.19999999999999996,0,2,36,52,42,16254,0.40909090908626033,0.46153846153254435,0.43373493925562495,0.9942626953124393,0.27692307692094675
medium,20000,841,Unedited Hough vectors from distance-to-stroke,5,22,17,0.33801540634694394,0.6437753623188406,0.11804511278195484,0.007920792079207921,0.2272727272727273,1,101,201,840,188,15155,0.1930835734868462,0.5167095115667951,0.2811188807224304,0.9372558593749428,0.16354759967439908
medium,20000,842,Unedited Hough vectors from distance-to-stroke,5,22,17,0.29669253705866977,0.5310789049919485,0.17489878542510118,0.0,0.2272727272727273,0,75,246,774,319,15045,0.24117647058799885,0.435398230087725,0.3104100941780358,0.933288574218693,0.18371919342779408
medium,20000,843,Unedited Hough vectors from distance-to-stroke,4,12,8,0.4071930126002291,0.6823456790123457,0.33402061855670107,0.0,0.33333333333333337,0,19,104,317,115,15848,0.24703087885927072,0.47488584474669004,0.324999999548794,0.9736328124999406,0.19402985074590667
medium,20000,844,Unedited Hough vectors from distance-to-stroke,2,15,13,0.3709887088856161,0.6933333333333334,0.2282768777614138,0.0,0.1333333333333333,0,20,203,384,168,15629,0.3458262350931076,0.5471698113192799,0.4237995819879991,0.966308593749941,0.26887417218507437
medium,20000,845,Unedited Hough vectors from distance-to-stroke,5,23,18,0.25719237974021647,0.45802976889933417,0.1466992665036675,0.0,0.21739130434782605,0,101,330,589,264,15201,0.3590859630028737,0.5555555555546203,0.4362194311153558,0.9479370117186922,0.2789518174131201
medium,20000,846,Unedited Hough vectors from distance-to-stroke,2,13,11,0.3517957639939485,0.6702564102564101,0.17397881996974285,0.0,0.15384615384615385,0,27,155,450,122,15657,0.25619834710701456,0.55956678700159,0.3514739224708455,0.965087890624941,0.21320495185665309
medium,20000,847,Unedited Hough vectors from distance-to-stroke,2,8,6,0.30451541401974536,0.5000124668848371,0.27254901960784317,0.0,0.25,0,16,146,308,95,15835,0.3215859030829921,0.6058091286281917,0.42014388443784073,0.9754028320311905,0.26593806921627333
medium,20000,848,Unedited Hough vectors from distance-to-stroke,5,31,26,0.30469253755778786,0.5745151462434371,0.1417691857059168,0.006711409395973154,0.16129032258064513,1,149,313,1001,196,14874,0.2382039573818583,0.6149312377198135,0.3433900160535102,0.9269409179686934,0.20728476821178327
medium,20000,849,Unedited Hough vectors from distance-to-stroke,2,12,10,0.38124019607843135,0.6933333333333334,0.2628676470588235,0.0,0.16666666666666663,0,11,220,284,219,15661,0.4365079365070704,0.5011389521628675,0.46659596980891516,0.9692993164061908,0.3042876901793855
medium,20000,850,Unedited Hough vectors from distance-to-stroke,2,6,4,0.3709739704739705,0.6416705516705516,0.24444444444444446,0.0,0.33333333333333337,0,4,48,134,50,16152,0.2637362637348146,0.489795918362349,0.34285714239969384,0.9887695312499396,0.20689655172324614
medium,20000,851,Unedited Hough vectors from distance-to-stroke,1,7,6,0.4096905619865982,0.7932489451476793,0.1922141119221411,0.0,0.1428571428571429,0,12,133,147,156,15948,0.4749999999983036,0.460207612455155,0.46748681847914975,0.98150634765619,0.30504587155893337
medium,20000,852,Unedited Hough vectors from distance-to-stroke,2,13,11,0.2266534488176998,0.3734939759036145,0.21598272138228947,0.0,0.15384615384615385,0,27,137,274,173,15800,0.3333333333325223,0.4419354838695422,0.38002773875979773,0.9727172851561906,0.23458904109548873
medium,20000,853,Unedited Hough vectors from distance-to-stroke,2,13,11,0.34308179673433914,0.6127106227106227,0.25988700564971756,0.0,0.15384615384615385,0,12,88,208,80,16008,0.29729729729629295,0.5238095238064059,0.37931034436400124,0.98242187499994,0.23404255319086692
medium,20000,854,Unedited Hough vectors from distance-to-stroke,3,17,14,0.328635934622161,0.5830268199233717,0.21813403416557164,0.02,0.17647058823529416,1,40,258,398,250,15478,0.39329268292622976,0.5078740157470317,0.4432989685794866,0.9604492187499414,0.2847682119202155
medium,20000,855,Unedited Hough vectors from distance-to-stroke,4,21,17,0.374973305873637,0.6996969696969697,0.175704989154013,0.02368421052631579,0.19047619047619047,2,76,198,489,132,15565,0.28820960698648007,0.5999999999981819,0.38938053053429755,0.9620971679686913,0.24175824175794658
medium,20000,856,Unedited Hough vectors from distance-to-stroke,4,20,16,0.3827435168839965,0.6997084367245658,0.23937360178970912,0.0,0.19999999999999996,0,33,264,496,250,15374,0.3473684210521745,0.5136186770418023,0.41444269967497765,0.9544677734374417,0.2613861386136026
medium,20000,857,Unedited Hough vectors from distance-to-stroke,3,13,10,0.304510207225321,0.5309722222222222,0.21247892074198993,0.0,0.23076923076923073,0,30,113,391,117,15763,0.22420634920590435,0.4913043478239509,0.3079019069257846,0.9689941406249408,0.18196457326862808
medium,20000,858,Unedited Hough vectors from distance-to-stroke,5,26,21,0.3012336279084869,0.5414285714285714,0.1819960861056752,0.00784313725490196,0.1923076923076923,1,102,328,887,309,14860,0.26995884773640333,0.5149136577699923,0.35421166261527376,0.9270019531249434,0.21522309711271967
medium,20000,859,Unedited Hough vectors from distance-to-stroke,3,15,12,0.357289356984479,0.65,0.22394678492239473,0.0,0.19999999999999996,0,24,105,297,131,15851,0.26119402985009654,0.4449152542354029,0.3291536045484911,0.9738769531249405,0.19699812382702253
medium,20000,860,Unedited Hough vectors from distance-to-stroke,2,9,7,0.18546637246852768,0.29708333333333337,0.14778325123152714,0.0,0.2222222222222222,0,25,76,206,88,16014,0.2695035460983351,0.4634146341435158,0.3408071744213638,0.98205566406244,0.20540540540485025
medium,20000,861,Unedited Hough vectors from distance-to-stroke,3,12,9,0.25868813814424607,0.41233151183970856,0.2406947890818859,0.0,0.25,0,14,50,299,129,15906,0.14326647564428863,0.279329608936987,0.18939393894505424,0.9738769531249405,0.10460251046003222
medium,20000,862,Unedited Hough vectors from distance-to-stroke,3,13,10,0.30854109980306965,0.564228255404726,0.15780730897009965,0.0,0.23076923076923073,0,19,78,426,53,15827,0.1547619047615977,0.5954198473236991,0.24566929101032925,0.9707641601561907,0.1400359066424775
medium,20000,863,Unedited Hough vectors from distance-to-stroke,2,10,8,0.4342119907427865,0.7731215846994536,0.33153638814016173,0.0,0.19999999999999996,0,5,75,224,124,15961,0.2508361204004989,0.3768844221086589,0.30120481879605976,0.9787597656249403,0.17730496453858793
medium,20000,864,Unedited Hough vectors from distance-to-stroke,3,13,10,0.3414697802197802,0.6499999999999999,0.1294642857142857,0.0,0.23076923076923073,0,19,84,296,88,15916,0.22105263157836566,0.48837209302041645,0.3043478256568473,0.9765624999999404,0.17948717948679596
medium,20000,865,Unedited Hough vectors from distance-to-stroke,3,16,13,0.229969224186169,0.3862685560053981,0.1869918699186992,0.0,0.1875,0,61,128,427,106,15723,0.23063063063021508,0.5470085470062094,0.324461343054689,0.9674682617186909,0.19364599092255122
medium,20000,866,Unedited Hough vectors from distance-to-stroke,5,21,16,0.36341252047989014,0.6940000000000001,0.13651498335183132,0.0,0.23809523809523814,0,49,161,616,139,15468,0.20720720720694052,0.5366666666648778,0.29897864398006774,0.9539184570311917,0.1757641921395461
medium,20000,867,Unedited Hough vectors from distance-to-stroke,3,15,12,0.4082377049180328,0.7388888888888888,0.2786885245901639,0.0,0.19999999999999996,0,33,142,517,165,15560,0.21547799696477166,0.4625407166108712,0.2939958587790316,0.9583740234374415,0.1723300970871695
medium,20000,868,Unedited Hough vectors from distance-to-stroke,1,2,1,0.7460021645021645,0.7271428571428571,0.593939393939394,1.0,0.5,0,0,101,66,202,16015,0.6047904191580552,0.33333333333223325,0.4297872335825894,0.9836425781249399,0.2737127371266295
medium,20000,869,Unedited Hough vectors from distance-to-stroke,1,6,5,0.21208169934640522,0.33549019607843134,0.2222222222222222,0.0,0.16666666666666663,0,6,37,78,19,16250,0.3217391304319849,0.6607142857024872,0.4327485375661571,0.9940795898436893,0.2761194029830141
medium,20000,870,Unedited Hough vectors from distance-to-stroke,1,7,6,0.3979499175412811,0.7562189054726368,0.21682847896440127,0.0,0.1428571428571429,0,7,114,162,92,16016,0.41304347825937304,0.5533980582497409,0.47302904515173644,0.9844970703124399,0.3097826086948104
medium,20000,871,Unedited Hough vectors from distance-to-stroke,5,28,23,0.27386320137737025,0.48583177570093455,0.16825208085612364,0.014925373134328358,0.1785714285714286,2,134,398,969,315,14702,0.29114850036555145,0.5582047685826673,0.3826923072413706,0.9216308593749437,0.23662306777631592
medium,20000,872,Unedited Hough vectors from distance-to-stroke,5,24,19,0.2563850700886415,0.45543827160493827,0.14409400123685834,0.0071428571428571435,0.20833333333333337,1,112,209,1035,175,14965,0.16800643086803216,0.544270833331916,0.25675675639596834,0.9261474609374435,0.14728682170532256
medium,20000,873,Unedited Hough vectors from distance-to-stroke,4,23,19,0.2885434395791428,0.5416666666666666,0.13701067615658358,0.0,0.17391304347826086,0,84,167,702,160,15355,0.1921749136936799,0.5107033639128113,0.2792642136490406,0.9473876953124422,0.16229348882394334
medium,20000,874,Unedited Hough vectors from distance-to-stroke,5,23,18,0.2624127812435476,0.4306978323843772,0.21380632790028764,0.01639344262295082,0.21739130434782605,1,61,194,710,165,15315,0.21460176991126703,0.5403899721433415,0.30720506689269417,0.9465942382811922,0.18147801683799675
medium,20000,875,Unedited Hough vectors from distance-to-stroke,3,16,13,0.3188078947368421,0.554795321637427,0.252,0.0,0.1875,0,31,145,292,102,15845,0.33180778031960684,0.5870445344105788,0.42397660772447504,0.9759521484374404,0.2690166975876271
medium,20000,876,Unedited Hough vectors from distance-to-stroke,5,33,28,0.3860425712231836,0.7416138578583679,0.16796695731987155,0.014285714285714285,0.1515151515151515,2,140,472,1285,379,14248,0.26863972680690457,0.5546415981192072,0.36196318974411235,0.8984374999999452,0.22097378277143212
medium,20000,877,Unedited Hough vectors from distance-to-stroke,5,29,24,0.33394082953235144,0.6293966678856525,0.15163147792706333,0.012578616352201259,0.1724137931034483,2,159,295,928,249,14912,0.24121013900225577,0.5422794117637091,0.3338992638632094,0.9281616210936934,0.20040760869551602
medium,20000,878,Unedited Hough vectors from distance-to-stroke,3,16,13,0.3475886922744929,0.6283333333333333,0.1858006042296072,0.03571428571428571,0.1875,1,28,144,411,154,15675,0.25945945945899196,0.4832214765084456,0.33763188700063357,0.965515136718691,0.2031029619179082
medium,20000,879,Unedited Hough vectors from distance-to-stroke,3,10,7,0.42000552079499454,0.7363370547581074,0.2932692307692307,0.0,0.30000000000000004,0,10,72,313,105,15894,0.18701298701250127,0.40677966101465096,0.2562277575746951,0.9744873046874405,0.1469387755099042
medium,20000,880,Unedited Hough vectors from distance-to-stroke,1,7,6,0.3593404588112618,0.65,0.26277372262773724,0.0,0.1428571428571429,0,10,97,138,124,16025,0.41276595744505207,0.43891402714733524,0.42543859598983347,0.9840087890624399,0.27019498607167075
medium,20000,881,Unedited Hough vectors from distance-to-stroke,2,9,7,0.39139827324023546,0.6488512634708287,0.38596491228070173,0.0,0.2222222222222222,0,4,101,178,183,15922,0.3620071684574839,0.3556338028156492,0.3587921842234541,0.9779663085936903,0.21861471861424542
medium,20000,882,Unedited Hough vectors from distance-to-stroke,2,17,15,0.42491183272811,0.8098796180987963,0.24350649350649356,0.0,0.11764705882352944,0,22,237,293,223,15631,0.447169811319911,0.5152173913032277,0.4787878782894113,0.9685058593749408,0.3147410358561557
medium,20000,883,Unedited Hough vectors from distance-to-stroke,3,16,13,0.2729725201072386,0.5,0.14611260053619302,0.0,0.1875,0,45,162,419,127,15676,0.27882960413032903,0.5605536332160534,0.3724137926589166,0.9666748046874409,0.2288135593217107
medium,20000,884,Unedited Hough vectors from distance-to-stroke,4,12,8,0.40737023970652786,0.7037953692115144,0.28664495114006516,0.0,0.33333333333333337,0,22,144,375,228,15637,0.27745664739830933,0.3870967741925078,0.32323232274520747,0.9631958007811912,0.19277108433709134
medium,20000,885,Unedited Hough vectors from distance-to-stroke,1,6,5,0.3640503875968993,0.65,0.27441860465116275,0.0,0.16666666666666663,0,6,65,98,69,16152,0.39877300613252287,0.4850746268620517,0.4377104372122573,0.9898071289061896,0.28017241379189584
medium,20000,886,Unedited Hough vectors from distance-to-stroke,3,17,14,0.3681287438052144,0.6754700854700855,0.23260073260073255,0.0,0.17647058823529416,0,30,117,343,83,15841,0.2543478260864036,0.5849999999970751,0.3545454541219743,0.9739990234374405,0.2154696132592717
medium,20000,887,Unedited Hough vectors from distance-to-stroke,2,9,7,0.3692676767676768,0.65,0.2727272727272727,0.0,0.2222222222222222,0,7,51,79,34,16220,0.3923076923046746,0.5999999999929412,0.4744186041686534,0.9931030273436894,0.3109756097542014
medium,20000,888,Unedited Hough vectors from distance-to-stroke,5,18,13,0.3351790859732376,0.5818357487922705,0.22787610619469023,0.0,0.2777777777777778,0,47,133,605,158,15488,0.1802168021677775,0.4570446735379483,0.2585034009543945,0.9534301757811918,0.14843749999983433
medium,20000,889,Unedited Hough vectors from distance-to-stroke,1,5,4,0.36353448275862077,0.65,0.2551724137931034,0.0,0.19999999999999996,0,3,27,78,56,16223,0.25714285714040813,0.3253012048153578,0.2872340420569828,0.9918212890624394,0.16770186335299564
medium,20000,890,Unedited Hough vectors from distance-to-stroke,4,18,14,0.3622335403585404,0.6950757575757576,0.13613613613613618,0.0,0.2222222222222222,0,44,141,723,105,15415,0.16319444444425557,0.5731707317049871,0.25405405370858536,0.949462890624942,0.14551083591316252
medium,20000,891,Unedited Hough vectors from distance-to-stroke,4,17,13,0.3482990292336866,0.6130537400145243,0.24447717231222388,0.0,0.23529411764705888,1,26,177,391,190,15626,0.3116197183093105,0.48228882833656056,0.37860962519074615,0.9645385742186912,0.23350923482818797
medium,20000,892,Unedited Hough vectors from distance-to-stroke,4,23,19,0.3373023233717014,0.6392600229095075,0.1612200435729847,0.0,0.17391304347826086,0,65,178,914,248,15044,0.16300366300351374,0.4178403755858736,0.2345191036802568,0.9290771484374433,0.13283582089542326
medium,20000,893,Unedited Hough vectors from distance-to-stroke,1,3,2,0.8136969696969697,0.8755555555555554,0.6818181818181819,1.0,0.33333333333333337,0,0,0,106,76,16202,0.0,0.0,0.0,0.9888916015624396,0.0
medium,20000,894,Unedited Hough vectors from distance-to-stroke,5,22,17,0.19902779733451753,0.33176047635097183,0.13504155124653738,0.0,0.2272727272727273,1,86,254,878,213,15039,0.2243816254414979,0.5438972162729253,0.3176985611870834,0.933410644531193,0.18884758364298226
medium,20000,895,Unedited Hough vectors from distance-to-stroke,5,31,26,0.3699614972801558,0.6846666666666666,0.2091310751104566,0.015625,0.16129032258064513,1,64,336,790,312,14946,0.2984014209588824,0.5185185185177184,0.3788049600770239,0.932739257812443,0.23365785813613793
medium,20000,896,Unedited Hough vectors from distance-to-stroke,4,22,18,0.3509000187646916,0.6295159194282001,0.2216699801192843,0.02040816326530612,0.18181818181818177,1,49,175,677,170,15362,0.2053990610326228,0.507246376810124,0.29239766040792603,0.948303222656192,0.17123287671216122
medium,20000,897,Unedited Hough vectors from distance-to-stroke,5,22,17,0.2852753037462961,0.48066666666666663,0.22052586938083119,0.008571428571428572,0.2272727272727273,1,70,317,672,340,15055,0.3205257836194939,0.48249619482422756,0.38517618421003164,0.9382324218749427,0.23852520692231866
medium,20000,898,Unedited Hough vectors from distance-to-stroke,1,4,3,0.3601966292134832,0.65,0.2134831460674157,0.0,0.25,0,3,31,46,35,16272,0.402597402592174,0.46969696968985303,0.43356643306332826,0.9950561523436893,0.276785714283243
medium,20000,899,Unedited Hough vectors from distance-to-stroke,1,10,9,0.3480089820359282,0.65,0.22754491017964074,0.0,0.09999999999999998,0,17,196,235,151,15802,0.4547563805093857,0.56484149855745,0.5038560406356387,0.9764404296874404,0.3367697594495932
medium,20000,900,Unedited Hough vectors from distance-to-stroke,5,18,13,0.3667683111600613,0.6514492753623189,0.2291917973462002,0.0,0.2777777777777778,0,30,120,564,161,15539,0.17543859649097157,0.427046263343676,0.2487046627991216,0.9557495117186916,0.14201183431935857
medium,20000,901,Unedited Hough vectors from distance-to-stroke,5,22,17,0.30770189359536604,0.5008449852401181,0.24297188755020083,0.044000000000000004,0.2272727272727273,5,100,259,508,170,15447,0.33767926988221947,0.6037296037281964,0.4331103674321862,0.9586181640624415,0.27641408751304547
medium,20000,902,Unedited Hough vectors from distance-to-stroke,3,18,15,0.33811445689386865,0.5866872427983539,0.27248677248677244,0.011764705882352941,0.16666666666666663,1,34,139,467,163,15615,0.22937293729335087,0.4602649006607276,0.306167400436429,0.9615478515624413,0.1807542262676453
medium,20000,903,Unedited Hough vectors from distance-to-stroke,3,7,4,0.4006636047384098,0.6289981785063752,0.37378640776699024,0.0,0.4285714285714286,0,8,106,265,165,15848,0.2857142857135156,0.3911439114376711,0.33021806804692794,0.9737548828124405,0.19776119402948178
medium,20000,904,Unedited Hough vectors from distance-to-stroke,5,18,13,0.30117564673932373,0.5408608350713613,0.1500524658971668,0.0,0.2777777777777778,0,49,118,674,113,15479,0.14898989898971088,0.5108225108202995,0.23069403679556325,0.9519653320311918,0.13038674033134764
medium,20000,905,Unedited Hough vectors from distance-to-stroke,4,16,12,0.35038924319727893,0.6237037037037038,0.20408163265306123,0.015625,0.25,1,64,184,443,61,15696,0.29346092503940435,0.7510204081602,0.4220183482188394,0.9692382812499408,0.26744186046472757
medium,20000,906,Unedited Hough vectors from distance-to-stroke,1,5,4,0.3449324324324325,0.65,0.16216216216216217,0.0,0.19999999999999996,0,5,25,42,20,16297,0.37313432835263977,0.5555555555432099,0.4464285709398915,0.9962158203124392,0.28735632183577753
medium,20000,907,Unedited Hough vectors from distance-to-stroke,5,32,27,0.3802516009376057,0.7486549707602339,0.1386593204775023,0.0,0.15625,0,215,273,1391,188,14532,0.1640624999999014,0.5921908893696481,0.25694117613059103,0.9036254882811948,0.14740820734333293
medium,20000,908,Unedited Hough vectors from distance-to-stroke,4,19,15,0.19621274553906135,0.33353086419753086,0.1253561253561254,0.0,0.21052631578947367,0,83,190,640,111,15443,0.22891566265032662,0.6312292358783016,0.335985852836023,0.9541625976561917,0.20191285866078437
medium,20000,909,Unedited Hough vectors from distance-to-stroke,2,12,10,0.31226271645021647,0.5819642857142858,0.16856060606060608,0.0,0.16666666666666663,0,36,77,303,81,15923,0.20263157894683517,0.4873417721488143,0.2862453527439228,0.9765624999999404,0.1670281995657982
medium,20000,910,Unedited Hough vectors from distance-to-stroke,1,6,5,0.3018937728937729,0.5459259259259259,0.19780219780219777,0.0,0.16666666666666663,0,10,46,81,18,16239,0.3622047244065968,0.7187499999887695,0.48167539221951144,0.9939575195311893,0.317241379308157
medium,20000,911,Unedited Hough vectors from distance-to-stroke,5,31,26,0.2808200808671413,0.5274874970231008,0.11118464592984778,0.020338983050847456,0.16129032258064513,4,177,277,836,141,15130,0.24887690925404413,0.6626794258357352,0.361854996336724,0.9403686523436926,0.22089314194559737
medium,20000,912,Unedited Hough vectors from distance-to-stroke,5,21,16,0.3457808643334067,0.6538585858585858,0.13867488443759635,0.0,0.23809523809523814,0,53,193,958,198,15035,0.16768027801896812,0.49360613810615445,0.25032425383643875,0.9294433593749433,0.14306893995541656
medium,20000,913,Unedited Hough vectors from distance-to-stroke,2,8,6,0.4244806674806676,0.7023868312757202,0.36703296703296706,0.04,0.25,1,10,143,275,203,15763,0.3421052631570763,0.41329479768666677,0.3743455492416806,0.9708251953124407,0.23027375201251163
medium,20000,914,Unedited Hough vectors from distance-to-stroke,1,4,3,0.44383333333333336,0.7455555555555555,0.41666666666666663,0.0,0.25,0,1,40,131,36,16177,0.23391812865360284,0.5263157894667589,0.3238866392474553,0.9898071289061896,0.1932367149749119
medium,20000,915,Unedited Hough vectors from distance-to-stroke,4,33,29,0.3592158883313924,0.7208697838109602,0.11351636747624072,0.0,0.12121212121212122,0,91,263,1288,246,14587,0.1695680206317411,0.5166994106080222,0.2553398054529244,0.9063720703124446,0.14635503617131532
medium,20000,916,Unedited Hough vectors from distance-to-stroke,3,15,12,0.3753394699685023,0.6250342130987292,0.33333333333333337,0.02962962962962963,0.19999999999999996,1,27,263,278,339,15504,0.4861367837329277,0.4368770764112344,0.4601924754411263,0.9623413085936913,0.29886363636329677
medium,20000,917,Unedited Hough vectors from distance-to-stroke,5,42,37,0.3202395608797547,0.6239908519153802,0.12290167865707435,0.011834319526627219,0.11904761904761907,4,338,584,1959,457,13384,0.22965001966172643,0.5609990393846677,0.32589285673049134,0.8525390624999479,0.1946666666666018
medium,20000,918,Unedited Hough vectors from distance-to-stroke,3,9,6,0.4844282333262154,0.7991446208112875,0.45739910313901344,0.0,0.33333333333333337,0,7,92,323,282,15687,0.22168674698741764,0.2459893048121765,0.23320659012179829,0.9630737304686912,0.1319942611188924
medium,20000,919,Unedited Hough vectors from distance-to-stroke,1,7,6,0.35758468335787924,0.6666666666666666,0.21649484536082475,0.0,0.1428571428571429,0,6,77,97,58,16152,0.4425287356296407,0.5703703703661455,0.49838187652739285,0.9905395507811895,0.3318965517227074
medium,20000,920,Unedited Hough vectors from distance-to-stroke,1,6,5,0.35361111111111115,0.65,0.2222222222222222,0.0,0.16666666666666663,0,6,86,149,103,16046,0.3659574468069534,0.4550264550240475,0.4056603768624622,0.9846191406249398,0.25443786982173244
medium,20000,921,Unedited Hough vectors from distance-to-stroke,4,16,12,0.3755076187960936,0.6612020086448004,0.26483357452966716,0.0,0.25,0,24,129,474,58,15723,0.2139303482583517,0.6898395721888244,0.32658227811883034,0.9675292968749409,0.19515885022663365
medium,20000,922,Unedited Hough vectors from distance-to-stroke,5,21,16,0.3673724085736005,0.6392139654346785,0.24442675159235672,0.028125,0.23809523809523814,2,64,266,837,324,14957,0.24116047144130448,0.45084745762635453,0.3142350851923179,0.9291381835936933,0.1864050455499745
medium,20000,923,Unedited Hough vectors from distance-to-stroke,5,37,32,0.33335072377188013,0.6393640901077594,0.14619377162629754,0.011538461538461539,0.1351351351351351,3,260,573,1110,394,14307,0.34046345811031464,0.5925542916229654,0.4324528297248538,0.9082031249999445,0.27587867116019454
medium,20000,924,Unedited Hough vectors from distance-to-stroke,4,22,18,0.35785113845096245,0.646828619353346,0.23234390992835208,0.00851063829787234,0.18181818181818177,1,47,264,563,234,15323,0.3192261185002186,0.5301204819266464,0.3984905655679613,0.9513549804686919,0.24882186616376173
medium,20000,925,Unedited Hough vectors from distance-to-stroke,3,11,8,0.39267822608234254,0.7130268199233716,0.22271714922049002,0.0,0.2727272727272727,0,8,97,342,160,15785,0.22095671981726434,0.3774319066133174,0.2787356317172967,0.9693603515624408,0.16193656093462114
medium,20000,926,Unedited Hough vectors from distance-to-stroke,4,24,20,0.3780872827804107,0.705,0.22085308056872033,0.0,0.16666666666666663,0,65,272,610,329,15173,0.30839002267538734,0.4525790349410107,0.36682400491192746,0.9426879882811925,0.22460776217983106
medium,20000,927,Unedited Hough vectors from distance-to-stroke,2,15,13,0.3688559210307771,0.706781914893617,0.18735362997658078,0.0,0.1333333333333333,0,21,83,242,59,16000,0.2553846153838296,0.584507042249405,0.35546038501422816,0.98162841796869,0.21614583333277046
medium,20000,928,Unedited Hough vectors from distance-to-stroke,2,14,12,0.43391312042255437,0.8371069182389936,0.21464646464646464,0.0,0.1428571428571429,0,18,181,518,120,15565,0.2589413447778842,0.6013289036524873,0.36199999957847806,0.9610595703124413,0.22100122100095115
medium,20000,929,Unedited Hough vectors from distance-to-stroke,2,11,9,0.37084894910103827,0.65,0.3008356545961003,0.0,0.18181818181818177,0,6,128,215,214,15827,0.3731778425645097,0.37426900584685885,0.37372262723613625,0.9738159179686905,0.22980251346457845
medium,20000,930,Unedited Hough vectors from distance-to-stroke,2,11,9,0.3875171840354767,0.6829674796747967,0.31000000000000005,0.0,0.18181818181818177,0,8,156,209,230,15789,0.42739726027280167,0.40414507771916025,0.4154460714034124,0.9732055664061906,0.2621848739491392
medium,20000,931,Unedited Hough vectors from distance-to-stroke,4,30,26,0.29879705598455597,0.5967261904761905,0.08468468468468471,0.0,0.1333333333333333,0,138,259,1059,205,14861,0.19650986342928944,0.5581896551712108,0.29068462363246506,0.9228515624999436,0.17005909389351934
medium,20000,932,Unedited Hough vectors from distance-to-stroke,5,29,24,0.37926396460292977,0.7282648438218434,0.1715170278637771,0.0,0.1724137931034483,0,87,351,988,271,14774,0.2621359223299013,0.5643086816711185,0.35798062169804296,0.9231567382811936,0.21801242236011303
medium,20000,933,Unedited Hough vectors from distance-to-stroke,2,10,8,0.26538820058997054,0.4653333333333333,0.1799410029498525,0.0,0.19999999999999996,0,18,86,436,86,15776,0.16475095785409052,0.49999999999709305,0.24783861634115395,0.9681396484374409,0.14144736842081998
medium,20000,934,Unedited Hough vectors from distance-to-stroke,1,3,2,0.0824561403508772,0.0,0.24561403508771928,0.0,0.33333333333333337,0,2,17,30,17,16320,0.3617021276518787,0.49999999998529415,0.419753085922268,0.9971313476561892,0.2656249999958496
medium,20000,935,Unedited Hough vectors from distance-to-stroke,4,23,19,0.28159387553881454,0.5113492063492064,0.157179269328802,0.010638297872340425,0.17391304347826086,1,94,250,696,181,15257,0.2642706131075431,0.5800464037109512,0.3631082058148723,0.9464721679686922,0.22182786157921755
medium,20000,936,Unedited Hough vectors from distance-to-stroke,2,5,3,0.3228038277511962,0.52,0.2440191387559809,0.0,0.4,0,4,48,150,89,16097,0.24242424242301808,0.35036496350109225,0.28656716369397195,0.9854125976561898,0.16724738675899914
medium,20000,937,Unedited Hough vectors from distance-to-stroke,4,15,11,0.4217594256023857,0.7284789084947734,0.29850746268656714,0.030303030303030304,0.2666666666666667,1,33,255,644,252,15233,0.2836484983311639,0.5029585798806648,0.36273115174318665,0.9453124999999423,0.2215464813203983
medium,20000,938,Unedited Hough vectors from distance-to-stroke,4,16,12,0.3610714704498527,0.6375706503234594,0.2458233890214797,0.0,0.25,0,39,150,542,124,15568,0.21676300578003357,0.5474452554724546,0.3105590058041571,0.9593505859374414,0.18382352941153943
medium,20000,939,Unedited Hough vectors from distance-to-stroke,2,11,9,0.3639768066463145,0.676063829787234,0.20783132530120485,0.0,0.18181818181818177,0,21,123,164,98,15999,0.4285714285699353,0.5565610859703324,0.4842519680104703,0.9840087890624399,0.3194805194796897
medium,20000,940,Unedited Hough vectors from distance-to-stroke,1,4,3,0.393425925925926,0.65,0.37962962962962965,0.0,0.25,0,1,66,35,66,16217,0.6534653465281834,0.49999999999621214,0.5665236046542025,0.9938354492186893,0.39520958083595686
medium,20000,941,Unedited Hough vectors from distance-to-stroke,3,22,19,0.4332481304699591,0.7994741260418541,0.25891946992864423,0.03225806451612903,0.13636363636363635,1,31,289,562,315,15218,0.3396004700348536,0.4784768211912608,0.39725085862039233,0.9464721679686922,0.24785591766702586
medium,20000,942,Unedited Hough vectors from distance-to-stroke,3,25,22,0.31566538090646096,0.6066666666666667,0.1533269045323047,0.0,0.12,0,90,286,499,187,15412,0.3643312101906187,0.6046511627894193,0.4546899836317811,0.9581298828124415,0.2942386831272693
medium,20000,943,Unedited Hough vectors from distance-to-stroke,4,26,22,0.27499897500776854,0.511286068677373,0.13941368078175898,0.006611570247933885,0.15384615384615385,1,121,308,824,266,14986,0.2720848056534699,0.5365853658527238,0.36107854586021887,0.933471679687443,0.22031473533603696
medium,20000,944,Unedited Hough vectors from distance-to-stroke,3,22,19,0.2140706560645832,0.4065244472127063,0.08749145591250851,0.0,0.13636363636363635,0,93,205,910,107,15162,0.18385650224198757,0.6570512820491762,0.2873160473103413,0.9379272460936927,0.16775777414061557
medium,20000,945,Unedited Hough vectors from distance-to-stroke,1,5,4,0.36345541401273895,0.65,0.2547770700636943,0.0,0.19999999999999996,0,2,39,110,86,16149,0.2617449664411964,0.311999999997504,0.28467153234847353,0.9880371093749397,0.16595744680780444
medium,20000,946,Unedited Hough vectors from distance-to-stroke,2,8,6,0.36571428571428577,0.65,0.2410714285714286,0.0,0.25,0,5,105,202,156,15921,0.3420195439728273,0.4022988505731713,0.3697183093611325,0.9781494140624403,0.2267818574509141
medium,20000,947,Unedited Hough vectors from distance-to-stroke,2,15,13,0.37024746807573755,0.6933333333333334,0.2245706737120211,0.0,0.1333333333333333,0,30,258,425,262,15439,0.3777452415807061,0.49615384615289204,0.4289276803064713,0.9580688476561915,0.2730158730155841
medium,20000,948,Unedited Hough vectors from distance-to-stroke,3,21,18,0.31694854180795584,0.5984494195688225,0.16680294358135728,0.0,0.1428571428571429,0,78,294,734,302,15054,0.2859922178985545,0.4932885906031992,0.3620689650521761,0.9367675781249428,0.22105263157878116
medium,20000,949,Unedited Hough vectors from distance-to-stroke,1,5,4,0.3713454820288882,0.6546153846153846,0.2838427947598253,0.0,0.19999999999999996,0,3,61,144,139,16040,0.2975609756083046,0.304999999998475,0.30123456739982324,0.98272705078119,0.17732558139483337
medium,20000,950,Unedited Hough vectors from distance-to-stroke,3,10,7,0.39845096623340903,0.6392492492492493,0.32061068702290074,0.06666666666666667,0.30000000000000004,1,12,72,164,46,16102,0.30508474576141914,0.6101694915202528,0.40677966057020654,0.9871826171874397,0.25531914893526486
medium,20000,951,Unedited Hough vectors from distance-to-stroke,4,28,24,0.3405139881248313,0.6390782355389096,0.19321533923303835,0.0,0.1428571428571429,0,66,309,835,352,14888,0.270104895104659,0.4674735249614713,0.34238227100356694,0.9275512695311934,0.20655080213889937
medium,20000,952,Unedited Hough vectors from distance-to-stroke,5,45,40,0.29505856308293094,0.5747599930933265,0.11630929174788829,0.008174386920980926,0.11111111111111116,3,367,451,1840,323,13770,0.19685726756866134,0.5826873385005392,0.2942903748262074,0.867980957031197,0.17253251721493018
medium,20000,953,Unedited Hough vectors from distance-to-stroke,4,18,14,0.3770004480286739,0.6856481481481482,0.23118279569892475,0.0,0.2222222222222222,0,36,131,344,88,15821,0.27578947368362994,0.5981735159790038,0.3775216133997999,0.9736328124999406,0.23268206039035047
medium,20000,954,Unedited Hough vectors from distance-to-stroke,1,8,7,0.3976337792642141,0.7666666666666667,0.2006688963210702,0.0,0.125,0,15,90,145,95,16054,0.3829787234026256,0.48648648648385684,0.42857142807647397,0.9853515624999398,0.2727272727264463
medium,20000,955,Unedited Hough vectors from distance-to-stroke,3,14,11,0.3511794960195575,0.5939832285115304,0.31229235880398676,0.0,0.2142857142857143,1,11,103,447,87,15747,0.18727272727238678,0.5421052631550416,0.2783783779959606,0.9674072265624409,0.16169544740947928
medium,20000,956,Unedited Hough vectors from distance-to-stroke,3,18,15,0.3134567534732211,0.5700831900615606,0.1834061135371179,0.014285714285714285,0.16666666666666663,1,70,209,522,188,15465,0.2859097127219071,0.526448362719077,0.37056737542970525,0.9566650390624416,0.22742110990182
medium,20000,957,Unedited Hough vectors from distance-to-stroke,4,24,20,0.42574643277281493,0.8103327391562685,0.19742489270386265,0.01978021978021978,0.16666666666666663,2,91,298,890,404,14792,0.2508417508415397,0.4245014245008198,0.3153439148766429,0.9210205078124437,0.18718592964812364
medium,20000,958,Unedited Hough vectors from distance-to-stroke,1,3,2,0.09366352201257865,0.016666666666666684,0.26415094339622647,0.0,0.33333333333333337,0,1,27,26,24,16307,0.509433962254539,0.5294117646955018,0.5192307687209688,0.9969482421874392,0.35064935064479674
medium,20000,959,Unedited Hough vectors from distance-to-stroke,3,11,8,0.36024971472042605,0.5744444444444444,0.37238493723849375,0.0,0.2727272727272727,0,7,72,152,110,16050,0.3214285714271365,0.395604395602222,0.35467980245926867,0.9840087890624399,0.21556886227480368
medium,20000,960,Unedited Hough vectors from distance-to-stroke,2,13,11,0.26352747252747255,0.45499999999999996,0.18125000000000002,0.028571428571428574,0.15384615384615385,1,28,93,161,82,16048,0.36614173228202307,0.5314285714255347,0.4335664330813678,0.9851684570311898,0.2767857142848905
medium,20000,961,Unedited Hough vectors from distance-to-stroke,5,26,21,0.2978352508265458,0.5415074960475386,0.16256157635467983,0.009655172413793102,0.1923076923076923,2,145,335,921,346,14782,0.2667197452227176,0.491923641702655,0.34589571456693485,0.9226684570311937,0.20911360798988196
medium,20000,962,Unedited Hough vectors from distance-to-stroke,4,16,12,0.36918388529709295,0.624957264957265,0.23522012578616347,0.06363636363636363,0.25,3,44,239,402,225,15518,0.3728549141959862,0.5150862068954416,0.43257918503240805,0.9617309570311913,0.27598152424910394
medium,20000,963,Unedited Hough vectors from distance-to-stroke,3,12,9,0.3759499233353995,0.6165079365079364,0.32450331125827814,0.034482758620689655,0.25,1,29,67,188,75,16054,0.2627450980381853,0.47183098591217026,0.33753148568490376,0.9839477539061899,0.2030303030296878
medium,20000,964,Unedited Hough vectors from distance-to-stroke,5,31,26,0.3901444725792587,0.746076383069847,0.16347237880496057,0.0223463687150838,0.16129032258064513,4,179,384,915,293,14792,0.29561200923764774,0.567208271786459,0.38866396716048507,0.9262695312499435,0.24120603015060227
medium,20000,965,Unedited Hough vectors from distance-to-stroke,1,4,3,0.37005474452554754,0.65,0.26277372262773724,0.0,0.25,0,5,65,46,52,16221,0.58558558558031,0.5555555555508072,0.5701754380918359,0.9940185546874393,0.39877300613252287
medium,20000,966,Unedited Hough vectors from distance-to-stroke,5,34,29,0.25877123473171604,0.47626262626262633,0.1401151631477927,0.006896551724137931,0.1470588235294118,1,145,361,905,293,14825,0.2851500789887163,0.5519877675832539,0.3760416662170758,0.9268798828124434,0.23155869146874178
medium,20000,967,Unedited Hough vectors from distance-to-stroke,5,26,21,0.23231891758239076,0.40238095238095234,0.15180545320560057,0.006622516556291391,0.1923076923076923,1,151,265,716,209,15194,0.2701325178386645,0.5590717299566265,0.36426116794508895,0.9435424804686924,0.22268907563006496
medium,20000,968,Unedited Hough vectors from distance-to-stroke,3,16,13,0.3371761954261954,0.6066666666666667,0.2079002079002079,0.015384615384615385,0.1875,1,26,140,278,174,15792,0.3349282296642705,0.44585987261004506,0.3825136607112336,0.9724121093749406,0.23648648648608703
medium,20000,969,Unedited Hough vectors from distance-to-stroke,1,9,8,0.4048384554767534,0.7983539094650206,0.17234042553191486,0.0,0.11111111111111116,0,16,175,135,119,15955,0.564516129030437,0.5952380952360706,0.5794701981739288,0.9844970703124399,0.4079254079244571
medium,20000,970,Unedited Hough vectors from distance-to-stroke,1,3,2,0.35284259259259265,0.5783333333333334,0.2962962962962963,0.0,0.33333333333333337,0,1,45,79,80,16180,0.36290322580352496,0.35999999999712,0.36144578262963506,0.9902954101561895,0.22058823529303634
medium,20000,971,Unedited Hough vectors from distance-to-stroke,1,7,6,0.34377201565557736,0.65,0.18493150684931503,0.0,0.1428571428571429,0,9,51,77,35,16221,0.39843749999688727,0.5930232558070578,0.4766355135334964,0.9931640624999394,0.3128834355809026
medium,20000,972,Unedited Hough vectors from distance-to-stroke,2,10,8,0.16798125292922983,0.2183783783783784,0.24855491329479773,0.0,0.19999999999999996,0,16,86,175,88,16035,0.32950191570754983,0.4942528735603779,0.3954022983687568,0.9839477539061899,0.24641833810817645
medium,20000,973,Unedited Hough vectors from distance-to-stroke,1,4,3,0.3550000000000001,0.65,0.1875,0.0,0.25,0,3,28,47,26,16283,0.37333333332835555,0.5185185185089164,0.43410852663830296,0.9955444335936892,0.2772277227695324
medium,20000,974,Unedited Hough vectors from distance-to-stroke,5,24,19,0.37019337347625236,0.6425252525252525,0.2450436161776368,0.044859813084112146,0.20833333333333337,5,107,352,673,268,15091,0.3434146341460064,0.5677419354829553,0.42796352536565335,0.9425659179686925,0.27223511214209417
medium,20000,975,Unedited Hough vectors from distance-to-stroke,5,28,23,0.31325648509905935,0.5995757575757575,0.127951256664128,0.0,0.1785714285714286,0,127,240,785,147,15212,0.2341463414631862,0.6201550387580874,0.3399433423778028,0.9431152343749424,0.2047781569964123
medium,20000,976,Unedited Hough vectors from distance-to-stroke,5,27,22,0.39549770086790936,0.7279282147315855,0.22032786885245903,0.02138364779874214,0.18518518518518523,4,159,419,807,362,14796,0.34176182707965597,0.5364916773360608,0.4175386143721966,0.9286499023436933,0.2638539042819497
medium,20000,977,Unedited Hough vectors from distance-to-stroke,1,4,3,0.508304684142673,0.8803418803418804,0.43575418994413406,0.0,0.25,0,1,20,144,59,16161,0.12195121951145152,0.2531645569588207,0.1646090530577656,0.9876098632811897,0.08968609865430635
medium,20000,978,Unedited Hough vectors from distance-to-stroke,1,3,2,0.4058333333333334,0.65,0.4,0.0,0.33333333333333337,0,1,16,59,15,16294,0.21333333333048887,0.5161290322414152,0.3018867920332859,0.9954833984374392,0.17777777777580248
medium,20000,979,Unedited Hough vectors from distance-to-stroke,5,20,15,0.3214189594391994,0.5477178077627853,0.24972972972972973,0.0,0.25,0,35,229,563,213,15379,0.28914141414104905,0.5180995475101401,0.37115072887511596,0.9526367187499418,0.2278606965171862
medium,20000,980,Unedited Hough vectors from distance-to-stroke,1,2,1,0.8575598086124402,0.8787878787878787,0.8105263157894737,1.0,0.5,0,0,0,97,78,16209,0.0,0.0,0.0,0.9893188476561896,0.0
medium,20000,981,Unedited Hough vectors from distance-to-stroke,5,24,19,0.3626545766693774,0.6920023894862604,0.15210084033613447,0.0,0.20833333333333337,0,87,245,724,137,15278,0.2528379772959207,0.6413612565428237,0.36269430011198994,0.9474487304686922,0.22151898734157185
medium,20000,982,Unedited Hough vectors from distance-to-stroke,4,24,20,0.31487689393939394,0.6055555555555556,0.12855113636363635,0.0,0.16666666666666663,0,86,242,926,186,15030,0.20719178082174042,0.5654205607463425,0.3032581449705184,0.932128906249943,0.17872968980784437
medium,20000,983,Unedited Hough vectors from distance-to-stroke,3,6,3,0.5219562674802949,0.7769720597790772,0.6115942028985507,0.0,0.5,0,1,140,205,227,15812,0.40579710144809916,0.38147138964473715,0.3932584264656649,0.9736328124999406,0.24475524475481686
medium,20000,984,Unedited Hough vectors from distance-to-stroke,3,12,9,0.2094660223497433,0.3190909090909091,0.17758985200845667,0.02142857142857143,0.25,1,28,98,258,98,15930,0.27528089887563123,0.499999999997449,0.35507246330883746,0.9782714843749403,0.21585903083652894
medium,20000,985,Unedited Hough vectors from distance-to-stroke,1,6,5,0.5146937442474986,0.8715596330275229,0.529126213592233,0.0,0.16666666666666663,0,4,146,37,190,16011,0.7978142076459136,0.4345238095225163,0.5626204234333848,0.9861450195311898,0.39142091152710073
medium,20000,986,Unedited Hough vectors from distance-to-stroke,3,15,12,0.3319598038466994,0.6093473193473193,0.1887675507020281,0.0,0.19999999999999996,0,19,149,404,143,15688,0.2694394213376683,0.5102739726009923,0.35266272144035854,0.9666137695311909,0.21408045976980736
medium,20000,987,Unedited Hough vectors from distance-to-stroke,3,20,17,0.3311171113866635,0.6187912087912087,0.17248255234297105,0.012658227848101266,0.15000000000000002,1,79,189,572,163,15460,0.24835742444119796,0.5369318181802928,0.3396226410763427,0.9551391601561917,0.20454545454523318
medium,20000,988,Unedited Hough vectors from distance-to-stroke,2,11,9,0.42854199541551086,0.7651709401709402,0.33016627078384797,0.0,0.18181818181818177,0,15,85,264,182,15853,0.2435530085952907,0.3183520599239013,0.27597402548199,0.9727783203124406,0.16007532956655354
medium,20000,989,Unedited Hough vectors from distance-to-stroke,4,21,17,0.30631644315225176,0.554766803840878,0.18811881188118806,0.0,0.19047619047619047,0,69,200,414,210,15560,0.3257328990222708,0.4878048780475907,0.39062499951908114,0.9619140624999413,0.24271844660164718
medium,20000,990,Unedited Hough vectors from distance-to-stroke,2,14,12,0.3620557459525409,0.677843137254902,0.21370309951060362,0.0,0.1428571428571429,0,27,169,360,94,15761,0.31947069943228834,0.6425855513283553,0.42676767632299956,0.9722900390624406,0.2712680577844763
medium,20000,991,Unedited Hough vectors from distance-to-stroke,5,26,21,0.30586101679048905,0.5777294685990338,0.12371794871794872,0.007633587786259542,0.1923076923076923,1,131,251,941,192,15000,0.21057046979848107,0.5665914221206172,0.307033638748285,0.9308471679686932,0.18135838150275913
medium,20000,992,Unedited Hough vectors from distance-to-stroke,5,26,21,0.30790472430742044,0.5554358974358974,0.18639262934089296,0.005797101449275362,0.1923076923076923,1,138,272,858,204,15050,0.24070796460155688,0.5714285714273709,0.33872976296979107,0.9351806640624429,0.2038980509743599
medium,20000,993,Unedited Hough vectors from distance-to-stroke,4,25,21,0.37908424994162576,0.7162079867925115,0.20395327942497754,0.0,0.16000000000000003,0,49,348,592,327,15117,0.370212765957053,0.5155555555547918,0.43095975183491003,0.9439086914061924,0.2746645619571629
medium,20000,994,Unedited Hough vectors from distance-to-stroke,3,9,6,0.41627193694607945,0.6891452991452991,0.3641160949868074,0.0,0.33333333333333337,0,7,53,305,88,15938,0.14804469273701665,0.3758865248200292,0.21242484929310326,0.9760131835936904,0.11883408071722235
medium,20000,995,Unedited Hough vectors from distance-to-stroke,4,24,20,0.37753841069952293,0.7446891628470576,0.11928429423459241,0.007619047619047619,0.16666666666666663,1,105,219,920,281,14964,0.19227392449500239,0.43799999999912403,0.2672361191607868,0.9266967773436934,0.15422535211256744
medium,20000,996,Unedited Hough vectors from distance-to-stroke,1,10,9,0.3697177338289268,0.7016151202749142,0.21995464852607705,0.0,0.09999999999999998,0,11,162,177,148,15897,0.47787610619328064,0.5225806451596046,0.4992295834748065,0.9801635742186902,0.33264887063586723
medium,20000,997,Unedited Hough vectors from distance-to-stroke,5,19,14,0.3416908209333186,0.5909310496267018,0.22177009155645977,0.02040816326530612,0.26315789473684215,1,49,272,495,253,15364,0.35462842242457027,0.5180952380942513,0.4210526310958375,0.9543457031249417,0.2666666666664052
medium,20000,998,Unedited Hough vectors from distance-to-stroke,3,16,13,0.37336297572670063,0.7123787167449139,0.17021276595744683,0.0,0.1875,0,33,201,447,210,15526,0.3101851851847065,0.4890510948893211,0.37960339895775325,0.9598999023436914,0.23426573426546124
medium,20000,999,Unedited Hough vectors from distance-to-stroke,3,13,10,0.34102714932126693,0.6090196078431372,0.21945701357466063,0.0,0.23076923076923073,0,15,109,253,122,15900,0.30110497237485884,0.47186147185942917,0.3676222592196196,0.9771118164061904,0.22520661156978264
medium,20000,1000,Unedited Hough vectors from distance-to-stroke,5,25,20,0.3180884070058382,0.5963636363636363,0.14862385321100913,0.0,0.19999999999999996,0,96,212,648,189,15335,0.2465116279066901,0.5286783042380832,0.3362410780748333,0.948913574218692,0.20209723546215244
medium,20000,1001,Unedited Hough vectors from distance-to-stroke,4,22,18,0.3140818240414221,0.6006783468104223,0.12797374897456937,0.0,0.18181818181818177,0,78,214,743,135,15292,0.22361546499454169,0.6131805157575554,0.3277182231913246,0.9464111328124422,0.1959706959705165
medium,20000,1002,Unedited Hough vectors from distance-to-stroke,5,23,18,0.2641200675037502,0.46477912768235347,0.16267942583732053,0.002777777777777777,0.21739130434782605,1,72,261,670,276,15177,0.28034371643364087,0.48603351955216756,0.35558583059820315,0.9422607421874425,0.2162386081191249
medium,20000,1003,Unedited Hough vectors from distance-to-stroke,2,10,8,0.35604188662644554,0.6276602564102565,0.2679738562091504,0.0,0.19999999999999996,0,13,95,281,121,15887,0.25265957446741316,0.4398148148127787,0.32094594548138466,0.9754638671874404,0.19114688128734175
medium,20000,1004,Unedited Hough vectors from distance-to-stroke,3,22,19,0.33705553438630953,0.6458119658119658,0.14735226400613965,0.013333333333333334,0.13636363636363635,1,75,214,907,192,15071,0.19090098126655583,0.527093596057815,0.2802881463021183,0.932922363281193,0.16298552932203886
medium,20000,1005,Unedited Hough vectors from distance-to-stroke,5,24,19,0.3329515267561713,0.6143813131313132,0.16260801256873525,0.0125,0.20833333333333337,1,80,208,844,158,15174,0.1977186311785193,0.5683060109274091,0.2933709446095556,0.9388427734374427,0.17190082644613894
medium,20000,1006,Unedited Hough vectors from distance-to-stroke,5,27,22,0.34931796174736685,0.6709714839549922,0.14431137724550902,0.0,0.18518518518518523,0,93,255,1125,132,14872,0.18478260869551827,0.658914728680468,0.28862478743346953,0.9232788085936936,0.1686507936506821
medium,20000,1007,Unedited Hough vectors from distance-to-stroke,1,3,2,0.389469696969697,0.65,0.31818181818181823,0.0,0.33333333333333337,0,1,12,35,3,16334,0.2553191489307379,0.7999999999466667,0.38709677381425606,0.997680664062439,0.23999999999520003
medium,20000,1008,Unedited Hough vectors from distance-to-stroke,5,21,16,0.3899907392574819,0.7067982456140351,0.20489573889392565,0.02857142857142857,0.23809523809523814,3,105,232,617,247,15288,0.2732626619549196,0.4843423799572352,0.3493975898997326,0.9472656249999422,0.2116788321165952
medium,20000,1009,Unedited Hough vectors from distance-to-stroke,1,7,6,0.35546992481203016,0.65,0.24342105263157898,0.0,0.1428571428571429,0,7,86,156,168,15974,0.3553719008249778,0.33858267716402135,0.3467741930472815,0.9802246093749402,0.209756097560464
medium,20000,1010,Unedited Hough vectors from distance-to-stroke,3,17,14,0.382086928892446,0.681708645336964,0.28835489833641403,0.0,0.17647058823529416,0,17,88,363,136,15797,0.19512195121907955,0.39285714285538903,0.2607407402965158,0.9695434570311908,0.14991482112410576
medium,20000,1011,Unedited Hough vectors from distance-to-stroke,3,16,13,0.4184792856554617,0.762408257856019,0.2832278481012658,0.0,0.1875,0,24,147,366,187,15684,0.2865497076017806,0.4401197604777242,0.3471074375380404,0.966247558593691,0.2099999999997
medium,20000,1012,Unedited Hough vectors from distance-to-stroke,4,12,8,0.3044786096256684,0.4852941176470588,0.2638146167557932,0.0,0.33333333333333337,0,15,100,384,132,15768,0.206611570247507,0.4310344827567628,0.2793296084997035,0.9685058593749408,0.1623376623373988
medium,20000,1013,Unedited Hough vectors from distance-to-stroke,4,15,11,0.41206269365229703,0.7363976288189695,0.2700854700854701,0.0,0.2666666666666667,0,16,136,380,110,15758,0.2635658914723574,0.5528455284530372,0.35695538013926603,0.9700927734374407,0.21725239616578715
medium,20000,1014,Unedited Hough vectors from distance-to-stroke,4,17,13,0.3276335023092975,0.595574987437975,0.18047673098751416,0.0,0.23529411764705888,0,32,127,632,162,15463,0.16732542819477295,0.4394463667804864,0.24236641181384208,0.9515380859374419,0.13789359391950284
medium,20000,1015,Unedited Hough vectors from distance-to-stroke,2,13,11,0.3555400906384805,0.6570588235294117,0.2223950233281493,0.0,0.15384615384615385,0,30,139,423,146,15676,0.24733096085365244,0.48771929824390275,0.32821723686084786,0.965270996093691,0.19632768361554193
medium,20000,1016,Unedited Hough vectors from distance-to-stroke,2,6,4,0.4132568536447417,0.7164728682170542,0.28755364806866957,0.0,0.33333333333333337,0,4,79,139,84,16082,0.36238532109925514,0.4846625766841432,0.4146981622379014,0.9863891601561897,0.26158940397264374
medium,20000,1017,Unedited Hough vectors from distance-to-stroke,2,10,8,0.3268867286559594,0.52,0.2751479289940828,0.07142857142857142,0.19999999999999996,1,14,159,150,129,15946,0.5145631067944513,0.5520833333314163,0.5326633160817487,0.9829711914061899,0.3630136986293082
medium,20000,1018,Unedited Hough vectors from distance-to-stroke,2,8,6,0.4078622095713389,0.676740506329114,0.39164490861618795,0.0,0.25,0,7,145,164,252,15823,0.4692556634289021,0.36523929470940747,0.4107648720278511,0.9746093749999405,0.2584670231724448
medium,20000,1019,Unedited Hough vectors from distance-to-stroke,3,13,10,0.2246162489196197,0.33999999999999997,0.24269662921348312,0.0,0.23076923076923073,0,12,120,251,168,15845,0.32345013477001766,0.4166666666652199,0.36418816339150006,0.9744262695311905,0.22263450834838103
medium,20000,1020,Unedited Hough vectors from distance-to-stroke,4,21,17,0.2464165935677563,0.44039952295766244,0.1459459459459459,0.0,0.19047619047619047,0,62,210,586,227,15361,0.2638190954770555,0.4805491990835685,0.34063260294816056,0.9503784179686919,0.2052785923751659
medium,20000,1021,Unedited Hough vectors from distance-to-stroke,5,28,23,0.3649306781813423,0.6763505452830072,0.18999404407385345,0.018867924528301886,0.1785714285714286,2,106,338,952,112,14982,0.2620155038757659,0.751111111109442,0.38850574674251814,0.9350585937499429,0.24108416547771677
medium,20000,1022,Unedited Hough vectors from distance-to-stroke,5,24,19,0.28257312313742794,0.5152572988867885,0.1385941644562334,0.008620689655172414,0.20833333333333337,1,116,302,973,236,14873,0.23686274509785343,0.5613382899617819,0.3331494755888759,0.9262084960936935,0.1998676373261417
medium,20000,1023,Unedited Hough vectors from distance-to-stroke,5,21,16,0.3703520956393698,0.6108654970760233,0.2711442786069652,0.06969696969696969,0.23809523809523814,5,66,223,758,395,15008,0.22731906218121578,0.3608414239476362,0.27892432723023497,0.9296264648436933,0.1620639534882543
medium,20000,1024,Unedited Hough vectors from distance-to-stroke,3,23,20,0.3464402321346109,0.667985347985348,0.1640167364016737,0.0,0.13043478260869568,0,63,196,769,137,15282,0.20310880828994496,0.5885885885868211,0.3020030812821705,0.9447021484374423,0.17785843920129052
medium,20000,1025,Unedited Hough vectors from distance-to-stroke,2,3,1,0.4478377192982457,0.6950000000000001,0.3421052631578947,0.0,0.6666666666666667,0,1,65,89,71,16159,0.42207792207518136,0.477941176467074,0.4482758615678003,0.9902343749999395,0.28888888888760494
medium,20000,1026,Unedited Hough vectors from distance-to-stroke,5,23,18,0.269041068550393,0.46671541803468974,0.1864,0.0,0.21739130434782605,0,98,227,754,205,15198,0.23139653414859185,0.5254629629617467,0.3213021934886839,0.9414672851561925,0.19139966273171047
medium,20000,1027,Unedited Hough vectors from distance-to-stroke,3,16,13,0.36262065052950077,0.6262962962962962,0.2768532526475038,0.02666666666666667,0.1875,1,30,200,402,255,15527,0.3322259136207106,0.4395604395594735,0.37842951701131977,0.9598999023436914,0.23337222870451182
medium,20000,1028,Unedited Hough vectors from distance-to-stroke,5,29,24,0.36556478485815214,0.680835294318003,0.18715697036223933,0.018064516129032256,0.1724137931034483,3,155,516,869,409,14590,0.3725631768950379,0.5578378378372347,0.4467532462726872,0.9219970703124437,0.2876254180600403
medium,20000,1029,Unedited Hough vectors from distance-to-stroke,4,27,23,0.39895336306897655,0.7541931464174455,0.2102446483180428,0.010810810810810811,0.14814814814814814,1,74,323,698,249,15114,0.3163565132220212,0.5646853146843275,0.4055241677752455,0.9421997070311925,0.25433070866121704
medium,20000,1030,Unedited Hough vectors from distance-to-stroke,3,16,13,0.30094721767594107,0.55,0.17348608837970536,0.0,0.1875,0,21,83,427,91,15783,0.16274509803889659,0.4770114942501322,0.2426900580994751,0.9683837890624408,0.13810316139744075
medium,20000,1031,Unedited Hough vectors from distance-to-stroke,4,19,15,0.4043156185919344,0.7472222222222222,0.2350649350649351,0.0,0.21052631578947367,0,34,188,429,262,15505,0.3047001620740605,0.4177777777768494,0.3523898776746618,0.9578247070311915,0.21387940841841424
medium,20000,1032,Unedited Hough vectors from distance-to-stroke,4,14,10,0.33560841224866583,0.5071455293677516,0.34865293185419965,0.03636363636363636,0.2857142857142857,2,33,128,411,268,15577,0.23747680890493975,0.323232323231507,0.2737967909549601,0.9585571289061915,0.15861214374205873
medium,20000,1033,Unedited Hough vectors from distance-to-stroke,1,9,8,0.2763611111111111,0.52,0.15625,0.0,0.11111111111111116,0,15,59,117,61,16147,0.33522727272536806,0.4916666666625694,0.3986486481638513,0.9891357421874396,0.2489451476782745
medium,20000,1034,Unedited Hough vectors from distance-to-stroke,4,18,14,0.31629979131277564,0.5447670006071647,0.21057118499573746,0.027272727272727275,0.2222222222222222,3,66,281,618,349,15136,0.31256952169041985,0.44603174603103807,0.3675604965718952,0.9409790039061925,0.225160256410076
medium,20000,1035,Unedited Hough vectors from distance-to-stroke,4,18,14,0.2948789983758802,0.5495603693879556,0.12677304964539005,0.0,0.2222222222222222,0,54,108,771,68,15437,0.12286689419781244,0.6136363636328771,0.2047393362145145,0.948791503906192,0.114044350580661
medium,20000,1036,Unedited Hough vectors from distance-to-stroke,2,6,4,0.4695101317704743,0.7499707602339182,0.4934497816593887,0.0,0.33333333333333337,0,3,43,179,72,16090,0.19369369369282122,0.3739130434750094,0.25519287788716993,0.9846801757811898,0.14625850340086308
medium,20000,1037,Unedited Hough vectors from distance-to-stroke,1,7,6,0.3902909698130793,0.7194623655913979,0.2612359550561798,0.0,0.1428571428571429,0,7,145,175,139,15925,0.453124999998584,0.5105633802798925,0.4801324498313123,0.9808349609374402,0.31590413943286294
medium,20000,1038,Unedited Hough vectors from distance-to-stroke,2,10,8,0.4045186922738601,0.7108771929824561,0.3231197771587744,0.0,0.19999999999999996,0,8,87,248,81,15968,0.25970149253653824,0.5178571428540604,0.34592445283405737,0.9799194335936902,0.20913461538411265
medium,20000,1039,Unedited Hough vectors from distance-to-stroke,2,6,4,0.4643454655938312,0.7676558265582656,0.4278350515463918,0.0,0.33333333333333337,0,1,71,118,104,16091,0.37566137565938806,0.4057142857119674,0.3901098896084864,0.9864501953124397,0.24232081911180095
medium,20000,1040,Unedited Hough vectors from distance-to-stroke,2,9,7,0.4318412216438533,0.7532051282051283,0.3533834586466166,0.0,0.2222222222222222,0,18,47,171,111,16055,0.21559633027424038,0.29746835442849706,0.24999999951140225,0.9827880859374399,0.14285714285670864
medium,20000,1041,Unedited Hough vectors from distance-to-stroke,4,20,16,0.24946332317787676,0.4470588235294118,0.14143426294820716,0.0,0.19999999999999996,0,55,115,698,134,15437,0.14145141451397117,0.46184738955637816,0.21657250434870962,0.949218749999942,0.12143611404422235
medium,20000,1042,Unedited Hough vectors from distance-to-stroke,5,22,17,0.37331023892230786,0.6995454545454546,0.17893755824790303,0.0,0.2272727272727273,0,43,206,743,338,15097,0.21707060063201575,0.3786764705875392,0.275954453655646,0.9340209960936929,0.1600621600620357
medium,20000,1043,Unedited Hough vectors from distance-to-stroke,4,20,16,0.28531048727323866,0.5168589743589743,0.16361974405850088,0.0,0.19999999999999996,0,39,181,726,122,15355,0.19955898566681415,0.597359735971626,0.2991735533431009,0.948242187499942,0.17589893100080087
medium,20000,1044,Unedited Hough vectors from distance-to-stroke,3,16,13,0.32390677208510077,0.6061782076441454,0.16188289322617677,0.0,0.1875,0,65,128,580,102,15574,0.18079096045172205,0.5565217391280152,0.2729211083712658,0.9583740234374415,0.1580246913578296
medium,20000,1045,Unedited Hough vectors from distance-to-stroke,3,17,14,0.4214340958605665,0.7667489711934157,0.29374999999999996,0.0,0.17647058823529416,0,21,225,497,135,15527,0.3116343490300393,0.6249999999982639,0.4158964875404109,0.9614257812499413,0.2625437572925758
medium,20000,1046,Unedited Hough vectors from distance-to-stroke,1,5,4,0.3715604026845638,0.65,0.2953020134228188,0.0,0.19999999999999996,0,6,22,110,23,16229,0.16666666666540406,0.48888888887802473,0.24858757023945868,0.9918823242186894,0.14193548387005203
medium,20000,1047,Unedited Hough vectors from distance-to-stroke,2,11,9,0.39280149903288203,0.7308333333333333,0.22872340425531912,0.0,0.18181818181818177,0,19,165,332,236,15651,0.33199195170959356,0.4114713216947345,0.36748329571870425,0.965332031249941,0.22510231923570928
medium,20000,1048,Unedited Hough vectors from distance-to-stroke,3,13,10,0.3392233877233877,0.5790909090909091,0.2777777777777778,0.0,0.23076923076923073,0,17,178,347,222,15637,0.3390476190469732,0.4449999999988875,0.3848648643731635,0.965270996093691,0.23828647925001567
medium,20000,1049,Unedited Hough vectors from distance-to-stroke,3,17,14,0.3613249293401095,0.6605128205128205,0.20804195804195802,0.01935483870967742,0.17647058823529416,1,31,166,291,103,15824,0.36323851203421614,0.6171003717449178,0.45730027501436227,0.9759521484374404,0.2964285714280421
medium,20000,1050,Unedited Hough vectors from distance-to-stroke,2,5,3,0.4832255244755246,0.7083333333333334,0.6223776223776224,0.0,0.4,0,1,75,72,16,16221,0.5102040816291823,0.8241758241667673,0.6302521003627215,0.9946289062499393,0.4601226993836803
medium,20000,1051,Unedited Hough vectors from distance-to-stroke,4,23,19,0.32022533885791704,0.5589321789321791,0.20657276995305163,0.04,0.17391304347826086,2,50,250,727,226,15181,0.25588536335695405,0.5252100840325101,0.34411562240824856,0.9418334960936925,0.20781379883606999
medium,20000,1052,Unedited Hough vectors from distance-to-stroke,4,22,18,0.34116011679292935,0.631358024691358,0.1943359375,0.0,0.18181818181818177,0,31,221,634,277,15252,0.2584795321634404,0.4437751004007153,0.32668144816699585,0.9443969726561924,0.1952296819786261
medium,20000,1053,Unedited Hough vectors from distance-to-stroke,2,8,6,0.41355023923444983,0.6985964912280702,0.37090909090909085,0.0,0.25,0,6,88,152,72,16072,0.3666666666651389,0.5499999999965626,0.43999999951780006,0.9863281249999398,0.28205128205037805
medium,20000,1054,Unedited Hough vectors from distance-to-stroke,1,8,7,0.3428048780487805,0.65,0.18902439024390238,0.0,0.125,0,10,57,79,41,16207,0.41911764705574184,0.5816326530552894,0.4871794866885091,0.9926757812499394,0.32203389830326534
medium,20000,1055,Unedited Hough vectors from distance-to-stroke,5,27,22,0.38399518018768397,0.7058901660280971,0.23913043478260865,0.0,0.18518518518518523,0,38,260,669,310,15145,0.27987082884792264,0.45614035087639276,0.3468979314828521,0.9402465820311926,0.20984665052444726
medium,20000,1056,Unedited Hough vectors from distance-to-stroke,2,9,7,0.3547222222222222,0.65,0.19999999999999996,0.0,0.2222222222222222,0,14,59,183,49,16093,0.24380165289155456,0.546296296291238,0.33714285671422045,0.9858398437499398,0.20274914089277407
medium,20000,1057,Unedited Hough vectors from distance-to-stroke,2,9,7,0.3953117002669612,0.6913725490196078,0.3098591549295775,0.0,0.2222222222222222,0,7,69,189,65,16061,0.2674418604640797,0.5149253731304857,0.35204081587476577,0.9844970703124399,0.21362229102101046
medium,20000,1058,Unedited Hough vectors from distance-to-stroke,3,8,5,0.2735151789197432,0.39354226020892685,0.29460580912863066,0.0,0.375,0,7,44,165,55,16120,0.2105263157884664,0.44444444443995507,0.2857142852762059,0.9865722656249397,0.16666666666603536
medium,20000,1059,Unedited Hough vectors from distance-to-stroke,2,11,9,0.2690636674968867,0.48750000000000004,0.15753424657534243,0.0,0.18181818181818177,0,16,69,177,96,16042,0.2804878048769086,0.4181818181792838,0.3357664228754507,0.9833374023436899,0.20175438596432235
medium,20000,1060,Unedited Hough vectors from distance-to-stroke,1,1,0,0.8186379928315412,0.654320987654321,0.8709677419354839,1.0,1.0,0,0,0,32,28,16324,0.0,0.0,0.0,0.9963378906249392,0.0
medium,20000,1061,Unedited Hough vectors from distance-to-stroke,3,17,14,0.3033565159677851,0.5613978494623655,0.16540212443095603,0.0,0.17647058823529416,0,25,172,348,138,15726,0.33076923076859466,0.5548387096756295,0.4144578308563101,0.9703369140624407,0.26139817629139606
medium,20000,1062,Unedited Hough vectors from distance-to-stroke,4,26,22,0.30715014372037697,0.5676453448512271,0.17448275862068963,0.005714285714285714,0.15384615384615385,1,140,305,798,290,14991,0.27651858567517995,0.5126050420159453,0.3592461715113499,0.933593749999943,0.2189519023688306
medium,20000,1063,Unedited Hough vectors from distance-to-stroke,3,21,18,0.3489097719279852,0.6769230769230768,0.15004336513443195,0.0,0.1428571428571429,0,63,318,628,224,15214,0.33615221987279476,0.586715867157589,0.42741935437499273,0.9479980468749422,0.2717948717946395
medium,20000,1064,Unedited Hough vectors from distance-to-stroke,1,4,3,0.39041666666666675,0.65,0.36458333333333337,0.0,0.25,0,2,54,37,60,16233,0.5934065934000724,0.47368421052216064,0.5268292677938369,0.9940795898436893,0.3576158940373668
medium,20000,1065,Unedited Hough vectors from distance-to-stroke,2,11,9,0.368474725543274,0.6876282051282051,0.20430107526881724,0.0,0.18181818181818177,0,13,114,464,176,15630,0.19723183390969337,0.39310344827450655,0.2626728106143473,0.9609374999999413,0.15119363395205412
medium,20000,1066,Unedited Hough vectors from distance-to-stroke,1,6,5,0.3527150537634409,0.65,0.217741935483871,0.0,0.16666666666666663,0,5,45,67,45,16227,0.4017857142821269,0.49999999999444444,0.4455445539569651,0.9931640624999394,0.28662420381983045
medium,20000,1067,Unedited Hough vectors from distance-to-stroke,2,8,6,0.39685585345473406,0.6689889836531627,0.3540540540540541,0.0,0.25,0,6,102,224,102,15956,0.3128834355818623,0.49999999999754907,0.38490565990239944,0.9801025390624402,0.238317757008789
medium,20000,1068,Unedited Hough vectors from distance-to-stroke,4,17,13,0.3863095120991541,0.695066889632107,0.25,0.0,0.23529411764705888,0,17,146,350,169,15719,0.29435483870908397,0.4634920634905921,0.36004932134892453,0.9683227539061908,0.21954887218012098
medium,20000,1069,Unedited Hough vectors from distance-to-stroke,3,21,18,0.4037147615171895,0.733775720164609,0.2582710779082177,0.030303030303030304,0.1428571428571429,1,33,247,577,361,15199,0.29975728155303427,0.4062499999993318,0.34497206655000034,0.9427490234374424,0.20843881856522495
medium,20000,1070,Unedited Hough vectors from distance-to-stroke,4,21,17,0.33054912137236725,0.576433944930047,0.23076923076923073,0.023809523809523808,0.19047619047619047,1,42,152,481,129,15622,0.24012638230609776,0.5409252669019896,0.3326039383042845,0.9627685546874412,0.19947506561653613
medium,20000,1071,Unedited Hough vectors from distance-to-stroke,4,18,14,0.34040821612010586,0.5890984654731458,0.26545842217484006,0.0,0.2222222222222222,0,36,102,724,151,15407,0.12348668280856721,0.4031620553343749,0.18906394774074786,0.9465942382811922,0.10440122824963725
medium,20000,1072,Unedited Hough vectors from distance-to-stroke,5,13,8,0.2737476937777941,0.34159579550883906,0.3328402366863905,0.05999999999999999,0.3846153846153846,3,30,206,324,295,15559,0.38867924528228553,0.41117764470975815,0.39961202665771933,0.9622192382811913,0.24969696969666705
medium,20000,1073,Unedited Hough vectors from distance-to-stroke,5,24,19,0.3772620961625967,0.7065692007797271,0.19236311239193082,0.0,0.20833333333333337,0,83,288,836,382,14878,0.25622775800688946,0.42985074626801517,0.32107023364537557,0.9256591796874435,0.1912350597608292
medium,20000,1074,Unedited Hough vectors from distance-to-stroke,4,19,15,0.37229500697227474,0.6936720142602495,0.19544984488107553,0.0,0.21052631578947367,0,36,149,657,314,15264,0.18486352357297164,0.3218142548589162,0.23483057479226582,0.9407348632811926,0.13303571428559552
medium,20000,1075,Unedited Hough vectors from distance-to-stroke,3,24,21,0.3653906365929664,0.7159420289855073,0.15358361774744023,0.0,0.125,0,66,276,720,287,15101,0.27710843373466154,0.49023090586058576,0.3540731233354221,0.9385375976561927,0.21512081059998822
medium,20000,1076,Unedited Hough vectors from distance-to-stroke,2,8,6,0.4465889064435627,0.7615329419439008,0.39449541284403666,0.0,0.25,0,9,29,237,98,16020,0.10902255639056758,0.22834645669111536,0.1475826967628149,0.9795532226561902,0.0796703296701108
medium,20000,1077,Unedited Hough vectors from distance-to-stroke,4,20,16,0.35612367468596984,0.6913455397061955,0.12509090909090914,0.0,0.19999999999999996,0,57,167,902,142,15173,0.1562207670718838,0.5404530744319079,0.2423802608999233,0.9362792968749428,0.13790255986776392
medium,20000,1078,Unedited Hough vectors from distance-to-stroke,5,19,14,0.28737277234588454,0.48994949494949497,0.2028985507246377,0.0,0.26315789473684215,0,27,111,486,123,15664,0.18592964824089458,0.4743589743569472,0.2671480140351975,0.9628295898436912,0.15416666666645254
medium,20000,1079,Unedited Hough vectors from distance-to-stroke,3,19,16,0.38876681821364184,0.7412096774193547,0.1971649484536082,0.0,0.1578947368421053,0,31,125,519,225,15515,0.19409937888168619,0.35714285714183674,0.25150905386919103,0.9545898437499417,0.14384349827371248
medium,20000,1080,Unedited Hough vectors from distance-to-stroke,4,20,16,0.3238874163351064,0.5540051607153125,0.2560335781741868,0.013513513513513514,0.19999999999999996,1,74,240,538,253,15353,0.30848329048803536,0.4868154158205136,0.37765538898166634,0.9517211914061919,0.23278370514041438
medium,20000,1081,Unedited Hough vectors from distance-to-stroke,4,21,17,0.29020167480273856,0.4954545454545454,0.21867612293144212,0.017857142857142856,0.19047619047619047,1,56,182,518,206,15478,0.2599999999996286,0.4690721649472447,0.3345588230699138,0.9558105468749416,0.2008830022072838
medium,20000,1082,Unedited Hough vectors from distance-to-stroke,1,6,5,0.6519666666666666,0.65,0.46399999999999997,1.0,0.16666666666666663,0,0,61,70,122,16131,0.4656488549582775,0.3333333333315119,0.3885350313583716,0.9882812499999396,0.24110671936663594
medium,20000,1083,Unedited Hough vectors from distance-to-stroke,2,12,10,0.3688551943671473,0.7063559322033898,0.17164179104477617,0.0,0.16666666666666663,0,18,157,303,129,15795,0.341304347825345,0.5489510489491296,0.420911527676207,0.9736328124999406,0.26655348047492944
medium,20000,1084,Unedited Hough vectors from distance-to-stroke,2,6,4,0.5228168186169273,0.8129501584557763,0.6182795698924731,0.0,0.33333333333333337,0,1,18,154,99,16113,0.10465116279008925,0.1538461538448389,0.12456747356569008,0.9845581054686898,0.06642066420639697
medium,20000,1085,Unedited Hough vectors from distance-to-stroke,2,11,9,0.2859752964426877,0.45499999999999996,0.3152173913043478,0.0,0.18181818181818177,0,13,120,140,155,15969,0.46153846153668643,0.4363636363620496,0.4485981303398376,0.98199462890619,0.28915662650532736
medium,20000,1086,Unedited Hough vectors from distance-to-stroke,1,7,6,0.33934385382059806,0.65,0.16279069767441856,0.0,0.1428571428571429,0,9,84,95,30,16175,0.46927374301413816,0.7368421052566944,0.573378839111137,0.9923706054686894,0.4019138755961631
medium,20000,1087,Unedited Hough vectors from distance-to-stroke,2,14,12,0.3036591414993017,0.5864728682170544,0.12730318257956452,0.0,0.1428571428571429,0,35,129,350,113,15792,0.26931106471760063,0.5330578512374667,0.3578363379718953,0.9717407226561907,0.21790540540503733
medium,20000,1088,Unedited Hough vectors from distance-to-stroke,5,25,20,0.25350608695652177,0.4840579710144928,0.07840000000000003,0.0,0.19999999999999996,0,83,143,847,125,15269,0.14444444444429855,0.5335820895502479,0.22734499171520903,0.9406738281249426,0.12825112107611816
medium,20000,1089,Unedited Hough vectors from distance-to-stroke,4,17,13,0.29529756965482123,0.45682560903149144,0.2908045977011494,0.03214285714285715,0.23529411764705888,2,56,228,443,279,15434,0.3397913561842924,0.4497041420109473,0.3870967737025821,0.9559326171874416,0.23999999999974736
medium,20000,1090,Unedited Hough vectors from distance-to-stroke,3,13,10,0.3205485829959514,0.5768376068376069,0.18947368421052635,0.0,0.23076923076923073,0,23,56,354,37,15937,0.1365853658533254,0.6021505376279338,0.22266401560227503,0.9761352539061904,0.12527964205788528
medium,20000,1091,Unedited Hough vectors from distance-to-stroke,4,16,12,0.2997054953560372,0.5258333333333334,0.19040247678018574,0.0,0.25,0,39,101,429,134,15720,0.1905660377354895,0.42978723404072433,0.2640522871553608,0.965637207031191,0.1521084337347107
medium,20000,1092,Unedited Hough vectors from distance-to-stroke,3,10,7,0.27143390052356026,0.42250000000000004,0.25654450261780104,0.0,0.30000000000000004,0,6,70,264,114,15936,0.2095808383227258,0.3804347826066281,0.2702702698111537,0.9769287109374404,0.15624999999965122
medium,20000,1093,Unedited Hough vectors from distance-to-stroke,5,27,22,0.3569725785963603,0.6572463768115943,0.21346595256312162,0.0,0.18518518518518523,0,58,229,876,286,14993,0.20723981900433733,0.44466019417389385,0.2827160489486869,0.9290771484374433,0.16462976276048552
medium,20000,1094,Unedited Hough vectors from distance-to-stroke,5,31,26,0.3645664220287876,0.7135097001763668,0.1367901234567901,0.0,0.16129032258064513,0,132,261,1338,293,14492,0.16322701688545138,0.4711191335731568,0.24245239162871365,0.900451660156195,0.1379492600422104
medium,20000,1095,Unedited Hough vectors from distance-to-stroke,3,12,9,0.41786084756483244,0.623442265795207,0.5282258064516129,0.02666666666666667,0.25,1,15,44,193,143,16004,0.18565400843803523,0.23529411764580058,0.20754716931729486,0.9794921874999402,0.11578947368390582
medium,20000,1096,Unedited Hough vectors from distance-to-stroke,2,7,5,0.13759169884169886,0.175,0.15135135135135136,0.0,0.2857142857142857,0,11,21,130,9,16224,0.1390728476811982,0.6999999999766666,0.2320441986159153,0.9915161132811895,0.1312499999991797
medium,20000,1097,Unedited Hough vectors from distance-to-stroke,4,33,29,0.2697272545817456,0.5286666666666667,0.09853021230266734,0.0,0.12121212121212122,0,191,372,984,219,14809,0.2743362831856384,0.6294416243644172,0.3821263478048406,0.9265747070311934,0.23619047619032624
medium,20000,1098,Unedited Hough vectors from distance-to-stroke,5,21,16,0.32124337938606173,0.5690633608815427,0.2067767158992181,0.0,0.23809523809523814,0,64,228,699,301,15156,0.24595469255636898,0.4310018903583535,0.31318681272374355,0.9389648437499427,0.18566775244284556
medium,20000,1099,Unedited Hough vectors from distance-to-stroke,1,8,7,0.36371311475409834,0.6755555555555556,0.23606557377049175,0.0,0.125,0,12,111,152,110,16011,0.4220532319375587,0.5022624434366414,0.458677685452283,0.9840087890624399,0.2975871313664944
medium,20000,1100,Unedited Hough vectors from distance-to-stroke,2,10,8,0.3436512835764418,0.5950327004219409,0.24155405405405406,0.030303030303030304,0.19999999999999996,1,33,156,270,236,15722,0.3661971830977319,0.3979591836724542,0.3814180924094667,0.9691162109374408,0.2356495468274386
medium,20000,1101,Unedited Hough vectors from distance-to-stroke,2,12,10,0.3525917431192661,0.65,0.21712538226299694,0.0,0.16666666666666663,0,12,66,231,59,16028,0.222222222221474,0.527999999995776,0.3127962081123852,0.98229980468744,0.18539325842644552
medium,20000,1102,Unedited Hough vectors from distance-to-stroke,4,27,23,0.3894208884013982,0.7381400208986416,0.21221532091097306,0.0,0.14814814814814814,0,66,196,648,259,15281,0.2322274881513836,0.43076923076828405,0.3017705923080382,0.9446411132811923,0.17769718948306645
medium,20000,1103,Unedited Hough vectors from distance-to-stroke,3,7,4,0.47006475956475957,0.6993502593502593,0.5625,0.0,0.4285714285714286,0,2,45,145,66,16128,0.23684210526191138,0.40540540540175307,0.2990033217915917,0.9871215820311897,0.17578124999931335
medium,20000,1104,Unedited Hough vectors from distance-to-stroke,5,25,20,0.34566404027772596,0.6210262172284644,0.2019933554817276,0.023214285714285715,0.19999999999999996,3,112,303,909,206,14966,0.24999999999979372,0.5952848722974553,0.35212085954815675,0.931945800781193,0.2136812411846166
medium,20000,1105,Unedited Hough vectors from distance-to-stroke,2,10,8,0.44456698976356557,0.8156626506024096,0.28759398496240607,0.0,0.19999999999999996,0,5,187,285,286,15626,0.3961864406771267,0.3953488372084665,0.39576719526635873,0.965148925781191,0.24670184696537376
medium,20000,1106,Unedited Hough vectors from distance-to-stroke,5,34,29,0.31256117350577833,0.6036948431685274,0.12329434697855746,0.006134969325153374,0.1470588235294118,1,163,383,1299,287,14415,0.22770511296062562,0.571641791043923,0.3256802717011336,0.9031982421874448,0.19451498222438066
medium,20000,1107,Unedited Hough vectors from distance-to-stroke,4,23,19,0.34598883369535544,0.6404299754299754,0.202020202020202,0.0,0.17391304347826086,0,75,341,888,291,14864,0.27746135069139344,0.5395569620244627,0.3664696395295671,0.9280395507811934,0.2243421052630103
medium,20000,1108,Unedited Hough vectors from distance-to-stroke,4,19,15,0.3159021461420542,0.5922222222222222,0.14174757281553396,0.0,0.21052631578947367,0,82,250,578,230,15326,0.3019323671493938,0.5208333333322482,0.3822629964767042,0.9506835937499419,0.2362948960300224
medium,20000,1109,Unedited Hough vectors from distance-to-stroke,5,22,17,0.2588940832537948,0.4254281949934124,0.1955307262569832,0.02247191011235955,0.2272727272727273,2,89,314,1000,248,14822,0.23896499238946806,0.5587188612089703,0.3347547970213493,0.9238281249999436,0.20102432778476248
medium,20000,1110,Unedited Hough vectors from distance-to-stroke,3,18,15,0.3620695970695971,0.6829059829059829,0.19047619047619047,0.0,0.16666666666666663,0,21,155,336,109,15784,0.3156822810584202,0.5871212121189882,0.41059602603417744,0.9728393554686906,0.25833333333290276
medium,20000,1111,Unedited Hough vectors from distance-to-stroke,1,2,1,0.7365497076023393,0.654320987654321,0.7105263157894737,1.0,0.5,0,0,28,12,0,16344,0.6999999999825001,0.9999999999642857,0.8235294112560553,0.9992675781249389,0.6999999999825001
medium,20000,1112,Unedited Hough vectors from distance-to-stroke,3,10,7,0.4023215044132731,0.6731541218637993,0.32915360501567403,0.014285714285714282,0.30000000000000004,1,14,64,223,85,16012,0.22299651567866552,0.4295302013393992,0.29357798120012,0.98120117187494,0.1720430107522257
medium,20000,1113,Unedited Hough vectors from distance-to-stroke,3,19,16,0.26296346328879616,0.4763888888888888,0.158675799086758,0.004255319148936169,0.1578947368421053,1,47,183,482,238,15481,0.2751879699243982,0.4346793349158321,0.3370165741102547,0.9560546874999416,0.20265780730874566
medium,20000,1114,Unedited Hough vectors from distance-to-stroke,4,25,21,0.38064912280701757,0.7131091617933722,0.21875,0.0,0.16000000000000003,0,54,260,503,306,15315,0.34076015727347214,0.45936395759636156,0.39127163231701906,0.9506225585936919,0.2432179607107173
medium,20000,1115,Unedited Hough vectors from distance-to-stroke,3,12,9,0.3424323018795734,0.5562835249042145,0.3087378640776699,0.02142857142857143,0.25,1,28,184,284,193,15723,0.3931623931615531,0.488063660476159,0.4355029580846497,0.9708862304686907,0.2783661119511674
medium,20000,1116,Unedited Hough vectors from distance-to-stroke,3,11,8,0.24748281130634073,0.43333333333333335,0.12605042016806722,0.0,0.2727272727272727,0,26,116,404,110,15754,0.2230769230764941,0.5132743362809148,0.3109919566813821,0.9686279296874408,0.18412698412669187
medium,20000,1117,Unedited Hough vectors from distance-to-stroke,1,6,5,0.3562634408602151,0.65,0.23548387096774193,0.0,0.16666666666666663,0,7,93,140,151,16000,0.3991416308995745,0.3811475409820445,0.38993710641687,0.98223876953119,0.2421874999993693
medium,20000,1118,Unedited Hough vectors from distance-to-stroke,3,14,11,0.387856502050581,0.7060606060606059,0.21718749999999998,0.021052631578947368,0.2142857142857143,1,38,195,364,148,15677,0.34883720930170153,0.5685131195318702,0.43237250507095093,0.9687499999999408,0.2758132956148857
medium,20000,1119,Unedited Hough vectors from distance-to-stroke,3,13,10,0.40473057995796835,0.7291834002677376,0.2676056338028169,0.0,0.23076923076923073,0,16,48,463,107,15766,0.09393346379629368,0.3096774193528408,0.14414414378657486,0.965209960937441,0.07766990291249568
medium,20000,1120,Unedited Hough vectors from distance-to-stroke,5,29,24,0.3434237775894348,0.6692438853948289,0.1161846778285135,0.007142857142857143,0.1724137931034483,1,140,242,1333,144,14665,0.1536507936506961,0.626943005179723,0.24681285026999775,0.9098510742186945,0.14077952297839397
medium,20000,1121,Unedited Hough vectors from distance-to-stroke,4,14,10,0.347918198286349,0.5643018018018019,0.327054794520548,0.0,0.2857142857142857,0,13,38,488,157,15701,0.07224334600746722,0.19487179487079553,0.10540915355793021,0.9606323242186914,0.05563689604677066
medium,20000,1122,Unedited Hough vectors from distance-to-stroke,1,3,2,0.40818627450980394,0.65,0.4117647058823529,0.0,0.33333333333333337,0,1,23,55,13,16293,0.29487179486801446,0.638888888871142,0.4035087714906125,0.9958496093749392,0.2527472527444753
medium,20000,1123,Unedited Hough vectors from distance-to-stroke,1,9,8,0.35743650181147774,0.6782191780821918,0.20563380281690136,0.0,0.11111111111111116,0,13,137,165,87,15995,0.4536423841044582,0.6116071428544125,0.5209125470375313,0.9846191406249398,0.3521850899733877
medium,20000,1124,Unedited Hough vectors from distance-to-stroke,2,5,3,0.5343107707509882,0.8736111111111111,0.5059288537549407,0.0,0.4,0,2,164,77,134,16009,0.6804979253083797,0.5503355704679519,0.6085343223233707,0.9871215820311897,0.4373333333321671
medium,20000,1125,Unedited Hough vectors from distance-to-stroke,3,9,6,0.425226750261233,0.6799999999999999,0.42946708463949845,0.0,0.33333333333333337,0,2,83,222,177,15902,0.2721311475400914,0.3192307692295414,0.29380530923664505,0.9756469726561904,0.17219917012412408
medium,20000,1126,Unedited Hough vectors from distance-to-stroke,1,6,5,0.39976958525345624,0.7407407407407407,0.24884792626728114,0.0,0.16666666666666663,0,4,76,127,91,16090,0.3743842364513577,0.4550898203565564,0.41081081031332356,0.9866943359374397,0.258503401359665
medium,20000,1127,Unedited Hough vectors from distance-to-stroke,3,19,16,0.3937641178767832,0.722848200312989,0.2554002541296061,0.006451612903225805,0.1578947368421053,1,31,212,457,261,15454,0.31689088191282977,0.44820295982991926,0.3712784583582111,0.9561767578124416,0.22795698924706673
medium,20000,1128,Unedited Hough vectors from distance-to-stroke,4,19,15,0.26282330827067674,0.4501058201058202,0.1842105263157895,0.009523809523809523,0.21052631578947367,1,63,184,791,252,15157,0.18871794871775516,0.4220183486228853,0.26080793720547624,0.9363403320311928,0.14995925020362677
medium,20000,1129,Unedited Hough vectors from distance-to-stroke,2,14,12,0.24281982942430702,0.43571428571428567,0.1623134328358209,0.0,0.1428571428571429,0,25,147,279,112,15846,0.34507042253440123,0.5675675675653762,0.42919707982043587,0.9761352539061904,0.27323420074298654
medium,20000,1130,Unedited Hough vectors from distance-to-stroke,2,13,11,0.345411267836641,0.65,0.1876332622601279,0.0,0.15384615384615385,0,45,143,194,177,15870,0.42433234421239074,0.44687499999860353,0.4353120238521299,0.9773559570311903,0.27821011673097623
medium,20000,1131,Unedited Hough vectors from distance-to-stroke,2,8,6,0.3893750000000001,0.65,0.359375,0.0,0.25,0,5,12,107,36,16229,0.10084033613360638,0.2499999999947917,0.1437125744389544,0.9912719726561895,0.0774193548382102
medium,20000,1132,Unedited Hough vectors from distance-to-stroke,1,2,1,0.5050815991237678,0.6578787878787878,0.7951807228915663,0.0,0.5,0,1,73,6,134,16171,0.9240506328996955,0.35265700482921425,0.5104895100860922,0.9914550781249395,0.3427230046932267
medium,20000,1133,Unedited Hough vectors from distance-to-stroke,2,11,9,0.35163137307796066,0.65,0.20474777448071213,0.0,0.18181818181818177,0,11,84,189,58,16053,0.3076923076911806,0.5915492957704821,0.4048192766563043,0.9849243164061898,0.25377643504455055
medium,20000,1134,Unedited Hough vectors from distance-to-stroke,2,10,8,0.3608146067415731,0.65,0.2415730337078652,0.0,0.19999999999999996,0,9,37,105,29,16213,0.2605633802798552,0.5606060605975666,0.3557692303325629,0.9918212890624394,0.21637426900458262
medium,20000,1135,Unedited Hough vectors from distance-to-stroke,2,10,8,0.3382782360406092,0.6012500000000001,0.23857868020304573,0.0,0.19999999999999996,0,12,62,99,71,16152,0.3850931676994715,0.46616541353032964,0.42176870698465924,0.9896240234374396,0.26724137930919295
medium,20000,1136,Unedited Hough vectors from distance-to-stroke,4,21,17,0.33119308545335946,0.6066666666666667,0.17906066536203524,0.013333333333333334,0.19047619047619047,1,60,190,653,201,15340,0.22538552787636373,0.48593350383507433,0.3079416527270384,0.9478759765624422,0.18199233716457663
medium,20000,1137,Unedited Hough vectors from distance-to-stroke,2,6,4,0.4153041443850268,0.6549242424242424,0.4362745098039216,0.0,0.33333333333333337,0,3,89,90,171,16034,0.4972067039078369,0.34230769230637575,0.4054669699024186,0.9840698242186899,0.25428571428498775
medium,20000,1138,Unedited Hough vectors from distance-to-stroke,1,3,2,0.6965880503144655,0.65,0.6037735849056604,1.0,0.33333333333333337,0,0,16,40,17,16311,0.28571428570918367,0.4848484848337925,0.3595505613230653,0.9965209960936892,0.21917808218877838
medium,20000,1139,Unedited Hough vectors from distance-to-stroke,1,2,1,0.8446969696969697,0.8333333333333334,0.8484848484848485,1.0,0.5,0,0,0,68,57,16259,0.0,0.0,0.0,0.9923706054686894,0.0
medium,20000,1140,Unedited Hough vectors from distance-to-stroke,3,13,10,0.35725930726361754,0.6228086419753086,0.2695924764890282,0.0,0.23076923076923073,0,18,96,190,172,15926,0.335664335663162,0.35820895522254403,0.34657039661119005,0.9779052734374403,0.20960698689910567
medium,20000,1141,Unedited Hough vectors from distance-to-stroke,4,17,13,0.25868298032926085,0.42954022988505747,0.2093023255813954,0.0,0.23529411764705888,0,38,147,490,119,15628,0.2307692307688685,0.5526315789452909,0.3255813949325161,0.9628295898436912,0.19444444444418724
medium,20000,1142,Unedited Hough vectors from distance-to-stroke,5,26,21,0.23025489453589537,0.393,0.17087062652563056,0.0,0.1923076923076923,0,62,257,776,220,15131,0.24878993223596438,0.5387840670848244,0.3403973505607166,0.9392089843749426,0.2051077414204269
medium,20000,1143,Unedited Hough vectors from distance-to-stroke,5,30,25,0.28435492870934237,0.5319430449069004,0.14156945917285257,0.0,0.16666666666666663,0,192,375,1041,289,14679,0.26483050847438927,0.5647590361437278,0.3605769226419314,0.9188232421874439,0.21994134897347803
medium,20000,1144,Unedited Hough vectors from distance-to-stroke,5,23,18,0.2215740663132308,0.36989012465076293,0.16692189892802445,0.0,0.21739130434782605,0,76,333,745,284,15022,0.3089053803336652,0.5397082658013943,0.3929203535188229,0.9371948242186928,0.24449339207030507
medium,20000,1145,Unedited Hough vectors from distance-to-stroke,1,5,4,0.4128797468354431,0.8055555555555556,0.15189873417721522,0.0,0.19999999999999996,0,8,27,36,14,16307,0.4285714285646259,0.6585365853497919,0.5192307687431582,0.9969482421874392,0.35064935064479674
medium,20000,1146,Unedited Hough vectors from distance-to-stroke,5,24,19,0.30550943126205593,0.525544477028348,0.2409054163298302,0.0,0.20833333333333337,0,63,270,745,195,15174,0.2660098522164867,0.5806451612890738,0.36486486443342314,0.9426269531249425,0.2231404958675842
medium,20000,1147,Unedited Hough vectors from distance-to-stroke,1,2,1,0.7330073995771671,0.7348484848484849,0.5116279069767442,1.0,0.5,0,0,32,31,66,16255,0.5079365079284455,0.326530612241566,0.397515527469002,0.9940795898436893,0.24806201550195303
medium,20000,1148,Unedited Hough vectors from distance-to-stroke,2,9,7,0.23135101010101014,0.325,0.31439393939393945,0.0,0.2222222222222222,0,10,108,129,121,16026,0.4556962025297228,0.47161572052195805,0.46351931280287906,0.9847412109374398,0.30167597765278864
medium,20000,1149,Unedited Hough vectors from distance-to-stroke,4,14,10,0.2652689594356261,0.42242798353909466,0.23302469135802473,0.0,0.2857142857142857,0,17,115,413,140,15716,0.2178030303026178,0.4509803921550942,0.2937420174399802,0.966247558593691,0.17215568862249678
medium,20000,1150,Unedited Hough vectors from distance-to-stroke,3,15,12,0.4266138192499935,0.7364104638619201,0.3261455525606469,0.04,0.19999999999999996,2,40,110,509,168,15597,0.17770597738258853,0.39568345323598675,0.24526198396413165,0.9586791992186915,0.1397712833543332
medium,20000,1151,Unedited Hough vectors from distance-to-stroke,5,24,19,0.3504629281260169,0.6008561872909699,0.2453740949316171,0.04067796610169491,0.20833333333333337,3,59,268,800,335,14981,0.25093632958778,0.4444444444437074,0.3207660079165516,0.9307250976561932,0.19101924447598645
medium,20000,1152,Unedited Hough vectors from distance-to-stroke,3,12,9,0.38993896603405626,0.7272855133614626,0.18830242510699002,0.0,0.25,0,24,75,538,182,15589,0.12234910277304674,0.29182879377318355,0.17241379268677234,0.9560546874999416,0.09433962264139077
medium,20000,1153,Unedited Hough vectors from distance-to-stroke,4,27,23,0.38424590771452405,0.7250328759291024,0.1964140179299103,0.015533980582524273,0.14814814814814814,2,103,284,699,155,15246,0.2889114954218831,0.6469248291557018,0.3994374116682542,0.9478759765624422,0.24956063268870865
medium,20000,1154,Unedited Hough vectors from distance-to-stroke,5,21,16,0.3905482232356017,0.6878160919540229,0.28610729023383774,0.0,0.23809523809523814,0,32,173,484,208,15519,0.2633181126327803,0.4540682414686245,0.3333333328680414,0.9577636718749415,0.19999999999976878
medium,20000,1155,Unedited Hough vectors from distance-to-stroke,2,10,8,0.26865022172949,0.45006775067750676,0.23059866962305986,0.0,0.19999999999999996,0,14,132,250,104,15898,0.3455497382189907,0.5593220338959352,0.4271844655459411,0.9783935546874403,0.2716049382710461
medium,20000,1156,Unedited Hough vectors from distance-to-stroke,3,22,19,0.3248116490518501,0.6217033542976939,0.15704387990762125,0.0,0.13636363636363635,0,86,353,647,323,15061,0.352999999999647,0.5221893491116536,0.4212410496375149,0.9407958984374426,0.26681783824620803
medium,20000,1157,Unedited Hough vectors from distance-to-stroke,5,29,24,0.31023239343752035,0.5857212475633529,0.13075060532687655,0.01306532663316583,0.1724137931034483,3,199,359,1101,340,14584,0.2458904109587357,0.5135908440622123,0.3325613705669073,0.9120483398436943,0.19944444444433365
medium,20000,1158,Unedited Hough vectors from distance-to-stroke,4,23,19,0.2787814210380665,0.5174272486772487,0.14273927392739272,0.0,0.17391304347826086,0,64,225,740,235,15184,0.23316062176141641,0.4891304347815454,0.31578947324656204,0.9404907226561926,0.18749999999984376
medium,20000,1159,Unedited Hough vectors from distance-to-stroke,3,7,4,0.4240041538672663,0.6367521367521368,0.3688760806916427,0.08333333333333333,0.4285714285714286,1,12,63,250,113,15958,0.20127795527092243,0.35795454545251165,0.2576687111946337,0.9778442382811903,0.14788732394331483
medium,20000,1160,Unedited Hough vectors from distance-to-stroke,5,21,16,0.31936183257585476,0.5821621621621622,0.16789667896678961,0.0,0.23809523809523814,0,70,178,715,149,15342,0.19932810750257635,0.5443425076435953,0.2918032782956638,0.9472656249999422,0.17082533589235047
medium,20000,1161,Unedited Hough vectors from distance-to-stroke,1,8,7,0.34887464387464395,0.65,0.2193732193732194,0.0,0.125,0,12,60,184,42,16098,0.2459016393432545,0.58823529411188,0.3468208088307662,0.9862060546874398,0.20979020978947627
medium,20000,1162,Unedited Hough vectors from distance-to-stroke,3,16,13,0.3945550492924443,0.7056644880174292,0.29128014842300554,0.0,0.1875,0,17,159,338,225,15662,0.319919517101972,0.41406249999892175,0.36095346148243473,0.965637207031191,0.22022160664789445
medium,20000,1163,Unedited Hough vectors from distance-to-stroke,1,2,1,0.8415037593984963,0.9017543859649123,0.6785714285714286,1.0,0.5,0,0,96,46,0,16242,0.6760563380234081,0.9999999999895833,0.8067226885875292,0.9971923828124392,0.6760563380234081
medium,20000,1164,Unedited Hough vectors from distance-to-stroke,4,27,23,0.29674255359915896,0.5343950263032042,0.19336099585062239,0.011111111111111112,0.14814814814814814,1,90,341,596,282,15165,0.3639274279611911,0.5473515248787362,0.43717948669918394,0.9464111328124422,0.2797374897454637
medium,20000,1165,Unedited Hough vectors from distance-to-stroke,1,9,8,0.3552906976744187,0.65,0.25839793281653745,0.0,0.11111111111111116,0,8,85,202,133,15964,0.29616724738572764,0.38990825687894537,0.3366336628743378,0.9795532226561902,0.20238095238047052
medium,20000,1166,Unedited Hough vectors from distance-to-stroke,3,16,13,0.25913141025641023,0.4580555555555555,0.17128205128205132,0.0,0.1875,0,25,231,623,181,15349,0.2704918032783718,0.5606796116491246,0.3649289095129764,0.9509277343749419,0.2231884057968858
medium,20000,1167,Unedited Hough vectors from distance-to-stroke,3,11,8,0.3489177034831947,0.5401234567901234,0.3929471032745592,0.0,0.2727272727272727,0,4,163,226,264,15731,0.41902313624570947,0.3817330210763894,0.39950980342167375,0.9700927734374407,0.249617151607581
medium,20000,1168,Unedited Hough vectors from distance-to-stroke,4,14,10,0.2369806675699171,0.39580816110227873,0.15147783251231528,0.0,0.2857142857142857,0,40,155,519,179,15531,0.22997032640915435,0.46407185628603576,0.30753968209595856,0.9573974609374415,0.18171160609591827
medium,20000,1169,Unedited Hough vectors from distance-to-stroke,5,35,30,0.3593481274701329,0.6883755429335117,0.16438979963570133,0.00966183574879227,0.1428571428571429,2,207,424,1289,324,14347,0.2475189725626109,0.5668449197853385,0.344575375440068,0.9015502929686949,0.20814923907697194
medium,20000,1170,Unedited Hough vectors from distance-to-stroke,1,7,6,0.1868625089981022,0.2822598870056497,0.2277992277992278,0.0,0.1428571428571429,0,11,79,138,103,16064,0.3640552995374928,0.4340659340635491,0.3959899744392058,0.9852905273436898,0.24687499999922852
medium,20000,1171,Unedited Hough vectors from distance-to-stroke,4,13,9,0.2643961478054466,0.4168140243902439,0.23030303030303034,0.0,0.3076923076923077,0,28,123,471,175,15615,0.20707070707035846,0.41275167785096395,0.2757847529176688,0.9605712890624414,0.1599479843951106
medium,20000,1172,Unedited Hough vectors from distance-to-stroke,3,16,13,0.32686148025101514,0.6108641975308642,0.1428571428571429,0.018604651162790697,0.1875,1,43,135,398,83,15768,0.2532833020633147,0.6192660550430309,0.35952063873481077,0.9706420898436907,0.2191558441554884
medium,20000,1173,Unedited Hough vectors from distance-to-stroke,3,16,13,0.39300264041062083,0.6869023569023568,0.32573289902280134,0.0,0.1875,0,20,205,341,266,15572,0.37545787545718784,0.43524416135788696,0.4031465088431261,0.9629516601561912,0.2524630541868812
medium,20000,1174,Unedited Hough vectors from distance-to-stroke,1,5,4,0.454309364548495,0.7685507246376811,0.4423076923076923,0.0,0.19999999999999996,0,6,35,109,31,16209,0.24305555555386768,0.5303030302949954,0.3333333328991383,0.9914550781249395,0.19999999999885715
medium,20000,1175,Unedited Hough vectors from distance-to-stroke,2,14,12,0.3300327022375215,0.62,0.1837349397590361,0.0,0.1428571428571429,0,16,95,173,57,16059,0.35447761193897587,0.6249999999958882,0.45238095191693883,0.9859619140624398,0.29230769230679293
medium,20000,1176,Unedited Hough vectors from distance-to-stroke,4,35,31,0.29400500021888787,0.5658333333333333,0.1353711790393013,0.0035087719298245615,0.11428571428571432,1,285,524,1189,421,14250,0.30589608873303803,0.5544973544967677,0.39428141413888795,0.9017333984374449,0.2455482661667078
medium,20000,1177,Unedited Hough vectors from distance-to-stroke,2,9,7,0.3678964646464647,0.6690909090909092,0.22291666666666665,0.0,0.2222222222222222,0,8,116,322,151,15795,0.2648401826477972,0.4344569288373242,0.32907801371287965,0.9711303710936907,0.19694397283497972
medium,20000,1178,Unedited Hough vectors from distance-to-stroke,5,26,21,0.3132015452046451,0.5879001349527665,0.1470785762256548,0.0,0.1923076923076923,0,128,261,932,215,14976,0.21877619446754504,0.5483193277299405,0.3127621326056834,0.9299926757811933,0.18536931818168653
medium,20000,1179,Unedited Hough vectors from distance-to-stroke,2,6,4,0.44677083333333334,0.7520833333333333,0.375,0.0,0.33333333333333337,0,2,73,67,67,16177,0.521428571424847,0.521428571424847,0.521428570924847,0.9918212890624394,0.35265700482921425
medium,20000,1180,Unedited Hough vectors from distance-to-stroke,3,12,9,0.3823874172185431,0.6455555555555555,0.3344370860927153,0.0,0.25,0,15,98,165,64,16057,0.3726235741430699,0.6049382716012042,0.4611764701143032,0.9860229492186898,0.29969418960153
medium,20000,1181,Unedited Hough vectors from distance-to-stroke,5,21,16,0.24587050703241883,0.38115942028985506,0.2325349301397206,0.016129032258064516,0.23809523809523814,1,62,196,629,241,15318,0.23757575757546961,0.44851258581133063,0.3106180661077843,0.9468994140624422,0.18386491557206017
medium,20000,1182,Unedited Hough vectors from distance-to-stroke,1,7,6,0.36157119283356914,0.65,0.2739273927392739,0.0,0.1428571428571429,0,6,116,160,138,15970,0.420289855070941,0.4566929133840288,0.43773584855581354,0.98181152343744,0.2801932367142991
medium,20000,1183,Unedited Hough vectors from distance-to-stroke,5,25,20,0.3316154651811195,0.61067718794835,0.17525083612040138,0.007042253521126761,0.19999999999999996,1,142,326,863,296,14899,0.27417998317891157,0.5241157556261671,0.36002208679323033,0.9292602539061933,0.2195286195284717
medium,20000,1184,Unedited Hough vectors from distance-to-stroke,2,14,12,0.20177659019812308,0.325,0.20620437956204385,0.0,0.1428571428571429,0,15,137,274,208,15765,0.3333333333325223,0.3971014492742113,0.3624338619367144,0.9705810546874407,0.22132471728558753
medium,20000,1185,Unedited Hough vectors from distance-to-stroke,1,4,3,0.3716176470588236,0.65,0.2705882352941177,0.0,0.25,0,3,39,35,39,16271,0.527027027019905,0.49999999999358974,0.5131578942304363,0.9954833984374392,0.34513274335977756
medium,20000,1186,Unedited Hough vectors from distance-to-stroke,1,4,3,0.43672988505747135,0.7218518518518519,0.43448275862068964,0.0,0.25,0,3,41,98,23,16222,0.2949640287748564,0.6406249999899902,0.4039408862637774,0.9926147460936894,0.2530864197515242
medium,20000,1187,Unedited Hough vectors from distance-to-stroke,5,26,21,0.3603227891157556,0.6729925474254742,0.19122686771761477,0.0,0.1923076923076923,0,69,353,919,217,14895,0.27751572327022206,0.6192982456129487,0.3832790440890349,0.9306640624999432,0.23707186030877295
medium,20000,1188,Unedited Hough vectors from distance-to-stroke,4,19,15,0.30379154102925654,0.5411025641025642,0.18008474576271183,0.012903225806451613,0.21052631578947367,1,62,184,511,191,15498,0.264748201438468,0.49066666666535824,0.3439252331889371,0.9571533203124416,0.20767494356635702
medium,20000,1189,Unedited Hough vectors from distance-to-stroke,4,15,11,0.3399739694298358,0.5793078781122258,0.2630937880633374,0.0,0.2666666666666667,0,42,167,571,91,15555,0.22628726287232212,0.6472868217029175,0.3353413650773012,0.9595947265624414,0.2014475271408909
medium,20000,1190,Unedited Hough vectors from distance-to-stroke,5,20,15,0.2960201568763491,0.4950960144927536,0.22152690863579472,0.01568627450980392,0.25,1,51,200,426,167,15591,0.3194888178908634,0.5449591280639102,0.402819737700374,0.9638061523436912,0.25220680958354075
medium,20000,1191,Unedited Hough vectors from distance-to-stroke,1,9,8,0.42195220907132264,0.8181818181818181,0.21329639889196672,0.0,0.11111111111111116,0,13,139,166,97,15982,0.4557377049165386,0.5889830508449619,0.5138632157724075,0.9839477539061899,0.34577114427774686
medium,20000,1192,Unedited Hough vectors from distance-to-stroke,5,30,25,0.3088238347042695,0.585,0.14453584018801413,0.0,0.16666666666666663,0,126,356,911,256,14861,0.2809786898182471,0.5816993464042782,0.3789249596455058,0.9287719726561933,0.23374917925132388
medium,20000,1193,Unedited Hough vectors from distance-to-stroke,2,12,10,0.31339880952380955,0.5385714285714286,0.271875,0.0,0.16666666666666663,0,15,107,158,69,16050,0.40377358490413673,0.6079545454510912,0.48526077049322036,0.9861450195311898,0.3203592814361666
medium,20000,1194,Unedited Hough vectors from distance-to-stroke,2,5,3,0.40277027027027024,0.6499999999999999,0.3513513513513513,0.0,0.4,0,2,11,56,20,16297,0.16417910447516149,0.3548387096659729,0.2244897954812578,0.9953613281249393,0.1264367816077421
medium,20000,1195,Unedited Hough vectors from distance-to-stroke,5,23,18,0.282472275423049,0.4623182175518206,0.23544973544973546,0.0224,0.21739130434782605,3,125,328,551,236,15269,0.3731513083044674,0.5815602836869121,0.4546084541316509,0.9519653320311918,0.2941704035871801
medium,20000,1196,Unedited Hough vectors from distance-to-stroke,5,35,30,0.30915733314571353,0.5958077141047439,0.13379073756432247,0.0,0.1428571428571429,0,162,454,1433,223,14274,0.24059353471105427,0.6706056129975323,0.3541341649776922,0.8989257812499452,0.2151658767771492
medium,20000,1197,Unedited Hough vectors from distance-to-stroke,4,24,20,0.3854754071449192,0.7272897196261682,0.17559055118110234,0.02564102564102564,0.16666666666666663,2,78,347,740,328,14969,0.3192272309104699,0.5140740740733125,0.39387060111599337,0.9348144531249429,0.24522968197862527
medium,20000,1198,Unedited Hough vectors from distance-to-stroke,2,9,7,0.3713432267884323,0.65,0.2831050228310502,0.0,0.2222222222222222,0,3,43,145,108,16088,0.22872340425410254,0.28476821191864393,0.25368731513867787,0.9845581054686898,0.1452702702697795
medium,20000,1199,Unedited Hough vectors from distance-to-stroke,1,2,1,0.471,0.12999999999999998,0.5625,1.0,0.5,0,0,3,23,11,16347,0.11538461538017751,0.21428571427040816,0.14999999953749998,0.997924804687439,0.08108108107888971
