Cycle,Training samples,sample,Method,True vectors,Predicted vectors,Vector count error,Engineering score,Line geometry score,Total length score,Junction angle score,Vector count score,True junctions,Predicted junctions,tp,fp,fn,tn,sample_precision,sample_recall,sample_f1,sample_accuracy,sample_iou
medium,20000,0,CNN raster + Hough fusion,1,1,0,0.49909090909090914,0.0,0.7454545454545455,1.0,1.0,0,0,0,33,204,16147,0.0,0.0,0.0,0.9855346679686898,0.0
medium,20000,1,CNN raster + Hough fusion,2,2,0,0.5808044430538173,0.16774509803921567,0.7765957446808511,1.0,1.0,0,0,0,71,220,16093,0.0,0.0,0.0,0.98223876953119,0.0
medium,20000,2,CNN raster + Hough fusion,2,2,0,0.4695121951219512,0.0,0.5975609756097561,1.0,1.0,0,0,6,42,258,16078,0.12499999999739585,0.02272727272718664,0.03846153820093689,0.98168945312494,0.019607843137190824
medium,20000,3,CNN raster + Hough fusion,4,4,0,0.529484126984127,0.11666666666666667,0.6349206349206349,1.0,1.0,0,0,7,106,554,15717,0.061946902654319055,0.012477718360049059,0.020771513073959448,0.9597167968749414,0.010494752623672422
medium,20000,4,CNN raster + Hough fusion,4,5,1,0.2566418495297806,0.04924242424242423,0.7724137931034483,0.0,0.8,0,1,17,189,687,15491,0.08252427184425959,0.024147727272692973,0.03736263701229804,0.9465332031249422,0.019036954087324708
medium,20000,5,CNN raster + Hough fusion,5,5,0,0.29640967232064924,0.10656903127383677,0.7422680412371134,0.0,1.0,1,0,6,126,462,15790,0.045454545454201106,0.012820512820485427,0.019999999656733342,0.9641113281249412,0.010101010100993096
medium,20000,6,CNN raster + Hough fusion,1,1,0,0.7075,0.35,1.0,1.0,1.0,0,0,0,33,101,16250,0.0,0.0,0.0,0.9918212890624394,0.0
medium,20000,7,CNN raster + Hough fusion,4,4,0,0.6673958333333333,0.30038580246913577,0.9111111111111111,1.0,1.0,0,0,1,227,282,15874,0.004385964912261465,0.0035335689045811534,0.003913893830630307,0.9689331054686908,0.0019607843137216456
medium,20000,8,CNN raster + Hough fusion,3,3,0,0.29340361445783136,0.03888888888888889,0.8795180722891567,0.0,1.0,1,0,12,130,242,16000,0.08450704225292602,0.04724409448800298,0.060606060145750436,0.9772949218749403,0.03124999999991862
medium,20000,9,CNN raster + Hough fusion,2,2,0,0.4351063829787234,0.0,0.42553191489361697,1.0,1.0,0,0,0,22,132,16230,0.0,0.0,0.0,0.9906005859374395,0.0
medium,20000,10,CNN raster + Hough fusion,4,5,1,0.6536918693074367,0.3056185495441292,0.9308176100628931,1.0,0.8,0,0,16,124,445,15799,0.11428571428489796,0.03470715835133469,0.05324459198854932,0.965270996093691,0.0273504273503806
medium,20000,11,CNN raster + Hough fusion,4,4,0,0.5684481037924152,0.1314814814814815,0.7964071856287425,1.0,1.0,0,0,0,135,473,15776,0.0,0.0,0.0,0.9628906249999412,0.0
medium,20000,12,CNN raster + Hough fusion,5,5,0,0.28867780556187017,0.07836477987421384,0.7670682730923695,0.0,1.0,1,0,4,165,639,15576,0.02366863905311439,0.006220839813365131,0.009852216419122655,0.9509277343749419,0.0049504950494988235
medium,20000,13,CNN raster + Hough fusion,5,5,0,0.47676165075800114,0.044871794871794865,0.5328467153284672,1.0,1.0,0,0,7,63,326,15988,0.09999999999857143,0.021021021020957896,0.03473945380706735,0.9762573242186904,0.017676767676723038
medium,20000,14,CNN raster + Hough fusion,3,3,0,0.2858496732026144,0.03827160493827161,0.8431372549019608,0.0,1.0,1,0,11,72,276,16025,0.13253012048033094,0.03832752613227064,0.05945945911113222,0.9787597656249403,0.03064066852359153
medium,20000,15,CNN raster + Hough fusion,2,2,0,0.43780487804878043,0.0,0.4390243902439024,1.0,1.0,0,0,2,17,85,16280,0.10526315788919667,0.0229885057468622,0.037735848761658954,0.9937744140624393,0.019230769230584317
medium,20000,16,CNN raster + Hough fusion,3,3,0,0.5907450980392157,0.17333333333333334,0.8137254901960784,1.0,1.0,0,0,0,75,231,16078,0.0,0.0,0.0,0.98132324218744,0.0
medium,20000,17,CNN raster + Hough fusion,4,4,0,0.320044785076502,0.22537185354691075,0.5931372549019608,0.0,1.0,1,0,0,124,557,15703,0.0,0.0,0.0,0.9584350585936915,0.0
medium,20000,18,CNN raster + Hough fusion,3,3,0,0.5265625,0.0,0.8828125,1.0,1.0,0,0,0,114,249,16021,0.0,0.0,0.0,0.9778442382811903,0.0
medium,20000,19,CNN raster + Hough fusion,2,2,0,0.45196078431372544,0.0,0.5098039215686274,1.0,1.0,0,0,0,24,97,16263,0.0,0.0,0.0,0.9926147460936894,0.0
medium,20000,20,CNN raster + Hough fusion,1,1,0,0.53171875,0.021875,0.859375,1.0,1.0,0,0,0,56,65,16263,0.0,0.0,0.0,0.9926147460936894,0.0
medium,20000,21,CNN raster + Hough fusion,4,4,0,0.4972007978723404,0.08125,0.5531914893617021,1.0,1.0,0,0,16,89,637,15642,0.15238095237950114,0.0245022970903147,0.042216358600270815,0.9556884765624416,0.021563342318030237
medium,20000,22,CNN raster + Hough fusion,3,3,0,0.5301333333333333,0.10400000000000001,0.6666666666666667,1.0,1.0,0,0,4,63,167,16150,0.05970149253642236,0.023391812865360285,0.03361344497334229,0.9859619140624398,0.017094017093944043
medium,20000,23,CNN raster + Hough fusion,1,1,0,0.8522142857142857,0.7033333333333334,0.9285714285714286,1.0,1.0,0,0,0,40,43,16301,0.0,0.0,0.0,0.9949340820311893,0.0
medium,20000,24,CNN raster + Hough fusion,1,1,0,0.7397542372881356,0.4518079096045198,0.9322033898305084,1.0,1.0,0,0,0,56,60,16268,0.0,0.0,0.0,0.9929199218749394,0.0
medium,20000,25,CNN raster + Hough fusion,4,4,0,0.5381313131313131,0.21604938271604937,0.4545454545454546,1.0,1.0,0,0,8,40,247,16089,0.16666666666319446,0.031372549019484816,0.05280528026106373,0.98248291015619,0.027118644067704683
medium,20000,26,CNN raster + Hough fusion,1,1,0,0.4794117647058823,0.0,0.6470588235294117,1.0,1.0,0,0,0,10,18,16356,0.0,0.0,0.0,0.998291015624939,0.0
medium,20000,27,CNN raster + Hough fusion,3,3,0,0.5742488038277512,0.07812865497076021,0.9454545454545454,1.0,1.0,0,0,0,168,447,15769,0.0,0.0,0.0,0.9624633789061913,0.0
medium,20000,28,CNN raster + Hough fusion,4,4,0,0.30829361510791364,0.06319444444444444,0.8992805755395683,0.0,1.0,0,1,0,123,329,15932,0.0,0.0,0.0,0.9724121093749406,0.0
medium,20000,29,CNN raster + Hough fusion,1,1,0,0.5071428571428571,0.0,0.7857142857142857,1.0,1.0,0,0,0,12,15,16357,0.0,0.0,0.0,0.998352050781189,0.0
medium,20000,30,CNN raster + Hough fusion,2,2,0,0.5009433962264151,0.0,0.7547169811320755,1.0,1.0,0,0,0,40,85,16259,0.0,0.0,0.0,0.9923706054686894,0.0
medium,20000,31,CNN raster + Hough fusion,3,3,0,0.6080137362637362,0.17653846153846153,0.8928571428571429,1.0,1.0,0,0,19,128,510,15727,0.12925170067939284,0.03591682419652946,0.05621301741097563,0.9610595703124413,0.028919330289149284
medium,20000,32,CNN raster + Hough fusion,4,4,0,0.3436161365350767,0.1748170731707317,0.8247422680412371,0.0,1.0,0,1,31,125,417,15811,0.1987179487166749,0.06919642857127412,0.10264900623903557,0.9669189453124409,0.05410122164039424
medium,20000,33,CNN raster + Hough fusion,3,3,0,0.7463461538461539,0.4807692307692308,0.9,1.0,1.0,0,0,7,128,374,15875,0.05185185185146777,0.01837270341202527,0.027131782559273784,0.9693603515624408,0.013752455795650782
medium,20000,34,CNN raster + Hough fusion,3,4,1,0.6410952380952382,0.3214814814814815,0.8571428571428572,1.0,0.75,0,0,0,173,326,15885,0.0,0.0,0.0,0.9695434570311908,0.0
medium,20000,35,CNN raster + Hough fusion,1,1,0,0.6791919191919192,0.29696969696969694,0.9777777777777777,1.0,1.0,0,0,0,46,45,16293,0.0,0.0,0.0,0.9944458007811893,0.0
medium,20000,36,CNN raster + Hough fusion,2,2,0,0.294327358490566,0.08694968553459119,0.776,0.0,1.0,1,0,2,87,124,16171,0.022471910112107057,0.015873015872889897,0.01860465067742565,0.9871215820311897,0.009389671361458265
medium,20000,37,CNN raster + Hough fusion,1,1,0,0.4981481481481481,0.0,0.7407407407407407,1.0,1.0,0,0,0,38,152,16194,0.0,0.0,0.0,0.9884033203124396,0.0
medium,20000,38,CNN raster + Hough fusion,5,5,0,0.2901960257626242,0.18091609328631203,0.5439189189189189,0.0,1.0,2,2,16,138,934,15296,0.10389610389542925,0.016842105263140165,0.028985507006255254,0.9345703124999429,0.014705882352927661
medium,20000,39,CNN raster + Hough fusion,2,2,0,0.4560240963855422,0.0,0.5301204819277108,1.0,1.0,0,0,0,43,197,16144,0.0,0.0,0.0,0.9853515624999398,0.0
medium,20000,40,CNN raster + Hough fusion,5,5,0,0.3105474798106377,0.10339181286549706,0.8201058201058201,0.0,1.0,2,0,16,120,549,15699,0.11764705882266437,0.02831858407074634,0.045649072440340985,0.9591674804686914,0.023357664233542543
medium,20000,41,CNN raster + Hough fusion,1,1,0,0.6940714285714286,0.39,0.8428571428571429,1.0,1.0,0,0,0,60,215,16109,0.0,0.0,0.0,0.9832153320311899,0.0
medium,20000,42,CNN raster + Hough fusion,1,1,0,0.78525,0.5783333333333334,0.875,1.0,1.0,0,0,0,43,113,16228,0.0,0.0,0.0,0.9904785156249395,0.0
medium,20000,43,CNN raster + Hough fusion,4,4,0,0.24673091506572295,0.06036821705426356,0.5978260869565217,0.0,1.0,2,1,30,112,398,15844,0.21126760563231503,0.07009345794376147,0.10526315752024624,0.9688720703124408,0.055555555555452676
medium,20000,44,CNN raster + Hough fusion,5,5,0,0.3605684248039914,0.3021739130434783,0.6229508196721312,0.0,1.0,1,0,0,68,259,16057,0.0,0.0,0.0,0.9800415039061902,0.0
medium,20000,45,CNN raster + Hough fusion,5,5,0,0.27076099322352476,0.09581320450885666,0.6382252559726962,0.0,1.0,1,1,5,170,689,15520,0.02857142857126531,0.007204610950998265,0.011507479540230504,0.9475708007811922,0.005787037037030339
medium,20000,46,CNN raster + Hough fusion,5,5,0,0.31333287764866713,0.07428571428571429,0.8995215311004785,0.0,1.0,1,1,23,145,446,15770,0.13690476190394701,0.04904051172697433,0.07221350039634375,0.9639282226561912,0.03745928338756114
medium,20000,47,CNN raster + Hough fusion,2,2,0,0.5973449477351916,0.14857142857142858,0.9024390243902439,1.0,1.0,0,0,1,63,230,16090,0.015624999999755858,0.004329004328985589,0.006779660677138769,0.98211669921869,0.003401360544206118
medium,20000,48,CNN raster + Hough fusion,2,2,0,0.49585526315789474,0.008333333333333342,0.7105263157894737,1.0,1.0,0,0,1,25,39,16319,0.038461538460059175,0.024999999999375,0.030303029824609747,0.9960937499999392,0.015384615384378698
medium,20000,49,CNN raster + Hough fusion,4,4,0,0.43636371237458194,0.31269230769230766,0.9782608695652174,0.0,1.0,0,1,27,199,609,15549,0.11946902654814395,0.0424528301886125,0.0626450112138985,0.9506835937499419,0.03233532934127864
medium,20000,50,CNN raster + Hough fusion,4,4,0,0.5867497184684685,0.22581018518518517,0.6756756756756757,1.0,1.0,0,0,25,49,358,15952,0.3378378378332724,0.0652741514358609,0.10940919010010103,0.9751586914061905,0.057870370370236415
medium,20000,51,CNN raster + Hough fusion,2,2,0,0.4997076411960133,0.07428571428571429,0.5813953488372092,1.0,1.0,0,0,3,46,250,16085,0.06122448979466889,0.011857707509834555,0.01986754939689049,0.98193359374994,0.010033444816019955
medium,20000,52,CNN raster + Hough fusion,3,3,0,0.31747524752475254,0.14444444444444446,0.7623762376237624,0.0,1.0,1,1,6,142,425,15811,0.04054054054026662,0.013921113689062828,0.020725388220414576,0.965393066406191,0.0104712041884634
medium,20000,53,CNN raster + Hough fusion,2,2,0,0.539873417721519,0.0,0.9493670886075949,1.0,1.0,0,0,0,75,193,16116,0.0,0.0,0.0,0.9836425781249399,0.0
medium,20000,54,CNN raster + Hough fusion,5,5,0,0.26822500000000005,0.032499999999999994,0.768,0.0,1.0,1,1,5,185,301,15893,0.02631578947354571,0.016339869280992354,0.020161289849847178,0.9703369140624407,0.010183299388981297
medium,20000,55,CNN raster + Hough fusion,4,4,0,0.5756666666666667,0.2111111111111111,0.6533333333333333,1.0,1.0,0,0,0,51,177,16156,0.0,0.0,0.0,0.9860839843749398,0.0
medium,20000,56,CNN raster + Hough fusion,4,4,0,0.5651923076923077,0.11923076923076924,0.8076923076923077,1.0,1.0,0,0,5,74,100,16205,0.06329113923970517,0.047619047618594104,0.05434782559634924,0.9893798828124396,0.0279329608936987
medium,20000,57,CNN raster + Hough fusion,4,4,0,0.3569474833808167,0.1649587422180015,0.9135802469135803,0.0,1.0,3,0,34,231,533,15586,0.1283018867919687,0.05996472663128754,0.08173076879645028,0.9533691406249418,0.04260651629067343
medium,20000,58,CNN raster + Hough fusion,1,1,0,0.7490714285714286,0.49000000000000005,0.8928571428571429,1.0,1.0,0,0,49,2,124,16209,0.9607843137066514,0.283236994218016,0.4374999996444118,0.9923095703124394,0.27999999999840003
medium,20000,59,CNN raster + Hough fusion,3,3,0,0.2822425474254743,0.040785907859078575,0.8194444444444444,0.0,1.0,1,0,5,109,229,16041,0.04385964912242228,0.021367521367430056,0.028735631743195936,0.9793701171874402,0.01457725947517616
medium,20000,60,CNN raster + Hough fusion,2,2,0,0.6329060798548094,0.1995614035087719,0.9655172413793104,1.0,1.0,0,0,5,49,139,16191,0.09259259259087792,0.0347222222219811,0.05050505010784615,0.9885253906249396,0.025906735751161106
medium,20000,61,CNN raster + Hough fusion,5,5,0,0.31405617002819347,0.08993614303959131,0.8679245283018868,0.0,1.0,0,6,21,172,649,15542,0.10880829015487664,0.031343283582042775,0.04866743881833965,0.949890136718692,0.02494061757716753
medium,20000,62,CNN raster + Hough fusion,2,2,0,0.574165157004831,0.09320652173913044,0.9111111111111111,1.0,1.0,0,0,9,108,244,16023,0.07692307692241945,0.03557312252950366,0.04864864821593864,0.9785156249999403,0.024930747922368615
medium,20000,63,CNN raster + Hough fusion,2,2,0,0.2348314606741573,0.0,0.6741573033707865,0.0,1.0,0,1,6,54,276,16048,0.09999999999833334,0.021276595744605404,0.03508771900872064,0.9798583984374402,0.01785714285708971
medium,20000,64,CNN raster + Hough fusion,4,3,1,0.5556950431034482,0.24062499999999998,0.6120689655172413,1.0,0.75,0,0,3,71,368,15942,0.040540540539992696,0.00808625336925044,0.013483145790077014,0.9732055664061906,0.006787330316726726
medium,20000,65,CNN raster + Hough fusion,3,3,0,0.6463200114921671,0.25928731762065094,0.8982035928143712,1.0,1.0,0,0,0,149,446,15789,0.0,0.0,0.0,0.9636840820311912,0.0
medium,20000,66,CNN raster + Hough fusion,5,5,0,0.3036916955669159,0.13537913606570323,0.713855421686747,0.0,1.0,4,5,36,168,680,15500,0.17647058823442907,0.05027932960886833,0.0782608692199055,0.948242187499942,0.04072398190040642
medium,20000,67,CNN raster + Hough fusion,5,5,0,0.23297839933536416,0.08743961352657002,0.4681528662420382,0.0,1.0,1,0,5,140,706,15533,0.034482758620451845,0.007032348804490812,0.011682242709229523,0.948364257812442,0.0058754406580424495
medium,20000,68,CNN raster + Hough fusion,4,4,0,0.6313081936685289,0.21296296296296297,0.9273743016759777,1.0,1.0,0,0,7,167,432,15778,0.04022988505724006,0.015945330296091242,0.022838498777706526,0.9634399414061912,0.01155115511549249
medium,20000,69,CNN raster + Hough fusion,1,1,0,0.7802096774193549,0.5689247311827956,0.8709677419354839,1.0,1.0,0,0,0,55,63,16266,0.0,0.0,0.0,0.9927978515624394,0.0
medium,20000,70,CNN raster + Hough fusion,2,2,0,0.6752380952380952,0.37142857142857144,0.7904761904761904,1.0,1.0,0,0,6,69,340,15969,0.07999999999893333,0.017341040462377628,0.02850356265241113,0.9750366210936905,0.014457831325266367
medium,20000,71,CNN raster + Hough fusion,1,1,0,0.48124999999999996,0.0,0.65625,1.0,1.0,0,0,0,22,101,16261,0.0,0.0,0.0,0.9924926757811894,0.0
medium,20000,72,CNN raster + Hough fusion,2,2,0,0.5430519480519481,0.09999999999999999,0.7402597402597403,1.0,1.0,0,0,7,102,233,16042,0.06422018348564935,0.02916666666654514,0.040114612750732755,0.9795532226561902,0.020467836257250096
medium,20000,73,CNN raster + Hough fusion,5,5,0,0.27714285714285714,0.0,0.8857142857142857,0.0,1.0,1,2,5,186,676,15517,0.02617801047106713,0.0073421439060097765,0.011467889566111344,0.9473876953124422,0.005767012687421261
medium,20000,74,CNN raster + Hough fusion,4,4,0,0.3129161290322581,0.052000000000000005,0.9475806451612904,0.0,1.0,1,0,30,173,609,15572,0.1477832512307991,0.046948356807438266,0.07125890699731723,0.9522705078124418,0.03694581280783627
medium,20000,75,CNN raster + Hough fusion,3,3,0,0.44086436711436705,0.3177350427350427,0.9894179894179894,0.0,1.0,1,0,47,142,542,15653,0.24867724867593294,0.07979626485555213,0.12082262173982791,0.9582519531249415,0.06429548563602695
medium,20000,76,CNN raster + Hough fusion,3,3,0,0.29069767441860467,0.0,0.9534883720930233,0.0,1.0,0,1,6,110,374,15894,0.05172413793058858,0.015789473684168977,0.02419354802864855,0.9704589843749407,0.012244897959158684
medium,20000,77,CNN raster + Hough fusion,5,5,0,0.24825174825174826,0.0,0.7412587412587412,0.0,1.0,1,2,31,169,619,15565,0.154999999999225,0.04769230769223432,0.07294117611055503,0.9519042968749418,0.037851037850991635
medium,20000,78,CNN raster + Hough fusion,3,3,0,0.5658514724711908,0.19797979797979798,0.6338028169014085,1.0,1.0,0,0,1,44,155,16184,0.022222222221728396,0.00641025641021532,0.009950248408603762,0.9878540039061897,0.004999999999975
medium,20000,79,CNN raster + Hough fusion,5,5,0,0.2627786000616713,0.03391304347826087,0.7375886524822695,0.0,1.0,2,0,19,172,315,15878,0.0994764397900551,0.05688622754473986,0.07238095191777233,0.9702758789061907,0.0375494071145503
medium,20000,80,CNN raster + Hough fusion,2,2,0,0.5658928571428572,0.175,0.6857142857142857,1.0,1.0,0,0,4,21,33,16326,0.1599999999936,0.10810810810518627,0.1290322575790843,0.9967041015624392,0.06896551724019026
medium,20000,81,CNN raster + Hough fusion,2,2,0,0.7179976851851851,0.40625,0.9259259259259259,1.0,1.0,0,0,0,74,78,16232,0.0,0.0,0.0,0.9907226562499395,0.0
medium,20000,82,CNN raster + Hough fusion,3,3,0,0.33998590906228354,0.10573521282476506,0.9620253164556962,0.0,1.0,1,0,0,151,263,15970,0.0,0.0,0.0,0.9747314453124405,0.0
medium,20000,83,CNN raster + Hough fusion,3,3,0,0.5919363122752953,0.13898305084745763,0.896969696969697,1.0,1.0,0,0,4,146,373,15861,0.02666666666648889,0.010610079575568674,0.015180265247359848,0.9683227539061908,0.007648183556390731
medium,20000,84,CNN raster + Hough fusion,1,1,0,0.7441111111111111,0.4807407407407407,0.8888888888888888,1.0,1.0,0,0,0,57,198,16129,0.0,0.0,0.0,0.9844360351561899,0.0
medium,20000,85,CNN raster + Hough fusion,5,5,0,0.5335118092691622,0.15191176470588236,0.5757575757575757,1.0,1.0,0,0,10,87,377,15910,0.10309278350409182,0.02583979328158698,0.0413223137289205,0.9716796874999407,0.021097046413457603
medium,20000,86,CNN raster + Hough fusion,1,1,0,0.883,0.74,1.0,1.0,1.0,0,0,0,37,37,16310,0.0,0.0,0.0,0.9954833984374392,0.0
medium,20000,87,CNN raster + Hough fusion,5,5,0,0.3137487012987013,0.09206060606060605,0.8616071428571428,0.0,1.0,1,1,9,168,541,15666,0.05084745762683137,0.01636363636360661,0.024759284363325383,0.9567260742186916,0.01253481894148672
medium,20000,88,CNN raster + Hough fusion,4,4,0,0.4517604226156482,0.3696078431372549,0.9271844660194175,0.0,1.0,0,2,0,201,338,15845,0.0,0.0,0.0,0.9671020507811909,0.0
medium,20000,89,CNN raster + Hough fusion,1,1,0,0.8072424242424242,0.5985858585858586,0.9393939393939394,1.0,1.0,0,0,0,63,207,16114,0.0,0.0,0.0,0.9835205078124399,0.0
medium,20000,90,CNN raster + Hough fusion,3,3,0,0.6381666666666667,0.21666666666666667,0.9533333333333334,1.0,1.0,0,0,36,109,395,15844,0.2482758620672533,0.08352668213437697,0.12499999962283591,0.9692382812499408,0.06666666666654321
medium,20000,91,CNN raster + Hough fusion,5,4,1,0.4176956135902637,0.2406307752986252,0.6470588235294117,0.4,0.8,2,1,50,129,644,15561,0.279329608936987,0.07204610950998265,0.11454753690168988,0.9528198242186918,0.06075334143370504
medium,20000,92,CNN raster + Hough fusion,2,2,0,0.23660714285714288,0.0,0.6830357142857143,0.0,1.0,1,0,13,133,430,15808,0.0890410958898011,0.029345372460430372,0.04414261422800004,0.965637207031191,0.02256944444440526
medium,20000,93,CNN raster + Hough fusion,3,3,0,0.4245762711864407,0.0,0.3728813559322034,1.0,1.0,0,0,0,44,271,16069,0.0,0.0,0.0,0.9807739257811902,0.0
medium,20000,94,CNN raster + Hough fusion,4,4,0,0.5176855895196506,0.0,0.8384279475982532,1.0,1.0,0,0,7,163,610,15604,0.041176470587993085,0.01134521880062991,0.017789072088192994,0.9528198242186918,0.008974358974347469
medium,20000,95,CNN raster + Hough fusion,5,5,0,0.330049433106576,0.16957319223985887,0.7687074829931972,0.0,1.0,4,0,38,168,307,15871,0.18446601941658028,0.11014492753591262,0.1379310340140777,0.9710083007811907,0.07407407407392969
medium,20000,96,CNN raster + Hough fusion,2,2,0,0.5268690476190476,0.06499999999999999,0.7380952380952381,1.0,1.0,0,0,1,60,211,16112,0.016393442622682077,0.004716981132053222,0.007326006978920975,0.9834594726561899,0.003676470588221778
medium,20000,97,CNN raster + Hough fusion,2,2,0,0.6343358773967334,0.2210265062597809,0.9243697478991597,1.0,1.0,0,0,0,106,304,15974,0.0,0.0,0.0,0.9749755859374405,0.0
medium,20000,98,CNN raster + Hough fusion,2,2,0,0.3262745740498034,0.2785714285714286,0.5045871559633027,0.0,1.0,1,0,7,49,162,16166,0.12499999999776787,0.04142011834295018,0.06222222184778272,0.9871215820311897,0.032110091742971976
medium,20000,99,CNN raster + Hough fusion,1,1,0,0.5166666666666667,0.0,0.8333333333333334,1.0,1.0,0,0,0,14,74,16296,0.0,0.0,0.0,0.9946289062499393,0.0
medium,20000,100,CNN raster + Hough fusion,5,5,0,0.3422109036030938,0.14684860298895386,0.8806451612903226,0.0,1.0,1,1,1,243,474,15666,0.004098360655720909,0.0021052631578903046,0.0027816407198919015,0.9562377929686916,0.001392757660165191
medium,20000,101,CNN raster + Hough fusion,5,5,0,0.3197464134501664,0.06734132933533232,0.9472140762463344,0.0,1.0,4,1,58,239,698,15389,0.19528619528553776,0.07671957671947524,0.11016144308957089,0.9428100585936924,0.058291457286373576
medium,20000,102,CNN raster + Hough fusion,2,2,0,0.55,0.0,1.0,1.0,1.0,0,0,0,79,129,16176,0.0,0.0,0.0,0.9873046874999397,0.0
medium,20000,103,CNN raster + Hough fusion,3,3,0,0.5300460992907802,0.05047281323877068,0.7866666666666666,1.0,1.0,0,0,2,115,467,15800,0.01709401709387099,0.004264392324084724,0.006825938246939409,0.9644775390624412,0.0034246575342407114
medium,20000,104,CNN raster + Hough fusion,4,4,0,0.4559059343434343,0.3565586419753086,0.9772727272727273,0.0,1.0,0,1,0,160,463,15761,0.0,0.0,0.0,0.9619750976561913,0.0
medium,20000,105,CNN raster + Hough fusion,2,2,0,0.7189194139194139,0.39230769230769236,0.9619047619047619,1.0,1.0,0,0,0,107,183,16094,0.0,0.0,0.0,0.98229980468744,0.0
medium,20000,106,CNN raster + Hough fusion,2,2,0,0.5097214366515838,0.1065705128205128,0.5588235294117647,1.0,1.0,0,0,3,51,359,15971,0.05555555555452675,0.008287292817656665,0.014423076697092273,0.9749755859374405,0.007263922518142218
medium,20000,107,CNN raster + Hough fusion,3,3,0,0.5539223031011459,0.15937536282363868,0.6610169491525424,1.0,1.0,0,0,0,80,373,15931,0.0,0.0,0.0,0.9723510742186906,0.0
medium,20000,108,CNN raster + Hough fusion,5,5,0,0.2608979987580753,0.0738015607580825,0.6384364820846906,0.0,1.0,1,1,25,155,575,15629,0.1388888888881173,0.04166666666659722,0.06410256374737015,0.9554443359374417,0.033112582781413095
medium,20000,109,CNN raster + Hough fusion,1,1,0,0.7075,0.35,1.0,1.0,1.0,0,0,0,59,179,16146,0.0,0.0,0.0,0.9854736328124398,0.0
medium,20000,110,CNN raster + Hough fusion,1,1,0,0.7734090909090909,0.65,0.6545454545454545,1.0,1.0,0,0,0,37,174,16173,0.0,0.0,0.0,0.9871215820311897,0.0
medium,20000,111,CNN raster + Hough fusion,4,5,1,0.291344512195122,0.05953703703703703,0.9227642276422764,0.0,0.8,2,0,21,181,440,15742,0.10396039603908931,0.04555314533612678,0.06334841586570482,0.9620971679686913,0.03271028037378083
medium,20000,112,CNN raster + Hough fusion,2,2,0,0.6642786561264822,0.3409090909090909,0.8043478260869565,1.0,1.0,0,0,0,39,100,16245,0.0,0.0,0.0,0.9915161132811895,0.0
medium,20000,113,CNN raster + Hough fusion,5,5,0,0.3595938435408469,0.1603832442067736,0.9371069182389937,0.0,1.0,2,0,50,237,956,15141,0.17421602787395743,0.04970178926436412,0.07733952014946088,0.9271850585936934,0.040225261464167154
medium,20000,114,CNN raster + Hough fusion,1,1,0,0.7976829810901002,0.5790804597701149,0.935483870967742,1.0,1.0,0,0,0,32,30,16322,0.0,0.0,0.0,0.9962158203124392,0.0
medium,20000,115,CNN raster + Hough fusion,2,2,0,0.6917387218045113,0.325,0.9774436090225564,1.0,1.0,0,0,0,109,478,15797,0.0,0.0,0.0,0.9641723632811912,0.0
medium,20000,116,CNN raster + Hough fusion,4,4,0,0.560437984496124,0.13,0.7596899224806202,1.0,1.0,0,0,4,94,261,16025,0.04081632653019575,0.01509433962258455,0.022038567098816877,0.9783325195311903,0.011142061281306011
medium,20000,117,CNN raster + Hough fusion,1,1,0,0.635421052631579,0.26,0.8421052631578947,1.0,1.0,0,0,0,20,17,16347,0.0,0.0,0.0,0.997741699218689,0.0
medium,20000,118,CNN raster + Hough fusion,3,3,0,0.586547965116279,0.09857881136950902,0.9609375,1.0,1.0,0,0,16,108,345,15915,0.12903225806347554,0.04432132963976643,0.06597938106242109,0.9723510742186906,0.03411513859267779
medium,20000,119,CNN raster + Hough fusion,4,4,0,0.6608385077566111,0.25252380123069773,0.986013986013986,1.0,1.0,0,0,7,134,336,15907,0.049645390070569895,0.020408163265246623,0.028925619421683976,0.9713134765624407,0.014675052410870703
medium,20000,120,CNN raster + Hough fusion,5,5,0,0.22312520029911334,0.06456456456456457,0.4703557312252964,0.0,1.0,2,0,11,110,369,15894,0.0909090909083396,0.028947368420976456,0.04391217528215426,0.9707641601561907,0.02244897959179092
medium,20000,121,CNN raster + Hough fusion,3,3,0,0.36104434100930916,0.15547008547008548,0.9554140127388535,0.0,1.0,1,1,3,154,315,15912,0.01910828025465536,0.009433962264121278,0.012631578504757912,0.9713745117186907,0.006355932203376364
medium,20000,122,CNN raster + Hough fusion,1,1,0,0.5184210526315789,0.0,0.8421052631578947,1.0,1.0,0,0,0,16,20,16348,0.0,0.0,0.0,0.997802734374939,0.0
medium,20000,123,CNN raster + Hough fusion,5,5,0,0.3206,0.14800000000000002,0.77,0.0,1.0,1,0,0,217,742,15425,0.0,0.0,0.0,0.9414672851561925,0.0
medium,20000,124,CNN raster + Hough fusion,2,2,0,0.6346164021164021,0.2785714285714286,0.7962962962962963,1.0,1.0,0,0,0,88,327,15969,0.0,0.0,0.0,0.9746704101561905,0.0
medium,20000,125,CNN raster + Hough fusion,2,2,0,0.5504019607843137,0.17518518518518517,0.607843137254902,1.0,1.0,0,0,1,32,126,16225,0.03030303030211203,0.007874015747969495,0.012499999672421882,0.9903564453124395,0.006289308176061074
medium,20000,126,CNN raster + Hough fusion,1,1,0,0.5735714285714286,0.09999999999999999,0.8928571428571429,1.0,1.0,0,0,0,20,21,16343,0.0,0.0,0.0,0.997497558593689,0.0
medium,20000,127,CNN raster + Hough fusion,2,2,0,0.5088392857142857,0.1625,0.4285714285714286,1.0,1.0,0,0,0,31,147,16206,0.0,0.0,0.0,0.9891357421874396,0.0
medium,20000,128,CNN raster + Hough fusion,3,3,0,0.2378238341968912,0.0,0.689119170984456,0.0,1.0,2,0,1,121,433,15829,0.008196721311408223,0.002304147465432479,0.0035971219595906335,0.966186523437441,0.0018018018017985553
medium,20000,129,CNN raster + Hough fusion,5,5,0,0.29680764029749834,0.05390804597701148,0.8627450980392157,0.0,1.0,0,2,4,151,393,15836,0.025806451612736734,0.010075566750604344,0.014492753219235727,0.9667968749999409,0.007299270072979381
medium,20000,130,CNN raster + Hough fusion,4,4,0,0.2820443722943723,0.02166666666666666,0.8614718614718615,0.0,1.0,1,2,14,160,622,15588,0.08045977011448012,0.022012578616317592,0.03456790089714373,0.9522705078124418,0.01758793969847037
medium,20000,131,CNN raster + Hough fusion,2,2,0,0.6800883838383839,0.325,0.9191919191919192,1.0,1.0,0,0,26,67,285,16006,0.27956989247011216,0.08360128617336463,0.12871287093207773,0.9785156249999403,0.06878306878288681
medium,20000,132,CNN raster + Hough fusion,3,3,0,0.5605769230769231,0.1346153846153846,0.75,1.0,1.0,0,0,0,72,235,16077,0.0,0.0,0.0,0.98126220703119,0.0
medium,20000,133,CNN raster + Hough fusion,3,3,0,0.5107621082621082,0.05683760683760683,0.6759259259259259,1.0,1.0,0,0,0,74,165,16145,0.0,0.0,0.0,0.9854125976561898,0.0
medium,20000,134,CNN raster + Hough fusion,4,4,0,0.5923741586186714,0.1428104575163399,0.8905472636815921,1.0,1.0,0,0,33,163,387,15801,0.1683673469379165,0.0785714285712415,0.10714285670862499,0.9664306640624409,0.05660377358480857
medium,20000,135,CNN raster + Hough fusion,3,3,0,0.5570259816085243,0.14464555052790345,0.7096774193548387,1.0,1.0,0,0,3,80,233,16068,0.03614457831281753,0.012711864406725797,0.018808777044368678,0.9808959960936902,0.009493670886045906
medium,20000,136,CNN raster + Hough fusion,4,4,0,0.6531716772151899,0.23208333333333334,0.9936708860759493,1.0,1.0,0,0,0,155,330,15899,0.0,0.0,0.0,0.9703979492186907,0.0
medium,20000,137,CNN raster + Hough fusion,1,1,0,0.6222727272727273,0.1909090909090909,0.9318181818181819,1.0,1.0,0,0,0,36,164,16184,0.0,0.0,0.0,0.9877929687499397,0.0
medium,20000,138,CNN raster + Hough fusion,4,4,0,0.356386250411726,0.24285511363636364,0.7355072463768115,0.0,1.0,2,0,11,173,573,15627,0.05978260869532727,0.01883561643832391,0.02864583296889242,0.9544677734374417,0.014531043593111585
medium,20000,139,CNN raster + Hough fusion,3,3,0,0.36016666666666663,0.21666666666666667,0.8133333333333334,0.0,1.0,1,1,21,99,345,15919,0.17499999999854166,0.0573770491801711,0.08641975271416957,0.9729003906249406,0.045161290322483526
medium,20000,140,CNN raster + Hough fusion,1,1,0,0.6866940298507462,0.39,0.8059701492537313,1.0,1.0,0,0,0,55,206,16123,0.0,0.0,0.0,0.9840698242186899,0.0
medium,20000,141,CNN raster + Hough fusion,5,5,0,0.34242481203007524,0.12936507936507938,0.9210526315789473,0.0,1.0,0,1,8,166,450,15760,0.04597701149398864,0.017467248908258806,0.025316455297087814,0.9624023437499413,0.012820512820492276
medium,20000,142,CNN raster + Hough fusion,5,5,0,0.6229562461904828,0.20744662896130708,0.8980263157894737,1.0,1.0,0,0,0,270,633,15481,0.0,0.0,0.0,0.9448852539061923,0.0
medium,20000,143,CNN raster + Hough fusion,5,5,0,0.2664869371873263,0.13650793650793652,0.5252918287937743,0.0,1.0,3,1,22,106,535,15721,0.17187499999865724,0.03949730700172442,0.06423357633825989,0.9608764648436914,0.033182503770689015
medium,20000,144,CNN raster + Hough fusion,5,5,0,0.3189321229050279,0.17366666666666666,0.7039106145251397,0.0,1.0,1,0,0,111,317,15956,0.0,0.0,0.0,0.9738769531249405,0.0
medium,20000,145,CNN raster + Hough fusion,2,2,0,0.6370934579439252,0.26,0.8504672897196262,1.0,1.0,0,0,3,84,164,16133,0.0344827586202933,0.017964071856179858,0.0236220467935086,0.9848632812499398,0.011952191235012143
medium,20000,146,CNN raster + Hough fusion,3,3,0,0.2477042118071911,0.11637205387205385,0.4766839378238342,0.0,1.0,1,0,10,83,359,15932,0.1075268817192739,0.027100271002636584,0.04329004296830082,0.9730224609374406,0.022123893805260787
medium,20000,147,CNN raster + Hough fusion,1,1,0,0.515,0.0,0.825,1.0,1.0,0,0,7,23,78,16276,0.23333333332555556,0.08235294117550172,0.1217391300470321,0.9938354492186893,0.06481481481421468
medium,20000,148,CNN raster + Hough fusion,4,4,0,0.5571449438852251,0.1242248062015504,0.7562189054726368,1.0,1.0,0,0,2,146,324,15912,0.013513513513422207,0.006134969325134555,0.008438818135875683,0.9713134765624407,0.004237288135584243
medium,20000,149,CNN raster + Hough fusion,3,4,1,0.6203494623655914,0.21666666666666667,0.989247311827957,1.0,0.75,0,0,2,165,439,15778,0.011976047904119904,0.004535147392279966,0.006578946969945706,0.9631347656249412,0.003300330032997854
medium,20000,150,CNN raster + Hough fusion,2,2,0,0.5445538461538462,0.05199999999999999,0.8557692307692308,1.0,1.0,0,0,4,83,304,15993,0.0459770114937244,0.012987012986970822,0.020253164213376067,0.9763793945311904,0.010230179028106828
medium,20000,151,CNN raster + Hough fusion,3,3,0,0.3560833333333333,0.2033333333333333,0.8229166666666666,0.0,1.0,1,0,8,133,450,15793,0.05673758865207988,0.017467248908258806,0.02671118494879335,0.9644165039061912,0.013536379018589617
medium,20000,152,CNN raster + Hough fusion,1,1,0,0.5491589861751152,0.04892473118279565,0.8857142857142857,1.0,1.0,0,0,0,36,102,16246,0.0,0.0,0.0,0.9915771484374395,0.0
medium,20000,153,CNN raster + Hough fusion,4,5,1,0.4672558398733924,0.46804516856600187,0.883177570093458,0.0,0.8,0,2,0,208,447,15729,0.0,0.0,0.0,0.9600219726561914,0.0
medium,20000,154,CNN raster + Hough fusion,4,4,0,0.5705410674778761,0.0653125,0.9557522123893806,1.0,1.0,0,0,11,100,186,16087,0.09909909909820631,0.05583756345149321,0.07142857096708974,0.98254394531244,0.037037037036912336
medium,20000,155,CNN raster + Hough fusion,2,2,0,0.4933070866141732,0.0,0.7165354330708662,1.0,1.0,0,0,13,76,386,15909,0.14606741572869586,0.032581453634003554,0.053278688226140486,0.9718017578124407,0.027368421052573963
medium,20000,156,CNN raster + Hough fusion,2,2,0,0.5916198501872659,0.15740740740740738,0.8539325842696629,1.0,1.0,0,0,1,64,98,16221,0.015384615384378698,0.01010101010090807,0.012195121472560995,0.9901123046874395,0.006134969325115737
medium,20000,157,CNN raster + Hough fusion,5,5,0,0.32177765509626666,0.12093023255813953,0.8367952522255193,0.0,1.0,3,0,18,244,632,15490,0.06870229007607366,0.02769230769226509,0.039473683800938755,0.9465332031249422,0.02013422818789694
medium,20000,158,CNN raster + Hough fusion,4,4,0,0.3691913576182996,0.2259525939177102,0.8375634517766497,0.0,1.0,1,0,0,168,256,15960,0.0,0.0,0.0,0.9741210937499405,0.0
medium,20000,159,CNN raster + Hough fusion,3,3,0,0.5757565789473684,0.1625,0.7631578947368421,1.0,1.0,0,0,21,66,285,16012,0.2413793103420531,0.06862745098016788,0.10687022866235456,0.9785766601561903,0.05645161290307406
medium,20000,160,CNN raster + Hough fusion,5,5,0,0.6304914906103286,0.36875,0.5727699530516432,1.0,1.0,0,0,2,118,495,15769,0.016666666666527778,0.004024144869207195,0.0064829818584514025,0.9625854492186913,0.0032520325203199154
medium,20000,161,CNN raster + Hough fusion,2,2,0,0.5053072625698324,0.0,0.776536312849162,1.0,1.0,0,0,3,104,360,15917,0.02803738317730806,0.008264462809894589,0.012765957095092812,0.9716796874999407,0.006423982869365259
medium,20000,162,CNN raster + Hough fusion,2,2,0,0.6224957627118645,0.195,0.923728813559322,1.0,1.0,0,0,44,67,268,16005,0.39639639639282526,0.14102564102518902,0.20803782467101475,0.9795532226561902,0.11609498680708155
medium,20000,163,CNN raster + Hough fusion,2,2,0,0.3148582303618711,0.11931818181818181,0.8058252427184466,0.0,1.0,0,1,0,78,264,16042,0.0,0.0,0.0,0.9791259765624402,0.0
medium,20000,164,CNN raster + Hough fusion,1,1,0,0.8307405063291139,0.6632489451476793,0.9113924050632911,1.0,1.0,0,0,0,73,80,16231,0.0,0.0,0.0,0.9906616210936895,0.0
medium,20000,165,CNN raster + Hough fusion,1,1,0,0.8245,0.61,1.0,1.0,1.0,0,0,0,23,23,16338,0.0,0.0,0.0,0.9971923828124392,0.0
medium,20000,166,CNN raster + Hough fusion,3,3,0,0.5840232169474683,0.09257067718606178,0.9618320610687023,1.0,1.0,0,0,11,116,300,15957,0.08661417322766446,0.03536977491950042,0.050228310090292126,0.9746093749999405,0.02576112412171953
medium,20000,167,CNN raster + Hough fusion,5,5,0,0.3185966977826368,0.11067193675889328,0.8439716312056738,0.0,1.0,3,4,36,156,615,15577,0.18749999999902345,0.05529953917042197,0.08540925231706792,0.9529418945311918,0.044609665427454016
medium,20000,168,CNN raster + Hough fusion,1,1,0,0.45434782608695656,0.0,0.5217391304347826,1.0,1.0,0,0,4,16,108,16256,0.19999999999,0.035714285713966835,0.060606060348025716,0.9924316406249394,0.031249999999755862
medium,20000,169,CNN raster + Hough fusion,3,3,0,0.4535005039959681,0.3849718802249582,0.9013157894736842,0.0,1.0,0,1,1,132,289,15962,0.007518796992424671,0.0034482758620570752,0.004728131956563816,0.9743041992186905,0.0023696682464398825
medium,20000,170,CNN raster + Hough fusion,5,4,1,0.2430789473684211,0.02906432748538011,0.75,0.0,0.8,2,1,7,171,368,15838,0.039325842696408285,0.01866666666661689,0.025316455259563983,0.9671020507811909,0.01282051282048934
medium,20000,171,CNN raster + Hough fusion,3,3,0,0.5655587251623058,0.11577152600170501,0.8173076923076923,1.0,1.0,0,0,1,77,269,16037,0.012820512820348455,0.0037037037036899865,0.005747126088948363,0.9788818359374403,0.0028818443803951535
medium,20000,172,CNN raster + Hough fusion,4,4,0,0.6154562334217507,0.2052873563218391,0.8653846153846154,1.0,1.0,0,0,0,85,319,15980,0.0,0.0,0.0,0.9753417968749405,0.0
medium,20000,173,CNN raster + Hough fusion,2,2,0,0.454225352112676,0.0,0.5211267605633803,1.0,1.0,0,0,1,32,217,16134,0.03030303030211203,0.00458715596328171,0.00796812726159903,0.9848022460936898,0.003999999999984
medium,20000,174,CNN raster + Hough fusion,2,2,0,0.5267441860465116,0.0,0.8837209302325582,1.0,1.0,0,0,0,77,124,16183,0.0,0.0,0.0,0.9877319335936897,0.0
medium,20000,175,CNN raster + Hough fusion,5,5,0,0.6100565681961031,0.23255813953488372,0.777027027027027,1.0,1.0,0,0,10,98,368,15908,0.09259259259173525,0.026455026454956468,0.04115226302863723,0.9715576171874407,0.021008403361300405
medium,20000,176,CNN raster + Hough fusion,2,2,0,0.5429318181818181,0.1042929292929293,0.73,1.0,1.0,0,0,1,68,239,16076,0.014492753622978366,0.0041666666666493055,0.006472491562467944,0.98126220703119,0.0032467532467427055
medium,20000,177,CNN raster + Hough fusion,2,2,0,0.686983461618473,0.3121371610845295,0.9826086956521739,1.0,1.0,0,0,0,114,275,15995,0.0,0.0,0.0,0.9762573242186904,0.0
medium,20000,178,CNN raster + Hough fusion,3,3,0,0.528892572944297,0.08984674329501914,0.6923076923076923,1.0,1.0,0,0,0,73,266,16045,0.0,0.0,0.0,0.9793090820311902,0.0
medium,20000,179,CNN raster + Hough fusion,4,4,0,0.6362523510971787,0.2223232323232323,0.9310344827586207,1.0,1.0,0,0,0,236,638,15510,0.0,0.0,0.0,0.9466552734374422,0.0
medium,20000,180,CNN raster + Hough fusion,5,5,0,0.2802621483375959,0.1326086956521739,0.6029411764705883,0.0,1.0,1,0,8,74,311,15991,0.09756097560856633,0.025078369905877498,0.039900249051013366,0.9765014648436904,0.020356234096640315
medium,20000,181,CNN raster + Hough fusion,1,1,0,0.7387692307692307,0.4707692307692308,0.8846153846153846,1.0,1.0,0,0,0,24,27,16333,0.0,0.0,0.0,0.9968872070311892,0.0
medium,20000,182,CNN raster + Hough fusion,5,5,0,0.30455575800240176,0.10904863785479961,0.7774193548387096,0.0,1.0,2,7,23,171,762,15428,0.11855670103031672,0.029299363057287517,0.04698672082614162,0.9430541992186924,0.024058577405832574
medium,20000,183,CNN raster + Hough fusion,4,4,0,0.5467213114754098,0.0,0.9836065573770492,1.0,1.0,0,0,2,179,517,15686,0.01104972375684503,0.0038535645471987406,0.005714285330844924,0.9575195312499415,0.002865329512889878
medium,20000,184,CNN raster + Hough fusion,2,2,0,0.6807115384615384,0.3178205128205128,0.9384615384615385,1.0,1.0,0,0,0,131,380,15873,0.0,0.0,0.0,0.9688110351561908,0.0
medium,20000,185,CNN raster + Hough fusion,4,4,0,0.41023721979854255,0.24996535735506323,0.9887640449438202,0.0,1.0,0,1,10,165,478,15731,0.05714285714253062,0.020491803278646532,0.030165912130200274,0.9607543945311914,0.015313935681446686
medium,20000,186,CNN raster + Hough fusion,3,3,0,0.5251622807017544,0.16239766081871346,0.5104166666666667,1.0,1.0,0,0,0,49,153,16182,0.0,0.0,0.0,0.9876708984374397,0.0
medium,20000,187,CNN raster + Hough fusion,5,5,0,0.28758023555391976,0.04543859649122806,0.8356643356643356,0.0,1.0,4,1,21,183,614,15566,0.10294117647008362,0.03307086614168021,0.05005959438748951,0.9513549804686919,0.025672371638110425
medium,20000,188,CNN raster + Hough fusion,2,2,0,0.25865752609412196,0.09360465116279071,0.5826771653543308,0.0,1.0,1,0,9,60,373,15942,0.1304347826068053,0.023560209424022094,0.03991130794464138,0.9735717773436906,0.020361990950180178
medium,20000,189,CNN raster + Hough fusion,3,3,0,0.41419449623085025,0.3116042077580539,0.8698630136986302,0.0,1.0,1,0,9,119,288,15968,0.07031249999945069,0.030303030302928274,0.04235294075533288,0.9751586914061905,0.02163461538456338
medium,20000,190,CNN raster + Hough fusion,2,2,0,0.7104056603773585,0.39,0.9245283018867925,1.0,1.0,0,0,0,149,487,15748,0.0,0.0,0.0,0.9611816406249413,0.0
medium,20000,191,CNN raster + Hough fusion,4,4,0,0.33322535991140645,0.13415159345391903,0.8642857142857143,0.0,1.0,1,0,15,223,578,15568,0.06302521008376881,0.025295109612098996,0.03610108262365237,0.9511108398436919,0.018382352941153944
medium,20000,192,CNN raster + Hough fusion,4,5,1,0.6058985200845666,0.30303030303030304,0.6976744186046512,1.0,0.8,0,0,3,116,489,15776,0.025210084033401595,0.006097560975597363,0.009819966953083282,0.9630737304686912,0.004934210526307674
medium,20000,193,CNN raster + Hough fusion,1,1,0,0.4666666666666667,0.0,0.5833333333333333,1.0,1.0,0,0,0,8,45,16331,0.0,0.0,0.0,0.9967651367186892,0.0
medium,20000,194,CNN raster + Hough fusion,1,1,0,0.6354029850746269,0.23621890547263677,0.8955223880597015,1.0,1.0,0,0,0,61,68,16255,0.0,0.0,0.0,0.9921264648436894,0.0
medium,20000,195,CNN raster + Hough fusion,4,4,0,0.3535238970588236,0.243125,0.7205882352941176,0.0,1.0,1,0,5,84,259,16036,0.056179775280267644,0.0189393939393222,0.02832861152074088,0.9790649414061903,0.014367816091912736
medium,20000,196,CNN raster + Hough fusion,4,4,0,0.6378303964757709,0.25,0.8766519823788547,1.0,1.0,0,0,2,198,319,15865,0.00999999999995,0.006230529594996167,0.0076775427131200065,0.9684448242186908,0.0038535645471987406
medium,20000,197,CNN raster + Hough fusion,2,2,0,0.5736944444444444,0.06499999999999999,0.9722222222222222,1.0,1.0,0,0,11,104,275,15994,0.09565217391221172,0.03846153846140398,0.0548628424834174,0.9768676757811904,0.028205128205055885
medium,20000,198,CNN raster + Hough fusion,3,3,0,0.2704464285714286,0.05138888888888888,0.7366071428571428,0.0,1.0,1,0,9,152,398,15825,0.055900621117665215,0.02211302211296778,0.03169014043874604,0.9664306640624409,0.016100178890847763
medium,20000,199,CNN raster + Hough fusion,1,1,0,0.8373333333333334,0.6755555555555556,0.9166666666666666,1.0,1.0,0,0,0,67,73,16244,0.0,0.0,0.0,0.9914550781249395,0.0
medium,20000,200,CNN raster + Hough fusion,5,5,0,0.27995149253731344,0.11907407407407405,0.6318407960199005,0.0,1.0,1,0,15,94,402,15873,0.13761467889782003,0.035971223021496475,0.05703422020353772,0.9697265624999408,0.029354207436341772
medium,20000,201,CNN raster + Hough fusion,4,4,0,0.28484308944250225,0.07569838498472281,0.7538940809968847,0.0,1.0,1,1,9,222,807,15346,0.0389610389608703,0.011029411764692366,0.017191976733425842,0.9371948242186928,0.00867052023120552
medium,20000,202,CNN raster + Hough fusion,4,4,0,0.2889824771007567,0.1093278463648834,0.6989247311827957,0.0,1.0,1,0,5,128,597,15654,0.03759398496212336,0.008305647840517764,0.013605441880416498,0.9557495117186916,0.006849315068483768
medium,20000,203,CNN raster + Hough fusion,1,1,0,0.590677570093458,0.13193146417445484,0.9065420560747663,1.0,1.0,0,0,0,76,233,16075,0.0,0.0,0.0,0.98114013671869,0.0
medium,20000,204,CNN raster + Hough fusion,1,1,0,0.7629285714285714,0.5366666666666666,0.8571428571428572,1.0,1.0,0,0,0,67,240,16077,0.0,0.0,0.0,0.98126220703119,0.0
medium,20000,205,CNN raster + Hough fusion,3,3,0,0.5577205882352941,0.09035947712418298,0.8352941176470589,1.0,1.0,0,0,0,82,116,16186,0.0,0.0,0.0,0.9879150390624397,0.0
medium,20000,206,CNN raster + Hough fusion,5,5,0,0.35267701486420455,0.12544577726636646,0.9811320754716981,0.0,1.0,1,0,6,244,453,15681,0.023999999999904,0.013071895424808123,0.016925246369916522,0.9574584960936915,0.008534850640101658
medium,20000,207,CNN raster + Hough fusion,2,2,0,0.5933928571428572,0.325,0.48571428571428577,1.0,1.0,0,0,0,19,123,16242,0.0,0.0,0.0,0.9913330078124395,0.0
medium,20000,208,CNN raster + Hough fusion,1,1,0,0.7648695652173912,0.5402898550724637,0.8586956521739131,1.0,1.0,0,0,20,60,261,16043,0.249999999996875,0.071174377223946,0.11080332375411484,0.9804077148436902,0.05865102639278988
medium,20000,209,CNN raster + Hough fusion,3,3,0,0.6251315789473685,0.21666666666666667,0.8881578947368421,1.0,1.0,0,0,0,154,184,16046,0.0,0.0,0.0,0.9793701171874402,0.0
medium,20000,210,CNN raster + Hough fusion,2,2,0,0.7707924528301887,0.52,0.9339622641509434,1.0,1.0,0,0,0,101,268,16015,0.0,0.0,0.0,0.9774780273436903,0.0
medium,20000,211,CNN raster + Hough fusion,5,5,0,0.4194966228893058,0.29806837606837605,0.926829268292683,0.0,1.0,1,0,36,147,603,15598,0.19672131147433486,0.05633802816892592,0.08759124052957003,0.9542236328124417,0.04580152671749898
medium,20000,212,CNN raster + Hough fusion,1,1,0,0.6182142857142857,0.18333333333333332,0.9285714285714286,1.0,1.0,0,0,0,13,36,16335,0.0,0.0,0.0,0.9970092773436892,0.0
medium,20000,213,CNN raster + Hough fusion,1,1,0,0.734076923076923,0.4201709401709401,0.975,1.0,1.0,0,0,0,41,40,16303,0.0,0.0,0.0,0.9950561523436893,0.0
medium,20000,214,CNN raster + Hough fusion,2,2,0,0.5530369306087697,0.09454022988505745,0.8024691358024691,1.0,1.0,0,0,0,55,83,16246,0.0,0.0,0.0,0.9915771484374395,0.0
medium,20000,215,CNN raster + Hough fusion,5,5,0,0.2826827739646347,0.041140873015873006,0.8208469055374593,0.0,1.0,2,2,3,219,437,15725,0.013513513513452643,0.006818181818166322,0.009063443662954905,0.9599609374999414,0.004552352048551514
medium,20000,216,CNN raster + Hough fusion,5,5,0,0.5198646464646465,0.052000000000000005,0.7323232323232323,1.0,1.0,0,0,1,137,502,15744,0.007246376811541694,0.0019880715705725884,0.003120124467103651,0.9609985351561913,0.0015624999999975587
medium,20000,217,CNN raster + Hough fusion,2,2,0,0.5603606909008806,0.031653746770025845,0.9805825242718447,1.0,1.0,0,0,20,83,307,15974,0.1941747572796682,0.061162079510516325,0.09302325544920496,0.9761962890624404,0.048780487804759076
medium,20000,218,CNN raster + Hough fusion,1,1,0,0.4666666666666667,0.0,0.5833333333333333,1.0,1.0,0,0,0,22,37,16325,0.0,0.0,0.0,0.9963989257811892,0.0
medium,20000,219,CNN raster + Hough fusion,5,4,1,0.30402849740932647,0.08333333333333333,0.9326424870466321,0.0,0.8,1,1,6,142,288,15948,0.04054054054026662,0.020408163265236708,0.027149320821400064,0.9737548828124405,0.013761467889876694
medium,20000,220,CNN raster + Hough fusion,4,4,0,0.35017473765283524,0.1768588941304836,0.8529411764705882,0.0,1.0,1,2,15,150,331,15888,0.09090909090853995,0.04335260115594407,0.058708414435300116,0.9706420898436907,0.030241935483809997
medium,20000,221,CNN raster + Hough fusion,3,3,0,0.6508130149420471,0.25096494902946515,0.9393939393939394,1.0,1.0,0,0,22,144,334,15884,0.13253012048112933,0.06179775280881518,0.08429118730538308,0.9708251953124407,0.043999999999912
medium,20000,222,CNN raster + Hough fusion,5,5,0,0.2891386200339071,0.06237759498629063,0.8053435114503817,0.0,1.0,3,1,28,154,677,15525,0.15384615384530856,0.039716312056681254,0.06313415976387987,0.949279785156192,0.032596041909158796
medium,20000,223,CNN raster + Hough fusion,3,4,1,0.2734134615384616,0.05416666666666666,0.8701923076923077,0.0,0.75,1,1,3,171,503,15707,0.01724137931024574,0.005928853754928995,0.008823529030925622,0.9588623046874415,0.004431314623331711
medium,20000,224,CNN raster + Hough fusion,5,5,0,0.5916820388349515,0.16166666666666665,0.8446601941747574,1.0,1.0,0,0,2,166,439,15777,0.011904761904691044,0.004535147392279966,0.006568144099633062,0.9630737304686912,0.0032948929159748027
medium,20000,225,CNN raster + Hough fusion,3,3,0,0.5864,0.17333333333333334,0.792,1.0,1.0,0,0,0,101,266,16017,0.0,0.0,0.0,0.9776000976561903,0.0
medium,20000,226,CNN raster + Hough fusion,4,5,1,0.38855501067120696,0.2432263814616756,0.9955156950672646,0.0,0.8,0,1,8,209,575,15592,0.036866359446834716,0.013722126929650563,0.019999999604603132,0.9521484374999418,0.010101010100997348
medium,20000,227,CNN raster + Hough fusion,2,2,0,0.36902034883720936,0.1947222222222222,0.9069767441860466,0.0,1.0,0,1,8,94,307,15975,0.07843137254825067,0.025396825396744774,0.038369304186624806,0.9755249023436904,0.019559902200441175
medium,20000,228,CNN raster + Hough fusion,2,2,0,0.5816911764705882,0.175,0.7647058823529411,1.0,1.0,0,0,0,27,80,16277,0.0,0.0,0.0,0.9934692382811894,0.0
medium,20000,229,CNN raster + Hough fusion,3,3,0,0.5283783783783784,0.0,0.8918918918918919,1.0,1.0,0,0,1,119,246,16018,0.008333333333263889,0.0040485829959350265,0.005449590840499261,0.9777221679686903,0.002732240437151005
medium,20000,230,CNN raster + Hough fusion,5,5,0,0.6416432432432432,0.21866666666666668,0.9662162162162162,1.0,1.0,0,0,11,286,746,15341,0.037037037036912336,0.014531043593111585,0.020872864870339437,0.9370117187499428,0.010546500479376273
medium,20000,231,CNN raster + Hough fusion,2,2,0,0.5599791666666667,0.09625,0.8333333333333334,1.0,1.0,0,0,1,43,128,16212,0.0227272727267562,0.007751937984436032,0.01156069326218719,0.9895629882811896,0.005813953488338291
medium,20000,232,CNN raster + Hough fusion,1,1,0,0.752,0.52,0.84,1.0,1.0,0,0,21,22,134,16207,0.4883720930118984,0.13548387096686784,0.2121212117790532,0.9904785156249395,0.11864406779593988
medium,20000,233,CNN raster + Hough fusion,4,5,1,0.4558842737722048,0.4009549518170208,0.9772727272727273,0.0,0.8,1,0,15,197,394,15778,0.07075471698079833,0.0366748166258272,0.048309178294123296,0.9639282226561912,0.024752475247483908
medium,20000,234,CNN raster + Hough fusion,1,1,0,0.6696212121212121,0.27929292929292926,0.9696969696969697,1.0,1.0,0,0,0,26,124,16234,0.0,0.0,0.0,0.9908447265624395,0.0
medium,20000,235,CNN raster + Hough fusion,4,4,0,0.24164732142857145,0.12937500000000002,0.41714285714285715,0.0,1.0,1,0,7,68,280,16029,0.09333333333208889,0.02439024390235404,0.03867403282044199,0.9787597656249403,0.019718309859099385
medium,20000,236,CNN raster + Hough fusion,4,5,1,0.31053729599019275,0.17219033955045432,0.7652582159624413,0.0,0.8,1,0,9,152,504,15719,0.055900621117665215,0.017543859649088608,0.026706231090301936,0.9599609374999414,0.013533834586445814
medium,20000,237,CNN raster + Hough fusion,3,3,0,0.4685216131907308,0.01620370370370371,0.5561497326203209,1.0,1.0,0,0,13,94,487,15790,0.12149532710166826,0.025999999999948002,0.04283360761719533,0.9645385742186912,0.02188552188548504
medium,20000,238,CNN raster + Hough fusion,1,1,0,0.47820512820512817,0.0,0.641025641025641,1.0,1.0,0,0,0,26,122,16236,0.0,0.0,0.0,0.9909667968749395,0.0
medium,20000,239,CNN raster + Hough fusion,4,4,0,0.5197222222222222,0.13333333333333333,0.5486111111111112,1.0,1.0,0,0,0,82,328,15974,0.0,0.0,0.0,0.9749755859374405,0.0
medium,20000,240,CNN raster + Hough fusion,2,2,0,0.5309457520091848,0.13012820512820514,0.6119402985074627,1.0,1.0,0,0,1,39,68,16276,0.024999999999375,0.014492753622978366,0.018348623388266993,0.9934692382811894,0.009259259259173525
medium,20000,241,CNN raster + Hough fusion,2,2,0,0.7168043478260869,0.39,0.9565217391304348,1.0,1.0,0,0,0,156,393,15835,0.0,0.0,0.0,0.9664916992186909,0.0
medium,20000,242,CNN raster + Hough fusion,4,4,0,0.48620687984496125,0.13041666666666665,0.3875968992248062,1.0,1.0,0,0,14,32,248,16090,0.3043478260803403,0.053435114503612845,0.09090909065441052,0.9829101562499399,0.04761904761888565
medium,20000,243,CNN raster + Hough fusion,1,1,0,0.7958333333333333,0.65,0.7666666666666666,1.0,1.0,0,0,0,47,185,16152,0.0,0.0,0.0,0.9858398437499398,0.0
medium,20000,244,CNN raster + Hough fusion,4,4,0,0.2704503836763167,0.014479905437352244,0.819672131147541,0.0,1.0,1,1,2,131,428,15823,0.015037593984849343,0.0046511627906868575,0.0071047953762418585,0.965881347656191,0.0035650623885854454
medium,20000,245,CNN raster + Hough fusion,4,3,1,0.2431478026533997,0.05267412935323383,0.7222222222222222,0.0,0.75,0,1,0,169,541,15674,0.0,0.0,0.0,0.9566650390624416,0.0
medium,20000,246,CNN raster + Hough fusion,2,2,0,0.7272256376094404,0.41887387387387387,0.9436619718309859,1.0,1.0,0,0,0,136,144,16104,0.0,0.0,0.0,0.9829101562499399,0.0
medium,20000,247,CNN raster + Hough fusion,1,1,0,0.7022771084337349,0.40265060240963846,0.8554216867469879,1.0,1.0,0,0,51,21,203,16109,0.7083333333234954,0.20078740157401265,0.31288343523674206,0.9863281249999398,0.18545454545387108
medium,20000,248,CNN raster + Hough fusion,2,2,0,0.6166973684210526,0.19499999999999998,0.8947368421052632,1.0,1.0,0,0,0,65,181,16138,0.0,0.0,0.0,0.9849853515624398,0.0
medium,20000,249,CNN raster + Hough fusion,3,3,0,0.32107142857142856,0.1685185185185185,0.7261904761904762,0.0,1.0,1,0,10,109,500,15765,0.08403361344467199,0.019607843137216457,0.0317965020778433,0.9628295898436912,0.016155088852962594
medium,20000,250,CNN raster + Hough fusion,5,5,0,0.29363544303797473,0.10400000000000001,0.7341772151898734,0.0,1.0,1,0,16,202,715,15451,0.07339449541250737,0.02188782489737088,0.03371970459861804,0.9440307617186924,0.01714898177918848
medium,20000,251,CNN raster + Hough fusion,2,2,0,0.6498125,0.26625,0.9,1.0,1.0,0,0,0,64,109,16211,0.0,0.0,0.0,0.9894409179686896,0.0
medium,20000,252,CNN raster + Hough fusion,3,3,0,0.6913920081843895,0.3351468710089399,0.9528795811518325,1.0,1.0,0,0,0,194,387,15803,0.0,0.0,0.0,0.9645385742186912,0.0
medium,20000,253,CNN raster + Hough fusion,4,4,0,0.2162079510703364,0.0,0.581039755351682,0.0,1.0,1,0,11,177,703,15493,0.05851063829756112,0.015406162464964417,0.024390243572416072,0.9462890624999423,0.012345679012331823
medium,20000,254,CNN raster + Hough fusion,2,2,0,0.5604765234030027,0.09360465116279071,0.8417721518987342,1.0,1.0,0,0,13,145,122,16104,0.08227848101213749,0.09629629629558299,0.08873720086766299,0.9837036132811899,0.04642857142840561
medium,20000,255,CNN raster + Hough fusion,5,4,1,0.23281578947368423,0.06181286549707602,0.625,0.0,0.8,4,3,25,155,706,15498,0.1388888888881173,0.034199726402142,0.05488474172450149,0.9474487304686922,0.028216704288907206
medium,20000,256,CNN raster + Hough fusion,4,4,0,0.5390092446374523,0.05909586056644879,0.8120805369127517,1.0,1.0,0,0,9,110,393,15872,0.07563025210020478,0.022388059701436848,0.03454894398520489,0.9692993164061908,0.01757812499996567
medium,20000,257,CNN raster + Hough fusion,3,4,1,0.5994358974358975,0.16541310541310542,1.0,1.0,0.75,0,0,12,170,512,15690,0.06593406593370366,0.02290076335873492,0.03399433389485511,0.9583740234374415,0.017291066282395833
medium,20000,258,CNN raster + Hough fusion,3,3,0,0.7045454545454545,0.4727272727272727,0.7090909090909091,1.0,1.0,0,0,0,38,112,16234,0.0,0.0,0.0,0.9908447265624395,0.0
medium,20000,259,CNN raster + Hough fusion,1,1,0,0.8973823529411764,0.7876470588235294,0.9647058823529412,1.0,1.0,0,0,42,41,44,16257,0.5060240963794455,0.48837209301757706,0.49704141961261855,0.9948120117186893,0.33070866141471883
medium,20000,260,CNN raster + Hough fusion,4,5,1,0.40100480576141584,0.2413524482848913,0.9786476868327402,0.06666666666666667,0.8,1,6,16,215,713,15440,0.06926406926376942,0.021947873799695546,0.033333332967814676,0.9433593749999424,0.016949152542354927
medium,20000,261,CNN raster + Hough fusion,4,4,0,0.5601563142739613,0.12357968828557062,0.7727272727272727,1.0,1.0,0,0,1,169,444,15770,0.005882352941141869,0.002247191011230905,0.0032520321202882375,0.9625854492186913,0.001628664495111354
medium,20000,262,CNN raster + Hough fusion,3,3,0,0.6157160493827161,0.18444444444444444,0.9135802469135803,1.0,1.0,0,0,1,74,207,16102,0.013333333333155555,0.004807692307669194,0.007067137419570749,0.9828491210936899,0.003546099290767567
medium,20000,263,CNN raster + Hough fusion,3,3,0,0.29750840689365277,0.08675213675213675,0.7923497267759563,0.0,1.0,0,1,1,135,327,15921,0.007352941176416523,0.003048780487795583,0.004310344413180033,0.9718017578124407,0.002159827213818229
medium,20000,264,CNN raster + Hough fusion,4,5,1,0.3360779404211608,0.16102693602693602,0.9180790960451978,0.0,0.8,3,0,3,284,791,15306,0.010452961672437446,0.0037783375314813876,0.0055504158911961225,0.9343872070311929,0.0027829313543573445
medium,20000,265,CNN raster + Hough fusion,1,1,0,0.6701808510638297,0.39,0.7234042553191489,1.0,1.0,0,0,18,17,132,16217,0.5142857142710204,0.11999999999920001,0.19459459428569764,0.9909057617186895,0.10778443113707914
medium,20000,266,CNN raster + Hough fusion,1,1,0,0.9086052631578948,0.8085964912280702,0.9736842105263158,1.0,1.0,0,0,0,28,28,16328,0.0,0.0,0.0,0.9965820312499392,0.0
medium,20000,267,CNN raster + Hough fusion,1,1,0,0.8898565573770493,0.7916666666666667,0.9180327868852459,1.0,1.0,0,0,0,62,57,16265,0.0,0.0,0.0,0.9927368164061894,0.0
medium,20000,268,CNN raster + Hough fusion,4,4,0,0.29422118959107807,0.043333333333333335,0.8736059479553904,0.0,1.0,3,3,24,169,504,15687,0.12435233160557331,0.045454545454459365,0.06657420210428959,0.9589233398436915,0.03443328550927628
medium,20000,269,CNN raster + Hough fusion,5,5,0,0.42368948256863526,0.293288084464555,0.9585492227979274,0.0,1.0,0,2,8,173,450,15753,0.04419889502738012,0.017467248908258806,0.02503912322455128,0.9619750976561913,0.012678288431041714
medium,20000,270,CNN raster + Hough fusion,2,2,0,0.57925,0.06499999999999999,1.0,1.0,1.0,0,0,18,83,122,16161,0.17821782178041368,0.1285714285705102,0.14937759287285,0.9874877929686897,0.0807174887888757
medium,20000,271,CNN raster + Hough fusion,4,4,0,0.5229951789417943,0.05368437697659707,0.7441860465116279,1.0,1.0,0,0,3,120,380,15881,0.02439024390224073,0.007832898172303308,0.011857707141847253,0.9694824218749408,0.005964214711717765
medium,20000,272,CNN raster + Hough fusion,3,3,0,0.6368068181818182,0.2413888888888889,0.8909090909090909,1.0,1.0,0,0,1,96,276,16011,0.010309278350409182,0.0036101083032360646,0.005347593198675998,0.9772949218749403,0.0026809651474458958
medium,20000,273,CNN raster + Hough fusion,3,4,1,0.35753655699567966,0.1959694989106754,0.9717514124293786,0.0,0.75,1,1,5,154,379,15846,0.03144654088030537,0.013020833333299425,0.018416205847291336,0.9674682617186909,0.009293680297380496
medium,20000,274,CNN raster + Hough fusion,1,1,0,0.9183518518518519,0.8267901234567901,0.9814814814814815,1.0,1.0,0,0,27,27,28,16302,0.4999999999907408,0.4909090909001653,0.49541284352764925,0.9966430664061892,0.32926829267891133
medium,20000,275,CNN raster + Hough fusion,3,3,0,0.3062124183006536,0.13,0.738562091503268,0.0,1.0,1,1,12,98,251,16023,0.10909090908991735,0.04562737642568203,0.06434316312265596,0.9786987304686903,0.03324099722982482
medium,20000,276,CNN raster + Hough fusion,2,2,0,0.2766990291262136,0.0,0.883495145631068,0.0,1.0,1,0,14,76,131,16163,0.15555555555382716,0.09655172413726516,0.11914893569658669,0.9873657226561897,0.06334841628930613
medium,20000,277,CNN raster + Hough fusion,5,5,0,0.5525573029088293,0.012775093934514216,0.9840425531914894,1.0,1.0,0,0,6,179,316,15883,0.03243243243225712,0.01863354037261294,0.023668638589669687,0.9697875976561908,0.011976047904167713
medium,20000,278,CNN raster + Hough fusion,4,5,1,0.3479781368821293,0.195,0.9011406844106464,0.0,0.8,1,0,26,240,638,15480,0.09774436090188818,0.039156626505965124,0.055913978086077,0.9464111328124422,0.02876106194687084
medium,20000,279,CNN raster + Hough fusion,1,1,0,0.8871521739130435,0.7685507246376811,0.9565217391304348,1.0,1.0,0,0,0,45,47,16292,0.0,0.0,0.0,0.9943847656249393,0.0
medium,20000,280,CNN raster + Hough fusion,5,4,1,0.2830027765507668,0.13916759568933482,0.7018867924528303,0.0,0.8,1,0,13,153,665,15553,0.07831325301157643,0.019174041297906824,0.03080568688772153,0.9500732421874419,0.015643802647393932
medium,20000,281,CNN raster + Hough fusion,3,3,0,0.5696434556728674,0.06422825540472599,0.9537037037037037,1.0,1.0,0,0,3,101,237,16043,0.02884615384587648,0.012499999999947917,0.017441860043165235,0.9793701171874402,0.008797653958918482
medium,20000,282,CNN raster + Hough fusion,4,4,0,0.6296281725888325,0.195,0.9593908629441624,1.0,1.0,0,0,7,193,430,15754,0.034999999999825004,0.016018306636118952,0.02197802154716601,0.9619750976561913,0.011111111111093475
medium,20000,283,CNN raster + Hough fusion,5,5,0,0.2934941532045191,0.12465728715728715,0.6869918699186992,0.0,1.0,1,1,10,155,456,15763,0.0606060606056933,0.02145922746776511,0.03169572069132839,0.9627075195311913,0.01610305958129452
medium,20000,284,CNN raster + Hough fusion,1,1,0,0.7364718309859155,0.445680751173709,0.9295774647887324,1.0,1.0,0,0,0,67,222,16095,0.0,0.0,0.0,0.98236083984369,0.0
medium,20000,285,CNN raster + Hough fusion,4,5,1,0.49482954545454544,0.002651515151515149,0.8181818181818181,1.0,0.8,0,0,9,159,671,15545,0.0535714285711097,0.013235294117627595,0.02122641477656084,0.949340820312442,0.010727056019057537
medium,20000,286,CNN raster + Hough fusion,1,1,0,0.5227272727272727,0.0,0.8636363636363636,1.0,1.0,0,0,0,23,62,16299,0.0,0.0,0.0,0.9948120117186893,0.0
medium,20000,287,CNN raster + Hough fusion,5,5,0,0.3056395125533057,0.07894348894348893,0.8505747126436781,0.0,1.0,1,0,21,172,554,15637,0.10880829015487664,0.03652173913037127,0.05468749962355889,0.9556884765624416,0.028112449799159153
medium,20000,288,CNN raster + Hough fusion,3,3,0,0.5127329192546584,0.0,0.8136645962732919,1.0,1.0,0,0,6,112,286,15980,0.050847457626687735,0.020547945205409084,0.029268292272837608,0.9757080078124404,0.01485148514847809
medium,20000,289,CNN raster + Hough fusion,1,1,0,0.6886304347826087,0.35637681159420287,0.8913043478260869,1.0,1.0,0,0,0,83,285,16016,0.0,0.0,0.0,0.9775390624999403,0.0
medium,20000,290,CNN raster + Hough fusion,3,3,0,0.6867026649056017,0.360655737704918,0.8720379146919431,1.0,1.0,0,0,6,143,374,15861,0.04026845637556867,0.015789473684168977,0.022684309614159476,0.9684448242186908,0.011472275334586095
medium,20000,291,CNN raster + Hough fusion,3,3,0,0.6371989121989122,0.29012345679012347,0.7832167832167832,1.0,1.0,0,0,33,82,419,15850,0.28695652173663516,0.0730088495573606,0.11640211607833549,0.9694213867186908,0.06179775280887304
medium,20000,292,CNN raster + Hough fusion,3,3,0,0.48377483443708613,0.0,0.6688741721854304,1.0,1.0,0,0,4,93,196,16091,0.04123711340163673,0.0199999999999,0.026936026495981143,0.98236083984369,0.01365187713305921
medium,20000,293,CNN raster + Hough fusion,5,5,0,0.6284605577689243,0.20800000000000005,0.9243027888446215,1.0,1.0,0,0,6,228,349,15801,0.025641025640916065,0.016901408450656616,0.020373513952271567,0.964782714843691,0.010291595197237923
medium,20000,294,CNN raster + Hough fusion,3,3,0,0.6811038961038961,0.30000000000000004,0.9805194805194806,1.0,1.0,0,0,8,148,235,15993,0.05128205128172256,0.032921810699453,0.04010025015013726,0.9766235351561904,0.020460358056213657
medium,20000,295,CNN raster + Hough fusion,5,5,0,0.6210213389121338,0.18200000000000002,0.9456066945606695,1.0,1.0,0,0,47,169,477,15691,0.21759259259158523,0.08969465648837845,0.12702702661330167,0.9605712890624414,0.06782106782096996
medium,20000,296,CNN raster + Hough fusion,5,5,0,0.3314133738601824,0.1761904761904762,0.7606382978723404,0.0,1.0,1,0,13,116,300,15955,0.10077519379766842,0.0415335463257459,0.05882352899814705,0.9746093749999405,0.030303030302959666
medium,20000,297,CNN raster + Hough fusion,4,4,0,0.29908112582781454,0.10833333333333334,0.7516556291390728,0.0,1.0,1,0,49,152,655,15528,0.24378109452615035,0.06960227272717386,0.10828729247189765,0.9507446289061919,0.05724299065413874
medium,20000,298,CNN raster + Hough fusion,4,4,0,0.24769736842105264,0.019444444444444445,0.6947368421052631,0.0,1.0,1,1,19,104,305,15956,0.15447154471419128,0.058641975308460985,0.08501118528304531,0.9750366210936905,0.044392523364382264
medium,20000,299,CNN raster + Hough fusion,5,5,0,0.31019768554080573,0.14620745202409297,0.7220216606498195,0.0,1.0,4,0,43,158,794,15389,0.21393034825764215,0.05137395459969967,0.08285163745248383,0.9418945312499425,0.04321608040196662
medium,20000,300,CNN raster + Hough fusion,2,2,0,0.6007401315789473,0.17708333333333331,0.8552631578947368,1.0,1.0,0,0,2,58,138,16186,0.03333333333277778,0.014285714285612245,0.019999999579800008,0.9880371093749397,0.010101010100959087
medium,20000,301,CNN raster + Hough fusion,5,5,0,0.2501620528594213,0.08863636363636364,0.5513784461152882,0.0,1.0,3,0,31,170,983,15200,0.15422885572062572,0.0305719921104235,0.0510288063081495,0.9296264648436933,0.026182432432410318
medium,20000,302,CNN raster + Hough fusion,1,1,0,0.5071428571428571,0.0,0.7857142857142857,1.0,1.0,0,0,0,11,47,16326,0.0,0.0,0.0,0.9964599609374392,0.0
medium,20000,303,CNN raster + Hough fusion,5,5,0,0.621843984003166,0.22533474277660323,0.8522167487684729,1.0,1.0,0,0,4,157,467,15756,0.024844720496740098,0.008492569002105111,0.01265822746835945,0.9619140624999413,0.006369426751582214
medium,20000,304,CNN raster + Hough fusion,3,3,0,0.19596774193548389,0.0,0.4798387096774194,0.0,1.0,1,0,11,105,398,15870,0.09482758620607908,0.026894865525606614,0.04190476156033742,0.9692993164061908,0.021400778210075095
medium,20000,305,CNN raster + Hough fusion,5,5,0,0.29255813953488374,0.0,0.9627906976744186,0.0,1.0,1,2,26,166,465,15727,0.1354166666659614,0.05295315682270275,0.07613469944918745,0.9614868164061913,0.03957382039567797
medium,20000,306,CNN raster + Hough fusion,3,3,0,0.6343571428571428,0.2033333333333333,0.9642857142857143,1.0,1.0,0,0,0,143,138,16103,0.0,0.0,0.0,0.9828491210936899,0.0
medium,20000,307,CNN raster + Hough fusion,3,3,0,0.6726279025630023,0.3737722729248153,0.7721518987341772,1.0,1.0,0,0,0,160,335,15889,0.0,0.0,0.0,0.9697875976561908,0.0
medium,20000,308,CNN raster + Hough fusion,4,3,1,0.6005765835929386,0.2717901234567901,0.7663551401869159,1.0,0.75,0,0,0,166,308,15910,0.0,0.0,0.0,0.9710693359374407,0.0
medium,20000,309,CNN raster + Hough fusion,1,1,0,0.7942241379310345,0.65,0.7586206896551724,1.0,1.0,0,0,0,58,202,16124,0.0,0.0,0.0,0.9841308593749399,0.0
medium,20000,310,CNN raster + Hough fusion,5,5,0,0.32106605800214827,0.19375223773720013,0.6693877551020408,0.0,1.0,3,0,30,134,602,15618,0.1829268292671773,0.047468354430304636,0.07537688409475769,0.9550781249999417,0.03916449086156767
medium,20000,311,CNN raster + Hough fusion,5,5,0,0.3256366093366093,0.13616216216216215,0.8218181818181818,0.0,1.0,1,0,10,190,473,15711,0.04999999999975,0.020703933747369143,0.029282576452520862,0.9595336914061914,0.01485884101037911
medium,20000,312,CNN raster + Hough fusion,4,4,0,0.4199806472081218,0.3343055555555555,0.8477157360406091,0.0,1.0,0,1,20,148,547,15669,0.11904761904691044,0.03527336860663973,0.05442176835468185,0.9575805664061915,0.02797202797198885
medium,20000,313,CNN raster + Hough fusion,2,2,0,0.565297619047619,0.11018518518518516,0.8285714285714285,1.0,1.0,0,0,12,45,172,16155,0.21052631578578027,0.06521739130399339,0.09958506187868665,0.9867553710936897,0.052401746724662
medium,20000,314,CNN raster + Hough fusion,5,5,0,0.5874319727891156,0.11190476190476188,0.935374149659864,1.0,1.0,0,0,54,210,785,15335,0.20454545454467976,0.06436233611434522,0.09791477751421533,0.9392700195311926,0.0514775977120577
medium,20000,315,CNN raster + Hough fusion,2,3,1,0.25809523809523816,0.0,0.9571428571428572,0.0,0.6666666666666667,1,0,11,110,418,15845,0.0909090909083396,0.025641025640965872,0.039999999656654545,0.9677734374999409,0.02040816326526826
medium,20000,316,CNN raster + Hough fusion,5,5,0,0.3720705179548792,0.19735690235690234,0.9162995594713657,0.0,1.0,1,0,8,184,419,15773,0.04166666666644966,0.018735362997614205,0.02584814173676341,0.9631958007811912,0.013093289689012941
medium,20000,317,CNN raster + Hough fusion,2,3,1,0.2717954144620811,0.14857142857142858,0.691358024691358,0.0,0.6666666666666667,1,0,0,49,252,16083,0.0,0.0,0.0,0.98162841796869,0.0
medium,20000,318,CNN raster + Hough fusion,3,3,0,0.3464358346671689,0.14453441295546557,0.9069767441860466,0.0,1.0,1,0,0,80,241,16063,0.0,0.0,0.0,0.9804077148436902,0.0
medium,20000,319,CNN raster + Hough fusion,2,2,0,0.6311961206896551,0.21875,0.9137931034482758,1.0,1.0,0,0,8,37,107,16232,0.17777777777382717,0.06956521739069943,0.09999999959445312,0.9912109374999395,0.05263157894702217
medium,20000,320,CNN raster + Hough fusion,2,2,0,0.5283783783783784,0.0,0.8918918918918919,1.0,1.0,0,0,5,67,97,16215,0.06944444444347994,0.049019607842656666,0.05747126388201877,0.9899902343749396,0.029585798816392984
medium,20000,321,CNN raster + Hough fusion,4,4,0,0.5396739130434782,0.08333333333333333,0.7608695652173914,1.0,1.0,0,0,0,123,382,15879,0.0,0.0,0.0,0.9691772460936908,0.0
medium,20000,322,CNN raster + Hough fusion,2,2,0,0.5531682531515307,0.08067632850241546,0.834319526627219,1.0,1.0,0,0,6,132,201,16045,0.04347826086925016,0.028985507246236785,0.03478260821545054,0.9796752929686902,0.01769911504419558
medium,20000,323,CNN raster + Hough fusion,2,2,0,0.5773834586466166,0.14857142857142858,0.8026315789473684,1.0,1.0,0,0,0,56,187,16141,0.0,0.0,0.0,0.9851684570311898,0.0
medium,20000,324,CNN raster + Hough fusion,5,4,1,0.6164616106158136,0.2289074960127592,0.9172661870503597,1.0,0.8,0,0,8,251,434,15691,0.03088803088791163,0.01809954751127127,0.022824535910614764,0.9581909179686915,0.011544011543994885
medium,20000,325,CNN raster + Hough fusion,5,5,0,0.541479405034325,0.06995423340961097,0.8,1.0,1.0,0,0,3,162,342,15877,0.01818181818170799,0.00869565217388784,0.01176470544459056,0.9692382812499408,0.005917159763301939
medium,20000,326,CNN raster + Hough fusion,4,4,0,0.34171087972800684,0.1025128205128205,0.9779005524861879,0.0,1.0,1,1,0,151,346,15887,0.0,0.0,0.0,0.9696655273436908,0.0
medium,20000,327,CNN raster + Hough fusion,3,3,0,0.2503184713375797,0.0,0.7515923566878981,0.0,1.0,0,1,12,98,482,15792,0.10909090908991735,0.02429149797565933,0.03973509903971317,0.964599609374941,0.02027027027023603
medium,20000,328,CNN raster + Hough fusion,3,3,0,0.6490952380952381,0.24666666666666665,0.9404761904761905,1.0,1.0,0,0,0,170,370,15844,0.0,0.0,0.0,0.9670410156249409,0.0
medium,20000,329,CNN raster + Hough fusion,2,2,0,0.4445945945945946,0.0,0.472972972972973,1.0,1.0,0,0,2,31,192,16159,0.06060606060422406,0.010309278350462324,0.017621145125812653,0.9863891601561897,0.008888888888849382
medium,20000,330,CNN raster + Hough fusion,4,4,0,0.6091122611464969,0.1625,0.9299363057324841,1.0,1.0,0,0,0,161,386,15837,0.0,0.0,0.0,0.9666137695311909,0.0
medium,20000,331,CNN raster + Hough fusion,1,1,0,0.519811320754717,0.0,0.8490566037735849,1.0,1.0,0,0,34,12,134,16204,0.7391304347665407,0.20238095237974774,0.31775700900532805,0.9910888671874395,0.18888888888783953
medium,20000,332,CNN raster + Hough fusion,5,5,0,0.284899426408168,0.11185507246376812,0.6728232189973615,0.0,1.0,2,0,30,205,895,15254,0.1276595744675419,0.03243243243239737,0.051724137607855235,0.932861328124943,0.026548672566348186
medium,20000,333,CNN raster + Hough fusion,3,3,0,0.6242962962962962,0.17333333333333334,0.9814814814814815,1.0,1.0,0,0,34,131,272,15947,0.20606060605935722,0.111111111110748,0.1443736725802895,0.9754028320311905,0.07780320366114919
medium,20000,334,CNN raster + Hough fusion,5,5,0,0.7037347028320702,0.34571014492753627,0.9908256880733946,1.0,1.0,0,0,3,217,499,15665,0.013636363636301654,0.005976095617517976,0.008310248883733265,0.9562988281249416,0.0041724617524281325
medium,20000,335,CNN raster + Hough fusion,4,4,0,0.3190962389380531,0.0975,0.8761061946902655,0.0,1.0,1,0,17,170,626,15571,0.09090909090860477,0.026438569206801807,0.040963855072506904,0.9514160156249419,0.0209102091020653
medium,20000,336,CNN raster + Hough fusion,4,5,1,0.297797256097561,0.05671296296296296,0.8780487804878049,0.06666666666666665,0.8,2,3,29,263,957,15135,0.09931506849281056,0.029411764705852522,0.045383411227967706,0.9255371093749435,0.02321857485986932
medium,20000,337,CNN raster + Hough fusion,1,1,0,0.5058823529411764,0.0,0.7794117647058824,1.0,1.0,0,0,16,38,193,16137,0.29629629629080934,0.07655502392307868,0.12167300347502494,0.9859008789061898,0.06477732793496042
medium,20000,338,CNN raster + Hough fusion,5,5,0,0.3005421167116712,0.12588383838383838,0.7194719471947195,0.0,1.0,1,2,48,159,715,15462,0.23188405796989428,0.062909567496641,0.09896907182902112,0.9466552734374422,0.052060737527058504
medium,20000,339,CNN raster + Hough fusion,3,3,0,0.4237937062937063,0.006410256410256417,0.3545454545454545,1.0,1.0,0,0,8,30,348,15998,0.21052631578393355,0.022471910112296427,0.040609136881341955,0.9769287109374404,0.020725388600982577
medium,20000,340,CNN raster + Hough fusion,2,2,0,0.5704017857142857,0.12152777777777778,0.8285714285714285,1.0,1.0,0,0,0,58,124,16202,0.0,0.0,0.0,0.9888916015624396,0.0
medium,20000,341,CNN raster + Hough fusion,4,4,0,0.27749999999999997,0.14444444444444446,0.5625,0.0,1.0,1,0,8,122,714,15540,0.06153846153798817,0.011080332409956952,0.018779342464358927,0.948974609374942,0.00947867298577076
medium,20000,342,CNN raster + Hough fusion,5,5,0,0.6780992987377279,0.30378099838969397,0.956989247311828,1.0,1.0,0,0,16,246,362,15760,0.06106870228984325,0.04232804232793035,0.04999999951626954,0.9628906249999412,0.02564102564098455
medium,20000,343,CNN raster + Hough fusion,2,2,0,0.561,0.16333333333333333,0.6875,1.0,1.0,0,0,3,41,137,16203,0.0681818181802686,0.02142857142841837,0.032608695287925336,0.9891357421874396,0.016574585635267546
medium,20000,344,CNN raster + Hough fusion,5,4,1,0.5067742331288343,0.052000000000000005,0.7668711656441718,1.0,0.8,0,0,1,125,421,15837,0.007936507936444948,0.0023696682464398825,0.003649634682361908,0.9666748046874409,0.0018281535648961094
medium,20000,345,CNN raster + Hough fusion,3,3,0,0.2930555555555556,0.01666666666666666,0.9277777777777778,0.0,1.0,0,1,3,160,504,15717,0.01840490797534721,0.005917159763301939,0.008955223512376936,0.9594726562499414,0.004497751124431038
medium,20000,346,CNN raster + Hough fusion,3,3,0,0.3055,0.06111111111111111,0.89,0.0,1.0,1,0,9,78,245,16052,0.1034482758608799,0.03543307086600223,0.05278592337327681,0.9802856445311902,0.02710843373485811
medium,20000,347,CNN raster + Hough fusion,3,4,1,0.6279541227950225,0.2999843505477308,0.8398058252427184,1.0,0.75,0,0,0,205,176,16003,0.0,0.0,0.0,0.9767456054686904,0.0
medium,20000,348,CNN raster + Hough fusion,2,2,0,0.6043762886597938,0.13,0.979381443298969,1.0,1.0,0,0,0,99,171,16114,0.0,0.0,0.0,0.9835205078124399,0.0
medium,20000,349,CNN raster + Hough fusion,1,1,0,0.7685298507462687,0.5055223880597015,0.9552238805970149,1.0,1.0,0,0,0,65,206,16113,0.0,0.0,0.0,0.9834594726561899,0.0
medium,20000,350,CNN raster + Hough fusion,5,5,0,0.2884390941893742,0.08778427550357375,0.7446808510638299,0.0,1.0,1,3,11,157,562,15654,0.06547619047580074,0.019197207678849568,0.02968960828626014,0.9561157226561916,0.01506849315066429
medium,20000,351,CNN raster + Hough fusion,2,2,0,0.32816201032493164,0.18243243243243243,0.7303370786516854,0.0,1.0,1,0,14,90,357,15923,0.13461538461409023,0.03773584905650206,0.058947368078785596,0.9727172851561906,0.030368763557417855
medium,20000,352,CNN raster + Hough fusion,2,2,0,0.538680586529884,0.06524122807017545,0.7966101694915254,1.0,1.0,0,0,11,36,128,16209,0.23404255318650974,0.07913669064691269,0.11827956951352755,0.9899902343749396,0.06285714285678368
medium,20000,353,CNN raster + Hough fusion,4,4,0,0.5629009068130295,0.10836216839677046,0.8206896551724138,1.0,1.0,0,0,0,119,180,16085,0.0,0.0,0.0,0.98175048828119,0.0
medium,20000,354,CNN raster + Hough fusion,5,5,0,0.392659595959596,0.21488888888888888,0.9797979797979798,0.0,1.0,0,3,25,157,446,15756,0.13736263736188264,0.05307855626315695,0.0765696780050515,0.9631958007811912,0.03980891719738884
medium,20000,355,CNN raster + Hough fusion,4,4,0,0.2834552401746725,0.058333333333333334,0.7860262008733625,0.0,1.0,1,0,22,143,504,15715,0.13333333333252526,0.041825095056954704,0.06367583176363457,0.9605102539061914,0.03288490284001064
medium,20000,356,CNN raster + Hough fusion,5,5,0,0.3425150326797386,0.10682352941176472,0.9722222222222222,0.0,1.0,1,0,7,204,213,15960,0.03317535545007974,0.031818181818037194,0.03248259810795593,0.9745483398436905,0.016509433962225213
medium,20000,357,CNN raster + Hough fusion,4,4,0,0.573821513125374,0.20373034662781522,0.6607142857142857,1.0,1.0,0,0,1,72,370,15941,0.013698630136798649,0.002695417789750147,0.004504504229719601,0.9730224609374406,0.0022573363431100286
medium,20000,358,CNN raster + Hough fusion,3,3,0,0.6449332777314428,0.22727272727272727,0.963302752293578,1.0,1.0,0,0,0,93,211,16080,0.0,0.0,0.0,0.98144531249994,0.0
medium,20000,359,CNN raster + Hough fusion,3,3,0,0.5456192660550458,0.11666666666666667,0.7155963302752293,1.0,1.0,0,0,4,73,182,16125,0.0519480519473773,0.021505376343970404,0.030418250536222883,0.9844360351561899,0.015444015443955815
medium,20000,360,CNN raster + Hough fusion,5,5,0,0.45853977272727275,0.07958333333333333,0.36363636363636365,1.0,1.0,0,0,4,49,352,15979,0.07547169811178356,0.011235955056148213,0.019559901974808856,0.9755249023436904,0.009876543209852156
medium,20000,361,CNN raster + Hough fusion,1,1,0,0.7075,0.35,1.0,1.0,1.0,0,0,0,17,17,16350,0.0,0.0,0.0,0.997924804687439,0.0
medium,20000,362,CNN raster + Hough fusion,1,1,0,0.4852941176470589,0.0,0.6764705882352942,1.0,1.0,0,0,2,15,34,16333,0.117647058816609,0.05555555555401235,0.07547169767461731,0.9970092773436892,0.03921568627374087
medium,20000,363,CNN raster + Hough fusion,5,5,0,0.2861177304964539,0.08577777777777779,0.7375886524822695,0.0,1.0,1,0,8,94,331,15951,0.07843137254825067,0.02359882005892744,0.036281178782564885,0.9740600585936905,0.018475750577324538
medium,20000,364,CNN raster + Hough fusion,1,1,0,0.7513913043478261,0.52,0.8369565217391304,1.0,1.0,0,0,0,78,285,16021,0.0,0.0,0.0,0.9778442382811903,0.0
medium,20000,365,CNN raster + Hough fusion,4,5,1,0.22631578947368425,0.0,0.7315789473684211,0.0,0.8,2,2,13,106,567,15698,0.10924369747807358,0.022413793103409633,0.03719599399491201,0.9589233398436915,0.018950437317756634
medium,20000,366,CNN raster + Hough fusion,4,5,1,0.6049744897959184,0.2527777777777778,0.8061224489795918,1.0,0.8,0,0,20,178,508,15678,0.10101010100959086,0.03787878787871614,0.05509641833593638,0.9581298828124415,0.028328611897976873
medium,20000,367,CNN raster + Hough fusion,1,1,0,0.4214285714285714,0.0,0.3571428571428571,1.0,1.0,0,0,0,6,28,16350,0.0,0.0,0.0,0.997924804687439,0.0
medium,20000,368,CNN raster + Hough fusion,5,5,0,0.5584907608041411,0.13989078822412154,0.727699530516432,1.0,1.0,0,0,17,120,618,15629,0.12408759123997018,0.026771653543264926,0.04404145048515061,0.9549560546874417,0.022516556291360904
medium,20000,369,CNN raster + Hough fusion,1,1,0,0.8603398486759143,0.7169945355191256,0.9384615384615385,1.0,1.0,0,0,0,66,62,16256,0.0,0.0,0.0,0.9921874999999394,0.0
medium,20000,370,CNN raster + Hough fusion,4,5,1,0.5627576671694319,0.0803921568627451,0.9829059829059829,1.0,0.8,0,0,7,110,310,15957,0.05982905982854847,0.022082018927375137,0.0322580641221623,0.9743652343749405,0.016393442622912428
medium,20000,371,CNN raster + Hough fusion,2,2,0,0.6690104166666667,0.3385416666666667,0.8333333333333334,1.0,1.0,0,0,6,51,195,16132,0.10526315789289013,0.029850746268508206,0.04651162756237606,0.9849853515624398,0.023809523809429328
medium,20000,372,CNN raster + Hough fusion,4,4,0,0.28028531727651695,0.0611764705882353,0.7637795275590551,0.0,1.0,3,0,16,167,605,15596,0.08743169398859327,0.025764895330071234,0.03980099467316713,0.9528808593749418,0.020304568527893016
medium,20000,373,CNN raster + Hough fusion,5,4,1,0.2850124037080559,0.08274361317839578,0.8388888888888889,0.0,0.8,2,0,19,123,465,15777,0.1338028169004662,0.03925619834702633,0.06070287504840308,0.9641113281249412,0.03130148270176063
medium,20000,374,CNN raster + Hough fusion,5,5,0,0.3239906232132648,0.13018181818181815,0.8270440251572327,0.0,1.0,1,0,31,227,948,15178,0.12015503875922422,0.031664964249201566,0.05012126078538514,0.9282836914061933,0.025704809286877524
medium,20000,375,CNN raster + Hough fusion,2,2,0,0.7338821178821179,0.4201709401709401,0.974025974025974,1.0,1.0,0,0,2,75,77,16230,0.02597402597368865,0.02531645569588207,0.0256410251407791,0.9907226562499395,0.012987012986928656
medium,20000,376,CNN raster + Hough fusion,1,1,0,0.48793103448275865,0.0,0.6896551724137931,1.0,1.0,0,0,0,21,92,16271,0.0,0.0,0.0,0.9931030273436894,0.0
medium,20000,377,CNN raster + Hough fusion,4,4,0,0.5734283237865542,0.054139784946236544,0.9953271028037384,1.0,1.0,0,0,3,212,491,15678,0.013953488372028124,0.0060728744939148325,0.008462622990660102,0.9570922851561916,0.0042492917846965305
medium,20000,378,CNN raster + Hough fusion,2,2,0,0.6864139344262296,0.325,0.9508196721311475,1.0,1.0,0,0,0,62,188,16134,0.0,0.0,0.0,0.9847412109374398,0.0
medium,20000,379,CNN raster + Hough fusion,1,1,0,0.5732058823529411,0.12999999999999998,0.8235294117647058,1.0,1.0,0,0,0,15,60,16309,0.0,0.0,0.0,0.9954223632811893,0.0
medium,20000,380,CNN raster + Hough fusion,4,4,0,0.6221236559139784,0.24629629629629626,0.8064516129032258,1.0,1.0,0,0,2,119,378,15885,0.01652892561969811,0.005263157894722992,0.007984031569722848,0.9696655273436908,0.004008016032056096
medium,20000,381,CNN raster + Hough fusion,4,4,0,0.5771063684760149,0.12254167034129992,0.8598130841121495,1.0,1.0,0,0,4,81,292,16007,0.04705882352885813,0.01351351351346786,0.020997374981324188,0.9772338867186904,0.010610079575568674
medium,20000,382,CNN raster + Hough fusion,5,5,0,0.4001434427834204,0.09725983236621535,0.9068825910931174,0.3,1.0,1,2,23,185,721,15455,0.11057692307639146,0.030913978494582106,0.04831932738948963,0.9447021484374423,0.024757804090393156
medium,20000,383,CNN raster + Hough fusion,1,1,0,0.6293749999999999,0.20416666666666666,0.9375,1.0,1.0,0,0,0,15,17,16352,0.0,0.0,0.0,0.998046874999939,0.0
medium,20000,384,CNN raster + Hough fusion,1,1,0,0.8684210526315789,0.7543859649122807,0.8947368421052632,1.0,1.0,0,0,0,18,20,16346,0.0,0.0,0.0,0.997680664062439,0.0
medium,20000,385,CNN raster + Hough fusion,1,1,0,0.8546944444444444,0.7079629629629629,0.9305555555555556,1.0,1.0,0,0,0,68,73,16243,0.0,0.0,0.0,0.9913940429686895,0.0
medium,20000,386,CNN raster + Hough fusion,4,4,0,0.5653632749808108,0.1575095315904139,0.7224199288256228,1.0,1.0,0,0,0,193,478,15713,0.0,0.0,0.0,0.9590454101561915,0.0
medium,20000,387,CNN raster + Hough fusion,2,3,1,0.19221411192214113,0.0,0.6277372262773723,0.0,0.6666666666666667,0,1,6,72,229,16077,0.07692307692209073,0.025531914893508378,0.03833865777251988,0.98162841796869,0.01954397394130442
medium,20000,388,CNN raster + Hough fusion,5,5,0,0.3339649578195977,0.09371980676328502,0.9589552238805971,0.0,1.0,2,0,35,196,598,15555,0.1515151515144956,0.05529225908364093,0.08101851812657268,0.9515380859374419,0.04221954161635438
medium,20000,389,CNN raster + Hough fusion,2,2,0,0.5810227272727273,0.06893939393939393,1.0,1.0,1.0,0,0,0,49,119,16216,0.0,0.0,0.0,0.9897460937499396,0.0
medium,20000,390,CNN raster + Hough fusion,5,5,0,0.38446989436619716,0.21275,0.9436619718309859,0.0,1.0,2,0,13,184,533,15654,0.06598984771540108,0.023809523809480204,0.03499327013512207,0.9562377929686916,0.017808219178057798
medium,20000,391,CNN raster + Hough fusion,1,1,0,0.7408627450980392,0.52,0.7843137254901961,1.0,1.0,0,0,0,81,311,15992,0.0,0.0,0.0,0.9760742187499404,0.0
medium,20000,392,CNN raster + Hough fusion,3,4,1,0.5463137254901962,0.08222222222222222,0.9215686274509804,1.0,0.75,0,0,0,95,329,15960,0.0,0.0,0.0,0.9741210937499405,0.0
medium,20000,393,CNN raster + Hough fusion,2,2,0,0.6039837662337663,0.195,0.8311688311688312,1.0,1.0,0,0,1,65,210,16108,0.015151515151285582,0.004739336492868534,0.007220216243454253,0.9832153320311899,0.003623188405783974
medium,20000,394,CNN raster + Hough fusion,2,2,0,0.49396907216494845,0.09999999999999999,0.4948453608247423,1.0,1.0,0,0,3,45,166,16170,0.062499999998697923,0.01775147928983579,0.02764976924045956,0.9871215820311897,0.01401869158871954
medium,20000,395,CNN raster + Hough fusion,5,5,0,0.6562903392754457,0.24821276595744682,0.972972972972973,1.0,1.0,0,0,19,199,428,15738,0.0871559633023525,0.042505592841068224,0.0571428567019775,0.9617309570311913,0.029411764705836823
medium,20000,396,CNN raster + Hough fusion,3,3,0,0.5218918918918919,0.0,0.8594594594594595,1.0,1.0,0,0,33,118,353,15880,0.2185430463561686,0.08549222797905313,0.12290502752825719,0.9712524414061907,0.06547619047606057
medium,20000,397,CNN raster + Hough fusion,2,2,0,0.4067763157894737,0.325,0.8026315789473684,0.0,1.0,1,0,4,114,149,16117,0.033898305084458485,0.02614379084950233,0.029520294711074202,0.9839477539061899,0.014981273408183591
medium,20000,398,CNN raster + Hough fusion,5,5,0,0.2615522243713733,0.031818181818181815,0.7361702127659575,0.0,1.0,1,0,13,144,549,15678,0.08280254777017323,0.02313167259782361,0.03616133484630368,0.9577026367186915,0.018413597733684967
medium,20000,399,CNN raster + Hough fusion,4,4,0,0.5343145161290322,0.05833333333333332,0.7903225806451613,1.0,1.0,0,0,0,94,295,15995,0.0,0.0,0.0,0.9762573242186904,0.0
medium,20000,400,CNN raster + Hough fusion,5,5,0,0.6092346829858393,0.1675300647548566,0.9192307692307692,1.0,1.0,0,0,12,221,459,15692,0.05150214592252574,0.025477707006315336,0.034090908647957295,0.9584960937499415,0.017341040462402688
medium,20000,401,CNN raster + Hough fusion,2,2,0,0.6790937001336956,0.3208019460138104,0.9236641221374046,1.0,1.0,0,0,33,82,231,16038,0.28695652173663516,0.12499999999952652,0.17414247978744227,0.9808959960936902,0.09537572254307695
medium,20000,402,CNN raster + Hough fusion,4,4,0,0.6317857142857143,0.24876543209876545,0.8492063492063492,1.0,1.0,0,0,0,94,237,16053,0.0,0.0,0.0,0.9797973632811902,0.0
medium,20000,403,CNN raster + Hough fusion,4,4,0,0.527942546583851,0.10833333333333334,0.6459627329192547,1.0,1.0,0,0,3,90,431,15860,0.03225806451578217,0.006912442396297437,0.011385198950286078,0.9682006835936908,0.00572519083968373
medium,20000,404,CNN raster + Hough fusion,5,5,0,0.5891949806949807,0.13,0.9034749034749034,1.0,1.0,0,0,4,257,303,15820,0.015325670498025573,0.013029315960869611,0.014084506545483306,0.965820312499941,0.007092198581547709
medium,20000,405,CNN raster + Hough fusion,1,1,0,0.6660483870967742,0.2722222222222222,0.967741935483871,1.0,1.0,0,0,0,32,99,16253,0.0,0.0,0.0,0.9920043945311894,0.0
medium,20000,406,CNN raster + Hough fusion,4,5,1,0.26081140350877197,0.09069200779727095,0.7,0.0,0.8,1,1,4,228,951,15201,0.017241379310270512,0.004188481675388284,0.006739679550695594,0.9280395507811934,0.0033812341504620615
medium,20000,407,CNN raster + Hough fusion,2,2,0,0.5516462818003914,0.07976190476190474,0.8287671232876712,1.0,1.0,0,0,6,112,244,16022,0.050847457626687735,0.023999999999904,0.03260869521632799,0.9782714843749403,0.01657458563531333
medium,20000,408,CNN raster + Hough fusion,1,1,0,0.5166666666666667,0.0,0.8333333333333334,1.0,1.0,0,0,0,26,31,16327,0.0,0.0,0.0,0.9965209960936892,0.0
medium,20000,409,CNN raster + Hough fusion,1,1,0,0.8121896551724138,0.6286206896551724,0.896551724137931,1.0,1.0,0,0,0,53,179,16152,0.0,0.0,0.0,0.9858398437499398,0.0
medium,20000,410,CNN raster + Hough fusion,3,3,0,0.276967736652473,0.07284820031298905,0.7209302325581395,0.0,1.0,1,0,8,160,636,15580,0.047619047618764176,0.012422360248427916,0.019704433169307683,0.9514160156249419,0.00995024875620653
medium,20000,411,CNN raster + Hough fusion,1,1,0,0.9127906976744186,0.8372093023255814,0.9302325581395349,1.0,1.0,0,0,0,41,134,16209,0.0,0.0,0.0,0.9893188476561896,0.0
medium,20000,412,CNN raster + Hough fusion,3,3,0,0.24740769230769233,0.078,0.5615384615384615,0.0,1.0,1,0,2,61,257,16064,0.03174603174552784,0.0077220077219779075,0.012422359933625254,0.9805908203124402,0.006249999999980469
medium,20000,413,CNN raster + Hough fusion,4,4,0,0.2863970588235294,0.039215686274509796,0.84375,0.0,1.0,1,2,12,132,583,15657,0.08333333333275464,0.02016806722685686,0.03247631903660911,0.9563598632811916,0.016506189821160238
medium,20000,414,CNN raster + Hough fusion,2,2,0,0.5153846153846153,0.0,0.8269230769230769,1.0,1.0,0,0,3,79,167,16135,0.03658536585321237,0.017647058823425606,0.023809523370307388,0.9849853515624398,0.012048192771035951
medium,20000,415,CNN raster + Hough fusion,4,5,1,0.5608062490186843,0.07306397306397307,0.9896373056994818,1.0,0.8,0,0,24,166,595,15599,0.12631578947301939,0.03877221324711022,0.05933250891115861,0.9535522460936918,0.030573248407604364
medium,20000,416,CNN raster + Hough fusion,4,5,1,0.4017268237082067,0.3002659574468085,0.9330357142857143,0.0,0.8,1,1,30,171,657,15526,0.14925373134254102,0.043668122270678796,0.06756756721718256,0.949462890624942,0.034965034964994215
medium,20000,417,CNN raster + Hough fusion,1,1,0,0.6578076923076923,0.25666666666666665,0.9615384615384616,1.0,1.0,0,0,0,21,55,16308,0.0,0.0,0.0,0.9953613281249393,0.0
medium,20000,418,CNN raster + Hough fusion,5,5,0,0.2484076433121019,0.0,0.7420382165605095,0.0,1.0,3,4,6,189,597,15592,0.03076923076907298,0.009950248756202405,0.015037593615627426,0.9520263671874418,0.007575757575748011
medium,20000,419,CNN raster + Hough fusion,1,1,0,0.7996666666666666,0.5844444444444444,0.9333333333333333,1.0,1.0,0,0,0,57,61,16266,0.0,0.0,0.0,0.9927978515624394,0.0
medium,20000,420,CNN raster + Hough fusion,5,5,0,0.25971223021582734,0.0,0.7985611510791367,0.0,1.0,2,5,36,144,641,15563,0.1999999999988889,0.053175775479980536,0.08401400200168561,0.9520874023436918,0.04384896467716949
medium,20000,421,CNN raster + Hough fusion,4,4,0,0.6070652173913044,0.19444444444444445,0.8478260869565217,1.0,1.0,0,0,7,72,233,16072,0.08860759493558724,0.02916666666654514,0.0438871469625102,0.98138427734369,0.022435897435825528
medium,20000,422,CNN raster + Hough fusion,1,1,0,0.9011851851851852,0.8133333333333332,0.9259259259259259,1.0,1.0,0,0,0,28,26,16330,0.0,0.0,0.0,0.9967041015624392,0.0
medium,20000,423,CNN raster + Hough fusion,2,2,0,0.5700560747663551,0.17333333333333334,0.7102803738317758,1.0,1.0,0,0,9,62,294,16019,0.1267605633784963,0.029702970296931676,0.04812834193813092,0.9782714843749403,0.024657534246507788
medium,20000,424,CNN raster + Hough fusion,2,2,0,0.6277547268907563,0.24375000000000002,0.8403361344537815,1.0,1.0,0,0,2,94,269,16019,0.02083333333311632,0.007380073800710775,0.010899182174936349,0.9778442382811903,0.005479452054779508
medium,20000,425,CNN raster + Hough fusion,2,0,2,0.25,0.0,0.0,1.0,0.0,0,0,0,0,82,16302,0.0,0.0,0.0,0.9949951171874393,0.0
medium,20000,426,CNN raster + Hough fusion,2,2,0,0.6953535353535354,0.32839506172839505,0.9878787878787879,1.0,1.0,0,0,1,154,142,16087,0.0064516129031841835,0.006993006992958091,0.006711408896738924,0.98193359374994,0.0033670033669920304
medium,20000,427,CNN raster + Hough fusion,2,2,0,0.5338731343283583,0.13,0.6268656716417911,1.0,1.0,0,0,0,42,211,16131,0.0,0.0,0.0,0.9845581054686898,0.0
medium,20000,428,CNN raster + Hough fusion,3,3,0,0.5914583333333333,0.10833333333333334,0.9635416666666666,1.0,1.0,0,0,2,188,457,15737,0.010526315789418284,0.004357298474936041,0.0061633277831059565,0.9606323242186914,0.0030911901081868763
medium,20000,429,CNN raster + Hough fusion,4,4,0,0.4833333333333334,0.0,0.6666666666666667,1.0,1.0,0,0,3,68,316,15997,0.04225352112616544,0.009404388714704061,0.01538461508671927,0.9765624999999404,0.007751937984476093
medium,20000,430,CNN raster + Hough fusion,3,3,0,0.5959129554655871,0.1601484480431849,0.8692307692307693,1.0,1.0,0,0,0,98,217,16069,0.0,0.0,0.0,0.9807739257811902,0.0
medium,20000,431,CNN raster + Hough fusion,2,2,0,0.5576697299324831,0.09973118279569891,0.813953488372093,1.0,1.0,0,0,1,66,153,16164,0.01492537313410559,0.006493506493464328,0.009049773333060358,0.9866333007811897,0.004545454545433885
medium,20000,432,CNN raster + Hough fusion,4,4,0,0.22797619047619047,0.07098765432098766,0.4801587301587301,0.0,1.0,1,0,3,117,303,15961,0.024999999999791665,0.009803921568595412,0.014084506637505798,0.9743652343749405,0.007092198581543517
medium,20000,433,CNN raster + Hough fusion,3,3,0,0.5304086038285477,0.07381687242798353,0.7359550561797753,1.0,1.0,0,0,12,105,540,15727,0.10256410256322594,0.021739130434743226,0.03587443917317193,0.9606323242186914,0.0182648401826206
medium,20000,434,CNN raster + Hough fusion,1,1,0,0.7448700564971752,0.44045197740113,0.9833333333333333,1.0,1.0,0,0,0,61,60,16263,0.0,0.0,0.0,0.9926147460936894,0.0
medium,20000,435,CNN raster + Hough fusion,5,5,0,0.3089279950636036,0.09553140096618358,0.8296943231441047,0.0,1.0,1,0,7,176,465,15736,0.03825136612000956,0.01483050847454485,0.021374045398799613,0.9608764648436914,0.0108024691357858
medium,20000,436,CNN raster + Hough fusion,1,1,0,0.5166666666666667,0.0,0.8333333333333334,1.0,1.0,0,0,0,16,63,16305,0.0,0.0,0.0,0.9951782226561893,0.0
medium,20000,437,CNN raster + Hough fusion,5,5,0,0.34683886149708654,0.16594202898550722,0.8608247422680413,0.0,1.0,0,1,9,147,622,15606,0.05769230769193787,0.01426307448492193,0.02287166423100285,0.9530639648436918,0.011568123393301327
medium,20000,438,CNN raster + Hough fusion,5,5,0,0.5693373134328359,0.10400000000000001,0.8626865671641791,1.0,1.0,0,0,14,276,804,15290,0.04827586206879905,0.01711491442540695,0.02527075773624054,0.9340820312499429,0.012797074954284464
medium,20000,439,CNN raster + Hough fusion,2,2,0,0.6548958333333333,0.38125,0.6666666666666667,1.0,1.0,0,0,0,34,80,16270,0.0,0.0,0.0,0.9930419921874394,0.0
medium,20000,440,CNN raster + Hough fusion,2,2,0,0.6641745283018868,0.325,0.839622641509434,1.0,1.0,0,0,3,78,173,16130,0.03703703703657979,0.017045454545357698,0.02334630307008434,0.9846801757811898,0.011811023622000745
medium,20000,441,CNN raster + Hough fusion,2,2,0,0.5716525776053215,0.09147727272727273,0.9024390243902439,1.0,1.0,0,0,18,56,199,16111,0.24324324323995616,0.08294930875537812,0.12371133982607671,0.9844360351561899,0.06593406593382442
medium,20000,442,CNN raster + Hough fusion,3,3,0,0.27685950413223137,0.0,0.884297520661157,0.0,1.0,0,2,0,101,386,15897,0.0,0.0,0.0,0.9702758789061907,0.0
medium,20000,443,CNN raster + Hough fusion,4,4,0,0.43737915312387143,0.31989316239316234,0.9671361502347418,0.0,1.0,1,0,0,210,662,15512,0.0,0.0,0.0,0.9467773437499422,0.0
medium,20000,444,CNN raster + Hough fusion,3,3,0,0.5426176470588235,0.13,0.6705882352941177,1.0,1.0,0,0,0,59,136,16189,0.0,0.0,0.0,0.9880981445311897,0.0
medium,20000,445,CNN raster + Hough fusion,5,5,0,0.37750378603054124,0.2262611367127496,0.8784313725490196,0.0,1.0,1,4,5,209,622,15548,0.023364485981199234,0.007974481658679467,0.011890606041479991,0.949279785156192,0.005980861244011985
medium,20000,446,CNN raster + Hough fusion,5,5,0,0.6117337211150219,0.2318206054351565,0.7870722433460076,1.0,1.0,0,0,24,182,734,15444,0.11650485436836648,0.03166226912924583,0.04979253078417212,0.9440917968749424,0.02553191489358986
medium,20000,447,CNN raster + Hough fusion,4,4,0,0.5537861410864964,0.14620493358633777,0.6899696048632219,1.0,1.0,0,0,59,163,645,15517,0.2657657657645686,0.08380681818169913,0.12742980525074518,0.9506835937499419,0.06805074971157088
medium,20000,448,CNN raster + Hough fusion,1,1,0,0.51,0.0,0.8,1.0,1.0,0,0,0,37,122,16225,0.0,0.0,0.0,0.9902954101561895,0.0
medium,20000,449,CNN raster + Hough fusion,4,4,0,0.567069055944056,0.09946969696969696,0.8615384615384616,1.0,1.0,0,0,6,101,236,16041,0.05607476635461612,0.024793388429649614,0.03438395372934541,0.9794311523436902,0.01749271137021139
medium,20000,450,CNN raster + Hough fusion,4,4,0,0.36880980861244017,0.18055555555555555,0.937799043062201,0.0,1.0,1,0,31,181,363,15809,0.1462264150936499,0.07868020304548559,0.10231023056786373,0.9667968749999409,0.05391304347816711
medium,20000,451,CNN raster + Hough fusion,4,4,0,0.6529822677419983,0.23253781950965047,0.991701244813278,1.0,1.0,0,0,9,232,415,15728,0.03734439834009401,0.02122641509428956,0.027067668710715146,0.9605102539061914,0.013719512195101037
medium,20000,452,CNN raster + Hough fusion,4,5,1,0.5989254714800014,0.26671191553544493,0.7445255474452555,1.0,0.8,0,0,0,99,487,15798,0.0,0.0,0.0,0.9642333984374412,0.0
medium,20000,453,CNN raster + Hough fusion,3,2,1,0.23262820512820515,0.02692307692307692,0.7692307692307692,0.0,0.6666666666666667,1,0,13,58,176,16137,0.1830985915467169,0.06878306878270486,0.09999999960221893,0.9857177734374398,0.05263157894715534
medium,20000,454,CNN raster + Hough fusion,1,1,0,0.883,0.74,1.0,1.0,1.0,0,0,0,57,177,16150,0.0,0.0,0.0,0.9857177734374398,0.0
medium,20000,455,CNN raster + Hough fusion,4,4,0,0.5653148496240602,0.0875,0.8796992481203008,1.0,1.0,0,0,4,104,229,16047,0.0370370370366941,0.017167381974175246,0.02346041012423354,0.9796752929686902,0.011869436201745196
medium,20000,456,CNN raster + Hough fusion,5,5,0,0.3977784633883932,0.22310789049919483,0.9868995633187773,0.0,1.0,1,0,16,209,671,15488,0.07111111111079506,0.023289665211028692,0.035087718926479786,0.9462890624999423,0.017857142857122928
medium,20000,457,CNN raster + Hough fusion,2,2,0,0.28407890401932795,0.11465517241379311,0.6624203821656052,0.0,1.0,1,0,10,81,270,16023,0.1098901098889023,0.03571428571415816,0.05390835542461912,0.9785766601561903,0.027700831024854017
medium,20000,458,CNN raster + Hough fusion,2,2,0,0.4280487804878049,0.0,0.3902439024390244,1.0,1.0,0,0,2,16,67,16299,0.11111111110493826,0.02898550724595673,0.0459770111650152,0.9949340820311893,0.023529411764429065
medium,20000,459,CNN raster + Hough fusion,5,5,0,0.37683181659280307,0.2705377694078259,0.7754491017964071,0.0,1.0,4,3,19,231,434,15700,0.075999999999696,0.041942604856419555,0.05405405359559216,0.9594116210936914,0.027777777777737166
medium,20000,460,CNN raster + Hough fusion,3,3,0,0.6280685618729097,0.22179487179487178,0.8913043478260869,1.0,1.0,0,0,0,77,165,16142,0.0,0.0,0.0,0.9852294921874398,0.0
medium,20000,461,CNN raster + Hough fusion,1,1,0,0.6505,0.39,0.625,1.0,1.0,0,0,0,14,40,16330,0.0,0.0,0.0,0.9967041015624392,0.0
medium,20000,462,CNN raster + Hough fusion,3,3,0,0.5055555555555555,0.0,0.7777777777777778,1.0,1.0,0,0,0,72,249,16063,0.0,0.0,0.0,0.9804077148436902,0.0
medium,20000,463,CNN raster + Hough fusion,5,5,0,0.30913834632565473,0.04319727891156462,0.9484978540772532,0.0,1.0,2,0,20,178,476,15710,0.10101010100959086,0.04032258064507999,0.057636887200093016,0.9600830078124414,0.029673590504407012
medium,20000,464,CNN raster + Hough fusion,5,5,0,0.21452106596974738,0.0009393451422436886,0.5704918032786885,0.0,1.0,2,2,20,130,557,15677,0.13333333333244446,0.03466204506059851,0.055020632409612344,0.9580688476561915,0.028288543139988277
medium,20000,465,CNN raster + Hough fusion,1,1,0,0.6274938271604938,0.26,0.8024691358024691,1.0,1.0,0,0,33,33,215,16103,0.4999999999924242,0.1330645161284957,0.21019108246918738,0.9848632812499398,0.1174377224195109
medium,20000,466,CNN raster + Hough fusion,3,3,0,0.3327447552447552,0.19242424242424241,0.7307692307692308,0.0,1.0,1,0,5,51,141,16187,0.08928571428411991,0.03424657534223119,0.04950495009381434,0.9882812499999396,0.025380710659769642
medium,20000,467,CNN raster + Hough fusion,3,3,0,0.5899022123893806,0.187,0.7787610619469026,1.0,1.0,0,0,8,78,220,16078,0.09302325581287182,0.03508771929809172,0.05095541361466998,0.98181152343744,0.026143790849587765
medium,20000,468,CNN raster + Hough fusion,3,3,0,0.7175642701525055,0.41516339869281044,0.9037037037037037,1.0,1.0,0,0,0,123,428,15833,0.0,0.0,0.0,0.9663696289061909,0.0
medium,20000,469,CNN raster + Hough fusion,5,5,0,0.612519425019425,0.19781144781144777,0.8675213675213675,1.0,1.0,0,0,6,193,522,15663,0.030150753768692713,0.011363636363614841,0.016506189423535902,0.9563598632811916,0.008321775312055033
medium,20000,470,CNN raster + Hough fusion,4,4,0,0.354807650862069,0.18820601851851848,0.8505747126436781,0.0,1.0,2,0,11,187,458,15728,0.05555555555527498,0.023454157782465984,0.03298350782831674,0.9606323242186914,0.016768292682901267
medium,20000,471,CNN raster + Hough fusion,5,5,0,0.3418615839139254,0.09915601023017902,0.9862068965517241,0.0,1.0,2,0,21,222,696,15445,0.08641975308606412,0.029288702928829444,0.04374999962180339,0.9439697265624424,0.02236421725237235
medium,20000,472,CNN raster + Hough fusion,2,2,0,0.6924188218390804,0.3407918263090677,0.9453125,1.0,1.0,0,0,0,130,123,16131,0.0,0.0,0.0,0.9845581054686898,0.0
medium,20000,473,CNN raster + Hough fusion,2,2,0,0.5318181818181819,0.0,0.9090909090909091,1.0,1.0,0,0,0,41,78,16265,0.0,0.0,0.0,0.9927368164061894,0.0
medium,20000,474,CNN raster + Hough fusion,4,4,0,0.2788175675675676,0.13611111111111113,0.5878378378378378,0.0,1.0,1,0,8,76,455,15845,0.09523809523696145,0.017278617710545834,0.029250456778318834,0.9675903320311909,0.014842300556558734
medium,20000,475,CNN raster + Hough fusion,5,5,0,0.30753188016132127,0.14447154471544713,0.7125984251968505,0.0,1.0,3,0,13,163,469,15739,0.07386363636321669,0.026970954356790516,0.039513677419563756,0.9614257812499413,0.020155038759658676
medium,20000,476,CNN raster + Hough fusion,1,1,0,0.845360824742268,0.711340206185567,0.8762886597938144,1.0,1.0,0,0,0,86,98,16200,0.0,0.0,0.0,0.9887695312499396,0.0
medium,20000,477,CNN raster + Hough fusion,1,1,0,0.7025,0.65,0.30000000000000004,1.0,1.0,0,0,0,7,69,16308,0.0,0.0,0.0,0.9953613281249393,0.0
medium,20000,478,CNN raster + Hough fusion,4,5,1,0.3969359410430839,0.4367283950617284,0.6020408163265306,0.0,0.8,1,0,0,122,415,15847,0.0,0.0,0.0,0.9672241210936909,0.0
medium,20000,479,CNN raster + Hough fusion,5,5,0,0.3253398268398269,0.25408850408850414,0.5549999999999999,0.0,1.0,2,0,0,110,286,15988,0.0,0.0,0.0,0.9758300781249404,0.0
medium,20000,480,CNN raster + Hough fusion,2,2,0,0.606171052631579,0.195,0.8421052631578947,1.0,1.0,0,0,0,34,72,16278,0.0,0.0,0.0,0.9935302734374394,0.0
medium,20000,481,CNN raster + Hough fusion,3,3,0,0.37283168316831683,0.3466666666666667,0.5841584158415842,0.0,1.0,1,0,3,57,196,16128,0.04999999999916667,0.015075376884346356,0.023166022809856746,0.9845581054686898,0.011718749999954224
medium,20000,482,CNN raster + Hough fusion,5,5,0,0.3187352043100986,0.052933222384023294,0.9745762711864406,0.0,1.0,0,3,23,197,368,15796,0.10454545454497935,0.05882352941161426,0.07528641525086455,0.965515136718691,0.03911564625843688
medium,20000,483,CNN raster + Hough fusion,2,2,0,0.5757051282051282,0.14259259259259258,0.8076923076923077,1.0,1.0,0,0,2,81,248,16053,0.024096385541878356,0.007999999999968,0.012012011637691757,0.9799194335936902,0.006042296072489298
medium,20000,484,CNN raster + Hough fusion,2,2,0,0.4745283018867924,0.0,0.6226415094339622,1.0,1.0,0,0,4,64,297,16019,0.058823529410899654,0.01328903654480635,0.02168021650140643,0.9779663085936903,0.010958904109559017
medium,20000,485,CNN raster + Hough fusion,4,4,0,0.6137009148140862,0.18404124860646598,0.9044117647058824,1.0,1.0,0,0,0,140,393,15851,0.0,0.0,0.0,0.9674682617186909,0.0
medium,20000,486,CNN raster + Hough fusion,2,2,0,0.5494396551724138,0.0543103448275862,0.875,1.0,1.0,0,0,0,42,112,16230,0.0,0.0,0.0,0.9906005859374395,0.0
medium,20000,487,CNN raster + Hough fusion,2,2,0,0.5381418439716312,0.06624113475177304,0.7916666666666666,1.0,1.0,0,0,5,72,191,16116,0.06493506493422162,0.0255102040815025,0.036630036224771574,0.9839477539061899,0.018656716417840835
medium,20000,488,CNN raster + Hough fusion,4,4,0,0.2795526054814281,0.0750886524822695,0.728813559322034,0.0,1.0,1,0,7,194,451,15732,0.034825870646592906,0.015283842794726455,0.021244309135918918,0.9606323242186914,0.01073619631900194
medium,20000,489,CNN raster + Hough fusion,4,4,0,0.6290692501942502,0.2459848484848485,0.8418803418803419,1.0,1.0,0,0,39,154,199,15992,0.20207253885905663,0.1638655462177989,0.1809744774628474,0.9784545898436903,0.09948979591811355
medium,20000,490,CNN raster + Hough fusion,4,4,0,0.36942038497467755,0.16090102133676282,0.9850746268656716,0.0,1.0,0,1,20,181,182,16001,0.09950248756169403,0.09900990098960886,0.09925558262606136,0.9778442382811903,0.05221932114868873
medium,20000,491,CNN raster + Hough fusion,4,4,0,0.5667530553752974,0.07481884057971014,0.9154228855721394,1.0,1.0,0,0,17,149,614,15604,0.10240963855359995,0.02694136291596364,0.042659974575989947,0.9534301757811918,0.021794871794843854
medium,20000,492,CNN raster + Hough fusion,3,3,0,0.6260881635143379,0.17505050505050507,0.9865771812080537,1.0,1.0,0,0,30,122,388,15844,0.19736842105133312,0.07177033492805797,0.10526315750325639,0.9688720703124408,0.055555555555452676
medium,20000,493,CNN raster + Hough fusion,2,2,0,0.5293103448275862,0.0,0.896551724137931,1.0,1.0,0,0,1,22,66,16295,0.04347826086767486,0.01492537313410559,0.022222221841234575,0.9946289062499393,0.011235955056053529
medium,20000,494,CNN raster + Hough fusion,3,3,0,0.5751864018334607,0.07090909090909091,0.9663865546218487,1.0,1.0,0,0,13,86,347,15938,0.13131313131180491,0.036111111111010806,0.056644879835713716,0.9735717773436906,0.029147982062714916
medium,20000,495,CNN raster + Hough fusion,1,1,0,0.8342987012987012,0.649090909090909,0.961038961038961,1.0,1.0,0,0,0,75,78,16231,0.0,0.0,0.0,0.9906616210936895,0.0
medium,20000,496,CNN raster + Hough fusion,3,3,0,0.6150749250749251,0.16445221445221445,0.9553571428571429,1.0,1.0,0,0,14,89,319,15962,0.13592233009576773,0.04204204204191579,0.06422018312508418,0.9750976562499405,0.03317535545015835
medium,20000,497,CNN raster + Hough fusion,3,3,0,0.6265114116652578,0.18317460317460318,0.9704142011834319,1.0,1.0,0,0,44,128,471,15741,0.2558139534868848,0.0854368932037176,0.1280931582851077,0.9634399414061912,0.06842923794701644
medium,20000,498,CNN raster + Hough fusion,5,5,0,0.369875126213261,0.12737616171708685,0.646112600536193,0.3333333333333333,1.0,3,2,5,222,753,15404,0.02202643171796464,0.006596306068592881,0.010152283909245807,0.9404907226561926,0.005102040816321324
medium,20000,499,CNN raster + Hough fusion,3,3,0,0.22061855670103095,0.0,0.6030927835051547,0.0,1.0,1,0,2,112,253,16017,0.017543859648968912,0.007843137254871204,0.010840107974030759,0.9777221679686903,0.005449591280639102
medium,20000,500,CNN raster + Hough fusion,5,5,0,0.39967350614913366,0.25654750402576487,0.9211356466876972,0.0,1.0,2,0,6,285,758,15335,0.020618556700960074,0.007853403141350978,0.01137440718342177,0.9363403320311928,0.005719733079117522
medium,20000,501,CNN raster + Hough fusion,2,2,0,0.5880948275862069,0.195,0.7517241379310344,1.0,1.0,0,0,0,101,387,15896,0.0,0.0,0.0,0.9702148437499407,0.0
medium,20000,502,CNN raster + Hough fusion,5,5,0,0.3042412790697675,0.11164728682170541,0.77,0.0,1.0,1,1,38,181,878,15287,0.17351598173436752,0.04148471615715995,0.066960352111347,0.9353637695311929,0.034639927073806163
medium,20000,503,CNN raster + Hough fusion,5,5,0,0.32769421025609846,0.09177700540659825,0.9319727891156463,0.0,1.0,0,2,14,232,694,15444,0.05691056910545972,0.0197740112994071,0.029350104439003384,0.9434814453124424,0.014893617021260751
medium,20000,504,CNN raster + Hough fusion,3,3,0,0.5851577669902912,0.10833333333333332,0.9320388349514563,1.0,1.0,0,0,0,99,325,15960,0.0,0.0,0.0,0.9741210937499405,0.0
medium,20000,505,CNN raster + Hough fusion,1,1,0,0.5147058823529411,0.0,0.8235294117647058,1.0,1.0,0,0,0,28,107,16249,0.0,0.0,0.0,0.9917602539061895,0.0
medium,20000,506,CNN raster + Hough fusion,1,1,0,0.5781969696969697,0.12999999999999998,0.8484848484848485,1.0,1.0,0,0,4,25,100,16255,0.13793103447800237,0.038461538461168635,0.06015037559794222,0.9923706054686894,0.03100775193774413
medium,20000,507,CNN raster + Hough fusion,4,4,0,0.31845467032967034,0.10694444444444443,0.8516483516483516,0.0,1.0,1,1,4,135,446,15799,0.02877697841705916,0.008888888888869136,0.013582342593512653,0.9645385742186912,0.00683760683759515
medium,20000,508,CNN raster + Hough fusion,3,3,0,0.654215976331361,0.25,0.9585798816568047,1.0,1.0,0,0,4,167,380,15833,0.023391812865360285,0.01041666666663954,0.014414413988007482,0.9666137695311909,0.007259528130658332
medium,20000,509,CNN raster + Hough fusion,5,5,0,0.27917061295764645,0.05007432181345224,0.7831858407079646,0.0,1.0,3,2,14,136,579,15655,0.09333333333271111,0.023608768971292396,0.03768506024292047,0.9563598632811916,0.019204389574733603
medium,20000,510,CNN raster + Hough fusion,4,4,0,0.5475578947368421,0.21679532163742693,0.5,1.0,1.0,0,0,6,71,245,16062,0.07792207792106594,0.023904382470024285,0.036585365494144116,0.9807128906249402,0.01863354037261294
medium,20000,511,CNN raster + Hough fusion,3,3,0,0.5277777777777778,0.0,0.8888888888888888,1.0,1.0,0,0,0,86,107,16191,0.0,0.0,0.0,0.9882202148436896,0.0
medium,20000,512,CNN raster + Hough fusion,1,1,0,0.5289285714285714,0.016666666666666684,0.8571428571428572,1.0,1.0,0,0,20,5,73,16286,0.799999999968,0.2150537634385478,0.33898305050775634,0.9952392578124393,0.20408163265097876
medium,20000,513,CNN raster + Hough fusion,1,1,0,0.490625,0.0,0.703125,1.0,1.0,0,0,0,46,201,16137,0.0,0.0,0.0,0.9849243164061898,0.0
medium,20000,514,CNN raster + Hough fusion,1,1,0,0.7773585858585859,0.5636026936026937,0.8686868686868687,1.0,1.0,0,0,0,87,100,16197,0.0,0.0,0.0,0.9885864257811896,0.0
medium,20000,515,CNN raster + Hough fusion,4,5,1,0.30734735202492214,0.13,0.8442367601246106,0.0,0.8,2,0,66,257,696,15365,0.2043343653244448,0.0866141732282328,0.12165898575674487,0.9418334960936925,0.06476938174674704
medium,20000,516,CNN raster + Hough fusion,5,5,0,0.6754126395818484,0.2947978142076503,0.9637681159420289,1.0,1.0,0,0,30,241,478,15635,0.11070110701066162,0.05905511811011997,0.07702182239588953,0.9561157226561916,0.04005340453933237
medium,20000,517,CNN raster + Hough fusion,3,3,0,0.5988029197080292,0.17333333333333334,0.8540145985401459,1.0,1.0,0,0,7,108,173,16096,0.060869565216862,0.03888888888867284,0.04745762664259696,0.9828491210936899,0.02430555555547116
medium,20000,518,CNN raster + Hough fusion,3,3,0,0.56132584171148,0.08377659574468087,0.8681318681318682,1.0,1.0,0,0,12,124,521,15727,0.08823529411699828,0.02251407129451686,0.0358744391378516,0.9606323242186914,0.0182648401826206
medium,20000,519,CNN raster + Hough fusion,2,2,0,0.5548977803738318,0.16041666666666665,0.6635514018691588,1.0,1.0,0,0,0,59,201,16124,0.0,0.0,0.0,0.9841308593749399,0.0
medium,20000,520,CNN raster + Hough fusion,1,1,0,0.7009611650485438,0.4001941747572816,0.854368932038835,1.0,1.0,0,0,0,89,104,16191,0.0,0.0,0.0,0.9882202148436896,0.0
medium,20000,521,CNN raster + Hough fusion,5,5,0,0.2993677776221818,0.12985585585585585,0.7046632124352332,0.0,1.0,1,0,18,227,1168,14971,0.07346938775480216,0.015177065767272195,0.025157232420574473,0.9148559570311942,0.012738853503175699
medium,20000,522,CNN raster + Hough fusion,2,2,0,0.5437984496124031,0.0,0.9689922480620154,1.0,1.0,0,0,21,110,368,15885,0.16030534351022668,0.0539845758353368,0.08076923039200444,0.9708251953124407,0.04208416833658901
medium,20000,523,CNN raster + Hough fusion,3,3,0,0.3867359490986214,0.2523671497584541,0.8658536585365854,0.0,1.0,1,0,0,73,252,16059,0.0,0.0,0.0,0.9801635742186902,0.0
medium,20000,524,CNN raster + Hough fusion,3,3,0,0.5620879120879121,0.15384615384615388,0.7142857142857143,1.0,1.0,0,0,0,92,128,16164,0.0,0.0,0.0,0.9865722656249397,0.0
medium,20000,525,CNN raster + Hough fusion,3,3,0,0.5432686084142395,0.10370370370370369,0.7330097087378641,1.0,1.0,0,0,5,134,508,15737,0.03597122302132395,0.009746588693938116,0.015337422977356137,0.9608154296874414,0.00772797527046719
medium,20000,526,CNN raster + Hough fusion,2,2,0,0.721135775862069,0.380301724137931,1.0,1.0,1.0,0,0,22,117,238,16007,0.15827338129382537,0.08461538461505917,0.11027568876848765,0.9783325195311903,0.05835543766562771
medium,20000,527,CNN raster + Hough fusion,2,2,0,0.6895692567567567,0.40625,0.7837837837837838,1.0,1.0,0,0,4,56,177,16147,0.06666666666555555,0.02209944751369006,0.03319502037265199,0.9857788085936898,0.016877637130730476
medium,20000,528,CNN raster + Hough fusion,5,5,0,0.3692852483751161,0.15799074074074074,0.7409470752089137,0.19999999999999998,1.0,2,3,39,197,906,15242,0.16525423728743538,0.041269841269797596,0.06604572364283486,0.932678222656193,0.03415061295968989
medium,20000,529,CNN raster + Hough fusion,4,4,0,0.6276311686104561,0.17460030165912518,0.9953051643192489,1.0,1.0,0,0,8,197,585,15594,0.03902439024371208,0.013490725126452798,0.02005012493143574,0.9522705078124418,0.010126582278468195
medium,20000,530,CNN raster + Hough fusion,5,5,0,0.5283450704225352,0.08333333333333333,0.704225352112676,1.0,1.0,0,0,24,173,691,15496,0.12182741116689429,0.03356643356638662,0.05263157860855504,0.9472656249999422,0.02702702702699659
medium,20000,531,CNN raster + Hough fusion,3,3,0,0.6417211756910262,0.31893274853801173,0.7410071942446044,1.0,1.0,0,0,6,95,381,15902,0.05940594059347123,0.015503875968952186,0.02459016360606188,0.9709472656249407,0.012448132780057162
medium,20000,532,CNN raster + Hough fusion,2,2,0,0.6599814814814814,0.2855555555555555,0.9074074074074074,1.0,1.0,0,0,0,51,172,16161,0.0,0.0,0.0,0.9863891601561897,0.0
medium,20000,533,CNN raster + Hough fusion,2,2,0,0.5700080645161291,0.195,0.6612903225806452,1.0,1.0,0,0,0,32,150,16202,0.0,0.0,0.0,0.9888916015624396,0.0
medium,20000,534,CNN raster + Hough fusion,4,4,0,0.3528420744991764,0.1437642807800627,0.9407407407407408,0.0,1.0,0,1,0,119,281,15984,0.0,0.0,0.0,0.9755859374999404,0.0
medium,20000,535,CNN raster + Hough fusion,3,3,0,0.32149174272055625,0.09672364672364671,0.8898305084745762,0.0,1.0,2,0,18,86,295,15985,0.17307692307525888,0.057507987220263554,0.08633093487698476,0.9767456054686904,0.04511278195477415
medium,20000,536,CNN raster + Hough fusion,4,4,0,0.26468249427917623,0.08876811594202898,0.6236842105263158,0.0,1.0,4,1,46,176,926,15236,0.20720720720627386,0.047325102880609746,0.07705192599530876,0.932739257812443,0.04006968641111492
medium,20000,537,CNN raster + Hough fusion,4,4,0,0.5419017231164215,0.06872469635627529,0.8048780487804879,1.0,1.0,0,0,2,93,167,16122,0.02105263157872576,0.011834319526557195,0.015151514690685278,0.9841308593749399,0.007633587786230406
medium,20000,538,CNN raster + Hough fusion,1,1,0,0.4911764705882353,0.0,0.7058823529411764,1.0,1.0,0,0,0,12,41,16331,0.0,0.0,0.0,0.9967651367186892,0.0
medium,20000,539,CNN raster + Hough fusion,2,2,0,0.524468085106383,0.0,0.8723404255319149,1.0,1.0,0,0,0,82,238,16064,0.0,0.0,0.0,0.9804687499999402,0.0
medium,20000,540,CNN raster + Hough fusion,2,2,0,0.5759747918593895,0.12535460992907801,0.8478260869565217,1.0,1.0,0,0,7,71,279,16027,0.08974358974243918,0.0244755244754389,0.038461538124592444,0.9786376953124403,0.01960784313719998
medium,20000,541,CNN raster + Hough fusion,2,2,0,0.6612857142857143,0.26,0.9714285714285714,1.0,1.0,0,0,10,132,128,16114,0.07042253521077167,0.07246376811541694,0.07142857092816327,0.9841308593749399,0.03703703703689987
medium,20000,542,CNN raster + Hough fusion,3,3,0,0.6264154631912645,0.18045751633986928,0.9760479041916168,1.0,1.0,0,0,15,154,349,15866,0.08875739644917896,0.041208791208678,0.056285177803111014,0.9692993164061908,0.028957528957473055
medium,20000,543,CNN raster + Hough fusion,5,5,0,0.315995750197164,0.18535884563165037,0.6629213483146068,0.0,1.0,1,0,0,120,367,15897,0.0,0.0,0.0,0.9702758789061907,0.0
medium,20000,544,CNN raster + Hough fusion,3,3,0,0.29115044247787614,0.0,0.9557522123893806,0.0,1.0,1,1,12,95,279,15998,0.11214953270923224,0.04123711340192015,0.06030150714425142,0.9771728515624404,0.031088082901473867
medium,20000,545,CNN raster + Hough fusion,5,5,0,0.30472395935118235,0.12478340173278615,0.7428571428571429,0.0,1.0,1,0,3,114,267,16000,0.025641025640806486,0.011111111111069959,0.015503875547062491,0.9767456054686904,0.007812499999979655
medium,20000,546,CNN raster + Hough fusion,2,2,0,0.724532967032967,0.46904761904761905,0.8173076923076923,1.0,1.0,0,0,0,77,179,16128,0.0,0.0,0.0,0.9843749999999399,0.0
medium,20000,547,CNN raster + Hough fusion,2,2,0,0.5384411764705882,0.20098039215686272,0.49,1.0,1.0,0,0,1,49,238,16096,0.0199999999996,0.0041841004183925355,0.006920414938710037,0.98248291015619,0.003472222222210166
medium,20000,548,CNN raster + Hough fusion,3,3,0,0.5731807909604519,0.08666666666666667,0.9209039548022598,1.0,1.0,0,0,0,163,510,15711,0.0,0.0,0.0,0.9589233398436915,0.0
medium,20000,549,CNN raster + Hough fusion,1,1,0,0.8316301369863014,0.6441095890410959,0.9589041095890412,1.0,1.0,0,0,10,61,64,16249,0.14084507042055147,0.13513513513330896,0.13793103398107012,0.9923706054686894,0.07407407407352538
medium,20000,550,CNN raster + Hough fusion,3,3,0,0.3414260929909785,0.2515151515151515,0.6412213740458015,0.0,1.0,1,0,3,83,159,16139,0.03488372092982693,0.018518518518404206,0.02419354793385797,0.9852294921874398,0.012244897959133695
medium,20000,551,CNN raster + Hough fusion,5,5,0,0.3067282778102474,0.17076271186440678,0.6494252873563218,0.0,1.0,1,0,5,206,639,15534,0.023696682464342672,0.0077639751552674476,0.011695906060958258,0.948425292968692,0.00588235294116955
medium,20000,552,CNN raster + Hough fusion,1,1,0,0.5,0.0,0.75,1.0,1.0,0,0,0,13,53,16318,0.0,0.0,0.0,0.9959716796874392,0.0
medium,20000,553,CNN raster + Hough fusion,5,5,0,0.32171621865415845,0.1017391304347826,0.8796680497925311,0.0,1.0,1,0,6,180,554,15644,0.0322580645159556,0.010714285714266582,0.016085790510346525,0.9552001953124417,0.008108108108097152
medium,20000,554,CNN raster + Hough fusion,3,4,1,0.4489851164161509,0.010831122900088403,0.5955555555555556,1.0,0.75,0,0,9,119,591,15665,0.07031249999945069,0.014999999999975,0.024725274435386732,0.9566650390624416,0.0125173852572844
medium,20000,555,CNN raster + Hough fusion,4,4,0,0.5568471767594109,0.08519230769230769,0.8425531914893617,1.0,1.0,0,0,13,170,612,15589,0.07103825136573204,0.02079999999996672,0.03217821747132328,0.9522705078124418,0.016352201257841068
medium,20000,556,CNN raster + Hough fusion,2,2,0,0.47371453900709215,0.041666666666666685,0.524822695035461,1.0,1.0,0,0,7,67,249,16061,0.09459459459331629,0.02734374999989319,0.04242424207606979,0.9807128906249402,0.0216718266253199
medium,20000,557,CNN raster + Hough fusion,3,3,0,0.6176315789473684,0.2555555555555556,0.7631578947368421,1.0,1.0,0,0,0,89,331,15964,0.0,0.0,0.0,0.9743652343749405,0.0
medium,20000,558,CNN raster + Hough fusion,3,3,0,0.5771565656565657,0.13666666666666666,0.8282828282828283,1.0,1.0,0,0,12,73,226,16073,0.1411764705865744,0.05042016806701504,0.0743034051844837,0.98175048828119,0.03858520900309137
medium,20000,559,CNN raster + Hough fusion,2,2,0,0.6160515873015873,0.175,0.9365079365079365,1.0,1.0,0,0,17,47,170,16150,0.2656249999958496,0.09090909090860477,0.13545816694966747,0.9867553710936897,0.07264957264926218
medium,20000,560,CNN raster + Hough fusion,3,3,0,0.5411959081542538,0.09857881136950902,0.7341772151898734,1.0,1.0,0,0,34,78,467,15805,0.3035714285687181,0.06786427145695037,0.11092985288206317,0.9667358398436909,0.05872193436950134
medium,20000,561,CNN raster + Hough fusion,3,3,0,0.6362450980392157,0.26572984749455336,0.8333333333333334,1.0,1.0,0,0,2,82,209,16091,0.02380952380924036,0.009478672985737069,0.013559321626475164,0.98223876953119,0.006825938566529605
medium,20000,562,CNN raster + Hough fusion,2,2,0,0.5982142857142857,0.25,0.6785714285714286,1.0,1.0,0,0,0,53,231,16100,0.0,0.0,0.0,0.98266601562494,0.0
medium,20000,563,CNN raster + Hough fusion,4,4,0,0.5076437151437151,0.07342342342342341,0.623015873015873,1.0,1.0,0,0,1,140,598,15645,0.007092198581509985,0.001669449081800218,0.002702702394225748,0.9549560546874417,0.0013531799729345694
medium,20000,564,CNN raster + Hough fusion,2,2,0,0.6423952353616532,0.21858974358974353,0.9701492537313433,1.0,1.0,0,0,14,51,205,16114,0.21538461538130177,0.06392694063897751,0.09859154894209979,0.9843749999999399,0.05185185185165981
medium,20000,565,CNN raster + Hough fusion,4,4,0,0.2553648068669528,0.0,0.7768240343347639,0.0,1.0,2,0,12,150,458,15764,0.07407407407361682,0.0255319148935627,0.03797468316293463,0.9628906249999412,0.019354838709646202
medium,20000,566,CNN raster + Hough fusion,2,2,0,0.586521978021978,0.13,0.8901098901098901,1.0,1.0,0,0,24,69,183,16108,0.25806451612625736,0.11594202898494714,0.1599999995711333,0.9846191406249398,0.08695652173881538
medium,20000,567,CNN raster + Hough fusion,2,2,0,0.7303690349946977,0.4008200777659951,1.0,1.0,1.0,0,0,8,54,144,16178,0.12903225806243498,0.05263157894702217,0.07476635472792385,0.9879150390624397,0.03883495145612216
medium,20000,568,CNN raster + Hough fusion,2,2,0,0.46259259259259256,0.0,0.5629629629629629,1.0,1.0,0,0,4,71,117,16192,0.05333333333262222,0.03305785123939622,0.040816326057736364,0.9885253906249396,0.02083333333322483
medium,20000,569,CNN raster + Hough fusion,3,3,0,0.3627407407407408,0.16,0.9537037037037037,0.0,1.0,1,2,18,74,269,16023,0.19565217391091683,0.06271777003462468,0.09498680701972279,0.9790649414061903,0.04986149584473723
medium,20000,570,CNN raster + Hough fusion,4,5,1,0.2103370786516854,0.0,0.651685393258427,0.0,0.8,0,1,21,144,645,15574,0.12727272727195593,0.031531531531484185,0.050541515927102744,0.9518432617186918,0.02592592592589392
medium,20000,571,CNN raster + Hough fusion,1,1,0,0.6889146341463415,0.39,0.8170731707317074,1.0,1.0,0,0,0,68,255,16061,0.0,0.0,0.0,0.9802856445311902,0.0
medium,20000,572,CNN raster + Hough fusion,5,5,0,0.2794422594117716,0.05807145529367751,0.7665505226480837,0.0,1.0,1,0,8,205,713,15458,0.03755868544583306,0.011095700416073377,0.017130620632886125,0.9439697265624424,0.008639308855282248
medium,20000,573,CNN raster + Hough fusion,3,3,0,0.6509049773755656,0.34188034188034183,0.7352941176470589,1.0,1.0,0,0,29,46,265,16044,0.3866666666615111,0.09863945578197741,0.1571815714909849,0.98101806640619,0.08529411764680796
medium,20000,574,CNN raster + Hough fusion,1,1,0,0.7441111111111111,0.4807407407407407,0.8888888888888888,1.0,1.0,0,0,0,33,113,16238,0.0,0.0,0.0,0.9910888671874395,0.0
medium,20000,575,CNN raster + Hough fusion,3,3,0,0.6798856266432953,0.31317460317460316,0.9447852760736196,1.0,1.0,0,0,9,157,374,15844,0.05421686746955291,0.023498694516909925,0.032786884823899055,0.9675903320311909,0.016666666666635802
medium,20000,576,CNN raster + Hough fusion,5,5,0,0.35484792445406255,0.19531422825540473,0.8347826086956522,0.0,1.0,1,0,4,167,525,15688,0.023391812865360285,0.00756143667295357,0.01142857105931838,0.9577636718749415,0.005747126436773352
medium,20000,577,CNN raster + Hough fusion,3,3,0,0.6209375,0.21666666666666667,0.8671875,1.0,1.0,0,0,0,101,177,16106,0.0,0.0,0.0,0.9830322265624399,0.0
medium,20000,578,CNN raster + Hough fusion,3,3,0,0.7113268263827269,0.372109500805153,0.9693877551020408,1.0,1.0,0,0,0,97,155,16132,0.0,0.0,0.0,0.9846191406249398,0.0
medium,20000,579,CNN raster + Hough fusion,1,1,0,0.4642857142857143,0.0,0.5714285714285714,1.0,1.0,0,0,0,17,89,16278,0.0,0.0,0.0,0.9935302734374394,0.0
medium,20000,580,CNN raster + Hough fusion,5,4,1,0.29301058201058205,0.037142857142857144,0.9814814814814815,0.0,0.8,2,0,20,156,457,15751,0.11363636363571798,0.04192872117391629,0.06125574233193015,0.9625854492186913,0.03159557661922339
medium,20000,581,CNN raster + Hough fusion,2,2,0,0.6624095022624434,0.2602564102564102,0.9764705882352941,1.0,1.0,0,0,13,73,194,16104,0.1511627906959167,0.06280193236684638,0.08873720094985382,0.9837036132811899,0.04642857142840561
medium,20000,582,CNN raster + Hough fusion,1,1,0,0.6054591836734694,0.15952380952380948,0.9183673469387755,1.0,1.0,0,0,0,45,50,16289,0.0,0.0,0.0,0.9942016601561893,0.0
medium,20000,583,CNN raster + Hough fusion,2,2,0,0.799375,0.575,0.953125,1.0,1.0,0,0,0,124,274,15986,0.0,0.0,0.0,0.9757080078124404,0.0
medium,20000,584,CNN raster + Hough fusion,4,4,0,0.17731009070294784,0.010802469135802474,0.3622448979591837,0.0,1.0,1,0,5,64,445,15870,0.07246376811489183,0.01111111111108642,0.019267822505410957,0.9689331054686908,0.009727626459125043
medium,20000,585,CNN raster + Hough fusion,3,3,0,0.523826362731002,0.05841195360987701,0.7377049180327868,1.0,1.0,0,0,7,123,612,15642,0.05384615384573965,0.011308562197073815,0.018691588498116765,0.9551391601561917,0.00943396226413823
medium,20000,586,CNN raster + Hough fusion,3,3,0,0.2863782051282051,0.04722222222222222,0.8256410256410256,0.0,1.0,1,0,1,157,489,15737,0.0063291139240105754,0.0020408163265264474,0.0030864193843259855,0.9605712890624414,0.0015455950540934381
medium,20000,587,CNN raster + Hough fusion,1,1,0,0.4558823529411765,0.0,0.5294117647058824,1.0,1.0,0,0,0,19,114,16251,0.0,0.0,0.0,0.9918823242186894,0.0
medium,20000,588,CNN raster + Hough fusion,1,1,0,0.6319122807017544,0.26,0.8245614035087719,1.0,1.0,0,0,0,58,48,16278,0.0,0.0,0.0,0.9935302734374394,0.0
medium,20000,589,CNN raster + Hough fusion,1,1,0,0.6859395604395605,0.39,0.8021978021978022,1.0,1.0,0,0,0,74,278,16032,0.0,0.0,0.0,0.9785156249999403,0.0
medium,20000,590,CNN raster + Hough fusion,3,3,0,0.6292235951390588,0.26449908925318755,0.8009950248756219,1.0,1.0,0,0,16,144,606,15618,0.099999999999375,0.025723472668768933,0.04092071578694541,0.9542236328124417,0.020887728459502757
medium,20000,591,CNN raster + Hough fusion,1,1,0,0.7785,0.65,0.6799999999999999,1.0,1.0,0,0,0,18,80,16286,0.0,0.0,0.0,0.9940185546874393,0.0
medium,20000,592,CNN raster + Hough fusion,4,4,0,0.5266064814814815,0.12250000000000001,0.6074074074074074,1.0,1.0,0,0,6,66,418,15894,0.08333333333217592,0.014150943396193041,0.024193548138820246,0.9704589843749407,0.012244897959158684
medium,20000,593,CNN raster + Hough fusion,5,5,0,0.27713769976421276,0.06703030303030304,0.7348703170028819,0.0,1.0,4,0,37,186,875,15286,0.16591928251046673,0.04057017543855201,0.06519823756960158,0.9352416992186929,0.033697632058257106
medium,20000,594,CNN raster + Hough fusion,1,1,0,0.6910172413793103,0.39,0.8275862068965517,1.0,1.0,0,0,0,25,96,16263,0.0,0.0,0.0,0.9926147460936894,0.0
medium,20000,595,CNN raster + Hough fusion,5,5,0,0.31884805737607613,0.1059672592853371,0.8558139534883721,0.0,1.0,1,0,2,168,350,15864,0.011764705882283738,0.00568181818180204,0.007662834809794364,0.9683837890624408,0.00384615384614645
medium,20000,596,CNN raster + Hough fusion,3,3,0,0.576831550802139,0.11666666666666667,0.8716577540106951,1.0,1.0,0,0,9,146,269,15960,0.05806451612865765,0.032374100719308005,0.041570438339230575,0.9746704101561905,0.02122641509428956
medium,20000,597,CNN raster + Hough fusion,2,2,0,0.5904381720430107,0.195,0.7634408602150538,1.0,1.0,0,0,0,63,231,16090,0.0,0.0,0.0,0.98205566406244,0.0
medium,20000,598,CNN raster + Hough fusion,2,2,0,0.2626645181092695,0.07172839506172839,0.6519337016574586,0.0,1.0,1,0,12,106,400,15866,0.10169491525337547,0.029126213592162317,0.04528301852160912,0.9691162109374408,0.023166023165978444
medium,20000,599,CNN raster + Hough fusion,5,5,0,0.4561855670103093,0.0,0.5309278350515464,1.0,1.0,0,0,5,98,358,15923,0.04854368931991705,0.013774104683157647,0.02145922712336754,0.9721679687499406,0.010845986984792092
medium,20000,600,CNN raster + Hough fusion,2,2,0,0.5905,0.13,0.91,1.0,1.0,0,0,36,56,253,16039,0.39130434782183365,0.12456747404801188,0.18897637758543967,0.98114013671869,0.10434782608665406
medium,20000,601,CNN raster + Hough fusion,4,4,0,0.3196744260204082,0.10177083333333332,0.8693877551020408,0.0,1.0,0,1,13,200,530,15641,0.06103286384947872,0.02394106813991908,0.034391533986713005,0.9554443359374417,0.01749663526242598
medium,20000,602,CNN raster + Hough fusion,4,4,0,0.2536231884057971,0.0,0.7681159420289855,0.0,1.0,1,2,60,147,373,15804,0.28985507246236786,0.13856812932993404,0.18749999956176272,0.9682617187499408,0.1034482758618906
medium,20000,603,CNN raster + Hough fusion,4,4,0,0.3701933935629588,0.19927536231884058,0.9025974025974026,0.0,1.0,1,0,0,139,473,15772,0.0,0.0,0.0,0.9626464843749413,0.0
medium,20000,604,CNN raster + Hough fusion,4,4,0,0.2971720297029703,0.05972222222222222,0.8514851485148515,0.0,1.0,1,0,11,143,464,15766,0.07142857142810762,0.023157894736793354,0.03497615225332057,0.9629516601561912,0.017799352750780262
medium,20000,605,CNN raster + Hough fusion,5,5,0,0.30494857502666095,0.14691916348966727,0.6941747572815534,0.0,1.0,1,0,6,136,624,15618,0.04225352112646301,0.009523809523794407,0.015544041150527538,0.9536132812499418,0.007832898172313535
medium,20000,606,CNN raster + Hough fusion,3,3,0,0.5819375,0.13,0.8671875,1.0,1.0,0,0,34,80,365,15905,0.2982456140324715,0.08521303258124006,0.13255360589162096,0.9728393554686906,0.07098121085580171
medium,20000,607,CNN raster + Hough fusion,4,5,1,0.4778273133814929,0.49887551121813245,0.8666666666666667,0.0,0.8,1,0,0,206,212,15966,0.0,0.0,0.0,0.9744873046874405,0.0
medium,20000,608,CNN raster + Hough fusion,4,4,0,0.2843536251709986,0.037581699346405234,0.8372093023255813,0.0,1.0,1,0,0,140,325,15919,0.0,0.0,0.0,0.9716186523436907,0.0
medium,20000,609,CNN raster + Hough fusion,4,4,0,0.5551644736842105,0.0875,0.8289473684210527,1.0,1.0,0,0,1,115,155,16113,0.008620689655098096,0.00641025641021532,0.007352940687229704,0.9835205078124399,0.0036900369003553873
medium,20000,610,CNN raster + Hough fusion,5,5,0,0.6055259009009009,0.19546296296296295,0.8378378378378378,1.0,1.0,0,0,30,160,456,15738,0.15789473684127425,0.06172839506160138,0.08875739604530654,0.9624023437499413,0.04643962848290025
medium,20000,611,CNN raster + Hough fusion,2,2,0,0.4988392857142857,0.029166666666666657,0.6785714285714286,1.0,1.0,0,0,0,40,94,16250,0.0,0.0,0.0,0.9918212890624394,0.0
medium,20000,612,CNN raster + Hough fusion,3,3,0,0.49391025641025643,0.1346153846153846,0.41666666666666663,1.0,1.0,0,0,0,30,223,16131,0.0,0.0,0.0,0.9845581054686898,0.0
medium,20000,613,CNN raster + Hough fusion,2,2,0,0.5378787878787878,0.0,0.9393939393939394,1.0,1.0,0,0,7,100,316,15961,0.06542056074705214,0.0216718266253199,0.03255813916089779,0.9746093749999405,0.016548463356934873
medium,20000,614,CNN raster + Hough fusion,1,1,0,0.7454035087719298,0.52,0.8070175438596492,1.0,1.0,0,0,0,47,176,16161,0.0,0.0,0.0,0.9863891601561897,0.0
medium,20000,615,CNN raster + Hough fusion,5,5,0,0.5743735942420153,0.16052631578947368,0.7606837606837606,1.0,1.0,0,0,0,78,338,15968,0.0,0.0,0.0,0.9746093749999405,0.0
medium,20000,616,CNN raster + Hough fusion,5,5,0,0.18400000000000002,0.0,0.42000000000000004,0.0,1.0,1,0,3,63,260,16058,0.04545454545385675,0.011406844106420507,0.018237081746029702,0.9802856445311902,0.009202453987701833
medium,20000,617,CNN raster + Hough fusion,2,2,0,0.5140137987012987,0.10473484848484847,0.5844155844155844,1.0,1.0,0,0,1,43,260,16080,0.0227272727267562,0.0038314176245063934,0.006557376802235968,0.98150634765619,0.003289473684199706
medium,20000,618,CNN raster + Hough fusion,5,5,0,0.29346528925619836,0.11036363636363636,0.71900826446281,0.0,1.0,0,1,19,149,534,15682,0.11309523809456491,0.034358047016212735,0.05270457661884307,0.9583129882811915,0.02706552706548851
medium,20000,619,CNN raster + Hough fusion,3,3,0,0.5653803418803419,0.16333333333333336,0.7094017094017093,1.0,1.0,0,0,3,79,375,15927,0.03658536585321237,0.00793650793648694,0.013043477967844996,0.9722900390624406,0.00656455142230511
medium,20000,620,CNN raster + Hough fusion,4,4,0,0.31604302040583676,0.12497577519379843,0.7990196078431373,0.0,1.0,3,4,46,105,475,15758,0.30463576158738653,0.08829174664090539,0.13690476155593198,0.964599609374941,0.07348242811489859
medium,20000,621,CNN raster + Hough fusion,3,3,0,0.24057971014492754,0.0,0.7028985507246377,0.0,1.0,1,0,7,86,317,15974,0.07526881720349173,0.021604938271538258,0.033573141140083626,0.9754028320311905,0.017073170731665675
medium,20000,622,CNN raster + Hough fusion,4,4,0,0.5128415300546448,0.0,0.8142076502732241,1.0,1.0,0,0,4,140,372,15868,0.02777777777758488,0.010638297872312132,0.01538461498408285,0.9687499999999408,0.007751937984481101
medium,20000,623,CNN raster + Hough fusion,2,3,1,0.6174504504504504,0.26,0.9189189189189189,1.0,0.6666666666666667,0,0,15,81,343,15945,0.15624999999837239,0.04189944134066509,0.0660792948204118,0.9741210937499405,0.034168564920195515
medium,20000,624,CNN raster + Hough fusion,3,3,0,0.5224411764705882,0.04333333333333333,0.7647058823529411,1.0,1.0,0,0,3,120,277,15984,0.02439024390224073,0.01071428571424745,0.01488833704479433,0.9757690429686904,0.00749999999998125
medium,20000,625,CNN raster + Hough fusion,3,3,0,0.6091622674710909,0.1618610692140104,0.9316239316239316,1.0,1.0,0,0,8,103,252,16021,0.07207207207142277,0.030769230769112428,0.043126684216534324,0.9783325195311903,0.022038567493052236
medium,20000,626,CNN raster + Hough fusion,4,5,1,0.3955017258805677,0.2831740697447886,0.9403669724770642,0.0,0.8,2,2,28,168,446,15742,0.14285714285641402,0.059071729957681285,0.08358208913807086,0.9625244140624413,0.0436137071650411
medium,20000,627,CNN raster + Hough fusion,2,2,0,0.5366071428571428,0.09722222222222221,0.7142857142857143,1.0,1.0,0,0,3,21,91,16269,0.12499999999479167,0.031914893616681754,0.050847457302212,0.9931640624999394,0.026086956521512286
medium,20000,628,CNN raster + Hough fusion,4,4,0,0.34373107450866947,0.1910768791898445,0.7887323943661972,0.0,1.0,1,0,10,157,514,15703,0.059880239520599524,0.019083969465612437,0.02894355969126312,0.9590454101561915,0.014684287812019553
medium,20000,629,CNN raster + Hough fusion,2,2,0,0.562822463768116,0.12833333333333333,0.7753623188405797,1.0,1.0,0,0,2,94,138,16150,0.02083333333311632,0.014285714285612245,0.016949152059609323,0.9858398437499398,0.008547008546972022
medium,20000,630,CNN raster + Hough fusion,4,4,0,0.2792395813000195,0.13531323877068557,0.591743119266055,0.0,1.0,1,0,4,119,477,15784,0.032520325202987636,0.008316008315991026,0.013245032788194605,0.9636230468749412,0.006666666666655555
medium,20000,631,CNN raster + Hough fusion,5,5,0,0.2841269841269841,0.0,0.9206349206349207,0.0,1.0,2,2,34,190,586,15574,0.15178571428503668,0.054838709677330906,0.08056871998902765,0.9526367187499418,0.04197530864192349
medium,20000,632,CNN raster + Hough fusion,1,1,0,0.8663333333333333,0.7088888888888889,0.9866666666666667,1.0,1.0,0,0,0,75,76,16233,0.0,0.0,0.0,0.9907836914061895,0.0
medium,20000,633,CNN raster + Hough fusion,5,4,1,0.4963487676136747,0.09130944898386759,0.6262975778546713,1.0,0.8,0,0,12,155,624,15593,0.07185628742471943,0.01886792452827222,0.029887919969367672,0.9524536132811918,0.015170670037907496
medium,20000,634,CNN raster + Hough fusion,3,3,0,0.6229854721549637,0.19393596986817324,0.9285714285714286,1.0,1.0,0,0,62,164,507,15651,0.27433628318462683,0.10896309314567845,0.15597484235997625,0.9590454101561915,0.08458390177341803
medium,20000,635,CNN raster + Hough fusion,1,1,0,0.5608809523809524,0.12999999999999998,0.7619047619047619,1.0,1.0,0,0,0,17,68,16299,0.0,0.0,0.0,0.9948120117186893,0.0
medium,20000,636,CNN raster + Hough fusion,2,2,0,0.5155913978494624,0.0,0.8279569892473118,1.0,1.0,0,0,0,76,289,16019,0.0,0.0,0.0,0.9777221679686903,0.0
medium,20000,637,CNN raster + Hough fusion,2,2,0,0.536046511627907,0.0,0.9302325581395349,1.0,1.0,0,0,27,55,245,16057,0.32926829267891133,0.099264705881988,0.15254237252452998,0.98168945312494,0.08256880733919704
medium,20000,638,CNN raster + Hough fusion,2,2,0,0.55875,0.17499999999999996,0.65,1.0,1.0,0,0,0,54,259,16071,0.0,0.0,0.0,0.9808959960936902,0.0
medium,20000,639,CNN raster + Hough fusion,2,2,0,0.5318552188552189,0.05515151515151514,0.7851851851851852,1.0,1.0,0,0,7,95,337,15945,0.06862745097971934,0.020348837209243173,0.03139013417621509,0.9736328124999406,0.015945330296091242
medium,20000,640,CNN raster + Hough fusion,1,1,0,0.486,0.0,0.6799999999999999,1.0,1.0,0,0,0,15,99,16270,0.0,0.0,0.0,0.9930419921874394,0.0
medium,20000,641,CNN raster + Hough fusion,5,5,0,0.2693450174732607,0.11654135338345865,0.5845070422535211,0.0,1.0,2,1,13,152,860,15359,0.07878787878740129,0.014891179839616391,0.025048169289409013,0.9382324218749427,0.01268292682925592
medium,20000,642,CNN raster + Hough fusion,2,2,0,0.4926229508196721,0.0,0.7131147540983607,1.0,1.0,0,0,2,81,378,15923,0.024096385541878356,0.005263157894722992,0.008639308560995304,0.9719848632811906,0.0043383947939168365
medium,20000,643,CNN raster + Hough fusion,3,3,0,0.6161873739411052,0.18011608623548922,0.9256756756756757,1.0,1.0,0,0,5,146,391,15842,0.033112582781237666,0.012626262626230742,0.018281535249233823,0.9672241210936909,0.00922509225090549
medium,20000,644,CNN raster + Hough fusion,5,5,0,0.32374134199134197,0.18166666666666667,0.7099567099567099,0.0,1.0,2,3,18,132,436,15798,0.11999999999920001,0.03964757709242368,0.05960264863308627,0.965332031249941,0.030716723549435637
medium,20000,645,CNN raster + Hough fusion,2,2,0,0.25263157894736843,0.0,0.7631578947368421,0.0,1.0,1,0,7,53,107,16217,0.11666666666472222,0.061403508771391196,0.08045976966217466,0.9902343749999395,0.04191616766441967
medium,20000,646,CNN raster + Hough fusion,3,3,0,0.645479797979798,0.21666666666666667,0.98989898989899,1.0,1.0,0,0,11,90,228,16055,0.10891089108803058,0.04602510460231789,0.06470588193493079,0.9805908203124402,0.03343465045582543
medium,20000,647,CNN raster + Hough fusion,1,1,0,0.746013698630137,0.4842922374429223,0.8904109589041096,1.0,1.0,0,0,0,66,224,16094,0.0,0.0,0.0,0.98229980468744,0.0
medium,20000,648,CNN raster + Hough fusion,3,3,0,0.5112191833590138,0.07954545454545454,0.6271186440677966,1.0,1.0,0,0,1,108,183,16092,0.009174311926521336,0.005434782608666116,0.0068259380992673506,0.98223876953119,0.003424657534234847
medium,20000,649,CNN raster + Hough fusion,1,1,0,0.867095238095238,0.731111111111111,0.9404761904761905,1.0,1.0,0,0,0,80,85,16219,0.0,0.0,0.0,0.9899291992186896,0.0
medium,20000,650,CNN raster + Hough fusion,3,3,0,0.3200176553672317,0.1625,0.7344632768361582,0.0,1.0,1,0,32,98,431,15823,0.24615384615195268,0.06911447084218333,0.10792580066911037,0.9677124023436909,0.05704099821736713
medium,20000,651,CNN raster + Hough fusion,3,3,0,0.5863080922242314,0.11162698412698413,0.930379746835443,1.0,1.0,0,0,2,134,451,15797,0.014705882352833046,0.004415011037517848,0.006791171121886558,0.9642944335936912,0.0034071550255478584
medium,20000,652,CNN raster + Hough fusion,1,1,0,0.4642857142857143,0.0,0.5714285714285714,1.0,1.0,0,0,0,17,29,16338,0.0,0.0,0.0,0.9971923828124392,0.0
medium,20000,653,CNN raster + Hough fusion,4,4,0,0.5071428571428571,0.0,0.7857142857142857,1.0,1.0,0,0,0,143,395,15846,0.0,0.0,0.0,0.9671630859374409,0.0
medium,20000,654,CNN raster + Hough fusion,5,5,0,0.45138394304306584,0.39308288610614195,0.87248322147651,0.0,1.0,1,0,3,129,301,15951,0.022727272727100553,0.009868421052599117,0.01376146746765846,0.9737548828124405,0.006928406466496701
medium,20000,655,CNN raster + Hough fusion,4,4,0,0.35960526315789476,0.15,0.9605263157894737,0.0,1.0,1,0,5,138,328,15913,0.034965034964790455,0.015015015014969926,0.021008402940920497,0.9715576171874407,0.01061571125263139
medium,20000,656,CNN raster + Hough fusion,4,4,0,0.3422728281547242,0.10464912280701755,0.9759036144578314,0.0,1.0,2,0,8,151,446,15779,0.05031446540848859,0.017621145374410528,0.026101141540669944,0.9635620117186912,0.013223140495845912
medium,20000,657,CNN raster + Hough fusion,4,4,0,0.4119503580162418,0.25951394642363984,0.9758454106280193,0.0,1.0,1,0,43,162,582,15597,0.20975609755995242,0.06879999999988992,0.10361445745910582,0.9545898437499417,0.05463786531123934
medium,20000,658,CNN raster + Hough fusion,3,3,0,0.6681849806496499,0.2917771883289125,0.9344262295081968,1.0,1.0,0,0,0,105,285,15994,0.0,0.0,0.0,0.9761962890624404,0.0
medium,20000,659,CNN raster + Hough fusion,3,3,0,0.604220987222125,0.13628352490421455,0.9644670050761421,1.0,1.0,0,0,0,192,320,15872,0.0,0.0,0.0,0.9687499999999408,0.0
medium,20000,660,CNN raster + Hough fusion,4,4,0,0.58553184991274,0.17203703703703704,0.7905759162303665,1.0,1.0,0,0,1,132,410,15841,0.007518796992424671,0.0024330900243249806,0.0036764702187973455,0.9669189453124409,0.0018416206261476214
medium,20000,661,CNN raster + Hough fusion,1,1,0,0.48684210526315785,0.0,0.6842105263157895,1.0,1.0,0,0,0,13,20,16351,0.0,0.0,0.0,0.997985839843689,0.0
medium,20000,662,CNN raster + Hough fusion,3,3,0,0.24384615384615385,0.0,0.7192307692307692,0.0,1.0,1,1,22,155,676,15531,0.12429378531003224,0.03151862464178866,0.05028571396286695,0.949279785156192,0.025791324736194852
medium,20000,663,CNN raster + Hough fusion,4,5,1,0.3476553626915247,0.16423413931449934,0.96875,0.0,0.8,1,1,0,214,609,15561,0.0,0.0,0.0,0.949768066406192,0.0
medium,20000,664,CNN raster + Hough fusion,2,2,0,0.5419169719169719,0.010256410256410251,0.9365079365079365,1.0,1.0,0,0,0,118,393,15873,0.0,0.0,0.0,0.9688110351561908,0.0
medium,20000,665,CNN raster + Hough fusion,3,3,0,0.49540386584741425,0.062096774193548365,0.5873015873015873,1.0,1.0,0,0,6,68,443,15867,0.08108108107998539,0.013363028953199638,0.02294455042618516,0.9688110351561908,0.011605415860712563
medium,20000,666,CNN raster + Hough fusion,1,1,0,0.5585,0.12999999999999998,0.75,1.0,1.0,0,0,0,16,21,16347,0.0,0.0,0.0,0.997741699218689,0.0
medium,20000,667,CNN raster + Hough fusion,4,4,0,0.3212030929596719,0.134001860712387,0.8045112781954887,0.0,1.0,2,1,22,186,366,15810,0.10576923076872227,0.05670103092768892,0.07382550290106303,0.966308593749941,0.03832752613233741
medium,20000,668,CNN raster + Hough fusion,3,3,0,0.5504452095103578,0.11827330508474576,0.7361111111111112,1.0,1.0,0,0,0,105,387,15892,0.0,0.0,0.0,0.9699707031249408,0.0
medium,20000,669,CNN raster + Hough fusion,1,1,0,0.6932419354838709,0.39,0.8387096774193549,1.0,1.0,0,0,0,53,63,16268,0.0,0.0,0.0,0.9929199218749394,0.0
medium,20000,670,CNN raster + Hough fusion,1,1,0,0.7314848484848485,0.4571717171717172,0.8787878787878788,1.0,1.0,0,0,0,30,104,16250,0.0,0.0,0.0,0.9918212890624394,0.0
medium,20000,671,CNN raster + Hough fusion,2,2,0,0.5584191176470589,0.1625,0.6764705882352942,1.0,1.0,0,0,0,48,58,16278,0.0,0.0,0.0,0.9935302734374394,0.0
medium,20000,672,CNN raster + Hough fusion,4,5,1,0.2752914818920917,0.02386363636363636,0.9227642276422764,0.0,0.8,2,0,13,201,583,15587,0.060747663551118006,0.021812080536876156,0.032098765043225126,0.9521484374999418,0.016311166875763724
medium,20000,673,CNN raster + Hough fusion,3,4,1,0.2953367495840493,0.12293388429752067,0.8250825082508251,0.0,0.75,2,0,37,175,844,15328,0.1745283018859692,0.04199772985239274,0.06770356784821986,0.9378051757811927,0.03503787878784561
medium,20000,674,CNN raster + Hough fusion,5,4,1,0.16880597014925375,0.0,0.44402985074626866,0.0,0.8,0,2,7,96,626,15655,0.06796116504788387,0.011058451816728185,0.019021738889661365,0.9559326171874416,0.009602194787366802
medium,20000,675,CNN raster + Hough fusion,2,2,0,0.5506850961538462,0.06562499999999999,0.8557692307692308,1.0,1.0,0,0,5,86,321,15972,0.05494505494445115,0.015337423312836388,0.02398081500640064,0.9751586914061905,0.012135922330067632
medium,20000,676,CNN raster + Hough fusion,4,4,0,0.5834677419354839,0.22634408602150538,0.6580645161290323,1.0,1.0,0,0,5,101,370,15908,0.047169811320309715,0.013333333333297778,0.020790020446315505,0.9712524414061907,0.010504201680650202
medium,20000,677,CNN raster + Hough fusion,4,4,0,0.32056677890011226,0.10606060606060606,0.8641975308641976,0.0,1.0,1,0,6,130,261,15987,0.04411764705849914,0.022471910112275388,0.029776674490650162,0.9761352539061904,0.015113350125906515
medium,20000,678,CNN raster + Hough fusion,2,2,0,0.6726136363636364,0.325,0.8818181818181818,1.0,1.0,0,0,0,112,305,15967,0.0,0.0,0.0,0.9745483398436905,0.0
medium,20000,679,CNN raster + Hough fusion,1,1,0,0.5065217391304347,0.0,0.782608695652174,1.0,1.0,0,0,0,18,24,16342,0.0,0.0,0.0,0.997436523437439,0.0
medium,20000,680,CNN raster + Hough fusion,5,5,0,0.5403555878310845,0.08162755427841634,0.7681159420289855,1.0,1.0,0,0,15,182,568,15619,0.07614213197930893,0.025728987993094806,0.03846153808388889,0.9542236328124417,0.01960784313722927
medium,20000,681,CNN raster + Hough fusion,2,2,0,0.6026622807017544,0.195,0.8245614035087719,1.0,1.0,0,0,2,34,197,16151,0.05555555555401235,0.010050251256230904,0.01702127633615211,0.9859008789061898,0.008583690987087623
medium,20000,682,CNN raster + Hough fusion,2,2,0,0.6319777125252719,0.19162895927601806,0.9787234042553191,1.0,1.0,0,0,0,46,125,16213,0.0,0.0,0.0,0.9895629882811896,0.0
medium,20000,683,CNN raster + Hough fusion,1,1,0,0.4833333333333334,0.0,0.6666666666666667,1.0,1.0,0,0,0,11,54,16319,0.0,0.0,0.0,0.9960327148436892,0.0
medium,20000,684,CNN raster + Hough fusion,3,3,0,0.5715572390572391,0.07424242424242423,0.9407407407407408,1.0,1.0,0,0,0,134,130,16120,0.0,0.0,0.0,0.9838867187499399,0.0
medium,20000,685,CNN raster + Hough fusion,2,2,0,0.7039242944317314,0.34985125858123567,0.9824561403508771,1.0,1.0,0,0,0,173,170,16041,0.0,0.0,0.0,0.9790649414061903,0.0
medium,20000,686,CNN raster + Hough fusion,3,3,0,0.38745897294481724,0.3208354866494401,0.7154150197628458,0.0,1.0,1,2,1,173,295,15915,0.00574712643674858,0.003378378378366965,0.004255318682607567,0.9714355468749407,0.002132196162042362
medium,20000,687,CNN raster + Hough fusion,1,1,0,0.867375,0.7108333333333333,0.9875,1.0,1.0,0,0,0,80,249,16055,0.0,0.0,0.0,0.9799194335936902,0.0
medium,20000,688,CNN raster + Hough fusion,4,4,0,0.3635674372320882,0.22055152979066023,0.8215962441314554,0.0,1.0,1,0,0,177,512,15695,0.0,0.0,0.0,0.9579467773436915,0.0
medium,20000,689,CNN raster + Hough fusion,2,2,0,0.4279220779220779,0.0,0.38961038961038963,1.0,1.0,0,0,1,30,111,16242,0.03225806451508845,0.008928571428491709,0.013986013646241878,0.9913940429686895,0.007042253521077168
medium,20000,690,CNN raster + Hough fusion,3,3,0,0.6443455256177579,0.26743450137279534,0.87,1.0,1.0,0,0,0,86,227,16071,0.0,0.0,0.0,0.9808959960936902,0.0
medium,20000,691,CNN raster + Hough fusion,1,1,0,0.5779117647058823,0.12999999999999998,0.8470588235294118,1.0,1.0,0,0,37,36,227,16084,0.50684931506155,0.14015151515098428,0.2195845693922461,0.9839477539061899,0.12333333333292222
medium,20000,692,CNN raster + Hough fusion,1,1,0,0.7249540229885058,0.44498084291187734,0.8735632183908046,1.0,1.0,0,0,13,64,253,16054,0.1688311688289762,0.04887218045094409,0.07580174892250677,0.9806518554686902,0.03939393939382002
medium,20000,693,CNN raster + Hough fusion,4,5,1,0.3158297734627832,0.12133333333333333,0.9061488673139159,0.0,0.8,4,3,59,162,391,15772,0.2669683257906472,0.13111111111081974,0.17585692951300302,0.966247558593691,0.09640522875801241
medium,20000,694,CNN raster + Hough fusion,3,3,0,0.2090909090909091,0.0,0.5454545454545454,0.0,1.0,1,0,8,61,412,15903,0.11594202898382693,0.019047619047573697,0.03271983615829643,0.9711303710936907,0.016632016631982053
medium,20000,695,CNN raster + Hough fusion,1,1,0,0.48703703703703705,0.0,0.6851851851851851,1.0,1.0,0,0,0,31,86,16267,0.0,0.0,0.0,0.9928588867186894,0.0
medium,20000,696,CNN raster + Hough fusion,5,5,0,0.32265246478873244,0.20683333333333334,0.647887323943662,0.0,1.0,1,0,7,78,221,16078,0.08235294117550172,0.030701754385830258,0.04472843410887118,0.98175048828119,0.022875816993389295
medium,20000,697,CNN raster + Hough fusion,4,4,0,0.2877720685807347,0.06772598870056497,0.7864768683274022,0.0,1.0,1,2,14,176,648,15546,0.07368421052592798,0.02114803625374449,0.03286384941863387,0.949707031249942,0.01670644391406121
medium,20000,698,CNN raster + Hough fusion,5,5,0,0.27507404230989135,0.035454545454545454,0.7955974842767295,0.0,1.0,3,1,21,204,687,15472,0.09333333333291852,0.02966101694911065,0.045016076804320335,0.9456176757811923,0.023026315789448436
medium,20000,699,CNN raster + Hough fusion,3,3,0,0.5435881801125704,0.002845528455284542,0.9615384615384616,1.0,1.0,0,0,0,158,239,15987,0.0,0.0,0.0,0.9757690429686904,0.0
medium,20000,700,CNN raster + Hough fusion,5,5,0,0.3161266617349492,0.10062045357295678,0.8542372881355932,0.0,1.0,1,3,2,200,626,15556,0.009900990098960886,0.003184713375791107,0.004819276740136477,0.949584960937442,0.0024154589371951506
medium,20000,701,CNN raster + Hough fusion,4,5,1,0.28180749128919863,0.18055555555555555,0.602787456445993,0.0,0.8,1,0,5,154,770,15455,0.03144654088030537,0.0064516129032174815,0.010706637833097962,0.9436035156249424,0.005382131323998512
medium,20000,702,CNN raster + Hough fusion,5,5,0,0.27273442824042526,0.11332288401253919,0.6086956521739131,0.0,1.0,1,1,10,142,515,15717,0.0657894736837777,0.019047619047582766,0.029542097140612966,0.9598999023436914,0.01499250374810346
medium,20000,703,CNN raster + Hough fusion,3,3,0,0.623810015003751,0.20881123058542408,0.8992248062015504,1.0,1.0,0,0,0,116,281,15987,0.0,0.0,0.0,0.9757690429686904,0.0
medium,20000,704,CNN raster + Hough fusion,3,3,0,0.3204826353421859,0.09545454545454544,0.8876404494382022,0.0,1.0,1,0,0,152,467,15765,0.0,0.0,0.0,0.9622192382811913,0.0
medium,20000,705,CNN raster + Hough fusion,3,3,0,0.722814720090935,0.3956521739130435,0.9738562091503268,1.0,1.0,0,0,0,151,489,15744,0.0,0.0,0.0,0.9609374999999413,0.0
medium,20000,706,CNN raster + Hough fusion,1,1,0,0.7778095238095238,0.5644444444444444,0.8690476190476191,1.0,1.0,0,0,0,74,261,16049,0.0,0.0,0.0,0.9795532226561902,0.0
medium,20000,707,CNN raster + Hough fusion,3,3,0,0.5504464285714286,0.2708333333333333,0.3928571428571429,1.0,1.0,0,0,0,36,287,16061,0.0,0.0,0.0,0.9802856445311902,0.0
medium,20000,708,CNN raster + Hough fusion,5,5,0,0.6507415471534116,0.32682051282051283,0.768361581920904,1.0,1.0,0,0,1,130,325,15928,0.007633587786201271,0.0030674846625672776,0.004376367205895206,0.9722290039061906,0.0021929824561355417
medium,20000,709,CNN raster + Hough fusion,5,4,1,0.2548148590539895,0.06308063916759568,0.7321428571428572,0.0,0.8,1,0,14,145,348,15877,0.08805031446485503,0.03867403314906444,0.05374280187896449,0.9699096679686908,0.02761341222874238
medium,20000,710,CNN raster + Hough fusion,5,5,0,0.2532710280373832,0.0,0.7663551401869159,0.0,1.0,2,0,0,152,408,15824,0.0,0.0,0.0,0.965820312499941,0.0
medium,20000,711,CNN raster + Hough fusion,3,3,0,0.5822373737373737,0.13,0.8686868686868687,1.0,1.0,0,0,0,88,136,16160,0.0,0.0,0.0,0.9863281249999398,0.0
medium,20000,712,CNN raster + Hough fusion,2,2,0,0.5230075298546973,0.040074906367041196,0.774869109947644,1.0,1.0,0,0,3,133,278,15970,0.02205882352924957,0.0106761565835919,0.014388488769019332,0.9749145507811905,0.0072463768115767
medium,20000,713,CNN raster + Hough fusion,5,5,0,0.6123789413389126,0.19773317013463892,0.8669950738916257,1.0,1.0,0,0,11,149,513,15711,0.06874999999957032,0.02099236641217368,0.03216374233156356,0.9595947265624414,0.016344725111417022
medium,20000,714,CNN raster + Hough fusion,4,5,1,0.36952008775538187,0.2947940947940948,0.7843137254901961,0.0,0.8,2,0,34,250,729,15371,0.11971830985873338,0.04456094364345405,0.06494746856345825,0.9402465820311926,0.03356367226057891
medium,20000,715,CNN raster + Hough fusion,4,4,0,0.5698374295954941,0.09938271604938272,0.8755760368663594,1.0,1.0,0,0,7,157,484,15736,0.04268292682900803,0.014256619144573816,0.021374045426080072,0.9608764648436914,0.0108024691357858
medium,20000,716,CNN raster + Hough fusion,2,2,0,0.2711538461538462,0.0,0.8557692307692308,0.0,1.0,1,0,3,87,314,15980,0.03333333333296296,0.009463722397446486,0.014742014397479014,0.9755249023436904,0.007425742574239045
medium,20000,717,CNN raster + Hough fusion,2,2,0,0.7203761755485893,0.3939393939393939,0.9655172413793104,1.0,1.0,0,0,6,79,173,16126,0.0705882352932872,0.03351955307243844,0.045454545017590685,0.9846191406249398,0.023255813953398236
medium,20000,718,CNN raster + Hough fusion,4,4,0,0.5740909090909091,0.2,0.6704545454545454,1.0,1.0,0,0,5,114,287,15978,0.04201680672233599,0.017123287671174235,0.02433089983177936,0.9755249023436904,0.012315270935930258
medium,20000,719,CNN raster + Hough fusion,2,2,0,0.6726018518518518,0.3053703703703704,0.9259259259259259,1.0,1.0,0,0,0,101,110,16173,0.0,0.0,0.0,0.9871215820311897,0.0
medium,20000,720,CNN raster + Hough fusion,1,1,0,0.570513698630137,0.09429223744292234,0.8904109589041096,1.0,1.0,0,0,0,66,228,16090,0.0,0.0,0.0,0.98205566406244,0.0
medium,20000,721,CNN raster + Hough fusion,5,5,0,0.6013737477256286,0.24088564692012968,0.7148760330578512,1.0,1.0,0,0,10,161,681,15532,0.05847953216340071,0.014471780028922618,0.023201855830392287,0.948608398437442,0.011737089201864158
medium,20000,722,CNN raster + Hough fusion,5,5,0,0.34950154920113485,0.14560810810810815,0.919889502762431,0.0,1.0,1,0,15,312,935,15122,0.04587155963288724,0.015789473684193905,0.023492560308083076,0.9238891601561936,0.011885895404111026
medium,20000,723,CNN raster + Hough fusion,5,5,0,0.2837872473228494,0.033481929279844266,0.8436018957345972,0.0,1.0,2,0,3,157,436,15788,0.018749999999882815,0.006833712984039103,0.01001669409925838,0.9638061523436912,0.00503355704697142
medium,20000,724,CNN raster + Hough fusion,3,3,0,0.6267994836488812,0.19476190476190477,0.9457831325301205,1.0,1.0,0,0,9,147,308,15920,0.05769230769193787,0.028391167192339462,0.03805496784529498,0.9722290039061906,0.01939655172409613
medium,20000,725,CNN raster + Hough fusion,1,1,0,0.8088157894736843,0.65,0.8315789473684211,1.0,1.0,0,0,0,80,294,16010,0.0,0.0,0.0,0.9771728515624404,0.0
medium,20000,726,CNN raster + Hough fusion,4,4,0,0.5541511350059737,0.10700252223549714,0.78,1.0,1.0,0,0,10,99,436,15839,0.09174311926521336,0.022421524663626857,0.036036035720256474,0.9673461914061909,0.018348623853177343
medium,20000,727,CNN raster + Hough fusion,3,3,0,0.6688294573643411,0.2985185185185185,0.9224806201550387,1.0,1.0,0,0,0,121,302,15961,0.0,0.0,0.0,0.9741821289061905,0.0
medium,20000,728,CNN raster + Hough fusion,1,1,0,0.684474358974359,0.39,0.7948717948717949,1.0,1.0,0,0,0,63,79,16242,0.0,0.0,0.0,0.9913330078124395,0.0
medium,20000,729,CNN raster + Hough fusion,4,3,1,0.4804053928836175,0.02609649122807018,0.7183098591549295,1.0,0.75,0,0,4,95,142,16143,0.04040404040363228,0.027397260273784953,0.03265306074262391,0.9855346679686898,0.016597510373375115
medium,20000,730,CNN raster + Hough fusion,2,2,0,0.6503675213675214,0.2353846153846154,0.9722222222222222,1.0,1.0,0,0,0,71,118,16195,0.0,0.0,0.0,0.9884643554686896,0.0
medium,20000,731,CNN raster + Hough fusion,4,4,0,0.3089950057235701,0.10846626786307743,0.8009259259259259,0.0,1.0,1,1,15,153,478,15738,0.08928571428518282,0.0304259634887821,0.04538577874327854,0.9614868164061913,0.023219814241450126
medium,20000,732,CNN raster + Hough fusion,5,5,0,0.6687050376375218,0.27369696969696966,0.9777070063694268,1.0,1.0,0,0,4,308,898,15174,0.01282051282047173,0.004434589800438543,0.006589785450046026,0.9263916015624434,0.0033057851239642103
medium,20000,733,CNN raster + Hough fusion,4,4,0,0.2538334108346896,0.10294117647058823,0.5375494071146245,0.0,1.0,1,0,5,126,517,15736,0.038167938931006354,0.009578544061284333,0.015313935360688924,0.9607543945311914,0.007716049382704142
medium,20000,734,CNN raster + Hough fusion,4,4,0,0.5772730838875142,0.12375196540880502,0.8579234972677596,1.0,1.0,0,0,0,153,505,15726,0.0,0.0,0.0,0.9598388671874414,0.0
medium,20000,735,CNN raster + Hough fusion,3,3,0,0.2958836171038767,0.10601217656012177,0.7408906882591093,0.0,1.0,0,1,6,170,754,15454,0.034090909090715396,0.007894736842094876,0.012820512515130769,0.9436035156249424,0.006451612903218869
medium,20000,736,CNN raster + Hough fusion,3,3,0,0.23372093023255816,0.0,0.6686046511627908,0.0,1.0,1,0,15,90,299,15980,0.1428571428557823,0.04777070063679054,0.07159904497012436,0.9762573242186904,0.03712871287119523
medium,20000,737,CNN raster + Hough fusion,3,3,0,0.4898815789473684,0.10499999999999998,0.4631578947368421,1.0,1.0,0,0,5,42,201,16136,0.10638297872114079,0.024271844660076352,0.03952569139677233,0.9851684570311898,0.020161290322499352
medium,20000,738,CNN raster + Hough fusion,3,3,0,0.5375850800090151,0.10421205519244735,0.703448275862069,1.0,1.0,0,0,0,89,186,16109,0.0,0.0,0.0,0.9832153320311899,0.0
medium,20000,739,CNN raster + Hough fusion,3,3,0,0.5481818181818182,0.0,0.990909090909091,1.0,1.0,0,0,0,109,349,15926,0.0,0.0,0.0,0.9720458984374406,0.0
medium,20000,740,CNN raster + Hough fusion,2,2,0,0.2264957264957265,0.0,0.6324786324786325,0.0,1.0,1,1,7,57,237,16083,0.109374999998291,0.02868852459004636,0.04545454512502108,0.98205566406244,0.02325581395341111
medium,20000,741,CNN raster + Hough fusion,4,4,0,0.5314608881456707,0.1107487922705314,0.6581196581196581,1.0,1.0,0,0,18,57,335,15974,0.2399999999968,0.050991501416286146,0.08411214924326359,0.9760742187499404,0.04390243902428317
medium,20000,742,CNN raster + Hough fusion,2,2,0,0.6883482142857142,0.39125,0.8114285714285714,1.0,1.0,0,0,3,140,342,15899,0.020979020978874274,0.00869565217388784,0.012295081552833596,0.9705810546874407,0.006185567010296524
medium,20000,743,CNN raster + Hough fusion,5,5,0,0.5795940639269407,0.08199999999999999,0.9634703196347032,1.0,1.0,0,0,11,198,679,15496,0.0526315789471166,0.015942028985484143,0.024471634793245746,0.9464721679686922,0.012387387387373439
medium,20000,744,CNN raster + Hough fusion,3,3,0,0.4852884615384615,0.10833333333333334,0.4326923076923077,1.0,1.0,0,0,0,44,271,16069,0.0,0.0,0.0,0.9807739257811902,0.0
medium,20000,745,CNN raster + Hough fusion,1,1,0,0.48684210526315785,0.0,0.6842105263157895,1.0,1.0,0,0,0,13,20,16351,0.0,0.0,0.0,0.997985839843689,0.0
medium,20000,746,CNN raster + Hough fusion,4,3,1,0.2247491880187658,0.07647058823529412,0.5766871165644172,0.0,0.75,1,0,13,76,481,15814,0.14606741572869586,0.02631578947363094,0.04459691226257984,0.966003417968691,0.022807017543819638
medium,20000,747,CNN raster + Hough fusion,4,5,1,0.5452981171548117,0.09722222222222222,0.8577405857740585,1.0,0.8,0,0,14,207,420,15743,0.06334841628930613,0.03225806451605471,0.04274809115579746,0.9617309570311913,0.021840873634911325
medium,20000,748,CNN raster + Hough fusion,2,2,0,0.6632182598954444,0.30337606837606834,0.883495145631068,1.0,1.0,0,0,0,105,287,15992,0.0,0.0,0.0,0.9760742187499404,0.0
medium,20000,749,CNN raster + Hough fusion,5,5,0,0.4836378737541528,0.027131782945736437,0.6071428571428572,1.0,1.0,0,0,18,146,797,15423,0.10975609756030637,0.022085889570525048,0.03677221626851105,0.9424438476561925,0.018730489073861885
medium,20000,750,CNN raster + Hough fusion,5,5,0,0.3432344852635949,0.0981060606060606,0.995433789954338,0.0,1.0,0,1,16,195,643,15530,0.07582938388589655,0.024279210925608075,0.03678160882790066,0.948852539062442,0.018735362997636142
medium,20000,751,CNN raster + Hough fusion,4,5,1,0.34628780036388734,0.18319304152637483,0.9192546583850931,0.0,0.8,1,0,14,124,360,15886,0.10144927536158371,0.037433155080113814,0.054687499606018077,0.9704589843749407,0.02811244979914034
medium,20000,752,CNN raster + Hough fusion,2,2,0,0.45246913580246917,0.0,0.5123456790123457,1.0,1.0,0,0,1,82,221,16080,0.012048192770939178,0.004504504504484214,0.006557376652985782,0.98150634765619,0.003289473684199706
medium,20000,753,CNN raster + Hough fusion,3,3,0,0.5836776367961934,0.17564102564102563,0.7731958762886598,1.0,1.0,0,0,4,72,133,16175,0.052631578946675896,0.029197080291757688,0.03755868498666491,0.9874877929686897,0.01913875598076967
medium,20000,754,CNN raster + Hough fusion,2,2,0,0.5255102040816326,0.0,0.8775510204081632,1.0,1.0,0,0,11,75,153,16145,0.12790697674269874,0.06707317073129834,0.08799999954796801,0.9860839843749398,0.04602510460231789
medium,20000,755,CNN raster + Hough fusion,4,4,0,0.5865190548780488,0.235625,0.6524390243902439,1.0,1.0,0,0,8,98,455,15823,0.07547169811249554,0.017278617710545834,0.028119507605338503,0.966247558593691,0.014260249554341782
medium,20000,756,CNN raster + Hough fusion,2,2,0,0.5420260922330097,0.14625,0.6310679611650485,1.0,1.0,0,0,3,47,244,16090,0.059999999998800006,0.012145748987805079,0.02020201992186739,0.98223876953119,0.010204081632618354
medium,20000,757,CNN raster + Hough fusion,2,2,0,0.528125,0.0,0.890625,1.0,1.0,0,0,0,100,317,15967,0.0,0.0,0.0,0.9745483398436905,0.0
medium,20000,758,CNN raster + Hough fusion,1,1,0,0.6911666666666666,0.3611111111111111,0.8933333333333333,1.0,1.0,0,0,0,68,76,16240,0.0,0.0,0.0,0.9912109374999395,0.0
medium,20000,759,CNN raster + Hough fusion,3,3,0,0.6051042922594646,0.16347962382445141,0.9076923076923077,1.0,1.0,0,0,6,54,176,16148,0.09999999999833334,0.03296703296685183,0.04958677648616898,0.9859619140624398,0.025423728813451594
medium,20000,760,CNN raster + Hough fusion,4,4,0,0.3444717668488161,0.1765432098765432,0.825136612021858,0.0,1.0,2,0,14,134,544,15692,0.09459459459395544,0.025089605734722062,0.039660056325738914,0.9586181640624415,0.020231213872803133
medium,20000,761,CNN raster + Hough fusion,5,5,0,0.6287974539584709,0.21779220779220781,0.903954802259887,1.0,1.0,0,0,3,128,490,15763,0.022900763358603814,0.00608519269775642,0.009615384283628176,0.9622802734374413,0.004830917874388356
medium,20000,762,CNN raster + Hough fusion,1,1,0,0.5251666666666667,0.12999999999999998,0.5833333333333333,1.0,1.0,0,0,0,15,25,16344,0.0,0.0,0.0,0.997558593749939,0.0
medium,20000,763,CNN raster + Hough fusion,5,5,0,0.31348461806545647,0.1710170487948266,0.6826347305389222,0.0,1.0,1,0,6,110,356,15912,0.05172413793058858,0.01657458563531333,0.025104602142784618,0.9715576171874407,0.012711864406752729
medium,20000,764,CNN raster + Hough fusion,1,1,0,0.5,0.0,0.75,1.0,1.0,0,0,0,25,101,16258,0.0,0.0,0.0,0.9923095703124394,0.0
medium,20000,765,CNN raster + Hough fusion,3,3,0,0.504601226993865,0.0,0.7730061349693251,1.0,1.0,0,0,0,123,226,16035,0.0,0.0,0.0,0.9786987304686903,0.0
medium,20000,766,CNN raster + Hough fusion,5,5,0,0.24474637681159422,0.025362318840579712,0.6666666666666667,0.0,1.0,1,1,20,120,480,15764,0.14285714285612247,0.03999999999992,0.062499999658007815,0.9633789062499412,0.032258064516077004
medium,20000,767,CNN raster + Hough fusion,5,5,0,0.5667433691756273,0.13935802469135802,0.7701612903225806,1.0,1.0,0,0,4,178,765,15437,0.021978021977901222,0.0052015604681336786,0.008412197377123655,0.9424438476561925,0.004223864836320777
medium,20000,768,CNN raster + Hough fusion,2,2,0,0.5047169811320755,0.0,0.7735849056603774,1.0,1.0,0,0,6,35,85,16258,0.14634146341106485,0.06593406593334138,0.09090909047945361,0.9926757812499394,0.04761904761866969
medium,20000,769,CNN raster + Hough fusion,3,3,0,0.5942361111111111,0.16884920634920633,0.8412698412698413,1.0,1.0,0,0,6,136,290,15952,0.04225352112646301,0.02027027027020179,0.027397259835658147,0.9739990234374405,0.013888888888856738
medium,20000,770,CNN raster + Hough fusion,4,4,0,0.5544253355704698,0.04861111111111111,0.912751677852349,1.0,1.0,0,0,8,128,450,15798,0.05882352941133218,0.017467248908258806,0.0269360265828657,0.964721679687441,0.013651877133082505
medium,20000,771,CNN raster + Hough fusion,3,3,0,0.5160854341736695,0.02516339869281044,0.7738095238095238,1.0,1.0,0,0,6,112,337,15929,0.050847457626687735,0.01749271137021139,0.026030368382550434,0.9725952148436906,0.013186813186784205
medium,20000,772,CNN raster + Hough fusion,5,5,0,0.31469214759089115,0.08299643909086912,0.88671875,0.0,1.0,1,0,15,173,539,15657,0.0797872340421288,0.027075812274319357,0.04043126646790564,0.9565429687499416,0.0206327372764503
medium,20000,773,CNN raster + Hough fusion,4,4,0,0.5613153522494336,0.15164095371669,0.7153846153846154,1.0,1.0,0,0,0,92,288,16004,0.0,0.0,0.0,0.9768066406249404,0.0
medium,20000,774,CNN raster + Hough fusion,4,4,0,0.2884650072880396,0.05448113207547169,0.8197424892703863,0.0,1.0,2,0,10,154,373,15847,0.06097560975572576,0.026109660574344364,0.03656307087800167,0.9678344726561909,0.018621973929201823
medium,20000,775,CNN raster + Hough fusion,2,2,0,0.5204918032786885,0.0,0.8524590163934427,1.0,1.0,0,0,9,37,160,16178,0.1956521739087902,0.05325443786950737,0.08372092989542455,0.9879760742186897,0.043689320388137436
medium,20000,776,CNN raster + Hough fusion,4,3,1,0.2301483253588517,0.059393939393939395,0.6421052631578947,0.0,0.75,3,0,14,105,446,15819,0.11764705882254078,0.03043478260862949,0.04835923974234655,0.9663696289061909,0.02477876106190305
medium,20000,777,CNN raster + Hough fusion,4,4,0,0.27655555555555555,0.04666666666666667,0.7777777777777778,0.0,1.0,1,0,28,116,447,15793,0.19444444444309414,0.058947368420928535,0.09046849721941427,0.965637207031191,0.04737732656506366
medium,20000,778,CNN raster + Hough fusion,1,1,0,0.612679012345679,0.26,0.7283950617283951,1.0,1.0,0,0,0,45,172,16167,0.0,0.0,0.0,0.9867553710936897,0.0
medium,20000,779,CNN raster + Hough fusion,5,5,0,0.6029993569131833,0.21066666666666664,0.7909967845659164,1.0,1.0,0,0,43,184,695,15462,0.18942731277449593,0.058265582655747605,0.0891191706244742,0.9463500976561923,0.04663774403465658
medium,20000,780,CNN raster + Hough fusion,3,3,0,0.2737321937321937,0.021399176954732493,0.8205128205128205,0.0,1.0,1,0,3,167,233,15981,0.017647058823425606,0.012711864406725797,0.01477832463629306,0.9755859374999404,0.007444168734472844
medium,20000,781,CNN raster + Hough fusion,3,3,0,0.5789873622065403,0.08087726580877265,0.962962962962963,1.0,1.0,0,0,6,157,217,16004,0.03680981595069442,0.026905829596291904,0.031088082413474195,0.9771728515624404,0.015789473684168977
medium,20000,782,CNN raster + Hough fusion,4,4,0,0.36223484848484855,0.2864478114478115,0.6666666666666667,0.0,1.0,0,1,35,133,345,15871,0.20833333333209328,0.09210526315765236,0.1277372258517369,0.9708251953124407,0.06822612085756681
medium,20000,783,CNN raster + Hough fusion,3,3,0,0.5174551066217733,0.08131313131313131,0.654320987654321,1.0,1.0,0,0,1,50,135,16198,0.019607843136870435,0.007352941176416523,0.010695186768966814,0.9887084960936896,0.005376344085992601
medium,20000,784,CNN raster + Hough fusion,5,5,0,0.572172519509476,0.1250805152979066,0.8294314381270903,1.0,1.0,0,0,14,239,486,15645,0.055335968379227926,0.027999999999944,0.03718459450721947,0.9557495117186916,0.018944519621083972
medium,20000,785,CNN raster + Hough fusion,5,5,0,0.6582070707070707,0.29208754208754206,0.8838383838383839,1.0,1.0,0,0,14,181,457,15732,0.07179487179450363,0.02972399150736789,0.04204204162778545,0.9610595703124413,0.02147239263800388
medium,20000,786,CNN raster + Hough fusion,2,2,0,0.69625,0.325,1.0,1.0,1.0,0,0,0,62,96,16226,0.0,0.0,0.0,0.9903564453124395,0.0
medium,20000,787,CNN raster + Hough fusion,1,1,0,0.724909090909091,0.52,0.7045454545454546,1.0,1.0,0,0,0,28,143,16213,0.0,0.0,0.0,0.9895629882811896,0.0
medium,20000,788,CNN raster + Hough fusion,2,2,0,0.476,0.0,0.63,1.0,1.0,0,0,3,54,311,16016,0.052631578946445066,0.009554140127358108,0.01617250647838944,0.9777221679686903,0.008152173913021326
medium,20000,789,CNN raster + Hough fusion,4,4,0,0.25522007042253525,0.03194444444444445,0.704225352112676,0.0,1.0,1,0,7,82,442,15853,0.0786516853923747,0.015590200445399577,0.026022304556494524,0.9680175781249409,0.013182674199598527
medium,20000,790,CNN raster + Hough fusion,4,4,0,0.20711339301386697,0.08847736625514403,0.3364928909952607,0.0,1.0,1,0,3,68,401,15912,0.04225352112616544,0.007425742574239045,0.012631578693052637,0.9713745117186907,0.006355932203376364
medium,20000,791,CNN raster + Hough fusion,4,5,1,0.3844347416069408,0.3427272727272727,0.7510373443983402,0.0,0.8,3,1,4,165,444,15771,0.02366863905311439,0.0089285714285515,0.012965963945793036,0.9628295898436912,0.006525285481229159
medium,20000,792,CNN raster + Hough fusion,3,3,0,0.5066433566433567,0.0,0.7832167832167832,1.0,1.0,0,0,17,90,373,15904,0.15887850467141235,0.04358974358963182,0.06841046243850224,0.9717407226561907,0.035416666666592884
medium,20000,793,CNN raster + Hough fusion,5,5,0,0.3982683033340928,0.24094896331738438,0.9492063492063492,0.0,1.0,2,0,48,243,838,15255,0.1649484536076806,0.05417607223470183,0.08156329614420546,0.9340209960936929,0.04251550044283214
medium,20000,794,CNN raster + Hough fusion,3,3,0,0.6355794701986756,0.21666666666666667,0.9403973509933775,1.0,1.0,0,0,56,98,175,16055,0.36363636363400237,0.242424242423193,0.29090909042757973,0.9833374023436899,0.17021276595692944
medium,20000,795,CNN raster + Hough fusion,3,3,0,0.47600320512820515,0.07852564102564102,0.45333333333333337,1.0,1.0,0,0,0,32,214,16138,0.0,0.0,0.0,0.9849853515624398,0.0
medium,20000,796,CNN raster + Hough fusion,5,5,0,0.3021576305220883,0.09314814814814815,0.8012048192771084,0.0,1.0,2,0,11,229,818,15326,0.045833333333142365,0.013268998793711377,0.02057998094267831,0.9360961914061928,0.010396975425320986
medium,20000,797,CNN raster + Hough fusion,3,3,0,0.6150712669683257,0.24182503770739064,0.78125,1.0,1.0,0,0,4,66,204,16110,0.057142857142040815,0.019230769230676775,0.02877697804026707,0.9835205078124399,0.014598540145932122
medium,20000,798,CNN raster + Hough fusion,5,5,0,0.2921845545758589,0.09778385865342384,0.740909090909091,0.0,1.0,2,0,20,139,634,15591,0.1257861635212215,0.030581039755304924,0.049200491690151886,0.9528198242186918,0.025220680958354072
medium,20000,799,CNN raster + Hough fusion,1,1,0,0.7925000000000001,0.65,0.75,1.0,1.0,0,0,19,9,94,16262,0.6785714285471939,0.168141592918866,0.26950354577717417,0.9937133789061893,0.15573770491675623
medium,20000,800,CNN raster + Hough fusion,3,3,0,0.41771653543307086,0.0,0.3385826771653543,1.0,1.0,0,0,4,39,421,15920,0.09302325581179016,0.009411764705860208,0.017094016927067357,0.9719238281249406,0.008620689655153835
medium,20000,801,CNN raster + Hough fusion,1,1,0,0.8846818181818182,0.7639393939393939,0.9545454545454546,1.0,1.0,0,0,0,64,207,16113,0.0,0.0,0.0,0.9834594726561899,0.0
medium,20000,802,CNN raster + Hough fusion,3,3,0,0.33669898989898994,0.10400000000000001,0.9494949494949495,0.0,1.0,0,1,2,165,391,15826,0.011976047904119904,0.005089058524160079,0.007142856724266605,0.966064453124941,0.0035842293906745803
medium,20000,803,CNN raster + Hough fusion,1,1,0,0.7676818181818181,0.5039393939393939,0.9545454545454546,1.0,1.0,0,0,0,22,23,16339,0.0,0.0,0.0,0.9972534179686892,0.0
medium,20000,804,CNN raster + Hough fusion,2,2,0,0.51875,0.0,0.84375,1.0,1.0,0,0,0,79,302,16003,0.0,0.0,0.0,0.9767456054686904,0.0
medium,20000,805,CNN raster + Hough fusion,1,1,0,0.5029411764705882,0.0,0.7647058823529411,1.0,1.0,0,0,8,25,181,16170,0.24242424241689625,0.04232804232781837,0.07207207181831832,0.9874267578124397,0.037383177569918775
medium,20000,806,CNN raster + Hough fusion,5,5,0,0.32289492753623195,0.0805072463768116,0.9333333333333333,0.0,1.0,2,1,23,156,561,15644,0.12849162011101403,0.03938356164376818,0.06028833515840934,0.9562377929686916,0.03108108108103908
medium,20000,807,CNN raster + Hough fusion,3,3,0,0.5350842696629213,0.11666666666666667,0.6629213483146068,1.0,1.0,0,0,9,47,147,16181,0.16071428571141583,0.05769230769193787,0.08490565998780705,0.9881591796874397,0.044334975369239735
medium,20000,808,CNN raster + Hough fusion,5,5,0,0.29434217516025074,0.11693404634581105,0.7086092715231789,0.0,1.0,3,0,38,166,792,15388,0.18627450980300847,0.04578313253006532,0.0735009668011104,0.9415283203124425,0.03815261044172876
medium,20000,809,CNN raster + Hough fusion,5,5,0,0.539076354679803,0.06111111111111111,0.8078817733990148,1.0,1.0,0,0,5,158,383,15838,0.030674846625578685,0.012886597938111118,0.018148819909987134,0.9669799804686909,0.009157509157492385
medium,20000,810,CNN raster + Hough fusion,5,5,0,0.4299991479962334,0.39089063853443484,0.7704918032786885,0.0,1.0,3,3,9,216,513,15646,0.039999999999822226,0.017241379310311798,0.02409638512114322,0.9555053710936916,0.012195121951202988
medium,20000,811,CNN raster + Hough fusion,4,4,0,0.2589958158995816,0.0,0.7949790794979079,0.0,1.0,2,0,30,149,511,15694,0.1675977653621922,0.05545286506459251,0.0833333329594946,0.9597167968749414,0.043478260869502204
medium,20000,812,CNN raster + Hough fusion,1,1,0,0.8603311688311689,0.7184848484848485,0.935064935064935,1.0,1.0,0,0,0,73,236,16075,0.0,0.0,0.0,0.98114013671869,0.0
medium,20000,813,CNN raster + Hough fusion,3,3,0,0.503509900990099,0.12111111111111111,0.49504950495049505,1.0,1.0,0,0,1,45,231,16107,0.02173913043431002,0.004310344827567628,0.0071942443280886195,0.9831542968749399,0.0036101083032360646
medium,20000,814,CNN raster + Hough fusion,2,2,0,0.7205789231477221,0.37906427366160456,1.0,1.0,1.0,0,0,15,80,281,16008,0.1578947368404432,0.050675675675504475,0.07672634234273717,0.9779663085936903,0.039893617021170495
medium,20000,815,CNN raster + Hough fusion,1,1,0,0.6784411764705882,0.39,0.7647058823529411,1.0,1.0,0,0,0,27,35,16322,0.0,0.0,0.0,0.9962158203124392,0.0
medium,20000,816,CNN raster + Hough fusion,2,2,0,0.7543140877226832,0.4632905653096662,0.9791666666666666,1.0,1.0,0,0,47,96,399,15842,0.3286713286690303,0.10538116591904623,0.15959252934315302,0.9697875976561908,0.0867158671585116
medium,20000,817,CNN raster + Hough fusion,5,5,0,0.30250711193568336,0.2160090702947846,0.5265151515151515,0.0,1.0,2,0,17,119,753,15495,0.12499999999908089,0.022077922077893407,0.037527593563747214,0.9467773437499422,0.019122609673769265
medium,20000,818,CNN raster + Hough fusion,2,2,0,0.5647557471264367,0.058333333333333334,0.9425287356321839,1.0,1.0,0,0,0,82,167,16135,0.0,0.0,0.0,0.9848022460936898,0.0
medium,20000,819,CNN raster + Hough fusion,4,4,0,0.3304166666666667,0.16944444444444445,0.7708333333333334,0.0,1.0,1,0,17,125,497,15745,0.11971830985831185,0.03307392996102515,0.05182926795331091,0.9620361328124413,0.02660406885754835
medium,20000,820,CNN raster + Hough fusion,1,1,0,0.6422083333333334,0.2697222222222222,0.8541666666666666,1.0,1.0,0,0,0,42,49,16293,0.0,0.0,0.0,0.9944458007811893,0.0
medium,20000,821,CNN raster + Hough fusion,2,2,0,0.403968253968254,0.0,0.2698412698412699,1.0,1.0,0,0,3,15,138,16228,0.1666666666574074,0.021276595744529954,0.037735848855345915,0.9906616210936895,0.01923076923064596
medium,20000,822,CNN raster + Hough fusion,2,2,0,0.5247747747747747,0.0,0.8738738738738738,1.0,1.0,0,0,8,83,254,16039,0.08791208791112184,0.030534351144921625,0.04532577865390141,0.9794311523436902,0.023188405797034236
medium,20000,823,CNN raster + Hough fusion,1,1,0,0.4794117647058823,0.0,0.6470588235294117,1.0,1.0,0,0,0,34,162,16188,0.0,0.0,0.0,0.9880371093749397,0.0
medium,20000,824,CNN raster + Hough fusion,3,3,0,0.4063059033989267,0.30341880341880345,0.8488372093023255,0.0,1.0,1,0,11,133,339,15901,0.07638888888835842,0.031428571428481634,0.04453441254223148,0.9711914062499407,0.02277432712210606
medium,20000,825,CNN raster + Hough fusion,4,5,1,0.25948937908496733,0.05318627450980391,0.7777777777777778,0.0,0.8,2,0,18,128,448,15790,0.12328767123203228,0.0386266094419772,0.05882352904827204,0.964843749999941,0.03030303030297929
medium,20000,826,CNN raster + Hough fusion,1,1,0,0.51,0.0,0.8,1.0,1.0,0,0,0,21,64,16299,0.0,0.0,0.0,0.9948120117186893,0.0
medium,20000,827,CNN raster + Hough fusion,1,1,0,0.626375,0.26,0.796875,1.0,1.0,0,0,0,52,197,16135,0.0,0.0,0.0,0.9848022460936898,0.0
medium,20000,828,CNN raster + Hough fusion,1,1,0,0.47307692307692306,0.0,0.6153846153846154,1.0,1.0,0,0,0,9,48,16327,0.0,0.0,0.0,0.9965209960936892,0.0
medium,20000,829,CNN raster + Hough fusion,1,1,0,0.4621951219512195,0.0,0.5609756097560976,1.0,1.0,0,0,0,21,92,16271,0.0,0.0,0.0,0.9931030273436894,0.0
medium,20000,830,CNN raster + Hough fusion,3,2,1,0.3113882510524302,0.23205128205128206,0.7014925373134329,0.0,0.6666666666666667,2,0,8,86,192,16098,0.08510638297781802,0.0399999999998,0.05442176827210886,0.9830322265624399,0.02797202797193017
medium,20000,831,CNN raster + Hough fusion,4,4,0,0.5769191919191919,0.1653759820426487,0.7625,1.0,1.0,0,0,4,57,262,16061,0.06557377049072831,0.015037593984905874,0.02446483150064061,0.9805297851561902,0.01238390092875423
medium,20000,832,CNN raster + Hough fusion,4,5,1,0.2740513824033326,0.029930795847750862,0.9029126213592233,0.0,0.8,0,1,3,172,430,15779,0.017142857142759184,0.006928406466496701,0.009868420642632245,0.9632568359374412,0.004958677685942217
medium,20000,833,CNN raster + Hough fusion,5,5,0,0.5246326458870401,0.030392156862745094,0.8047808764940239,1.0,1.0,0,0,31,170,671,15512,0.15422885572062572,0.04415954415948126,0.06866002180215328,0.948669433593692,0.03555045871555556
medium,20000,834,CNN raster + Hough fusion,2,2,0,0.7871463414634147,0.5595121951219513,0.926829268292683,1.0,1.0,0,0,0,84,78,16222,0.0,0.0,0.0,0.9901123046874395,0.0
medium,20000,835,CNN raster + Hough fusion,3,3,0,0.5883163265306123,0.21666666666666667,0.7040816326530612,1.0,1.0,0,0,0,70,133,16181,0.0,0.0,0.0,0.9876098632811897,0.0
medium,20000,836,CNN raster + Hough fusion,4,4,0,0.4279069767441861,0.0,0.38953488372093026,1.0,1.0,0,0,9,55,478,15842,0.14062499999780273,0.018480492813103738,0.03266787638258109,0.9674682617186909,0.01660516605162988
medium,20000,837,CNN raster + Hough fusion,2,2,0,0.5829707792207792,0.11944444444444444,0.8961038961038961,1.0,1.0,0,0,4,73,155,16152,0.0519480519473773,0.025157232704244296,0.0338983046448219,0.9860839843749398,0.017241379310270512
medium,20000,838,CNN raster + Hough fusion,5,5,0,0.6640911608289015,0.28295906432748535,0.9337979094076655,1.0,1.0,0,0,8,257,730,15389,0.0301886792451691,0.010840108401069323,0.015952143180456645,0.9397583007811926,0.008040201005017044
medium,20000,839,CNN raster + Hough fusion,4,4,0,0.318481667161598,0.10892448512585813,0.8473282442748091,0.0,1.0,1,0,21,112,219,16032,0.1578947368409181,0.08749999999963542,0.11260053573357101,0.9797973632811902,0.05965909090892142
medium,20000,840,CNN raster + Hough fusion,5,5,0,0.26256259426847667,0.039768728004022126,0.7233333333333334,0.0,1.0,4,1,45,156,754,15429,0.22388059701381155,0.05632040050055529,0.08999999967862199,0.9444580078124424,0.0471204188481182
medium,20000,841,CNN raster + Hough fusion,5,5,0,0.39364691358024695,0.252,0.9012345679012346,0.0,1.0,1,0,60,150,412,15762,0.2857142857129252,0.1271186440675273,0.17595307875216068,0.965698242187441,0.09646302250788351
medium,20000,842,CNN raster + Hough fusion,5,5,0,0.3856348615526496,0.2091757112152402,0.9575289575289575,0.0,1.0,3,0,40,201,625,15518,0.16597510373375116,0.06015037593975917,0.08830022035986483,0.949584960937442,0.046189376443364676
medium,20000,843,CNN raster + Hough fusion,5,5,0,0.30993857493857496,0.11818181818181818,0.7837837837837838,0.0,1.0,1,0,20,235,1021,15108,0.07843137254871203,0.019212295869337932,0.030864197214726462,0.9233398437499436,0.015673981191210287
medium,20000,844,CNN raster + Hough fusion,3,3,0,0.6913427617125633,0.404372803805696,0.796875,1.0,1.0,0,0,11,140,417,15816,0.07284768211872286,0.025700934579379203,0.037996545382873816,0.966003417968691,0.019366197183064496
medium,20000,845,CNN raster + Hough fusion,5,5,0,0.30241027747353055,0.06782828282828283,0.8594377510040161,0.0,1.0,2,1,36,160,609,15579,0.183673469386818,0.05581395348828556,0.0856123658729925,0.9530639648436918,0.04472049689435439
medium,20000,846,CNN raster + Hough fusion,1,1,0,0.755,0.65,0.5625,1.0,1.0,0,0,0,10,53,16321,0.0,0.0,0.0,0.9961547851561892,0.0
medium,20000,847,CNN raster + Hough fusion,1,1,0,0.637,0.26,0.85,1.0,1.0,0,0,0,52,61,16271,0.0,0.0,0.0,0.9931030273436894,0.0
medium,20000,848,CNN raster + Hough fusion,4,4,0,0.5791679505135388,0.19497639796659402,0.7071428571428571,1.0,1.0,0,0,0,94,226,16064,0.0,0.0,0.0,0.9804687499999402,0.0
medium,20000,849,CNN raster + Hough fusion,5,5,0,0.3081617364579332,0.06842105263157895,0.8868613138686131,0.0,1.0,1,1,9,196,792,15387,0.043902439024176086,0.011235955056165748,0.017892643810649034,0.9396972656249426,0.009027081243722139
medium,20000,850,CNN raster + Hough fusion,1,1,0,0.802611111111111,0.6107407407407407,0.8888888888888888,1.0,1.0,0,0,0,57,64,16263,0.0,0.0,0.0,0.9926147460936894,0.0
medium,20000,851,CNN raster + Hough fusion,3,3,0,0.6204808959156786,0.20976430976430974,0.8804347826086957,1.0,1.0,0,0,0,163,453,15768,0.0,0.0,0.0,0.9624023437499413,0.0
medium,20000,852,CNN raster + Hough fusion,2,2,0,0.5811481481481482,0.11037037037037034,0.9074074074074074,1.0,1.0,0,0,0,54,157,16173,0.0,0.0,0.0,0.9871215820311897,0.0
medium,20000,853,CNN raster + Hough fusion,5,5,0,0.3555781608254176,0.17358527131782947,0.8873239436619719,0.0,1.0,0,2,5,295,748,15336,0.01666666666661111,0.006640106241691049,0.009496675755860585,0.9363403320311928,0.004770992366407661
medium,20000,854,CNN raster + Hough fusion,1,1,0,0.6788333333333333,0.39,0.7666666666666666,1.0,1.0,0,0,0,47,61,16276,0.0,0.0,0.0,0.9934082031249394,0.0
medium,20000,855,CNN raster + Hough fusion,2,2,0,0.29137659754039064,0.15488505747126435,0.6083916083916083,0.0,1.0,1,0,6,80,303,15995,0.06976744185965386,0.0194174757280925,0.030379746494651506,0.9766235351561904,0.015424164524381943
medium,20000,856,CNN raster + Hough fusion,5,5,0,0.5568721307048339,0.15812854442344043,0.6785714285714286,1.0,1.0,0,0,10,64,298,16012,0.13513513513330896,0.032467532467427056,0.052356020629752476,0.9779052734374403,0.026881720430035266
medium,20000,857,CNN raster + Hough fusion,5,5,0,0.2438944856839873,0.12681159420289856,0.4341463414634147,0.0,1.0,1,0,8,84,503,15789,0.08695652173818526,0.01565557729938228,0.026533996424576954,0.9641723632811912,0.013445378151237907
medium,20000,858,CNN raster + Hough fusion,2,2,0,0.5203703703703704,0.0,0.8518518518518519,1.0,1.0,0,0,0,70,143,16171,0.0,0.0,0.0,0.9869995117186897,0.0
medium,20000,859,CNN raster + Hough fusion,4,4,0,0.3193598901098901,0.065,0.9505494505494505,0.0,1.0,0,1,21,123,507,15733,0.14583333333232062,0.03977272727265194,0.0624999996630793,0.9615478515624413,0.03225806451607948
medium,20000,860,CNN raster + Hough fusion,1,1,0,0.8010327868852459,0.5869945355191257,0.9344262295081968,1.0,1.0,0,0,0,58,192,16134,0.0,0.0,0.0,0.9847412109374398,0.0
medium,20000,861,CNN raster + Hough fusion,5,5,0,0.5232720524017467,0.025999999999999995,0.8078602620087336,1.0,1.0,0,0,21,148,517,15698,0.12426035502885054,0.03903345724899808,0.05940594023009349,0.9594116210936914,0.03061224489791456
medium,20000,862,CNN raster + Hough fusion,4,4,0,0.31341292134831467,0.09722222222222222,0.848314606741573,0.0,1.0,1,0,0,145,395,15844,0.0,0.0,0.0,0.9670410156249409,0.0
medium,20000,863,CNN raster + Hough fusion,4,4,0,0.320359478820598,0.15687119324473975,0.7488372093023256,0.0,1.0,1,2,9,130,567,15678,0.06474820143838311,0.015624999999972874,0.025174824861530644,0.9574584960936915,0.012747875354089593
medium,20000,864,CNN raster + Hough fusion,1,1,0,0.5055555555555555,0.0,0.7777777777777778,1.0,1.0,0,0,18,4,68,16294,0.8181818181446281,0.20930232557896158,0.33333333300274337,0.9956054687499392,0.19999999999777776
medium,20000,865,CNN raster + Hough fusion,4,4,0,0.20726395653802923,0.05718954248366013,0.40764331210191085,0.0,1.0,1,0,7,57,257,16063,0.109374999998291,0.02651515151505108,0.042682926514909285,0.9808349609374402,0.021806853582486584
medium,20000,866,CNN raster + Hough fusion,4,5,1,0.32510983444526814,0.15326551904016694,0.8807017543859649,0.0,0.8,0,2,15,248,420,15701,0.05703422053210253,0.034482758620610385,0.042979942223647594,0.9592285156249414,0.021961932650041052
medium,20000,867,CNN raster + Hough fusion,3,3,0,0.5843025210084034,0.17333333333333334,0.7815126050420168,1.0,1.0,0,0,1,94,227,16062,0.01052631578936288,0.004385964912261465,0.0061919500491330595,0.9804077148436902,0.003105590062102157
medium,20000,868,CNN raster + Hough fusion,1,1,0,0.6797222222222222,0.2981481481481481,0.9777777777777777,1.0,1.0,0,0,0,37,101,16246,0.0,0.0,0.0,0.9915771484374395,0.0
medium,20000,869,CNN raster + Hough fusion,4,5,1,0.3051630434782609,0.05833333333333332,0.9945652173913043,0.0,0.8,1,0,0,184,385,15815,0.0,0.0,0.0,0.965270996093691,0.0
medium,20000,870,CNN raster + Hough fusion,4,4,0,0.3612936328377505,0.18195970695970695,0.8970588235294118,0.0,1.0,2,1,38,123,659,15564,0.23602484471903093,0.054519368723020774,0.08857808827301253,0.9522705078124418,0.046341463414577636
medium,20000,871,CNN raster + Hough fusion,3,3,0,0.5571666666666667,0.09,0.8333333333333334,1.0,1.0,0,0,0,65,287,16032,0.0,0.0,0.0,0.9785156249999403,0.0
medium,20000,872,CNN raster + Hough fusion,2,2,0,0.5584497549019608,0.07977941176470588,0.8627450980392157,1.0,1.0,0,0,0,38,148,16198,0.0,0.0,0.0,0.9886474609374396,0.0
medium,20000,873,CNN raster + Hough fusion,3,3,0,0.5994117647058823,0.2875816993464052,0.6,1.0,1.0,0,0,6,54,290,16034,0.09999999999833334,0.02027027027020179,0.03370786488808232,0.9790039062499403,0.017142857142808162
medium,20000,874,CNN raster + Hough fusion,2,2,0,0.5950692031982354,0.1647311827956989,0.8547008547008547,1.0,1.0,0,0,7,111,223,16043,0.059322033897802356,0.03043478260856333,0.040229884609030264,0.9796142578124402,0.020527859237476458
medium,20000,875,CNN raster + Hough fusion,5,5,0,0.2773990323402088,0.015757575757575755,0.8515406162464986,0.0,1.0,3,3,22,247,713,15402,0.08178438661679635,0.029931972789074925,0.043824700802846395,0.9414062499999425,0.022403258655781667
medium,20000,876,CNN raster + Hough fusion,4,4,0,0.5862661952554744,0.24604166666666663,0.6277372262773723,1.0,1.0,0,0,27,60,152,16145,0.3103448275826397,0.150837988825973,0.2030075183552773,0.9870605468749397,0.11297071129659846
medium,20000,877,CNN raster + Hough fusion,4,5,1,0.26924335432902746,0.046594427244582036,0.8413793103448276,0.0,0.8,1,1,13,224,263,15884,0.05485232067487404,0.047101449275191665,0.050682260711269196,0.9702758789061907,0.025999999999948002
medium,20000,878,CNN raster + Hough fusion,4,4,0,0.6100104895104895,0.14404040404040402,0.9759615384615384,1.0,1.0,0,0,55,149,338,15842,0.26960784313593333,0.13994910941440217,0.1842546059146542,0.9702758789061907,0.10147601475996038
medium,20000,879,CNN raster + Hough fusion,4,4,0,0.6876637812315561,0.3204122674710909,0.967391304347826,1.0,1.0,0,0,4,177,253,15950,0.02209944751369006,0.01556420233456979,0.018264839697618912,0.9737548828124405,0.009216589861729916
medium,20000,880,CNN raster + Hough fusion,5,5,0,0.2923632861359884,0.061791831357048736,0.8227848101265822,0.0,1.0,4,0,25,210,685,15464,0.10638297872295156,0.03521126760558421,0.05291005253626718,0.9453735351561923,0.027173913043448725
medium,20000,881,CNN raster + Hough fusion,1,1,0,0.7221443298969072,0.52,0.6907216494845361,1.0,1.0,0,0,0,68,98,16218,0.0,0.0,0.0,0.9898681640624396,0.0
medium,20000,882,CNN raster + Hough fusion,1,1,0,0.5586904761904762,0.07222222222222219,0.8809523809523809,1.0,1.0,0,0,0,31,95,16258,0.0,0.0,0.0,0.9923095703124394,0.0
medium,20000,883,CNN raster + Hough fusion,2,2,0,0.5006887755102041,0.008333333333333342,0.7346938775510203,1.0,1.0,0,0,0,36,157,16191,0.0,0.0,0.0,0.9882202148436896,0.0
medium,20000,884,CNN raster + Hough fusion,3,3,0,0.2697727272727273,0.09444444444444443,0.6363636363636364,0.0,1.0,2,1,6,70,268,16040,0.07894736842001385,0.021897810218898184,0.034285713945534695,0.9793701171874402,0.017441860465065576
medium,20000,885,CNN raster + Hough fusion,4,4,0,0.5377382384389201,0.03132183908045976,0.8682170542635659,1.0,1.0,0,0,28,84,380,15892,0.24999999999776784,0.06862745098022395,0.10769230735390532,0.9716796874999407,0.05691056910557538
medium,20000,886,CNN raster + Hough fusion,3,3,0,0.30827777777777776,0.0302469135802469,0.9733333333333334,0.0,1.0,0,1,23,105,398,15858,0.1796874999985962,0.054631828978492565,0.08378870638163775,0.9692993164061908,0.04372623574136174
medium,20000,887,CNN raster + Hough fusion,5,5,0,0.6055509355509355,0.14054054054054055,0.9615384615384616,1.0,1.0,0,0,3,183,439,15759,0.0161290322579778,0.006787330316726726,0.009554139710444661,0.9620361328124413,0.00479999999999232
medium,20000,888,CNN raster + Hough fusion,4,4,0,0.33626824007371425,0.14008865248226948,0.8661417322834646,0.0,1.0,1,0,22,199,517,15646,0.09954751131176676,0.04081632653053652,0.057894736429491,0.9562988281249416,0.029810298102940638
medium,20000,889,CNN raster + Hough fusion,4,4,0,0.540916940380213,0.06328976034858387,0.8121827411167513,1.0,1.0,0,0,12,131,513,15728,0.0839160839154971,0.02285714285709932,0.03592814337597709,0.9606933593749414,0.018292682926801383
medium,20000,890,CNN raster + Hough fusion,3,3,0,0.5244252942589479,0.06594202898550723,0.7237569060773481,1.0,1.0,0,0,8,108,272,15996,0.06896551724078477,0.02857142857132653,0.040404039989592896,0.9768066406249404,0.02061855670097779
medium,20000,891,CNN raster + Hough fusion,4,5,1,0.3195250896057348,0.1160522273425499,0.9365079365079365,0.0,0.8,2,0,32,208,690,15454,0.13333333333277778,0.04432132963982781,0.06652806615344851,0.9451904296874423,0.034408602150500636
medium,20000,892,CNN raster + Hough fusion,1,1,0,0.6855,0.39,0.8,1.0,1.0,0,0,0,53,200,16131,0.0,0.0,0.0,0.9845581054686898,0.0
medium,20000,893,CNN raster + Hough fusion,1,1,0,0.509375,0.0,0.796875,1.0,1.0,0,0,11,31,217,16125,0.2619047618985261,0.048245614034876115,0.08148148121816187,0.9848632812499398,0.04247104247087849
medium,20000,894,CNN raster + Hough fusion,4,4,0,0.6004748603351956,0.14444444444444446,0.9273743016759777,1.0,1.0,0,0,0,159,363,15862,0.0,0.0,0.0,0.9681396484374409,0.0
medium,20000,895,CNN raster + Hough fusion,2,2,0,0.41920204669720706,0.2956965174129353,0.9306930693069306,0.0,1.0,0,1,0,101,158,16125,0.0,0.0,0.0,0.9841918945311899,0.0
medium,20000,896,CNN raster + Hough fusion,1,1,0,0.5166666666666667,0.0,0.8333333333333334,1.0,1.0,0,0,0,26,95,16263,0.0,0.0,0.0,0.9926147460936894,0.0
medium,20000,897,CNN raster + Hough fusion,1,1,0,0.7497142857142857,0.52,0.8285714285714285,1.0,1.0,0,0,0,59,219,16106,0.0,0.0,0.0,0.9830322265624399,0.0
medium,20000,898,CNN raster + Hough fusion,2,2,0,0.6689695628112894,0.3251282051282051,0.8633093525179856,1.0,1.0,0,0,0,140,214,16030,0.0,0.0,0.0,0.9783935546874403,0.0
medium,20000,899,CNN raster + Hough fusion,2,2,0,0.6357463436802057,0.23690053196828265,0.8957055214723927,1.0,1.0,0,0,0,148,333,15903,0.0,0.0,0.0,0.9706420898436907,0.0
medium,20000,900,CNN raster + Hough fusion,4,4,0,0.283813900007022,0.0696414499605989,0.7623762376237624,0.0,1.0,3,0,7,135,412,15830,0.049295774647540175,0.016706443914041275,0.024955436341953675,0.9666137695311909,0.012635379061349034
medium,20000,901,CNN raster + Hough fusion,1,1,0,0.5,0.0,0.75,1.0,1.0,0,0,0,19,25,16340,0.0,0.0,0.0,0.997314453124939,0.0
medium,20000,902,CNN raster + Hough fusion,5,5,0,0.3392583313039732,0.19677206851119897,0.7535545023696683,0.0,1.0,1,1,0,157,664,15563,0.0,0.0,0.0,0.949890136718692,0.0
medium,20000,903,CNN raster + Hough fusion,5,5,0,0.3415818511796733,0.20121637426900585,0.7551724137931035,0.0,1.0,2,2,8,192,549,15635,0.0399999999998,0.014362657091536153,0.021136063019336924,0.9547729492186917,0.0106809078771553
medium,20000,904,CNN raster + Hough fusion,3,3,0,0.5136363636363637,0.0,0.8181818181818181,1.0,1.0,0,0,3,110,308,15963,0.026548672566136737,0.009646302250772842,0.014150943005195366,0.9744873046874405,0.0071258907363251165
medium,20000,905,CNN raster + Hough fusion,2,2,0,0.48958333333333337,0.0,0.6979166666666667,1.0,1.0,0,0,10,51,292,16031,0.16393442622682075,0.03311258278134731,0.05509641845286827,0.9790649414061903,0.028328611897936746
medium,20000,906,CNN raster + Hough fusion,3,3,0,0.2580952380952381,0.0,0.7904761904761904,0.0,1.0,1,0,16,131,421,15816,0.10884353741422556,0.036613272311129035,0.054794520171051096,0.966308593749941,0.02816901408445745
medium,20000,907,CNN raster + Hough fusion,4,4,0,0.2652128659683051,0.03431372549019608,0.7488584474885844,0.0,1.0,1,0,1,140,410,15833,0.007092198581509985,0.0024330900243249806,0.0036231880254083055,0.9664306640624409,0.001814882032664583
medium,20000,908,CNN raster + Hough fusion,3,3,0,0.516683789954338,0.08425925925925926,0.6438356164383562,1.0,1.0,0,0,0,48,238,16098,0.0,0.0,0.0,0.98254394531244,0.0
medium,20000,909,CNN raster + Hough fusion,5,5,0,0.37674744121715076,0.2314074074074074,0.8630705394190872,0.0,1.0,0,2,3,186,469,15726,0.01587301587293189,0.006355932203376364,0.009077155416132453,0.9600219726561914,0.0045592705167103965
medium,20000,910,CNN raster + Hough fusion,3,3,0,0.46790162218733644,0.05641025641025642,0.4625850340136054,1.0,1.0,0,0,2,61,499,15822,0.03174603174552784,0.003992015968055904,0.007092198383085615,0.965820312499941,0.003558718861203632
medium,20000,911,CNN raster + Hough fusion,5,5,0,0.30836136750373844,0.10443940253356021,0.8068181818181819,0.0,1.0,2,0,63,136,557,15628,0.31658291457127347,0.10161290322564256,0.15384615347789746,0.9577026367186915,0.08333333333322311
medium,20000,912,CNN raster + Hough fusion,1,1,0,0.883,0.74,1.0,1.0,1.0,0,0,0,25,25,16334,0.0,0.0,0.0,0.9969482421874392,0.0
medium,20000,913,CNN raster + Hough fusion,1,1,0,0.904945054945055,0.8205128205128205,0.9285714285714286,1.0,1.0,0,0,0,43,40,16301,0.0,0.0,0.0,0.9949340820311893,0.0
medium,20000,914,CNN raster + Hough fusion,4,4,0,0.37860694462798994,0.22196342305037955,0.8936170212765957,0.0,1.0,3,2,20,129,440,15795,0.13422818791856223,0.0434782608694707,0.0656814446219677,0.965270996093691,0.033955857385341334
medium,20000,915,CNN raster + Hough fusion,5,5,0,0.6030622009569379,0.14619883040935672,0.9363636363636364,1.0,1.0,0,0,9,216,461,15698,0.039999999999822226,0.019148936170172024,0.02589928013759951,0.9586791992186915,0.013119533527677668
medium,20000,916,CNN raster + Hough fusion,5,5,0,0.2695405712174005,0.12807957625030797,0.5595238095238095,0.0,1.0,1,0,3,128,489,15764,0.022900763358603814,0.006097560975597363,0.009630818287435375,0.9623413085936913,0.0048387096774115505
medium,20000,917,CNN raster + Hough fusion,3,3,0,0.4,0.0,0.25,1.0,1.0,0,0,2,21,200,16161,0.08695652173534972,0.009900990098960886,0.01777777759407408,0.9865112304686897,0.008968609865430634
medium,20000,918,CNN raster + Hough fusion,5,5,0,0.29397339775737086,0.08669236821400471,0.7748091603053435,0.0,1.0,0,1,13,181,506,15684,0.06701030927800511,0.025048169556791816,0.03646563775245147,0.9580688476561915,0.01857142857140204
medium,20000,919,CNN raster + Hough fusion,5,5,0,0.6891465753424657,0.3092146118721461,1.0,1.0,1.0,0,0,83,273,798,15230,0.23314606741507543,0.09421112372293507,0.13419563418968494,0.9346313476561929,0.07192374350080423
medium,20000,920,CNN raster + Hough fusion,5,5,0,0.7157775521238576,0.3857669815564553,0.9609120521172638,1.0,1.0,0,0,0,311,776,15297,0.0,0.0,0.0,0.9336547851561929,0.0
medium,20000,921,CNN raster + Hough fusion,2,2,0,0.560440065681445,0.07428571428571429,0.8850574712643678,1.0,1.0,0,0,35,34,194,16121,0.5072463768042428,0.15283842794693084,0.23489932850162157,0.9860839843749398,0.13307984790823923
medium,20000,922,CNN raster + Hough fusion,1,1,0,0.7082209302325582,0.3929457364341085,0.9069767441860466,1.0,1.0,0,0,0,40,134,16210,0.0,0.0,0.0,0.9893798828124396,0.0
medium,20000,923,CNN raster + Hough fusion,2,2,0,0.7316176470588235,0.4313725490196079,0.9375,1.0,1.0,0,0,1,31,71,16281,0.03124999999902344,0.013888888888695987,0.019230768804363915,0.9937744140624393,0.00970873786398341
medium,20000,924,CNN raster + Hough fusion,5,5,0,0.5296859114015977,0.21274509803921568,0.41975308641975306,1.0,1.0,0,0,13,91,542,15738,0.12499999999879807,0.02342342342338122,0.039453717488234584,0.9613647460936913,0.020123839009256773
medium,20000,925,CNN raster + Hough fusion,1,1,0,0.8477887323943661,0.6742723004694835,0.971830985915493,1.0,1.0,0,0,0,70,72,16242,0.0,0.0,0.0,0.9913330078124395,0.0
medium,20000,926,CNN raster + Hough fusion,3,3,0,0.4817073170731707,0.0,0.6585365853658536,1.0,1.0,0,0,2,94,514,15774,0.02083333333311632,0.0038759689922405506,0.0065359474478833045,0.9628906249999412,0.003278688524584789
medium,20000,927,CNN raster + Hough fusion,5,5,0,0.24520549253060767,0.00563218390804597,0.7133550488599348,0.0,1.0,1,2,10,189,533,15652,0.05025125628115452,0.018416206261476213,0.026954177504969458,0.9559326171874416,0.013661202185773687
medium,20000,928,CNN raster + Hough fusion,2,2,0,0.5347133757961784,0.0,0.9235668789808917,1.0,1.0,0,0,4,154,375,15851,0.025316455696042302,0.010554089709734687,0.014897578728018628,0.9677124023436909,0.00750469043150562
medium,20000,929,CNN raster + Hough fusion,1,1,0,0.6308554216867469,0.26,0.8192771084337349,1.0,1.0,0,0,12,57,242,16073,0.17391304347574038,0.04724409448800298,0.07430340523631973,0.98175048828119,0.03858520900309137
medium,20000,930,CNN raster + Hough fusion,5,5,0,0.603264452938366,0.15011148272017838,0.9285714285714286,1.0,1.0,0,0,2,221,388,15773,0.008968609865430634,0.005128205128191979,0.006525285018327782,0.9628295898436912,0.0032733224222532354
medium,20000,931,CNN raster + Hough fusion,2,2,0,0.5666056644880174,0.10274509803921565,0.8518518518518519,1.0,1.0,0,0,0,48,172,16164,0.0,0.0,0.0,0.9865722656249397,0.0
medium,20000,932,CNN raster + Hough fusion,5,4,1,0.5292367768595041,0.11033333333333335,0.7479338842975207,1.0,0.8,0,0,7,159,577,15641,0.04216867469854116,0.01198630136984249,0.018666666321927122,0.9550781249999417,0.009421265141306296
medium,20000,933,CNN raster + Hough fusion,1,1,0,0.5185714285714286,0.0,0.8428571428571429,1.0,1.0,0,0,0,60,215,16109,0.0,0.0,0.0,0.9832153320311899,0.0
medium,20000,934,CNN raster + Hough fusion,3,3,0,0.1964824120603015,0.0,0.4824120603015075,0.0,1.0,0,1,1,90,369,15924,0.01098901098889023,0.0027027027026953984,0.004338394477044645,0.9719848632811906,0.002173913043473535
medium,20000,935,CNN raster + Hough fusion,1,1,0,0.41956521739130437,0.0,0.34782608695652173,1.0,1.0,0,0,0,9,89,16286,0.0,0.0,0.0,0.9940185546874393,0.0
medium,20000,936,CNN raster + Hough fusion,3,3,0,0.2802415458937198,0.091358024691358,0.6956521739130435,0.0,1.0,1,1,17,81,472,15814,0.17346938775333193,0.03476482617579803,0.057921635156058734,0.966247558593691,0.029824561403456448
medium,20000,937,CNN raster + Hough fusion,3,3,0,0.5345754716981133,0.11666666666666667,0.6603773584905661,1.0,1.0,0,0,0,68,310,16006,0.0,0.0,0.0,0.9769287109374404,0.0
medium,20000,938,CNN raster + Hough fusion,4,4,0,0.63075,0.195,0.965,1.0,1.0,0,0,39,162,534,15649,0.19402985074530335,0.06806282722501211,0.10077519341368708,0.9575195312499415,0.053061224489723724
medium,20000,939,CNN raster + Hough fusion,2,2,0,0.5351851851851852,0.0,0.9259259259259259,1.0,1.0,0,0,0,49,104,16231,0.0,0.0,0.0,0.9906616210936895,0.0
medium,20000,940,CNN raster + Hough fusion,4,4,0,0.384937246216316,0.193687707641196,0.9888888888888889,0.0,1.0,1,0,11,159,458,15756,0.06470588235256056,0.023454157782465984,0.03442879460154144,0.9623413085936913,0.01751592356685109
medium,20000,941,CNN raster + Hough fusion,5,5,0,0.42848642823709626,0.34594835680751174,0.8640483383685801,0.0,1.0,2,7,40,209,686,15449,0.16064257028047935,0.05509641873270648,0.08205128167078711,0.9453735351561923,0.04278074866305585
medium,20000,942,CNN raster + Hough fusion,2,2,0,0.66581645256917,0.3153409090909091,0.8695652173913043,1.0,1.0,0,0,0,46,174,16164,0.0,0.0,0.0,0.9865722656249397,0.0
medium,20000,943,CNN raster + Hough fusion,4,5,1,0.3048047778063191,0.07647058823529412,0.9519650655021834,0.0,0.8,0,1,35,186,612,15551,0.1583710407232653,0.05409582689327033,0.08064516091057093,0.9512939453124419,0.04201680672263863
medium,20000,944,CNN raster + Hough fusion,3,3,0,0.3347658915708328,0.14864498644986449,0.8393782383419689,0.0,1.0,1,2,1,146,280,15957,0.0068027210883890975,0.0035587188611973,0.004672896745250721,0.9739990234374405,0.0023419203747017756
medium,20000,945,CNN raster + Hough fusion,3,3,0,0.5487989949748744,0.08666666666666666,0.7989949748743719,1.0,1.0,0,0,23,139,593,15629,0.14197530864109892,0.037337662337601725,0.05912596368039466,0.9553222656249417,0.03046357615890005
medium,20000,946,CNN raster + Hough fusion,3,3,0,0.3059766009852217,0.195,0.5911330049261083,0.0,1.0,1,0,9,104,375,15896,0.0796460176984102,0.023437499999938965,0.03621730347145246,0.9707641601561907,0.01844262295078188
medium,20000,947,CNN raster + Hough fusion,1,1,0,0.9760341074020319,0.9551282051282051,0.9811320754716981,1.0,1.0,0,0,0,54,53,16277,0.0,0.0,0.0,0.9934692382811894,0.0
medium,20000,948,CNN raster + Hough fusion,5,5,0,0.2849214676536852,0.10410256410256409,0.6903765690376569,0.0,1.0,1,1,8,147,547,15682,0.05161290322547347,0.014414414414388442,0.022535210926240827,0.9576416015624415,0.011396011395995163
medium,20000,949,CNN raster + Hough fusion,1,1,0,0.6951969696969696,0.39,0.8484848484848485,1.0,1.0,0,0,0,29,104,16251,0.0,0.0,0.0,0.9918823242186894,0.0
medium,20000,950,CNN raster + Hough fusion,1,1,0,0.6826666666666666,0.3244444444444444,0.9333333333333333,1.0,1.0,0,0,0,15,16,16353,0.0,0.0,0.0,0.998107910156189,0.0
medium,20000,951,CNN raster + Hough fusion,5,5,0,0.35689071566731145,0.28425209542230817,0.6448863636363636,0.0,1.0,4,0,12,200,518,15654,0.05660377358463867,0.022641509433919543,0.0323450130688385,0.9561767578124416,0.016438356164361043
medium,20000,952,CNN raster + Hough fusion,3,3,0,0.6152810650887574,0.16558185404339248,0.9538461538461538,1.0,1.0,0,0,24,102,340,15918,0.19047619047467876,0.0659340659338848,0.09795918329102873,0.9730224609374406,0.051502145922636265
medium,20000,953,CNN raster + Hough fusion,1,1,0,0.7980555555555556,0.65,0.7777777777777778,1.0,1.0,0,0,0,22,28,16334,0.0,0.0,0.0,0.9969482421874392,0.0
medium,20000,954,CNN raster + Hough fusion,5,5,0,0.6138796453728442,0.1891304347826087,0.8938547486033519,1.0,1.0,0,0,8,144,392,15840,0.05263157894702217,0.019999999999950002,0.028985506847195974,0.9672851562499409,0.014705882352914144
medium,20000,955,CNN raster + Hough fusion,5,5,0,0.3315605590062112,0.07608695652173914,0.9866071428571429,0.0,1.0,1,0,29,186,511,15658,0.1348837209296052,0.05370370370360426,0.07682119164542608,0.9574584960936915,0.0399449035812122
medium,20000,956,CNN raster + Hough fusion,1,1,0,0.7489484536082475,0.52,0.8247422680412371,1.0,1.0,0,0,81,0,215,16088,0.9999999999876543,0.27364864864772415,0.42970822247200785,0.9868774414061897,0.27364864864772415
medium,20000,957,CNN raster + Hough fusion,4,5,1,0.37382102272727274,0.21354166666666666,0.9886363636363636,0.0,0.8,1,0,1,174,396,15813,0.005714285714253062,0.002518891687651086,0.003496503071806742,0.965209960937441,0.0017513134851107684
medium,20000,958,CNN raster + Hough fusion,5,5,0,0.6001952453365774,0.1602067901234568,0.8905109489051095,1.0,1.0,0,0,14,227,577,15566,0.0580912863068129,0.02368866328253183,0.03365384574224818,0.9509277343749419,0.01711491442540695
medium,20000,959,CNN raster + Hough fusion,3,3,0,0.6131451612903226,0.18333333333333335,0.9032258064516129,1.0,1.0,0,0,7,124,402,15851,0.0534351145034089,0.017114914425386027,0.02592592555834706,0.9678955078124409,0.013133208255134836
medium,20000,960,CNN raster + Hough fusion,2,2,0,0.23764705882352943,0.0,0.6882352941176471,0.0,1.0,1,0,21,95,465,15803,0.18103448275706005,0.043209876543120966,0.06976744154911094,0.965820312499941,0.0361445783131908
medium,20000,961,CNN raster + Hough fusion,3,3,0,0.5773753976670202,0.15745257452574524,0.782608695652174,1.0,1.0,0,0,6,95,337,15946,0.05940594059347123,0.01749271137021139,0.027027026675442337,0.9736328124999406,0.013698630136955027
medium,20000,962,CNN raster + Hough fusion,2,2,0,0.582687851364322,0.21742081447963799,0.6742424242424243,1.0,1.0,0,0,26,65,339,15954,0.285714285711146,0.07123287671213362,0.11403508739932479,0.9753417968749405,0.06046511627892915
medium,20000,963,CNN raster + Hough fusion,5,5,0,0.414801856558044,0.26541692921655113,0.9768211920529801,0.0,1.0,1,0,27,269,565,15523,0.09121621621590806,0.04560810810803107,0.060810810366229415,0.949096679687442,0.03135888501738518
medium,20000,964,CNN raster + Hough fusion,3,4,1,0.25655339805825245,0.0,0.9077669902912622,0.0,0.75,1,1,6,154,416,15808,0.03749999999976563,0.014218009478639293,0.020618556302287417,0.965209960937441,0.010416666666648582
medium,20000,965,CNN raster + Hough fusion,4,5,1,0.2527021620701396,0.015909090909090907,0.8277153558052435,0.0,0.8,3,1,37,159,736,15452,0.1887755102031185,0.04786545924961466,0.07636738873801575,0.9453735351561923,0.03969957081540805
medium,20000,966,CNN raster + Hough fusion,3,3,0,0.33384415584415583,0.17333333333333334,0.7792207792207793,0.0,1.0,1,0,13,156,496,15719,0.07692307692262176,0.025540275049065735,0.03834808222149564,0.9602050781249414,0.01954887218042173
medium,20000,967,CNN raster + Hough fusion,2,2,0,0.7625839964633068,0.5134345220552117,0.9076923076923077,1.0,1.0,0,0,12,105,141,16126,0.10256410256322594,0.07843137254850699,0.08888888839711935,0.9849853515624398,0.04651162790679647
medium,20000,968,CNN raster + Hough fusion,5,5,0,0.3417892976588629,0.266778149386845,0.6086956521739131,0.0,1.0,1,0,12,84,401,15887,0.12499999999869792,0.029055690072568873,0.047151276707500744,0.9703979492186907,0.02414486921524317
medium,20000,969,CNN raster + Hough fusion,5,5,0,0.27798395385926344,0.09603761948812826,0.6738351254480286,0.0,1.0,3,1,14,168,843,15359,0.07692307692265428,0.016336056009315827,0.026948989123876242,0.9382934570311927,0.01365853658535253
medium,20000,970,CNN raster + Hough fusion,4,4,0,0.5050045644235786,0.025205761316872428,0.7183098591549295,1.0,1.0,0,0,4,137,459,15784,0.02836879432603994,0.008639308855272917,0.013245032754643447,0.9636230468749412,0.006666666666655555
medium,20000,971,CNN raster + Hough fusion,1,1,0,0.8757105263157895,0.7471929824561403,0.9473684210526316,1.0,1.0,0,0,0,73,77,16234,0.0,0.0,0.0,0.9908447265624395,0.0
medium,20000,972,CNN raster + Hough fusion,1,1,0,0.5085,0.12999999999999998,0.5,1.0,1.0,0,0,0,17,105,16262,0.0,0.0,0.0,0.9925537109374394,0.0
medium,20000,973,CNN raster + Hough fusion,1,1,0,0.7424849755415793,0.43597484276729565,0.9814814814814815,1.0,1.0,0,0,0,55,164,16165,0.0,0.0,0.0,0.9866333007811897,0.0
medium,20000,974,CNN raster + Hough fusion,2,2,0,0.47285714285714286,0.0,0.6142857142857143,1.0,1.0,0,0,2,43,184,16155,0.04444444444345679,0.010752688171985202,0.01731601700215514,0.9861450195311898,0.008733624454110333
medium,20000,975,CNN raster + Hough fusion,4,4,0,0.18428571428571427,0.0,0.4214285714285714,0.0,1.0,1,0,0,60,463,15861,0.0,0.0,0.0,0.9680786132811909,0.0
medium,20000,976,CNN raster + Hough fusion,2,2,0,0.5607375,0.10208333333333333,0.8240000000000001,1.0,1.0,0,0,15,76,270,16023,0.16483516483335345,0.05263157894718375,0.07978723367523484,0.9788818359374403,0.041551246537281025
medium,20000,977,CNN raster + Hough fusion,5,5,0,0.27932681441486695,0.05473484848484848,0.7734806629834254,0.0,1.0,1,0,3,131,264,15986,0.022388059701325465,0.011235955056137694,0.014962593071137632,0.9758911132811904,0.007537688442192117
medium,20000,978,CNN raster + Hough fusion,5,5,0,0.5738155496099816,0.1928761622538598,0.6851063829787234,1.0,1.0,0,0,12,142,504,15726,0.07792207792157194,0.023255813953443304,0.03582089516824237,0.9605712890624414,0.018237082066841586
medium,20000,979,CNN raster + Hough fusion,3,3,0,0.5670668316831683,0.10833333333333334,0.8415841584158416,1.0,1.0,0,0,1,86,110,16187,0.0114942528734311,0.009009009008927846,0.010101009608254285,0.9880371093749397,0.005076142131953928
medium,20000,980,CNN raster + Hough fusion,2,2,0,0.6316709183673469,0.20416666666666666,0.9489795918367347,1.0,1.0,0,0,0,99,95,16190,0.0,0.0,0.0,0.9881591796874397,0.0
medium,20000,981,CNN raster + Hough fusion,1,1,0,0.7075,0.35,1.0,1.0,1.0,0,0,0,15,15,16354,0.0,0.0,0.0,0.998168945312439,0.0
medium,20000,982,CNN raster + Hough fusion,1,1,0,0.6557499999999999,0.25277777777777777,0.96,1.0,1.0,0,0,0,22,56,16306,0.0,0.0,0.0,0.9952392578124393,0.0
medium,20000,983,CNN raster + Hough fusion,3,3,0,0.64,0.2,1.0,1.0,1.0,0,0,9,119,296,15960,0.07031249999945069,0.029508196721214727,0.04157043838243311,0.9746704101561905,0.02122641509428956
medium,20000,984,CNN raster + Hough fusion,1,1,0,0.8096641791044776,0.65,0.835820895522388,1.0,1.0,0,0,0,57,210,16117,0.0,0.0,0.0,0.9837036132811899,0.0
medium,20000,985,CNN raster + Hough fusion,2,2,0,0.6765684143222507,0.33355072463768115,0.8823529411764706,1.0,1.0,0,0,0,87,177,16120,0.0,0.0,0.0,0.9838867187499399,0.0
medium,20000,986,CNN raster + Hough fusion,2,2,0,0.3106583737864078,0.24375000000000002,0.5048543689320388,0.0,1.0,1,0,23,28,204,16129,0.45098039214802005,0.10132158590263736,0.1654676255984939,0.9858398437499398,0.09019607843101884
medium,20000,987,CNN raster + Hough fusion,4,4,0,0.5578457446808511,0.18055555555555555,0.6329787234042553,1.0,1.0,0,0,17,105,421,15841,0.13934426229393979,0.03881278538803924,0.060714285373278054,0.9678955078124409,0.03130755064450956
medium,20000,988,CNN raster + Hough fusion,5,5,0,0.42099900391723144,0.2998944273096099,0.9302325581395349,0.0,1.0,1,1,19,217,717,15431,0.08050847457593005,0.025815217391269272,0.03909464983798625,0.9429931640624424,0.01993704092337887
medium,20000,989,CNN raster + Hough fusion,4,4,0,0.6072321428571429,0.25416666666666665,0.7142857142857143,1.0,1.0,0,0,4,70,213,16097,0.05405405405332359,0.018433179723417358,0.027491408555260336,0.98272705078119,0.013937282229916595
medium,20000,990,CNN raster + Hough fusion,5,5,0,0.3262249198350894,0.11477477477477477,0.8728813559322034,0.0,1.0,1,2,15,179,529,15661,0.07731958762846743,0.02757352941171402,0.040650406116413663,0.9567871093749416,0.020746887966776283
medium,20000,991,CNN raster + Hough fusion,5,4,1,0.27892871170463474,0.10043859649122808,0.7686567164179104,0.0,0.8,1,0,7,95,327,15955,0.06862745097971934,0.02095808383227258,0.03211009138454255,0.9742431640624405,0.016317016316978284
medium,20000,992,CNN raster + Hough fusion,3,3,0,0.30028761061946907,0.11666666666666667,0.7389380530973451,0.0,1.0,1,1,16,138,676,15554,0.10389610389542925,0.023121387283203582,0.03782505880377133,0.9503173828124419,0.019277108433711714
medium,20000,993,CNN raster + Hough fusion,5,5,0,0.6637222222222222,0.252716049382716,1.0,1.0,1.0,0,0,11,169,489,15715,0.06111111111077161,0.021999999999956,0.03235294078710208,0.9598388671874414,0.01644245142000532
medium,20000,994,CNN raster + Hough fusion,1,1,0,0.5192307692307693,0.0,0.8461538461538461,1.0,1.0,0,0,0,34,122,16228,0.0,0.0,0.0,0.9904785156249395,0.0
medium,20000,995,CNN raster + Hough fusion,2,2,0,0.6661763946280992,0.28020833333333334,0.9504132231404958,1.0,1.0,0,0,0,118,271,15995,0.0,0.0,0.0,0.9762573242186904,0.0
medium,20000,996,CNN raster + Hough fusion,2,2,0,0.6303425925925926,0.195,0.962962962962963,1.0,1.0,0,0,0,132,419,15833,0.0,0.0,0.0,0.9663696289061909,0.0
medium,20000,997,CNN raster + Hough fusion,4,4,0,0.38277595628415306,0.3466666666666667,0.6338797814207651,0.0,1.0,2,0,4,102,345,15933,0.03773584905624777,0.01146131805154309,0.017582417224953517,0.9727172851561906,0.008869179600867253
medium,20000,998,CNN raster + Hough fusion,1,1,0,0.5535,0.12999999999999998,0.725,1.0,1.0,0,0,0,30,125,16229,0.0,0.0,0.0,0.9905395507811895,0.0
medium,20000,999,CNN raster + Hough fusion,3,3,0,0.6822817052379264,0.41489660876757656,0.727891156462585,1.0,1.0,0,0,10,100,403,15871,0.09090909090826446,0.02421307506047406,0.03824091744970369,0.9692993164061908,0.01949317738787623
medium,20000,1000,CNN raster + Hough fusion,4,5,1,0.31403803131991054,0.17407407407407408,0.7785234899328859,0.0,0.8,1,0,4,113,294,15973,0.03418803418774198,0.013422818791901266,0.01927710802875309,0.9751586914061905,0.009732360097299922
medium,20000,1001,CNN raster + Hough fusion,3,3,0,0.251991341991342,0.13670033670033666,0.45238095238095233,0.0,1.0,1,0,11,45,323,16005,0.19642857142506379,0.03293413173642834,0.05641025616402367,0.9775390624999403,0.029023746701770388
medium,20000,1002,CNN raster + Hough fusion,3,3,0,0.22250000000000003,0.0,0.6125,0.0,1.0,2,2,12,116,496,15760,0.09374999999926759,0.023622047244047987,0.03773584873497884,0.9626464843749413,0.019230769230738413
medium,20000,1003,CNN raster + Hough fusion,3,3,0,0.6078874563044673,0.16432411214455842,0.9197080291970803,1.0,1.0,0,0,0,122,266,15996,0.0,0.0,0.0,0.9763183593749404,0.0
medium,20000,1004,CNN raster + Hough fusion,1,1,0,0.6594230769230769,0.2602564102564103,0.9615384615384616,1.0,1.0,0,0,0,26,27,16331,0.0,0.0,0.0,0.9967651367186892,0.0
medium,20000,1005,CNN raster + Hough fusion,1,1,0,0.6705,0.39,0.725,1.0,1.0,0,0,0,30,129,16225,0.0,0.0,0.0,0.9902954101561895,0.0
medium,20000,1006,CNN raster + Hough fusion,3,3,0,0.29632828282828283,0.029999999999999992,0.9141414141414141,0.0,1.0,1,0,18,142,395,15829,0.11249999999929688,0.04358353510885331,0.06282722472814767,0.9672241210936909,0.032432432432373995
medium,20000,1007,CNN raster + Hough fusion,2,2,0,0.5602518315018316,0.07976190476190474,0.8717948717948718,1.0,1.0,0,0,0,69,248,16067,0.0,0.0,0.0,0.9806518554686902,0.0
medium,20000,1008,CNN raster + Hough fusion,4,4,0,0.5899621212121212,0.2638888888888889,0.6060606060606061,1.0,1.0,0,0,0,78,210,16096,0.0,0.0,0.0,0.98242187499994,0.0
medium,20000,1009,CNN raster + Hough fusion,5,5,0,0.36681489399520095,0.2948827709697275,0.6705882352941177,0.0,1.0,2,2,14,149,573,15648,0.08588957055162032,0.02385008517883501,0.03733333299303467,0.9559326171874416,0.019021739130408936
medium,20000,1010,CNN raster + Hough fusion,2,2,0,0.4447368421052632,0.0,0.4736842105263158,1.0,1.0,0,0,5,20,162,16197,0.199999999992,0.029940119760299762,0.052083333106282555,0.9888916015624396,0.02673796791429552
medium,20000,1011,CNN raster + Hough fusion,2,2,0,0.6830863354037267,0.362,0.8509316770186335,1.0,1.0,0,0,32,85,328,15939,0.27350427350193585,0.08888888888864198,0.1341719073860123,0.9747924804686905,0.07191011235938896
medium,20000,1012,CNN raster + Hough fusion,2,2,0,0.5074108260325406,0.03774509803921566,0.7021276595744681,1.0,1.0,0,0,0,35,151,16198,0.0,0.0,0.0,0.9886474609374396,0.0
medium,20000,1013,CNN raster + Hough fusion,1,1,0,0.4833333333333334,0.0,0.6666666666666667,1.0,1.0,0,0,0,17,25,16342,0.0,0.0,0.0,0.997436523437439,0.0
medium,20000,1014,CNN raster + Hough fusion,1,1,0,0.7719117647058823,0.65,0.6470588235294117,1.0,1.0,0,0,0,12,56,16316,0.0,0.0,0.0,0.9958496093749392,0.0
medium,20000,1015,CNN raster + Hough fusion,4,4,0,0.23831820931639444,0.12413793103448276,0.4122807017543859,0.0,1.0,1,0,0,50,229,16105,0.0,0.0,0.0,0.9829711914061899,0.0
medium,20000,1016,CNN raster + Hough fusion,1,1,0,0.7980555555555556,0.65,0.7777777777777778,1.0,1.0,0,0,0,36,144,16204,0.0,0.0,0.0,0.9890136718749396,0.0
medium,20000,1017,CNN raster + Hough fusion,5,4,1,0.28361987548378753,0.08764615779150119,0.8208955223880597,0.0,0.8,1,0,10,151,332,15891,0.06211180124185024,0.02923976608178585,0.03976143097611548,0.9705200195311907,0.020283975659188064
medium,20000,1018,CNN raster + Hough fusion,1,1,0,0.6787467532467533,0.39,0.7662337662337663,1.0,1.0,0,0,0,60,78,16246,0.0,0.0,0.0,0.9915771484374395,0.0
medium,20000,1019,CNN raster + Hough fusion,3,3,0,0.3206862745098039,0.1570806100217865,0.75,0.0,1.0,1,0,7,136,305,15936,0.04895104895070664,0.022435897435825528,0.030769230338075118,0.9730834960936906,0.015624999999965123
medium,20000,1020,CNN raster + Hough fusion,4,4,0,0.37230392156862746,0.19117647058823528,0.9313725490196079,0.0,1.0,4,1,38,146,438,15762,0.2065217391293124,0.07983193277294152,0.1151515147490358,0.9643554687499412,0.06109324758832622
medium,20000,1021,CNN raster + Hough fusion,4,5,1,0.22583955843293496,0.05671296296296296,0.601593625498008,0.0,0.8,2,1,9,137,684,15554,0.06164383561601614,0.012987012986994248,0.02145411175061975,0.949890136718692,0.01084337349396284
medium,20000,1022,CNN raster + Hough fusion,2,2,0,0.5346153846153846,0.0,0.9230769230769231,1.0,1.0,0,0,0,43,154,16187,0.0,0.0,0.0,0.9879760742186897,0.0
medium,20000,1023,CNN raster + Hough fusion,2,2,0,0.2194805194805195,0.0,0.5974025974025974,0.0,1.0,1,0,5,38,231,16110,0.1162790697647377,0.02118644067787633,0.035842293645816474,0.9835815429686899,0.018248175182415154
medium,20000,1024,CNN raster + Hough fusion,1,1,0,0.6826428571428571,0.39,0.7857142857142857,1.0,1.0,0,0,0,38,197,16149,0.0,0.0,0.0,0.9856567382811898,0.0
medium,20000,1025,CNN raster + Hough fusion,2,2,0,0.30422702428037796,0.013006756756756754,0.991869918699187,0.0,1.0,0,1,2,91,317,15974,0.02150537634385478,0.006269592476469374,0.009708737514480642,0.9750976562499405,0.004878048780475907
medium,20000,1026,CNN raster + Hough fusion,4,4,0,0.3221104769152714,0.10088477366255143,0.8835616438356164,0.0,1.0,1,1,11,97,353,15923,0.10185185185090878,0.0302197802196972,0.0466101691384121,0.9725341796874406,0.023861171366542602
medium,20000,1027,CNN raster + Hough fusion,3,3,0,0.404928555330178,0.3261302681992337,0.7908496732026143,0.0,1.0,1,0,0,118,317,15949,0.0,0.0,0.0,0.9734497070311906,0.0
medium,20000,1028,CNN raster + Hough fusion,3,3,0,0.32191463414634147,0.13,0.8170731707317074,0.0,1.0,1,0,15,116,485,15768,0.11450381679301906,0.029999999999940002,0.04754358128731845,0.9633178710936912,0.02435064935060982
medium,20000,1029,CNN raster + Hough fusion,5,5,0,0.6242236554736554,0.21899551066217732,0.8783783783783784,1.0,1.0,0,0,14,107,377,15886,0.11570247933788676,0.0358056265983739,0.05468749963883209,0.9704589843749407,0.02811244979914034
medium,20000,1030,CNN raster + Hough fusion,2,2,0,0.6489521276595744,0.305,0.8085106382978724,1.0,1.0,0,0,0,40,159,16185,0.0,0.0,0.0,0.9878540039061897,0.0
medium,20000,1031,CNN raster + Hough fusion,4,5,1,0.46578617138286177,0.4647640791476408,0.8832116788321168,0.0,0.8,2,2,18,235,247,15884,0.07114624505900732,0.06792452830163048,0.06949806899806951,0.9705810546874407,0.035999999999928
medium,20000,1032,CNN raster + Hough fusion,2,2,0,0.5461623376623377,0.13,0.6883116883116883,1.0,1.0,0,0,1,53,78,16252,0.018518518518175583,0.012658227847941034,0.015037593502402639,0.9920043945311894,0.007575757575700184
medium,20000,1033,CNN raster + Hough fusion,4,4,0,0.5705935441370225,0.1584848484848485,0.7463768115942029,1.0,1.0,0,0,3,99,273,16009,0.029411764705594,0.010869565217351922,0.015873015478877983,0.9772949218749403,0.007999999999978667
medium,20000,1034,CNN raster + Hough fusion,1,1,0,0.5245731707317073,0.008536585365853626,0.8536585365853658,1.0,1.0,0,0,0,36,128,16220,0.0,0.0,0.0,0.9899902343749396,0.0
medium,20000,1035,CNN raster + Hough fusion,2,2,0,0.1878048780487805,0.0,0.4390243902439024,0.0,1.0,1,0,5,59,410,15910,0.0781249999987793,0.012048192771055306,0.020876826490731828,0.9713745117186907,0.010548523206728801
medium,20000,1036,CNN raster + Hough fusion,1,1,0,0.5232894736842105,0.0061403508771930015,0.8526315789473684,1.0,1.0,0,0,2,71,66,16245,0.027397260273597297,0.029411764705449827,0.02836879382646749,0.9916381835936895,0.01438848920852958
medium,20000,1037,CNN raster + Hough fusion,1,1,0,0.9050632911392404,0.8227848101265822,0.9240506329113924,1.0,1.0,0,0,0,74,80,16230,0.0,0.0,0.0,0.9906005859374395,0.0
medium,20000,1038,CNN raster + Hough fusion,1,1,0,0.6720116279069768,0.39,0.7325581395348837,1.0,1.0,0,0,0,64,87,16233,0.0,0.0,0.0,0.9907836914061895,0.0
medium,20000,1039,CNN raster + Hough fusion,1,1,0,0.7701521739130435,0.5085507246376811,0.9565217391304348,1.0,1.0,0,0,0,45,143,16196,0.0,0.0,0.0,0.9885253906249396,0.0
medium,20000,1040,CNN raster + Hough fusion,4,5,1,0.5157435286367511,0.15607890499194846,0.5775401069518716,1.0,0.8,0,0,17,88,480,15799,0.16190476190321995,0.034205231388261155,0.056478405027433475,0.965332031249941,0.029059829059779385
medium,20000,1041,CNN raster + Hough fusion,1,1,0,0.7451349206349206,0.46185185185185185,0.9365079365079365,1.0,1.0,0,0,0,60,64,16260,0.0,0.0,0.0,0.9924316406249394,0.0
medium,20000,1042,CNN raster + Hough fusion,2,2,0,0.6211154379514964,0.16674890350877192,0.9803921568627451,1.0,1.0,0,0,0,101,188,16095,0.0,0.0,0.0,0.98236083984369,0.0
medium,20000,1043,CNN raster + Hough fusion,2,2,0,0.6043676470588235,0.24500000000000002,0.7205882352941176,1.0,1.0,0,0,0,44,158,16182,0.0,0.0,0.0,0.9876708984374397,0.0
medium,20000,1044,CNN raster + Hough fusion,1,1,0,0.9143260869565217,0.8192753623188406,0.9782608695652174,1.0,1.0,0,0,0,46,47,16291,0.0,0.0,0.0,0.9943237304686893,0.0
medium,20000,1045,CNN raster + Hough fusion,5,4,1,0.6212381156696087,0.22920639460971268,0.9404761904761905,1.0,0.8,0,0,17,145,273,15949,0.1049382716042905,0.058620689654970276,0.07522123847781738,0.9744873046874405,0.039080459770025104
medium,20000,1046,CNN raster + Hough fusion,4,5,1,0.3085946193843089,0.07180464778503995,0.9814126394052045,0.0,0.8,1,0,3,232,620,15529,0.012765957446754189,0.004815409309783603,0.0069930065952396704,0.9479980468749422,0.0035087719298204575
medium,20000,1047,CNN raster + Hough fusion,5,5,0,0.35982886002886005,0.20943209876543212,0.827922077922078,0.0,1.0,1,0,2,255,492,15635,0.007782101167284895,0.004048582995943221,0.00532623124085954,0.9544067382811917,0.002670226969288825
medium,20000,1048,CNN raster + Hough fusion,2,2,0,0.6515070422535211,0.26,0.9225352112676056,1.0,1.0,0,0,0,107,215,16062,0.0,0.0,0.0,0.9803466796874402,0.0
medium,20000,1049,CNN raster + Hough fusion,3,3,0,0.1818897637795276,0.0,0.40944881889763785,0.0,1.0,1,0,7,44,317,16016,0.13725490195809306,0.021604938271538258,0.037333333098126226,0.9779663085936903,0.019021739130383093
medium,20000,1050,CNN raster + Hough fusion,1,1,0,0.6217169811320754,0.26,0.7735849056603774,1.0,1.0,0,0,0,42,164,16178,0.0,0.0,0.0,0.9874267578124397,0.0
medium,20000,1051,CNN raster + Hough fusion,5,5,0,0.6509720549869557,0.28324915824915825,0.8675496688741722,1.0,1.0,0,0,10,121,330,15923,0.07633587786201271,0.02941176470579585,0.04246284460888655,0.9724731445311906,0.021691973969584184
medium,20000,1052,CNN raster + Hough fusion,1,1,0,0.512962962962963,0.0,0.8148148148148149,1.0,1.0,0,0,0,22,28,16334,0.0,0.0,0.0,0.9969482421874392,0.0
medium,20000,1053,CNN raster + Hough fusion,4,4,0,0.3144363152237639,0.172953716370269,0.6830357142857143,0.0,1.0,1,1,8,134,489,15753,0.05633802816861734,0.01609657947682878,0.02503912328491555,0.9619750976561913,0.012678288431041714
medium,20000,1054,CNN raster + Hough fusion,4,4,0,0.3198534152066873,0.14636178861788615,0.7699530516431925,0.0,1.0,1,3,9,142,559,15674,0.059602649006227804,0.015845070422507317,0.025034770182717853,0.9572143554686916,0.012676056338010316
medium,20000,1055,CNN raster + Hough fusion,2,2,0,0.5074193548387097,0.0,0.7870967741935484,1.0,1.0,0,0,15,96,468,15805,0.1351351351339177,0.031055900621053716,0.0505050502009829,0.965576171874941,0.025906735751250593
medium,20000,1056,CNN raster + Hough fusion,2,2,0,0.5230952380952381,0.07777777777777777,0.6904761904761905,1.0,1.0,0,0,0,27,108,16249,0.0,0.0,0.0,0.9917602539061895,0.0
medium,20000,1057,CNN raster + Hough fusion,1,1,0,0.6718414634146341,0.39,0.7317073170731707,1.0,1.0,0,0,17,14,115,16238,0.5483870967565037,0.12878787878690312,0.2085889567446272,0.9921264648436894,0.11643835616358604
medium,20000,1058,CNN raster + Hough fusion,5,5,0,0.2836124497991968,0.04925925925925925,0.8072289156626506,0.0,1.0,2,0,16,165,446,15757,0.08839779005476024,0.03463203463195967,0.049766718102334274,0.9627075195311913,0.025518341307774292
medium,20000,1059,CNN raster + Hough fusion,4,4,0,0.6447841683551299,0.30051912568306005,0.797752808988764,1.0,1.0,0,0,17,192,510,15665,0.0813397129182711,0.03225806451606782,0.04619565176712769,0.9571533203124416,0.023643949930426088
medium,20000,1060,CNN raster + Hough fusion,5,5,0,0.28678243749522137,0.13593929199480081,0.6280487804878049,0.0,1.0,1,1,14,188,548,15634,0.06930693069272621,0.024911032028425425,0.03664921427060662,0.9550781249999417,0.01866666666664178
medium,20000,1061,CNN raster + Hough fusion,2,2,0,0.5418892045454545,0.13854166666666665,0.6477272727272727,1.0,1.0,0,0,0,49,158,16177,0.0,0.0,0.0,0.9873657226561897,0.0
medium,20000,1062,CNN raster + Hough fusion,1,1,0,0.6696212121212121,0.27929292929292926,0.9696969696969697,1.0,1.0,0,0,0,33,104,16247,0.0,0.0,0.0,0.9916381835936895,0.0
medium,20000,1063,CNN raster + Hough fusion,2,2,0,0.7092830882352942,0.40625,0.8823529411764706,1.0,1.0,0,0,0,61,88,16235,0.0,0.0,0.0,0.9909057617186895,0.0
medium,20000,1064,CNN raster + Hough fusion,4,4,0,0.3183303782505911,0.10503677436301548,0.8553191489361702,0.0,1.0,1,0,24,150,507,15703,0.13793103448196592,0.04519774011290923,0.06808510601099743,0.9598999023436914,0.03524229074884693
medium,20000,1065,CNN raster + Hough fusion,1,1,0,0.509493670886076,0.0,0.7974683544303798,1.0,1.0,0,0,0,64,80,16240,0.0,0.0,0.0,0.9912109374999395,0.0
medium,20000,1066,CNN raster + Hough fusion,3,3,0,0.1582677165354331,0.0,0.2913385826771654,0.0,1.0,1,0,0,37,358,15989,0.0,0.0,0.0,0.9758911132811904,0.0
medium,20000,1067,CNN raster + Hough fusion,3,3,0,0.5840689655172414,0.16,0.8103448275862069,1.0,1.0,0,0,2,46,127,16209,0.041666666665798616,0.015503875968872064,0.02259886966095312,0.9894409179686896,0.011428571428506123
medium,20000,1068,CNN raster + Hough fusion,5,5,0,0.5712214718211458,0.17105263157894737,0.7212389380530974,1.0,1.0,0,0,5,142,395,15842,0.03401360544194549,0.01249999999996875,0.018281535255891376,0.9672241210936909,0.00922509225090549
medium,20000,1069,CNN raster + Hough fusion,3,3,0,0.2314126559714795,0.0038126361655773278,0.6484848484848484,0.0,1.0,1,0,2,106,351,15925,0.01851851851834705,0.005665722379587349,0.008676789229036204,0.9721069335936906,0.004357298474936041
medium,20000,1070,CNN raster + Hough fusion,3,3,0,0.3307007452506311,0.11941643214509066,0.8848167539267016,0.0,1.0,1,0,42,122,482,15738,0.2560975609740482,0.08015267175557222,0.12209302289235734,0.9631347656249412,0.06501547987606035
medium,20000,1071,CNN raster + Hough fusion,4,4,0,0.6477486631016043,0.26,0.9037433155080214,1.0,1.0,0,0,25,147,422,15790,0.1453488372084573,0.0559284116329845,0.08077544386336816,0.965270996093691,0.04208754208747124
medium,20000,1072,CNN raster + Hough fusion,2,2,0,0.5788333333333333,0.18444444444444444,0.7291666666666667,1.0,1.0,0,0,0,36,158,16190,0.0,0.0,0.0,0.9881591796874397,0.0
medium,20000,1073,CNN raster + Hough fusion,4,4,0,0.6551989247311828,0.3282198327359618,0.7875,1.0,1.0,0,0,6,185,574,15619,0.03141361256528056,0.01034482758618906,0.015564201961870066,0.9536743164061917,0.007843137254891708
medium,20000,1074,CNN raster + Hough fusion,5,5,0,0.36900856445591657,0.22063877537348428,0.848605577689243,0.0,1.0,1,0,4,207,574,15599,0.018957345971474138,0.006920415224901522,0.010139416591678047,0.9523315429686918,0.005095541401267395
medium,20000,1075,CNN raster + Hough fusion,5,5,0,0.21950529315960912,0.0875,0.40065146579804556,0.0,1.0,3,1,14,108,445,15817,0.11475409835971513,0.030501089324552286,0.04819277075239142,0.966247558593691,0.02469135802464781
medium,20000,1076,CNN raster + Hough fusion,2,2,0,0.5919196428571428,0.13124999999999998,0.9142857142857143,1.0,1.0,0,0,0,68,202,16114,0.0,0.0,0.0,0.9835205078124399,0.0
medium,20000,1077,CNN raster + Hough fusion,1,1,0,0.8706896551724138,0.7586206896551724,0.896551724137931,1.0,1.0,0,0,0,53,179,16152,0.0,0.0,0.0,0.9858398437499398,0.0
medium,20000,1078,CNN raster + Hough fusion,4,4,0,0.6294007421150278,0.21272727272727274,0.9183673469387755,1.0,1.0,0,0,4,151,599,15630,0.025806451612736734,0.006633499170801603,0.010554089384392349,0.9542236328124417,0.005305039787791373
medium,20000,1079,CNN raster + Hough fusion,3,3,0,0.514530303030303,0.10636363636363635,0.5833333333333333,1.0,1.0,0,0,0,37,156,16191,0.0,0.0,0.0,0.9882202148436896,0.0
medium,20000,1080,CNN raster + Hough fusion,1,1,0,0.6210229885057471,0.26,0.7701149425287357,1.0,1.0,0,0,56,12,210,16106,0.8235294117525951,0.21052631578868225,0.3353293409910717,0.9864501953124397,0.20143884892013872
medium,20000,1081,CNN raster + Hough fusion,2,2,0,0.5103125,0.08958333333333332,0.6,1.0,1.0,0,0,0,46,139,16199,0.0,0.0,0.0,0.9887084960936896,0.0
medium,20000,1082,CNN raster + Hough fusion,5,5,0,0.36271133278486223,0.29823232323232324,0.6425339366515836,0.0,1.0,2,2,28,108,462,15786,0.20588235293966264,0.057142857142740526,0.08945686866919127,0.965209960937441,0.04682274247483809
medium,20000,1083,CNN raster + Hough fusion,2,2,0,0.5713759842519684,0.06499999999999999,0.9606299212598425,1.0,1.0,0,0,19,104,338,15923,0.15447154471419128,0.053221288515257086,0.07916666628516494,0.9730224609374406,0.041214750542209945
medium,20000,1084,CNN raster + Hough fusion,1,1,0,0.4772727272727273,0.0,0.6363636363636364,1.0,1.0,0,0,0,14,36,16334,0.0,0.0,0.0,0.9969482421874392,0.0
medium,20000,1085,CNN raster + Hough fusion,2,2,0,0.7001866028708134,0.33374800637958535,1.0,1.0,1.0,0,0,0,133,403,15848,0.0,0.0,0.0,0.9672851562499409,0.0
medium,20000,1086,CNN raster + Hough fusion,1,1,0,0.6027142857142856,0.26,0.6785714285714286,1.0,1.0,0,0,29,10,144,16201,0.7435897435706772,0.16763005780249926,0.2735849053575561,0.9906005859374395,0.15846994535432532
medium,20000,1087,CNN raster + Hough fusion,1,1,0,0.7784565217391304,0.5656521739130435,0.8695652173913043,1.0,1.0,0,0,31,30,181,16142,0.5081967213031443,0.1462264150936499,0.22710622675753064,0.9871215820311897,0.12809917355318967
medium,20000,1088,CNN raster + Hough fusion,4,4,0,0.3867731604837057,0.28912554181564226,0.7833333333333333,0.0,1.0,3,1,11,128,320,15925,0.07913669064691269,0.03323262839869114,0.04680851022153917,0.9726562499999406,0.023965141612148223
medium,20000,1089,CNN raster + Hough fusion,2,2,0,0.48902439024390243,0.0,0.6951219512195121,1.0,1.0,0,0,10,97,500,15777,0.0934579439243602,0.019607843137216457,0.032414910572199356,0.9635620117186912,0.01647446457987401
medium,20000,1090,CNN raster + Hough fusion,3,3,0,0.46002747252747256,0.006410256410256402,0.5357142857142857,1.0,1.0,0,0,0,62,203,16119,0.0,0.0,0.0,0.9838256835936899,0.0
medium,20000,1091,CNN raster + Hough fusion,1,1,0,0.5192307692307693,0.0,0.8461538461538461,1.0,1.0,0,0,0,12,44,16328,0.0,0.0,0.0,0.9965820312499392,0.0
medium,20000,1092,CNN raster + Hough fusion,4,4,0,0.4230638908734884,0.322208256521982,0.8903508771929824,0.0,1.0,2,0,42,159,394,15789,0.20895522387955745,0.09633027522913686,0.13186813143576762,0.966247558593691,0.07058823529399902
medium,20000,1093,CNN raster + Hough fusion,2,2,0,0.45227272727272727,0.0,0.5113636363636364,1.0,1.0,0,0,10,36,162,16176,0.2173913043431002,0.058139534883382915,0.09174311893224475,0.9879150390624397,0.04807692307669194
medium,20000,1094,CNN raster + Hough fusion,5,5,0,0.48755180984387037,0.032419659735349715,0.6148148148148148,1.0,1.0,0,0,0,84,209,16091,0.0,0.0,0.0,0.98211669921869,0.0
medium,20000,1095,CNN raster + Hough fusion,5,5,0,0.578835403726708,0.1593167701863354,0.7857142857142857,1.0,1.0,0,0,10,143,490,15741,0.06535947712375582,0.01999999999996,0.030627871004036033,0.9613647460936913,0.015552099533412828
medium,20000,1096,CNN raster + Hough fusion,1,1,0,0.51,0.0,0.8,1.0,1.0,0,0,0,17,21,16346,0.0,0.0,0.0,0.997680664062439,0.0
medium,20000,1097,CNN raster + Hough fusion,1,1,0,0.6834615384615385,0.3051282051282051,0.9807692307692307,1.0,1.0,0,0,0,52,165,16167,0.0,0.0,0.0,0.9867553710936897,0.0
medium,20000,1098,CNN raster + Hough fusion,4,4,0,0.33581441580094906,0.10515297906602254,0.9424778761061947,0.0,1.0,1,0,8,206,357,15813,0.037383177569918775,0.021917808219118033,0.027633851001959794,0.965637207031191,0.014010507880886147
medium,20000,1099,CNN raster + Hough fusion,1,1,0,0.7418947368421053,0.52,0.7894736842105263,1.0,1.0,0,0,14,32,166,16172,0.3043478260803403,0.07777777777734568,0.12389380498441538,0.9879150390624397,0.0660377358487451
medium,20000,1100,CNN raster + Hough fusion,2,2,0,0.30456081081081077,0.14346846846846845,0.7,0.0,1.0,1,0,11,56,294,16023,0.16417910447516149,0.03606557377037356,0.05913978465058099,0.9786376953124403,0.030470914127339415
medium,20000,1101,CNN raster + Hough fusion,3,3,0,0.5208591649612776,0.04791864514086735,0.7464788732394366,1.0,1.0,0,0,5,146,323,15910,0.033112582781237666,0.015243902438977915,0.0208768262905235,0.9713745117186907,0.010548523206728801
medium,20000,1102,CNN raster + Hough fusion,3,3,0,0.3173553554878856,0.0742817423540315,0.9196428571428571,0.0,1.0,1,0,4,193,400,15787,0.020304568527815713,0.009900990098985395,0.013311147645792802,0.9638061523436912,0.006700167504176382
medium,20000,1103,CNN raster + Hough fusion,4,4,0,0.37367672413793107,0.28250000000000003,0.7327586206896552,0.0,1.0,0,1,0,82,234,16068,0.0,0.0,0.0,0.9807128906249402,0.0
medium,20000,1104,CNN raster + Hough fusion,4,3,1,0.2588430076199014,0.09086151368760063,0.7147766323024055,0.0,0.75,1,1,0,204,591,15589,0.0,0.0,0.0,0.9514770507811919,0.0
medium,20000,1105,CNN raster + Hough fusion,2,2,0,0.43205128205128207,0.0,0.41025641025641024,1.0,1.0,0,0,0,16,131,16237,0.0,0.0,0.0,0.9910278320311895,0.0
medium,20000,1106,CNN raster + Hough fusion,1,1,0,0.5245731707317073,0.008536585365853626,0.8536585365853658,1.0,1.0,0,0,0,36,132,16216,0.0,0.0,0.0,0.9897460937499396,0.0
medium,20000,1107,CNN raster + Hough fusion,5,5,0,0.5333448717948718,0.025666666666666657,0.858974358974359,1.0,1.0,0,0,0,132,443,15809,0.0,0.0,0.0,0.964904785156191,0.0
medium,20000,1108,CNN raster + Hough fusion,4,4,0,0.6116589666208353,0.20127695393652836,0.8554216867469879,1.0,1.0,0,0,3,135,387,15859,0.02173913043462508,0.007692307692287969,0.011363635977487963,0.9681396484374409,0.00571428571427483
medium,20000,1109,CNN raster + Hough fusion,2,2,0,0.30096975806451615,0.04874999999999999,0.8951612903225806,0.0,1.0,1,0,13,83,291,15997,0.13541666666525606,0.04276315789459618,0.06499999963487502,0.9771728515624404,0.033591731266063074
medium,20000,1110,CNN raster + Hough fusion,5,5,0,0.4854357747515642,0.13272727272727272,0.8785425101214575,0.6,1.0,1,1,12,195,634,15543,0.05797101449247357,0.0185758513931601,0.02813599025370495,0.949401855468692,0.014268727705095994
medium,20000,1111,CNN raster + Hough fusion,4,4,0,0.5654406474820144,0.175,0.6834532374100719,1.0,1.0,0,0,14,81,290,15999,0.14736842105108033,0.04605263157879588,0.07017543823332768,0.9773559570311903,0.03636363636354192
medium,20000,1112,CNN raster + Hough fusion,3,3,0,0.33703921568627454,0.08666666666666667,0.9901960784313726,0.0,1.0,0,1,19,81,244,16040,0.1899999999981,0.07224334600732987,0.10468319519252631,0.9801635742186902,0.055232558139374326
medium,20000,1113,CNN raster + Hough fusion,4,4,0,0.3237322999581064,0.1408080808080808,0.8018433179723502,0.0,1.0,0,1,15,153,250,15966,0.08928571428518282,0.05660377358469206,0.06928406418989916,0.9754028320311905,0.035885167464028984
medium,20000,1114,CNN raster + Hough fusion,5,5,0,0.679478354978355,0.32582491582491585,0.9142857142857143,1.0,1.0,0,0,0,223,428,15733,0.0,0.0,0.0,0.9602661132811914,0.0
medium,20000,1115,CNN raster + Hough fusion,4,4,0,0.3293468970642884,0.09750402576489531,0.9273504273504274,0.0,1.0,1,0,12,200,528,15644,0.05660377358463867,0.022222222222181072,0.031914893212058634,0.9555664062499416,0.016216216216194304
medium,20000,1116,CNN raster + Hough fusion,4,4,0,0.6490795454545455,0.2858333333333334,0.8522727272727273,1.0,1.0,0,0,17,202,723,15442,0.07762557077590125,0.02297297297294193,0.035453597144892636,0.9435424804686924,0.01804670912949252
medium,20000,1117,CNN raster + Hough fusion,2,2,0,0.44130434782608696,0.0,0.4565217391304348,1.0,1.0,0,0,4,15,152,16213,0.21052631577839334,0.02564102564086128,0.04571428552019593,0.9898071289061896,0.023391812865360285
medium,20000,1118,CNN raster + Hough fusion,1,1,0,0.629013698630137,0.22429223744292232,0.8904109589041096,1.0,1.0,0,0,39,27,185,16133,0.5909090909001377,0.1741071428563656,0.26896551688794296,0.9870605468749397,0.15537848605515786
medium,20000,1119,CNN raster + Hough fusion,5,5,0,0.28361832440373314,0.046401515151515145,0.8136882129277566,0.0,1.0,1,0,12,190,473,15709,0.05940594059376532,0.024742268041186097,0.034934497401337805,0.9595336914061914,0.01777777777775144
medium,20000,1120,CNN raster + Hough fusion,5,5,0,0.3207854181017599,0.10424787606196899,0.8693693693693694,0.0,1.0,2,1,2,185,387,15810,0.010695187165718208,0.005141388174793982,0.006944444005913657,0.965087890624941,0.003484320557485219
medium,20000,1121,CNN raster + Hough fusion,1,1,0,0.7022771084337349,0.40265060240963846,0.8554216867469879,1.0,1.0,0,0,0,72,84,16228,0.0,0.0,0.0,0.9904785156249395,0.0
medium,20000,1122,CNN raster + Hough fusion,3,3,0,0.33292424242424246,0.09,0.9621212121212122,0.0,1.0,1,0,13,96,351,15924,0.11926605504477737,0.035714285714187596,0.05496828717151554,0.9727172851561906,0.028260869565155954
medium,20000,1123,CNN raster + Hough fusion,1,1,0,1.0,1.0,1.0,1.0,1.0,0,0,0,28,28,16328,0.0,0.0,0.0,0.9965820312499392,0.0
medium,20000,1124,CNN raster + Hough fusion,3,3,0,0.4807692307692307,0.0,0.6538461538461539,1.0,1.0,0,0,1,66,106,16211,0.01492537313410559,0.00934579439243602,0.01149425239985469,0.9895019531249396,0.005780346820775837
medium,20000,1125,CNN raster + Hough fusion,4,4,0,0.5970428438212516,0.34113445669509745,0.46766169154228854,1.0,1.0,0,0,3,93,563,15725,0.03124999999967448,0.005300353356881095,0.009063443860762506,0.9599609374999414,0.004552352048551514
medium,20000,1126,CNN raster + Hough fusion,4,3,1,0.5354488031914894,0.056316489361702124,0.925531914893617,1.0,0.75,0,0,5,70,208,16101,0.06666666666577778,0.023474178403645664,0.034722221836781454,0.9830322265624399,0.01766784452290577
medium,20000,1127,CNN raster + Hough fusion,5,5,0,0.3353864734299517,0.1280193236714976,0.8888888888888888,0.0,1.0,1,0,17,112,311,15944,0.13178294573541255,0.05182926829252491,0.0743982490474362,0.9741821289061905,0.03863636363627583
medium,20000,1128,CNN raster + Hough fusion,4,4,0,0.48885350318471343,0.0,0.694267515923567,1.0,1.0,0,0,5,93,494,15792,0.05102040816274469,0.01002004008014024,0.016750418485997832,0.9641723632811912,0.00844594594593168
medium,20000,1129,CNN raster + Hough fusion,2,2,0,0.5000965845464725,0.021491228070175446,0.7021276595744681,1.0,1.0,0,0,0,96,441,15847,0.0,0.0,0.0,0.9672241210936909,0.0
medium,20000,1130,CNN raster + Hough fusion,3,3,0,0.6371854613233924,0.22822822822822825,0.9224137931034483,1.0,1.0,0,0,0,109,367,15908,0.0,0.0,0.0,0.9709472656249407,0.0
medium,20000,1131,CNN raster + Hough fusion,5,5,0,0.3108260303526261,0.09243391360412638,0.8461538461538461,0.0,1.0,1,1,12,174,571,15627,0.0645161290319112,0.020583190394475846,0.03120936244202104,0.9545288085936917,0.01585204755612173
medium,20000,1132,CNN raster + Hough fusion,5,5,0,0.5387550200803213,0.0,0.9437751004016064,1.0,1.0,0,0,0,239,543,15602,0.0,0.0,0.0,0.9522705078124418,0.0
medium,20000,1133,CNN raster + Hough fusion,5,5,0,0.25508670741023687,0.03464646464646464,0.6974789915966386,0.0,1.0,1,2,12,212,741,15419,0.05357142857118941,0.015936254980058517,0.02456499452882836,0.9418334960936925,0.012435233160608876
medium,20000,1134,CNN raster + Hough fusion,2,2,0,0.658656015037594,0.325,0.8120300751879699,1.0,1.0,0,0,5,129,105,16145,0.03731343283554244,0.04545454545413223,0.04098360606187854,0.9857177734374398,0.020920502091962678
medium,20000,1135,CNN raster + Hough fusion,2,2,0,0.5915406976744186,0.175,0.813953488372093,1.0,1.0,0,0,0,36,95,16253,0.0,0.0,0.0,0.9920043945311894,0.0
medium,20000,1136,CNN raster + Hough fusion,4,4,0,0.5337500000000001,0.07777777777777775,0.74375,1.0,1.0,0,0,8,110,268,15998,0.06779661016891697,0.028985507246271792,0.04060913663603804,0.9769287109374404,0.020725388600982577
medium,20000,1137,CNN raster + Hough fusion,5,5,0,0.3022309797482211,0.10031746031746032,0.7854406130268199,0.0,1.0,1,0,23,167,632,15562,0.12105263157831025,0.035114503816740285,0.054437869473769135,0.9512329101561919,0.027980535279771315
medium,20000,1138,CNN raster + Hough fusion,4,4,0,0.5079573170731707,0.05833333333333332,0.6585365853658536,1.0,1.0,0,0,0,83,246,16055,0.0,0.0,0.0,0.9799194335936902,0.0
medium,20000,1139,CNN raster + Hough fusion,1,1,0,0.7996666666666666,0.5844444444444444,0.9333333333333333,1.0,1.0,0,0,19,10,76,16279,0.6551724137705113,0.19999999999789472,0.30645161253993236,0.9947509765624393,0.18095238095065758
medium,20000,1140,CNN raster + Hough fusion,1,1,0,0.6710277777777778,0.3183333333333333,0.8888888888888888,1.0,1.0,0,0,0,19,17,16348,0.0,0.0,0.0,0.997802734374939,0.0
medium,20000,1141,CNN raster + Hough fusion,5,4,1,0.2453240263754379,0.028260869565217388,0.7630331753554502,0.0,0.8,1,1,3,152,483,15746,0.01935483870955255,0.006172839506160138,0.0093603740482719,0.9612426757811913,0.0047021943573594014
medium,20000,1142,CNN raster + Hough fusion,1,1,0,0.7525000000000001,0.65,0.55,1.0,1.0,0,0,1,11,64,16308,0.08333333332638888,0.015384615384378698,0.025974025710237818,0.9954223632811893,0.013157894736668974
medium,20000,1143,CNN raster + Hough fusion,2,3,1,0.2266666666666667,0.0,0.8,0.0,0.6666666666666667,1,0,4,66,160,16154,0.057142857142040815,0.024390243902290304,0.03418803376842721,0.9862060546874398,0.017391304347750474
medium,20000,1144,CNN raster + Hough fusion,4,4,0,0.3459762658227848,0.21749999999999997,0.740506329113924,0.0,1.0,1,0,0,114,161,16109,0.0,0.0,0.0,0.9832153320311899,0.0
medium,20000,1145,CNN raster + Hough fusion,1,1,0,0.5653627450980392,0.12999999999999998,0.7843137254901961,1.0,1.0,0,0,0,41,162,16181,0.0,0.0,0.0,0.9876098632811897,0.0
medium,20000,1146,CNN raster + Hough fusion,4,5,1,0.3249814341498048,0.10812345679012345,0.7316293929712461,0.19999999999999998,0.8,3,3,21,203,557,15603,0.09374999999958147,0.03633217993073299,0.052369076904018014,0.9536132812499418,0.02688860435335866
medium,20000,1147,CNN raster + Hough fusion,1,1,0,0.5917592592592592,0.13395061728395058,0.9074074074074074,1.0,1.0,0,0,0,50,55,16279,0.0,0.0,0.0,0.9935913085936894,0.0
medium,20000,1148,CNN raster + Hough fusion,4,3,1,0.45535714285714285,0.0,0.6517857142857143,1.0,0.75,0,0,4,128,527,15725,0.030303030302800738,0.007532956685484872,0.0120663646885927,0.9600219726561914,0.006069802731402019
medium,20000,1149,CNN raster + Hough fusion,2,2,0,0.6300576923076923,0.195,0.9615384615384616,1.0,1.0,0,0,0,152,482,15750,0.0,0.0,0.0,0.9613037109374413,0.0
medium,20000,1150,CNN raster + Hough fusion,3,3,0,0.26637113764044945,0.08506944444444443,0.6404494382022472,0.0,1.0,1,0,20,96,320,15948,0.17241379310196195,0.0588235294115917,0.08771929786588181,0.9746093749999405,0.04587155963292231
medium,20000,1151,CNN raster + Hough fusion,3,3,0,0.21040000000000003,0.0,0.552,0.0,1.0,1,0,15,49,308,16012,0.23437499999633787,0.046439628482828364,0.07751937956850884,0.9782104492186903,0.0403225806450529
medium,20000,1152,CNN raster + Hough fusion,5,5,0,0.2497182759652272,0.11930339985218033,0.4801587301587301,0.0,1.0,2,0,4,111,519,15750,0.034782608695349715,0.007648183556390731,0.012539184657417879,0.9615478515624413,0.006309148264974276
medium,20000,1153,CNN raster + Hough fusion,1,1,0,0.5,0.0,0.75,1.0,1.0,0,0,3,38,43,16300,0.07317073170553243,0.06521739130293006,0.06896551674144538,0.9950561523436893,0.035714285713860545
medium,20000,1154,CNN raster + Hough fusion,4,4,0,0.5671721638108084,0.1393704850361197,0.7722772277227723,1.0,1.0,0,0,0,79,245,16060,0.0,0.0,0.0,0.9802246093749402,0.0
medium,20000,1155,CNN raster + Hough fusion,1,1,0,0.804513698630137,0.6142922374429224,0.8904109589041096,1.0,1.0,0,0,0,66,74,16244,0.0,0.0,0.0,0.9914550781249395,0.0
medium,20000,1156,CNN raster + Hough fusion,2,2,0,0.5110065406976744,0.02187499999999999,0.7558139534883721,1.0,1.0,0,0,4,61,132,16187,0.06153846153751479,0.02941176470566609,0.039800994586866666,0.9882202148436896,0.020304568527815713
medium,20000,1157,CNN raster + Hough fusion,5,5,0,0.538954199529542,0.1114253647586981,0.6940639269406392,1.0,1.0,0,0,0,143,397,15844,0.0,0.0,0.0,0.9670410156249409,0.0
medium,20000,1158,CNN raster + Hough fusion,2,2,0,0.5326951219512195,0.15666666666666665,0.5609756097560976,1.0,1.0,0,0,0,25,101,16258,0.0,0.0,0.0,0.9923095703124394,0.0
medium,20000,1159,CNN raster + Hough fusion,3,3,0,0.18044692737430168,0.0,0.4022346368715084,0.0,1.0,3,0,6,64,259,16055,0.08571428571306122,0.022641509433876824,0.03582089519158833,0.9802856445311902,0.01823708206681387
medium,20000,1160,CNN raster + Hough fusion,1,1,0,0.49,0.0,0.7,1.0,1.0,0,0,3,12,18,16351,0.19999999998666668,0.14285714285034012,0.1666666661712963,0.998168945312439,0.0909090909063361
medium,20000,1161,CNN raster + Hough fusion,5,5,0,0.5550948717948718,0.14807407407407408,0.6923076923076923,1.0,1.0,0,0,0,81,172,16131,0.0,0.0,0.0,0.9845581054686898,0.0
medium,20000,1162,CNN raster + Hough fusion,1,1,0,0.8052692307692307,0.5741025641025641,0.9846153846153847,1.0,1.0,0,0,0,49,143,16192,0.0,0.0,0.0,0.9882812499999396,0.0
medium,20000,1163,CNN raster + Hough fusion,1,1,0,0.5055555555555555,0.0,0.7777777777777778,1.0,1.0,0,0,0,22,90,16272,0.0,0.0,0.0,0.9931640624999394,0.0
medium,20000,1164,CNN raster + Hough fusion,5,5,0,0.3825649522255511,0.27065166232330407,0.8038585209003215,0.0,1.0,1,0,10,233,841,15300,0.041152263374316246,0.011750881316084899,0.018281535303394957,0.9344482421874429,0.009225092250913999
medium,20000,1165,CNN raster + Hough fusion,2,2,0,0.566951540436457,0.15149122807017545,0.7439024390243902,1.0,1.0,0,0,1,62,175,16146,0.01587301587276392,0.005681818181785899,0.008368200448521579,0.9855346679686898,0.004201680672251254
medium,20000,1166,CNN raster + Hough fusion,2,2,0,0.5723278061224489,0.13124999999999998,0.8163265306122449,1.0,1.0,0,0,1,42,84,16257,0.02325581395294754,0.011764705882214533,0.01562499955358888,0.9923095703124394,0.007874015747969495
medium,20000,1167,CNN raster + Hough fusion,5,5,0,0.3563166666666667,0.1926862745098039,0.8480392156862745,0.0,1.0,1,0,0,161,609,15614,0.0,0.0,0.0,0.9530029296874418,0.0
medium,20000,1168,CNN raster + Hough fusion,2,1,1,0.5304016213847502,0.28023809523809523,0.5214723926380368,1.0,0.5,0,0,0,86,241,16057,0.0,0.0,0.0,0.9800415039061902,0.0
medium,20000,1169,CNN raster + Hough fusion,5,5,0,0.6066683882509089,0.1345319022063208,0.9806451612903225,1.0,1.0,0,0,9,143,395,15837,0.059210526315399935,0.022277227722717136,0.03237410032202009,0.9671630859374409,0.016453382084064987
medium,20000,1170,CNN raster + Hough fusion,3,3,0,0.6946371657016818,0.369279171644763,0.8923076923076922,1.0,1.0,0,0,37,161,416,15770,0.1868686868677431,0.08167770419408019,0.11367127453796473,0.964782714843691,0.060260586319120096
medium,20000,1171,CNN raster + Hough fusion,3,3,0,0.5285,0.13,0.6,1.0,1.0,0,0,2,55,152,16175,0.03508771929763004,0.012987012986928656,0.018957345577053534,0.9873657226561897,0.009569377990384835
medium,20000,1172,CNN raster + Hough fusion,4,4,0,0.6053816384853536,0.1347662141779789,0.9736842105263158,1.0,1.0,0,0,0,181,400,15803,0.0,0.0,0.0,0.9645385742186912,0.0
medium,20000,1173,CNN raster + Hough fusion,4,3,1,0.534042357522251,0.05850290697674419,0.9135802469135803,1.0,0.75,0,0,5,131,400,15848,0.03676470588208262,0.012345679012315196,0.018484287978447533,0.9675903320311909,0.00932835820893782
medium,20000,1174,CNN raster + Hough fusion,5,5,0,0.33234516345746945,0.11015565297832121,0.9138755980861244,0.0,1.0,1,0,7,179,556,15642,0.03763440860194821,0.012433392539942393,0.01869158841167129,0.9551391601561917,0.00943396226413823
medium,20000,1175,CNN raster + Hough fusion,5,5,0,0.396231632447665,0.24512379227053138,0.9296296296296296,0.0,1.0,1,0,14,234,398,15738,0.05645161290299818,0.03398058252418937,0.04242424195498623,0.9614257812499413,0.02167182662535345
medium,20000,1176,CNN raster + Hough fusion,2,2,0,0.6652142857142856,0.26,0.9910714285714286,1.0,1.0,0,0,8,105,274,15997,0.07079646017636464,0.028368794326140537,0.04050632870524596,0.9768676757811904,0.020671834625269583
medium,20000,1177,CNN raster + Hough fusion,4,4,0,0.5148351648351648,0.0,0.8241758241758241,1.0,1.0,0,0,5,122,287,15970,0.03937007873984748,0.017123287671174235,0.02386634802611059,0.9750366210936905,0.012077294685961167
medium,20000,1178,CNN raster + Hough fusion,3,3,0,0.5781269757639621,0.08076923076923076,0.9589041095890412,1.0,1.0,0,0,12,119,484,15769,0.09160305343441526,0.024193548387047997,0.03827751163104223,0.9631958007811912,0.01951219512191949
medium,20000,1179,CNN raster + Hough fusion,1,1,0,0.6277843137254903,0.26,0.803921568627451,1.0,1.0,0,0,0,42,52,16290,0.0,0.0,0.0,0.9942626953124393,0.0
medium,20000,1180,CNN raster + Hough fusion,3,3,0,0.5946153846153847,0.21538461538461537,0.7384615384615385,1.0,1.0,0,0,0,49,198,16137,0.0,0.0,0.0,0.9849243164061898,0.0
medium,20000,1181,CNN raster + Hough fusion,4,4,0,0.3741573267091698,0.18999451754385965,0.9432989690721649,0.0,1.0,1,1,46,136,520,15682,0.252747252745864,0.08127208480551013,0.12299465203786211,0.9599609374999414,0.06552706552697218
medium,20000,1182,CNN raster + Hough fusion,3,3,0,0.41481481481481486,0.0,0.32407407407407407,1.0,1.0,0,0,2,32,240,16110,0.05882352941003461,0.008264462809883206,0.014492753407057345,0.9833984374999399,0.007299270072966061
medium,20000,1183,CNN raster + Hough fusion,4,4,0,0.3654862579281184,0.13131313131313133,0.6569767441860466,0.3,1.0,2,1,21,90,423,15850,0.18918918918748479,0.047297297297190774,0.07567567535540297,0.9686889648436908,0.03932584269655557
medium,20000,1184,CNN raster + Hough fusion,3,3,0,0.6634818417639429,0.3248148148148148,0.8365758754863813,1.0,1.0,0,0,14,204,374,15792,0.06422018348594395,0.036082474226711125,0.04620462000124172,0.964721679687441,0.023648648648608703
medium,20000,1185,CNN raster + Hough fusion,3,3,0,0.5187650602409639,0.005555555555555562,0.8313253012048193,1.0,1.0,0,0,0,72,208,16104,0.0,0.0,0.0,0.9829101562499399,0.0
medium,20000,1186,CNN raster + Hough fusion,3,3,0,0.5988029197080292,0.17333333333333334,0.8540145985401459,1.0,1.0,0,0,1,117,315,15951,0.008474576271114621,0.0031645569620153023,0.004608294534923264,0.9736328124999406,0.0023094688221655672
medium,20000,1187,CNN raster + Hough fusion,4,4,0,0.5248218599033817,0.004166666666666671,0.8647342995169083,1.0,1.0,0,0,15,191,490,15688,0.07281553398022905,0.029702970296970888,0.04219409241531015,0.9584350585936915,0.02155172413790007
medium,20000,1188,CNN raster + Hough fusion,2,2,0,0.6042047817047816,0.14609609609609608,0.9423076923076923,1.0,1.0,0,0,3,42,163,16176,0.06666666666518518,0.018072289156517637,0.028436018621504463,0.9874877929686897,0.014423076923007582
medium,20000,1189,CNN raster + Hough fusion,3,3,0,0.6042051792828685,0.17888888888888888,0.8685258964143426,1.0,1.0,0,0,0,221,768,15395,0.0,0.0,0.0,0.9396362304686926,0.0
medium,20000,1190,CNN raster + Hough fusion,1,1,0,0.7701521739130435,0.5085507246376811,0.9565217391304348,1.0,1.0,0,0,0,67,70,16247,0.0,0.0,0.0,0.9916381835936895,0.0
medium,20000,1191,CNN raster + Hough fusion,2,2,0,0.43125,0.0,0.40625,1.0,1.0,0,0,0,14,63,16307,0.0,0.0,0.0,0.9953002929686893,0.0
medium,20000,1192,CNN raster + Hough fusion,5,5,0,0.3787697571156432,0.3010461956521739,0.7164948453608248,0.0,1.0,1,0,23,115,454,15792,0.16666666666545896,0.04821802935000374,0.07479674761915792,0.965270996093691,0.03885135135128572
medium,20000,1193,CNN raster + Hough fusion,4,4,0,0.31156249999999996,0.1888888888888889,0.6328125,0.0,1.0,2,0,2,155,609,15618,0.012738853503103576,0.0032733224222532354,0.005208333008046489,0.9533691406249418,0.0026109660574378446
medium,20000,1194,CNN raster + Hough fusion,4,4,0,0.23012396694214876,0.03939393939393939,0.5619834710743802,0.0,1.0,1,0,23,104,604,15653,0.1811023622032984,0.036682615629925544,0.061007957279390554,0.9567871093749416,0.03146374828997064
medium,20000,1195,CNN raster + Hough fusion,3,3,0,0.5008658463385354,0.09035947712418298,0.5510204081632653,1.0,1.0,0,0,3,47,276,16058,0.059999999998800006,0.010752688172004471,0.018237081809000293,0.9802856445311902,0.009202453987701833
medium,20000,1196,CNN raster + Hough fusion,5,5,0,0.3656516976998905,0.21818181818181817,0.8373493975903614,0.0,1.0,1,0,8,117,480,15779,0.063999999999488,0.016393442622917226,0.02610114160020651,0.9635620117186912,0.013223140495845912
medium,20000,1197,CNN raster + Hough fusion,5,5,0,0.2936666666666667,0.05999999999999999,0.8333333333333334,0.0,1.0,1,0,0,129,216,16039,0.0,0.0,0.0,0.9789428710936903,0.0
medium,20000,1198,CNN raster + Hough fusion,5,5,0,0.5981045490822028,0.3253968253968254,0.5083798882681565,1.0,1.0,0,0,19,74,455,15836,0.20430107526662042,0.04008438818556944,0.06701940007826084,0.9677124023436909,0.03467153284665206
medium,20000,1199,CNN raster + Hough fusion,4,4,0,0.3172364589400116,0.06470588235294117,0.9405940594059405,0.0,1.0,1,0,6,92,284,16002,0.06122448979529362,0.02068965517234245,0.03092783467382294,0.9770507812499404,0.015706806282681396
medium,20000,0,Hough transform baseline,1,1,0,0.8738824451410658,0.7427272727272727,0.9482758620689655,1.0,1.0,0,0,42,1,162,16179,0.9767441860237968,0.20588235294016724,0.3400809713696012,0.9900512695311895,0.2048780487794884
medium,20000,1,Hough transform baseline,2,2,0,0.9783333333333333,0.961111111111111,0.9791666666666666,1.0,1.0,0,0,98,0,122,16164,0.9999999999897958,0.44545454545252067,0.616352200827578,0.9925537109374394,0.44545454545252067
medium,20000,2,Hough transform baseline,2,3,1,0.5075801815143921,0.6905661881977672,0.6507936507936508,0.0,0.6666666666666667,0,1,109,0,155,16120,0.9999999999908257,0.412878787877224,0.5844504017279791,0.9905395507811895,0.412878787877224
medium,20000,3,Hough transform baseline,4,5,1,0.8209031422238198,0.6983725071225071,0.883177570093458,1.0,0.8,0,0,189,6,372,15817,0.9692307692257989,0.33689839572132463,0.4999999996158667,0.9769287109374404,0.33333333333274545
medium,20000,4,Hough transform baseline,4,5,1,0.632757463137599,0.8944408795113021,0.7512953367875648,0.0,0.8,0,1,304,52,400,15628,0.8539325842672643,0.4318181818175684,0.5735849052131862,0.9724121093749406,0.40211640211587024
medium,20000,5,Hough transform baseline,5,5,0,0.6878937819231623,0.757438596491228,0.8185654008438819,0.3333333333333333,1.0,1,3,203,36,265,15880,0.8493723849336847,0.4337606837597569,0.5742574252934066,0.98162841796869,0.40277777777697865
medium,20000,6,Hough transform baseline,1,1,0,0.805610294117647,0.5941666666666666,0.9411764705882353,1.0,1.0,0,0,34,1,67,16282,0.9714285714008164,0.3366336633630036,0.49999999961040226,0.9958496093749392,0.3333333333300654
medium,20000,7,Hough transform baseline,4,5,1,0.6323932350718064,0.8556584362139917,0.8367346938775511,0.0,0.8,0,1,225,0,58,16101,0.9999999999955556,0.7950530035307596,0.8858267711565736,0.9964599609374392,0.7950530035307596
medium,20000,8,Hough transform baseline,3,3,0,0.9106190476190476,0.9177777777777778,0.9880952380952381,0.8,1.0,1,1,170,0,84,16130,0.9999999999941177,0.6692913385800422,0.8018867919686722,0.9948730468749393,0.6692913385800422
medium,20000,9,Hough transform baseline,2,3,1,0.5300503370503371,0.7474592074592075,0.6351351351351351,0.0,0.6666666666666667,0,1,66,0,66,16252,0.9999999999848485,0.49999999999621214,0.6666666662154882,0.9959716796874392,0.49999999999621214
medium,20000,10,Hough transform baseline,4,6,2,0.463963667245451,0.6100379506641367,0.6138996138996139,0.0,0.6666666666666667,0,1,201,36,260,15887,0.8481012658192063,0.4360086767886421,0.5759312316415341,0.98193359374994,0.40442655935532307
medium,20000,11,Hough transform baseline,4,8,4,0.5611798679867988,0.7685185185185186,0.8267326732673268,0.0,0.5,0,3,184,15,289,15896,0.9246231155732432,0.38900634249389215,0.547619047200543,0.98144531249994,0.3770491803270962
medium,20000,12,Hough transform baseline,5,8,3,0.5963137399732236,0.8200037997734124,0.6240601503759399,0.16,0.625,1,5,307,80,336,15661,0.7932816537447203,0.4774494556757738,0.5961165043840984,0.9746093749999405,0.4246196403866879
medium,20000,13,Hough transform baseline,5,5,0,0.6616226629105886,0.8500837679785047,0.8954248366013072,0.0,1.0,0,1,123,5,210,16046,0.9609374999924928,0.36936936936826015,0.5336225592494859,0.9868774414061897,0.36390532544271037
medium,20000,14,Hough transform baseline,3,6,3,0.6982869623655914,0.852824074074074,0.8225806451612903,0.4,0.5,1,2,117,4,170,16093,0.9669421487523393,0.4076655052250604,0.5735294113446631,0.9893798828124396,0.40206185566872144
medium,20000,15,Hough transform baseline,2,2,0,0.9381976744186047,0.8833333333333334,0.9534883720930233,1.0,1.0,0,0,45,0,42,16297,0.9999999999777779,0.5172413793043995,0.6818181813584709,0.997436523437439,0.5172413793043995
medium,20000,16,Hough transform baseline,3,4,1,0.5116024767801858,0.6075610595115238,0.8160000000000001,0.0,0.75,0,1,119,0,112,16153,0.9999999999915966,0.515151515149285,0.6799999995473143,0.9931640624999394,0.515151515149285
medium,20000,17,Hough transform baseline,4,7,3,0.6880957962434823,0.8592326521924223,0.5964912280701755,0.5,0.5714285714285714,1,2,234,90,323,15737,0.7222222222199932,0.4201077199274325,0.5312145284781482,0.9747924804686905,0.3616692426578645
medium,20000,18,Hough transform baseline,3,3,0,0.9832333767926988,0.9695784441547153,0.9846153846153847,1.0,1.0,0,0,129,0,120,16135,0.9999999999922481,0.518072289154546,0.6825396820864618,0.9926757812499394,0.518072289154546
medium,20000,19,Hough transform baseline,2,2,0,0.9399528301886793,0.8833333333333334,0.9622641509433962,1.0,1.0,0,0,55,0,42,16287,0.9999999999818182,0.5670103092725051,0.7236842100549687,0.997436523437439,0.5670103092725051
medium,20000,20,Hough transform baseline,1,1,0,1.0,1.0,1.0,1.0,1.0,0,0,65,0,0,16319,0.9999999999846153,0.9999999999846153,0.9999999994846154,0.9999999999999389,0.9999999999846153
medium,20000,21,Hough transform baseline,4,12,8,0.3859623563218391,0.6722126436781609,0.2506666666666667,0.0,0.33333333333333337,0,20,317,275,336,15456,0.5354729729720684,0.48545176110185995,0.5092369472915469,0.9627075195311913,0.3415948275858388
medium,20000,22,Hough transform baseline,3,3,0,0.8671944444444445,0.783888888888889,0.8222222222222222,1.0,1.0,0,0,93,17,78,16196,0.8454545454468595,0.5438596491196266,0.6619217077039043,0.9942016601561893,0.4946808510611985
medium,20000,23,Hough transform baseline,1,1,0,1.0,1.0,1.0,1.0,1.0,0,0,43,0,0,16341,0.9999999999767443,0.9999999999767443,0.9999999994767443,0.9999999999999389,0.9999999999767443
medium,20000,24,Hough transform baseline,1,1,0,1.0,1.0,1.0,1.0,1.0,0,0,60,0,0,16324,0.9999999999833334,0.9999999999833334,0.9999999994833335,0.9999999999999389,0.9999999999833334
medium,20000,25,Hough transform baseline,4,4,0,0.8273121929931393,0.7266702977487292,0.7515527950310559,1.0,1.0,0,0,106,38,149,16091,0.7361111111059992,0.4156862745081738,0.5313283203380381,0.9885864257811896,0.361774744026069
medium,20000,26,Hough transform baseline,1,1,0,1.0,1.0,1.0,1.0,1.0,0,0,18,0,0,16366,0.9999999999444444,0.9999999999444444,0.9999999994444444,0.9999999999999389,0.9999999999444444
medium,20000,27,Hough transform baseline,3,3,0,0.974285563305855,0.9539679184574555,0.975,1.0,1.0,0,0,163,0,284,15937,0.9999999999938651,0.36465324384705894,0.534426229114824,0.98266601562494,0.36465324384705894
medium,20000,28,Hough transform baseline,4,4,0,0.9766392441628816,0.9543913857677904,0.9858156028368794,1.0,1.0,0,0,145,0,184,16055,0.9999999999931035,0.4407294832813352,0.6118143455643238,0.9887695312499396,0.4407294832813352
medium,20000,29,Hough transform baseline,1,1,0,1.0,1.0,1.0,1.0,1.0,0,0,15,0,0,16369,0.9999999999333333,0.9999999999333333,0.9999999994333333,0.9999999999999389,0.9999999999333333
medium,20000,30,Hough transform baseline,2,2,0,0.9139772727272727,0.825,0.9636363636363636,1.0,1.0,0,0,57,0,28,16299,0.9999999999824563,0.6705882352862284,0.8028169009165841,0.998291015624939,0.6705882352862284
medium,20000,31,Hough transform baseline,3,5,2,0.5766055612866052,0.8217535153019024,0.7340823970037453,0.0,0.6,0,1,208,32,321,15823,0.8666666666630556,0.39319470699358566,0.5409622882558166,0.9784545898436903,0.37076648841288634
medium,20000,32,Hough transform baseline,4,4,0,0.9480749173476389,0.8979442607725311,0.97,1.0,1.0,0,0,204,0,244,15936,0.9999999999950981,0.45535714285612644,0.6257668707337498,0.9851074218749398,0.45535714285612644
medium,20000,33,Hough transform baseline,3,3,0,0.8859868724090281,0.7918803418803418,0.8982035928143712,1.0,1.0,0,0,146,14,235,15989,0.912499999994297,0.383202099736527,0.5397412195444733,0.9848022460936898,0.36962025316362124
medium,20000,34,Hough transform baseline,3,3,0,0.9564942528735633,0.9144316730523627,0.975,1.0,1.0,0,0,157,0,169,16058,0.9999999999936307,0.4815950920230626,0.6501035192272588,0.9896850585936896,0.4815950920230626
medium,20000,35,Hough transform baseline,1,1,0,1.0,1.0,1.0,1.0,1.0,0,0,45,0,0,16339,0.9999999999777779,0.9999999999777779,0.999999999477778,0.9999999999999389,0.9999999999777779
medium,20000,36,Hough transform baseline,2,2,0,1.0,1.0,1.0,1.0,1.0,1,1,126,0,0,16258,0.9999999999920635,0.9999999999920635,0.9999999994920634,0.9999999999999389,0.9999999999920635
medium,20000,37,Hough transform baseline,1,2,1,0.7910726495726497,0.7835802469135802,0.6923076923076923,1.0,0.5,0,0,63,7,89,16225,0.8999999999871429,0.41447368420779956,0.5675675671306711,0.9941406249999393,0.39622641509184764
medium,20000,38,Hough transform baseline,5,8,3,0.5605404795940728,0.7415787380699893,0.5943775100401607,0.18181818181818182,0.625,2,11,353,88,597,15346,0.800453514737414,0.37157894736802993,0.5075485258063355,0.9581909179686915,0.3400770712906165
medium,20000,39,Hough transform baseline,2,3,1,0.6058184523809523,0.86875,0.7410714285714286,0.0,0.6666666666666667,0,1,89,6,108,16181,0.9368421052532964,0.45177664974389964,0.6095890406527256,0.9930419921874394,0.43842364531803735
medium,20000,40,Hough transform baseline,5,14,9,0.3291478751468053,0.5012236376183065,0.2921174652241113,0.03783783783783783,0.3571428571428571,2,37,334,151,231,15668,0.6886597938130131,0.5911504424768298,0.6361904756921668,0.9766845703124404,0.4664804469267228
medium,20000,41,Hough transform baseline,1,1,0,0.9644444444444444,0.9333333333333333,0.9722222222222222,1.0,1.0,0,0,73,0,142,16169,0.9999999999863013,0.33953488371935103,0.506944444062476,0.9913330078124395,0.33953488371935103
medium,20000,42,Hough transform baseline,1,1,0,0.9192412280701755,0.8283333333333334,0.9824561403508771,1.0,1.0,0,0,51,0,62,16271,0.9999999999803922,0.45132743362432454,0.6219512190760708,0.9962158203124392,0.45132743362432454
medium,20000,43,Hough transform baseline,4,4,0,0.98095266004001,0.9624515503875969,0.989247311827957,1.0,1.0,2,2,281,0,147,15956,0.9999999999964413,0.6565420560732323,0.792665725894434,0.9910278320311895,0.6565420560732323
medium,20000,44,Hough transform baseline,5,7,2,0.7274485232689568,0.8739441195581547,0.8970588235294118,0.3333333333333333,0.7142857142857143,1,3,124,0,135,16125,0.9999999999919355,0.4787644787626303,0.6475195818041707,0.9917602539061895,0.4787644787626303
medium,20000,45,Hough transform baseline,5,5,0,0.8061662477902887,0.8686811278456632,0.9512987012987013,0.5,1.0,1,2,284,6,410,15684,0.9793103448242093,0.4092219020167014,0.5772357719408338,0.9746093749999405,0.4057142857137061
medium,20000,46,Hough transform baseline,5,6,1,0.5834386475593373,0.59985088985089,0.9008620689655172,0.19999999999999998,0.8333333333333334,1,3,161,34,308,15881,0.8256410256367916,0.3432835820888203,0.4849397586198242,0.9791259765624402,0.3200795228621867
medium,20000,47,Hough transform baseline,2,2,0,0.25456709956709955,0.18571428571428572,0.35497835497835495,0.0,1.0,0,1,80,106,151,16047,0.43010752687940806,0.3463203463188471,0.38369304506753155,0.9843139648436899,0.2373887240349039
medium,20000,48,Hough transform baseline,2,2,0,1.0,1.0,1.0,1.0,1.0,0,0,40,0,0,16344,0.9999999999750001,0.9999999999750001,0.9999999994750002,0.9999999999999389,0.9999999999750001
medium,20000,49,Hough transform baseline,4,5,1,0.577421721782647,0.738993710691824,0.8243727598566308,0.0,0.8,0,1,271,11,365,15737,0.9609929077980107,0.42610062893014766,0.5904139429281852,0.9770507812499404,0.4188562596593217
medium,20000,50,Hough transform baseline,4,5,1,0.5674034231167384,0.7767004985754986,0.68944099378882,0.0,0.8,0,2,120,19,263,15982,0.8633093525117748,0.31331592689213233,0.4597701145500139,0.9827880859374399,0.2985074626858246
medium,20000,51,Hough transform baseline,2,2,0,0.7649487734487734,0.4974170274170274,0.9555555555555556,1.0,1.0,0,0,82,1,171,16130,0.9879518072170126,0.3241106719354778,0.48809523772032665,0.9895019531249396,0.32283464566802034
medium,20000,52,Hough transform baseline,3,4,1,0.8232143466234063,0.7451358240376771,0.814516129032258,1.0,0.75,1,1,194,27,237,15926,0.8778280542946705,0.45011600927969814,0.5950920240899215,0.9838867187499399,0.42358078602527605
medium,20000,53,Hough transform baseline,2,2,0,0.8785164505269655,0.7514555660974067,0.9518072289156626,1.0,1.0,0,0,67,0,126,16191,0.9999999999850746,0.34715025906555885,0.515384614998077,0.9923095703124394,0.34715025906555885
medium,20000,54,Hough transform baseline,5,5,0,0.9366168414918415,0.9150925925925926,0.8741258741258742,1.0,1.0,1,1,215,24,91,16054,0.8995815899543951,0.7026143790826712,0.7889908251927346,0.9929809570311894,0.6515151515131773
medium,20000,55,Hough transform baseline,4,5,1,0.4412660256410257,0.6176282051282052,0.41666666666666663,0.0,0.8,0,1,101,69,76,16138,0.5941176470553288,0.5706214689233299,0.5821325643383468,0.9911499023436895,0.4105691056893879
medium,20000,56,Hough transform baseline,4,4,0,0.32625055397277625,0.31256410256410255,0.42798353909465026,0.0,1.0,0,1,49,139,56,16140,0.26063829787095405,0.46666666666222223,0.3344709892989319,0.9880981445311897,0.2008196721303245
medium,20000,57,Hough transform baseline,4,4,0,0.9373057173248238,0.9388309178743961,0.9908256880733946,0.8666666666666667,1.0,3,3,284,0,283,15817,0.9999999999964789,0.5008818342142841,0.6674500583081326,0.98272705078119,0.5008818342142841
medium,20000,58,Hough transform baseline,1,1,0,0.9556034482758621,0.9166666666666666,0.9655172413793104,1.0,1.0,0,0,59,0,114,16211,0.9999999999830509,0.34104046242577435,0.5086206892715146,0.9930419921874394,0.34104046242577435
medium,20000,59,Hough transform baseline,3,4,1,0.7032417582417583,0.7666666666666667,0.7912087912087912,0.5,0.75,1,2,165,19,69,16131,0.896739130429909,0.7051282051251918,0.789473683713903,0.9946289062499393,0.6521739130409006
medium,20000,60,Hough transform baseline,2,2,0,0.965701754385965,0.9385964912280702,0.9666666666666667,1.0,1.0,0,0,62,0,82,16240,0.999999999983871,0.43055555555256564,0.6019417471461966,0.9949951171874393,0.43055555555256564
medium,20000,61,Hough transform baseline,5,6,1,0.6333683213338386,0.8987346497691325,0.7280219780219781,0.0,0.8333333333333334,0,4,290,76,380,15638,0.7923497267737915,0.4328358208948764,0.5598455593875314,0.9721679687499406,0.38873994638017595
medium,20000,62,Hough transform baseline,2,2,0,0.9771939283344393,0.9558080808080808,0.9854014598540146,1.0,1.0,0,0,119,0,134,16131,0.9999999999915966,0.4703557312234373,0.6397849457979968,0.9918212890624394,0.4703557312234373
medium,20000,63,Hough transform baseline,2,2,0,0.9440139700724807,0.885354609929078,0.978021978021978,1.0,1.0,0,0,93,0,189,16102,0.9999999999892473,0.32978723404138377,0.4959999996243627,0.9884643554686896,0.32978723404138377
medium,20000,64,Hough transform baseline,4,5,1,0.4450130400359237,0.5113984869015358,0.6744186046511628,0.0,0.8,0,2,143,2,228,16011,0.9862068965449228,0.38544474393427103,0.5542635654852397,0.9859619140624398,0.3833780160847631
medium,20000,65,Hough transform baseline,3,4,1,0.6136790701128936,0.8001543209876543,0.893048128342246,0.0,0.75,0,2,172,10,274,15928,0.9450549450497525,0.38565022421438194,0.5477707002235587,0.98266601562494,0.3771929824553132
medium,20000,66,Hough transform baseline,5,6,1,0.7652134572181749,0.8155605680868838,0.8601036269430051,0.5714285714285714,0.8333333333333334,4,7,318,67,398,15601,0.8259740259718806,0.4441340782116702,0.5776566752934603,0.9716186523436907,0.40613026819871506
medium,20000,67,Hough transform baseline,5,5,0,0.9777934074230827,0.957618230358505,0.9843260188087775,1.0,1.0,1,1,290,0,421,15673,0.9999999999965518,0.40787623066046713,0.5794205790078653,0.9743041992186905,0.40787623066046713
medium,20000,68,Hough transform baseline,4,5,1,0.6041258887092222,0.7659253983328058,0.8972972972972972,0.0,0.8,0,1,175,1,264,15944,0.9943181818125324,0.398633257402281,0.5691056906464987,0.9838256835936899,0.3977272727263688
medium,20000,69,Hough transform baseline,1,1,0,1.0,1.0,1.0,1.0,1.0,0,0,63,0,0,16321,0.999999999984127,0.999999999984127,0.9999999994841271,0.9999999999999389,0.999999999984127
medium,20000,70,Hough transform baseline,2,3,1,0.4946610458184296,0.724561403508772,0.5097087378640777,0.0,0.6666666666666667,0,1,121,52,225,15986,0.6994219653138762,0.3497109826579488,0.46628130976570475,0.9830932617186899,0.3040201005017487
medium,20000,71,Hough transform baseline,1,1,0,0.922610294117647,0.8541666666666666,0.9411764705882353,1.0,1.0,0,0,35,0,66,16283,0.9999999999714286,0.3465346534619155,0.5147058819631272,0.9959716796874392,0.3465346534619155
medium,20000,72,Hough transform baseline,2,2,0,0.9814242455883889,0.9672131147540984,0.9808917197452229,1.0,1.0,0,0,149,1,91,16143,0.9933333333267111,0.6208333333307465,0.7641025636252727,0.9943847656249393,0.618257261408223
medium,20000,73,Hough transform baseline,5,7,2,0.5592794681942648,0.6378168076274668,0.8166666666666667,0.15,0.7142857142857143,1,4,252,5,429,15698,0.9805447470778967,0.37004405286289277,0.5373134324368388,0.9735107421874406,0.3673469387749747
medium,20000,74,Hough transform baseline,4,4,0,0.7256323257387773,0.8888695557727815,0.7948717948717949,0.26666666666666666,1.0,1,3,240,32,399,15713,0.8823529411732267,0.3755868544595061,0.5268935231804279,0.9736938476561905,0.35767511177293937
medium,20000,75,Hough transform baseline,3,3,0,0.959432956251113,0.9236679396253865,0.9689119170984456,1.0,1.0,1,1,179,2,410,15793,0.9889502762376302,0.30390492359880494,0.4649350645742385,0.9748535156249405,0.3028764805409427
medium,20000,76,Hough transform baseline,3,5,2,0.5645257092198581,0.8162037037037037,0.6861702127659575,0.0,0.6,0,1,164,24,216,15980,0.8723404255272749,0.4315789473672853,0.5774647882874925,0.9853515624999398,0.40594059405840116
medium,20000,77,Hough transform baseline,5,5,0,0.9549017930727254,0.9089141824751582,0.9794520547945206,1.0,1.0,1,1,296,0,354,15734,0.9999999999966217,0.4553846153839148,0.6257928114080159,0.9783935546874403,0.4553846153839148
medium,20000,78,Hough transform baseline,3,4,1,0.5743667953667954,0.8279579579579579,0.6339285714285714,0.0,0.75,0,1,96,0,60,16228,0.9999999999895833,0.6153846153806707,0.7619047614270598,0.9963378906249392,0.6153846153806707
medium,20000,79,Hough transform baseline,5,5,0,0.9838650415818896,0.9672744273024777,0.9929577464788732,1.0,1.0,2,2,270,0,64,16050,0.9999999999962963,0.8083832335305139,0.8940397346019912,0.9960937499999392,0.8083832335305139
medium,20000,80,Hough transform baseline,2,2,0,1.0,1.0,1.0,1.0,1.0,0,0,37,0,0,16347,0.9999999999729731,0.9999999999729731,0.9999999994729731,0.9999999999999389,0.9999999999729731
medium,20000,81,Hough transform baseline,2,2,0,1.0,1.0,1.0,1.0,1.0,0,0,78,0,0,16306,0.9999999999871795,0.9999999999871795,0.9999999994871795,0.9999999999999389,0.9999999999871795
medium,20000,82,Hough transform baseline,3,3,0,0.9716086811313802,0.9478821171918188,0.9753086419753086,1.0,1.0,1,1,153,1,110,16120,0.9935064935000423,0.5817490494274459,0.7338129491709309,0.9932250976561894,0.5795454545432593
medium,20000,83,Hough transform baseline,3,4,1,0.9263986013986014,0.9197746697746697,0.9375,1.0,0.75,0,0,173,1,204,16006,0.9942528735575044,0.4588859416433451,0.627949182868673,0.9874877929686897,0.4576719576707469
medium,20000,84,Hough transform baseline,1,1,0,0.9605128205128205,0.9259259259259259,0.9692307692307692,1.0,1.0,0,0,66,0,132,16186,0.9999999999848485,0.33333333333164983,0.4999999996212121,0.9919433593749394,0.33333333333164983
medium,20000,85,Hough transform baseline,5,9,4,0.368552614379085,0.523,0.388235294117647,0.0,0.5555555555555556,0,8,195,161,192,15836,0.5477528089872254,0.5038759689909461,0.5248990573729433,0.9784545898436903,0.35583941605774483
medium,20000,86,Hough transform baseline,1,1,0,1.0,1.0,1.0,1.0,1.0,0,0,37,0,0,16347,0.9999999999729731,0.9999999999729731,0.9999999994729731,0.9999999999999389,0.9999999999729731
medium,20000,87,Hough transform baseline,5,8,3,0.5746272727272728,0.7163434343434344,0.6363636363636364,0.25,0.625,1,4,254,89,296,15745,0.740524781338949,0.46181818181734213,0.5688689804886382,0.9765014648436904,0.39749608763631067
medium,20000,88,Hough transform baseline,4,4,0,0.5349793998571089,0.6229411764705882,0.7732793522267206,0.0,1.0,0,1,166,70,172,15976,0.7033898305054942,0.4911242603535766,0.5783972120573274,0.9852294921874398,0.406862745097042
medium,20000,89,Hough transform baseline,1,2,1,0.8965601965601966,0.9292929292929293,0.8918918918918919,1.0,0.5,0,0,76,0,131,16177,0.9999999999868421,0.3671497584523326,0.5371024731015744,0.9920043945311894,0.3671497584523326
medium,20000,90,Hough transform baseline,3,3,0,0.9526861471861471,0.9064021164021163,0.974025974025974,1.0,1.0,0,0,157,0,274,15953,0.9999999999936307,0.36426914153047735,0.5340136050489321,0.9832763671874399,0.36426914153047735
medium,20000,91,Hough transform baseline,5,5,0,0.7327877736563273,0.7852110186823568,0.9472140762463344,0.36,1.0,2,5,260,35,434,15655,0.8813559322004022,0.37463976945190974,0.5257836193983157,0.9713745117186907,0.3566529492450526
medium,20000,92,Hough transform baseline,2,2,0,0.988507866273353,0.9783950617283951,0.9911504424778761,1.0,1.0,1,1,227,0,216,15941,0.9999999999955947,0.5124153498859765,0.6776119398484518,0.9868164062499397,0.5124153498859765
medium,20000,93,Hough transform baseline,3,4,1,0.5533565088757397,0.7526923076923077,0.6982248520710059,0.0,0.75,0,1,134,2,137,16111,0.9852941176398141,0.4944649446476219,0.6584766580284336,0.9915161132811895,0.4908424908406929
medium,20000,94,Hough transform baseline,4,4,0,0.4992615165474603,0.5386937810643715,0.7842465753424658,0.0,1.0,0,1,221,55,396,15712,0.8007246376782583,0.35818476499131574,0.49496080584279617,0.9724731445311906,0.32886904761855823
medium,20000,95,Hough transform baseline,5,5,0,0.9811486486486486,0.9611111111111111,0.9932432432432432,1.0,1.0,4,4,297,0,48,16039,0.999999999996633,0.8608695652148961,0.9252336443597257,0.9970703124999392,0.8608695652148961
medium,20000,96,Hough transform baseline,2,2,0,0.9483022270398108,0.8954519774011299,0.9767441860465116,1.0,1.0,0,0,88,0,124,16172,0.9999999999886363,0.41509433962068354,0.5866666662481778,0.9924316406249394,0.41509433962068354
medium,20000,97,Hough transform baseline,2,2,0,0.9621924425652274,0.9269121674491393,0.9754098360655737,1.0,1.0,0,0,102,1,202,16079,0.9902912621263078,0.33552631578837,0.5012285008479859,0.9876098632811897,0.33442622950710027
medium,20000,98,Hough transform baseline,2,2,0,0.9166386324212411,0.933871635610766,0.9819819819819819,0.8,1.0,1,1,106,0,63,16215,0.999999999990566,0.6272189349075313,0.7709090904297258,0.9961547851561892,0.6272189349075313
medium,20000,99,Hough transform baseline,1,1,0,0.5799285714285715,0.12999999999999998,0.8571428571428572,1.0,1.0,0,0,16,1,58,16309,0.941176470532872,0.21621621621329437,0.35164835133679506,0.9963989257811892,0.21333333333048887
medium,20000,100,Hough transform baseline,5,5,0,0.8209005516624422,0.9339181286549707,0.8781869688385269,0.5,1.0,1,2,290,34,185,15875,0.8950617283922992,0.6105263157881884,0.7259073837463287,0.9866333007811897,0.5697445972483896
medium,20000,101,Hough transform baseline,5,6,1,0.8056285074890289,0.8668887778333056,0.9824046920821115,0.5428571428571428,0.8333333333333334,4,7,284,11,472,15617,0.9627118644035163,0.37566137566087876,0.5404376779966921,0.9705200195311907,0.3702737940021248
medium,20000,102,Hough transform baseline,2,2,0,0.8548117283950617,0.6883333333333334,0.9753086419753086,1.0,1.0,0,0,83,0,46,16255,0.9999999999879517,0.6434108527081907,0.7830188674406816,0.9971923828124392,0.6434108527081907
medium,20000,103,Hough transform baseline,3,3,0,0.9280980698144594,0.8573119500150381,0.9615384615384616,1.0,1.0,0,0,159,0,310,15915,0.9999999999937108,0.33901918976473555,0.5063694263718153,0.98107910156244,0.33901918976473555
medium,20000,104,Hough transform baseline,4,7,3,0.5985418719211824,0.8177777777777777,0.8669950738916257,0.0,0.5714285714285714,0,3,196,5,267,15916,0.9751243781046014,0.423326133908373,0.5903614453592003,0.9833984374999399,0.4188034188025239
medium,20000,105,Hough transform baseline,2,2,0,0.9669498381877023,0.9351851851851851,0.9805825242718447,1.0,1.0,0,0,105,0,78,16201,0.9999999999904762,0.5737704918001434,0.7291666661982784,0.9952392578124393,0.5737704918001434
medium,20000,106,Hough transform baseline,2,3,1,0.8780344386258288,0.8532810391363023,0.8869565217391304,1.0,0.6666666666666667,0,0,84,2,278,16020,0.9767441860351541,0.23204419889438663,0.37499999968809794,0.9829101562499399,0.2307692307685968
medium,20000,107,Hough transform baseline,3,3,0,0.842685598377282,0.7863601532567049,0.6941176470588235,1.0,1.0,0,0,124,49,249,15962,0.7167630057762038,0.3324396782832911,0.45421245377787844,0.98181152343744,0.2938388625585454
medium,20000,108,Hough transform baseline,5,7,2,0.6324010433499421,0.7605297227316862,0.7811704834605597,0.25,0.7142857142857143,1,4,320,53,280,15731,0.8579088471826866,0.5333333333324445,0.6577595062062322,0.9796752929686902,0.49004594180629396
medium,20000,109,Hough transform baseline,1,1,0,0.9571264367816091,0.9195402298850575,0.9666666666666667,1.0,1.0,0,0,61,0,118,16205,0.9999999999836067,0.34078212290312415,0.5083333329499653,0.9927978515624394,0.34078212290312415
medium,20000,110,Hough transform baseline,1,2,1,0.8667477592829707,0.9151515151515153,0.7746478873239436,1.0,0.5,0,0,73,0,101,16210,0.9999999999863013,0.41954022988264633,0.591093116987723,0.9938354492186893,0.41954022988264633
medium,20000,111,Hough transform baseline,4,4,0,0.842774891217222,0.9283886471493822,1.0,0.5,1.0,2,1,206,0,255,15923,0.9999999999951457,0.4468546637734342,0.6176911539940165,0.9844360351561899,0.4468546637734342
medium,20000,112,Hough transform baseline,2,2,0,0.9479166666666667,0.9027777777777779,0.9583333333333334,1.0,1.0,0,0,50,0,50,16284,0.9999999999800001,0.499999999995,0.6666666662133334,0.9969482421874392,0.499999999995
medium,20000,113,Hough transform baseline,5,8,3,0.5895009532808146,0.7196680226091992,0.6943231441048034,0.2571428571428572,0.625,2,7,349,83,657,15295,0.8078703703685003,0.3469184890652615,0.48539638344547265,0.9548339843749417,0.32047750229538985
medium,20000,114,Hough transform baseline,1,1,0,1.0,1.0,1.0,1.0,1.0,0,0,30,0,0,16354,0.9999999999666667,0.9999999999666667,0.9999999994666666,0.9999999999999389,0.9999999999666667
medium,20000,115,Hough transform baseline,2,2,0,0.95127626344622,0.908185935230283,0.962962962962963,1.0,1.0,0,0,96,2,382,15904,0.979591836724698,0.20083682008326184,0.3333333330497926,0.9765624999999404,0.19999999999958334
medium,20000,116,Hough transform baseline,4,4,0,0.9884788229500123,0.9811827956989247,0.9847328244274809,1.0,1.0,0,0,135,0,130,16119,0.9999999999925927,0.5094339622622286,0.6749999995494376,0.9920654296874394,0.5094339622622286
medium,20000,117,Hough transform baseline,1,1,0,1.0,1.0,1.0,1.0,1.0,0,0,17,0,0,16367,0.9999999999411765,0.9999999999411765,0.9999999994411766,0.9999999999999389,0.9999999999411765
medium,20000,118,Hough transform baseline,3,4,1,0.8098184912081678,0.7304909560723514,0.7804878048780488,1.0,0.75,0,0,157,11,204,16012,0.934523809518247,0.43490304709020805,0.5935727783922871,0.9868774414061897,0.42204301075155365
medium,20000,119,Hough transform baseline,4,7,3,0.5742678571428572,0.8227777777777778,0.734375,0.0,0.5714285714285714,0,4,153,17,190,16024,0.8999999999947059,0.4460641399403905,0.5964912276247126,0.9873657226561897,0.42499999999881943
medium,20000,120,Hough transform baseline,5,6,1,0.7714380754380755,0.8394594594594594,0.9267399267399268,0.5,0.8333333333333334,2,2,245,16,135,15988,0.9386973180040663,0.6447368421035665,0.7644305767379361,0.9907836914061895,0.6186868686853063
medium,20000,121,Hough transform baseline,3,6,3,0.5507798489853706,0.7038461538461539,0.9202453987730062,0.0,0.5,1,3,162,0,156,16066,0.9999999999938273,0.509433962262549,0.67499999955,0.9904785156249395,0.509433962262549
medium,20000,122,Hough transform baseline,1,1,0,1.0,1.0,1.0,1.0,1.0,0,0,20,0,0,16364,0.99999999995,0.99999999995,0.99999999945,0.9999999999999389,0.99999999995
medium,20000,123,Hough transform baseline,5,8,3,0.6494615347018573,0.8348249158249158,0.8064516129032258,0.2,0.625,1,4,326,45,416,15597,0.878706199458548,0.4393530997298661,0.5858041325284471,0.9718627929686906,0.41423125794102383
medium,20000,124,Hough transform baseline,2,3,1,0.7860022457299221,0.665015197568389,0.8503937007874016,1.0,0.6666666666666667,0,0,128,0,199,16057,0.9999999999921876,0.3914373088673045,0.5626373622305326,0.9878540039061897,0.3914373088673045
medium,20000,125,Hough transform baseline,2,2,0,0.9606346483704974,0.9292929292929293,0.9622641509433962,1.0,1.0,0,0,55,0,72,16257,0.9999999999818182,0.43307086613832224,0.6043956039672141,0.9956054687499392,0.43307086613832224
medium,20000,126,Hough transform baseline,1,1,0,1.0,1.0,1.0,1.0,1.0,0,0,21,0,0,16363,0.999999999952381,0.999999999952381,0.9999999994523809,0.9999999999999389,0.999999999952381
medium,20000,127,Hough transform baseline,2,2,0,0.9616319444444444,0.9270833333333333,0.9722222222222222,1.0,1.0,0,0,65,0,82,16237,0.9999999999846153,0.44217687074529133,0.6132075467388304,0.9949951171874393,0.44217687074529133
medium,20000,128,Hough transform baseline,3,3,0,0.9659245514106952,0.9333010335917312,0.9796954314720813,1.0,1.0,2,2,198,0,236,15950,0.9999999999949496,0.45622119815563084,0.6265822780487502,0.9855957031249398,0.45622119815563084
medium,20000,129,Hough transform baseline,5,5,0,0.6880013698630137,0.8926666666666666,0.9315068493150684,0.0,1.0,0,1,213,10,184,15977,0.9551569506683626,0.5365239294696813,0.6870967737307129,0.9881591796874397,0.5233415233402375
medium,20000,130,Hough transform baseline,4,7,3,0.5388460311780862,0.7588583428789615,0.5010845986984815,0.16,0.5714285714285714,1,5,228,190,408,15558,0.5454545454532406,0.35849056603717216,0.4326375706780639,0.9635009765624412,0.27602905568973846
medium,20000,131,Hough transform baseline,2,2,0,0.9410261131570138,0.8862068965517242,0.9611650485436893,1.0,1.0,0,0,105,0,206,16073,0.9999999999904762,0.3376205787770495,0.5048076919278731,0.9874267578124397,0.3376205787770495
medium,20000,132,Hough transform baseline,3,3,0,0.9613554571414998,0.92815832581152,0.968421052631579,1.0,1.0,0,0,93,1,142,16148,0.9893617021171344,0.3957446808493798,0.5653495436613483,0.9912719726561895,0.3940677966084997
medium,20000,133,Hough transform baseline,3,3,0,0.7065511163337251,0.9154589371980677,0.972972972972973,0.0,1.0,0,1,113,0,52,16219,0.9999999999911504,0.6848484848443342,0.812949639799415,0.9968261718749392,0.6848484848443342
medium,20000,134,Hough transform baseline,4,5,1,0.6356335865416929,0.8612410426017797,0.8403755868544601,0.0,0.8,0,1,204,1,216,15963,0.995121951214658,0.48571428571312925,0.652799999557079,0.9867553710936897,0.48456057007010794
medium,20000,135,Hough transform baseline,3,3,0,0.9730697407167995,0.9472096530920061,0.9841269841269842,1.0,1.0,0,0,120,0,116,16148,0.9999999999916667,0.5084745762690319,0.6741573029200858,0.9929199218749394,0.5084745762690319
medium,20000,136,Hough transform baseline,4,4,0,0.8144768893387314,0.7478703703703704,0.6396761133603239,1.0,1.0,0,0,182,69,148,15985,0.7250996015907367,0.5515151515134803,0.6265060236034731,0.9867553710936897,0.45614035087604976
medium,20000,137,Hough transform baseline,1,1,0,0.9156431334622824,0.8409090909090909,0.9361702127659575,1.0,1.0,0,0,32,2,132,16218,0.9411764705605538,0.19512195121832243,0.32323232294459747,0.9918212890624394,0.19277108433618814
medium,20000,138,Hough transform baseline,4,4,0,0.8244467646765594,0.9448195251937985,0.9963898916967509,0.4,1.0,2,1,279,0,305,15800,0.9999999999964158,0.4777397260265792,0.646581691333839,0.98138427734369,0.4777397260265792
medium,20000,139,Hough transform baseline,3,3,0,0.898223396721186,0.896484893146647,0.974025974025974,0.8,1.0,1,1,156,0,210,16018,0.9999999999935898,0.42622950819555677,0.5977011490039196,0.9871826171874397,0.42622950819555677
medium,20000,140,Hough transform baseline,1,1,0,0.9628596149686351,0.9303482587064676,0.9710144927536232,1.0,1.0,0,0,70,0,136,16178,0.9999999999857142,0.33980582524106895,0.5072463764293216,0.9916992187499395,0.33980582524106895
medium,20000,141,Hough transform baseline,5,5,0,0.6953546874570304,0.9090670614513531,0.9313725490196079,0.0,1.0,0,1,180,8,278,15918,0.9574468085055455,0.3930131004358231,0.5572755413812841,0.98254394531244,0.38626609441977194
medium,20000,142,Hough transform baseline,5,5,0,0.7919045969353764,0.5521856540084388,0.9671052631578947,1.0,1.0,0,0,277,21,356,15730,0.9295302013391626,0.43759873617624395,0.5950590758255436,0.9769897460936904,0.4235474006109732
medium,20000,143,Hough transform baseline,5,7,2,0.7882207614876259,0.8736523142453462,0.8682432432432432,0.6,0.7142857142857143,3,3,240,11,317,15816,0.9561752988009714,0.4308797127460846,0.5940594055108354,0.9799804687499402,0.4225352112668617
medium,20000,144,Hough transform baseline,5,5,0,0.7384666666666666,0.8651111111111112,0.7458333333333333,0.4,1.0,1,2,187,56,130,16011,0.7695473250997138,0.5899053627741644,0.6678571423634886,0.9886474609374396,0.5013404825723825
medium,20000,145,Hough transform baseline,2,2,0,0.9574413863404688,0.9135802469135802,0.981651376146789,1.0,1.0,0,0,111,0,56,16217,0.999999999990991,0.6646706586786547,0.7985611505936805,0.9965820312499392,0.6646706586786547
medium,20000,146,Hough transform baseline,3,3,0,0.7946616721401204,0.8433641975308642,0.9507389162561576,0.5,1.0,1,2,189,5,180,16010,0.9742268041186896,0.5121951219498314,0.6714031967040057,0.9887084960936896,0.5053475935815365
medium,20000,147,Hough transform baseline,1,1,0,1.0,1.0,1.0,1.0,1.0,0,0,29,0,56,16299,0.9999999999655173,0.34117647058422146,0.5087719294362881,0.9965820312499392,0.34117647058422146
medium,20000,148,Hough transform baseline,4,5,1,0.5896646341463416,0.7694444444444444,0.8170731707317074,0.0,0.8,0,1,205,7,121,16051,0.9669811320709105,0.628834355826292,0.7620817839062339,0.9921874999999394,0.615615615613767
medium,20000,149,Hough transform baseline,3,3,0,0.9256783625730994,0.8441975308641976,0.9789473684210527,1.0,1.0,0,0,193,0,248,15943,0.9999999999948187,0.4376417233550167,0.6088328071455632,0.9848632812499398,0.4376417233550167
medium,20000,150,Hough transform baseline,2,4,2,0.49453385214007783,0.808,0.4046692607003891,0.0,0.5,0,4,133,81,175,15995,0.6214953270998996,0.43181818181677983,0.5095785435755641,0.9843749999999399,0.34190231362379975
medium,20000,151,Hough transform baseline,3,4,1,0.705923979864576,0.815096766848816,0.6956521739130435,0.5,0.75,1,2,241,27,217,15899,0.8992537313399281,0.5262008733612965,0.6639118452624441,0.9851074218749398,0.4969072164938208
medium,20000,152,Hough transform baseline,1,2,1,0.35069745845552297,0.45946236559139786,0.4696969696969697,0.0,0.5,0,1,52,0,50,16282,0.9999999999807693,0.5098039215636293,0.6753246748686118,0.9969482421874392,0.5098039215636293
medium,20000,153,Hough transform baseline,4,4,0,0.9421856898260302,0.882978508891751,0.9742268041237113,1.0,1.0,0,0,193,1,254,15936,0.9948453608196143,0.43176733780664034,0.602184086939508,0.9844360351561899,0.43080357142760983
medium,20000,154,Hough transform baseline,4,6,2,0.6089992417830441,0.8438725490196077,0.8129496402877698,0.0,0.6666666666666667,0,3,127,14,70,16173,0.9007092198517681,0.6446700507581489,0.7514792894501068,0.9948730468749393,0.6018957345943038
medium,20000,155,Hough transform baseline,2,4,2,0.8525839311334291,0.8837908496732026,0.774390243902439,1.0,0.5,0,0,168,0,231,15985,0.9999999999940477,0.42105263157789213,0.5925925921734927,0.9859008789061898,0.42105263157789213
medium,20000,156,Hough transform baseline,2,2,0,1.0,1.0,1.0,1.0,1.0,0,0,84,0,15,16285,0.9999999999880952,0.8484848484762779,0.9180327863785721,0.999084472656189,0.8484848484762779
medium,20000,157,Hough transform baseline,5,6,1,0.7272163379621921,0.7427232675161853,0.9232876712328767,0.5,0.8333333333333334,3,4,343,11,307,15723,0.9689265536695794,0.5276923076914959,0.683266931813015,0.9805908203124402,0.5189107413002739
medium,20000,158,Hough transform baseline,4,4,0,0.8477399497487437,0.8883333333333333,0.9899497487437185,0.6,1.0,1,1,202,0,54,16128,0.9999999999950495,0.7890624999969178,0.8820960693720944,0.9967041015624392,0.7890624999969178
medium,20000,159,Hough transform baseline,3,4,1,0.5555532776971457,0.7492378917378918,0.7169811320754718,0.0,0.75,0,1,129,19,177,16059,0.8716216216157323,0.4215686274496027,0.5682819378840458,0.9880371093749397,0.39692307692185563
medium,20000,160,Hough transform baseline,5,5,0,0.9474128440366972,0.8933333333333333,0.9770642201834863,1.0,1.0,0,0,204,0,293,15887,0.9999999999950981,0.4104627766591339,0.5820256771891144,0.98211669921869,0.4104627766591339
medium,20000,161,Hough transform baseline,2,2,0,0.9857210897313774,0.9731800766283525,0.988950276243094,1.0,1.0,0,0,183,0,180,16021,0.9999999999945356,0.5041322314035699,0.6703296698815562,0.9890136718749396,0.5041322314035699
medium,20000,162,Hough transform baseline,2,2,0,0.9560036231884058,0.9096376811594202,0.9833333333333333,1.0,1.0,0,0,122,0,190,16072,0.9999999999918032,0.39102564102438775,0.5622119811600585,0.9884033203124396,0.39102564102438775
medium,20000,163,Hough transform baseline,2,2,0,0.9663609307359308,0.9337121212121212,0.9809523809523809,1.0,1.0,0,0,90,0,174,16120,0.9999999999888889,0.3409090909077996,0.5084745758891123,0.9893798828124396,0.3409090909077996
medium,20000,164,Hough transform baseline,1,1,0,1.0,1.0,1.0,1.0,1.0,0,0,80,0,0,16304,0.9999999999875,0.9999999999875,0.9999999994875,0.9999999999999389,0.9999999999875
medium,20000,165,Hough transform baseline,1,1,0,1.0,1.0,1.0,1.0,1.0,0,0,23,0,0,16361,0.9999999999565218,0.9999999999565218,0.9999999994565218,0.9999999999999389,0.9999999999565218
medium,20000,166,Hough transform baseline,3,3,0,0.9455316742081448,0.8952991452991453,0.9632352941176471,1.0,1.0,0,0,131,2,180,16071,0.984962406007632,0.4212218649504141,0.5900900896677927,0.9888916015624396,0.4185303514363625
medium,20000,167,Hough transform baseline,5,6,1,0.7557717476883988,0.8929273252058737,0.817391304347826,0.42857142857142855,0.8333333333333334,3,7,301,1,350,15732,0.996688741718554,0.46236559139713923,0.6316894014545023,0.9785766601561903,0.46165644171708337
medium,20000,168,Hough transform baseline,1,1,0,0.9460144927536231,0.8985507246376812,0.9583333333333334,1.0,1.0,0,0,42,1,70,16271,0.9767441860237968,0.3749999999966518,0.5419354834630593,0.9956665039061892,0.3716814159259143
medium,20000,169,Hough transform baseline,3,3,0,0.6154762311901505,0.8312908496732027,0.7069767441860465,0.0,1.0,0,1,155,57,135,16037,0.7311320754682494,0.5344827586188466,0.6175298799876986,0.9882812499999396,0.4466858789612488
medium,20000,170,Hough transform baseline,5,5,0,0.8988529014844804,0.967251461988304,0.9846153846153847,0.6666666666666666,1.0,2,3,261,1,114,16008,0.9961832061030681,0.695999999998144,0.819466247550838,0.9929809570311894,0.6941489361683666
medium,20000,171,Hough transform baseline,3,3,0,0.9543374157620226,0.9149884959320667,0.962962962962963,1.0,1.0,0,0,104,0,166,16114,0.9999999999903846,0.3851851851837586,0.5561497322158483,0.9898681640624396,0.3851851851837586
medium,20000,172,Hough transform baseline,4,6,2,0.46684491400916084,0.7155172413793103,0.39097744360902253,0.0,0.6666666666666667,0,6,129,78,190,15987,0.623188405794091,0.40438871473227467,0.4904942960987508,0.9836425781249399,0.32493702770699007
medium,20000,173,Hough transform baseline,2,3,1,0.3580936843742708,0.40299888517279825,0.5503875968992248,0.0,0.6666666666666667,0,1,90,26,128,16140,0.7758620689588287,0.41284403669535397,0.5389221552320269,0.9906005859374395,0.3688524590148818
medium,20000,174,Hough transform baseline,2,3,1,0.460801282051282,0.5083333333333333,0.8269230769230769,0.0,0.6666666666666667,0,1,100,0,24,16260,0.99999999999,0.8064516128967222,0.8928571423549105,0.998535156249939,0.8064516128967222
medium,20000,175,Hough transform baseline,5,6,1,0.5358292195932804,0.6647289124717305,0.766839378238342,0.0,0.8333333333333334,0,2,175,3,203,16003,0.9831460674102072,0.4629629629617382,0.6294964024401299,0.9874267578124397,0.4593175853006317
medium,20000,176,Hough transform baseline,2,2,0,0.9804067895815043,0.9651741293532339,0.9803921568627451,1.0,1.0,0,0,104,0,136,16144,0.9999999999903846,0.4333333333315278,0.6046511623653326,0.9916992187499395,0.4333333333315278
medium,20000,177,Hough transform baseline,2,2,0,0.9829448329448329,0.9696969696969697,0.9829059829059829,1.0,1.0,0,0,119,0,156,16109,0.9999999999915966,0.43272727272569916,0.6040609132809013,0.9904785156249395,0.43272727272569916
medium,20000,178,Hough transform baseline,3,3,0,0.9867795005326074,0.9780907668231612,0.9831932773109243,1.0,1.0,0,0,122,0,144,16118,0.9999999999918032,0.4586466165396292,0.6288659789470719,0.9912109374999395,0.4586466165396292
medium,20000,179,Hough transform baseline,4,4,0,0.5975962486308872,0.7202272727272727,0.8674698795180723,0.0,1.0,0,1,224,28,414,15718,0.8888888888853615,0.3510971786828353,0.503370786109774,0.9730224609374406,0.3363363363358313
medium,20000,180,Hough transform baseline,5,5,0,0.5317488120087045,0.5849099692577954,0.5093632958801498,0.26666666666666666,1.0,1,3,143,97,176,15968,0.5958333333308508,0.44827586206756026,0.5116279064848999,0.9833374023436899,0.34374999999917366
medium,20000,181,Hough transform baseline,1,1,0,1.0,1.0,1.0,1.0,1.0,0,0,27,0,0,16357,0.999999999962963,0.999999999962963,0.9999999994629629,0.9999999999999389,0.999999999962963
medium,20000,182,Hough transform baseline,5,5,0,0.7307885460495558,0.7608921095008051,0.9419354838709677,0.4,1.0,2,1,289,7,496,15592,0.976351351348053,0.36815286624156923,0.5346901013589568,0.9692993164061908,0.36489898989852915
medium,20000,183,Hough transform baseline,4,5,1,0.6140743146773273,0.7920098039215687,0.8883495145631068,0.0,0.8,0,1,207,0,312,15865,0.9999999999951691,0.3988439306350697,0.57024793347507,0.98095703124994,0.3988439306350697
medium,20000,184,Hough transform baseline,2,3,1,0.8816361236802415,0.8567948717948719,0.8970588235294118,1.0,0.6666666666666667,0,0,139,0,241,16004,0.9999999999928059,0.36578947368324793,0.5356454716674054,0.9852905273436898,0.36578947368324793
medium,20000,185,Hough transform baseline,4,4,0,0.9454212037962038,0.8933658008658009,0.967032967032967,1.0,1.0,0,0,186,0,302,15896,0.9999999999946237,0.38114754098282555,0.5519287829815355,0.98156738281244,0.38114754098282555
medium,20000,186,Hough transform baseline,3,3,0,0.9654835847382431,0.9323671497584541,0.9795918367346939,1.0,1.0,0,0,101,0,52,16231,0.9999999999900989,0.6601307189499338,0.7952755900658751,0.9968261718749392,0.6601307189499338
medium,20000,187,Hough transform baseline,5,7,2,0.8745044864695695,0.9261259928887904,0.9315960912052117,0.8,0.7142857142857143,4,5,307,0,328,15749,0.9999999999967427,0.48346456692837253,0.6518046704721873,0.9799804687499402,0.48346456692837253
medium,20000,188,Hough transform baseline,2,2,0,0.9569745251198295,0.9179586563307494,0.9694656488549618,1.0,1.0,1,1,132,0,250,16002,0.9999999999924243,0.3455497382189907,0.5136186766590864,0.9847412109374398,0.3455497382189907
medium,20000,189,Hough transform baseline,3,3,0,0.9140620731015424,0.823743532572964,0.9668874172185431,1.0,1.0,1,1,144,2,153,16085,0.9863013698562583,0.4848484848468524,0.6501128663723128,0.9905395507811895,0.48160535116895786
medium,20000,190,Hough transform baseline,2,2,0,0.9659049616028144,0.9351398601398602,0.9754601226993865,1.0,1.0,0,0,165,0,322,15897,0.9999999999939394,0.33880903490690184,0.5061349689455522,0.9803466796874402,0.33880903490690184
medium,20000,191,Hough transform baseline,4,4,0,0.9743579478594219,0.9492774428174945,0.9859154929577465,1.0,1.0,1,1,261,0,332,15791,0.9999999999961686,0.44013490725052257,0.6112412173727301,0.9797363281249402,0.44013490725052257
medium,20000,192,Hough transform baseline,4,5,1,0.9116085043988269,0.910241120886282,0.86,1.0,0.8,0,0,187,7,305,15885,0.9639175257682273,0.3800813008122356,0.545189503965941,0.98095703124994,0.374749498997245
medium,20000,193,Hough transform baseline,1,1,0,0.8139285714285714,0.65,0.8571428571428572,1.0,1.0,0,0,15,0,30,16339,0.9999999999333333,0.33333333332592596,0.4999999996083333,0.998168945312439,0.33333333332592596
medium,20000,194,Hough transform baseline,1,1,0,1.0,1.0,1.0,1.0,1.0,0,0,68,0,0,16316,0.9999999999852941,0.9999999999852941,0.9999999994852942,0.9999999999999389,0.9999999999852941
medium,20000,195,Hough transform baseline,4,4,0,0.97205845323741,0.9475,0.9784172661870504,1.0,1.0,1,1,120,0,144,16120,0.9999999999916667,0.4545454545437328,0.6249999995670573,0.9912109374999395,0.4545454545437328
medium,20000,196,Hough transform baseline,4,5,1,0.640231886657102,0.8740447154471545,0.8345588235294118,0.0,0.8,0,1,255,0,66,16063,0.9999999999960785,0.7943925233620113,0.8854166661701569,0.9959716796874392,0.7943925233620113
medium,20000,197,Hough transform baseline,2,2,0,0.9587997476568133,0.9145321637426901,0.9863013698630136,1.0,1.0,0,0,129,0,157,16098,0.9999999999922481,0.45104895104737397,0.6216867465565162,0.9904174804686895,0.45104895104737397
medium,20000,198,Hough transform baseline,3,3,0,0.6512551663435363,0.7883643072741352,0.9824561403508771,0.0,1.0,1,2,219,2,188,15975,0.99095022623986,0.538083538082216,0.6974522288410027,0.9884033203124396,0.5354523227370771
medium,20000,199,Hough transform baseline,1,1,0,1.0,1.0,1.0,1.0,1.0,0,0,73,0,0,16311,0.9999999999863013,0.9999999999863013,0.9999999994863014,0.9999999999999389,0.9999999999863013
medium,20000,200,Hough transform baseline,5,5,0,0.679275974025974,0.6783333333333332,0.8701298701298701,0.4,1.0,1,2,174,15,243,15952,0.9206349206300496,0.4172661870493591,0.5742574253114564,0.9842529296874399,0.4027777777768454
medium,20000,201,Hough transform baseline,4,6,2,0.6053369639851075,0.779431177860744,0.73963133640553,0.16,0.6666666666666667,1,5,371,19,445,15549,0.9512820512796121,0.45465686274454087,0.6152570476542357,0.9716796874999407,0.4443113772449769
medium,20000,202,Hough transform baseline,4,7,3,0.5951934035909446,0.7024074074074074,0.6098360655737705,0.4,0.5714285714285714,1,2,212,62,390,15720,0.7737226277344025,0.3521594684379532,0.48401826440917617,0.9724121093749406,0.31927710843325413
medium,20000,203,Hough transform baseline,1,1,0,0.9182041070050587,0.826386292834891,0.981651376146789,1.0,1.0,0,0,79,0,154,16151,0.9999999999873417,0.33905579398996116,0.5064102560288255,0.9906005859374395,0.33905579398996116
medium,20000,204,Hough transform baseline,1,1,0,0.9091639815880322,0.8093939393939393,0.9746835443037974,1.0,1.0,0,0,80,0,160,16144,0.9999999999875,0.3333333333319445,0.49999999962187497,0.9902343749999395,0.3333333333319445
medium,20000,205,Hough transform baseline,3,3,0,0.9533440773569701,0.9084967320261438,0.9726027397260274,1.0,1.0,0,0,76,0,40,16268,0.9999999999868421,0.6551724137874554,0.7916666661801216,0.997558593749939,0.6551724137874554
medium,20000,206,Hough transform baseline,5,5,0,0.9113589773339149,0.920739900064627,0.9851301115241635,0.8,1.0,1,1,238,0,221,15925,0.9999999999957984,0.5185185185173888,0.6829268288166007,0.9865112304686897,0.5185185185173888
medium,20000,207,Hough transform baseline,2,2,0,0.6775099067599067,0.3289393939393939,0.8974358974358975,1.0,1.0,0,0,41,0,82,16261,0.9999999999756098,0.3333333333306233,0.49999999961890246,0.9949951171874393,0.3333333333306233
medium,20000,208,Hough transform baseline,1,1,0,0.972918593894542,0.9492753623188406,0.9787234042553191,1.0,1.0,0,0,95,0,186,16103,0.9999999999894736,0.3380782918137435,0.5053191485558369,0.9886474609374396,0.3380782918137435
medium,20000,209,Hough transform baseline,3,4,1,0.5615439706862093,0.7014619883040936,0.8544303797468354,0.0,0.75,0,1,152,0,32,16200,0.9999999999934212,0.8260869565172496,0.9047619042610545,0.998046874999939,0.8260869565172496
medium,20000,210,Hough transform baseline,2,2,0,0.953230506822612,0.904298245614035,0.9814814814814815,1.0,1.0,0,0,110,0,158,16116,0.999999999990909,0.4104477611924984,0.5820105815948602,0.9903564453124395,0.4104477611924984
medium,20000,211,Hough transform baseline,5,7,2,0.537743749594782,0.6659924701058755,0.6902356902356903,0.1142857142857143,0.7142857142857143,1,7,246,38,393,15707,0.8661971830955416,0.3849765258209938,0.5330444199411736,0.9736938476561905,0.36336779911320033
medium,20000,212,Hough transform baseline,1,1,0,0.6495,0.27666666666666667,0.875,1.0,1.0,0,0,15,0,21,16348,0.9999999999333333,0.4166666666550926,0.588235293679354,0.998718261718689,0.4166666666550926
medium,20000,213,Hough transform baseline,1,1,0,1.0,1.0,1.0,1.0,1.0,0,0,40,0,0,16344,0.9999999999750001,0.9999999999750001,0.9999999994750002,0.9999999999999389,0.9999999999750001
medium,20000,214,Hough transform baseline,2,2,0,1.0,1.0,1.0,1.0,1.0,0,0,83,0,0,16301,0.9999999999879517,0.9999999999879517,0.9999999994879518,0.9999999999999389,0.9999999999879517
medium,20000,215,Hough transform baseline,5,5,0,0.9549610357315098,0.916632326007326,0.9623824451410659,1.0,1.0,2,2,274,10,166,15934,0.9647887323909691,0.6227272727258575,0.756906076869189,0.9892578124999396,0.6088888888875358
medium,20000,216,Hough transform baseline,5,7,2,0.5637243243243243,0.7542222222222221,0.7644787644787645,0.0,0.7142857142857143,0,3,216,45,287,15836,0.8275862068933809,0.4294234592436791,0.5654450257266967,0.9797363281249402,0.3941605839408866
medium,20000,217,Hough transform baseline,2,2,0,0.8921047598348185,0.7768475452196382,0.9626168224299065,1.0,1.0,0,0,109,0,218,16057,0.9999999999908257,0.33333333333231396,0.4999999996227064,0.9866943359374397,0.33333333333231396
medium,20000,218,Hough transform baseline,1,1,0,1.0,1.0,1.0,1.0,1.0,0,0,37,0,0,16347,0.9999999999729731,0.9999999999729731,0.9999999994729731,0.9999999999999389,0.9999999999729731
medium,20000,219,Hough transform baseline,5,7,2,0.6779901366319023,0.8328073768651019,0.8464912280701754,0.25,0.7142857142857143,1,4,178,12,116,16078,0.9368421052582272,0.605442176868689,0.7355371896026911,0.9921874999999394,0.5816993464033278
medium,20000,220,Hough transform baseline,4,4,0,0.8060677749360614,0.8970588235294118,0.8869565217391304,0.5,1.0,1,2,204,23,142,16015,0.8986784140929575,0.5895953757208393,0.7120418843358339,0.9899291992186896,0.5528455284537863
medium,20000,221,Hough transform baseline,3,3,0,0.9647737482643143,0.932900432900433,0.9748427672955975,1.0,1.0,0,0,162,0,194,16028,0.9999999999938273,0.45505617977400264,0.6254826250503421,0.9881591796874397,0.45505617977400264
medium,20000,222,Hough transform baseline,5,9,4,0.5949297699886592,0.7739340407315722,0.6805194805194805,0.22000000000000003,0.5555555555555556,3,10,313,28,392,15651,0.9178885630471616,0.443971631205044,0.5984703628481239,0.9743652343749405,0.4270122783077394
medium,20000,223,Hough transform baseline,3,4,1,0.8267785673018102,0.8242422268542643,0.9043478260869565,0.8,0.75,1,1,201,0,305,15878,0.999999999995025,0.3972332015802426,0.5685997167060132,0.98138427734369,0.3972332015802426
medium,20000,224,Hough transform baseline,5,6,1,0.5777275504151839,0.7728333333333333,0.7330960854092528,0.0,0.8333333333333334,0,4,241,26,200,15917,0.9026217228430614,0.5464852607697359,0.6807909599802539,0.9862060546874398,0.5160599571723425
medium,20000,225,Hough transform baseline,3,3,0,0.9864026325067576,0.976782752902156,0.984251968503937,1.0,1.0,0,0,130,0,136,16118,0.9999999999923078,0.4887218045094409,0.6565656561213141,0.9916992187499395,0.4887218045094409
medium,20000,226,Hough transform baseline,4,4,0,0.9803740373755991,0.9642530230765526,0.9823008849557522,1.0,1.0,0,0,225,0,358,15801,0.9999999999955556,0.3859348198964221,0.5569306926660836,0.9781494140624403,0.3859348198964221
medium,20000,227,Hough transform baseline,2,2,0,0.9635960214072353,0.9258876811594203,0.9847328244274809,1.0,1.0,0,0,112,1,203,16068,0.9911504424691049,0.3555555555544268,0.5233644855902372,0.9875488281249397,0.35443037974571384
medium,20000,228,Hough transform baseline,2,2,0,0.9363888888888888,0.8833333333333334,0.9444444444444444,1.0,1.0,0,0,38,0,42,16304,0.9999999999736843,0.4749999999940625,0.644067796162597,0.997436523437439,0.4749999999940625
medium,20000,229,Hough transform baseline,3,3,0,0.6157894736842106,0.7999999999999999,0.7789473684210526,0.0,1.0,0,1,137,39,110,16098,0.7784090909046681,0.5546558704430986,0.6477541366268631,0.9909057617186895,0.4790209790193041
medium,20000,230,Hough transform baseline,5,7,2,0.6311167127928683,0.8573954644299471,0.8693009118541033,0.0,0.7142857142857143,0,1,322,13,435,15614,0.961194029847877,0.4253632760892664,0.5897435893171802,0.9726562499999406,0.4181818181812751
medium,20000,231,Hough transform baseline,2,2,0,0.9422236842105264,0.895,0.9473684210526316,1.0,1.0,0,0,51,0,78,16255,0.9999999999803922,0.39534883720623765,0.5666666662542593,0.9952392578124393,0.39534883720623765
medium,20000,232,Hough transform baseline,1,1,0,0.9503076923076923,0.9066666666666666,0.9615384615384616,1.0,1.0,0,0,53,0,102,16229,0.9999999999811321,0.3419354838687617,0.509615384230723,0.9937744140624393,0.3419354838687617
medium,20000,233,Hough transform baseline,4,4,0,0.8454545454545455,0.9444444444444445,0.9772727272727273,0.5,1.0,1,2,213,1,196,15974,0.9953271027990873,0.5207823960867463,0.683788121537159,0.9879760742186897,0.5195121951206841
medium,20000,234,Hough transform baseline,1,1,0,0.9249350649350649,0.8585858585858586,0.9428571428571428,1.0,1.0,0,0,24,2,100,16258,0.9230769230414201,0.19354838709521333,0.3199999997091555,0.9937744140624393,0.19047619047467876
medium,20000,235,Hough transform baseline,4,4,0,0.9690511363636364,0.93375,0.9943181818181818,1.0,1.0,1,1,152,0,135,16097,0.9999999999934212,0.5296167247368306,0.6924829152616686,0.9917602539061895,0.5296167247368306
medium,20000,236,Hough transform baseline,4,4,0,0.8117825919621378,0.8813422678523697,0.9508928571428571,0.5,1.0,1,2,218,2,295,15869,0.9909090909045868,0.42495126705570185,0.5948158249534384,0.98187255859369,0.4233009708729645
medium,20000,237,Hough transform baseline,3,4,1,0.5367324561403508,0.7001461988304093,0.7333333333333334,0.0,0.75,0,1,196,3,304,15881,0.9849246231106286,0.39199999999921603,0.5608011440832417,0.98126220703119,0.3896620278322273
medium,20000,238,Hough transform baseline,1,1,0,0.9363977485928706,0.8803418803418804,0.9512195121951219,1.0,1.0,0,0,42,0,80,16262,0.9999999999761906,0.3442622950791454,0.5121951215639501,0.9951171874999393,0.3442622950791454
medium,20000,239,Hough transform baseline,4,4,0,0.9613441461595823,0.9290123456790123,0.9664429530201343,1.0,1.0,0,0,138,2,190,16054,0.985714285707245,0.42073170731579046,0.5897435893217546,0.9882812499999396,0.418181818180551
medium,20000,240,Hough transform baseline,2,2,0,1.0,1.0,1.0,1.0,1.0,0,0,69,0,0,16315,0.9999999999855071,0.9999999999855071,0.9999999994855071,0.9999999999999389,0.9999999999855071
medium,20000,241,Hough transform baseline,2,2,0,0.9882539768717086,0.9793510324483776,0.9877300613496932,1.0,1.0,0,0,165,0,228,15991,0.9999999999939394,0.41984732824320653,0.5913978490437237,0.9860839843749398,0.41984732824320653
medium,20000,242,Hough transform baseline,4,4,0,0.6130532094594595,0.8302083333333334,0.6972972972972973,0.0,1.0,0,1,113,37,149,16085,0.7533333333283112,0.431297709922018,0.5485436888546753,0.9886474609374396,0.3779264214034183
medium,20000,243,Hough transform baseline,1,1,0,0.9585483870967743,0.9222222222222223,0.967741935483871,1.0,1.0,0,0,63,0,122,16199,0.999999999984127,0.3405405405386998,0.5080645157459353,0.9925537109374394,0.3405405405386998
medium,20000,244,Hough transform baseline,4,5,1,0.6073564621579739,0.7094790068156996,0.6654545454545455,0.3,0.8,1,2,136,94,294,15860,0.591304347823516,0.31627906976670633,0.41212121166587695,0.9763183593749404,0.25954198473232915
medium,20000,245,Hough transform baseline,4,3,1,0.81205734149764,0.7214759535655059,0.811965811965812,1.0,0.75,0,0,193,0,348,15843,0.9999999999948187,0.3567467652488785,0.5258855581940657,0.9787597656249403,0.3567467652488785
medium,20000,246,Hough transform baseline,2,2,0,1.0,1.0,1.0,1.0,1.0,0,0,144,0,0,16240,0.9999999999930557,0.9999999999930557,0.9999999994930557,0.9999999999999389,0.9999999999930557
medium,20000,247,Hough transform baseline,1,1,0,0.9699929128277817,0.9437751004016064,0.9764705882352941,1.0,1.0,0,0,86,0,168,16130,0.9999999999883721,0.33858267716402135,0.5058823525602768,0.9897460937499396,0.33858267716402135
medium,20000,248,Hough transform baseline,2,2,0,1.0,1.0,1.0,1.0,1.0,0,0,69,0,112,16203,0.9999999999855071,0.38121546961115355,0.5519999995959359,0.9931640624999394,0.38121546961115355
medium,20000,249,Hough transform baseline,3,3,0,0.9526022827746967,0.9099974099974102,0.9655172413793104,1.0,1.0,1,1,176,0,334,15874,0.9999999999943182,0.34509803921500964,0.5131195331447271,0.9796142578124402,0.34509803921500964
medium,20000,250,Hough transform baseline,5,7,2,0.6997668015796293,0.8543848877249139,0.9693251533742331,0.19999999999999998,0.7142857142857143,1,3,328,1,403,15652,0.9969604863191582,0.44870041039610303,0.6188679240990477,0.9753417968749405,0.44808743169337695
medium,20000,251,Hough transform baseline,2,2,0,0.5867570093457944,0.8200000000000001,0.5887850467289719,0.0,1.0,0,1,56,30,53,16245,0.6511627906901027,0.5137614678851948,0.5743589738600393,0.9949340820311893,0.40287769783882826
medium,20000,252,Hough transform baseline,3,3,0,0.9656627910365125,0.9332530362340662,0.978494623655914,1.0,1.0,0,0,189,0,198,15997,0.999999999994709,0.48837209302199386,0.6562499995568033,0.9879150390624397,0.48837209302199386
medium,20000,253,Hough transform baseline,4,4,0,0.7832983949320649,0.8266080191272857,0.9316239316239316,0.5,1.0,1,2,314,12,400,15658,0.9631901840461252,0.43977591036352975,0.6038461534145858,0.9748535156249405,0.4325068870517459
medium,20000,254,Hough transform baseline,2,2,0,1.0,1.0,1.0,1.0,1.0,0,0,135,0,0,16249,0.9999999999925927,0.9999999999925927,0.9999999994925928,0.9999999999999389,0.9999999999925927
medium,20000,255,Hough transform baseline,5,6,1,0.7017889288438488,0.7288431222984998,0.9166666666666666,0.42857142857142855,0.8333333333333334,4,7,265,20,466,15633,0.9298245614002463,0.3625170998627052,0.5216535429024098,0.9703369140624407,0.3528628495334849
medium,20000,256,Hough transform baseline,4,5,1,0.5683424787825578,0.8875272331154684,0.4447761194029851,0.0,0.8,0,4,159,168,243,15814,0.4862385321086048,0.3955223880587176,0.43621399127364274,0.9749145507811905,0.2789473684205633
medium,20000,257,Hough transform baseline,3,4,1,0.9244423955040393,0.9180911680911681,0.9315068493150684,1.0,0.75,0,0,187,0,337,15860,0.9999999999946525,0.35687022900695253,0.5260196901875016,0.9794311523436902,0.35687022900695253
medium,20000,258,Hough transform baseline,3,3,0,0.7800770416024653,0.5414141414141415,0.9322033898305084,1.0,1.0,0,0,49,0,63,16272,0.9999999999795919,0.43749999999609374,0.6086956517429112,0.9961547851561892,0.43749999999609374
medium,20000,259,Hough transform baseline,1,1,0,1.0,1.0,1.0,1.0,1.0,0,0,86,0,0,16298,0.9999999999883721,0.9999999999883721,0.9999999994883721,0.9999999999999389,0.9999999999883721
medium,20000,260,Hough transform baseline,4,5,1,0.6113282272956186,0.7320807453416149,0.7594594594594595,0.2,0.8,1,5,237,53,492,15602,0.8172413793075268,0.32510288065799026,0.46516192304625464,0.9667358398436909,0.30306905370805237
medium,20000,261,Hough transform baseline,4,4,0,0.991719289513796,0.9852414083913135,0.9918032786885246,1.0,1.0,0,0,245,0,200,15939,0.9999999999959184,0.5505617977515718,0.7101449270761814,0.9877929687499397,0.5505617977515718
medium,20000,262,Hough transform baseline,3,5,2,0.8527153110047847,0.8423976608187135,0.8181818181818181,1.0,0.6,0,0,104,0,104,16176,0.9999999999903846,0.4999999999975962,0.6666666662179488,0.9936523437499393,0.4999999999975962
medium,20000,263,Hough transform baseline,3,3,0,0.6650249753763895,0.8607890499194847,0.8883495145631068,0.0,1.0,0,1,188,20,140,16036,0.9038461538418084,0.5731707317055696,0.7014925368358766,0.9902343749999395,0.5402298850559188
medium,20000,264,Hough transform baseline,4,4,0,0.9669114931029349,0.9314358443876516,0.9888268156424581,1.0,1.0,3,3,328,0,466,15590,0.9999999999969512,0.4130982367752984,0.5846702313142625,0.9715576171874407,0.4130982367752984
medium,20000,265,Hough transform baseline,1,1,0,0.9471558836300478,0.900709219858156,0.9591836734693877,1.0,1.0,0,0,50,0,100,16234,0.9999999999800001,0.33333333333111115,0.4999999996200001,0.9938964843749393,0.33333333333111115
medium,20000,266,Hough transform baseline,1,1,0,1.0,1.0,1.0,1.0,1.0,0,0,28,0,0,16356,0.9999999999642857,0.9999999999642857,0.9999999994642856,0.9999999999999389,0.9999999999642857
medium,20000,267,Hough transform baseline,1,1,0,1.0,1.0,1.0,1.0,1.0,0,0,57,0,0,16327,0.9999999999824563,0.9999999999824563,0.9999999994824562,0.9999999999999389,0.9999999999824563
medium,20000,268,Hough transform baseline,4,4,0,0.8924174436674436,0.9262345679012345,0.9405594405594405,0.75,1.0,3,4,249,9,279,15847,0.9651162790660267,0.47159090909001594,0.6335877858169298,0.98242187499994,0.46368715083712536
medium,20000,269,Hough transform baseline,5,6,1,0.5716606549088168,0.750102381278852,0.75390625,0.0,0.8333333333333334,0,1,199,33,259,15893,0.857758620685958,0.4344978165929378,0.5768115937548666,0.98217773437494,0.4052953156814556
medium,20000,270,Hough transform baseline,2,3,1,0.46848389355742304,0.5194444444444445,0.8403361344537815,0.0,0.6666666666666667,0,1,114,0,26,16244,0.999999999991228,0.814285714279898,0.8976377947737614,0.998413085937439,0.814285714279898
medium,20000,271,Hough transform baseline,4,4,0,0.9380145827639274,0.8796351373649037,0.9608938547486033,1.0,1.0,0,0,174,2,209,15999,0.9886363636307465,0.4543080939935919,0.6225402500135624,0.9871215820311897,0.4519480519468781
medium,20000,272,Hough transform baseline,3,3,0,0.9508528265107212,0.9063786008230453,0.9649122807017544,1.0,1.0,0,0,117,0,160,16107,0.999999999991453,0.4223826714786196,0.5939086290210647,0.9902343749999395,0.4223826714786196
medium,20000,273,Hough transform baseline,3,4,1,0.6475204991087344,0.8526599326599327,0.6941176470588235,0.2,0.75,1,4,185,33,199,15967,0.8486238532071164,0.48177083333207876,0.614617939735312,0.9858398437499398,0.4436450839317898
medium,20000,274,Hough transform baseline,1,1,0,1.0,1.0,1.0,1.0,1.0,0,0,55,0,0,16329,0.9999999999818182,0.9999999999818182,0.9999999994818183,0.9999999999999389,0.9999999999818182
medium,20000,275,Hough transform baseline,3,3,0,0.9842118076688983,0.970649895178197,0.9870967741935484,1.0,1.0,1,1,157,0,106,16121,0.9999999999936307,0.5969581749026732,0.7476190471473356,0.9935302734374394,0.5969581749026732
medium,20000,276,Hough transform baseline,2,3,1,0.6779358974358974,0.8951282051282051,0.7923076923076923,0.19999999999999998,0.6666666666666667,1,3,118,0,27,16239,0.9999999999915254,0.8137931034426635,0.897338402540271,0.998352050781189,0.8137931034426635
medium,20000,277,Hough transform baseline,5,5,0,0.9590763495064063,0.9183178137179399,0.9791666666666666,1.0,1.0,0,0,192,0,130,16062,0.9999999999947917,0.5962732919236141,0.7470817115913337,0.9920654296874394,0.5962732919236141
medium,20000,278,Hough transform baseline,4,5,1,0.9487994171082179,0.9416393082514578,0.9753086419753086,1.0,0.8,1,1,246,0,418,15720,0.999999999995935,0.37048192771028543,0.5406593402636493,0.9744873046874405,0.37048192771028543
medium,20000,279,Hough transform baseline,1,1,0,1.0,1.0,1.0,1.0,1.0,0,0,47,0,0,16337,0.9999999999787235,0.9999999999787235,0.9999999994787234,0.9999999999999389,0.9999999999787235
medium,20000,280,Hough transform baseline,5,5,0,0.7192074301020167,0.8351556846408106,0.9044368600682594,0.25,1.0,1,4,269,18,409,15688,0.937282229961891,0.39675516224130275,0.5575129529488061,0.9739379882811905,0.3864942528730079
medium,20000,281,Hough transform baseline,3,3,0,0.9805265322912382,0.9648064353946708,0.9818181818181818,1.0,1.0,0,0,108,0,132,16144,0.9999999999907407,0.449999999998125,0.6206896547407847,0.9919433593749394,0.449999999998125
medium,20000,282,Hough transform baseline,4,4,0,0.9692097609894702,0.9407885304659498,0.9792746113989638,1.0,1.0,0,0,197,0,240,15947,0.999999999994924,0.4508009153307762,0.6214511036706356,0.9853515624999398,0.4508009153307762
medium,20000,283,Hough transform baseline,5,6,1,0.5219759407259408,0.6702741702741702,0.5913461538461539,0.075,0.8333333333333334,1,8,250,114,216,15804,0.6868131868113,0.5364806866941277,0.6024096380603164,0.9798583984374402,0.43103448275787754
medium,20000,284,Hough transform baseline,1,1,0,0.906443083156473,0.8042723004694835,0.9726027397260274,1.0,1.0,0,0,74,0,148,16162,0.9999999999864865,0.33333333333183185,0.4999999996216216,0.9909667968749395,0.33333333333183185
medium,20000,285,Hough transform baseline,4,6,2,0.8827646220509657,0.8272563472563472,0.9691629955947136,1.0,0.6666666666666667,0,0,232,1,448,15703,0.9957081545021644,0.3411764705877336,0.5082146765081139,0.9725952148436906,0.34067547723885366
medium,20000,286,Hough transform baseline,1,1,0,0.8704260651629073,0.7543859649122807,0.9047619047619048,1.0,1.0,0,0,22,0,40,16322,0.9999999999545455,0.3548387096716962,0.5238095234104307,0.997558593749939,0.3548387096716962
medium,20000,287,Hough transform baseline,5,8,3,0.60630761996711,0.7657132861016356,0.9961832061068703,0.0,0.625,1,0,268,0,307,15809,0.9999999999962687,0.4660869565209286,0.6358244361009838,0.98126220703119,0.4660869565209286
medium,20000,288,Hough transform baseline,3,3,0,0.9862556896892936,0.9749103942652331,0.9877300613496932,1.0,1.0,0,0,166,0,126,16092,0.9999999999939759,0.5684931506829847,0.7248908292290003,0.9923095703124394,0.5684931506829847
medium,20000,289,Hough transform baseline,1,2,1,0.8959812524930196,0.9492753623188406,0.8440366972477065,1.0,0.5,0,0,111,0,174,16099,0.999999999990991,0.38947368420915973,0.5606060601997628,0.9893798828124396,0.38947368420915973
medium,20000,290,Hough transform baseline,3,4,1,0.9391135067712046,0.9569672131147542,0.9173913043478261,1.0,0.75,0,0,164,2,216,16002,0.9879518072229642,0.4315789473672853,0.6007326003072093,0.9866943359374397,0.4293193717266248
medium,20000,291,Hough transform baseline,3,5,2,0.5433327150680092,0.7625258591925258,0.7009803921568627,0.0,0.6,0,1,189,0,263,15932,0.999999999994709,0.4181415929194289,0.5897035877258573,0.9839477539061899,0.4181415929194289
medium,20000,292,Hough transform baseline,3,5,2,0.5639473684210528,0.7666666666666667,0.7947368421052632,0.0,0.6,0,1,173,21,27,16163,0.891752577314991,0.864999999995675,0.8781725883281455,0.9970703124999392,0.7828054298607113
medium,20000,293,Hough transform baseline,5,5,0,0.9284873737373737,0.8981818181818181,0.8715277777777778,1.0,1.0,0,0,254,39,101,15990,0.8668941979492598,0.7154929577444634,0.7839506167861082,0.9914550781249395,0.6446700507597851
medium,20000,294,Hough transform baseline,3,3,0,0.9224710910005028,0.8335232668566003,0.9869281045751634,1.0,1.0,0,0,149,0,94,16141,0.9999999999932887,0.6131687242773121,0.7602040811575255,0.9942626953124393,0.6131687242773121
medium,20000,295,Hough transform baseline,5,5,0,0.9841815031405674,0.9721637426900585,0.9835390946502057,1.0,1.0,0,0,248,0,276,15860,0.9999999999959678,0.4732824427471884,0.6424870461943677,0.9831542968749399,0.4732824427471884
medium,20000,296,Hough transform baseline,5,5,0,0.6895609324857429,0.8245429666119322,0.7800829875518672,0.25,1.0,1,4,184,30,129,16041,0.8598130841081317,0.5878594249182497,0.6982922196288469,0.9902954101561895,0.5364431486864827
medium,20000,297,Hough transform baseline,4,5,1,0.8651256230007467,0.8768652119960508,0.9526813880126183,0.8,0.8,1,1,313,2,391,15678,0.9936507936476392,0.4446022727266412,0.6143277718974692,0.9760131835936904,0.44334277620333806
medium,20000,298,Hough transform baseline,4,4,0,0.7342967189180882,0.8739711934156378,0.7883817427385892,0.3333333333333333,1.0,1,3,190,43,134,16017,0.8154506437733243,0.5864197530846098,0.6822262113600881,0.9891967773436896,0.5177111716607147
medium,20000,299,Hough transform baseline,5,12,7,0.4470200624344739,0.6359136822773186,0.4235474006116208,0.13793103448275862,0.41666666666666663,4,29,364,144,473,15403,0.7165354330694557,0.4348864994021089,0.5412639400495582,0.9623413085936913,0.3710499490312222
medium,20000,300,Hough transform baseline,2,2,0,0.9573717948717949,0.9166666666666667,0.9743589743589743,1.0,1.0,0,0,68,0,72,16244,0.9999999999852941,0.4857142857108164,0.6538461533997781,0.9956054687499392,0.4857142857108164
medium,20000,301,Hough transform baseline,5,9,4,0.6780741817789757,0.8474417478756919,0.7995991983967936,0.325,0.5555555555555556,3,8,439,18,575,15352,0.9606126914639812,0.43293885601535215,0.5968728751657113,0.9638061523436912,0.4253875968988126
medium,20000,302,Hough transform baseline,1,1,0,0.8250000000000001,0.6666666666666667,0.875,1.0,1.0,0,0,17,0,30,16337,0.9999999999411765,0.3617021276518787,0.5312499995932617,0.998168945312439,0.3617021276518787
medium,20000,303,Hough transform baseline,5,7,2,0.49971452460582905,0.65,0.6789297658862876,0.0,0.7142857142857143,0,3,233,66,238,15847,0.7792642140442165,0.49469214437262277,0.6051948047181818,0.98144531249994,0.43389199255040245
medium,20000,304,Hough transform baseline,3,4,1,0.8936132448076268,0.9618787878787879,0.9288389513108615,0.8,0.75,1,1,227,3,182,15972,0.9869565217348394,0.5550122249375183,0.7104851325573557,0.9887084960936896,0.5509708737850705
medium,20000,305,Hough transform baseline,5,7,2,0.9233831168831169,0.9033333333333333,0.9772727272727273,1.0,0.7142857142857143,1,1,225,0,266,15893,0.9999999999955556,0.45824847250415834,0.6284916196789856,0.9837646484374399,0.45824847250415834
medium,20000,306,Hough transform baseline,3,2,1,0.7402222222222222,0.5066666666666666,0.9777777777777777,1.0,0.6666666666666667,0,0,120,14,18,16232,0.8955223880530185,0.8695652173850033,0.8823529406700908,0.998046874999939,0.7894736842053325
medium,20000,307,Hough transform baseline,3,4,1,0.5929859895410277,0.7943548305590087,0.8026315789473684,0.0,0.75,0,2,134,14,201,16035,0.9054054053992878,0.399999999998806,0.5548654240032921,0.9868774414061897,0.38395415472669353
medium,20000,308,Hough transform baseline,4,4,0,0.8877568795430945,0.7900308641975309,0.9112149532710281,1.0,1.0,0,0,192,7,116,16069,0.9648241205981668,0.6233766233745994,0.7573964492242647,0.9924926757811894,0.6095238095218746
medium,20000,309,Hough transform baseline,1,1,0,0.9713676869430453,0.946360153256705,0.9775280898876404,1.0,1.0,0,0,77,1,125,16181,0.987179487166831,0.38118811880999415,0.5499999995941326,0.9923095703124394,0.3793103448257177
medium,20000,310,Hough transform baseline,5,11,6,0.5267291446824958,0.7396095602992154,0.511482254697286,0.18461538461538465,0.4545454545454546,3,13,246,151,386,15601,0.6196473551621672,0.38924050632849805,0.4781341103123208,0.9672241210936909,0.3141762452103267
medium,20000,311,Hough transform baseline,5,5,0,0.8096780240351669,0.8835626535626535,0.935374149659864,0.5,1.0,1,2,282,15,201,15886,0.9494949494917526,0.5838509316758098,0.723076922603501,0.9868164062499397,0.5662650602398268
medium,20000,312,Hough transform baseline,4,6,2,0.6208967457980616,0.8771464646464647,0.7975708502024291,0.0,0.6666666666666667,0,2,211,18,356,15799,0.9213973799086402,0.37213403880004914,0.5301507533576646,0.9771728515624404,0.3606837606831441
medium,20000,313,Hough transform baseline,2,2,0,0.9450021367521367,0.8901282051282051,0.9722222222222222,1.0,1.0,0,0,74,0,110,16200,0.9999999999864865,0.4021739130412926,0.5736434104391563,0.9932861328124394,0.4021739130412926
medium,20000,314,Hough transform baseline,5,5,0,0.5801764527179712,0.7345736269050761,0.7480916030534351,0.0,1.0,0,2,287,69,552,15476,0.8061797752786344,0.34207389749661254,0.4803347276143512,0.9620971679686913,0.3160792951538369
medium,20000,315,Hough transform baseline,2,3,1,0.917089788483305,0.9328399122807017,0.9032258064516129,1.0,0.6666666666666667,1,1,157,0,272,15955,0.9999999999936307,0.3659673659665129,0.535836177080298,0.9833984374999399,0.3659673659665129
medium,20000,316,Hough transform baseline,5,6,1,0.59473816713126,0.691274906600249,0.7516556291390728,0.2,0.8333333333333334,1,5,246,47,181,15910,0.8395904436831414,0.5761124121766368,0.6833333328487539,0.9860839843749398,0.518987341771057
medium,20000,317,Hough transform baseline,2,4,2,0.5391699352480095,0.80607367475292,0.4655172413793104,0.13333333333333333,0.5,1,6,118,19,134,16113,0.8613138686068518,0.46825396825211013,0.6066838041678286,0.9906616210936895,0.4354243542419357
medium,20000,318,Hough transform baseline,3,3,0,0.7573200308463467,0.7073534263007948,0.945054945054945,0.6,1.0,1,1,86,0,155,16143,0.9999999999883721,0.35684647302756495,0.5259938834011727,0.9905395507811895,0.35684647302756495
medium,20000,319,Hough transform baseline,2,2,0,0.9311014344262295,0.86875,0.9508196721311475,1.0,1.0,0,0,57,0,58,16269,0.9999999999824563,0.49565217390873345,0.6627906972235668,0.9964599609374392,0.49565217390873345
medium,20000,320,Hough transform baseline,2,2,0,0.916619092039801,0.8213425925925926,0.9850746268656716,1.0,1.0,0,0,62,0,40,16282,0.999999999983871,0.6078431372489427,0.7560975604961332,0.997558593749939,0.6078431372489427
medium,20000,321,Hough transform baseline,4,6,2,0.8848742962531547,0.857843137254902,0.9108910891089109,1.0,0.6666666666666667,0,0,199,0,183,16002,0.9999999999949749,0.5209424083755997,0.6850258171031843,0.9888305664061896,0.5209424083755997
medium,20000,322,Hough transform baseline,2,2,0,1.0,1.0,1.0,1.0,1.0,0,0,162,0,45,16177,0.9999999999938273,0.7826086956483932,0.8780487799904819,0.9972534179686892,0.7826086956483932
medium,20000,323,Hough transform baseline,2,2,0,0.9678126815713022,0.9398686371100163,0.9743589743589743,1.0,1.0,0,0,72,0,115,16197,0.9999999999861111,0.3850267379658555,0.5559845555788375,0.9929809570311894,0.3850267379658555
medium,20000,324,Hough transform baseline,5,5,0,0.9922915242652085,0.9860446570972886,0.9928571428571429,1.0,1.0,0,0,279,0,163,15942,0.9999999999964158,0.6312217194555855,0.7739251035455996,0.9900512695311895,0.6312217194555855
medium,20000,325,Hough transform baseline,5,5,0,0.9635823138440611,0.9271895152902019,0.9817351598173516,1.0,1.0,0,0,217,0,128,16039,0.9999999999953918,0.6289855072445537,0.772241992405751,0.9921874999999394,0.6289855072445537
medium,20000,326,Hough transform baseline,4,4,0,0.9616728266728266,0.9244381133270021,0.9783783783783784,1.0,1.0,1,1,162,0,184,16038,0.9999999999938273,0.4682080924841959,0.6377952751536363,0.9887695312499396,0.4682080924841959
medium,20000,327,Hough transform baseline,3,3,0,0.6757780490649467,0.8591587167976056,0.9457831325301205,0.0,1.0,0,1,168,0,326,15890,0.9999999999940477,0.3400809716592306,0.5075528697103532,0.9801025390624402,0.3400809716592306
medium,20000,328,Hough transform baseline,3,5,2,0.5388983050847458,0.7666666666666667,0.6694915254237288,0.0,0.6,0,1,211,8,159,16006,0.9634703196303038,0.570270270268729,0.7164685903623476,0.9898071289061896,0.5582010581995815
medium,20000,329,Hough transform baseline,2,2,0,0.9621281464530893,0.927536231884058,0.9736842105263158,1.0,1.0,0,0,74,0,120,16190,0.9999999999864865,0.381443298967106,0.552238805566273,0.9926757812499394,0.381443298967106
medium,20000,330,Hough transform baseline,4,3,1,0.7992975500526871,0.6491239316239317,0.910958904109589,1.0,0.75,0,0,112,24,274,15974,0.8235294117586506,0.29015544041375607,0.42911877355940165,0.98181152343744,0.2731707317066508
medium,20000,331,Hough transform baseline,1,1,0,0.8946046312178387,0.7819496855345912,0.9636363636363636,1.0,1.0,0,0,56,0,112,16216,0.999999999982143,0.33333333333134924,0.4999999996205357,0.9931640624999394,0.33333333333134924
medium,20000,332,Hough transform baseline,5,6,1,0.8744441632082329,0.9601297253471166,0.9619289340101522,0.6666666666666666,0.8333333333333334,2,3,391,2,534,15457,0.9949109414732954,0.42270270270224575,0.5933232165760106,0.9672851562499409,0.42179072276114155
medium,20000,333,Hough transform baseline,3,3,0,0.9875155279503106,0.9777777777777779,0.9875776397515528,1.0,1.0,0,0,164,0,142,16078,0.9999999999939025,0.5359477124165493,0.6978723399682029,0.9913330078124395,0.5359477124165493
medium,20000,334,Hough transform baseline,5,8,3,0.4923868421052632,0.7003333333333334,0.5736842105263158,0.0,0.625,0,9,297,56,205,15826,0.8413597733687214,0.5916334661342796,0.6947368416188228,0.9840698242186899,0.5322580645151752
medium,20000,335,Hough transform baseline,4,7,3,0.5159988761238762,0.6802417027417028,0.6208791208791209,0.1142857142857143,0.5714285714285714,1,7,268,69,375,15672,0.7952522255169281,0.4167962674954638,0.5469387750578363,0.9729003906249406,0.3764044943814938
medium,20000,336,Hough transform baseline,4,7,3,0.7248004951312522,0.9550263253449529,0.7394789579158316,0.36,0.5714285714285714,2,5,367,70,619,15328,0.8398169336365222,0.37221095334647847,0.5158116650691298,0.9579467773436915,0.34753787878754966
medium,20000,337,Hough transform baseline,1,1,0,0.9634033613445377,0.9313725490196079,0.9714285714285714,1.0,1.0,0,0,71,0,138,16175,0.9999999999859155,0.33971291865866166,0.5071428567606888,0.9915771484374395,0.33971291865866166
medium,20000,338,Hough transform baseline,5,6,1,0.6274169861146607,0.74998778998779,0.7829457364341086,0.2,0.8333333333333334,1,4,297,58,466,15563,0.8366197183075025,0.38925294888546624,0.5313059029645658,0.9680175781249409,0.36175395858664827
medium,20000,339,Hough transform baseline,3,5,2,0.477186266932433,0.7267162944582299,0.4508196721311475,0.0,0.6,0,2,143,44,213,15984,0.7647058823488518,0.40168539325729863,0.5267034986256829,0.9843139648436899,0.35749999999910625
medium,20000,340,Hough transform baseline,2,2,0,0.5973958333333333,0.78125,0.7291666666666667,0.0,1.0,0,1,62,23,62,16237,0.729411764697301,0.4999999999959677,0.5933014349184312,0.9948120117186893,0.42176870748012407
medium,20000,341,Hough transform baseline,4,7,3,0.6065805633716908,0.8603733877484223,0.6030150753768844,0.16666666666666666,0.5714285714285714,1,6,268,51,454,15611,0.8401253918468962,0.3711911357335579,0.5148895288726959,0.9691772460936908,0.3467011642945062
medium,20000,342,Hough transform baseline,5,5,0,0.7173452749014412,0.9398226395409495,0.9721254355400697,0.0,1.0,0,1,286,5,92,16001,0.9828178694124302,0.756613756611755,0.8550074733474544,0.9940795898436893,0.7467362924262487
medium,20000,343,Hough transform baseline,2,3,1,0.5562078431372549,0.9205490196078431,0.3764705882352941,0.0,0.6666666666666667,0,2,62,69,78,16175,0.4732824427444788,0.44285714285397965,0.4575645751429311,0.9910278320311895,0.2966507177019299
medium,20000,344,Hough transform baseline,5,6,1,0.8080256808078687,0.7163464419475655,0.7616822429906542,1.0,0.8333333333333334,0,0,165,33,257,15929,0.8333333333291246,0.3909952606625806,0.5322580640796775,0.98229980468744,0.36263736263656565
medium,20000,345,Hough transform baseline,3,3,0,0.9693683502507032,0.943941679235797,0.972972972972973,1.0,1.0,0,0,175,0,332,15877,0.9999999999942858,0.34516765285927975,0.5131964805554003,0.9797363281249402,0.34516765285927975
medium,20000,346,Hough transform baseline,3,5,2,0.6932630802670394,0.8287524366471735,0.8849557522123894,0.3333333333333333,0.6,1,3,108,6,146,16124,0.9473684210443213,0.4251968503920268,0.5869565213083058,0.9907226562499395,0.41538461538301774
medium,20000,347,Hough transform baseline,3,3,0,1.0,1.0,1.0,1.0,1.0,0,0,176,0,0,16208,0.9999999999943182,0.9999999999943182,0.9999999994943183,0.9999999999999389,0.9999999999943182
medium,20000,348,Hough transform baseline,2,4,2,0.5579406474820144,0.825,0.6834532374100719,0.0,0.5,0,1,125,0,46,16213,0.999999999992,0.7309941520425088,0.8445945941009632,0.9971923828124392,0.7309941520425088
medium,20000,349,Hough transform baseline,1,1,0,0.9628596149686351,0.9303482587064676,0.9710144927536232,1.0,1.0,0,0,70,0,136,16178,0.9999999999857142,0.33980582524106895,0.5072463764293216,0.9916992187499395,0.33980582524106895
medium,20000,350,Hough transform baseline,5,5,0,0.8499600687258674,0.7884541319629039,0.9757785467128027,0.8,1.0,1,1,232,0,341,15811,0.9999999999956897,0.4048865619539182,0.5763975151162378,0.9791870117186902,0.4048865619539182
medium,20000,351,Hough transform baseline,2,3,1,0.9341169795117163,0.9935897435897436,0.8516746411483254,1.0,0.6666666666666667,1,1,184,9,187,16004,0.9533678756427287,0.4959568733140271,0.652482269051035,0.9880371093749397,0.4842105263145152
medium,20000,352,Hough transform baseline,2,2,0,0.9589031492666091,0.9232456140350878,0.9672131147540983,1.0,1.0,0,0,57,0,82,16245,0.9999999999824563,0.41007194244309303,0.5816326526428052,0.9949951171874393,0.41007194244309303
medium,20000,353,Hough transform baseline,4,4,0,0.9407732447817837,0.8970588235294118,0.935483870967742,1.0,1.0,0,0,144,10,36,16194,0.9350649350588632,0.7999999999955556,0.862275448599663,0.9971923828124392,0.7578947368381164
medium,20000,354,Hough transform baseline,5,6,1,0.8988846153846154,0.8337037037037036,0.9519230769230769,1.0,0.8333333333333334,0,0,214,0,257,15913,0.9999999999953272,0.45435244161262345,0.6248175178167318,0.9843139648436899,0.45435244161262345
medium,20000,355,Hough transform baseline,4,5,1,0.5982299465240641,0.7661002178649237,0.8674242424242424,0.0,0.8,1,1,231,14,295,15844,0.9428571428532945,0.4391634980980244,0.5992217894481302,0.98114013671869,0.4277777777769856
medium,20000,356,Hough transform baseline,5,5,0,0.9607838471735953,0.9189412737799835,0.9863013698630136,1.0,1.0,1,1,218,5,2,16159,0.9775784753319392,0.9909090909045868,0.9841986450937737,0.9995727539061889,0.9688888888845828
medium,20000,357,Hough transform baseline,4,6,2,0.5282497507477567,0.7445098039215686,0.6327683615819208,0.0,0.6666666666666667,0,3,157,12,214,16001,0.9289940828347397,0.4231805929907731,0.5814814810492935,0.9862060546874398,0.4099216710172065
medium,20000,358,Hough transform baseline,3,3,0,1.0,1.0,1.0,1.0,1.0,0,0,81,0,130,16173,0.9999999999876543,0.38388625592235126,0.5547945201432493,0.9920654296874394,0.38388625592235126
medium,20000,359,Hough transform baseline,3,3,0,0.9751842751842751,0.9528619528619529,0.9819819819819819,1.0,1.0,0,0,114,0,72,16198,0.999999999991228,0.6129032258031565,0.7599999995237333,0.9956054687499392,0.6129032258031565
medium,20000,360,Hough transform baseline,5,5,0,0.8748713087248322,0.7398333333333333,0.9597315436241611,1.0,1.0,0,0,135,2,221,16026,0.9854014598468219,0.3792134831450022,0.5476673423956321,0.9863891601561897,0.3770949720659858
medium,20000,361,Hough transform baseline,1,1,0,1.0,1.0,1.0,1.0,1.0,0,0,17,0,0,16367,0.9999999999411765,0.9999999999411765,0.9999999994411766,0.9999999999999389,0.9999999999411765
medium,20000,362,Hough transform baseline,1,1,0,1.0,1.0,1.0,1.0,1.0,0,0,30,0,6,16348,0.9999999999666667,0.8333333333101852,0.9090909085674931,0.9996337890624389,0.8333333333101852
medium,20000,363,Hough transform baseline,5,6,1,0.7956918238993711,0.6333333333333333,0.8867924528301887,1.0,0.8333333333333334,1,1,144,19,195,16026,0.8834355828166661,0.4247787610606939,0.5737051788420422,0.9869384765624397,0.40223463687038485
medium,20000,364,Hough transform baseline,1,2,1,0.8315057714505579,0.8192753623188406,0.8141592920353982,1.0,0.5,0,0,95,0,190,16099,0.9999999999894736,0.33333333333216375,0.49999999962236835,0.9884033203124396,0.33333333333216375
medium,20000,365,Hough transform baseline,4,7,3,0.6833232522499436,0.8145278621427317,0.8482142857142857,0.36,0.5714285714285714,2,5,216,0,364,15804,0.9999999999953704,0.3724137931028062,0.5427135674423879,0.9777832031249403,0.3724137931028062
medium,20000,366,Hough transform baseline,4,5,1,0.8776436205359888,0.8179959244234092,0.8977272727272727,1.0,0.8,0,0,164,2,364,15854,0.9879518072229642,0.31060606060547236,0.47262247802084567,0.9776611328124403,0.3094339622635671
medium,20000,367,Hough transform baseline,1,1,0,1.0,1.0,1.0,1.0,1.0,0,0,13,0,15,16356,0.9999999999230769,0.4642857142691327,0.634146340999405,0.999084472656189,0.4642857142691327
medium,20000,368,Hough transform baseline,5,8,3,0.5127175163910972,0.7937875910098132,0.46506550218340614,0.0,0.625,0,6,289,58,346,15691,0.8328530259341993,0.45511811023550375,0.5885947042261253,0.9753417968749405,0.4170274170268153
medium,20000,369,Hough transform baseline,1,1,0,1.0,1.0,1.0,1.0,1.0,0,0,62,0,0,16322,0.999999999983871,0.999999999983871,0.9999999994838711,0.9999999999999389,0.999999999983871
medium,20000,370,Hough transform baseline,4,7,3,0.4639763870828188,0.7051985922574158,0.44747081712062253,0.0,0.5714285714285714,0,3,167,73,150,15994,0.6958333333304341,0.5268138801245211,0.599640933080113,0.9863891601561897,0.4282051282040302
medium,20000,371,Hough transform baseline,2,2,0,0.9672508445945945,0.9392361111111112,0.972972972972973,1.0,1.0,0,0,69,0,132,16183,0.9999999999855071,0.3432835820878444,0.5111111107268312,0.9919433593749394,0.3432835820878444
medium,20000,372,Hough transform baseline,4,7,3,0.7394874577281398,0.8609887445187626,0.8494983277591973,0.5,0.5714285714285714,3,6,283,0,338,15763,0.9999999999964665,0.45571658615063493,0.6261061942587787,0.9793701171874402,0.45571658615063493
medium,20000,373,Hough transform baseline,5,7,2,0.4563148319457293,0.5751046698872786,0.547112462006079,0.06666666666666667,0.7142857142857143,2,9,213,73,271,15827,0.7447552447526408,0.44008264462718993,0.5532467527783774,0.9790039062499403,0.3824057450621501
medium,20000,374,Hough transform baseline,5,8,3,0.5427375799638957,0.7176026936026936,0.6437246963562753,0.1142857142857143,0.625,1,7,384,90,595,15315,0.8101265822767719,0.3922369765062388,0.5285615962561603,0.9581909179686915,0.3592142188958286
medium,20000,375,Hough transform baseline,2,2,0,1.0,1.0,1.0,1.0,1.0,0,0,79,0,0,16305,0.9999999999873417,0.9999999999873417,0.9999999994873416,0.9999999999999389,0.9999999999873417
medium,20000,376,Hough transform baseline,1,1,0,0.9146829810901,0.8390804597701148,0.935483870967742,1.0,1.0,0,0,32,0,60,16292,0.9999999999687501,0.34782608695274103,0.5161290318668055,0.9963378906249392,0.34782608695274103
medium,20000,377,Hough transform baseline,4,4,0,0.953385404917663,0.908533223049352,0.9727272727272728,1.0,1.0,0,0,224,0,270,15890,0.9999999999955358,0.45344129554564083,0.6239554313238413,0.9835205078124399,0.45344129554564083
medium,20000,378,Hough transform baseline,2,3,1,0.420270979020979,0.45530303030303027,0.7435897435897436,0.0,0.6666666666666667,0,1,73,0,115,16196,0.9999999999863013,0.38829787233836016,0.55938697277286,0.9929809570311894,0.38829787233836016
medium,20000,379,Hough transform baseline,1,2,1,0.7285,0.65,0.6799999999999999,1.0,0.5,0,0,27,0,33,16324,0.999999999962963,0.4499999999925,0.6206896547300832,0.997985839843689,0.4499999999925
medium,20000,380,Hough transform baseline,4,4,0,0.9559912807318468,0.9133838383838384,0.9748427672955975,1.0,1.0,0,0,156,0,224,16004,0.9999999999935898,0.4105263157883934,0.5820895518239586,0.9863281249999398,0.4105263157883934
medium,20000,381,Hough transform baseline,4,7,3,0.45497371610362064,0.7390821256038647,0.3262195121951219,0.0,0.5714285714285714,0,8,177,124,119,15964,0.588039867107681,0.5979729729709529,0.5929648236186517,0.9851684570311898,0.421428571427568
medium,20000,382,Hough transform baseline,5,6,1,0.6148234923379453,0.8241786731267797,0.7530487804878049,0.039999999999999994,0.8333333333333334,1,5,267,39,477,15601,0.8725490196049916,0.35887096774145316,0.5085714281574639,0.9685058593749408,0.34099616858194
medium,20000,383,Hough transform baseline,1,1,0,1.0,1.0,1.0,1.0,1.0,0,0,17,0,0,16367,0.9999999999411765,0.9999999999411765,0.9999999994411766,0.9999999999999389,0.9999999999411765
medium,20000,384,Hough transform baseline,1,1,0,1.0,1.0,1.0,1.0,1.0,0,0,20,0,0,16364,0.99999999995,0.99999999995,0.99999999945,0.9999999999999389,0.99999999995
medium,20000,385,Hough transform baseline,1,1,0,1.0,1.0,1.0,1.0,1.0,0,0,73,0,0,16311,0.9999999999863013,0.9999999999863013,0.9999999994863014,0.9999999999999389,0.9999999999863013
medium,20000,386,Hough transform baseline,4,4,0,0.9887826508695351,0.9782135076252724,0.9929328621908127,1.0,1.0,0,0,271,0,207,15906,0.99999999999631,0.5669456066933746,0.7236315082144951,0.9873657226561897,0.5669456066933746
medium,20000,387,Hough transform baseline,2,2,0,1.0,1.0,1.0,1.0,1.0,0,0,123,0,112,16149,0.9999999999918698,0.5234042553169217,0.6871508375339251,0.9931640624999394,0.5234042553169217
medium,20000,388,Hough transform baseline,5,7,2,0.728667977492486,0.7762516418985775,0.8729641693811074,0.5333333333333333,0.7142857142857143,2,3,247,39,386,15712,0.863636363633344,0.39020537124740884,0.5375408047931837,0.9740600585936905,0.36755952380897683
medium,20000,389,Hough transform baseline,2,2,0,0.5419266917293233,0.825,0.3533834586466166,0.0,1.0,0,1,51,83,68,16182,0.3805970149225329,0.4285714285678271,0.40316205483453893,0.9907836914061895,0.2524752475235026
medium,20000,390,Hough transform baseline,5,6,1,0.7907202162464093,0.8828668091168093,0.8838174273858921,0.5333333333333333,0.8333333333333334,2,3,214,10,332,15828,0.9553571428528779,0.3919413919406741,0.5558441554301501,0.9791259765624402,0.384892086330243
medium,20000,391,Hough transform baseline,1,1,0,0.9755656108597285,0.9542483660130718,0.9807692307692307,1.0,1.0,0,0,105,0,206,16073,0.9999999999904762,0.3376205787770495,0.5048076919278731,0.9874267578124397,0.3376205787770495
medium,20000,392,Hough transform baseline,3,5,2,0.5114472573839661,0.7162962962962962,0.6455696202531646,0.0,0.6,0,1,141,0,188,16055,0.9999999999929079,0.4285714285701259,0.5999999995774469,0.9885253906249396,0.4285714285701259
medium,20000,393,Hough transform baseline,2,2,0,0.8098913043478261,0.65,0.8369565217391304,1.0,1.0,0,0,79,15,132,16158,0.8404255319059529,0.3744075829366142,0.5180327864554259,0.9910278320311895,0.3495575221223471
medium,20000,394,Hough transform baseline,2,3,1,0.601482834994463,0.8542857142857143,0.751937984496124,0.0,0.6666666666666667,0,1,119,0,50,16215,0.9999999999915966,0.704142011830153,0.8263888883982204,0.9969482421874392,0.704142011830153
medium,20000,395,Hough transform baseline,5,4,1,0.8505177496645582,0.7342836879432625,0.9504504504504504,1.0,0.8,0,0,215,0,232,15937,0.9999999999953488,0.4809843400436667,0.6495468273540083,0.9858398437499398,0.4809843400436667
medium,20000,396,Hough transform baseline,3,5,2,0.5927524122297141,0.8589052287581701,0.7312252964426877,0.0,0.6,0,3,214,11,172,15987,0.951111111106884,0.554404145076284,0.7004909978957627,0.9888305664061896,0.5390428211573324
medium,20000,397,Hough transform baseline,2,2,0,1.0,1.0,1.0,1.0,1.0,1,1,153,0,0,16231,0.9999999999934641,0.9999999999934641,0.9999999994934641,0.9999999999999389,0.9999999999934641
medium,20000,398,Hough transform baseline,5,5,0,0.7174988313259638,0.7701994231486065,0.8545454545454545,0.4,1.0,1,2,244,30,318,15792,0.8905109489018594,0.43416370106684316,0.5837320569742108,0.9787597656249403,0.41216216216146595
medium,20000,399,Hough transform baseline,4,4,0,0.8269796437659033,0.6392592592592593,0.9465648854961832,1.0,1.0,0,0,129,1,166,16088,0.9923076923000592,0.437288135591738,0.6070588231019183,0.9898071289061896,0.4358108108093385
medium,20000,400,Hough transform baseline,5,4,1,0.7814799331103679,0.5673913043478261,0.9807692307692307,1.0,0.8,0,0,222,23,249,15890,0.9061224489758934,0.4713375796168337,0.6201117313916583,0.9833984374999399,0.4493927125496976
medium,20000,401,Hough transform baseline,2,2,0,0.9787633145363408,0.9594907407407407,0.9849624060150376,1.0,1.0,0,0,118,0,146,16120,0.9999999999915254,0.4469696969680039,0.6178010466902223,0.9910888671874395,0.4469696969680039
medium,20000,402,Hough transform baseline,4,4,0,0.6318910256410256,0.823005698005698,0.8076923076923077,0.0,1.0,0,1,120,23,117,16124,0.839160839154971,0.5063291139219143,0.6315789468956925,0.9914550781249395,0.46153846153668643
medium,20000,403,Hough transform baseline,4,5,1,0.5098119604815079,0.5641237251744499,0.8797814207650273,0.0,0.8,0,2,161,10,273,15940,0.9415204678307514,0.3709677419346291,0.5322314045514049,0.98272705078119,0.36261261261179595
medium,20000,404,Hough transform baseline,5,6,1,0.6471601990049752,0.8648888888888889,0.8731343283582089,0.0,0.8333333333333334,0,1,258,0,49,16077,0.9999999999961241,0.8403908794760899,0.9132743357837138,0.9970092773436892,0.8403908794760899
medium,20000,405,Hough transform baseline,1,1,0,0.6835,0.3244444444444444,0.9375,1.0,1.0,0,0,33,0,66,16285,0.9999999999696971,0.33333333332996634,0.4999999996174242,0.9959716796874392,0.33333333332996634
medium,20000,406,Hough transform baseline,4,4,0,0.6599247440609004,0.7192933723196882,0.8478802992518704,0.26666666666666666,1.0,1,3,317,58,638,15371,0.8453333333310792,0.33193717277452156,0.47669172891767875,0.9575195312499415,0.31293188548833867
medium,20000,407,Hough transform baseline,2,2,0,0.6592578438135008,0.8321060382916052,0.9240506329113924,0.0,1.0,0,1,152,7,98,16127,0.9559748427612832,0.607999999997568,0.7432762831396991,0.9935913085936894,0.591439688713652
medium,20000,408,Hough transform baseline,1,1,0,1.0,1.0,1.0,1.0,1.0,0,0,31,0,0,16353,0.9999999999677419,0.9999999999677419,0.999999999467742,0.9999999999999389,0.9999999999677419
medium,20000,409,Hough transform baseline,1,1,0,0.9571264367816091,0.9195402298850575,0.9666666666666667,1.0,1.0,0,0,61,0,118,16205,0.9999999999836067,0.34078212290312415,0.5083333329499653,0.9927978515624394,0.34078212290312415
medium,20000,410,Hough transform baseline,3,3,0,0.7999255119021779,0.854488017429194,0.9520295202952029,0.5,1.0,1,2,266,6,378,15734,0.9779411764669929,0.4130434782602282,0.5807860257820693,0.9765624999999404,0.4092307692301397
medium,20000,411,Hough transform baseline,1,1,0,0.9422739018087856,0.8914728682170543,0.9555555555555556,1.0,1.0,0,0,46,0,88,16250,0.999999999978261,0.34328358208699045,0.5111111107249383,0.9946289062499393,0.34328358208699045
medium,20000,412,Hough transform baseline,3,4,1,0.7226214324307243,0.9365456962445997,0.7975460122699387,0.26666666666666666,0.75,1,3,133,0,126,16125,0.9999999999924812,0.5135135135115309,0.6785714281196246,0.9923095703124394,0.5135135135115309
medium,20000,413,Hough transform baseline,4,7,3,0.544640653531037,0.712723311546841,0.6552901023890785,0.14285714285714285,0.5714285714285714,1,7,215,78,380,15711,0.7337883959019325,0.36134453781451875,0.4842342337909742,0.9720458984374406,0.31946508172315086
medium,20000,414,Hough transform baseline,2,2,0,0.9612264150943396,0.9222222222222222,0.9811320754716981,1.0,1.0,0,0,108,0,62,16214,0.9999999999907407,0.6352941176433219,0.7769784167854666,0.9962158203124392,0.6352941176433219
medium,20000,415,Hough transform baseline,4,8,4,0.4421677571647116,0.6726808863353205,0.4473067915690867,0.0,0.5,0,11,222,139,397,15626,0.6149584487517591,0.35864297253576954,0.45306122402352567,0.9672851562499409,0.2928759894455239
medium,20000,416,Hough transform baseline,4,4,0,0.7754641428676511,0.8551685444340238,0.9531914893617022,0.4,1.0,1,2,236,1,451,15696,0.995780590713098,0.3435225618626732,0.5108225104399959,0.9724121093749406,0.3430232558134549
medium,20000,417,Hough transform baseline,1,1,0,1.0,1.0,1.0,1.0,1.0,0,0,19,0,36,16329,0.9999999999473684,0.3454545454482645,0.5135135131179694,0.997802734374939,0.3454545454482645
medium,20000,418,Hough transform baseline,5,5,0,0.7614062431378824,0.6739470263045988,0.9573170731707317,0.6666666666666666,1.0,3,3,315,0,288,15781,0.9999999999968254,0.5223880597006262,0.6862745093516381,0.98242187499994,0.5223880597006262
medium,20000,419,Hough transform baseline,1,1,0,1.0,1.0,1.0,1.0,1.0,0,0,61,0,0,16323,0.9999999999836067,0.9999999999836067,0.9999999994836066,0.9999999999999389,0.9999999999836067
medium,20000,420,Hough transform baseline,5,5,0,0.7992720344654509,0.7921472868217053,0.9640287769784173,0.6,1.0,2,3,270,0,407,15707,0.9999999999962963,0.398818316099854,0.5702217524950575,0.9751586914061905,0.398818316099854
medium,20000,421,Hough transform baseline,4,4,0,0.9334407216494846,0.875,0.9484536082474226,1.0,1.0,0,0,86,2,154,16142,0.9772727272616218,0.3583333333318403,0.5243902435066181,0.9904785156249395,0.3553719008249778
medium,20000,422,Hough transform baseline,1,1,0,1.0,1.0,1.0,1.0,1.0,0,0,26,0,0,16358,0.9999999999615384,0.9999999999615384,0.9999999994615385,0.9999999999999389,0.9999999999615384
medium,20000,423,Hough transform baseline,2,3,1,0.4929001501501502,0.6258641975308642,0.722972972972973,0.0,0.6666666666666667,0,1,111,13,192,16068,0.8951612903153616,0.3663366336621573,0.5199063227704425,0.9874877929686897,0.35126582278369856
medium,20000,424,Hough transform baseline,2,2,0,0.9800802908254002,0.9630801687763714,0.9834710743801653,1.0,1.0,0,0,111,0,160,16113,0.999999999990991,0.409594095939448,0.5811518320454072,0.9902343749999395,0.409594095939448
medium,20000,425,Hough transform baseline,2,3,1,0.28183608815426997,0.39,0.19834710743801653,0.0,0.6666666666666667,0,2,41,79,41,16223,0.34166666666381945,0.49999999999390243,0.40594059357308104,0.9926757812499394,0.254658385091586
medium,20000,426,Hough transform baseline,2,2,0,1.0,1.0,1.0,1.0,1.0,0,0,143,0,0,16241,0.999999999993007,0.999999999993007,0.9999999994930071,0.9999999999999389,0.999999999993007
medium,20000,427,Hough transform baseline,2,2,0,0.9227380228840208,0.8533458411507192,0.9436619718309859,1.0,1.0,0,0,73,0,138,16173,0.9999999999863013,0.345971563979403,0.51408450665669,0.9915771484374395,0.345971563979403
medium,20000,428,Hough transform baseline,3,3,0,0.7143916575868113,0.9325662566256625,0.9736842105263158,0.0,1.0,0,1,184,1,275,15924,0.9945945945892185,0.40087145969411575,0.5714285710173074,0.9831542968749399,0.39999999999913044
medium,20000,429,Hough transform baseline,4,3,1,0.7753662280701754,0.5641666666666667,0.9824561403508771,1.0,0.75,0,0,115,0,204,16065,0.9999999999913043,0.360501567396989,0.5299539166587206,0.9875488281249397,0.360501567396989
medium,20000,430,Hough transform baseline,3,3,0,1.0,1.0,1.0,1.0,1.0,0,0,111,0,106,16167,0.999999999990991,0.5115207373248317,0.6768292678407756,0.9935302734374394,0.5115207373248317
medium,20000,431,Hough transform baseline,2,2,0,0.5111867245657569,0.6197311827956989,0.6615384615384615,0.0,1.0,0,1,91,40,63,16190,0.6946564885443156,0.5909090909052539,0.6385964907268452,0.9937133789061893,0.46907216494603576
medium,20000,432,Hough transform baseline,4,4,0,0.9817585301837272,0.9629629629629631,0.9921259842519685,1.0,1.0,1,1,230,0,76,16078,0.9999999999956523,0.7516339869256483,0.8582089547307307,0.9953613281249393,0.7516339869256483
medium,20000,433,Hough transform baseline,3,5,2,0.49692199775533114,0.7267676767676768,0.5493827160493827,0.0,0.6,0,2,256,40,296,15792,0.864864864861943,0.46376811594118883,0.6037735844498041,0.9794921874999402,0.432432432431702
medium,20000,434,Hough transform baseline,1,1,0,1.0,1.0,1.0,1.0,1.0,0,0,60,0,0,16324,0.9999999999833334,0.9999999999833334,0.9999999994833335,0.9999999999999389,0.9999999999833334
medium,20000,435,Hough transform baseline,5,7,2,0.5591020408824057,0.8108561460010735,0.613941018766756,0.0,0.7142857142857143,1,4,300,40,172,15872,0.8823529411738754,0.6355932203376364,0.7389162556690285,0.9870605468749397,0.5859374999988556
medium,20000,436,Hough transform baseline,1,3,2,0.6817156862745098,0.65,0.5294117647058824,1.0,0.33333333333333337,0,0,37,0,26,16321,0.9999999999729731,0.5873015872922651,0.739999999519,0.998413085937439,0.5873015872922651
medium,20000,437,Hough transform baseline,5,6,1,0.581264986115105,0.7502246094874999,0.8016528925619835,0.0,0.8333333333333334,0,1,221,2,410,15751,0.9910313901300851,0.3502377179075274,0.5175644024232158,0.9748535156249405,0.34913112164241844
medium,20000,438,Hough transform baseline,5,6,1,0.6676394456482485,0.8790527065527065,0.9436619718309859,0.0,0.8333333333333334,0,1,360,0,458,15566,0.9999999999972222,0.44009779951046446,0.6112054325117247,0.9720458984374406,0.44009779951046446
medium,20000,439,Hough transform baseline,2,2,0,1.0,1.0,1.0,1.0,1.0,0,0,42,0,38,16304,0.9999999999761906,0.5249999999934375,0.6885245897011556,0.997680664062439,0.5249999999934375
medium,20000,440,Hough transform baseline,2,2,0,0.9634837962962962,0.9270833333333333,0.9814814814814815,1.0,1.0,0,0,110,0,66,16208,0.999999999990909,0.624999999996449,0.7692307687520172,0.9959716796874392,0.624999999996449
medium,20000,441,Hough transform baseline,2,2,0,0.9494528391500141,0.9033592503987241,0.9647058823529412,1.0,1.0,0,0,73,1,144,16166,0.9864864864731555,0.33640552995236683,0.5017182126757125,0.9911499023436895,0.33486238531956486
medium,20000,442,Hough transform baseline,3,4,1,0.5503795220166967,0.6954742547425475,0.8120805369127517,0.0,0.75,0,1,142,4,244,15994,0.9726027397193658,0.36787564766744074,0.5338345860659166,0.9848632812499398,0.3641025641016305
medium,20000,443,Hough transform baseline,4,7,3,0.5344005963102194,0.6903113157967528,0.7830882352941176,0.039999999999999994,0.5714285714285714,1,5,232,28,430,15694,0.8923076923042604,0.3504531722049087,0.5032537956894048,0.9720458984374406,0.3362318840574837
medium,20000,444,Hough transform baseline,3,3,0,0.9635841170323929,0.9292929292929293,0.9770114942528736,1.0,1.0,0,0,90,0,46,16248,0.9999999999888889,0.661764705877487,0.7964601765048164,0.9971923828124392,0.661764705877487
medium,20000,445,Hough transform baseline,5,6,1,0.7335721743672481,0.8743024887677319,0.8673469387755102,0.3333333333333333,0.8333333333333334,1,3,267,6,360,15751,0.9780219780183955,0.4258373205734835,0.5933333329093703,0.9776611328124403,0.42180094786663225
medium,20000,446,Hough transform baseline,5,9,4,0.5255835887049531,0.743246717422487,0.6778350515463918,0.0,0.5555555555555556,0,5,302,20,456,15606,0.9378881987548513,0.39841688654301,0.5592592588397118,0.9709472656249407,0.3881748071974445
medium,20000,447,Hough transform baseline,4,6,2,0.5702839787477205,0.7718283894754483,0.7814726840855106,0.0,0.6666666666666667,0,7,354,50,350,15630,0.8762376237602073,0.5028409090901949,0.6389891692105918,0.9755859374999404,0.4694960212195365
medium,20000,448,Hough transform baseline,1,1,0,0.9548006379585326,0.9151515151515152,0.9649122807017544,1.0,1.0,0,0,41,0,81,16262,0.9999999999756098,0.33606557376773716,0.503067484279875,0.9950561523436893,0.33606557376773716
medium,20000,449,Hough transform baseline,4,4,0,0.6504099462365591,0.9125,0.6989247311827957,0.0,1.0,0,1,136,53,106,16089,0.7195767195729124,0.5619834710720579,0.6310904867436115,0.9902954101561895,0.4610169491509796
medium,20000,450,Hough transform baseline,4,5,1,0.6306516416932777,0.8028436911487759,0.9468599033816425,0.0,0.8,1,0,196,5,198,15985,0.9751243781046014,0.4974619289327476,0.658823528962158,0.9876098632811897,0.49122807017420744
medium,20000,451,Hough transform baseline,4,4,0,0.9921345752037903,0.9862096138691884,0.991701244813278,1.0,1.0,0,0,234,0,190,15960,0.9999999999957265,0.5518867924515286,0.7112462001474303,0.9884033203124396,0.5518867924515286
medium,20000,452,Hough transform baseline,4,5,1,0.5888495141367585,0.7525848416289592,0.8509316770186335,0.0,0.8,0,1,123,4,364,15893,0.968503937000248,0.25256673511241773,0.4006514654686256,0.9775390624999403,0.2505091649689399
medium,20000,453,Hough transform baseline,3,4,1,0.3268136335209506,0.23076923076923078,0.7398373983739837,0.0,0.75,1,2,101,8,88,16187,0.926605504578655,0.5343915343887069,0.6778523485247736,0.9941406249999393,0.5126903553273467
medium,20000,454,Hough transform baseline,1,2,1,0.8163188405797102,0.7866666666666666,0.8115942028985508,1.0,0.5,0,0,71,0,106,16207,0.9999999999859155,0.40112994350055864,0.5725806447480164,0.9935302734374394,0.40112994350055864
medium,20000,455,Hough transform baseline,4,4,0,0.6728201219512195,0.9125,0.8109756097560976,0.0,1.0,0,1,139,28,94,16123,0.8323353293363334,0.5965665236025899,0.6949999995101375,0.9925537109374394,0.5325670498063887
medium,20000,456,Hough transform baseline,5,6,1,0.5997355203517124,0.7173967095706226,0.7178683385579938,0.2,0.8333333333333334,1,4,257,56,430,15641,0.8210862619782074,0.37409024745214836,0.5139999995689101,0.9703369140624407,0.34589502018795976
medium,20000,457,Hough transform baseline,2,3,1,0.7697322128042124,0.8947701149425287,0.8770949720670391,0.5,0.6666666666666667,1,2,180,0,100,16104,0.9999999999944446,0.642857142854847,0.7826086951724007,0.9938964843749393,0.642857142854847
medium,20000,458,Hough transform baseline,2,2,0,0.8878005952380952,0.76125,0.9761904761904762,1.0,1.0,0,0,39,0,30,16315,0.9999999999743591,0.5652173912961562,0.7222222217474279,0.998168945312439,0.5652173912961562
medium,20000,459,Hough transform baseline,5,6,1,0.6951341481823643,0.8163557754785824,0.7472035794183445,0.38,0.8333333333333334,4,10,332,68,121,15863,0.8299999999979251,0.7328918322279627,0.7784290733570806,0.9884643554686896,0.637236084451752
medium,20000,460,Hough transform baseline,3,4,1,0.5310920494373732,0.7193732193732193,0.6618705035971223,0.0,0.75,0,2,107,4,58,16215,0.9639639639552796,0.6484848484809184,0.775362318354101,0.9962158203124392,0.6331360946708099
medium,20000,461,Hough transform baseline,1,1,0,1.0,1.0,1.0,1.0,1.0,0,0,22,0,18,16344,0.9999999999545455,0.54999999998625,0.7096774188740894,0.998901367187439,0.54999999998625
medium,20000,462,Hough transform baseline,3,3,0,0.5465408805031446,0.7407407407407407,0.5660377358490566,0.0,1.0,0,1,99,62,150,16073,0.6149068322943174,0.3975903614441864,0.4829268287889708,0.9870605468749397,0.3183279742755038
medium,20000,463,Hough transform baseline,5,6,1,0.6468367650423245,0.7181796690307328,0.7516129032258064,0.36,0.8333333333333334,2,5,228,52,268,15836,0.8142857142828062,0.45967741935391193,0.5876288655166064,0.9804687499999402,0.4160583941598247
medium,20000,464,Hough transform baseline,5,5,0,0.8096073051579186,0.8647942386831275,0.9355828220858896,0.5333333333333333,1.0,2,3,298,16,279,15791,0.9490445859842388,0.5164644714029177,0.6689113351200646,0.98199462890619,0.5025295109603667
medium,20000,465,Hough transform baseline,1,1,0,0.9692547969656403,0.9423868312757202,0.9759036144578314,1.0,1.0,0,0,84,0,164,16136,0.9999999999880952,0.3387096774179891,0.5060240960044999,0.9899902343749396,0.3387096774179891
medium,20000,466,Hough transform baseline,3,3,0,0.7766818181818181,0.8481818181818181,0.975,0.4,1.0,1,1,66,0,80,16238,0.9999999999848485,0.45205479451745173,0.622641508999288,0.9951171874999393,0.45205479451745173
medium,20000,467,Hough transform baseline,3,3,0,0.8506555944055944,0.7613636363636364,0.7902097902097902,1.0,1.0,0,0,103,30,125,16126,0.7744360902197411,0.45175438596293094,0.5706371186450381,0.9905395507811895,0.399224806200003
medium,20000,468,Hough transform baseline,3,5,2,0.509157253003407,0.6430976430976432,0.7988165680473372,0.0,0.6,0,3,156,9,272,15947,0.9454545454488155,0.3644859813075596,0.5261382795291213,0.9828491210936899,0.35697940503350806
medium,20000,469,Hough transform baseline,5,7,2,0.535644117983227,0.6883557800224467,0.7722772277227723,0.0,0.7142857142857143,0,2,273,16,255,15840,0.9446366781974235,0.5170454545444753,0.668298653151923,0.9834594726561899,0.5018382352931952
medium,20000,470,Hough transform baseline,4,4,0,0.9915346430080271,0.9845679012345678,0.9923954372623575,1.0,1.0,2,2,255,0,214,15915,0.9999999999960785,0.5437100213208024,0.7044198890445004,0.9869384765624397,0.5437100213208024
medium,20000,471,Hough transform baseline,5,6,1,0.7000373999682107,0.8618303544671007,0.727735368956743,0.3333333333333333,0.8333333333333334,2,6,288,59,429,15608,0.8299711815538041,0.4016736401668038,0.541353383018092,0.9702148437499407,0.37113402061807843
medium,20000,472,Hough transform baseline,2,2,0,1.0,1.0,1.0,1.0,1.0,0,0,123,0,0,16261,0.9999999999918698,0.9999999999918698,0.9999999994918698,0.9999999999999389,0.9999999999918698
medium,20000,473,Hough transform baseline,2,3,1,0.43833333333333335,0.5,0.7333333333333334,0.0,0.6666666666666667,0,1,56,0,22,16306,0.999999999982143,0.7179487179395134,0.8358208950233905,0.998657226562439,0.7179487179395134
medium,20000,474,Hough transform baseline,4,5,1,0.6666931283460376,0.6543588665065745,0.8361581920903955,0.5,0.8,1,2,171,0,292,15921,0.9999999999941521,0.3693304535629172,0.5394321762605111,0.98217773437494,0.3693304535629172
medium,20000,475,Hough transform baseline,5,5,0,0.9812578454958568,0.9652413793103449,0.9844961240310077,1.0,1.0,3,3,260,0,222,15902,0.9999999999961539,0.5394190871358103,0.700808624879796,0.9864501953124397,0.5394190871358103
medium,20000,476,Hough transform baseline,1,1,0,1.0,1.0,1.0,1.0,1.0,0,0,98,0,0,16286,0.9999999999897958,0.9999999999897958,0.9999999994897959,0.9999999999999389,0.9999999999897958
medium,20000,477,Hough transform baseline,1,2,1,0.19340909090909092,0.11666666666666667,0.4545454545454546,0.0,0.5,0,1,35,0,34,16315,0.9999999999714286,0.5072463768042428,0.6730769226174186,0.997924804687439,0.5072463768042428
medium,20000,478,Hough transform baseline,4,4,0,0.7861144935594476,0.8473288439955106,0.8990825688073394,0.5,1.0,1,2,187,12,228,15957,0.9396984924575895,0.45060240963746845,0.6091205207325329,0.9853515624999398,0.43793911006923203
medium,20000,479,Hough transform baseline,5,5,0,0.9515151515151514,0.9009704892057833,0.9803921568627451,1.0,1.0,2,2,184,0,102,16098,0.9999999999945652,0.6433566433543939,0.7829787229244725,0.9937744140624393,0.6433566433543939
medium,20000,480,Hough transform baseline,2,2,0,0.91125,0.825,0.95,1.0,1.0,0,0,42,0,30,16312,0.9999999999761906,0.5833333333252314,0.7368421047848568,0.998168945312439,0.5833333333252314
medium,20000,481,Hough transform baseline,3,3,0,0.9812228878330923,0.966903073286052,0.9805825242718447,1.0,1.0,1,1,105,0,94,16185,0.9999999999904762,0.5276381909521225,0.6907894732274715,0.9942626953124393,0.5276381909521225
medium,20000,482,Hough transform baseline,5,5,0,0.992312462742534,0.9866514111365369,0.9915966386554622,1.0,1.0,0,0,233,0,158,15993,0.9999999999957082,0.5959079283872227,0.7467948713245346,0.9903564453124395,0.5959079283872227
medium,20000,483,Hough transform baseline,2,2,0,0.6417418032786885,0.825,0.8524590163934427,0.0,1.0,0,1,108,15,142,16119,0.8780487804806663,0.43199999999827204,0.5790884714047252,0.9904174804686895,0.40754716980978284
medium,20000,484,Hough transform baseline,2,2,0,0.5401685886564914,0.7073989071038251,0.6091954022988506,0.0,1.0,0,1,92,43,209,16040,0.6814814814764335,0.30564784053054606,0.4220183481943966,0.9846191406249398,0.2674418604643388
medium,20000,485,Hough transform baseline,4,5,1,0.7781381860299359,0.6971376811594203,0.6721311475409837,1.0,0.8,0,0,160,19,233,15972,0.8938547485983585,0.4071246819328063,0.5594405590085884,0.9846191406249398,0.3883495145621642
medium,20000,486,Hough transform baseline,2,2,0,0.9557931034482758,0.9195402298850575,0.96,1.0,1.0,0,0,52,0,60,16272,0.9999999999807693,0.46428571428156884,0.6341463410226056,0.9963378906249392,0.46428571428156884
medium,20000,487,Hough transform baseline,2,2,0,0.9735779418150239,0.950354609929078,0.9795918367346939,1.0,1.0,0,0,100,0,96,16188,0.99999999999,0.51020408163005,0.6756756752237034,0.9941406249999393,0.51020408163005
medium,20000,488,Hough transform baseline,4,4,0,0.7361217948717949,0.825,0.9076923076923077,0.3333333333333333,1.0,1,3,302,24,156,15902,0.9263803680953179,0.65938864628677,0.7704081627775146,0.9890136718749396,0.6265560165962105
medium,20000,489,Hough transform baseline,4,4,0,1.0,1.0,1.0,1.0,1.0,0,0,238,0,0,16146,0.9999999999957984,0.9999999999957984,0.9999999994957984,0.9999999999999389,0.9999999999957984
medium,20000,490,Hough transform baseline,4,4,0,1.0,1.0,1.0,1.0,1.0,0,0,202,0,0,16182,0.9999999999950495,0.9999999999950495,0.9999999994950495,0.9999999999999389,0.9999999999950495
medium,20000,491,Hough transform baseline,4,5,1,0.4806121716993364,0.5843131973836091,0.6883561643835616,0.0,0.8,0,2,247,39,384,15714,0.863636363633344,0.3914421553084129,0.5387131947713432,0.9741821289061905,0.3686567164173602
medium,20000,492,Hough transform baseline,3,3,0,0.9723856729318038,0.950408191504082,0.9735099337748344,1.0,1.0,0,0,154,0,264,15966,0.9999999999935065,0.3684210526306976,0.5384615380661646,0.9838867187499399,0.3684210526306976
medium,20000,493,Hough transform baseline,2,3,1,0.41882092198581555,0.5083333333333333,0.6170212765957447,0.0,0.6666666666666667,0,1,43,0,24,16317,0.9999999999767443,0.6417910447665404,0.7818181813277686,0.998535156249939,0.6417910447665404
medium,20000,494,Hough transform baseline,3,6,3,0.4676892697466468,0.6377943368107303,0.6534090909090908,0.0,0.5,0,2,132,1,228,16023,0.9924812030000566,0.3666666666656482,0.535496957007484,0.9860229492186898,0.365650969528073
medium,20000,495,Hough transform baseline,1,1,0,1.0,1.0,1.0,1.0,1.0,0,0,78,0,0,16306,0.9999999999871795,0.9999999999871795,0.9999999994871795,0.9999999999999389,0.9999999999871795
medium,20000,496,Hough transform baseline,3,4,1,0.5160386974988203,0.6747008547008548,0.6871165644171779,0.0,0.75,0,1,132,23,201,16028,0.8516129032203122,0.396396396395206,0.5409836061216826,0.9863281249999398,0.37078651685289105
medium,20000,497,Hough transform baseline,3,6,3,0.45902928032054247,0.706484820465403,0.4555555555555556,0.0,0.5,0,4,237,91,278,15778,0.7225609756075532,0.46019417475638796,0.5622775795944439,0.9774780273436903,0.39108910891024573
medium,20000,498,Hough transform baseline,5,5,0,0.989170596887791,0.9806502506731339,0.9893899204244032,1.0,1.0,3,3,360,2,398,15624,0.9944751381187998,0.4749340369386874,0.6428571424185012,0.9755859374999404,0.47368421052569254
medium,20000,499,Hough transform baseline,3,3,0,0.9097238895558224,0.803921568627451,0.9897959183673469,1.0,1.0,1,1,174,0,81,16129,0.9999999999942529,0.6823529411737947,0.8111888107028542,0.9950561523436893,0.6823529411737947
medium,20000,500,Hough transform baseline,5,7,2,0.6679315110968054,0.8805443519375065,0.7155756207674944,0.2285714285714286,0.7142857142857143,2,7,372,60,392,15560,0.8611111111091179,0.4869109947637606,0.6220735781328061,0.9724121093749406,0.4514563106790638
medium,20000,501,Hough transform baseline,2,3,1,0.9312676371395141,0.9798850574712643,0.8682634730538922,1.0,0.6666666666666667,0,0,149,0,238,15997,0.9999999999932887,0.38501291989564596,0.555970148850238,0.9854736328124398,0.38501291989564596
medium,20000,502,Hough transform baseline,5,9,4,0.5635037446992317,0.7257840788182784,0.7281553398058253,0.14285714285714285,0.5555555555555556,1,7,349,36,567,15432,0.906493506491152,0.38100436681181116,0.5365103762158264,0.9631958007811912,0.36659663865507713
medium,20000,503,Hough transform baseline,5,6,1,0.6259928506345683,0.8565339243651924,0.786096256684492,0.0,0.8333333333333334,0,1,291,58,417,15618,0.8338108882497599,0.41101694915196185,0.5506149475225773,0.9710083007811907,0.3798955613572064
medium,20000,504,Hough transform baseline,3,4,1,0.5778688405797101,0.7512640901771337,0.8240000000000001,0.0,0.75,0,1,120,0,205,16059,0.9999999999916667,0.36923076922963316,0.5393258423003155,0.9874877929686897,0.36923076922963316
medium,20000,505,Hough transform baseline,1,1,0,0.927124183006536,0.8627450980392158,0.9444444444444444,1.0,1.0,0,0,37,0,70,16277,0.9999999999729731,0.3457943925201328,0.5138888884999037,0.9957275390624392,0.3457943925201328
medium,20000,506,Hough transform baseline,1,1,0,0.9249350649350648,0.8585858585858585,0.9428571428571428,1.0,1.0,0,0,36,0,68,16280,0.9999999999722223,0.34615384615051775,0.5142857138963265,0.9958496093749392,0.34615384615051775
medium,20000,507,Hough transform baseline,4,4,0,0.6708910781841109,0.826631054131054,0.994535519125683,0.0,1.0,1,0,184,3,266,15931,0.9839572192460752,0.40888888888798025,0.577708005862853,0.9835815429686899,0.406181015451642
medium,20000,508,Hough transform baseline,3,3,0,0.9568696468708128,0.9148642755094367,0.9759036144578314,1.0,1.0,0,0,159,1,225,15999,0.9937499999937891,0.41406249999892175,0.5845588231120378,0.9862060546874398,0.4129870129859403
medium,20000,509,Hough transform baseline,5,7,2,0.4860259320325693,0.5103146853146854,0.9247787610619469,0.0,0.7142857142857143,3,1,203,6,390,15785,0.9712918660240608,0.34232715008373976,0.506234413578451,0.9758300781249404,0.3388981636054442
medium,20000,510,Hough transform baseline,4,5,1,0.639083538083538,0.8628282828282827,0.854054054054054,0.0,0.8,0,1,167,0,84,16133,0.999999999994012,0.665338645415676,0.7990430617173255,0.9948730468749393,0.665338645415676
medium,20000,511,Hough transform baseline,3,3,0,1.0,1.0,1.0,1.0,1.0,0,0,97,0,10,16277,0.9999999999896907,0.906542056066294,0.9509803916487408,0.9993896484374389,0.906542056066294
medium,20000,512,Hough transform baseline,1,1,0,0.9116666666666666,0.8333333333333334,0.9333333333333333,1.0,1.0,0,0,31,0,62,16291,0.9999999999677419,0.33333333332974907,0.4999999996169354,0.9962158203124392,0.33333333332974907
medium,20000,513,Hough transform baseline,1,1,0,0.902626893939394,0.7970833333333334,0.9696969696969697,1.0,1.0,0,0,67,0,134,16183,0.9999999999850746,0.333333333331675,0.4999999996212686,0.9918212890624394,0.333333333331675
medium,20000,514,Hough transform baseline,1,1,0,1.0,1.0,1.0,1.0,1.0,0,0,100,0,0,16284,0.99999999999,0.99999999999,0.99999999949,0.9999999999999389,0.99999999999
medium,20000,515,Hough transform baseline,4,4,0,0.832039616396412,0.9109971273455619,0.9854545454545455,0.5,1.0,2,1,278,0,484,15622,0.9999999999964029,0.36482939632498057,0.5346153842226479,0.9704589843749407,0.36482939632498057
medium,20000,516,Hough transform baseline,5,7,2,0.6611959567914624,0.8961797752808988,0.9324324324324325,0.0,0.7142857142857143,0,2,277,24,231,15852,0.9202657807278397,0.5452755905501078,0.684796044030424,0.9844360351561899,0.5206766917283446
medium,20000,517,Hough transform baseline,3,5,2,0.8877631578947369,0.8833333333333333,0.9013157894736842,1.0,0.6,0,0,157,0,23,16204,0.9999999999936307,0.8722222222173766,0.931750741336562,0.998596191406189,0.8722222222173766
medium,20000,518,Hough transform baseline,3,3,0,0.9527101163233123,0.9067949109026666,0.9732620320855615,1.0,1.0,0,0,185,0,348,15851,0.9999999999945947,0.34709193245713493,0.5153203338778601,0.9787597656249403,0.34709193245713493
medium,20000,519,Hough transform baseline,2,2,0,1.0,1.0,1.0,1.0,1.0,0,0,85,0,116,16183,0.9999999999882353,0.4228855721371996,0.5944055939836911,0.9929199218749394,0.4228855721371996
medium,20000,520,Hough transform baseline,1,1,0,1.0,1.0,1.0,1.0,1.0,0,0,104,0,0,16280,0.9999999999903846,0.9999999999903846,0.9999999994903845,0.9999999999999389,0.9999999999903846
medium,20000,521,Hough transform baseline,5,8,3,0.5891788751017438,0.7703678310375497,0.7214953271028037,0.14285714285714285,0.625,1,7,443,79,743,15119,0.8486590038297919,0.3735244519389768,0.5187353625726173,0.949829101562442,0.35019762845822117
medium,20000,522,Hough transform baseline,2,3,1,0.8700633583021224,0.8439679567207659,0.8680555555555556,1.0,0.6666666666666667,0,0,131,0,258,15995,0.9999999999923664,0.33676092544900577,0.5038461534673003,0.9842529296874399,0.33676092544900577
medium,20000,523,Hough transform baseline,3,4,1,0.6044591567852438,0.7334782608695652,0.49696969696969695,0.4,0.75,1,2,92,75,160,16057,0.5508982035895156,0.3650793650779164,0.43914081097432806,0.9856567382811898,0.2813455657483751
medium,20000,524,Hough transform baseline,3,3,0,1.0,1.0,1.0,1.0,1.0,0,0,128,0,0,16256,0.9999999999921876,0.9999999999921876,0.9999999994921875,0.9999999999999389,0.9999999999921876
medium,20000,525,Hough transform baseline,3,3,0,0.6392594178082192,0.8407153729071537,0.8046875,0.0,1.0,0,2,215,42,298,15829,0.8365758754831262,0.41910331383933896,0.5584415579953753,0.9792480468749402,0.3873873873866894
medium,20000,526,Hough transform baseline,2,2,0,0.979039408866995,0.9597701149425287,0.9857142857142858,1.0,1.0,0,0,142,0,118,16124,0.9999999999929579,0.5461538461517456,0.706467661231108,0.9927978515624394,0.5461538461517456
medium,20000,527,Hough transform baseline,2,2,0,0.5905919162129462,0.712171052631579,0.8505747126436781,0.0,1.0,0,1,66,10,115,16193,0.8684210526201523,0.364640883975886,0.5136186766222653,0.9923706054686894,0.34554973821808616
medium,20000,528,Hough transform baseline,5,10,5,0.5113138255858218,0.7332813466962402,0.539039039039039,0.09411764705882353,0.5,2,17,427,154,518,15285,0.7349397590348796,0.4518518518513737,0.5596330270506511,0.9589843749999415,0.38853503184678023
medium,20000,529,Hough transform baseline,4,6,2,0.542854279431884,0.7576655945047158,0.6761904761904762,0.0,0.6666666666666667,0,3,275,16,318,15775,0.9450171821273368,0.46374367622181495,0.622171945258305,0.9796142578124402,0.45155993431781355
medium,20000,530,Hough transform baseline,5,9,4,0.5263078394791533,0.7869329786483783,0.5831622176591376,0.0,0.5555555555555556,0,4,290,104,425,15565,0.7360406091351878,0.40559440559383836,0.5229936875481611,0.9677124023436909,0.35409035408992173
medium,20000,531,Hough transform baseline,3,5,2,0.46310966705607476,0.6071180555555555,0.6495327102803738,0.0,0.6,0,3,162,30,225,15967,0.8437499999956055,0.41860465116170903,0.5595854917827593,0.9844360351561899,0.3884892086321619
medium,20000,532,Hough transform baseline,2,2,0,0.8987068965517242,0.8055555555555556,0.9310344827586207,1.0,1.0,0,0,60,0,112,16212,0.9999999999833334,0.3488372093002975,0.5172413789224138,0.9931640624999394,0.3488372093002975
medium,20000,533,Hough transform baseline,2,2,0,0.9,0.7916666666666667,0.96875,1.0,1.0,0,0,52,0,98,16234,0.9999999999807693,0.3466666666643556,0.5148514847611019,0.9940185546874393,0.3466666666643556
medium,20000,534,Hough transform baseline,4,4,0,0.6642032424512677,0.894503546099291,0.8083832335329342,0.0,1.0,0,1,130,26,151,16077,0.8333333333279915,0.46263345195564903,0.5949656745953952,0.9891967773436896,0.4234527687282624
medium,20000,535,Hough transform baseline,3,3,0,0.7842122990004345,0.8170819450480468,0.9576271186440678,0.5,1.0,2,1,115,0,198,16071,0.9999999999913043,0.36741214057390603,0.5373831771745894,0.9879150390624397,0.36741214057390603
medium,20000,536,Hough transform baseline,4,9,5,0.6235841300119506,0.8934143329337838,0.5855161787365177,0.23999999999999996,0.4444444444444444,4,15,461,106,511,15306,0.8130511463830458,0.47427983539045854,0.5990903179224114,0.9623413085936913,0.4276437847862452
medium,20000,537,Hough transform baseline,4,4,0,0.9691684210526316,0.9385964912280702,0.984,1.0,1.0,0,0,129,0,40,16215,0.9999999999922481,0.763313609462939,0.865771811583735,0.997558593749939,0.763313609462939
medium,20000,538,Hough transform baseline,1,1,0,0.6931241830065359,0.34274509803921555,0.9444444444444444,1.0,1.0,0,0,15,0,26,16343,0.9999999999333333,0.36585365852766216,0.5357142853029336,0.998413085937439,0.36585365852766216
medium,20000,539,Hough transform baseline,2,2,0,0.9806159420289855,0.9661835748792271,0.9791666666666666,1.0,1.0,0,0,98,0,140,16146,0.9999999999897958,0.41176470588062286,0.5833333329166667,0.9914550781249395,0.41176470588062286
medium,20000,540,Hough transform baseline,2,2,0,0.9450000000000001,0.8962962962962964,0.9583333333333334,1.0,1.0,0,0,98,0,188,16098,0.9999999999897958,0.34265734265614456,0.5104166662838541,0.9885253906249396,0.34265734265614456
medium,20000,541,Hough transform baseline,2,2,0,1.0,1.0,1.0,1.0,1.0,0,0,138,0,0,16246,0.9999999999927537,0.9999999999927537,0.9999999994927538,0.9999999999999389,0.9999999999927537
medium,20000,542,Hough transform baseline,3,3,0,0.9472297828585254,0.8933782267115601,0.9760479041916168,1.0,1.0,0,0,170,0,194,16020,0.9999999999941177,0.467032967031684,0.6367041194137945,0.9881591796874397,0.467032967031684
medium,20000,543,Hough transform baseline,5,6,1,0.6227351827530856,0.7682403460579078,0.8018018018018018,0.13333333333333333,0.8333333333333334,1,3,202,9,165,16008,0.9573459715594439,0.5504087193445493,0.6989619372502663,0.9893798828124396,0.5372340425517627
medium,20000,544,Hough transform baseline,3,5,2,0.7667181411459085,0.9769888231426693,0.9186991869918699,0.3333333333333333,0.6,1,3,116,0,175,16093,0.9999999999913792,0.3986254295518948,0.5700245696142083,0.9893188476561896,0.3986254295518948
medium,20000,545,Hough transform baseline,5,6,1,0.5362513221763385,0.7641860465116279,0.5451713395638629,0.0,0.8333333333333334,1,1,190,114,80,16000,0.6249999999979441,0.7037037037010975,0.6620209054227925,0.9881591796874397,0.49479166666537816
medium,20000,546,Hough transform baseline,2,2,0,0.9652264150943396,0.9311111111111111,0.9811320754716981,1.0,1.0,0,0,100,2,79,16203,0.9803921568531334,0.558659217873974,0.7117437717744709,0.9950561523436893,0.5524861878422515
medium,20000,547,Hough transform baseline,2,2,0,0.5646296656099805,0.6825541125541125,0.7874015748031495,0.0,1.0,0,1,97,21,142,16124,0.8220338982981183,0.4058577405840759,0.543417366501173,0.9900512695311895,0.3730769230754882
medium,20000,548,Hough transform baseline,3,5,2,0.8888144698902993,0.9134265734265734,0.8388625592417062,1.0,0.6,0,0,216,0,294,15874,0.9999999999953704,0.42352941176387543,0.5950413218944061,0.98205566406244,0.42352941176387543
medium,20000,549,Hough transform baseline,1,1,0,1.0,1.0,1.0,1.0,1.0,0,0,74,0,0,16310,0.9999999999864865,0.9999999999864865,0.9999999994864865,0.9999999999999389,0.9999999999864865
medium,20000,550,Hough transform baseline,3,3,0,0.7115885478158205,0.8143526170798897,0.8506493506493507,0.3,1.0,1,2,117,14,45,16208,0.8931297709855487,0.7222222222177641,0.7986348117868349,0.9963989257811892,0.6647727272689502
medium,20000,551,Hough transform baseline,5,7,2,0.7815608999355735,0.8409090909090909,0.9086161879895561,0.6,0.7142857142857143,1,1,348,26,296,15714,0.930481283419972,0.5403726708066143,0.6836935162332397,0.9803466796874402,0.5194029850738516
medium,20000,552,Hough transform baseline,1,1,0,0.8465277777777778,0.7083333333333334,0.8888888888888888,1.0,1.0,0,0,19,0,34,16331,0.9999999999473684,0.3584905660309719,0.5277777773746142,0.997924804687439,0.3584905660309719
medium,20000,553,Hough transform baseline,5,5,0,0.6706711133069829,0.8324677938808374,0.7303030303030302,0.2,1.0,1,5,241,57,319,15767,0.8087248322120513,0.4303571428563744,0.561771561316875,0.9770507812499404,0.39059967585025834
medium,20000,554,Hough transform baseline,3,3,0,0.9669248433562543,0.9361614876515797,0.9782608695652174,1.0,1.0,0,0,203,0,397,15784,0.9999999999950739,0.33833333333276944,0.5056039846769942,0.9757690429686904,0.33833333333276944
medium,20000,555,Hough transform baseline,4,4,0,0.9486190363087055,0.8968850876016414,0.975103734439834,1.0,1.0,0,0,245,0,380,15759,0.9999999999959184,0.3919999999993728,0.5632183903986919,0.9768066406249404,0.3919999999993728
medium,20000,556,Hough transform baseline,2,3,1,0.784668818747011,0.7343137254901961,0.6878048780487804,1.0,0.6666666666666667,0,0,162,29,94,16099,0.848167539262575,0.6328124999975281,0.7248322142724302,0.9924926757811894,0.5684210526295845
medium,20000,557,Hough transform baseline,3,3,0,0.8915021302495435,0.7811158449989857,0.95,1.0,1.0,0,0,123,0,208,16053,0.9999999999918698,0.37160120845809186,0.5418502198668806,0.9873046874999397,0.37160120845809186
medium,20000,558,Hough transform baseline,3,3,0,0.9282330097087379,0.8577777777777779,0.9611650485436893,1.0,1.0,0,0,106,0,132,16146,0.999999999990566,0.4453781512586329,0.6162790693374798,0.9919433593749394,0.4453781512586329
medium,20000,559,Hough transform baseline,2,3,1,0.49130594779632,0.6238596491228069,0.7195121951219512,0.0,0.6666666666666667,0,1,79,1,108,16196,0.9874999999876563,0.42245989304586923,0.5917602992013354,0.9933471679686894,0.4202127659552117
medium,20000,560,Hough transform baseline,3,5,2,0.5801748776009792,0.8633515798540278,0.6583333333333333,0.0,0.6,0,1,172,44,329,15839,0.7962962962926098,0.34331337325280775,0.47977684755534555,0.9772338867186904,0.3155963302746503
medium,20000,561,Hough transform baseline,3,3,0,0.9251979282278949,0.8505446623093682,0.9622641509433962,1.0,1.0,0,0,109,0,102,16173,0.9999999999908257,0.5165876777226702,0.681249999546543,0.9937744140624393,0.5165876777226702
medium,20000,562,Hough transform baseline,2,2,0,0.9324956293706294,0.8701923076923076,0.9545454545454546,1.0,1.0,0,0,82,1,149,16152,0.9879518072170126,0.3549783549768183,0.5222929932383261,0.9908447265624395,0.3534482758605455
medium,20000,563,Hough transform baseline,4,5,1,0.6157426188866353,0.8687000726216413,0.7241379310344828,0.0,0.8,0,1,250,49,349,15736,0.8361204013349963,0.4173622704500545,0.5567928726057881,0.9757080078124404,0.3858024691352071
medium,20000,564,Hough transform baseline,2,4,2,0.3850412087912088,0.5318376068376068,0.47857142857142854,0.0,0.5,0,2,105,28,114,16137,0.7894736842045905,0.4794520547923313,0.5965909086173651,0.9913330078124395,0.42510121457317773
medium,20000,565,Hough transform baseline,4,5,1,0.7324634995507637,0.9020502645502645,0.7327044025157232,0.4,0.8,2,4,238,65,232,15849,0.7854785478521932,0.5063829787223268,0.615782664463529,0.98187255859369,0.44485981308328065
medium,20000,566,Hough transform baseline,2,3,1,0.8898395341802783,0.8947701149425287,0.8526315789473684,1.0,0.6666666666666667,0,0,98,0,109,16177,0.9999999999897958,0.4734299516885342,0.6426229503793174,0.9933471679686894,0.4734299516885342
medium,20000,567,Hough transform baseline,2,2,0,0.968329637841833,0.943089430894309,0.9696969696969697,1.0,1.0,0,0,68,0,84,16232,0.9999999999852941,0.4473684210496884,0.6181818177490909,0.9948730468749393,0.4473684210496884
medium,20000,568,Hough transform baseline,2,2,0,1.0,1.0,1.0,1.0,1.0,0,0,121,0,0,16263,0.9999999999917355,0.9999999999917355,0.9999999994917355,0.9999999999999389,0.9999999999917355
medium,20000,569,Hough transform baseline,3,6,3,0.2637778280179257,0.22763915962746373,0.5567010309278351,0.0,0.5,1,7,106,45,181,16052,0.7019867549622385,0.36933797909278976,0.48401826438617834,0.9862060546874398,0.3192771084327733
medium,20000,570,Hough transform baseline,4,6,2,0.5608641848347731,0.7178748266983561,0.8557692307692308,0.0,0.6666666666666667,0,1,292,0,374,15718,0.9999999999965754,0.43843843843778013,0.6096033398672077,0.9771728515624404,0.43843843843778013
medium,20000,571,Hough transform baseline,1,1,0,0.9696283391405343,0.943089430894309,0.9761904761904762,1.0,1.0,0,0,85,0,170,16129,0.9999999999882353,0.33333333333202614,0.49999999962205877,0.9896240234374396,0.33333333333202614
medium,20000,572,Hough transform baseline,5,7,2,0.701995586597722,0.8217393365414675,0.803921568627451,0.4,0.7142857142857143,1,2,293,9,428,15654,0.9701986754934762,0.4063800277386874,0.5728250240206856,0.9733276367186906,0.4013698630131488
medium,20000,573,Hough transform baseline,3,3,0,0.9446860808090266,0.8938516680452165,0.9622641509433962,1.0,1.0,0,0,107,0,187,16090,0.9999999999906541,0.36394557823005463,0.5336658350175434,0.9885864257811896,0.36394557823005463
medium,20000,574,Hough transform baseline,1,1,0,0.931140350877193,0.8703703703703705,0.9473684210526316,1.0,1.0,0,0,39,0,74,16271,0.9999999999743591,0.34513274335977756,0.5131578943485976,0.9954833984374392,0.34513274335977756
medium,20000,575,Hough transform baseline,3,4,1,0.5663191865605659,0.6984615384615386,0.8850574712643678,0.0,0.75,0,1,174,0,209,16001,0.9999999999942529,0.4543080939935919,0.6247755830510976,0.9872436523436897,0.4543080939935919
medium,20000,576,Hough transform baseline,5,6,1,0.660847061466096,0.8226470588235295,0.6199460916442048,0.3333333333333333,0.8333333333333334,1,3,230,87,299,15768,0.7255520504708973,0.43478260869483026,0.5437352241164009,0.9764404296874404,0.37337662337601724
medium,20000,577,Hough transform baseline,3,5,2,0.8840517241379311,0.8833333333333333,0.8827586206896552,1.0,0.6,0,0,150,0,27,16207,0.9999999999933334,0.8474576271138562,0.9174311921583481,0.998352050781189,0.8474576271138562
medium,20000,578,Hough transform baseline,3,3,0,0.9655652173913044,0.9323671497584541,0.98,1.0,1.0,0,0,103,0,52,16229,0.9999999999902912,0.6645161290279709,0.7984496119172224,0.9968261718749392,0.6645161290279709
medium,20000,579,Hough transform baseline,1,1,0,0.9116666666666666,0.8333333333333334,0.9333333333333333,1.0,1.0,0,0,31,0,58,16295,0.9999999999677419,0.34831460673765935,0.516666666274861,0.9964599609374392,0.34831460673765935
medium,20000,580,Hough transform baseline,5,7,2,0.47293156182391854,0.5123005521330294,0.8548387096774194,0.0,0.7142857142857143,2,0,160,37,317,15870,0.8121827411126286,0.33542976939133035,0.47477744765609886,0.9783935546874403,0.3112840466920014
medium,20000,581,Hough transform baseline,2,2,0,0.9183730650154799,0.8290643274853802,0.9764705882352941,1.0,1.0,0,0,87,0,120,16177,0.9999999999885058,0.4202898550704334,0.5918367342731501,0.9926757812499394,0.4202898550704334
medium,20000,582,Hough transform baseline,1,1,0,1.0,1.0,1.0,1.0,1.0,0,0,50,0,0,16334,0.9999999999800001,0.9999999999800001,0.9999999994800002,0.9999999999999389,0.9999999999800001
medium,20000,583,Hough transform baseline,2,2,0,0.981923076923077,0.9666666666666668,0.9846153846153847,1.0,1.0,0,0,132,0,142,16110,0.9999999999924243,0.48175182481576007,0.6502463049766798,0.9913330078124395,0.48175182481576007
medium,20000,584,Hough transform baseline,4,4,0,0.9902020202020202,0.9827160493827161,0.98989898989899,1.0,1.0,1,1,174,0,276,15934,0.9999999999942529,0.3866666666658074,0.5576923072883382,0.9831542968749399,0.3866666666658074
medium,20000,585,Hough transform baseline,3,6,3,0.8225375893067436,0.8778032375612498,0.6376306620209059,1.0,0.5,0,0,237,0,382,15765,0.9999999999957806,0.38287560581521346,0.5537383173552903,0.9766845703124404,0.38287560581521346
medium,20000,586,Hough transform baseline,3,3,0,0.9785714285714286,0.9634920634920636,0.975,1.0,1.0,1,1,191,1,299,15893,0.9947916666614856,0.3897959183665514,0.560117301646606,0.98168945312494,0.38900203665908556
medium,20000,587,Hough transform baseline,1,1,0,0.8326367249602543,0.6641176470588235,0.9189189189189189,1.0,1.0,0,0,33,0,81,16270,0.9999999999696971,0.2894736842079871,0.44897959148243793,0.9950561523436893,0.2894736842079871
medium,20000,588,Hough transform baseline,1,1,0,1.0,1.0,1.0,1.0,1.0,0,0,48,0,0,16336,0.9999999999791668,0.9999999999791668,0.9999999994791668,0.9999999999999389,0.9999999999791668
medium,20000,589,Hough transform baseline,1,1,0,0.9726220016542597,0.9487179487179487,0.978494623655914,1.0,1.0,0,0,94,0,184,16106,0.9999999999893616,0.3381294964016614,0.5053763437056307,0.9887695312499396,0.3381294964016614
medium,20000,590,Hough transform baseline,3,4,1,0.6012648499041942,0.7827530575071558,0.8701298701298701,0.0,0.75,0,1,215,19,407,15743,0.9188034187994923,0.34565916398658253,0.5023364481996844,0.9739990234374405,0.3354134165361382
medium,20000,591,Hough transform baseline,1,1,0,0.9011851851851852,0.8133333333333332,0.9259259259259259,1.0,1.0,0,0,28,0,52,16304,0.9999999999642857,0.349999999995625,0.5185185181248285,0.9968261718749392,0.349999999995625
medium,20000,592,Hough transform baseline,4,7,3,0.5118383102134725,0.7119268774703558,0.6716417910447761,0.0,0.5714285714285714,0,5,171,20,253,15940,0.8952879581104959,0.40330188679150164,0.5560975605455695,0.9833374023436899,0.3851351351342677
medium,20000,593,Hough transform baseline,5,7,2,0.7548680369656217,0.8110952524340058,0.8422330097087378,0.6,0.7142857142857143,4,6,403,10,509,15462,0.9757869249371046,0.44188596491179616,0.6083018863624498,0.9683227539061908,0.43709327548759536
medium,20000,594,Hough transform baseline,1,1,0,0.9146829810901,0.8390804597701148,0.935483870967742,1.0,1.0,0,0,32,0,64,16288,0.9999999999687501,0.3333333333298611,0.4999999996171875,0.9960937499999392,0.3333333333298611
medium,20000,595,Hough transform baseline,5,7,2,0.7744535919371851,0.9239130434782609,0.8113207547169812,0.5,0.7142857142857143,1,2,229,22,123,16010,0.912350597605927,0.6505681818163336,0.7595356545695513,0.9911499023436895,0.6122994652390046
medium,20000,596,Hough transform baseline,3,4,1,0.9445000000000001,0.961111111111111,0.935,1.0,0.75,0,0,204,0,74,16106,0.9999999999950981,0.7338129496376482,0.8464730285539162,0.9954833984374392,0.7338129496376482
medium,20000,597,Hough transform baseline,2,2,0,0.9534507640067912,0.9059139784946236,0.9789473684210527,1.0,1.0,0,0,79,0,152,16153,0.9999999999873417,0.34199134198986153,0.5096774189717586,0.9907226562499395,0.34199134198986153
medium,20000,598,Hough transform baseline,2,2,0,0.9752978978978979,0.954716049382716,0.9783783783783784,1.0,1.0,1,1,147,1,265,15971,0.9932432432365322,0.35679611650398835,0.5249999996092474,0.9837646484374399,0.3559322033889687
medium,20000,599,Hough transform baseline,5,5,0,0.5586416083916084,0.7177272727272727,0.6783216783216783,0.0,1.0,0,3,199,76,164,15945,0.7236363636337323,0.5482093663896743,0.6238244509182153,0.9853515624999398,0.45330296127459385
medium,20000,600,Hough transform baseline,2,3,1,0.8559190590111643,0.7942982456140351,0.9090909090909091,1.0,0.6666666666666667,0,0,113,0,176,16095,0.9999999999911504,0.39100346020625953,0.5621890543194104,0.9892578124999396,0.39100346020625953
medium,20000,601,Hough transform baseline,4,5,1,0.584108045212766,0.7892708333333334,0.7446808510638299,0.0,0.8,0,2,287,31,256,15810,0.9025157232676022,0.5285451197043673,0.6666666661992632,0.98248291015619,0.4999999999991289
medium,20000,602,Hough transform baseline,4,4,0,0.9916532563422945,0.9846491228070174,0.9928057553956835,1.0,1.0,1,1,281,0,152,15951,0.9999999999964413,0.6489607390285244,0.7871148454588306,0.9907226562499395,0.6489607390285244
medium,20000,603,Hough transform baseline,4,7,3,0.37780673674151943,0.4081419546636938,0.56,0.09999999999999999,0.5714285714285714,1,6,186,81,287,15830,0.696629213480537,0.39323467230360837,0.5027027022400912,0.9775390624999403,0.33574007220156005
medium,20000,604,Hough transform baseline,4,6,2,0.623699951138489,0.7929942463686096,0.7509293680297398,0.2,0.6666666666666667,1,5,219,51,256,15858,0.8111111111081071,0.46105263157797677,0.5879194626235287,0.98126220703119,0.41634980988514003
medium,20000,605,Hough transform baseline,5,7,2,0.622792502475165,0.7871631292683925,0.673202614379085,0.25,0.7142857142857143,1,4,196,101,434,15653,0.6599326599304379,0.3111111111106173,0.4228694709767691,0.9673461914061909,0.2681258549927933
medium,20000,606,Hough transform baseline,3,3,0,0.915902800810761,0.8330178326474623,0.9552238805970149,1.0,1.0,0,0,137,0,262,15985,0.9999999999927008,0.3433583959891144,0.5111940294683045,0.9840087890624399,0.3433583959891144
medium,20000,607,Hough transform baseline,4,4,0,1.0,1.0,1.0,1.0,1.0,1,1,177,0,35,16172,0.9999999999943503,0.8349056603734203,0.9100257064402428,0.997863769531189,0.8349056603734203
medium,20000,608,Hough transform baseline,4,4,0,0.6126282290694055,0.7347058823529412,0.91005291005291,0.0,1.0,1,1,173,13,152,16046,0.9301075268767199,0.5323076923060545,0.6771037177339547,0.9899291992186896,0.5118343195251129
medium,20000,609,Hough transform baseline,4,4,0,1.0,1.0,1.0,1.0,1.0,0,0,156,0,0,16228,0.9999999999935898,0.9999999999935898,0.9999999994935898,0.9999999999999389,0.9999999999935898
medium,20000,610,Hough transform baseline,5,7,2,0.9102178400137033,0.894351851851852,0.9316546762589928,1.0,0.7142857142857143,0,0,284,1,202,15897,0.996491228066679,0.5843621399164931,0.7367055767045746,0.9876098632811897,0.5831622176579402
medium,20000,611,Hough transform baseline,2,2,0,0.9274784482758621,0.8541666666666667,0.9655172413793104,1.0,1.0,0,0,60,0,34,16290,0.9999999999833334,0.6382978723336351,0.7792207787350311,0.997924804687439,0.6382978723336351
medium,20000,612,Hough transform baseline,3,3,0,0.9041266993875691,0.8158082497212933,0.935064935064935,1.0,1.0,0,0,69,1,154,16160,0.985714285700204,0.3094170403573569,0.4709897607252734,0.9905395507811895,0.3080357142843391
medium,20000,613,Hough transform baseline,2,2,0,0.9474789915966386,0.896358543417367,0.9705882352941176,1.0,1.0,0,0,107,2,216,16059,0.981651376137783,0.33126934984417566,0.4953703699907729,0.9866943359374397,0.32923076922975625
medium,20000,614,Hough transform baseline,1,1,0,0.956378233719893,0.9181286549707602,0.9661016949152542,1.0,1.0,0,0,60,0,116,16208,0.9999999999833334,0.34090909090715393,0.5084745758876759,0.9929199218749394,0.34090909090715393
medium,20000,615,Hough transform baseline,5,9,4,0.41205179615705934,0.6493567251461988,0.3214285714285714,0.0,0.5555555555555556,0,7,161,171,177,15875,0.48493975903468395,0.4763313609453363,0.4805970144239787,0.9787597656249403,0.31630648329996797
medium,20000,616,Hough transform baseline,5,5,0,0.760369008714597,0.7781862745098039,0.9259259259259259,0.5,1.0,1,2,143,4,120,16117,0.972789115639641,0.5437262357393775,0.6975609751463772,0.9924316406249394,0.5355805243425634
medium,20000,617,Hough transform baseline,2,2,0,0.9364302749719416,0.8806818181818181,0.9506172839506173,1.0,1.0,0,0,71,2,190,16121,0.9726027397127041,0.2720306513399539,0.42514970025467025,0.9882812499999396,0.2699619771852853
medium,20000,618,Hough transform baseline,5,8,3,0.5289815551008477,0.6907878787878787,0.7781350482315113,0.0,0.625,0,1,294,4,259,15827,0.986577181204743,0.5316455696192918,0.6909518209298745,0.9839477539061899,0.5278276481139537
medium,20000,619,Hough transform baseline,3,6,3,0.4493620689655173,0.6874712643678161,0.44999999999999996,0.0,0.5,0,3,170,83,208,15923,0.6719367588906248,0.44973544973426,0.5388272578380404,0.98223876953119,0.3687635574829311
medium,20000,620,Hough transform baseline,4,6,2,0.6908524846566718,0.8800992933723197,0.8192771084337349,0.2571428571428571,0.6666666666666667,3,7,211,28,310,15835,0.8828451882808249,0.4049904030702399,0.5552631574621156,0.9793701171874402,0.3843351548262581
medium,20000,621,Hough transform baseline,3,4,1,0.7160849056603773,0.7611111111111112,0.8679245283018868,0.5,0.75,1,2,154,0,170,16060,0.9999999999935065,0.47530864197384165,0.6443514639956933,0.9896240234374396,0.47530864197384165
medium,20000,622,Hough transform baseline,4,4,0,0.6628310786072565,0.8249067599067599,0.9581151832460733,0.0,1.0,0,1,187,1,189,16007,0.994680851058539,0.4973404255305922,0.6631205669290906,0.9884033203124396,0.4960212201578355
medium,20000,623,Hough transform baseline,2,4,2,0.7687426108374384,0.8183333333333334,0.5024630541871922,1.0,0.5,0,0,117,65,241,15961,0.6428571428536107,0.3268156424571877,0.4333333328848423,0.98132324218744,0.27659574468019715
medium,20000,624,Hough transform baseline,3,4,1,0.9454441340782123,0.9566666666666667,0.9497206703910615,1.0,0.75,0,0,182,1,98,16103,0.9945355191202485,0.6499999999976785,0.7861771053500832,0.9939575195311893,0.6476868327379086
medium,20000,625,Hough transform baseline,3,4,1,0.48751809954751135,0.5768376068376069,0.7647058823529411,0.0,0.75,0,1,122,18,138,16106,0.871428571422347,0.4692307692289645,0.60999999954195,0.9904785156249395,0.4388489208617308
medium,20000,626,Hough transform baseline,4,4,0,0.8515866388928452,0.8927259887005651,0.9159663865546218,0.6666666666666666,1.0,2,3,226,13,248,15897,0.945606694556713,0.4767932489441418,0.6339410935216822,0.9840698242186899,0.46406570841793826
medium,20000,627,Hough transform baseline,2,3,1,0.3937792443064182,0.40945652173913044,0.7142857142857143,0.0,0.6666666666666667,0,1,39,1,55,16289,0.974999999975625,0.41489361701686284,0.5820895518113165,0.9965820312499392,0.41052631578515236
medium,20000,628,Hough transform baseline,4,4,0,0.9471658578663499,0.8947673553803208,0.9726027397260274,1.0,1.0,1,1,222,0,302,15860,0.9999999999954955,0.42366412213659604,0.5951742623149306,0.98156738281244,0.42366412213659604
medium,20000,629,Hough transform baseline,2,2,0,1.0,1.0,1.0,1.0,1.0,0,0,140,0,0,16244,0.9999999999928573,0.9999999999928573,0.9999999994928572,0.9999999999999389,0.9999999999928573
medium,20000,630,Hough transform baseline,4,4,0,0.9464290404893242,0.8928581852143712,0.9732142857142857,1.0,1.0,1,1,213,2,268,15901,0.9906976744139968,0.4428274428265222,0.6120689650885148,0.9835205078124399,0.44099378881896273
medium,20000,631,Hough transform baseline,5,6,1,0.8169453781512604,0.9548677248677248,0.8529411764705882,0.5333333333333333,0.8333333333333334,2,3,213,25,407,15739,0.894957983189517,0.3435483870962201,0.4965034961014502,0.9736328124999406,0.3302325581390229
medium,20000,632,Hough transform baseline,1,1,0,1.0,1.0,1.0,1.0,1.0,0,0,76,0,0,16308,0.9999999999868421,0.9999999999868421,0.999999999486842,0.9999999999999389,0.9999999999868421
medium,20000,633,Hough transform baseline,5,5,0,0.929294305940037,0.8813229866718238,0.9134948096885813,1.0,1.0,0,0,269,0,367,15748,0.9999999999962825,0.4229559748421023,0.5944751377024583,0.9776000976561903,0.4229559748421023
medium,20000,634,Hough transform baseline,3,4,1,0.9460861514340551,0.9599894274292133,0.9454545454545454,1.0,0.75,0,0,224,0,345,15815,0.9999999999955358,0.39367311071987054,0.564943253061056,0.9789428710936903,0.39367311071987054
medium,20000,635,Hough transform baseline,1,1,0,0.8826086956521739,0.7777777777777778,0.9130434782608696,1.0,1.0,0,0,24,0,44,16316,0.9999999999583333,0.3529411764653979,0.5217391300378071,0.997314453124939,0.3529411764653979
medium,20000,636,Hough transform baseline,2,2,0,0.9034614380790814,0.8037974683544306,0.9587628865979382,1.0,1.0,0,0,99,0,190,16095,0.999999999989899,0.3425605536320327,0.5103092779677835,0.9884033203124396,0.3425605536320327
medium,20000,637,Hough transform baseline,2,2,0,0.9104861111111112,0.8208333333333334,0.9555555555555556,1.0,1.0,0,0,92,0,180,16112,0.9999999999891304,0.3382352941164036,0.5054945051139959,0.9890136718749396,0.3382352941164036
medium,20000,638,Hough transform baseline,2,3,1,0.3936109240222144,0.5626923076923077,0.36866359447004604,0.0,0.6666666666666667,0,2,69,103,190,16022,0.4011627906953421,0.2664092664082378,0.32018561436807513,0.98211669921869,0.1906077348061033
medium,20000,639,Hough transform baseline,2,2,0,0.948860565521435,0.896018648018648,0.9782608695652174,1.0,1.0,0,0,105,2,239,16038,0.9813084112057822,0.3052325581386476,0.4656319286825729,0.9852905273436898,0.30346820809160846
medium,20000,640,Hough transform baseline,1,1,0,0.8525714285714286,0.7200000000000001,0.8928571428571429,1.0,1.0,0,0,21,0,78,16285,0.999999999952381,0.21212121211906948,0.3499999997054167,0.9952392578124393,0.21212121211906948
medium,20000,641,Hough transform baseline,5,6,1,0.8260959175457804,0.7797126496012334,0.9594594594594594,0.8,0.8333333333333334,2,2,269,5,604,15506,0.9817518248139353,0.30813287514283144,0.46904969449169165,0.9628295898436912,0.30637813211810205
medium,20000,642,Hough transform baseline,2,3,1,0.5529638673813778,0.7092753623188406,0.8356164383561644,0.0,0.6666666666666667,0,1,130,15,250,15989,0.896551724131748,0.34210526315699447,0.49523809483639,0.9838256835936899,0.3291139240497997
medium,20000,643,Hough transform baseline,3,3,0,0.9711512072134493,0.9484999246193276,0.9716312056737588,1.0,1.0,0,0,144,0,252,15988,0.9999999999930557,0.3636363636354454,0.5333333329402469,0.9846191406249398,0.3636363636354454
medium,20000,644,Hough transform baseline,5,7,2,0.598460704812429,0.756,0.6127320954907162,0.2571428571428572,0.7142857142857143,2,7,275,60,179,15870,0.8208955223856093,0.6057268722453618,0.6970849171268438,0.9854125976561898,0.5350194552518774
medium,20000,645,Hough transform baseline,2,3,1,0.819968794326241,0.8702222222222222,0.8085106382978724,0.8,0.6666666666666667,1,1,72,1,42,16269,0.9863013698495027,0.6315789473628809,0.7700534754516286,0.997375488281189,0.6260869565162949
medium,20000,646,Hough transform baseline,3,3,0,0.9657307692307692,0.9327350427350427,0.98,1.0,1.0,0,0,103,0,136,16145,0.9999999999902912,0.43096234309443116,0.6023391808620943,0.9916992187499395,0.43096234309443116
medium,20000,647,Hough transform baseline,1,1,0,0.9658995433789954,0.9360730593607306,0.9733333333333334,1.0,1.0,0,0,76,0,148,16160,0.9999999999868421,0.3392857142841996,0.5066666662849777,0.9909667968749395,0.3392857142841996
medium,20000,648,Hough transform baseline,3,3,0,0.6622644472361808,0.8541666666666666,0.8894472361809045,0.0,1.0,0,1,172,21,12,16179,0.8911917098399421,0.9347826086905718,0.9124668429967705,0.997985839843689,0.8390243902398097
medium,20000,649,Hough transform baseline,1,1,0,1.0,1.0,1.0,1.0,1.0,0,0,85,0,0,16299,0.9999999999882353,0.9999999999882353,0.9999999994882354,0.9999999999999389,0.9999999999882353
medium,20000,650,Hough transform baseline,3,4,1,0.5947515444830769,0.7517801251956181,0.7405857740585774,0.13333333333333333,0.75,1,3,178,44,285,15877,0.8018018017981902,0.3844492440596448,0.5197080287574533,0.9799194335936902,0.3510848126225817
medium,20000,651,Hough transform baseline,3,4,1,0.9390022215782865,0.9513774858602444,0.9294117647058824,1.0,0.75,0,0,153,0,300,15931,0.9999999999934641,0.33774834437011536,0.5049504946703756,0.98168945312494,0.33774834437011536
medium,20000,652,Hough transform baseline,1,1,0,1.0,1.0,1.0,1.0,1.0,0,0,29,0,0,16355,0.9999999999655173,0.9999999999655173,0.9999999994655173,0.9999999999999389,0.9999999999655173
medium,20000,653,Hough transform baseline,4,5,1,0.5335489361702128,0.7431111111111111,0.5957446808510638,0.0,0.8,0,2,220,59,175,15930,0.7885304659469945,0.5569620253150457,0.6528189906107961,0.9857177734374398,0.4845814977962895
medium,20000,654,Hough transform baseline,5,5,0,0.7490319754365042,0.7772510435301133,0.8713450292397661,0.5,1.0,1,2,157,14,147,16066,0.9181286549653911,0.5164473684193538,0.6610526311153639,0.9901733398436895,0.49371069182234684
medium,20000,655,Hough transform baseline,4,4,0,0.9836254222972973,0.9696180555555556,0.9864864864864865,1.0,1.0,1,1,129,0,204,16051,0.9999999999922481,0.3873873873862241,0.5584415580366279,0.9875488281249397,0.3873873873862241
medium,20000,656,Hough transform baseline,4,8,4,0.6058087260301919,0.8358249467337595,0.6484375,0.19999999999999998,0.5,2,6,176,81,278,15849,0.6848249027210708,0.3876651982370316,0.495077355373842,0.9780883789061903,0.32897196261620754
medium,20000,657,Hough transform baseline,4,7,3,0.5922071940771452,0.7422257419952238,0.8178137651821862,0.15,0.5714285714285714,1,4,214,19,411,15740,0.9184549356183758,0.34239999999945214,0.49883449843770405,0.9737548828124405,0.3322981366454468
medium,20000,658,Hough transform baseline,3,3,0,0.9866780397022331,0.9775641025641024,0.9838709677419355,1.0,1.0,0,0,123,0,162,16099,0.9999999999918698,0.4315789473669068,0.6029411760464605,0.9901123046874395,0.4315789473669068
medium,20000,659,Hough transform baseline,3,3,0,0.9859209842315023,0.9731800766283525,0.9899497487437185,1.0,1.0,0,0,202,0,118,16064,0.9999999999950495,0.6312499999980273,0.7739463596758416,0.9927978515624394,0.6312499999980273
medium,20000,660,Hough transform baseline,4,4,0,0.6529905913978494,0.8865740740740741,0.7701612903225806,0.0,1.0,0,1,201,50,210,15923,0.8007968127458136,0.4890510948893211,0.607250754814382,0.9841308593749399,0.4360086767886421
medium,20000,661,Hough transform baseline,1,1,0,1.0,1.0,1.0,1.0,1.0,0,0,20,0,0,16364,0.99999999995,0.99999999995,0.99999999945,0.9999999999999389,0.99999999995
medium,20000,662,Hough transform baseline,3,6,3,0.5684912517761125,0.8109013209013209,0.5179282868525896,0.2,0.5,1,4,349,130,349,15556,0.7286012526080823,0.4999999999992837,0.5930331346055124,0.9707641601561907,0.42149758454055375
medium,20000,663,Hough transform baseline,4,5,1,0.9108114008941879,0.8924697797648619,0.896,1.0,0.8,1,1,241,2,368,15773,0.9917695473210215,0.39573070607488386,0.5657276991214568,0.9774169921874403,0.39443535188151485
medium,20000,664,Hough transform baseline,2,2,0,0.9693093361698013,0.9421344421344422,0.9767441860465116,1.0,1.0,0,0,124,0,269,15991,0.9999999999919355,0.31552162849792487,0.479690521877219,0.9835815429686899,0.31552162849792487
medium,20000,665,Hough transform baseline,3,4,1,0.8557343184858195,0.8400156572412149,0.7636363636363637,1.0,0.75,0,0,136,10,313,15925,0.9315068493086883,0.3028953229391918,0.45714285677098515,0.9802856445311902,0.2962962962956508
medium,20000,666,Hough transform baseline,1,1,0,1.0,1.0,1.0,1.0,1.0,0,0,21,0,0,16363,0.999999999952381,0.999999999952381,0.9999999994523809,0.9999999999999389,0.999999999952381
medium,20000,667,Hough transform baseline,4,4,0,0.8421086226203807,0.85953216374269,0.9432624113475178,0.6666666666666666,1.0,2,3,270,13,118,15983,0.9540636042369115,0.6958762886580003,0.8047690010001576,0.9920043945311894,0.6733167082277474
medium,20000,668,Hough transform baseline,3,4,1,0.5867819787454256,0.8220223501403545,0.7093596059113301,0.0,0.75,0,1,179,10,208,15987,0.9470899470849361,0.4625322997404069,0.6215277773347017,0.9866943359374397,0.4508816120895444
medium,20000,669,Hough transform baseline,1,1,0,1.0,1.0,1.0,1.0,1.0,0,0,63,0,0,16321,0.999999999984127,0.999999999984127,0.9999999994841271,0.9999999999999389,0.999999999984127
medium,20000,670,Hough transform baseline,1,1,0,0.9249350649350648,0.8585858585858585,0.9428571428571428,1.0,1.0,0,0,36,0,68,16280,0.9999999999722223,0.34615384615051775,0.5142857138963265,0.9958496093749392,0.34615384615051775
medium,20000,671,Hough transform baseline,2,2,0,0.6630893987341772,0.86875,0.8607594936708861,0.0,1.0,0,1,58,7,0,16319,0.8923076922939644,0.9999999999827587,0.9430894303805935,0.9995727539061889,0.8923076922939644
medium,20000,672,Hough transform baseline,4,5,1,0.9462187092158436,0.9406167394339006,0.9647058823529412,1.0,0.8,2,2,258,0,338,15788,0.9999999999961241,0.43288590603954213,0.6042154562513807,0.9793701171874402,0.43288590603954213
medium,20000,673,Hough transform baseline,3,10,7,0.5469537034535873,0.9166463049467004,0.38996138996138996,0.10588235294117647,0.30000000000000004,2,17,378,216,503,15287,0.6363636363625651,0.42905788876228257,0.5125423723995909,0.9561157226561916,0.34457611668154553
medium,20000,674,Hough transform baseline,5,8,3,0.44936431024899304,0.4839536372164795,0.8454258675078864,0.0,0.625,0,5,235,29,398,15722,0.8901515151481434,0.3712480252758748,0.523968784421795,0.9739379882811905,0.3549848942592825
medium,20000,675,Hough transform baseline,2,2,0,0.9499363425925925,0.9052083333333332,0.962962962962963,1.0,1.0,0,0,110,0,216,16058,0.999999999990909,0.3374233128824006,0.504587155583705,0.9868164062499397,0.3374233128824006
medium,20000,676,Hough transform baseline,4,6,2,0.6239037884471118,0.9178912783751494,0.7209302325581395,0.0,0.6666666666666667,0,2,174,30,201,15979,0.8529411764664072,0.4639999999987627,0.6010362689715876,0.9859008789061898,0.4296296296285688
medium,20000,677,Hough transform baseline,4,4,0,0.7795537704759136,0.834551656920078,0.8950276243093923,0.5,1.0,1,2,153,14,114,16103,0.9161676646651727,0.5730337078630223,0.7050691239472595,0.9921874999999394,0.5444839857631869
medium,20000,678,Hough transform baseline,2,3,1,0.547858105022831,0.7244254185692542,0.776,0.0,0.6666666666666667,0,1,119,2,186,16077,0.9834710743720374,0.3901639344249503,0.5586854456000462,0.9885253906249396,0.38762214983587095
medium,20000,679,Hough transform baseline,1,1,0,1.0,1.0,1.0,1.0,1.0,0,0,24,0,0,16360,0.9999999999583333,0.9999999999583333,0.9999999994583333,0.9999999999999389,0.9999999999583333
medium,20000,680,Hough transform baseline,5,5,0,0.5317284242822704,0.596477366255144,0.8165680473372781,0.0,1.0,0,2,302,39,281,15762,0.8856304985311272,0.5180102915943088,0.6536796532125358,0.9804687499999402,0.48553054662301365
medium,20000,681,Hough transform baseline,2,2,0,0.8963709677419355,0.8055555555555556,0.9193548387096774,1.0,1.0,0,0,55,0,144,16185,0.9999999999818182,0.27638190954634984,0.4330708657990266,0.9912109374999395,0.27638190954634984
medium,20000,682,Hough transform baseline,2,2,0,0.4944891304347826,0.6950000000000001,0.408695652173913,0.0,1.0,0,1,51,65,74,16194,0.43965517241000296,0.407999999996736,0.4232365140200065,0.9915161132811895,0.26842105263016625
medium,20000,683,Hough transform baseline,1,2,1,0.7175,0.65,0.625,1.0,0.5,0,0,26,0,28,16330,0.9999999999615384,0.4814814814725652,0.649999999545,0.998291015624939,0.4814814814725652
medium,20000,684,Hough transform baseline,3,3,0,1.0,1.0,1.0,1.0,1.0,0,0,130,0,0,16254,0.9999999999923078,0.9999999999923078,0.9999999994923079,0.9999999999999389,0.9999999999923078
medium,20000,685,Hough transform baseline,2,2,0,1.0,1.0,1.0,1.0,1.0,0,0,170,0,0,16214,0.9999999999941177,0.9999999999941177,0.9999999994941178,0.9999999999999389,0.9999999999941177
medium,20000,686,Hough transform baseline,3,3,0,1.0,1.0,1.0,1.0,1.0,1,1,216,0,80,16088,0.9999999999953704,0.7297297297272645,0.843749999508911,0.9951171874999393,0.7297297297272645
medium,20000,687,Hough transform baseline,1,1,0,0.9103719512195122,0.8116666666666668,0.975609756097561,1.0,1.0,0,0,83,0,166,16135,0.9999999999879517,0.33333333333199466,0.499999999621988,0.9898681640624396,0.33333333333199466
medium,20000,688,Hough transform baseline,4,6,2,0.6865394222630432,0.8418697010263274,0.9551569506726457,0.19999999999999998,0.6666666666666667,1,3,226,0,286,15872,0.9999999999955753,0.4414062499991379,0.612466124234678,0.98254394531244,0.4414062499991379
medium,20000,689,Hough transform baseline,2,2,0,1.0,1.0,1.0,1.0,1.0,0,0,72,0,40,16272,0.9999999999861111,0.642857142851403,0.7826086951672968,0.997558593749939,0.642857142851403
medium,20000,690,Hough transform baseline,3,3,0,0.9385770392101512,0.8764495153968839,0.970873786407767,1.0,1.0,0,0,97,0,130,16157,0.9999999999896907,0.4273127753285141,0.5987654316755638,0.9920654296874394,0.4273127753285141
medium,20000,691,Hough transform baseline,1,2,1,0.8476451814768462,0.8150980392156864,0.9042553191489362,1.0,0.5,0,0,96,0,168,16120,0.9999999999895833,0.36363636363498625,0.5333333329392592,0.9897460937499396,0.36363636363498625
medium,20000,692,Hough transform baseline,1,1,0,0.9713676869430453,0.9463601532567051,0.9775280898876404,1.0,1.0,0,0,90,0,176,16118,0.9999999999888889,0.3383458646603822,0.5056179771474562,0.9892578124999396,0.3383458646603822
medium,20000,693,Hough transform baseline,4,4,0,0.8769538461538461,0.904,0.9507692307692308,0.72,1.0,4,5,279,5,171,15929,0.982394366193724,0.6199999999986222,0.7602179831747286,0.9892578124999396,0.6131868131854655
medium,20000,694,Hough transform baseline,3,4,1,0.6055920640445529,0.6170019723865878,0.7647058823529411,0.4,0.75,1,2,148,37,272,15927,0.7999999999956757,0.3523809523801134,0.4892561979209289,0.98114013671869,0.32385120350038543
medium,20000,695,Hough transform baseline,1,1,0,1.0,1.0,1.0,1.0,1.0,0,0,48,0,38,16298,0.9999999999791668,0.5581395348772309,0.7164179099772778,0.997680664062439,0.5581395348772309
medium,20000,696,Hough transform baseline,5,6,1,0.8167500000000001,0.7455555555555555,0.7395833333333333,1.0,0.8333333333333334,1,1,121,76,107,16080,0.6142131979664254,0.5307017543836373,0.5694117642058629,0.9888305664061896,0.3980263157881644
medium,20000,697,Hough transform baseline,4,4,0,0.9207989766081871,0.941346653671215,0.9859649122807017,0.8,1.0,1,1,288,0,374,15722,0.9999999999965278,0.43504531721988665,0.6063157890499014,0.9771728515624404,0.43504531721988665
medium,20000,698,Hough transform baseline,5,13,8,0.5818278481290096,0.8203279103721581,0.62109375,0.2,0.3846153846153846,3,10,362,106,346,15570,0.7735042735026207,0.5112994350275264,0.615646258023179,0.9724121093749406,0.4447174447168984
medium,20000,699,Hough transform baseline,3,3,0,0.9802952503209242,0.962059620596206,0.9868421052631579,1.0,1.0,0,0,155,0,84,16145,0.9999999999935485,0.648535564850843,0.7868020299755856,0.9948730468749393,0.648535564850843
medium,20000,700,Hough transform baseline,5,6,1,0.6677871659516985,0.6642649809408813,0.9276729559748428,0.4,0.8333333333333334,1,2,293,1,335,15755,0.9965986394523926,0.46656050955339723,0.6355748368744313,0.9794921874999402,0.46581875993566646
medium,20000,701,Hough transform baseline,4,4,0,0.9402250753718833,0.876268085581811,0.9795221843003413,1.0,1.0,1,1,264,1,511,15608,0.9962264150905803,0.34064516128988304,0.5076923073115699,0.9687499999999408,0.3402061855665719
medium,20000,702,Hough transform baseline,5,9,4,0.48639925912106297,0.6910863195853053,0.4951076320939335,0.08333333333333333,0.5555555555555556,1,12,328,117,197,15742,0.7370786516837369,0.6247619047607148,0.6762886592958209,0.9808349609374402,0.5109034267904815
medium,20000,703,Hough transform baseline,3,3,0,0.9584674892877355,0.9210722819593787,0.9699248120300752,1.0,1.0,0,0,128,1,153,16102,0.9922480620078121,0.4555160142332544,0.6243902434681141,0.9906005859374395,0.4539007092182486
medium,20000,704,Hough transform baseline,3,4,1,0.6399870129870131,0.8110822510822512,1.0,0.0,0.75,1,0,159,1,308,15916,0.9937499999937891,0.34047109207635873,0.5071770331110754,0.98114013671869,0.3397435897428638
medium,20000,705,Hough transform baseline,3,3,0,0.8998784838350056,0.7969521863000123,0.95625,1.0,1.0,0,0,159,1,330,15894,0.9937499999937891,0.32515337423246393,0.48998459130648786,0.9797973632811902,0.3244897959177051
medium,20000,706,Hough transform baseline,1,1,0,0.9118488372093023,0.8144444444444445,0.9767441860465116,1.0,1.0,0,0,87,0,174,16123,0.9999999999885058,0.3333333333320562,0.49999999962212643,0.9893798828124396,0.3333333333320562
medium,20000,707,Hough transform baseline,3,5,2,0.502094379884821,0.7827884615384614,0.44919786096256686,0.0,0.6,0,4,123,39,164,16058,0.7592592592545725,0.4285714285699353,0.5478841866187171,0.9876098632811897,0.37730061349577515
medium,20000,708,Hough transform baseline,5,6,1,0.8157150537634409,0.79,0.6344086021505376,1.0,0.8333333333333334,0,0,189,95,137,15963,0.6654929577441356,0.5797546012252155,0.6196721306478795,0.9858398437499398,0.4489311163884824
medium,20000,709,Hough transform baseline,5,10,5,0.5449560346484782,0.6584645515080298,0.8265682656826568,0.13333333333333333,0.5,1,6,246,18,116,16004,0.9318181818146523,0.6795580110478465,0.7859424915225224,0.9918212890624394,0.647368421050928
medium,20000,710,Hough transform baseline,5,5,0,0.5281488247472903,0.5739130434782609,0.5994397759103641,0.19999999999999998,1.0,2,6,243,91,165,15885,0.7275449101774625,0.5955882352926579,0.6549865224142588,0.9843749999999399,0.4869739478948157
medium,20000,711,Hough transform baseline,3,2,1,0.7378508771929825,0.55,0.868421052631579,1.0,0.6666666666666667,0,0,104,12,32,16236,0.8965517241302021,0.7647058823473184,0.825396824893424,0.997314453124939,0.7027027026979548
medium,20000,712,Hough transform baseline,2,2,0,1.0,1.0,1.0,1.0,1.0,0,0,181,0,100,16103,0.9999999999944752,0.6441281138767113,0.7835497830698168,0.9938964843749393,0.6441281138767113
medium,20000,713,Hough transform baseline,5,5,0,0.9684752506610285,0.9427041721228596,0.9712918660287081,1.0,1.0,0,0,214,0,310,15860,0.9999999999953272,0.40839694656410613,0.5799457990446457,0.98107910156244,0.40839694656410613
medium,20000,714,Hough transform baseline,4,9,5,0.6019991341221844,0.8751359751359751,0.6187175043327556,0.16,0.4444444444444444,2,10,412,102,351,15519,0.8015564202319037,0.539973787679502,0.6452623331123615,0.9723510742186906,0.47630057803413145
medium,20000,715,Hough transform baseline,4,6,2,0.8629094026034403,0.8103395061728396,0.9079497907949791,1.0,0.6666666666666667,0,0,226,18,265,15875,0.9262295081929254,0.4602851323819546,0.6149659859493507,0.98272705078119,0.4440078585452967
medium,20000,716,Hough transform baseline,2,5,3,0.4296708261617901,0.5357764390896922,0.7428571428571429,0.0,0.4,1,7,128,0,189,16067,0.9999999999921876,0.40378548895771676,0.5752808984640121,0.9884643554686896,0.40378548895771676
medium,20000,717,Hough transform baseline,2,2,0,0.9710870133263653,0.945736434108527,0.9775280898876404,1.0,1.0,0,0,91,0,88,16205,0.9999999999890109,0.5083798882653163,0.6740740736221947,0.9946289062499393,0.5083798882653163
medium,20000,718,Hough transform baseline,4,4,0,0.643958089668616,0.8345267489711935,0.8421052631578947,0.0,1.0,0,3,171,19,121,16073,0.8999999999952633,0.5856164383541589,0.7095435679841773,0.9914550781249395,0.549839228294052
medium,20000,719,Hough transform baseline,2,2,0,1.0,1.0,1.0,1.0,1.0,0,0,110,0,0,16274,0.999999999990909,0.999999999990909,0.999999999490909,0.9999999999999389,0.999999999990909
medium,20000,720,Hough transform baseline,1,1,0,0.9658995433789954,0.9360730593607306,0.9733333333333334,1.0,1.0,0,0,76,0,152,16156,0.9999999999868421,0.3333333333318714,0.49999999962171054,0.9907226562499395,0.3333333333318714
medium,20000,721,Hough transform baseline,5,5,0,0.8904095155821272,0.8097989235158384,0.88,1.0,1.0,0,0,231,17,460,15676,0.93145161289947,0.33429811866811243,0.49201277916295505,0.9708862304686907,0.32627118644021713
medium,20000,722,Hough transform baseline,5,6,1,0.7832527157256434,0.8783706154072287,0.8982630272952854,0.5,0.8333333333333334,1,2,379,11,571,15423,0.97179487179238,0.39894736842063266,0.5656716413775249,0.9644775390624412,0.3943808532774252
medium,20000,723,Hough transform baseline,5,5,0,0.6653239667486243,0.8017853751187084,0.7226027397260274,0.24,1.0,2,5,203,66,236,15879,0.7546468401458936,0.462414578586646,0.573446327210823,0.98156738281244,0.401980198019006
medium,20000,724,Hough transform baseline,3,4,1,0.8888166248955722,0.8430492898913952,0.9222222222222223,1.0,0.75,0,0,184,0,133,16067,0.9999999999945652,0.5804416403767179,0.734530937656057,0.9918823242186894,0.5804416403767179
medium,20000,725,Hough transform baseline,1,1,0,0.9152710255018991,0.8208771929824561,0.979381443298969,1.0,1.0,0,0,98,0,196,16090,0.9999999999897958,0.33333333333219956,0.49999999962244895,0.9880371093749397,0.33333333333219956
medium,20000,726,Hough transform baseline,4,5,1,0.5253331245662938,0.657954207162245,0.7462686567164178,0.0,0.8,0,2,170,5,276,15933,0.9714285714230204,0.3811659192816566,0.5475040253583514,0.9828491210936899,0.37694013303685825
medium,20000,727,Hough transform baseline,3,3,0,0.9591569525780052,0.9226044226044225,0.9699248120300752,1.0,1.0,0,0,136,0,166,16082,0.9999999999926471,0.4503311258263234,0.6210045657790287,0.9898681640624396,0.4503311258263234
medium,20000,728,Hough transform baseline,1,1,0,1.0,1.0,1.0,1.0,1.0,0,0,79,0,0,16305,0.9999999999873417,0.9999999999873417,0.9999999994873416,0.9999999999999389,0.9999999999873417
medium,20000,729,Hough transform baseline,4,3,1,0.7477413522012579,0.5425,0.8930817610062893,1.0,0.75,0,0,135,26,11,16212,0.8385093167649783,0.9246575342402421,0.8794788268570277,0.997741699218689,0.7848837209256694
medium,20000,730,Hough transform baseline,2,2,0,0.9420945945945945,0.8833333333333334,0.972972972972973,1.0,1.0,0,0,76,0,42,16266,0.9999999999868421,0.6440677966047113,0.7835051541545328,0.997436523437439,0.6440677966047113
medium,20000,731,Hough transform baseline,4,4,0,0.5673775811102315,0.5203018285966072,0.7912087912087912,0.3,1.0,1,2,220,35,273,15856,0.8627450980358324,0.4462474645021374,0.588235293666694,0.98120117187494,0.41666666666587754
medium,20000,732,Hough transform baseline,5,7,2,0.5737975852043483,0.7422320055904962,0.8418230563002681,0.0,0.7142857142857143,0,2,335,35,567,15447,0.9054054054029584,0.37139689578672797,0.5267295593350614,0.9632568359374412,0.35752401280644874
medium,20000,733,Hough transform baseline,4,4,0,0.6415081360106217,0.6634518923848609,0.7981072555205048,0.3333333333333333,1.0,1,3,241,62,281,15800,0.7953795379511704,0.4616858237539048,0.5842424237762409,0.9790649414061903,0.4126712328760057
medium,20000,734,Hough transform baseline,4,6,2,0.8554047685703621,0.8510964912280702,0.7787234042553192,1.0,0.6666666666666667,0,0,230,11,275,15868,0.9543568464690692,0.45544554455355357,0.616621983475174,0.98254394531244,0.44573643410766334
medium,20000,735,Hough transform baseline,3,4,1,0.858879123698117,0.8012128674772971,0.8666666666666667,1.0,0.75,0,0,256,15,504,15609,0.9446494464909791,0.3368421052627147,0.49660523724488104,0.9683227539061908,0.3303225806447351
medium,20000,736,Hough transform baseline,3,3,0,0.9177533882312575,0.9334494195688224,0.9885057471264368,0.8,1.0,1,1,176,0,138,16070,0.9999999999943182,0.5605095541383424,0.7183673464755019,0.9915771484374395,0.5605095541383424
medium,20000,737,Hough transform baseline,3,3,0,0.9500222534877522,0.9025437832607643,0.9693877551020408,1.0,1.0,0,0,89,1,117,16177,0.9888888888779012,0.4320388349493591,0.6013513509240778,0.9927978515624394,0.429951690819179
medium,20000,738,Hough transform baseline,3,3,0,0.7031636481284622,0.9135792622133598,0.9602649006622517,0.0,1.0,0,1,133,3,53,16195,0.9779411764633976,0.7150537634370159,0.8260869560286641,0.9965820312499392,0.7037037036999805
medium,20000,739,Hough transform baseline,3,5,2,0.8332841228639412,0.7924832359939433,0.8333333333333334,1.0,0.6,0,0,137,0,212,16035,0.9999999999927008,0.39255014326535087,0.5637860078232739,0.9870605468749397,0.39255014326535087
medium,20000,740,Hough transform baseline,2,2,0,0.9797031715912172,0.9623655913978496,0.9831932773109243,1.0,1.0,1,1,120,0,124,16140,0.9999999999916667,0.491803278686509,0.659340658895061,0.9924316406249394,0.491803278686509
medium,20000,741,Hough transform baseline,4,4,0,0.5259445438282648,0.5476830318690784,0.8974358974358975,0.0,1.0,0,1,104,3,249,16028,0.9719626168133461,0.29461756373854214,0.45217391268450846,0.9846191406249398,0.2921348314598536
medium,20000,742,Hough transform baseline,2,4,2,0.7806466165413535,0.6617543859649123,0.9142857142857143,1.0,0.5,0,0,143,21,202,16018,0.8719512195068784,0.414492753621987,0.5618860506415678,0.9863891601561897,0.3907103825125937
medium,20000,743,Hough transform baseline,5,6,1,0.5285427488004953,0.603110870350307,0.8690476190476191,0.0,0.8333333333333334,0,1,246,0,444,15694,0.999999999995935,0.3565217391299181,0.5256410252524107,0.9729003906249406,0.3565217391299181
medium,20000,744,Hough transform baseline,3,5,2,0.517525149190111,0.8354589371980676,0.40784313725490196,0.0,0.6,0,4,132,87,139,16026,0.6027397260246451,0.48708487084691116,0.5387755097075135,0.9862060546874398,0.3687150837978528
medium,20000,745,Hough transform baseline,1,1,0,1.0,1.0,1.0,1.0,1.0,0,0,20,0,0,16364,0.99999999995,0.99999999995,0.99999999945,0.9999999999999389,0.99999999995
medium,20000,746,Hough transform baseline,4,7,3,0.3704512380202918,0.4539517345399698,0.5451505016722409,0.0,0.5714285714285714,1,3,178,94,316,15796,0.6544117647034765,0.3603238866389467,0.4647519577653266,0.9749755859374405,0.30272108843485934
medium,20000,747,Hough transform baseline,4,4,0,0.5877848594642073,0.6878310886644221,0.8913043478260869,0.0,1.0,0,1,188,17,246,15933,0.9170731707272338,0.43317972350130607,0.5884194048831876,0.9839477539061899,0.41685144124076084
medium,20000,748,Hough transform baseline,2,3,1,0.5156248114630468,0.7002991452991454,0.6691176470588236,0.0,0.6666666666666667,0,1,119,0,168,16097,0.9999999999915966,0.4146341463400187,0.5862068961344489,0.9897460937499396,0.4146341463400187
medium,20000,749,Hough transform baseline,5,7,2,0.8601833192442205,0.7931923688832607,0.9090909090909091,1.0,0.7142857142857143,0,0,233,57,582,15512,0.8034482758592985,0.2858895705517965,0.42171945662567756,0.9609985351561913,0.2672018348620789
medium,20000,750,Hough transform baseline,5,5,0,0.5847824322681254,0.6767455970841744,0.9012345679012346,0.0,1.0,0,1,229,10,430,15715,0.9581589958118906,0.34749620637276557,0.5100222713231606,0.9731445312499406,0.34230194319829255
medium,20000,751,Hough transform baseline,4,4,0,0.7939054123522068,0.8622367465504721,0.9044943820224719,0.5,1.0,1,2,157,7,217,16003,0.9573170731648944,0.41978609625556207,0.5836431222505908,0.9863281249999398,0.4120734908125667
medium,20000,752,Hough transform baseline,2,2,0,1.0,1.0,1.0,1.0,1.0,0,0,149,0,73,16162,0.9999999999932887,0.671171171168148,0.8032345008627372,0.9955444335936892,0.671171171168148
medium,20000,753,Hough transform baseline,3,3,0,0.9555749805749806,0.9102564102564104,0.9797979797979798,1.0,1.0,0,0,95,0,42,16247,0.9999999999894736,0.6934306569292451,0.8189655167507061,0.997436523437439,0.6934306569292451
medium,20000,754,Hough transform baseline,2,2,0,0.961,0.9222222222222222,0.98,1.0,1.0,0,0,102,0,62,16220,0.9999999999901961,0.6219512195084028,0.7669172927544802,0.9962158203124392,0.6219512195084028
medium,20000,755,Hough transform baseline,4,4,0,0.922603541341882,0.8462015018773467,0.9590643274853801,1.0,1.0,0,0,157,2,306,15919,0.9874213836415886,0.339092872569462,0.504823150743215,0.98120117187494,0.33763440860142446
medium,20000,756,Hough transform baseline,2,2,0,0.9108838130298974,0.8225401606425704,0.9537037037037037,1.0,1.0,0,0,84,1,163,16136,0.9882352941060207,0.3400809716585422,0.5060240960015423,0.9899902343749396,0.3387096774179891
medium,20000,757,Hough transform baseline,2,2,0,0.9132500748125748,0.8206904019404019,0.9696969696969697,1.0,1.0,0,0,106,1,211,16066,0.9906542055982182,0.3343848580431092,0.49999999962029407,0.9870605468749397,0.33333333333228515
medium,20000,758,Hough transform baseline,1,1,0,1.0,1.0,1.0,1.0,1.0,0,0,76,0,0,16308,0.9999999999868421,0.9999999999868421,0.999999999486842,0.9999999999999389,0.9999999999868421
medium,20000,759,Hough transform baseline,3,4,1,0.5380749402526459,0.7430268199233716,0.6435643564356436,0.0,0.75,0,3,90,6,92,16196,0.9374999999902344,0.4945054945027775,0.6474820139316806,0.9940185546874393,0.47872340425277277
medium,20000,760,Hough transform baseline,4,6,2,0.6968562520422705,0.7457778514151063,0.9104477611940298,0.45,0.6666666666666667,2,4,200,1,358,15825,0.9950248756169402,0.35842293906745804,0.5270092222706251,0.9780883789061903,0.3577817531299503
medium,20000,761,Hough transform baseline,5,6,1,0.5035880647130648,0.5304805996472665,0.9076923076923077,0.0,0.8333333333333334,0,1,158,17,335,15874,0.9028571428519837,0.32048681541517143,0.47305389182746327,0.9785156249999403,0.30980392156802
medium,20000,762,Hough transform baseline,1,1,0,1.0,1.0,1.0,1.0,1.0,0,0,25,0,0,16359,0.99999999996,0.99999999996,0.99999999946,0.9999999999999389,0.99999999996
medium,20000,763,Hough transform baseline,5,5,0,0.6493230115361264,0.7921810699588478,0.5475409836065575,0.3333333333333333,1.0,1,3,157,106,205,15916,0.5969581749026732,0.4337016574573655,0.5023999995109377,0.98101806640619,0.3354700854693687
medium,20000,764,Hough transform baseline,1,1,0,0.922610294117647,0.8541666666666666,0.9411764705882353,1.0,1.0,0,0,35,0,66,16283,0.9999999999714286,0.3465346534619155,0.5147058819631272,0.9959716796874392,0.3465346534619155
medium,20000,765,Hough transform baseline,3,3,0,0.6273076923076922,0.8235042735042735,0.7836538461538461,0.0,1.0,0,2,170,39,56,16119,0.813397129182711,0.7522123893772026,0.7816091948994689,0.9942016601561893,0.6415094339598434
medium,20000,766,Hough transform baseline,5,6,1,0.5686469575010765,0.6714942528735631,0.6657060518731989,0.2,0.8333333333333334,1,4,244,102,256,15782,0.7052023121366902,0.487999999999024,0.5768321508154408,0.9781494140624403,0.40531561461726695
medium,20000,767,Hough transform baseline,5,5,0,0.9455622382607146,0.8962537249893572,0.9612403100775194,1.0,1.0,0,0,263,0,506,15615,0.9999999999961977,0.34200260077978933,0.5096899220998343,0.9691162109374408,0.34200260077978933
medium,20000,768,Hough transform baseline,2,2,0,1.0,1.0,1.0,1.0,1.0,0,0,45,0,46,16293,0.9999999999777779,0.49450549450006037,0.6617647054298227,0.9971923828124392,0.49450549450006037
medium,20000,769,Hough transform baseline,3,3,0,0.9638224258289704,0.9242592592592592,0.9895287958115183,1.0,1.0,0,0,194,0,102,16088,0.9999999999948455,0.6554054054031913,0.7918367342123116,0.9937744140624393,0.6554054054031913
medium,20000,770,Hough transform baseline,4,4,0,0.5724536106224345,0.667109500805153,0.8612716763005781,0.0,1.0,0,1,154,15,304,15911,0.9112426035449039,0.33624454148398203,0.4912280697800976,0.9805297851561902,0.3255813953481489
medium,20000,771,Hough transform baseline,3,3,0,0.9200427018519336,0.8326530325391807,0.9767441860465116,1.0,1.0,0,0,174,1,169,16040,0.9942857142800328,0.5072886297361303,0.6718146713646711,0.9896240234374396,0.5058139534869017
medium,20000,772,Hough transform baseline,5,10,5,0.49223337027497577,0.6813374014747012,0.5739910313901345,0.08333333333333333,0.5,1,12,251,118,303,15712,0.6802168021661783,0.45306859205694394,0.5438786560736212,0.9743041992186905,0.37351190476134893
medium,20000,773,Hough transform baseline,4,4,0,0.9645943668753009,0.9345878136200717,0.9701492537313433,1.0,1.0,0,0,138,0,150,16096,0.9999999999927537,0.4791666666650029,0.6478873235026119,0.9908447265624395,0.4791666666650029
medium,20000,774,Hough transform baseline,4,4,0,0.991203277745831,0.9842342342342342,0.9914893617021276,1.0,1.0,2,2,237,0,146,16001,0.9999999999957806,0.6187989556119614,0.7645161285575183,0.9910888671874395,0.6187989556119614
medium,20000,775,Hough transform baseline,2,2,0,0.9028882575757575,0.8178661616161615,0.9242424242424242,1.0,1.0,0,0,57,2,112,16213,0.9661016948988796,0.33727810650688006,0.4999999996119961,0.9930419921874394,0.33333333333138404
medium,20000,776,Hough transform baseline,4,7,3,0.6335865977160096,0.7136993464052287,0.8597285067873304,0.3333333333333333,0.5714285714285714,3,6,190,12,270,15912,0.9405940594012843,0.4130434782599717,0.5740181264624273,0.9827880859374399,0.4025423728805031
medium,20000,777,Hough transform baseline,4,7,3,0.621409756909757,0.7202564102564103,0.7840909090909091,0.3333333333333333,0.5714285714285714,1,3,175,30,300,15879,0.8536585365812017,0.3684210526308033,0.5147058819302551,0.9798583984374402,0.34653465346466034
medium,20000,778,Hough transform baseline,1,1,0,1.0,1.0,1.0,1.0,1.0,0,0,58,0,114,16212,0.9999999999827587,0.3372093023236209,0.5043478257054064,0.9930419921874394,0.3372093023236209
medium,20000,779,Hough transform baseline,5,6,1,0.6419228254218027,0.8667240143369176,0.8428184281842819,0.0,0.8333333333333334,0,1,342,30,396,15616,0.919354838707206,0.46341463414571354,0.6162162157694667,0.9739990234374405,0.4453124999994202
medium,20000,780,Hough transform baseline,3,3,0,0.8454044636023044,0.9471413160733549,0.970954356846473,0.5,1.0,1,2,236,6,0,16142,0.9752066115662182,0.9999999999957627,0.987447698240717,0.9996337890624389,0.9752066115662182
medium,20000,781,Hough transform baseline,3,3,0,0.9724683544303798,0.9444444444444445,0.9873417721518988,1.0,1.0,0,0,161,0,62,16161,0.9999999999937889,0.721973094167166,0.8385416661753337,0.9962158203124392,0.721973094167166
medium,20000,782,Hough transform baseline,4,5,1,0.6314160839160838,0.8621212121212121,0.8173076923076923,0.0,0.8,0,4,252,42,128,15962,0.8571428571399418,0.663157894735097,0.7477744802180877,0.9896240234374396,0.5971563981028504
medium,20000,783,Hough transform baseline,3,4,1,0.5470836873406968,0.7126262626262626,0.7570093457943925,0.0,0.75,0,1,100,0,36,16248,0.99999999999,0.7352941176416523,0.8474576266230969,0.997802734374939,0.7352941176416523
medium,20000,784,Hough transform baseline,5,5,0,0.6833294481632769,0.8823035850495805,0.9314641744548287,0.0,1.0,0,1,298,17,202,15867,0.9460317460287427,0.595999999998808,0.7312883430822507,0.9866333007811897,0.5764023210820572
medium,20000,785,Hough transform baseline,5,8,3,0.48549047474227613,0.7164794713302176,0.5028735632183908,0.0,0.625,0,3,214,108,257,15805,0.6645962732898615,0.45435244161262345,0.5397225720257486,0.9777221679686903,0.3696027633845085
medium,20000,786,Hough transform baseline,2,2,0,0.9235483870967742,0.8444444444444444,0.967741935483871,1.0,1.0,0,0,64,0,32,16288,0.9999999999843749,0.6666666666597222,0.79999999951,0.998046874999939,0.6666666666597222
medium,20000,787,Hough transform baseline,1,1,0,0.8571431334622824,0.7109090909090909,0.9361702127659575,1.0,1.0,0,0,40,1,103,16240,0.9756097560737657,0.27972027971832364,0.43478260834457694,0.9936523437499393,0.2777777777758488
medium,20000,788,Hough transform baseline,2,3,1,0.583643468025508,0.775354609929078,0.8403361344537815,0.0,0.6666666666666667,0,1,120,1,194,16069,0.9917355371818865,0.38216560509432435,0.551724137526923,0.9880981445311897,0.38095238095117157
medium,20000,789,Hough transform baseline,4,7,3,0.4558688355563356,0.6324404761904762,0.4797297297297297,0.07272727272727274,0.5714285714285714,1,11,188,84,261,15851,0.6911764705856942,0.4187082405335886,0.5214979190848585,0.9789428710936903,0.35272045028076415
medium,20000,790,Hough transform baseline,4,4,0,0.7081272479533349,0.733841549397105,0.7644927536231885,0.5,1.0,1,2,203,56,201,15924,0.7837837837807576,0.5024752475235087,0.6123680236547983,0.9843139648436899,0.4413043478251276
medium,20000,791,Hough transform baseline,4,5,1,0.8384059629750582,0.9154144385026739,0.9198473282442748,0.65,0.8,3,4,220,1,228,15935,0.9954751131176676,0.4910714285703324,0.657698056356796,0.9860229492186898,0.4899777282839867
medium,20000,792,Hough transform baseline,3,3,0,0.9703845717391435,0.9462816635775373,0.9727891156462585,1.0,1.0,0,0,150,0,240,15994,0.9999999999933334,0.3846153846143984,0.5555555551522634,0.9853515624999398,0.3846153846143984
medium,20000,793,Hough transform baseline,5,9,4,0.5819330650509436,0.8176810152529089,0.5921052631578947,0.16,0.5555555555555556,2,10,391,89,495,15409,0.8145833333316364,0.4413092550785087,0.5724743772885728,0.9643554687499412,0.4010256410252297
medium,20000,794,Hough transform baseline,3,3,0,0.9801490514905149,0.962059620596206,0.9861111111111112,1.0,1.0,0,0,147,0,84,16153,0.9999999999931973,0.6363636363608816,0.7777777772983538,0.9948730468749393,0.6363636363608816
medium,20000,795,Hough transform baseline,3,3,0,0.898611484669177,0.8024699659315044,0.9375,1.0,1.0,0,0,73,0,141,16170,0.9999999999863013,0.3411214953255088,0.5087108010108657,0.9913940429686895,0.3411214953255088
medium,20000,796,Hough transform baseline,5,9,4,0.5198832938262113,0.7166513621059075,0.5147286821705426,0.15555555555555556,0.5555555555555556,2,9,388,210,441,15345,0.6488294314370421,0.4680337756327286,0.5437981775081355,0.9602661132811914,0.37343599614978495
medium,20000,797,Hough transform baseline,3,4,1,0.5178312013064335,0.6255259188695721,0.8067226890756303,0.0,0.75,0,1,94,2,114,16174,0.979166666656467,0.4519230769209042,0.6184210521953774,0.9929199218749394,0.4476190476169161
medium,20000,798,Hough transform baseline,5,9,4,0.43878495714428606,0.5564108289974171,0.48565121412803536,0.14285714285714285,0.5555555555555556,2,14,264,129,390,15601,0.6717557251891304,0.403669724770025,0.5042979937994488,0.9683227539061908,0.3371647509574238
medium,20000,799,Hough transform baseline,1,1,0,0.931140350877193,0.8703703703703705,0.9473684210526316,1.0,1.0,0,0,39,0,74,16271,0.9999999999743591,0.34513274335977756,0.5131578943485976,0.9954833984374392,0.34513274335977756
medium,20000,800,Hough transform baseline,3,3,0,0.9245916356655587,0.8556431041324188,0.9477611940298507,1.0,1.0,0,0,121,2,304,15957,0.9837398373903761,0.2847058823522713,0.4416058390662995,0.98132324218744,0.2833723653389148
medium,20000,801,Hough transform baseline,1,1,0,0.9037994652406417,0.7992929292929293,0.9705882352941176,1.0,1.0,0,0,69,0,138,16177,0.9999999999855071,0.33333333333172305,0.4999999996213768,0.9915771484374395,0.33333333333172305
medium,20000,802,Hough transform baseline,3,3,0,0.9929397590361446,0.9887550200803213,0.99,1.0,1.0,0,0,167,0,226,15991,0.999999999994012,0.42493638676736656,0.5964285710078762,0.9862060546874398,0.42493638676736656
medium,20000,803,Hough transform baseline,1,1,0,1.0,1.0,1.0,1.0,1.0,0,0,23,0,0,16361,0.9999999999565218,0.9999999999565218,0.9999999994565218,0.9999999999999389,0.9999999999565218
medium,20000,804,Hough transform baseline,2,3,1,0.8525694444444444,0.7958333333333333,0.8888888888888888,1.0,0.6666666666666667,0,0,111,0,191,16082,0.999999999990991,0.36754966887295515,0.5375302659481618,0.9883422851561896,0.36754966887295515
medium,20000,805,Hough transform baseline,1,1,0,0.8101241830065359,0.6027450980392157,0.9444444444444444,1.0,1.0,0,0,39,1,150,16194,0.974999999975625,0.20634920634811457,0.3406113534204916,0.9907836914061895,0.2052631578936565
medium,20000,806,Hough transform baseline,5,10,5,0.49660100662338513,0.7650501672240803,0.36458333333333337,0.11764705882352941,0.5,2,17,282,207,302,15593,0.5766871165632379,0.48287671232794027,0.5256290768561549,0.9689331054686908,0.35651074589082615
medium,20000,807,Hough transform baseline,3,3,0,0.5394444444444445,0.701851851851852,0.6180555555555556,0.0,1.0,0,2,92,53,64,16175,0.634482758616314,0.5897435897398093,0.6112956805597289,0.9928588867186894,0.44019138755770243
medium,20000,808,Hough transform baseline,5,8,3,0.6477811537198062,0.853862377376843,0.616326530612245,0.3111111111111111,0.625,3,9,347,79,483,15475,0.8145539906084166,0.4180722891561228,0.5525477702514884,0.965698242187441,0.3817381738169618
medium,20000,809,Hough transform baseline,5,5,0,0.7146279384231328,0.9341545893719805,0.9712918660287081,0.0,1.0,0,1,212,1,176,15995,0.995305164314576,0.5463917525759113,0.7054908481257359,0.9891967773436896,0.544987146528162
medium,20000,810,Hough transform baseline,5,6,1,0.7789599366477841,0.8885202135774217,0.8789625360230547,0.48,0.8333333333333334,3,5,312,2,210,15860,0.9936305732452433,0.5977011494241423,0.7464114827827546,0.9870605468749397,0.595419847327108
medium,20000,811,Hough transform baseline,4,4,0,0.8472109411609795,0.9400983877651395,0.9958333333333333,0.5,1.0,2,1,243,0,298,15843,0.9999999999958848,0.4491682070231993,0.6198979587543308,0.98181152343744,0.4491682070231993
medium,20000,812,Hough transform baseline,1,1,0,0.9676639815880322,0.9393939393939394,0.9746835443037974,1.0,1.0,0,0,80,0,156,16148,0.9999999999875,0.33898305084602126,0.5063291135427015,0.9904785156249395,0.33898305084602126
medium,20000,813,Hough transform baseline,3,5,2,0.8560210961287518,0.8423976608187135,0.8347107438016529,1.0,0.6,0,0,126,0,106,16152,0.9999999999920635,0.5431034482735211,0.7039106140650416,0.9935302734374394,0.5431034482735211
medium,20000,814,Hough transform baseline,2,2,0,0.9464156578415996,0.8990642736616046,0.9591836734693877,1.0,1.0,0,0,100,0,196,16088,0.99999999999,0.3378378378366965,0.5050505046704419,0.9880371093749397,0.3378378378366965
medium,20000,815,Hough transform baseline,1,1,0,1.0,1.0,1.0,1.0,1.0,0,0,35,0,0,16349,0.9999999999714286,0.9999999999714286,0.9999999994714286,0.9999999999999389,0.9999999999714286
medium,20000,816,Hough transform baseline,2,2,0,0.9361723005563928,0.8701726799151072,0.972972972972973,1.0,1.0,0,0,150,0,296,15938,0.9999999999933334,0.33632286995440286,0.5033557043196253,0.98193359374994,0.33632286995440286
medium,20000,817,Hough transform baseline,5,9,4,0.47603006048595903,0.6868569245366989,0.4444444444444444,0.09,0.5555555555555556,2,20,287,188,483,15426,0.6042105263145174,0.3727272727267887,0.4610441762341588,0.9590454101561915,0.29958246346524053
medium,20000,818,Hough transform baseline,2,2,0,0.9671272395991497,0.9369369369369369,0.9775280898876404,1.0,1.0,0,0,91,0,76,16217,0.9999999999890109,0.5449101796374557,0.7054263561270656,0.9953613281249393,0.5449101796374557
medium,20000,819,Hough transform baseline,4,5,1,0.60304216144548,0.692677671429232,0.7441860465116279,0.25,0.8,1,4,212,16,302,15854,0.9298245613994306,0.41245136186690184,0.571428571001315,0.9805908203124402,0.3999999999992453
medium,20000,820,Hough transform baseline,1,1,0,1.0,1.0,1.0,1.0,1.0,0,0,49,0,0,16335,0.9999999999795919,0.9999999999795919,0.9999999994795918,0.9999999999999389,0.9999999999795919
medium,20000,821,Hough transform baseline,2,2,0,0.5787835365853659,0.7225,0.7682926829268293,0.0,1.0,0,1,59,12,82,16231,0.8309859154812537,0.4184397163090891,0.556603773134167,0.9942626953124393,0.3856209150301594
medium,20000,822,Hough transform baseline,2,2,0,0.9187646321070234,0.8349358974358974,0.9652173913043478,1.0,1.0,0,0,89,1,173,16121,0.9888888888779012,0.3396946564872531,0.5056818177983278,0.9893798828124396,0.33840304182380837
medium,20000,823,Hough transform baseline,1,1,0,0.951276359600444,0.9084967320261439,0.9622641509433962,1.0,1.0,0,0,54,0,108,16222,0.9999999999814816,0.33333333333127574,0.49999999962037045,0.9934082031249394,0.33333333333127574
medium,20000,824,Hough transform baseline,3,3,0,0.9625485625485625,0.9268755935422601,0.9772727272727273,1.0,1.0,1,1,178,0,172,16034,0.999999999994382,0.5085714285699755,0.6742424237929292,0.9895019531249396,0.5085714285699755
medium,20000,825,Hough transform baseline,4,4,0,0.9569217137171994,0.9173423703519464,0.9705882352941176,1.0,1.0,2,2,206,0,260,15918,0.9999999999951457,0.44206008583596124,0.6130952376682611,0.9841308593749399,0.44206008583596124
medium,20000,826,Hough transform baseline,1,1,0,1.0,1.0,1.0,1.0,1.0,0,0,22,0,42,16320,0.9999999999545455,0.3437499999946289,0.5116279065840994,0.997436523437439,0.3437499999946289
medium,20000,827,Hough transform baseline,1,1,0,0.9611268939393939,0.9270833333333333,0.9696969696969697,1.0,1.0,0,0,67,0,130,16187,0.9999999999850746,0.3401015228409132,0.5075757571931531,0.9920654296874394,0.3401015228409132
medium,20000,828,Hough transform baseline,1,2,1,0.13666666666666666,0.0,0.43333333333333335,0.0,0.5,0,1,24,0,24,16336,0.9999999999583333,0.4999999999895834,0.6666666662037037,0.998535156249939,0.4999999999895834
medium,20000,829,Hough transform baseline,1,1,0,0.9696283391405343,0.9430894308943089,0.9761904761904762,1.0,1.0,0,0,31,0,61,16292,0.9999999999677419,0.33695652173546786,0.5040650402651861,0.9962768554686892,0.33695652173546786
medium,20000,830,Hough transform baseline,3,3,0,0.9739819004524887,0.9487179487179488,0.9852941176470589,1.0,1.0,2,2,132,0,68,16184,0.9999999999924243,0.6599999999967,0.7951807224077514,0.9958496093749392,0.6599999999967
medium,20000,831,Hough transform baseline,4,5,1,0.5119108391608391,0.6042463092463092,0.8,0.0,0.8,0,1,95,2,171,16116,0.9793814432888723,0.3571428571415145,0.5234159775669239,0.9894409179686896,0.35447761193897587
medium,20000,832,Hough transform baseline,4,4,0,0.951686799719888,0.9011029411764707,0.9809523809523809,1.0,1.0,0,0,209,0,224,15951,0.9999999999952154,0.48267898383260355,0.6510903422379684,0.9863281249999398,0.48267898383260355
medium,20000,833,Hough transform baseline,5,6,1,0.6382535436312772,0.8057401012155242,0.9616858237547893,0.0,0.8333333333333334,0,1,243,3,459,15679,0.987804878044765,0.34615384615335304,0.5126582274627062,0.9718017578124407,0.3446808510633409
medium,20000,834,Hough transform baseline,2,2,0,1.0,1.0,1.0,1.0,1.0,0,0,78,0,0,16306,0.9999999999871795,0.9999999999871795,0.9999999994871795,0.9999999999999389,0.9999999999871795
medium,20000,835,Hough transform baseline,3,3,0,0.9435,0.8833333333333333,0.98,1.0,1.0,0,0,103,0,30,16251,0.9999999999902912,0.7744360902197411,0.8728813554328856,0.998168945312439,0.7744360902197411
medium,20000,836,Hough transform baseline,4,5,1,0.8695531100478469,0.85153216374269,0.7818181818181819,1.0,0.8,0,0,176,25,311,15872,0.8756218905429074,0.36139630390069527,0.5116279065616591,0.9794921874999402,0.34374999999932865
medium,20000,837,Hough transform baseline,2,2,0,0.9693661971830986,0.9444444444444444,0.971830985915493,1.0,1.0,0,0,73,0,86,16225,0.9999999999863013,0.4591194968524584,0.6293103443908664,0.9947509765624393,0.4591194968524584
medium,20000,838,Hough transform baseline,5,5,0,0.9769317647952909,0.957838506522717,0.9795221843003413,1.0,1.0,0,0,298,0,440,15646,0.9999999999966444,0.40379403793983226,0.5752895748786542,0.9731445312499406,0.40379403793983226
medium,20000,839,Hough transform baseline,4,5,1,0.700552605376701,0.7246376811594203,0.8473282442748091,0.5,0.8,1,2,127,7,113,16137,0.947761194022778,0.5291666666644619,0.6791443845632703,0.9926757812499394,0.5141700404837484
medium,20000,840,Hough transform baseline,5,9,4,0.5395273230917601,0.6492476060191518,0.646551724137931,0.25,0.5555555555555556,4,16,328,91,471,15494,0.7828162291150769,0.4105131414262697,0.53858784848046,0.965698242187441,0.36853932584228255
medium,20000,841,Hough transform baseline,5,7,2,0.9138229748793947,0.9042182672104808,0.9274809160305344,1.0,0.7142857142857143,1,1,268,0,204,15912,0.9999999999962687,0.5677966101682885,0.7243243238603653,0.9875488281249397,0.5677966101682885
medium,20000,842,Hough transform baseline,5,10,5,0.5088814795290809,0.7385714285714284,0.47785977859778594,0.12380952380952381,0.5,3,21,353,76,312,15643,0.8228438228419048,0.5308270676683747,0.6453382079315947,0.9763183593749404,0.4763832658563072
medium,20000,843,Hough transform baseline,5,5,0,0.9752971206848212,0.9545109442613899,0.9788359788359788,1.0,1.0,1,1,377,0,664,15343,0.9999999999973475,0.36215177713702,0.531734837408604,0.9594726562499414,0.36215177713702
medium,20000,844,Hough transform baseline,3,4,1,0.927189644959489,0.9157569667966644,0.9504950495049505,1.0,0.75,0,0,195,0,233,15956,0.9999999999948719,0.4556074766344495,0.6260032098408003,0.9857788085936898,0.4556074766344495
medium,20000,845,Hough transform baseline,5,10,5,0.5602417269575288,0.7175707547169811,0.7094017094017093,0.18181818181818182,0.5,2,11,275,58,370,15681,0.8258258258233458,0.42635658914662583,0.5623721876887957,0.9738769531249405,0.39118065433799265
medium,20000,846,Hough transform baseline,1,1,0,0.8465277777777778,0.7083333333333334,0.8888888888888888,1.0,1.0,0,0,19,0,34,16331,0.9999999999473684,0.3584905660309719,0.5277777773746142,0.997924804687439,0.3584905660309719
medium,20000,847,Hough transform baseline,1,1,0,1.0,1.0,1.0,1.0,1.0,0,0,61,0,0,16323,0.9999999999836067,0.9999999999836067,0.9999999994836066,0.9999999999999389,0.9999999999836067
medium,20000,848,Hough transform baseline,4,5,1,0.6176298796705824,0.8998410174880764,0.6635071090047393,0.0,0.8,0,1,165,41,61,16117,0.8009708737825196,0.7300884955719908,0.763888888386424,0.9937744140624393,0.6179775280875731
medium,20000,849,Hough transform baseline,5,8,3,0.49400519518973884,0.6017736099614848,0.5535353535353535,0.2,0.625,1,5,319,143,482,15440,0.690476190474696,0.3982521847685415,0.5051464761781354,0.9618530273436913,0.3379237288132014
medium,20000,850,Hough transform baseline,1,1,0,1.0,1.0,1.0,1.0,1.0,0,0,64,0,0,16320,0.9999999999843749,0.9999999999843749,0.9999999994843749,0.9999999999999389,0.9999999999843749
medium,20000,851,Hough transform baseline,3,3,0,0.9626638727702558,0.9264870931537599,0.9787234042553191,1.0,1.0,0,0,191,0,262,15931,0.9999999999947644,0.42163355408295444,0.5931677014442681,0.9840087890624399,0.42163355408295444
medium,20000,852,Hough transform baseline,2,2,0,0.8927013593020897,0.7951015531660692,0.9245283018867925,1.0,1.0,0,0,55,0,102,16227,0.9999999999818182,0.3503184713353483,0.518867924139151,0.9937744140624393,0.3503184713353483
medium,20000,853,Hough transform baseline,5,6,1,0.9121380855134258,0.8956937287170369,0.8787128712871287,1.0,0.8333333333333334,0,0,367,16,386,15615,0.9582245430784381,0.487383798140123,0.6461267601152844,0.9754638671874404,0.47724317295126495
medium,20000,854,Hough transform baseline,1,1,0,1.0,1.0,1.0,1.0,1.0,0,0,61,0,0,16323,0.9999999999836067,0.9999999999836067,0.9999999994836066,0.9999999999999389,0.9999999999836067
medium,20000,855,Hough transform baseline,2,2,0,0.9820131845841785,0.966159567275186,0.9862068965517241,1.0,1.0,1,1,105,0,204,16075,0.9999999999904762,0.3398058252416188,0.5072463764305468,0.9875488281249397,0.3398058252416188
medium,20000,856,Hough transform baseline,5,4,1,0.6757971014492754,0.5739935587761674,0.4375,1.0,0.8,0,0,117,136,191,15940,0.4624505928835477,0.3798701298688965,0.4171122989685595,0.9800415039061902,0.26351351351292
medium,20000,857,Hough transform baseline,5,8,3,0.5175737546206653,0.5920442410373761,0.6307692307692307,0.25,0.625,1,4,208,62,303,15811,0.7703703703675172,0.40704500978393926,0.5326504476896523,0.9777221679686903,0.36300174520006456
medium,20000,858,Hough transform baseline,2,2,0,0.9547961075069509,0.9102564102564102,0.9759036144578314,1.0,1.0,0,0,85,0,58,16241,0.9999999999882353,0.5944055944014378,0.745614034613535,0.9964599609374392,0.5944055944014378
medium,20000,859,Hough transform baseline,4,7,3,0.5231441901303848,0.7097581411022271,0.7330508474576272,0.0,0.5714285714285714,0,1,193,1,335,15855,0.9948453608196143,0.36553030302961076,0.5346260383866837,0.9794921874999402,0.36483931947000975
medium,20000,860,Hough transform baseline,1,1,0,0.9007245641425969,0.7934972677595629,0.9682539682539683,1.0,1.0,0,0,64,0,128,16192,0.9999999999843749,0.33333333333159726,0.49999999962109376,0.9921874999999394,0.33333333333159726
medium,20000,861,Hough transform baseline,5,4,1,0.8037035833255504,0.6581871188457533,0.8875968992248062,1.0,0.8,0,0,242,20,296,15826,0.9236641221338792,0.44981412639321594,0.604999999558,0.9807128906249402,0.4336917562716242
medium,20000,862,Hough transform baseline,4,5,1,0.6036476964769648,0.8335802469135802,0.5426829268292683,0.16,0.8,1,5,175,91,220,15898,0.657894736839632,0.4430379746824227,0.5295007559470933,0.98101806640619,0.3600823045260081
medium,20000,863,Hough transform baseline,4,4,0,0.9616803692630899,0.9269116300366301,0.9728506787330317,1.0,1.0,1,1,224,0,352,15808,0.9999999999955358,0.38888888888821377,0.5599999995954,0.9785156249999403,0.38888888888821377
medium,20000,864,Hough transform baseline,1,1,0,0.9084291187739463,0.8271604938271604,0.9310344827586207,1.0,1.0,0,0,30,0,56,16298,0.9999999999666667,0.34883720929826934,0.5172413789179547,0.9965820312499392,0.34883720929826934
medium,20000,865,Hough transform baseline,4,6,2,0.5228511404561825,0.5836601307189543,0.8010204081632653,0.13333333333333333,0.6666666666666667,1,3,159,31,105,16089,0.8368421052587535,0.602272727270446,0.7004405281445594,0.9916992187499395,0.5389830508456306
medium,20000,866,Hough transform baseline,4,5,1,0.6195813095704401,0.822192699946323,0.847972972972973,0.0,0.8,0,1,260,23,175,15926,0.9187279151911,0.5977011494239134,0.724233982807299,0.9879150390624397,0.5676855895184112
medium,20000,867,Hough transform baseline,3,3,0,0.9629085005903187,0.9249206349206349,0.9834710743801653,1.0,1.0,0,0,124,0,104,16156,0.9999999999919355,0.5438596491204217,0.7045454540850983,0.9936523437499393,0.5438596491204217
medium,20000,868,Hough transform baseline,1,1,0,1.0,1.0,1.0,1.0,1.0,0,0,33,0,68,16283,0.9999999999696971,0.3267326732640917,0.49253731305424364,0.9958496093749392,0.3267326732640917
medium,20000,869,Hough transform baseline,4,6,2,0.7206480403342989,0.8034864940128098,0.7120622568093385,0.6,0.6666666666666667,1,1,197,56,188,15943,0.7786561264791357,0.5116883116869826,0.6175548584536364,0.9851074218749398,0.4467120181395766
medium,20000,870,Hough transform baseline,4,7,3,0.46601500490170933,0.6189349112426036,0.6517571884984026,0.0,0.5714285714285714,2,4,206,48,491,15639,0.8110236220440511,0.29555236728795475,0.4332281804698358,0.9671020507811909,0.27651006711372283
medium,20000,871,Hough transform baseline,3,4,1,0.4632179487179488,0.5293732193732195,0.75,0.0,0.75,0,2,91,5,196,16092,0.9479166666567925,0.31707317073060254,0.4751958220761747,0.9877319335936897,0.31164383561537107
medium,20000,872,Hough transform baseline,2,2,0,0.8393741830065359,0.6677450980392157,0.9444444444444444,1.0,1.0,0,0,52,0,96,16236,0.9999999999807693,0.3513513513489774,0.51999999961,0.9941406249999393,0.3513513513489774
medium,20000,873,Hough transform baseline,3,4,1,0.9373518157262906,0.9299428104575164,0.9693877551020408,1.0,0.75,0,0,102,0,194,16088,0.9999999999901961,0.34459459459343045,0.5125628136865735,0.9881591796874397,0.34459459459343045
medium,20000,874,Hough transform baseline,2,2,0,0.9791429475015814,0.9623655913978496,0.9803921568627451,1.0,1.0,0,0,104,0,126,16154,0.9999999999903846,0.45217391304151233,0.6227544905853921,0.9923095703124394,0.45217391304151233
medium,20000,875,Hough transform baseline,5,7,2,0.7459022389211067,0.883875794986906,0.8419811320754718,0.43333333333333335,0.7142857142857143,3,6,318,30,417,15619,0.91379310344565,0.4326530612239012,0.5872576172912936,0.9727172851561906,0.41568627450926054
medium,20000,876,Hough transform baseline,4,4,0,0.9662399492170969,0.9313725490196079,0.9856115107913669,1.0,1.0,0,0,143,0,36,16205,0.999999999993007,0.7988826815597828,0.8881987572647082,0.997802734374939,0.7988826815597828
medium,20000,877,Hough transform baseline,4,4,0,1.0,1.0,1.0,1.0,1.0,1,1,276,0,0,16108,0.9999999999963769,0.9999999999963769,0.9999999994963769,0.9999999999999389,0.9999999999963769
medium,20000,878,Hough transform baseline,4,4,0,0.9922795497185741,0.9871794871794872,0.9902439024390244,1.0,1.0,0,0,209,0,184,15991,0.9999999999952154,0.5318066157747282,0.694352159012842,0.9887695312499396,0.5318066157747282
medium,20000,879,Hough transform baseline,4,5,1,0.9239393939393941,0.8939393939393939,0.9583333333333334,1.0,0.8,0,0,190,0,67,16127,0.9999999999947369,0.739299610892065,0.8501118563306957,0.9959106445311892,0.739299610892065
medium,20000,880,Hough transform baseline,5,5,0,0.899606804407025,0.9081561078128585,0.9546827794561934,0.8,1.0,4,5,310,7,400,15667,0.9779179810694704,0.43661971830924423,0.6037000969430252,0.9751586914061905,0.4323570432351013
medium,20000,881,Hough transform baseline,1,1,0,1.0,1.0,1.0,1.0,1.0,0,0,98,0,0,16286,0.9999999999897958,0.9999999999897958,0.9999999994897959,0.9999999999999389,0.9999999999897958
medium,20000,882,Hough transform baseline,1,1,0,0.8239090909090908,0.6288888888888888,0.9545454545454546,1.0,1.0,0,0,33,0,62,16289,0.9999999999696971,0.34736842104897503,0.5156249996092529,0.9962158203124392,0.34736842104897503
medium,20000,883,Hough transform baseline,2,2,0,0.8799056603773586,0.7666666666666668,0.9245283018867925,1.0,1.0,0,0,55,0,102,16227,0.9999999999818182,0.3503184713353483,0.518867924139151,0.9937744140624393,0.3503184713353483
medium,20000,884,Hough transform baseline,3,3,0,0.9569333333333333,0.9185185185185186,0.968,1.0,1.0,2,2,126,0,148,16110,0.9999999999920635,0.45985401459686187,0.6299999995653,0.9909667968749395,0.45985401459686187
medium,20000,885,Hough transform baseline,4,6,2,0.4663852922321243,0.6368016240635901,0.5657894736842105,0.0,0.6666666666666667,0,2,149,78,259,15898,0.6563876651953463,0.36519607843047747,0.4692913381218228,0.9794311523436902,0.30658436213928686
medium,20000,886,Hough transform baseline,3,4,1,0.8678050974512743,0.8230917874396135,0.8620689655172413,1.0,0.75,0,0,156,1,265,15962,0.9936305732420788,0.37054631828890605,0.5397923871456939,0.9837646484374399,0.36966824644462165
medium,20000,887,Hough transform baseline,5,5,0,0.9616630055309301,0.9231924231924232,0.9811320754716981,1.0,1.0,0,0,202,0,240,15942,0.9999999999950495,0.4570135746595995,0.6273291921140773,0.9853515624999398,0.4570135746595995
medium,20000,888,Hough transform baseline,4,4,0,0.7484414684947021,0.8996794871794872,0.8012618296529969,0.3333333333333333,1.0,1,3,263,55,276,15790,0.8270440251546319,0.4879406307968684,0.6137689610253999,0.9797973632811902,0.4427609427601974
medium,20000,889,Hough transform baseline,4,5,1,0.5807718360071301,0.7811764705882351,0.7462121212121212,0.0,0.8,0,3,239,14,286,15845,0.9446640316168196,0.45523809523722814,0.6143958864489958,0.98168945312494,0.4434137291271922
medium,20000,890,Hough transform baseline,3,4,1,0.6692333983177616,0.9121712292002148,0.9187817258883249,0.0,0.75,0,1,196,4,84,16100,0.9799999999951,0.6999999999975001,0.8166666661771528,0.9946289062499393,0.6901408450679924
medium,20000,891,Hough transform baseline,4,5,1,0.5993936049821806,0.6506883423344524,0.7329192546583851,0.32,0.8,2,5,265,57,457,15605,0.8229813664570715,0.36703601107982403,0.5076628348214683,0.9686279296874408,0.34017971758621285
medium,20000,892,Hough transform baseline,1,1,0,0.9617221584385763,0.9282051282051282,0.9701492537313433,1.0,1.0,0,0,68,0,132,16184,0.9999999999852941,0.3399999999983,0.5074626861846736,0.9919433593749394,0.3399999999983
medium,20000,893,Hough transform baseline,1,2,1,0.5383680862831859,0.8335416666666666,0.5663716814159292,0.0,0.5,0,1,80,11,148,16145,0.8791208791112184,0.35087719298091724,0.5015673977081987,0.9902954101561895,0.33472803347140284
medium,20000,894,Hough transform baseline,4,5,1,0.604967693236715,0.7822685185185185,0.8647342995169083,0.0,0.8,0,1,182,9,181,16012,0.9528795811468436,0.5013774104669384,0.6570397107371594,0.9884033203124396,0.48924731182664183
medium,20000,895,Hough transform baseline,2,2,0,0.9569444444444444,0.9135802469135802,0.9791666666666666,1.0,1.0,0,0,98,0,60,16226,0.9999999999897958,0.6202531645530364,0.7656249995214843,0.9963378906249392,0.6202531645530364
medium,20000,896,Hough transform baseline,1,1,0,0.9175,0.8444444444444444,0.9375,1.0,1.0,0,0,33,0,62,16289,0.9999999999696971,0.34736842104897503,0.5156249996092529,0.9962158203124392,0.34736842104897503
medium,20000,897,Hough transform baseline,1,1,0,0.9644444444444444,0.9333333333333333,0.9722222222222222,1.0,1.0,0,0,73,0,146,16165,0.9999999999863013,0.33333333333181125,0.4999999996215753,0.9910888671874395,0.33333333333181125
medium,20000,898,Hough transform baseline,2,2,0,0.9717213114754099,0.9444444444444444,0.9836065573770492,1.0,1.0,0,0,124,0,90,16170,0.9999999999919355,0.5794392523337409,0.7337278101819964,0.9945068359374393,0.5794392523337409
medium,20000,899,Hough transform baseline,2,2,0,0.9847708795269771,0.9715447154471544,0.9878787878787879,1.0,1.0,0,0,167,0,166,16051,0.999999999994012,0.5015015014999955,0.6679999995524402,0.9898681640624396,0.5015015014999955
medium,20000,900,Hough transform baseline,4,4,0,0.9676227858293076,0.9387860082304527,0.9758454106280193,1.0,1.0,3,3,197,2,222,15963,0.989949748738744,0.4701670644380187,0.6375404526357338,0.9863281249999398,0.4679334916853493
medium,20000,901,Hough transform baseline,1,1,0,1.0,1.0,1.0,1.0,1.0,0,0,25,0,0,16359,0.99999999996,0.99999999996,0.99999999946,0.9999999999999389,0.99999999996
medium,20000,902,Hough transform baseline,5,9,4,0.5324172434914811,0.6740644867875989,0.7009966777408638,0.13333333333333333,0.5555555555555556,1,6,230,47,434,15673,0.8303249097442948,0.34638554216815304,0.48884165739436986,0.9706420898436907,0.32348804500657735
medium,20000,903,Hough transform baseline,5,5,0,0.843099393343171,0.879438596491228,0.9034267912772586,0.6666666666666666,1.0,2,3,296,27,261,15800,0.916408668727813,0.5314183123868377,0.6727272722610976,0.98242187499994,0.5068493150676253
medium,20000,904,Hough transform baseline,3,3,0,0.9849236309988718,0.9718196457326892,0.9880239520958084,1.0,1.0,0,0,165,0,146,16073,0.9999999999939394,0.5305466237925063,0.6932773104684962,0.9910888671874395,0.5305466237925063
medium,20000,905,Hough transform baseline,2,3,1,0.4360928896017108,0.5757364341085272,0.5517241379310345,0.0,0.6666666666666667,0,3,128,26,174,16056,0.831168831163434,0.4238410596012456,0.5614035083221376,0.9877929687499397,0.39024390243783463
medium,20000,906,Hough transform baseline,3,4,1,0.7345189471295668,0.9841161788064443,0.6666666666666667,0.3333333333333333,0.75,1,3,260,17,177,15930,0.9386281588413768,0.5949656750558467,0.7282913160496788,0.9881591796874397,0.5726872246683421
medium,20000,907,Hough transform baseline,4,6,2,0.5363605442176871,0.6333333333333334,0.7448979591836735,0.14285714285714285,0.6666666666666667,1,7,232,42,179,15931,0.8467153284640632,0.5644768856433955,0.677372262291745,0.9865112304686897,0.5121412803520703
medium,20000,908,Hough transform baseline,3,3,0,0.7560919893273765,0.49173747276688456,0.9240506329113924,1.0,1.0,0,0,80,2,158,16144,0.9756097560856632,0.3361344537801003,0.4999999996157032,0.9902343749999395,0.3333333333319445
medium,20000,909,Hough transform baseline,5,5,0,0.620682002226946,0.7559059059059059,0.9026217228464419,0.0,1.0,0,3,252,17,220,15895,0.9368029739742126,0.5338983050836147,0.6801619428555278,0.9855346679686898,0.5153374233118296
medium,20000,910,Hough transform baseline,3,6,3,0.5046169099617951,0.7457523775129409,0.5951417004048583,0.0,0.5,0,1,179,1,322,15882,0.9944444444389198,0.3572854291410034,0.5256975032806208,0.9802856445311902,0.35657370517857256
medium,20000,911,Hough transform baseline,5,6,1,0.6302788742986224,0.7551170751609597,0.7857142857142857,0.19999999999999998,0.8333333333333334,2,6,264,43,356,15721,0.8599348534173944,0.4258064516122165,0.5695792875816643,0.9756469726561904,0.3981900452482682
medium,20000,912,Hough transform baseline,1,1,0,1.0,1.0,1.0,1.0,1.0,0,0,25,0,0,16359,0.99999999996,0.99999999996,0.99999999946,0.9999999999999389,0.99999999996
medium,20000,913,Hough transform baseline,1,1,0,1.0,1.0,1.0,1.0,1.0,0,0,40,0,0,16344,0.9999999999750001,0.9999999999750001,0.9999999994750002,0.9999999999999389,0.9999999999750001
medium,20000,914,Hough transform baseline,4,7,3,0.6812751772635188,0.9069228778467908,0.6738351254480286,0.325,0.5714285714285714,3,8,211,31,249,15893,0.8719008264426781,0.4586956521729159,0.6011396006861065,0.9829101562499399,0.42973523421501075
medium,20000,915,Hough transform baseline,5,6,1,0.5452143151436192,0.6922578184591914,0.7518248175182481,0.0,0.8333333333333334,0,2,205,45,265,15869,0.81999999999672,0.43617021276502943,0.5694444439895447,0.98107910156244,0.3980582524264115
medium,20000,916,Hough transform baseline,5,6,1,0.5592548405864753,0.6503306221786993,0.9163636363636364,0.0,0.8333333333333334,1,2,228,5,264,15887,0.9785407725279891,0.4634146341453996,0.6289655168034549,0.9835815429686899,0.4587525150896202
medium,20000,917,Hough transform baseline,3,3,0,0.9331164994425865,0.8698885172798216,0.9583333333333334,1.0,1.0,0,0,92,0,110,16182,0.9999999999891304,0.45544554455220077,0.6258503397017908,0.9932861328124394,0.45544554455220077
medium,20000,918,Hough transform baseline,5,6,1,0.9598456376505158,0.9657131386128677,0.9597069597069597,1.0,0.8333333333333334,0,0,279,0,240,15865,0.9999999999964158,0.5375722543342243,0.6992481198442252,0.9853515624999398,0.5375722543342243
medium,20000,919,Hough transform baseline,5,6,1,0.9141755210982639,0.8968210233160073,0.8863636363636364,1.0,0.8333333333333334,0,0,402,0,479,15503,0.9999999999975124,0.45629965947734813,0.6266562739256917,0.9707641601561907,0.45629965947734813
medium,20000,920,Hough transform baseline,5,6,1,0.6423152929493546,0.8298830409356726,0.9276729559748428,0.0,0.8333333333333334,0,1,316,1,460,15607,0.9968454258643633,0.4072164948448361,0.5782250682056002,0.9718627929686906,0.4066924066918833
medium,20000,921,Hough transform baseline,2,3,1,0.7951062843341797,0.7436399217221136,0.71900826446281,1.0,0.6666666666666667,0,0,101,7,128,16148,0.935185185176526,0.4410480349325719,0.5994065277508123,0.9917602539061895,0.42796610169310184
medium,20000,922,Hough transform baseline,1,1,0,0.9422739018087856,0.8914728682170543,0.9555555555555556,1.0,1.0,0,0,46,0,88,16250,0.999999999978261,0.34328358208699045,0.5111111107249383,0.9946289062499393,0.34328358208699045
medium,20000,923,Hough transform baseline,2,3,1,0.840297619047619,0.825,0.7619047619047619,1.0,0.6666666666666667,0,0,45,0,27,16312,0.9999999999777779,0.6249999999913194,0.7692307687442472,0.998352050781189,0.6249999999913194
medium,20000,924,Hough transform baseline,5,9,4,0.5743375397832893,0.8407101255157088,0.7023121387283238,0.0,0.5555555555555556,0,4,274,26,281,15803,0.9133333333302889,0.4936936936928042,0.6409356720575958,0.98126220703119,0.47160068846734665
medium,20000,925,Hough transform baseline,1,1,0,1.0,1.0,1.0,1.0,1.0,0,0,72,0,0,16312,0.9999999999861111,0.9999999999861111,0.9999999994861111,0.9999999999999389,0.9999999999861111
medium,20000,926,Hough transform baseline,3,3,0,0.9510933503836317,0.9070048309178745,0.9647058823529412,1.0,1.0,0,0,170,0,346,15868,0.9999999999941177,0.3294573643404468,0.4956268217831856,0.9788818359374403,0.3294573643404468
medium,20000,927,Hough transform baseline,5,5,0,0.794798743931228,0.8316829836829837,0.9777070063694268,0.5,1.0,1,2,307,10,236,15831,0.9684542586720238,0.5653775322273198,0.7139534879049623,0.9849853515624398,0.5551537070514373
medium,20000,928,Hough transform baseline,2,2,0,0.956918505942275,0.904263346538389,1.0,1.0,1.0,0,0,147,0,232,16005,0.9999999999931973,0.3878627968327497,0.5589353608118738,0.9858398437499398,0.3878627968327497
medium,20000,929,Hough transform baseline,1,1,0,0.9699929128277817,0.9437751004016064,0.9764705882352941,1.0,1.0,0,0,86,0,168,16130,0.9999999999883721,0.33858267716402135,0.5058823525602768,0.9897460937499396,0.33858267716402135
medium,20000,930,Hough transform baseline,5,6,1,0.5909323604922672,0.7834448160535118,0.7752442996742671,0.0,0.8333333333333334,0,3,241,49,149,15945,0.8310344827557551,0.6179487179471335,0.7088235289204929,0.9879150390624397,0.5489749430511413
medium,20000,931,Hough transform baseline,2,2,0,0.8960638122909929,0.7996820349761526,0.9310344827586207,1.0,1.0,0,0,60,0,112,16212,0.9999999999833334,0.3488372093002975,0.5172413789224138,0.9931640624999394,0.3488372093002975
medium,20000,932,Hough transform baseline,5,5,0,0.6156083363277038,0.7031884057971014,0.9958677685950413,0.0,1.0,0,2,234,10,350,15790,0.9590163934386926,0.40068493150616324,0.5652173908872903,0.9780273437499403,0.39393939393873073
medium,20000,933,Hough transform baseline,1,1,0,0.9644444444444444,0.9333333333333333,0.9722222222222222,1.0,1.0,0,0,73,0,142,16169,0.9999999999863013,0.33953488371935103,0.506944444062476,0.9913330078124395,0.33953488371935103
medium,20000,934,Hough transform baseline,3,4,1,0.5814232631324134,0.7614161220043573,0.8189300411522633,0.0,0.75,0,2,202,14,168,16000,0.9351851851808557,0.5459459459444704,0.6894197947540215,0.9888916015624396,0.5260416666652968
medium,20000,935,Hough transform baseline,1,1,0,0.892695652173913,0.7971014492753623,0.92,1.0,1.0,0,0,17,2,72,16293,0.8947368420581717,0.19101123595290997,0.31481481451903287,0.9954833984374392,0.1868131868111339
medium,20000,936,Hough transform baseline,3,4,1,0.9153312561339317,0.8884415816782967,0.9526627218934911,1.0,0.75,1,1,169,0,320,15895,0.999999999994083,0.34560327198293334,0.5136778111668452,0.9804687499999402,0.34560327198293334
medium,20000,937,Hough transform baseline,3,3,0,0.5371724137931034,0.7007407407407408,0.6091954022988506,0.0,1.0,0,2,118,57,192,16017,0.6742857142818612,0.3806451612890947,0.4865979376810628,0.9848022460936898,0.321525885557707
medium,20000,938,Hough transform baseline,4,6,2,0.5972045718713677,0.8831876820640865,0.6655172413793103,0.0,0.6666666666666667,0,2,219,66,354,15745,0.7684210526288827,0.38219895287891414,0.5104895100446558,0.9743652343749405,0.34272300469429934
medium,20000,939,Hough transform baseline,2,2,0,0.9485576923076924,0.9027777777777779,0.9615384615384616,1.0,1.0,0,0,54,0,50,16280,0.9999999999814816,0.5192307692257766,0.6835443033388879,0.9969482421874392,0.5192307692257766
medium,20000,940,Hough transform baseline,4,7,3,0.5442211703958691,0.6499999999999999,0.7228915662650602,0.2,0.5714285714285714,1,2,192,32,277,15883,0.8571428571390306,0.40938166311213353,0.5541125536734486,0.98114013671869,0.3832335329333668
medium,20000,941,Hough transform baseline,5,5,0,0.9330544454124886,0.9147006139400505,0.9821958456973294,0.9,1.0,2,2,340,0,386,15658,0.9999999999970589,0.46831955922800506,0.6378986862435363,0.9764404296874404,0.46831955922800506
medium,20000,942,Hough transform baseline,2,2,0,0.9418661971830986,0.8833333333333333,0.971830985915493,1.0,1.0,0,0,60,0,114,16210,0.9999999999833334,0.3448275862049148,0.5128205124348018,0.9930419921874394,0.3448275862049148
medium,20000,943,Hough transform baseline,4,7,3,0.6706736869318715,0.5501630732900082,0.5797872340425532,1.0,0.5714285714285714,0,0,225,122,422,15615,0.6484149855889095,0.34775888717102355,0.4527162973313543,0.9667968749999409,0.2925877763325194
medium,20000,944,Hough transform baseline,3,3,0,0.9808755472170106,0.962059620596206,0.9897435897435898,1.0,1.0,1,1,197,0,84,16103,0.999999999994924,0.7010676156558681,0.8242677819387703,0.9948730468749393,0.7010676156558681
medium,20000,945,Hough transform baseline,3,3,0,0.6545947079154627,0.8152419085752419,0.9386792452830188,0.0,1.0,0,1,210,4,406,15764,0.9813084112103677,0.3409090909085375,0.5060240960016141,0.9749755859374405,0.33870967741880853
medium,20000,946,Hough transform baseline,3,4,1,0.63025,0.7341111111111112,0.812,0.25,0.75,1,4,186,18,198,15982,0.9117647058778836,0.4843749999987386,0.6326530607691934,0.9868164062499397,0.46268656716302814
medium,20000,947,Hough transform baseline,1,1,0,1.0,1.0,1.0,1.0,1.0,0,0,53,0,0,16331,0.9999999999811321,0.9999999999811321,0.9999999994811322,0.9999999999999389,0.9999999999811321
medium,20000,948,Hough transform baseline,5,6,1,0.7264901790033866,0.8432136752136752,0.9018867924528302,0.3333333333333333,0.8333333333333334,1,3,251,17,304,15812,0.9365671641756098,0.4522522522514374,0.6099635475544616,0.9804077148436902,0.4388111888104217
medium,20000,949,Hough transform baseline,1,1,0,0.9249350649350648,0.8585858585858585,0.9428571428571428,1.0,1.0,0,0,36,0,68,16280,0.9999999999722223,0.34615384615051775,0.5142857138963265,0.9958496093749392,0.34615384615051775
medium,20000,950,Hough transform baseline,1,1,0,1.0,1.0,1.0,1.0,1.0,0,0,16,0,0,16368,0.9999999999375,0.9999999999375,0.9999999994375,0.9999999999999389,0.9999999999375
medium,20000,951,Hough transform baseline,5,5,0,0.8237582062623677,0.7787741046831956,0.9915492957746479,0.7,1.0,4,3,303,30,227,15824,0.9099099099071775,0.5716981132064685,0.7022016217723992,0.9843139648436899,0.5410714285704624
medium,20000,952,Hough transform baseline,3,3,0,0.965035767906032,0.9355687047994741,0.9701492537313433,1.0,1.0,0,0,132,0,232,16020,0.9999999999924243,0.36263736263636637,0.5322580641233741,0.9858398437499398,0.36263736263636637
medium,20000,953,Hough transform baseline,1,1,0,1.0,1.0,1.0,1.0,1.0,0,0,28,0,0,16356,0.9999999999642857,0.9999999999642857,0.9999999994642856,0.9999999999999389,0.9999999999642857
medium,20000,954,Hough transform baseline,5,6,1,0.4861532531606537,0.6130434782608696,0.6347517730496454,0.0,0.8333333333333334,0,5,173,82,227,15902,0.6784313725463591,0.43249999999891875,0.5282442743320505,0.98114013671869,0.3589211618249815
medium,20000,955,Hough transform baseline,5,6,1,0.7629163991255644,0.8886850423205856,0.8983739837398375,0.4,0.8333333333333334,1,2,236,0,304,15844,0.9999999999957627,0.4370370370362277,0.6082474222555797,0.98144531249994,0.4370370370362277
medium,20000,956,Hough transform baseline,1,1,0,0.9743101114235134,0.9518900343642611,0.9797979797979798,1.0,1.0,0,0,100,0,196,16088,0.99999999999,0.3378378378366965,0.5050505046704419,0.9880371093749397,0.3378378378366965
medium,20000,957,Hough transform baseline,4,5,1,0.6277427475178998,0.6096527394212772,0.8669950738916257,0.4,0.8,1,2,158,42,239,15945,0.7899999999960501,0.3979848866488716,0.529313232383492,0.9828491210936899,0.35990888382605946
medium,20000,958,Hough transform baseline,5,6,1,0.5599797891118543,0.7062352801519467,0.7942028985507247,0.0,0.8333333333333334,0,3,302,33,289,15760,0.9014925373107419,0.510998307951758,0.6522678181113196,0.9803466796874402,0.4839743589735834
medium,20000,959,Hough transform baseline,3,4,1,0.5783020477815699,0.8833333333333333,0.5290102389078498,0.0,0.75,0,2,171,90,238,15885,0.6551724137905932,0.4180929095344301,0.5104477607169036,0.9799804687499402,0.34268537074079625
medium,20000,960,Hough transform baseline,2,6,4,0.6663429593662151,0.9447425959053866,0.6227106227106227,0.3333333333333333,0.33333333333333337,1,3,225,25,261,15873,0.8999999999964,0.4629629629620104,0.6114130430280084,0.98254394531244,0.4403131115451266
medium,20000,961,Hough transform baseline,3,3,0,0.6849762912526071,0.8710428849902534,0.965034965034965,0.0,1.0,0,1,144,1,199,16040,0.9931034482690132,0.4198250728850734,0.5901639340061224,0.9877929687499397,0.41860465116157386
medium,20000,962,Hough transform baseline,2,2,0,0.9805314088896179,0.9633699633699634,0.9850746268656716,1.0,1.0,0,0,131,0,234,16019,0.9999999999923664,0.3589041095880578,0.5282258060607684,0.9857177734374398,0.3589041095880578
medium,20000,963,Hough transform baseline,5,4,1,0.7764659507391201,0.6720582569772937,0.9701986754966887,0.8,0.8,1,1,259,25,333,15767,0.9119718309827044,0.437499999999261,0.5913242004737026,0.9781494140624403,0.41977309562330667
medium,20000,964,Hough transform baseline,3,4,1,0.9129722162683527,0.8846899224806201,0.9493087557603687,1.0,0.75,1,1,220,0,202,15962,0.9999999999954546,0.5213270142167741,0.685358254999078,0.9876708984374397,0.5213270142167741
medium,20000,965,Hough transform baseline,4,6,2,0.6468647779161478,0.7961784511784512,0.6095890410958904,0.39999999999999997,0.6666666666666667,3,7,355,62,418,15549,0.8513189448420831,0.4592496765841407,0.5966386550059304,0.9707031249999407,0.4251497005982932
medium,20000,966,Hough transform baseline,3,5,2,0.7451563028050017,0.8631313131313132,0.8587360594795539,0.5,0.6,1,2,248,4,261,15871,0.9841269841230789,0.4872298624744848,0.651773981158466,0.9838256835936899,0.4834307992193306
medium,20000,967,Hough transform baseline,2,2,0,0.9885676392572944,0.9814323607427056,0.9846153846153847,1.0,1.0,0,0,122,1,31,16230,0.991869918691123,0.797385620909821,0.8840579705139938,0.998046874999939,0.792207792202648
medium,20000,968,Hough transform baseline,5,6,1,0.936231884057971,0.9204013377926421,0.9435897435897436,1.0,0.8333333333333334,1,1,169,0,244,15971,0.999999999994083,0.40920096852201165,0.5807560133315914,0.9851074218749398,0.40920096852201165
medium,20000,969,Hough transform baseline,5,11,6,0.5488400073361824,0.8250825986939667,0.48861646234676004,0.1375,0.4545454545454546,3,16,365,135,492,15392,0.72999999999854,0.4259043173857341,0.5379513628352129,0.9617309570311913,0.3679435483867259
medium,20000,970,Hough transform baseline,4,4,0,0.6073200948882768,0.7361934156378601,0.8801652892561983,0.0,1.0,0,1,214,25,249,15896,0.8953974895360025,0.4622030237571011,0.6096866092357813,0.9832763671874399,0.4385245901630358
medium,20000,971,Hough transform baseline,1,1,0,1.0,1.0,1.0,1.0,1.0,0,0,77,0,0,16307,0.9999999999870129,0.9999999999870129,0.999999999487013,0.9999999999999389,0.9999999999870129
medium,20000,972,Hough transform baseline,1,1,0,0.805610294117647,0.5941666666666666,0.9411764705882353,1.0,1.0,0,0,35,0,70,16279,0.9999999999714286,0.33333333333015874,0.4999999996178572,0.9957275390624392,0.33333333333015874
medium,20000,973,Hough transform baseline,1,1,0,0.9531046312178387,0.9119496855345911,0.9636363636363636,1.0,1.0,0,0,56,0,108,16220,0.999999999982143,0.34146341463206425,0.5090909087067769,0.9934082031249394,0.34146341463206425
medium,20000,974,Hough transform baseline,2,2,0,0.9579861111111111,0.9189814814814815,0.9722222222222222,1.0,1.0,0,0,64,0,122,16198,0.9999999999843749,0.34408602150352646,0.511999999614976,0.9925537109374394,0.34408602150352646
medium,20000,975,Hough transform baseline,4,7,3,0.5206950404667796,0.7399925061519264,0.4444444444444444,0.16666666666666666,0.5714285714285714,1,6,157,111,306,15810,0.5858208955202022,0.339092872569462,0.42954856314589585,0.9745483398436905,0.27351916376258967
medium,20000,976,Hough transform baseline,2,2,0,0.9832140300644238,0.9696969696969697,0.984251968503937,1.0,1.0,0,0,129,0,156,16099,0.9999999999922481,0.45263157894578027,0.6231884053650844,0.9904785156249395,0.45263157894578027
medium,20000,977,Hough transform baseline,5,6,1,0.628132344371315,0.6614772727272727,0.8190045248868778,0.3333333333333333,0.8333333333333334,1,3,192,20,75,16097,0.9056603773542187,0.7191011235928124,0.8016701456410319,0.9942016601561893,0.6689895470359966
medium,20000,978,Hough transform baseline,5,5,0,0.6544079482329176,0.814239884962039,0.94,0.0,1.0,0,1,202,6,314,15862,0.9711538461491772,0.3914728682162956,0.5580110493127041,0.9804687499999402,0.38697318007588705
medium,20000,979,Hough transform baseline,3,3,0,1.0,1.0,1.0,1.0,1.0,0,0,102,0,9,16273,0.9999999999901961,0.9189189189106404,0.9577464783651392,0.9994506835936889,0.9189189189106404
medium,20000,980,Hough transform baseline,2,2,0,1.0,1.0,1.0,1.0,1.0,0,0,95,0,0,16289,0.9999999999894736,0.9999999999894736,0.9999999994894737,0.9999999999999389,0.9999999999894736
medium,20000,981,Hough transform baseline,1,1,0,1.0,1.0,1.0,1.0,1.0,0,0,15,0,0,16369,0.9999999999333333,0.9999999999333333,0.9999999994333333,0.9999999999999389,0.9999999999333333
medium,20000,982,Hough transform baseline,1,1,0,0.9482499999999999,0.9027777777777778,0.96,1.0,1.0,0,0,18,1,38,16327,0.9473684210027701,0.32142857142283165,0.4799999996088889,0.997619628906189,0.3157894736786704
medium,20000,983,Hough transform baseline,3,4,1,0.563085557299843,0.7717094017094017,0.7040816326530612,0.0,0.75,0,1,117,43,188,16036,0.7312499999954297,0.38360655737579147,0.5032258059980668,0.9859008789061898,0.336206896550758
medium,20000,984,Hough transform baseline,1,2,1,0.7766784555483452,0.8003482587064676,0.5826086956521739,1.0,0.5,0,0,80,0,130,16174,0.9999999999875,0.38095238095056694,0.5517241375277051,0.9920654296874394,0.38095238095056694
medium,20000,985,Hough transform baseline,2,2,0,0.9719791078486731,0.9492753623188406,0.974025974025974,1.0,1.0,0,0,79,0,98,16207,0.9999999999873417,0.4463276836132976,0.6171874995684509,0.9940185546874393,0.4463276836132976
medium,20000,986,Hough transform baseline,2,2,0,0.9763041125541125,0.9558080808080808,0.9809523809523809,1.0,1.0,1,1,95,0,132,16157,0.9999999999894736,0.4185022026413282,0.5900621113816018,0.9919433593749394,0.4185022026413282
medium,20000,987,Hough transform baseline,4,4,0,0.954657862802728,0.9107537998955267,0.9740932642487047,1.0,1.0,0,0,180,1,258,15945,0.9944751381160527,0.41095890410865077,0.5815831982919034,0.9841918945311899,0.4100227790423462
medium,20000,988,Hough transform baseline,5,8,3,0.6158486682323219,0.7731710699674087,0.7771084337349398,0.2,0.625,1,5,266,30,470,15618,0.8986486486456127,0.3614130434777698,0.5155038755588831,0.9694824218749408,0.34725848563923334
medium,20000,989,Hough transform baseline,4,4,0,0.9505932427664079,0.906517094017094,0.963302752293578,1.0,1.0,0,0,113,0,104,16167,0.9999999999911504,0.5207373271865404,0.6848484843939945,0.9936523437499393,0.5207373271865404
medium,20000,990,Hough transform baseline,5,5,0,0.6728033209680269,0.7449369369369369,0.7712418300653595,0.3333333333333333,1.0,1,3,276,32,268,15808,0.8961038961009867,0.507352941175538,0.6478873234805043,0.98168945312494,0.4791666666658348
medium,20000,991,Hough transform baseline,5,11,6,0.4010301573426574,0.5819318181818182,0.46853146853146854,0.0,0.4545454545454546,1,7,161,123,173,15927,0.5669014084487081,0.48203592814226937,0.5210355982070883,0.98193359374994,0.35229759299704094
medium,20000,992,Hough transform baseline,3,6,3,0.7211878997309621,0.8912837930966586,0.9338842975206612,0.3333333333333333,0.5,1,3,245,0,447,15692,0.9999999999959184,0.35404624277405483,0.5229455705838588,0.9727172851561906,0.35404624277405483
medium,20000,993,Hough transform baseline,5,6,1,0.5567255984536121,0.6730785615064053,0.8525345622119815,0.0,0.8333333333333334,0,1,205,8,295,15876,0.9624413145494721,0.40999999999918,0.5750350626930044,0.98150634765619,0.4035433070858198
medium,20000,994,Hough transform baseline,1,1,0,0.9363977485928706,0.8803418803418804,0.9512195121951219,1.0,1.0,0,0,42,0,80,16262,0.9999999999761906,0.3442622950791454,0.5121951215639501,0.9951171874999393,0.3442622950791454
medium,20000,995,Hough transform baseline,2,2,0,0.9801749465811965,0.9635416666666666,0.9829059829059829,1.0,1.0,0,0,109,0,162,16113,0.9999999999908257,0.40221402213873725,0.5736842101141689,0.9901123046874395,0.40221402213873725
medium,20000,996,Hough transform baseline,2,3,1,0.9018830128205129,0.9158653846153847,0.8653846153846154,1.0,0.6666666666666667,0,0,159,0,260,15965,0.9999999999937108,0.3794749403332232,0.5501730099798913,0.9841308593749399,0.3794749403332232
medium,20000,997,Hough transform baseline,4,4,0,0.7482291856365636,0.7069876441641149,0.7754237288135593,0.7,1.0,2,2,144,67,205,15968,0.682464454973069,0.41260744985555126,0.514285713814241,0.9833984374999399,0.3461538461530141
medium,20000,998,Hough transform baseline,1,1,0,0.9379761904761904,0.8833333333333332,0.9523809523809523,1.0,1.0,0,0,43,0,82,16259,0.9999999999767443,0.343999999997248,0.5119047615177863,0.9949951171874393,0.343999999997248
medium,20000,999,Hough transform baseline,3,3,0,0.9329683899096854,0.8656607495069034,0.9671052631578947,1.0,1.0,0,0,145,2,268,15969,0.9863945578164192,0.3510895883768739,0.5178571424681059,0.9835205078124399,0.34939759036060386
medium,20000,1000,Hough transform baseline,4,4,0,0.710343567251462,0.9118745938921378,1.0,0.0,1.0,1,0,136,0,162,16086,0.9999999999926471,0.45637583892464306,0.6267281101658561,0.9901123046874395,0.45637583892464306
medium,20000,1001,Hough transform baseline,3,4,1,0.6014559787059788,0.6638415688415689,0.7636363636363637,0.3,0.75,1,2,134,6,200,16044,0.9571428571360204,0.401197604789218,0.565400843463227,0.9874267578124397,0.3941176470576644
medium,20000,1002,Hough transform baseline,3,3,0,0.950003457814661,0.9462962962962962,0.995850622406639,0.9,1.0,2,2,175,0,333,15876,0.9999999999942858,0.3444881889756998,0.5124450947857291,0.9796752929686902,0.3444881889756998
medium,20000,1003,Hough transform baseline,3,4,1,0.8286263736263737,0.7846153846153846,0.7527472527472527,1.0,0.75,0,0,139,30,127,16088,0.822485207095725,0.5225563909754791,0.6390804592920386,0.9904174804686895,0.4695945945930081
medium,20000,1004,Hough transform baseline,1,1,0,1.0,1.0,1.0,1.0,1.0,0,0,27,0,0,16357,0.999999999962963,0.999999999962963,0.9999999994629629,0.9999999999999389,0.999999999962963
medium,20000,1005,Hough transform baseline,1,1,0,0.8794761904761904,0.7533333333333334,0.9523809523809523,1.0,1.0,0,0,43,0,86,16255,0.9999999999767443,0.3333333333307494,0.49999999961918606,0.9947509765624393,0.3333333333307494
medium,20000,1006,Hough transform baseline,3,3,0,0.6556855288102488,0.7904122862449973,1.0,0.0,1.0,1,0,154,0,259,15971,0.9999999999935065,0.37288135593130056,0.5432098761456224,0.9841918945311899,0.37288135593130056
medium,20000,1007,Hough transform baseline,2,2,0,0.9326084344587288,0.8719211822660098,0.9512195121951219,1.0,1.0,0,0,84,0,164,16136,0.9999999999880952,0.3387096774179891,0.5060240960044999,0.9899902343749396,0.3387096774179891
medium,20000,1008,Hough transform baseline,4,4,0,0.8671742424242425,0.7216666666666667,0.9621212121212122,1.0,1.0,0,0,122,4,88,16170,0.9682539682462836,0.5809523809496145,0.7261904757174036,0.9943847656249393,0.5700934579412613
medium,20000,1009,Hough transform baseline,5,7,2,0.5928916061055649,0.7570973420172504,0.6538461538461539,0.2,0.7142857142857143,2,4,263,99,324,15698,0.7265193370145676,0.4480408858595434,0.5542676496849992,0.9741821289061905,0.38338192419769185
medium,20000,1010,Hough transform baseline,2,2,0,0.9735328389830509,0.95625,0.9661016949152542,1.0,1.0,0,0,49,0,118,16217,0.9999999999795919,0.29341317365093766,0.45370370334872256,0.9927978515624394,0.29341317365093766
medium,20000,1011,Hough transform baseline,2,3,1,0.5656839959989998,0.7791782945736434,0.7419354838709677,0.0,0.6666666666666667,0,1,168,2,192,16022,0.988235294111834,0.4666666666653704,0.6339622637128087,0.9881591796874397,0.46408839778877325
medium,20000,1012,Hough transform baseline,2,2,0,0.8875490196078432,0.784967320261438,0.9215686274509804,1.0,1.0,0,0,53,0,98,16233,0.9999999999811321,0.35099337748111925,0.519607842747549,0.9940185546874393,0.35099337748111925
medium,20000,1013,Hough transform baseline,1,1,0,1.0,1.0,1.0,1.0,1.0,0,0,25,0,0,16359,0.99999999996,0.99999999996,0.99999999946,0.9999999999999389,0.99999999996
medium,20000,1014,Hough transform baseline,1,1,0,0.8554179566563468,0.7254901960784313,0.8947368421052632,1.0,1.0,0,0,20,0,36,16328,0.99999999995,0.35714285713647964,0.5263157890720221,0.997802734374939,0.35714285713647964
medium,20000,1015,Hough transform baseline,4,4,0,0.9367544589774078,0.9782282996432818,0.9827586206896551,0.8,1.0,1,1,106,0,123,16155,0.999999999990566,0.4628820960678477,0.632835820459149,0.9924926757811894,0.4628820960678477
medium,20000,1016,Hough transform baseline,1,2,1,0.43207801418439723,0.6362962962962964,0.4787234042553191,0.0,0.5,0,1,76,8,68,16232,0.9047619047511337,0.5277777777741127,0.6666666661954448,0.9953613281249393,0.4999999999967106
medium,20000,1017,Hough transform baseline,5,6,1,0.592046465973705,0.7206876953680023,0.9220183486238532,0.0,0.8333333333333334,1,1,214,0,128,16042,0.9999999999953272,0.6257309941502172,0.7697841721856011,0.9921874999999394,0.6257309941502172
medium,20000,1018,Hough transform baseline,1,1,0,1.0,1.0,1.0,1.0,1.0,0,0,78,0,0,16306,0.9999999999871795,0.9999999999871795,0.9999999994871795,0.9999999999999389,0.9999999999871795
medium,20000,1019,Hough transform baseline,3,3,0,0.9837725381414701,0.9682539682539683,0.9902912621359223,1.0,1.0,1,1,208,0,104,16072,0.9999999999951924,0.6666666666645299,0.799999999516923,0.9936523437499393,0.6666666666645299
medium,20000,1020,Hough transform baseline,4,7,3,0.6593748513403198,0.9254413969485844,0.5425531914893618,0.30909090909090914,0.5714285714285714,4,11,228,122,248,15786,0.6514285714267102,0.4789915966376492,0.5520581108904431,0.9774169921874403,0.38127090300939587
medium,20000,1021,Hough transform baseline,4,8,4,0.7023346981202442,0.8333805895209404,0.9365671641791045,0.36,0.5,2,5,244,0,449,15691,0.9999999999959017,0.35209235209184403,0.5208110988666342,0.9725952148436906,0.35209235209184403
medium,20000,1022,Hough transform baseline,2,2,0,0.8971153846153846,0.8055555555555556,0.9230769230769231,1.0,1.0,0,0,54,0,100,16230,0.9999999999814816,0.35064935064707375,0.5192307688413462,0.9938964843749393,0.35064935064707375
medium,20000,1023,Hough transform baseline,2,2,0,0.9344416386083053,0.8762626262626263,0.9506172839506173,1.0,1.0,1,1,82,0,154,16148,0.9999999999878049,0.3474576271171718,0.51572327005427,0.9906005859374395,0.3474576271171718
medium,20000,1024,Hough transform baseline,1,1,0,0.9556034482758621,0.9166666666666666,0.9655172413793104,1.0,1.0,0,0,51,0,146,16187,0.9999999999803922,0.25888324872965035,0.4112903222506179,0.9910888671874395,0.25888324872965035
medium,20000,1025,Hough transform baseline,2,4,2,0.8556228552991194,0.9276013513513514,0.6910112359550562,1.0,0.5,0,0,128,1,191,16064,0.9922480620078121,0.40125391849403996,0.5714285710159539,0.9882812499999396,0.39999999999875
medium,20000,1026,Hough transform baseline,4,5,1,0.6887452423214822,0.9353852309099222,0.6266094420600858,0.25,0.8,1,4,152,64,212,15956,0.7037037037004459,0.4175824175812704,0.524137930565232,0.9831542968749399,0.3551401869150581
medium,20000,1027,Hough transform baseline,3,6,3,0.602644149236857,0.8565134099616858,0.8360655737704918,0.0,0.5,1,5,176,0,141,16067,0.9999999999943182,0.5552050473168606,0.7139959427428707,0.9913940429686895,0.5552050473168606
medium,20000,1028,Hough transform baseline,3,3,0,0.7759173492486185,0.8535655194478724,0.9590643274853801,0.4,1.0,1,2,172,0,328,15884,0.9999999999941861,0.343999999999312,0.5119047615223569,0.9799804687499402,0.343999999999312
medium,20000,1029,Hough transform baseline,5,7,2,0.5644200324303417,0.7564758698092031,0.7628865979381443,0.0,0.7142857142857143,0,1,169,23,222,15970,0.8802083333287489,0.4322250639375135,0.5797598623349975,0.9850463867186898,0.4082125603854874
medium,20000,1030,Hough transform baseline,2,2,0,0.8875490196078432,0.784967320261438,0.9215686274509804,1.0,1.0,0,0,53,0,106,16225,0.9999999999811321,0.33333333333123694,0.4999999996202831,0.9935302734374394,0.33333333333123694
medium,20000,1031,Hough transform baseline,4,5,1,0.8951538461538462,0.9533333333333334,0.9307692307692308,0.8,0.8,2,2,220,4,45,16115,0.9821428571384726,0.8301886792421502,0.8997955005223297,0.9970092773436892,0.8178438661679635
medium,20000,1032,Hough transform baseline,2,2,0,1.0,1.0,1.0,1.0,1.0,0,0,79,0,0,16305,0.9999999999873417,0.9999999999873417,0.9999999994873416,0.9999999999999389,0.9999999999873417
medium,20000,1033,Hough transform baseline,4,4,0,0.9890659340659341,0.9820512820512821,0.9857142857142858,1.0,1.0,0,0,144,0,132,16108,0.9999999999930557,0.5217391304328922,0.6857142852604081,0.9919433593749394,0.5217391304328922
medium,20000,1034,Hough transform baseline,1,1,0,0.9394781622234828,0.886178861788618,0.9534883720930233,1.0,1.0,0,0,44,0,84,16256,0.9999999999772728,0.3437499999973145,0.5116279065900486,0.9948730468749393,0.3437499999973145
medium,20000,1035,Hough transform baseline,2,2,0,0.9027255169684555,0.902929625199362,0.9820359281437125,0.8,1.0,1,1,143,0,272,15969,0.999999999993007,0.34457831325218174,0.5125448024843527,0.9833984374999399,0.34457831325218174
medium,20000,1036,Hough transform baseline,1,1,0,1.0,1.0,1.0,1.0,1.0,0,0,68,0,0,16316,0.9999999999852941,0.9999999999852941,0.9999999994852942,0.9999999999999389,0.9999999999852941
medium,20000,1037,Hough transform baseline,1,1,0,1.0,1.0,1.0,1.0,1.0,0,0,80,0,0,16304,0.9999999999875,0.9999999999875,0.9999999994875,0.9999999999999389,0.9999999999875
medium,20000,1038,Hough transform baseline,1,1,0,1.0,1.0,1.0,1.0,1.0,0,0,87,0,0,16297,0.9999999999885058,0.9999999999885058,0.9999999994885058,0.9999999999999389,0.9999999999885058
medium,20000,1039,Hough transform baseline,1,1,0,0.9460144927536233,0.8985507246376813,0.9583333333333334,1.0,1.0,0,0,49,0,94,16241,0.9999999999795919,0.34265734265494646,0.5104166662811958,0.9942626953124393,0.34265734265494646
medium,20000,1040,Hough transform baseline,4,6,2,0.4455945263975155,0.5452365136876005,0.6678571428571429,0.0,0.6666666666666667,0,5,182,64,315,15823,0.7398373983709763,0.36619718309785476,0.4899057869043291,0.9768676757811904,0.32442067736127556
medium,20000,1041,Hough transform baseline,1,1,0,1.0,1.0,1.0,1.0,1.0,0,0,64,0,0,16320,0.9999999999843749,0.9999999999843749,0.9999999994843749,0.9999999999999389,0.9999999999843749
medium,20000,1042,Hough transform baseline,2,2,0,0.9685222672064777,0.9385964912280702,0.9807692307692307,1.0,1.0,0,0,106,0,82,16196,0.999999999990566,0.5638297872310435,0.7210884349081401,0.9949951171874393,0.5638297872310435
medium,20000,1043,Hough transform baseline,2,2,0,0.9680357142857142,0.9416666666666667,0.9714285714285714,1.0,1.0,0,0,72,0,86,16226,0.9999999999861111,0.4556962025287615,0.6260869560862005,0.9947509765624393,0.4556962025287615
medium,20000,1044,Hough transform baseline,1,1,0,1.0,1.0,1.0,1.0,1.0,0,0,47,0,0,16337,0.9999999999787235,0.9999999999787235,0.9999999994787234,0.9999999999999389,0.9999999999787235
medium,20000,1045,Hough transform baseline,5,6,1,0.9495768852861705,0.9475845410628019,0.9491525423728814,1.0,0.8333333333333334,0,0,176,0,114,16094,0.9999999999943182,0.6068965517220452,0.755364806393634,0.9930419921874394,0.6068965517220452
medium,20000,1046,Hough transform baseline,4,8,4,0.6165158942364826,0.8922575427477388,0.825,0.0,0.5,1,7,264,0,359,15761,0.9999999999962121,0.4237560192609571,0.5952649375737987,0.9780883789061903,0.4237560192609571
medium,20000,1047,Hough transform baseline,5,5,0,0.7594600228816148,0.8800216232976754,0.9005847953216375,0.3333333333333333,1.0,1,3,318,26,176,15864,0.9244186046484756,0.6437246963549722,0.7589498801824663,0.9876708984374397,0.6115384615372855
medium,20000,1048,Hough transform baseline,2,2,0,1.0,1.0,1.0,1.0,1.0,0,0,125,0,90,16169,0.999999999992,0.5813953488345052,0.7352941171777682,0.9945068359374393,0.5813953488345052
medium,20000,1049,Hough transform baseline,3,3,0,0.792706634720917,0.705631602061808,0.8758620689655172,0.8,1.0,1,1,113,10,211,16050,0.9186991869844008,0.348765432097689,0.5055928407621478,0.9865112304686897,0.33832335329240026
medium,20000,1050,Hough transform baseline,1,1,0,0.9531046312178387,0.9119496855345911,0.9636363636363636,1.0,1.0,0,0,56,0,108,16220,0.999999999982143,0.34146341463206425,0.5090909087067769,0.9934082031249394,0.34146341463206425
medium,20000,1051,Hough transform baseline,5,5,0,0.9438908590784059,0.8867825542244145,0.9741935483870968,1.0,1.0,0,0,158,0,182,16044,0.999999999993671,0.4647058823515744,0.6345381521746746,0.9888916015624396,0.4647058823515744
medium,20000,1052,Hough transform baseline,1,1,0,1.0,1.0,1.0,1.0,1.0,0,0,28,0,0,16356,0.9999999999642857,0.9999999999642857,0.9999999994642856,0.9999999999999389,0.9999999999642857
medium,20000,1053,Hough transform baseline,4,5,1,0.6795000930752049,0.7393954248366013,0.7088607594936709,0.5,0.8,1,2,233,71,264,15816,0.7664473684185314,0.4688128772626382,0.5817727835475506,0.9795532226561902,0.4102112676049116
medium,20000,1054,Hough transform baseline,4,4,0,0.9634651307596513,0.9309879618098797,0.9726027397260274,1.0,1.0,1,1,222,0,346,15816,0.9999999999954955,0.39084507042184713,0.5620253160501841,0.9788818359374403,0.39084507042184713
medium,20000,1055,Hough transform baseline,2,2,0,0.9353320710095303,0.8674744834453574,0.9748427672955975,1.0,1.0,0,0,161,0,322,15901,0.9999999999937889,0.3333333333326432,0.49999999962344716,0.9803466796874402,0.3333333333326432
medium,20000,1056,Hough transform baseline,2,2,0,0.9559090909090909,0.9222222222222222,0.9545454545454546,1.0,1.0,0,0,46,0,62,16276,0.999999999978261,0.42592592592198214,0.5974025969758813,0.9962158203124392,0.42592592592198214
medium,20000,1057,Hough transform baseline,1,1,0,0.8809781622234827,0.7561788617886179,0.9534883720930233,1.0,1.0,0,0,44,0,88,16252,0.9999999999772728,0.3333333333308081,0.4999999996193182,0.9946289062499393,0.3333333333308081
medium,20000,1058,Hough transform baseline,5,6,1,0.8153480963480965,0.9619753086419753,0.8706293706293706,0.5,0.8333333333333334,2,4,269,12,193,15910,0.9572953736620737,0.582251082249822,0.7240915203890959,0.9874877929686897,0.5675105485220094
medium,20000,1059,Hough transform baseline,4,4,0,0.9798348557256064,0.9617486338797814,0.985239852398524,1.0,1.0,0,0,275,0,252,15857,0.9999999999963637,0.5218216318775677,0.6857855357072561,0.9846191406249398,0.5218216318775677
medium,20000,1060,Hough transform baseline,5,6,1,0.7781703598431405,0.879626047711154,0.870026525198939,0.5,0.8333333333333334,1,2,326,29,236,15793,0.9183098591523429,0.580071174376192,0.7110141761869593,0.9838256835936899,0.5516074450075269
medium,20000,1061,Hough transform baseline,2,2,0,0.5641517857142857,0.7520833333333333,0.6285714285714286,0.0,1.0,0,1,94,47,64,16179,0.6666666666619386,0.5949367088569941,0.6287625413034306,0.9932250976561894,0.4585365853636169
medium,20000,1062,Hough transform baseline,1,1,0,0.9249350649350648,0.8585858585858585,0.9428571428571428,1.0,1.0,0,0,36,0,68,16280,0.9999999999722223,0.34615384615051775,0.5142857138963265,0.9958496093749392,0.34615384615051775
medium,20000,1063,Hough transform baseline,2,2,0,0.9668129877369008,0.9326923076923077,0.9855072463768116,1.0,1.0,0,0,66,1,22,16295,0.985074626850969,0.7499999999914773,0.8516129027239958,0.998596191406189,0.7415730336995329
medium,20000,1064,Hough transform baseline,4,6,2,0.8506561302681992,0.8975840783312048,0.9003831417624522,0.8,0.6666666666666667,1,1,237,0,294,15853,0.9999999999957806,0.44632768361497865,0.6171874995716654,0.98205566406244,0.44632768361497865
medium,20000,1065,Hough transform baseline,1,1,0,1.0,1.0,1.0,1.0,1.0,0,0,80,0,0,16304,0.9999999999875,0.9999999999875,0.9999999994875,0.9999999999999389,0.9999999999875
medium,20000,1066,Hough transform baseline,3,4,1,0.6072515473032716,0.7472767462422636,0.7298850574712643,0.19999999999999998,0.75,1,3,137,1,221,16025,0.992753623181212,0.38268156424474115,0.5524193544348498,0.9864501953124397,0.3816155988847309
medium,20000,1067,Hough transform baseline,3,4,1,0.4762179487179488,0.5611111111111112,0.7435897435897436,0.0,0.75,0,1,74,0,55,16255,0.9999999999864865,0.5736434108482664,0.7290640389383872,0.9966430664061892,0.5736434108482664
medium,20000,1068,Hough transform baseline,5,5,0,0.6490694391229894,0.8247037404832837,0.889763779527559,0.0,1.0,0,2,194,15,206,15969,0.9282296650673291,0.4849999999987875,0.6371100159674504,0.9865112304686897,0.46746987951694585
medium,20000,1069,Hough transform baseline,3,3,0,0.9534256649787229,0.9070208728652752,0.9763313609467456,1.0,1.0,1,1,153,1,200,16030,0.9935064935000423,0.43342776203843225,0.6035502954326374,0.9877319335936897,0.4322033898292876
medium,20000,1070,Hough transform baseline,3,4,1,0.6163213791164504,0.7726941256890207,0.7180451127819549,0.19999999999999998,0.75,1,3,191,39,333,15821,0.8304347826050851,0.36450381679319754,0.5066312993094231,0.9772949218749403,0.33925399644699955
medium,20000,1071,Hough transform baseline,4,6,2,0.5577791732944503,0.7300084688346883,0.8130434782608695,0.0,0.6666666666666667,0,2,208,23,239,15914,0.9004329004290025,0.46532438478643107,0.6135693210828612,0.9840087890624399,0.4425531914884201
medium,20000,1072,Hough transform baseline,2,2,0,0.8957264957264958,0.8024691358024691,0.9230769230769231,1.0,1.0,0,0,54,0,104,16226,0.9999999999814816,0.34177215189657106,0.5094339618796725,0.9936523437499393,0.34177215189657106
medium,20000,1073,Hough transform baseline,4,3,1,0.7872916666666667,0.6365740740740741,0.8791666666666667,1.0,0.75,0,0,213,1,367,15803,0.9953271027990873,0.3672413793097117,0.5365239290759221,0.9775390624999403,0.36660929431950673
medium,20000,1074,Hough transform baseline,5,7,2,0.8734339020966797,0.8597194482683108,0.8256578947368421,1.0,0.7142857142857143,1,1,269,33,309,15773,0.8907284768182426,0.46539792387462736,0.6113636359114308,0.9791259765624402,0.44026186579306015
medium,20000,1075,Hough transform baseline,5,6,1,0.7042127252105347,0.7891336913510457,0.7871794871794872,0.43333333333333335,0.8333333333333334,3,6,330,12,129,15913,0.9649122806989331,0.7189542483644468,0.823970036961794,0.9913940429686895,0.7006369426736717
medium,20000,1076,Hough transform baseline,2,2,0,0.805610294117647,0.5941666666666666,0.9411764705882353,1.0,1.0,0,0,68,2,134,16180,0.9714285714146939,0.33663366336467015,0.4999999996140787,0.9916992187499395,0.33333333333169934
medium,20000,1077,Hough transform baseline,1,1,0,0.9571264367816091,0.9195402298850575,0.9666666666666667,1.0,1.0,0,0,61,0,118,16205,0.9999999999836067,0.34078212290312415,0.5083333329499653,0.9927978515624394,0.34078212290312415
medium,20000,1078,Hough transform baseline,4,5,1,0.6108867205641182,0.8864448635057471,0.6599326599326599,0.0,0.8,0,1,198,40,405,15741,0.8319327731057482,0.3283582089546793,0.470868013861789,0.9728393554686906,0.30793157076157396
medium,20000,1079,Hough transform baseline,3,4,1,0.4361205936920223,0.47595959595959597,0.7346938775510203,0.0,0.75,0,1,76,0,80,16228,0.9999999999868421,0.4871794871763643,0.6551724133469085,0.9951171874999393,0.4871794871763643
medium,20000,1080,Hough transform baseline,1,1,0,0.9713676869430453,0.9463601532567051,0.9775280898876404,1.0,1.0,0,0,90,0,176,16118,0.9999999999888889,0.3383458646603822,0.5056179771474562,0.9892578124999396,0.3383458646603822
medium,20000,1081,Hough transform baseline,2,2,0,0.9360576923076923,0.875,0.9615384615384616,1.0,1.0,0,0,71,2,68,16243,0.9726027397127041,0.5107913669028001,0.6698113202968584,0.9957275390624392,0.503546099287209
medium,20000,1082,Hough transform baseline,5,7,2,0.555681635666695,0.6491797283176594,0.7106109324758842,0.2,0.7142857142857143,2,5,233,47,257,15847,0.8321428571398852,0.47551020408066225,0.6051948047304233,0.98144531249994,0.43389199255040245
medium,20000,1083,Hough transform baseline,2,3,1,0.6258128009062588,0.9787878787878788,0.5934579439252337,0.0,0.6666666666666667,0,1,174,15,183,16012,0.9206349206300496,0.487394957981828,0.63736263690764,0.9879150390624397,0.4677419354826136
medium,20000,1084,Hough transform baseline,1,1,0,1.0,1.0,1.0,1.0,1.0,0,0,20,0,16,16348,0.99999999995,0.5555555555401235,0.7142857138010203,0.999023437499939,0.5555555555401235
medium,20000,1085,Hough transform baseline,2,2,0,0.9611673755094808,0.9268740031897927,0.9703703703703703,1.0,1.0,0,0,137,0,266,15981,0.9999999999927008,0.33995037220759317,0.5074074070268518,0.9837646484374399,0.33995037220759317
medium,20000,1086,Hough transform baseline,1,1,0,0.9556034482758621,0.9166666666666666,0.9655172413793104,1.0,1.0,0,0,59,0,114,16211,0.9999999999830509,0.34104046242577435,0.5086206892715146,0.9930419921874394,0.34104046242577435
medium,20000,1087,Hough transform baseline,1,1,0,0.963931414574403,0.9323671497584541,0.971830985915493,1.0,1.0,0,0,72,0,140,16172,0.9999999999861111,0.339622641507832,0.5070422531390597,0.9914550781249395,0.339622641507832
medium,20000,1088,Hough transform baseline,4,5,1,0.7595439266615738,0.9057205104263927,0.8181818181818181,0.43333333333333335,0.8,3,6,194,0,137,16053,0.9999999999948455,0.5861027190314619,0.7390476185788517,0.9916381835936895,0.5861027190314619
medium,20000,1089,Hough transform baseline,2,3,1,0.5739511587645889,0.7375187168426793,0.8770053475935828,0.0,0.6666666666666667,0,1,182,7,328,15867,0.962962962957868,0.3568627450973395,0.5207439194895057,0.9795532226561902,0.3520309477749477
medium,20000,1090,Hough transform baseline,3,4,1,0.777841872232764,0.7386928104575163,0.6021505376344086,1.0,0.75,0,0,117,64,86,16117,0.6464088397754343,0.5763546798001165,0.6093749994984674,0.9908447265624395,0.43820224718937006
medium,20000,1091,Hough transform baseline,1,1,0,0.8158333333333333,0.65,0.8666666666666667,1.0,1.0,0,0,16,0,28,16340,0.9999999999375,0.3636363636280992,0.5333333329244444,0.998291015624939,0.3636363636280992
medium,20000,1092,Hough transform baseline,4,5,1,0.7944444444444445,0.8654320987654321,0.7916666666666666,0.6666666666666666,0.8,2,3,260,10,176,15938,0.9629629629593964,0.5963302752279901,0.7365439088739979,0.9886474609374396,0.5829596412542983
medium,20000,1093,Hough transform baseline,2,2,0,0.9647623626373626,0.9363461538461538,0.967032967032967,1.0,1.0,0,0,84,2,88,16210,0.9767441860351541,0.48837209302041645,0.6511627902481821,0.9945068359374393,0.48275862068688075
medium,20000,1094,Hough transform baseline,5,5,0,0.7045720583764062,0.9239130434782609,0.9440559440559441,0.0,1.0,0,2,135,4,74,16171,0.9712230215757467,0.6459330143509764,0.7758620684812888,0.9952392578124393,0.6338028168984329
medium,20000,1095,Hough transform baseline,5,7,2,0.3752698837251462,0.5089603377582916,0.3740458015267175,0.0,0.7142857142857143,0,3,199,231,301,15653,0.46279069767334235,0.397999999999204,0.42795698874922417,0.9675292968749409,0.2722298221610503
medium,20000,1096,Hough transform baseline,1,1,0,1.0,1.0,1.0,1.0,1.0,0,0,21,0,0,16363,0.999999999952381,0.999999999952381,0.9999999994523809,0.9999999999999389,0.999999999952381
medium,20000,1097,Hough transform baseline,1,1,0,0.8352079772079772,0.6502564102564103,0.962962962962963,1.0,1.0,0,0,55,0,110,16219,0.9999999999818182,0.33333333333131315,0.49999999962045455,0.9932861328124394,0.33333333333131315
medium,20000,1098,Hough transform baseline,4,5,1,0.6884582868822,0.9228797638217928,0.9658119658119658,0.0,0.8,1,0,233,0,132,16019,0.9999999999957082,0.6383561643818128,0.7792642135685787,0.9919433593749394,0.6383561643818128
medium,20000,1099,Hough transform baseline,1,1,0,0.956378233719893,0.9181286549707602,0.9661016949152542,1.0,1.0,0,0,60,0,120,16204,0.9999999999833334,0.3333333333314815,0.4999999996208334,0.9926757812499394,0.3333333333314815
medium,20000,1100,Hough transform baseline,2,2,0,0.8680126472626472,0.8348998998998999,0.9615384615384616,0.8,1.0,1,1,105,0,200,16079,0.9999999999904762,0.3442622950808385,0.5121951215676978,0.9877929687499397,0.3442622950808385
medium,20000,1101,Hough transform baseline,3,3,0,0.9657321274763134,0.9279835390946501,0.9906976744186047,1.0,1.0,0,0,204,0,124,16056,0.9999999999950981,0.621951219510299,0.7669172927573634,0.9924316406249394,0.621951219510299
medium,20000,1102,Hough transform baseline,3,3,0,0.9900715803370671,0.9818699818699819,0.9911504424778761,1.0,1.0,1,1,204,0,200,15980,0.9999999999950981,0.5049504950482551,0.671052631130843,0.9877929687499397,0.5049504950482551
medium,20000,1103,Hough transform baseline,4,6,2,0.4643008898920714,0.5305113636363636,0.7945205479452055,0.0,0.6666666666666667,0,1,139,2,95,16148,0.9858156028298879,0.5940170940145555,0.7413333328601316,0.9940795898436893,0.5889830508449619
medium,20000,1104,Hough transform baseline,4,3,1,0.7954867536053103,0.7018835074390629,0.7731958762886598,1.0,0.75,1,1,217,0,374,15793,0.9999999999953918,0.36717428087924336,0.5371287124770825,0.9771728515624404,0.36717428087924336
medium,20000,1105,Hough transform baseline,2,4,2,0.7648835403726708,0.7235507246376811,0.6964285714285714,1.0,0.5,0,0,60,0,71,16253,0.9999999999833334,0.45801526717207625,0.6282722508714125,0.9956665039061892,0.45801526717207625
medium,20000,1106,Hough transform baseline,1,2,1,0.3686293250141804,0.4961788617886179,0.4767441860465116,0.0,0.5,0,1,66,0,66,16252,0.9999999999848485,0.49999999999621214,0.6666666662154882,0.9959716796874392,0.49999999999621214
medium,20000,1107,Hough transform baseline,5,7,2,0.42120263056835644,0.6374907407407407,0.3145161290322581,0.0,0.7142857142857143,0,7,180,308,263,15633,0.3688524590156376,0.40632054175980514,0.38668098768508513,0.965148925781191,0.23968042609821613
medium,20000,1108,Hough transform baseline,4,4,0,0.6578308491418248,0.8797325102880659,0.8097560975609757,0.0,1.0,0,1,164,24,226,15970,0.8723404255272749,0.42051282051174227,0.5674740480020114,0.9847412109374398,0.39613526569952623
medium,20000,1109,Hough transform baseline,2,2,0,0.9481288637032675,0.9019573370839193,0.9612403100775194,1.0,1.0,1,1,105,1,199,16079,0.9905660377265041,0.3453947368409691,0.5121951215653301,0.9877929687499397,0.3442622950808385
medium,20000,1110,Hough transform baseline,5,5,0,0.6421170343137255,0.7336805555555556,0.7264705882352941,0.26666666666666666,1.0,1,3,240,75,406,15663,0.7619047619023431,0.371517027863202,0.4994797081951141,0.9706420898436907,0.3328710124822013
medium,20000,1111,Hough transform baseline,4,4,0,0.9509776366964081,0.8973655913978493,0.9858156028368794,1.0,1.0,0,0,145,0,159,16080,0.9999999999931035,0.47697368420895736,0.6458797322992446,0.9902954101561895,0.47697368420895736
medium,20000,1112,Hough transform baseline,3,4,1,0.588674162813507,0.757832422586521,0.8632478632478633,0.0,0.75,0,1,114,0,149,16121,0.999999999991228,0.43346007604397924,0.6047745353839118,0.9909057617186895,0.43346007604397924
medium,20000,1113,Hough transform baseline,4,4,0,0.9690068493150684,0.9351851851851851,0.9908675799086758,1.0,1.0,0,0,223,0,42,16119,0.9999999999955157,0.8415094339590887,0.9139344257294663,0.997436523437439,0.8415094339590887
medium,20000,1114,Hough transform baseline,5,5,0,0.6804818878439568,0.8727609427609428,0.9386973180076629,0.0,1.0,0,1,256,9,172,15947,0.9660377358454112,0.5981308411200978,0.7388167383422682,0.9889526367186896,0.5858123569780646
medium,20000,1115,Hough transform baseline,4,4,0,0.7726101991005044,0.690383295194508,0.8096885813148789,0.8,1.0,1,1,272,20,268,15824,0.9315068493118784,0.503703703702771,0.6538461533890071,0.98242187499994,0.4857142857134184
medium,20000,1116,Hough transform baseline,4,7,3,0.5664945367697689,0.8041458802385749,0.7374301675977654,0.0,0.5714285714285714,0,3,295,4,445,15640,0.9866220735752956,0.39864864864810995,0.5678537050750287,0.9725952148436906,0.3965053763435531
medium,20000,1117,Hough transform baseline,2,2,0,0.775,0.5355555555555556,0.92,1.0,1.0,0,0,52,0,104,16228,0.9999999999807693,0.3333333333311966,0.49999999962019226,0.9936523437499393,0.3333333333311966
medium,20000,1118,Hough transform baseline,1,1,0,0.9658995433789954,0.9360730593607306,0.9733333333333334,1.0,1.0,0,0,76,0,148,16160,0.9999999999868421,0.3392857142841996,0.5066666662849777,0.9909667968749395,0.3392857142841996
medium,20000,1119,Hough transform baseline,5,6,1,0.6964738026592704,0.9214442295293359,0.9924528301886792,0.0,0.8333333333333334,1,0,270,0,215,15899,0.9999999999962963,0.5567010309266872,0.7152317876181219,0.9868774414061897,0.5567010309266872
medium,20000,1120,Hough transform baseline,5,5,0,0.8127274996955304,0.7989026915113873,0.9327731092436975,0.6666666666666666,1.0,2,3,217,9,172,15986,0.9601769911461939,0.557840616965147,0.7056910564433975,0.9889526367186896,0.5452261306518964
medium,20000,1121,Hough transform baseline,1,1,0,1.0,1.0,1.0,1.0,1.0,0,0,84,0,0,16300,0.9999999999880952,0.9999999999880952,0.9999999994880953,0.9999999999999389,0.9999999999880952
medium,20000,1122,Hough transform baseline,3,5,2,0.5682071456005378,0.7175845065632864,0.7764705882352941,0.12,0.6,1,5,149,0,215,16020,0.9999999999932887,0.4093406593395348,0.5808966857454032,0.9868774414061897,0.4093406593395348
medium,20000,1123,Hough transform baseline,1,1,0,1.0,1.0,1.0,1.0,1.0,0,0,28,0,0,16356,0.9999999999642857,0.9999999999642857,0.9999999994642856,0.9999999999999389,0.9999999999642857
medium,20000,1124,Hough transform baseline,3,3,0,0.855948275862069,0.8055555555555556,0.7172413793103448,1.0,1.0,0,0,105,43,2,16234,0.7094594594546658,0.9813084112057822,0.8235294112711726,0.9972534179686892,0.6999999999953334
medium,20000,1125,Hough transform baseline,4,6,2,0.4430429319308863,0.5847485080988917,0.5661971830985916,0.0,0.6666666666666667,0,3,218,97,348,15721,0.692063492061295,0.3851590106000262,0.4948921675303809,0.9728393554686906,0.32880844645500934
medium,20000,1126,Hough transform baseline,4,3,1,0.3518794642857143,0.316875,0.6714285714285715,0.0,0.75,0,1,87,34,126,16137,0.7190082644568677,0.40845070422343455,0.5209580833671519,0.9902343749999395,0.3522267206463473
medium,20000,1127,Hough transform baseline,5,6,1,0.9343297487141037,0.9199631741506297,0.935064935064935,1.0,0.8333333333333334,1,1,155,0,173,16056,0.9999999999935485,0.4725609756083154,0.6418219457312604,0.9894409179686896,0.4725609756083154
medium,20000,1128,Hough transform baseline,4,7,3,0.42190400645878745,0.5904611590126175,0.49526813880126186,0.0,0.5714285714285714,0,12,204,81,295,15804,0.715789473681699,0.4088176352697218,0.5204081628012318,0.9770507812499404,0.35172413793042806
medium,20000,1129,Hough transform baseline,2,3,1,0.8997500038711076,0.9159427695452222,0.8545454545454545,1.0,0.6666666666666667,0,0,147,0,294,15943,0.9999999999931973,0.3333333333325775,0.4999999996232993,0.98205566406244,0.3333333333325775
medium,20000,1130,Hough transform baseline,3,3,0,0.9153260965883916,0.8336936936936936,0.9508196721311475,1.0,1.0,0,0,125,0,242,16017,0.999999999992,0.3405994550399439,0.5081300809197155,0.9852294921874398,0.3405994550399439
medium,20000,1131,Hough transform baseline,5,9,4,0.5379397233201582,0.8113636363636364,0.447463768115942,0.1111111111111111,0.5555555555555556,1,9,287,210,296,15591,0.5774647887312325,0.4922813036012139,0.5314814809836677,0.9691162109374408,0.36191677175238096
medium,20000,1132,Hough transform baseline,5,9,4,0.5296176971466307,0.788083735909823,0.5971223021582734,0.0,0.5555555555555556,0,7,312,68,231,15773,0.8210526315767868,0.5745856353580578,0.6760563375422975,0.98175048828119,0.5106382978715047
medium,20000,1133,Hough transform baseline,5,5,0,0.8230565658371666,0.7403621084797554,0.949468085106383,0.8,1.0,1,1,367,13,386,15618,0.965789473681669,0.487383798140123,0.6478375988469575,0.9756469726561904,0.4791122715398445
medium,20000,1134,Hough transform baseline,2,2,0,1.0,1.0,1.0,1.0,1.0,0,0,110,0,0,16274,0.999999999990909,0.999999999990909,0.999999999490909,0.9999999999999389,0.999999999990909
medium,20000,1135,Hough transform baseline,2,2,0,0.9411111111111111,0.888888888888889,0.9555555555555556,1.0,1.0,0,0,47,0,48,16289,0.9999999999787235,0.49473684210005536,0.6619718305337234,0.9970703124999392,0.49473684210005536
medium,20000,1136,Hough transform baseline,4,4,0,0.9878086419753086,0.9783950617283951,0.9876543209876543,1.0,1.0,0,0,166,0,110,16108,0.9999999999939759,0.6014492753601397,0.751131221247026,0.9932861328124394,0.6014492753601397
medium,20000,1137,Hough transform baseline,5,5,0,0.7502338345864662,0.7601687552213869,0.9157894736842105,0.5,1.0,1,2,272,16,383,15713,0.9444444444411652,0.4152671755718851,0.5768822901365445,0.9756469726561904,0.40536512667599794
medium,20000,1138,Hough transform baseline,4,4,0,0.873782765092274,0.7706763285024155,0.8848920863309353,1.0,1.0,0,0,124,12,122,16126,0.9117647058756488,0.5040650406483574,0.6492146592239247,0.9918212890624394,0.48062015503689687
medium,20000,1139,Hough transform baseline,1,1,0,0.9175,0.8444444444444444,0.9375,1.0,1.0,0,0,33,0,62,16289,0.9999999999696971,0.34736842104897503,0.5156249996092529,0.9962158203124392,0.34736842104897503
medium,20000,1140,Hough transform baseline,1,1,0,1.0,1.0,1.0,1.0,1.0,0,0,17,0,0,16367,0.9999999999411765,0.9999999999411765,0.9999999994411766,0.9999999999999389,0.9999999999411765
medium,20000,1141,Hough transform baseline,5,5,0,0.7295125164690383,0.8893646611037915,0.83399209486166,0.25,1.0,1,4,218,29,268,15869,0.8825910931138357,0.44855967078097003,0.5948158249267043,0.98187255859369,0.4233009708729645
medium,20000,1142,Hough transform baseline,1,1,0,0.8768181818181818,0.7666666666666667,0.9090909090909091,1.0,1.0,0,0,23,0,42,16319,0.9999999999565218,0.35384615384071005,0.5227272723292872,0.997436523437439,0.35384615384071005
medium,20000,1143,Hough transform baseline,2,2,0,0.9677707199032063,0.9385964912280702,0.9770114942528736,1.0,1.0,1,1,88,0,76,16220,0.9999999999886363,0.5365853658503867,0.6984126979526329,0.9953613281249393,0.5365853658503867
medium,20000,1144,Hough transform baseline,4,4,0,0.9203984309034619,0.89203216374269,0.8449197860962567,1.0,1.0,1,1,160,30,1,16193,0.8421052631534627,0.9937888198696039,0.9116809111791301,0.998107910156189,0.8376963350741482
medium,20000,1145,Hough transform baseline,1,1,0,0.892776359600444,0.7784967320261438,0.9622641509433962,1.0,1.0,0,0,54,0,108,16222,0.9999999999814816,0.33333333333127574,0.49999999962037045,0.9934082031249394,0.33333333333127574
medium,20000,1146,Hough transform baseline,4,6,2,0.7911374478234943,0.8338081671415004,0.8087855297157622,0.75,0.6666666666666667,3,4,301,27,277,15779,0.9176829268264705,0.5207612456738395,0.6644591606845069,0.98144531249994,0.49752066115620247
medium,20000,1147,Hough transform baseline,1,1,0,1.0,1.0,1.0,1.0,1.0,0,0,55,0,0,16329,0.9999999999818182,0.9999999999818182,0.9999999994818183,0.9999999999999389,0.9999999999818182
medium,20000,1148,Hough transform baseline,4,5,1,0.556919474363492,0.6663208345539173,0.8853754940711462,0.0,0.8,0,1,233,0,298,15853,0.9999999999957082,0.4387947269294938,0.6099476435535313,0.98181152343744,0.4387947269294938
medium,20000,1149,Hough transform baseline,2,3,1,0.5793456519585996,0.8663207547169811,0.6141732283464567,0.0,0.6666666666666667,0,1,213,16,269,15886,0.9301310043627505,0.4419087136920292,0.5991561177050845,0.98260498046869,0.42771084337263515
medium,20000,1150,Hough transform baseline,3,3,0,0.8551374345549738,0.7083333333333334,0.9319371727748691,1.0,1.0,1,1,169,9,171,16035,0.9494382022418572,0.49705882352794983,0.6525096520560366,0.9890136718749396,0.4842406876776956
medium,20000,1151,Hough transform baseline,3,4,1,0.6248237858032379,0.7302020202020202,0.8561643835616438,0.19999999999999998,0.75,1,3,124,16,199,16045,0.8857142857079593,0.3839009287913811,0.5356371486038746,0.9868774414061897,0.3657817109133753
medium,20000,1152,Hough transform baseline,5,9,4,0.6019567637211874,0.7355165031994301,0.6395939086294415,0.35,0.5555555555555556,2,4,297,60,226,15801,0.8319327731069134,0.5678776290620117,0.6749999995162577,0.98254394531244,0.5094339622632771
medium,20000,1153,Hough transform baseline,1,1,0,1.0,1.0,1.0,1.0,1.0,0,0,46,0,0,16338,0.999999999978261,0.999999999978261,0.9999999994782609,0.9999999999999389,0.999999999978261
medium,20000,1154,Hough transform baseline,4,4,0,0.9464461024684474,0.8979225557499888,0.9619047619047619,1.0,1.0,0,0,107,0,138,16139,0.9999999999906541,0.43673469387576846,0.607954545027941,0.9915771484374395,0.43673469387576846
medium,20000,1155,Hough transform baseline,1,1,0,1.0,1.0,1.0,1.0,1.0,0,0,74,0,0,16310,0.9999999999864865,0.9999999999864865,0.9999999994864865,0.9999999999999389,0.9999999999864865
medium,20000,1156,Hough transform baseline,2,2,0,0.9538295454545455,0.9075,0.9772727272727273,1.0,1.0,0,0,77,1,59,16247,0.987179487166831,0.5661764705840723,0.7196261677543017,0.9963378906249392,0.5620437956163354
medium,20000,1157,Hough transform baseline,5,4,1,0.48492395204340605,0.5676353276353276,0.7474402730375427,0.0,0.8,0,2,206,66,191,15921,0.7573529411736862,0.5188916876561237,0.6158445436112797,0.9843139648436899,0.44492440604655525
medium,20000,1158,Hough transform baseline,2,2,0,0.9518087855297157,0.9135802469135802,0.9534883720930233,1.0,1.0,0,0,45,0,56,16283,0.9999999999777779,0.4455445544510342,0.6164383557294989,0.9965820312499392,0.4455445544510342
medium,20000,1159,Hough transform baseline,3,3,0,0.9914135370299954,0.9858299595141701,0.988950276243094,1.0,1.0,3,3,158,0,107,16119,0.999999999993671,0.5962264150920897,0.7470449167861443,0.9934692382811894,0.5962264150920897
medium,20000,1160,Hough transform baseline,1,1,0,1.0,1.0,1.0,1.0,1.0,0,0,21,0,0,16363,0.999999999952381,0.999999999952381,0.9999999994523809,0.9999999999999389,0.999999999952381
medium,20000,1161,Hough transform baseline,5,4,1,0.8151453237410073,0.7040000000000001,0.841726618705036,1.0,0.8,0,0,125,18,47,16194,0.8741258741197614,0.7267441860422864,0.7936507931499925,0.9960327148436892,0.6578947368386427
medium,20000,1162,Hough transform baseline,1,1,0,0.9808158508158509,0.9641025641025641,0.9848484848484849,1.0,1.0,0,0,48,0,95,16241,0.9999999999791668,0.3356643356619884,0.502617800665552,0.9942016601561893,0.3356643356619884
medium,20000,1163,Hough transform baseline,1,2,1,0.2813256704980843,0.3071604938271605,0.4655172413793104,0.0,0.5,0,1,46,0,44,16294,0.999999999978261,0.5111111111054321,0.6764705877776815,0.997314453124939,0.5111111111054321
medium,20000,1164,Hough transform baseline,5,5,0,0.804276686420837,0.8807455776672195,0.9147058823529411,0.5,1.0,1,2,325,18,526,15515,0.9475218658864504,0.38190364277275923,0.5443886093048395,0.9667968749999409,0.3739930955116525
medium,20000,1165,Hough transform baseline,2,2,0,0.9713744588744588,0.9469696969696969,0.9761904761904762,1.0,1.0,0,0,86,0,90,16208,0.9999999999883721,0.4886363636335873,0.6564885491723093,0.9945068359374393,0.4886363636335873
medium,20000,1166,Hough transform baseline,2,2,0,0.9308170995670996,0.8674242424242424,0.9523809523809523,1.0,1.0,0,0,39,0,46,16299,0.9999999999743591,0.4588235294063668,0.6290322576231789,0.9971923828124392,0.4588235294063668
medium,20000,1167,Hough transform baseline,5,10,5,0.43765106343555404,0.6984626352015733,0.3212598425196851,0.03636363636363637,0.5,1,22,289,258,320,15517,0.5283363802549756,0.4745484400649022,0.49999999950057317,0.964721679687441,0.33333333333294884
medium,20000,1168,Hough transform baseline,2,2,0,0.8401047326906222,0.6528571428571428,0.9815950920245399,1.0,1.0,0,0,132,14,109,16129,0.9041095890349035,0.5477178423213788,0.6821705421622632,0.9924926757811894,0.5176470588214994
medium,20000,1169,Hough transform baseline,5,6,1,0.39991064215414707,0.4921895206243032,0.47546012269938653,0.0,0.8333333333333334,0,3,213,98,191,15882,0.6848874598048718,0.5272277227709722,0.5958041953109882,0.98236083984369,0.4243027888437763
medium,20000,1170,Hough transform baseline,3,4,1,0.8106747429215382,0.7415770609318997,0.759825327510917,1.0,0.75,0,0,230,3,223,15928,0.9871244635150768,0.5077262693145524,0.6705539354095273,0.9862060546874398,0.5043859649111746
medium,20000,1171,Hough transform baseline,3,4,1,0.576934065934066,0.8834188034188035,0.5219780219780219,0.0,0.75,0,1,116,60,38,16170,0.6590909090871643,0.7532467532418621,0.7030303025282645,0.9940185546874393,0.5420560747638222
medium,20000,1172,Hough transform baseline,4,6,2,0.5196162464985995,0.7716339869281046,0.5285714285714286,0.0,0.6666666666666667,0,3,211,90,189,15894,0.7009966777385349,0.5274999999986812,0.6019971464412078,0.9829711914061899,0.4306122448970804
medium,20000,1173,Hough transform baseline,4,4,0,0.6291101299865759,0.7780102336104389,0.8950276243093923,0.0,1.0,0,1,145,7,260,15972,0.9539473684147767,0.3580246913571407,0.5206463191704083,0.9837036132811899,0.35194174757196134
medium,20000,1174,Hough transform baseline,5,12,7,0.2984804005624719,0.43468816153720885,0.26898326898326896,0.02962962962962963,0.41666666666666663,1,27,314,311,249,15510,0.5023999999991962,0.5577264653631302,0.5286195281200006,0.965820312499941,0.3592677345533647
medium,20000,1175,Hough transform baseline,5,6,1,0.7208399872033681,0.762728126677402,0.8463949843260188,0.5,0.8333333333333334,1,2,268,18,144,15954,0.9370629370596607,0.6504854368916251,0.76790830896968,0.9901123046874395,0.623255813952039
medium,20000,1176,Hough transform baseline,2,2,0,0.9836863500213949,0.9715447154471544,0.9824561403508771,1.0,1.0,0,0,116,0,166,16102,0.9999999999913792,0.41134751772903777,0.5829145724483725,0.9898681640624396,0.41134751772903777
medium,20000,1177,Hough transform baseline,4,4,0,0.987531969309463,0.977124183006536,0.9891304347826086,1.0,1.0,0,0,188,0,104,16092,0.9999999999946809,0.6438356164361513,0.7833333328535417,0.9936523437499393,0.6438356164361513
medium,20000,1178,Hough transform baseline,3,4,1,0.5119570740945316,0.629495252373813,0.7684210526315789,0.0,0.75,0,1,157,12,339,15876,0.9289940828347397,0.31653225806387797,0.47218045074729825,0.9785766601561903,0.3090551181096278
medium,20000,1179,Hough transform baseline,1,1,0,1.0,1.0,1.0,1.0,1.0,0,0,52,0,0,16332,0.9999999999807693,0.9999999999807693,0.9999999994807693,0.9999999999999389,0.9999999999807693
medium,20000,1180,Hough transform baseline,3,4,1,0.7731120760959471,0.6254342431761787,0.8333333333333334,1.0,0.75,0,0,78,0,120,16186,0.9999999999871795,0.39393939393740435,0.56521739089477,0.9926757812499394,0.39393939393740435
medium,20000,1181,Hough transform baseline,4,4,0,0.8151037964717741,0.7318155432029271,0.9289340101522843,0.8,1.0,1,1,178,4,388,15814,0.9780219780166043,0.31448763250827827,0.4759358285075066,0.9760742187499404,0.3122807017538381
medium,20000,1182,Hough transform baseline,3,3,0,0.9295987183399451,0.8632183908045977,0.9557522123893806,1.0,1.0,0,0,90,2,152,16140,0.9782608695545841,0.3719008264447442,0.5389221552862419,0.9906005859374395,0.3688524590148818
medium,20000,1183,Hough transform baseline,4,4,0,0.808751559556625,0.8553502864906375,0.9942196531791907,0.5,1.0,2,1,168,0,276,15940,0.9999999999940477,0.3783783783775262,0.5490196074430348,0.9831542968749399,0.3783783783775262
medium,20000,1184,Hough transform baseline,3,3,0,0.9672889317889317,0.9307407407407406,0.9922779922779923,1.0,1.0,0,0,262,0,126,15996,0.9999999999961833,0.6752577319570225,0.8061538456701538,0.9923095703124394,0.6752577319570225
medium,20000,1185,Hough transform baseline,3,3,0,0.5752832649118571,0.6909485094850949,0.8217821782178218,0.0,1.0,0,1,84,19,124,16157,0.8155339805746065,0.4038461538442123,0.5401929255985359,0.9912719726561895,0.37004405286180597
medium,20000,1186,Hough transform baseline,3,3,0,0.9889827672745525,0.9819121447028424,0.9856115107913669,1.0,1.0,0,0,142,0,174,16068,0.9999999999929579,0.4493670886061729,0.6200873358140004,0.9893798828124396,0.4493670886061729
medium,20000,1187,Hough transform baseline,4,5,1,0.5604529106802436,0.6718743509865005,0.8905472636815921,0.0,0.8,0,1,203,0,302,15879,0.9999999999950739,0.401980198019006,0.57344632727297,0.98156738281244,0.401980198019006
medium,20000,1188,Hough transform baseline,2,2,0,0.8873359073359074,0.7813813813813815,0.9285714285714286,1.0,1.0,0,0,58,0,108,16218,0.9999999999827587,0.349397590359341,0.51785714246875,0.9934082031249394,0.349397590359341
medium,20000,1189,Hough transform baseline,3,3,0,0.9655451760256755,0.9338098593912546,0.9766536964980544,1.0,1.0,0,0,260,0,508,15616,0.9999999999961539,0.33854166666622587,0.505836575496601,0.9689941406249408,0.33854166666622587
medium,20000,1190,Hough transform baseline,1,1,0,1.0,1.0,1.0,1.0,1.0,0,0,70,0,0,16314,0.9999999999857142,0.9999999999857142,0.9999999994857143,0.9999999999999389,0.9999999999857142
medium,20000,1191,Hough transform baseline,2,3,1,0.5542789115646258,0.7933333333333333,0.653061224489796,0.0,0.6666666666666667,0,1,43,0,20,16321,0.9999999999767443,0.6825396825288487,0.8113207542194731,0.998779296874939,0.6825396825288487
medium,20000,1192,Hough transform baseline,5,7,2,0.5232448218008168,0.7087545289855072,0.6643835616438356,0.0,0.7142857142857143,1,4,218,44,259,15863,0.8320610686991143,0.4570230607956876,0.5899864677409952,0.98150634765619,0.4184261036460299
medium,20000,1193,Hough transform baseline,4,7,3,0.6250404962276044,0.7146263324690291,0.8982456140350877,0.26666666666666666,0.5714285714285714,2,3,263,12,348,15761,0.9563636363601588,0.43044189852630044,0.5936794578098461,0.9780273437499403,0.42215088282436253
medium,20000,1194,Hough transform baseline,4,10,6,0.583985288880903,0.9373256308018278,0.48594377510040165,0.1,0.4,1,10,319,142,308,15615,0.6919739696297355,0.50877192982375,0.5863970583340908,0.9725341796874406,0.4148244473336608
medium,20000,1195,Hough transform baseline,3,6,3,0.4379153766769866,0.6912280701754386,0.38431372549019605,0.0,0.5,0,3,151,94,128,16011,0.6163265306097293,0.5412186379908918,0.5763358773625007,0.9864501953124397,0.40482573726433024
medium,20000,1196,Hough transform baseline,5,7,2,0.6211491425241426,0.8030827505827506,0.6916666666666667,0.2,0.7142857142857143,1,4,192,17,296,15879,0.9186602870769442,0.3934426229500134,0.5509325677277448,0.9808959960936902,0.38019801980122736
medium,20000,1197,Hough transform baseline,5,6,1,0.6711066801278817,0.9128571428571429,0.5724381625441697,0.25,0.8333333333333334,1,4,171,74,45,16094,0.6979591836706206,0.7916666666630016,0.7418655092601484,0.9927368164061894,0.5896551724117598
medium,20000,1198,Hough transform baseline,5,8,3,0.5111561800979385,0.710842670401494,0.6438848920863309,0.0,0.625,0,3,202,45,272,15865,0.8178137651788753,0.42616033755184357,0.5603328705604906,0.9806518554686902,0.3892100192670728
medium,20000,1199,Hough transform baseline,4,5,1,0.5509593056230757,0.6755936819172113,0.8347107438016529,0.0,0.8,1,2,108,11,182,16083,0.9075630252024575,0.3724137931021641,0.5281173589980213,0.9882202148436896,0.3588039867097714
