Cycle,Training samples,sample,Method,True vectors,Predicted vectors,Vector count error,Engineering score,Line geometry score,Total length score,Junction angle score,Vector count score,True junctions,Predicted junctions,tp,fp,fn,tn,sample_precision,sample_recall,sample_f1,sample_accuracy,sample_iou
small,2000,0,CNN raster + Hough fusion,1,1,0,0.4663636363636363,0.0,0.5818181818181818,1.0,1.0,0,0,0,29,204,16151,0.0,0.0,0.0,0.9857788085936898,0.0
small,2000,1,CNN raster + Hough fusion,2,1,1,0.4111498748435544,0.07205882352941176,0.3936170212765957,1.0,0.5,0,0,0,28,220,16136,0.0,0.0,0.0,0.9848632812499398,0.0
small,2000,2,CNN raster + Hough fusion,2,2,0,0.5060975609756098,0.0,0.7804878048780488,1.0,1.0,0,0,4,46,260,16074,0.0799999999984,0.01515151515145776,0.025477706738447813,0.98132324218744,0.01290322580640999
small,2000,3,CNN raster + Hough fusion,4,4,0,0.4896825396825397,0.0,0.6984126984126984,1.0,1.0,0,0,6,107,555,15716,0.053097345132273474,0.010695187165756338,0.01780415402352315,0.9595947265624414,0.008982035928130266
small,2000,4,CNN raster + Hough fusion,4,4,0,0.5151527093596059,0.07428571428571429,0.6586206896551724,1.0,1.0,0,0,19,167,685,15513,0.10215053763385941,0.026988636363598027,0.04269662888276227,0.9479980468749422,0.02181400688860871
small,2000,5,CNN raster + Hough fusion,5,4,1,0.25030358111774287,0.05771929824561404,0.7216494845360825,0.0,0.8,1,0,9,109,459,15807,0.0762711864400316,0.01923076923072814,0.030716723227748727,0.965332031249941,0.015597920277269329
small,2000,6,CNN raster + Hough fusion,1,1,0,0.5903125,0.13124999999999998,0.90625,1.0,1.0,0,0,0,26,101,16257,0.0,0.0,0.0,0.9922485351561894,0.0
small,2000,7,CNN raster + Hough fusion,4,3,1,0.5532621951219512,0.10833333333333334,0.8975609756097561,1.0,0.75,0,0,11,176,272,15925,0.058823529411450144,0.03886925795039269,0.04680851015895881,0.9726562499999406,0.023965141612148223
small,2000,8,CNN raster + Hough fusion,3,2,1,0.1823293172690763,0.0,0.5783132530120482,0.0,0.6666666666666667,1,0,8,83,246,16047,0.08791208791112184,0.031496062992001986,0.04637681120554506,0.9799194335936902,0.02373887240349039
small,2000,9,CNN raster + Hough fusion,2,2,0,0.6129202279202278,0.19743589743589743,0.8703703703703703,1.0,1.0,0,0,0,46,132,16206,0.0,0.0,0.0,0.9891357421874396,0.0
small,2000,10,CNN raster + Hough fusion,4,4,0,0.5611885837719142,0.13946869070208726,0.7421383647798743,1.0,1.0,0,0,5,99,456,15824,0.0480769230764608,0.010845986984792092,0.017699114743807667,0.966125488281191,0.008928571428555484
small,2000,11,CNN raster + Hough fusion,4,3,1,0.39605538922155686,0.3861111111111111,0.7365269461077844,0.0,0.75,0,1,0,106,473,15805,0.0,0.0,0.0,0.964660644531191,0.0
small,2000,12,CNN raster + Hough fusion,5,4,1,0.23760441767068277,0.07,0.6305220883534137,0.0,0.8,1,0,4,131,639,15610,0.029629629629410154,0.006220839813365131,0.010282776062763933,0.9530029296874418,0.005167958656324073
small,2000,13,CNN raster + Hough fusion,5,4,1,0.5328076578307082,0.05165692007797271,0.8978102189781022,1.0,0.8,0,0,12,94,321,15957,0.11320754716874332,0.036036036035927824,0.05466970350587638,0.9746704101561905,0.028103044496421304
small,2000,14,CNN raster + Hough fusion,3,3,0,0.4574528301886792,0.36666666666666664,0.9622641509433962,0.0,1.0,1,1,5,95,282,16002,0.0499999999995,0.017421602787395744,0.025839792898263332,0.9769897460936904,0.01308900523556783
small,2000,15,CNN raster + Hough fusion,2,2,0,0.5570108695652174,0.0638888888888889,0.8913043478260869,1.0,1.0,0,0,0,37,87,16260,0.0,0.0,0.0,0.9924316406249394,0.0
small,2000,16,CNN raster + Hough fusion,3,3,0,0.5709468524251806,0.055263157894736833,0.9803921568627451,1.0,1.0,0,0,0,86,231,16067,0.0,0.0,0.0,0.9806518554686902,0.0
small,2000,17,CNN raster + Hough fusion,4,3,1,0.2069728242174063,0.07322936972059779,0.4950980392156863,0.0,0.75,1,0,1,90,556,15737,0.01098901098889023,0.001795332136442019,0.0030864195116550638,0.9605712890624414,0.0015455950540934381
small,2000,18,CNN raster + Hough fusion,3,3,0,0.6697859898721967,0.3182983682983683,0.8827586206896552,1.0,1.0,0,0,0,148,249,15987,0.0,0.0,0.0,0.9757690429686904,0.0
small,2000,19,CNN raster + Hough fusion,2,2,0,0.5738264006791172,0.09973118279569891,0.8947368421052632,1.0,1.0,0,0,3,49,94,16238,0.05769230769119823,0.030927835051227547,0.04026845592090447,0.9912719726561895,0.020547945205338713
small,2000,20,CNN raster + Hough fusion,1,1,0,0.49375,0.0,0.71875,1.0,1.0,0,0,3,42,62,16277,0.06666666666518518,0.04615384615313609,0.05454545406099174,0.9936523437499393,0.02803738317730806
small,2000,21,CNN raster + Hough fusion,4,4,0,0.5106382978723404,0.0,0.8031914893617021,1.0,1.0,0,0,9,133,644,15598,0.0633802816896945,0.013782542113302017,0.022641509140480208,0.9525756835936918,0.011450381679374745
small,2000,22,CNN raster + Hough fusion,3,2,1,0.4719054054054054,0.03666666666666666,0.6936936936936937,1.0,0.6666666666666667,0,0,5,66,166,16147,0.07042253521027574,0.029239766081700355,0.041322313634621965,0.9858398437499398,0.021097046413413093
small,2000,23,CNN raster + Hough fusion,1,1,0,0.6777380952380953,0.29444444444444445,0.9761904761904762,1.0,1.0,0,0,0,41,43,16300,0.0,0.0,0.0,0.9948730468749393,0.0
small,2000,24,CNN raster + Hough fusion,1,1,0,0.5161016949152543,0.0,0.8305084745762712,1.0,1.0,0,0,0,50,60,16274,0.0,0.0,0.0,0.9932861328124394,0.0
small,2000,25,CNN raster + Hough fusion,4,3,1,0.5211363636363637,0.07222222222222223,0.8181818181818181,1.0,0.75,0,0,2,98,253,16031,0.0199999999998,0.007843137254871204,0.011267605229057742,0.9785766601561903,0.005665722379587349
small,2000,26,CNN raster + Hough fusion,1,1,0,0.475925925925926,0.0,0.6296296296296297,1.0,1.0,0,0,0,21,18,16345,0.0,0.0,0.0,0.997619628906189,0.0
small,2000,27,CNN raster + Hough fusion,3,2,1,0.5423758434547908,0.20812865497076025,0.6602564102564102,1.0,0.6666666666666667,0,0,13,92,434,15845,0.12380952380834467,0.02908277404915194,0.04710144896712219,0.9678955078124409,0.024118738404407942
small,2000,28,CNN raster + Hough fusion,4,3,1,0.300169964028777,0.0975,0.9064748201438849,0.0,0.75,0,1,0,123,329,15932,0.0,0.0,0.0,0.9724121093749406,0.0
small,2000,29,CNN raster + Hough fusion,1,1,0,0.4666666666666667,0.0,0.5833333333333333,1.0,1.0,0,0,0,20,15,16349,0.0,0.0,0.0,0.997863769531189,0.0
small,2000,30,CNN raster + Hough fusion,2,2,0,0.5296610169491526,0.0,0.8983050847457628,1.0,1.0,0,0,0,57,85,16242,0.0,0.0,0.0,0.9913330078124395,0.0
small,2000,31,CNN raster + Hough fusion,3,3,0,0.4642857142857143,0.0,0.5714285714285714,1.0,1.0,0,0,11,84,518,15771,0.11578947368299168,0.020793950850622318,0.0352564099981663,0.9632568359374412,0.01794453507338019
small,2000,32,CNN raster + Hough fusion,4,4,0,0.35252577874247515,0.15337916467399967,0.9175257731958762,0.0,1.0,0,1,38,132,410,15804,0.22352941176339103,0.08482142857123924,0.12297734587909637,0.9669189453124409,0.06551724137919739
small,2000,33,CNN raster + Hough fusion,3,3,0,0.7053333333333334,0.3777777777777778,0.9266666666666666,1.0,1.0,0,0,0,135,381,15868,0.0,0.0,0.0,0.9685058593749408,0.0
small,2000,34,CNN raster + Hough fusion,3,3,0,0.45134615384615384,0.36481481481481487,0.9358974358974359,0.0,1.0,0,1,0,135,326,15923,0.0,0.0,0.0,0.9718627929686906,0.0
small,2000,35,CNN raster + Hough fusion,1,1,0,0.5370454545454545,0.03181818181818179,0.8636363636363636,1.0,1.0,0,0,2,33,43,16306,0.057142857141224496,0.04444444444345679,0.04999999950656251,0.9953613281249393,0.02564102564069691
small,2000,36,CNN raster + Hough fusion,2,2,0,0.2502103773584906,0.020911949685534587,0.704,0.0,1.0,1,0,4,75,122,16183,0.05063291139176414,0.03174603174577979,0.03902438976980369,0.9879760742186897,0.019900497512338803
small,2000,37,CNN raster + Hough fusion,1,1,0,0.4722222222222222,0.0,0.6111111111111112,1.0,1.0,0,0,0,33,152,16199,0.0,0.0,0.0,0.9887084960936896,0.0
small,2000,38,CNN raster + Hough fusion,5,4,1,0.2546306499877026,0.1298098528255252,0.5810810810810811,0.0,0.8,2,0,18,152,932,15282,0.10588235294055363,0.018947368421032687,0.032142856885306124,0.9338378906249429,0.016333938293996066
small,2000,39,CNN raster + Hough fusion,2,2,0,0.5114457831325301,0.0,0.8072289156626506,1.0,1.0,0,0,3,56,194,16131,0.05084745762625682,0.015228426395861786,0.02343749964511109,0.9847412109374398,0.011857707509834555
small,2000,40,CNN raster + Hough fusion,5,4,1,0.27175708003859783,0.12042431660546715,0.6878306878306879,0.0,0.8,2,0,32,90,533,15729,0.2622950819650631,0.05663716814149268,0.0931586605518837,0.9619750976561913,0.04885496183198648
small,2000,41,CNN raster + Hough fusion,1,1,0,0.47285714285714286,0.0,0.6142857142857143,1.0,1.0,0,0,0,42,215,16127,0.0,0.0,0.0,0.9843139648436899,0.0
small,2000,42,CNN raster + Hough fusion,1,1,0,0.4928571428571429,0.0,0.7142857142857143,1.0,1.0,0,0,2,38,111,16233,0.04999999999875,0.01769911504409116,0.026143790463155205,0.9909057617186895,0.013245033112495067
small,2000,43,CNN raster + Hough fusion,4,4,0,0.2510787411526795,0.06036821705426356,0.6195652173913043,0.0,1.0,2,0,13,130,415,15826,0.09090909090845518,0.030373831775629967,0.04553415023736279,0.9667358398436909,0.023297491039384773
small,2000,44,CNN raster + Hough fusion,5,4,1,0.31437768820507783,0.13468265867066465,0.8688524590163934,0.0,0.8,1,0,0,94,259,16031,0.0,0.0,0.0,0.9784545898436903,0.0
small,2000,45,CNN raster + Hough fusion,5,5,0,0.40719118398707366,0.32466451959205583,0.8054607508532423,0.0,1.0,1,5,6,198,688,15492,0.02941176470573818,0.008645533141197917,0.013363028602070436,0.9459228515624423,0.0067264573990955985
small,2000,46,CNN raster + Hough fusion,5,4,1,0.3341267942583732,0.25000000000000006,0.708133971291866,0.0,0.8,1,1,13,129,456,15786,0.09154929577400318,0.027718550106550707,0.04255319113243563,0.9642944335936912,0.021739130434746255
small,2000,47,CNN raster + Hough fusion,2,1,1,0.39756097560975606,0.0,0.4878048780487805,1.0,0.5,0,0,0,39,231,16114,0.0,0.0,0.0,0.9835205078124399,0.0
small,2000,48,CNN raster + Hough fusion,2,2,0,0.5502712264150944,0.12638888888888888,0.7169811320754718,1.0,1.0,0,0,0,42,40,16302,0.0,0.0,0.0,0.9949951171874393,0.0
small,2000,49,CNN raster + Hough fusion,4,3,1,0.335857441471572,0.25891025641025645,0.7217391304347827,0.0,0.75,0,2,0,133,636,15615,0.0,0.0,0.0,0.9530639648436918,0.0
small,2000,50,CNN raster + Hough fusion,4,3,1,0.29797275641025645,0.07384259259259258,0.9487179487179487,0.0,0.75,0,1,14,95,369,15906,0.1284403669712987,0.0365535248040821,0.0569105687605344,0.9716796874999407,0.02928870292880902
small,2000,51,CNN raster + Hough fusion,2,2,0,0.5081395348837209,0.0,0.7906976744186046,1.0,1.0,0,0,7,59,246,16072,0.10606060605899907,0.027667984189613963,0.04388714700696731,0.98138427734369,0.022435897435825528
small,2000,52,CNN raster + Hough fusion,3,2,1,0.16765676567656768,0.0,0.504950495049505,0.0,0.6666666666666667,1,0,9,92,422,15861,0.08910891089020684,0.020881670533594243,0.03383458615842473,0.9686279296874408,0.01720841300187914
small,2000,53,CNN raster + Hough fusion,2,1,1,0.3784810126582278,0.0,0.3924050632911392,1.0,0.5,0,0,0,28,193,16163,0.0,0.0,0.0,0.9865112304686897,0.0
small,2000,54,CNN raster + Hough fusion,5,4,1,0.365225,0.2925,0.768,0.0,0.8,1,4,8,145,298,15933,0.05228758169900466,0.026143790849587765,0.03485838735496794,0.9729614257811906,0.017738359201734506
small,2000,55,CNN raster + Hough fusion,4,3,1,0.5605714285714286,0.12666666666666668,0.8928571428571429,1.0,0.75,0,0,0,85,177,16122,0.0,0.0,0.0,0.9840087890624399,0.0
small,2000,56,CNN raster + Hough fusion,4,3,1,0.5382692307692307,0.11923076923076924,0.7980769230769231,1.0,0.75,0,0,0,77,105,16202,0.0,0.0,0.0,0.9888916015624396,0.0
small,2000,57,CNN raster + Hough fusion,4,4,0,0.3823950617283951,0.34222222222222226,0.6419753086419753,0.0,1.0,3,4,9,149,558,15668,0.056962025316095184,0.015873015872987877,0.02482758586595387,0.9568481445311916,0.012569832402217082
small,2000,58,CNN raster + Hough fusion,1,1,0,0.475,0.0,0.625,1.0,1.0,0,0,0,33,173,16178,0.0,0.0,0.0,0.9874267578124397,0.0
small,2000,59,CNN raster + Hough fusion,3,3,0,0.3134078590785908,0.09769647696476964,0.8472222222222222,0.0,1.0,1,0,8,104,226,16046,0.07142857142793367,0.034188034187888086,0.04624277412837048,0.9798583984374402,0.023668639053184413
small,2000,60,CNN raster + Hough fusion,2,1,1,0.5268144283121597,0.18219298245614035,0.7241379310344828,1.0,0.5,0,0,0,43,144,16197,0.0,0.0,0.0,0.9885864257811896,0.0
small,2000,61,CNN raster + Hough fusion,5,4,1,0.5050651702450661,0.0787611749680715,0.6981132075471699,1.0,0.8,0,0,13,167,657,15547,0.072222222221821,0.019402985074597905,0.03058823496020485,0.949707031249942,0.015531660692932459
small,2000,62,CNN raster + Hough fusion,2,2,0,0.4774074074074074,0.0,0.6370370370370371,1.0,1.0,0,0,1,82,252,16049,0.012048192770939178,0.003952569169944852,0.005952380580339452,0.9796142578124402,0.0029850746268567613
small,2000,63,CNN raster + Hough fusion,2,2,0,0.4915730337078652,0.0,0.7078651685393258,1.0,1.0,0,0,3,49,279,16053,0.05769230769119823,0.010638297872302702,0.01796407159328051,0.9799804687499402,0.009063444108733948
small,2000,64,CNN raster + Hough fusion,4,3,1,0.49051724137931035,0.0,0.8275862068965517,1.0,0.75,0,0,0,93,371,15920,0.0,0.0,0.0,0.9716796874999407,0.0
small,2000,65,CNN raster + Hough fusion,3,2,1,0.45271184902921424,0.04949494949494949,0.5688622754491017,1.0,0.6666666666666667,0,0,3,93,443,15845,0.03124999999967448,0.006726457399088058,0.011070110409566873,0.9672851562499409,0.0055658627087095255
small,2000,66,CNN raster + Hough fusion,5,4,1,0.3415599112869388,0.30279712548369264,0.6265060240963856,0.0,0.8,4,2,20,156,696,15512,0.11363636363571798,0.027932960893815736,0.0448430490104969,0.9479980468749422,0.02293577981648746
small,2000,67,CNN raster + Hough fusion,5,5,0,0.29750969260592636,0.0963768115942029,0.7707006369426752,0.0,1.0,1,0,15,226,696,15447,0.06224066390015668,0.021097046413472438,0.031512604663819214,0.9437255859374424,0.016008537886855915
small,2000,68,CNN raster + Hough fusion,4,3,1,0.5322858099062919,0.08580246913580246,0.8433734939759037,1.0,0.75,0,0,21,119,418,15826,0.14999999999892857,0.04783599088827372,0.07253885973671478,0.9672241210936909,0.03763440860208309
small,2000,69,CNN raster + Hough fusion,1,1,0,0.49193548387096775,0.0,0.7096774193548387,1.0,1.0,0,0,0,42,63,16279,0.0,0.0,0.0,0.9935913085936894,0.0
small,2000,70,CNN raster + Hough fusion,2,2,0,0.603095238095238,0.18571428571428572,0.8476190476190476,1.0,1.0,0,0,0,91,346,15947,0.0,0.0,0.0,0.9733276367186906,0.0
small,2000,71,CNN raster + Hough fusion,1,1,0,0.7075,0.35,1.0,1.0,1.0,0,0,0,31,101,16252,0.0,0.0,0.0,0.9919433593749394,0.0
small,2000,72,CNN raster + Hough fusion,2,2,0,0.48942197147115174,0.012568306010928964,0.6688311688311688,1.0,1.0,0,0,2,98,238,16046,0.0199999999998,0.008333333333298611,0.011764705467058838,0.9794921874999402,0.005917159763296103
small,2000,73,CNN raster + Hough fusion,5,4,1,0.2535226264418811,0.13526570048309178,0.563265306122449,0.0,0.8,1,0,0,121,681,15582,0.0,0.0,0.0,0.9510498046874419,0.0
small,2000,74,CNN raster + Hough fusion,4,4,0,0.24596774193548387,0.0,0.7298387096774194,0.0,1.0,1,0,17,157,622,15588,0.09770114942472587,0.02660406885754835,0.04182041786764584,0.9524536132811918,0.02135678391957116
small,2000,75,CNN raster + Hough fusion,3,3,0,0.2734366603359094,0.06931260229132569,0.7112299465240641,0.0,1.0,1,0,15,117,574,15678,0.11363636363550277,0.025466893039005997,0.04160887626109522,0.9578247070311915,0.021246458923482654
small,2000,76,CNN raster + Hough fusion,3,2,1,0.45310077519379843,0.0,0.6821705426356589,1.0,0.6666666666666667,0,0,2,85,378,15919,0.0229885057468622,0.005263157894722992,0.008565310189289705,0.9717407226561907,0.004301075268807955
small,2000,77,CNN raster + Hough fusion,5,5,0,0.2510489510489511,0.0,0.7552447552447552,0.0,1.0,1,0,5,192,645,15542,0.025380710659769642,0.0076923076922958585,0.011806375085732141,0.948913574218692,0.005938242280277983
small,2000,78,CNN raster + Hough fusion,3,2,1,0.4744131455399061,0.0,0.7887323943661972,1.0,0.6666666666666667,0,0,0,49,156,16179,0.0,0.0,0.0,0.9874877929686897,0.0
small,2000,79,CNN raster + Hough fusion,5,5,0,0.2877975639839655,0.08478260869565218,0.74822695035461,0.0,1.0,2,0,7,170,327,15880,0.03954802259864662,0.02095808383227258,0.027397259821063804,0.9696655273436908,0.013888888888861332
small,2000,80,CNN raster + Hough fusion,2,2,0,0.4772727272727273,0.0,0.6363636363636364,1.0,1.0,0,0,0,55,37,16292,0.0,0.0,0.0,0.9943847656249393,0.0
small,2000,81,CNN raster + Hough fusion,2,1,1,0.4111111111111111,0.0,0.5555555555555556,1.0,0.5,0,0,0,41,78,16265,0.0,0.0,0.0,0.9927368164061894,0.0
small,2000,82,CNN raster + Hough fusion,3,3,0,0.46553685539369016,0.39181177446102816,0.9461077844311377,0.0,1.0,1,2,0,142,263,15979,0.0,0.0,0.0,0.9752807617186905,0.0
small,2000,83,CNN raster + Hough fusion,3,3,0,0.6627163091146142,0.25856149500217296,0.9818181818181818,1.0,1.0,0,0,3,161,374,15846,0.018292682926717728,0.007957559681676505,0.011090572590403903,0.9673461914061909,0.005576208178428297
small,2000,84,CNN raster + Hough fusion,1,1,0,0.4896825396825397,0.0,0.6984126984126984,1.0,1.0,0,0,0,44,198,16142,0.0,0.0,0.0,0.9852294921874398,0.0
small,2000,85,CNN raster + Hough fusion,5,4,1,0.4960606060606061,0.0,0.8303030303030303,1.0,0.8,0,0,5,111,382,15886,0.04310344827549049,0.01291989664079349,0.01988071535082152,0.9699096679686908,0.01004016064255012
small,2000,86,CNN raster + Hough fusion,1,1,0,0.6727777777777778,0.28518518518518515,0.9722222222222222,1.0,1.0,0,0,0,32,37,16315,0.0,0.0,0.0,0.9957885742186892,0.0
small,2000,87,CNN raster + Hough fusion,5,4,1,0.28102857142857146,0.12133333333333333,0.7321428571428572,0.0,0.8,1,0,15,147,535,15687,0.09259259259202104,0.027272727272677686,0.04213483110903769,0.9583740234374415,0.021520803443297674
small,2000,88,CNN raster + Hough fusion,4,4,0,0.472982473940856,0.41875869141983035,0.9227053140096618,0.0,1.0,0,3,0,200,338,15846,0.0,0.0,0.0,0.9671630859374409,0.0
small,2000,89,CNN raster + Hough fusion,1,1,0,0.4712121212121212,0.0,0.6060606060606061,1.0,1.0,0,0,0,40,207,16137,0.0,0.0,0.0,0.9849243164061898,0.0
small,2000,90,CNN raster + Hough fusion,3,2,1,0.47878571428571426,0.0373015873015873,0.7266666666666667,1.0,0.6666666666666667,0,0,0,110,431,15843,0.0,0.0,0.0,0.9669799804686909,0.0
small,2000,91,CNN raster + Hough fusion,5,4,1,0.18416408668730655,0.033333333333333326,0.44582043343653255,0.0,0.8,2,0,12,120,682,15570,0.09090909090840221,0.017291066282395833,0.029055689804032385,0.9510498046874419,0.014742014741996632
small,2000,92,CNN raster + Hough fusion,2,2,0,0.19910714285714287,0.0,0.4955357142857143,0.0,1.0,1,0,6,76,437,15865,0.07317073170642474,0.013544018058660172,0.022857142593465763,0.9686889648436908,0.011560693641596223
small,2000,93,CNN raster + Hough fusion,3,3,0,0.5110169491525424,0.0,0.8050847457627118,1.0,1.0,0,0,10,75,261,16038,0.11764705882214532,0.036900369003553875,0.05617977491707171,0.9794921874999402,0.028901734103962712
small,2000,94,CNN raster + Hough fusion,4,3,1,0.4420305676855895,0.0,0.5851528384279476,1.0,0.75,0,0,5,106,612,15661,0.045045045044639236,0.00810372771473565,0.013736263477776694,0.9561767578124416,0.006915629322258762
small,2000,95,CNN raster + Hough fusion,5,4,1,0.2887743764172336,0.14950617283950618,0.7074829931972789,0.0,0.8,4,0,11,190,334,15849,0.05472636815893171,0.03188405797092208,0.04029303982767112,0.9680175781249409,0.02056074766351297
small,2000,96,CNN raster + Hough fusion,2,2,0,0.4990833333333333,0.03499999999999999,0.6666666666666667,1.0,1.0,0,0,1,49,211,16123,0.0199999999996,0.004716981132053222,0.007633587477361472,0.9841308593749399,0.0038314176245063934
small,2000,97,CNN raster + Hough fusion,2,2,0,0.5740349264705883,0.1579861111111111,0.7647058823529411,1.0,1.0,0,0,0,90,304,15990,0.0,0.0,0.0,0.9759521484374404,0.0
small,2000,98,CNN raster + Hough fusion,2,2,0,0.22477064220183487,0.0,0.6238532110091743,0.0,1.0,1,0,3,52,166,16163,0.054545454544462815,0.01775147928983579,0.02678571391497928,0.9866943359374397,0.01357466063342274
small,2000,99,CNN raster + Hough fusion,1,1,0,0.617,0.26,0.75,1.0,1.0,0,0,0,19,74,16291,0.0,0.0,0.0,0.9943237304686893,0.0
small,2000,100,CNN raster + Hough fusion,5,4,1,0.25085832861724205,0.12735542560103963,0.567741935483871,0.0,0.8,1,0,0,160,475,15749,0.0,0.0,0.0,0.9612426757811913,0.0
small,2000,101,CNN raster + Hough fusion,5,4,1,0.3454554394357074,0.3057693375534455,0.6392961876832844,0.0,0.8,4,4,8,186,748,15442,0.041237113401849296,0.010582010581996584,0.016842104938105267,0.9429931640624424,0.008492569002114127
small,2000,102,CNN raster + Hough fusion,2,2,0,0.8161263736263736,0.65,0.8681318681318682,1.0,1.0,0,0,0,71,129,16184,0.0,0.0,0.0,0.9877929687499397,0.0
small,2000,103,CNN raster + Hough fusion,3,3,0,0.5063723404255319,0.000827423167848701,0.78,1.0,1.0,0,0,0,108,469,15807,0.0,0.0,0.0,0.964782714843691,0.0
small,2000,104,CNN raster + Hough fusion,4,3,1,0.3189299242424243,0.2011574074074074,0.7670454545454546,0.0,0.75,0,1,0,130,463,15791,0.0,0.0,0.0,0.9638061523436912,0.0
small,2000,105,CNN raster + Hough fusion,2,1,1,0.39108910891089105,0.0,0.4554455445544554,1.0,0.5,0,0,0,46,183,16155,0.0,0.0,0.0,0.9860229492186898,0.0
small,2000,106,CNN raster + Hough fusion,2,2,0,0.4970588235294118,0.0,0.7352941176470589,1.0,1.0,0,0,6,60,356,15962,0.0909090909077135,0.01657458563531333,0.0280373829165866,0.9746093749999405,0.014218009478639293
small,2000,107,CNN raster + Hough fusion,3,3,0,0.6035114145546641,0.18294438639266222,0.8559322033898304,1.0,1.0,0,0,27,74,346,15937,0.2673267326706205,0.07238605898103918,0.11392405029707668,0.9743652343749405,0.060402684563623264
small,2000,108,CNN raster + Hough fusion,5,4,1,0.20945306286971777,0.02419175027870679,0.5928338762214984,0.0,0.8,1,0,12,139,588,15645,0.0794701986749704,0.019999999999966666,0.03195738982511024,0.9556274414061916,0.016238159675214834
small,2000,109,CNN raster + Hough fusion,1,1,0,0.4844827586206897,0.0,0.6724137931034483,1.0,1.0,0,0,10,28,169,16177,0.2631578947299169,0.0558659217873974,0.09216589832776233,0.9879760742186897,0.048309178743727976
small,2000,110,CNN raster + Hough fusion,1,1,0,0.4445454545454546,0.0,0.4727272727272728,1.0,1.0,0,0,0,22,174,16188,0.0,0.0,0.0,0.9880371093749397,0.0
small,2000,111,CNN raster + Hough fusion,4,3,1,0.2525999827243673,0.17538126361655773,0.49339207048458145,0.0,0.75,2,0,6,90,455,15833,0.06249999999934896,0.01301518438175051,0.02154398535197213,0.9667358398436909,0.010889292195987497
small,2000,112,CNN raster + Hough fusion,2,2,0,0.5991203703703704,0.175,0.8518518518518519,1.0,1.0,0,0,6,49,94,16235,0.10909090908892563,0.0599999999994,0.07741935437985432,0.9912719726561895,0.04026845637556867
small,2000,113,CNN raster + Hough fusion,5,4,1,0.25645225843339053,0.11818181818181818,0.6163522012578616,0.0,0.8,2,0,31,167,975,15211,0.15656565656486585,0.03081510934390575,0.0514950163363953,0.9302978515624432,0.026427962489321034
small,2000,114,CNN raster + Hough fusion,1,1,0,0.6221829810901002,0.1890804597701149,0.935483870967742,1.0,1.0,0,0,0,26,30,16328,0.0,0.0,0.0,0.9965820312499392,0.0
small,2000,115,CNN raster + Hough fusion,2,2,0,0.5437336333878887,0.150177304964539,0.6307692307692307,1.0,1.0,0,0,0,83,478,15823,0.0,0.0,0.0,0.965759277343691,0.0
small,2000,116,CNN raster + Hough fusion,4,3,1,0.5238640338438268,0.07327235772357724,0.8294573643410853,1.0,0.75,0,0,2,95,263,16024,0.020618556700818365,0.007547169811292275,0.011049723364534064,0.9781494140624403,0.005555555555540124
small,2000,117,CNN raster + Hough fusion,1,1,0,0.4642857142857143,0.0,0.5714285714285714,1.0,1.0,0,0,0,27,17,16340,0.0,0.0,0.0,0.997314453124939,0.0
small,2000,118,CNN raster + Hough fusion,3,3,0,0.6564084302325581,0.25382428940568474,0.9609375,1.0,1.0,0,0,6,118,355,15905,0.04838709677380333,0.01662049861491241,0.02474226766052929,0.9711303710936907,0.012526096033376772
small,2000,119,CNN raster + Hough fusion,4,4,0,0.6754229581331503,0.2818697729988053,0.9929078014184397,1.0,1.0,0,0,0,140,343,15901,0.0,0.0,0.0,0.9705200195311907,0.0
small,2000,120,CNN raster + Hough fusion,5,4,1,0.24086913045962594,0.0799287659752776,0.6245059288537549,0.0,0.8,2,0,7,135,373,15869,0.049295774647540175,0.01842105263153047,0.026819922975484804,0.9689941406249408,0.013592233009682346
small,2000,121,CNN raster + Hough fusion,3,3,0,0.3446666666666667,0.17333333333333334,0.8333333333333334,0.0,1.0,1,1,0,117,318,15949,0.0,0.0,0.0,0.9734497070311906,0.0
small,2000,122,CNN raster + Hough fusion,1,1,0,0.4810344827586207,0.0,0.6551724137931034,1.0,1.0,0,0,0,22,20,16342,0.0,0.0,0.0,0.997436523437439,0.0
small,2000,123,CNN raster + Hough fusion,5,5,0,0.26057575757575757,0.07090909090909091,0.6433333333333333,0.0,1.0,1,0,7,159,735,15483,0.04216867469854116,0.00943396226413823,0.015418501903816304,0.9454345703124423,0.007769145393998036
small,2000,124,CNN raster + Hough fusion,2,2,0,0.5677116402116402,0.09285714285714285,0.8796296296296297,1.0,1.0,0,0,0,95,327,15962,0.0,0.0,0.0,0.9742431640624405,0.0
small,2000,125,CNN raster + Hough fusion,2,2,0,0.5887029780564264,0.13964646464646463,0.8793103448275862,1.0,1.0,0,0,0,48,127,16209,0.0,0.0,0.0,0.9893188476561896,0.0
small,2000,126,CNN raster + Hough fusion,1,1,0,0.5325,0.016666666666666684,0.875,1.0,1.0,0,0,0,29,21,16334,0.0,0.0,0.0,0.9969482421874392,0.0
small,2000,127,CNN raster + Hough fusion,2,2,0,0.5719196428571428,0.13124999999999998,0.8142857142857143,1.0,1.0,0,0,0,52,147,16185,0.0,0.0,0.0,0.9878540039061897,0.0
small,2000,128,CNN raster + Hough fusion,3,3,0,0.24404145077720207,0.0,0.7202072538860104,0.0,1.0,2,0,2,134,432,15816,0.014705882352833046,0.004608294930864958,0.007017543496288108,0.965454101562441,0.0035211267605571813
small,2000,129,CNN raster + Hough fusion,5,4,1,0.4858823529411765,0.0,0.7794117647058824,1.0,0.8,0,0,6,144,391,15843,0.03999999999973334,0.015113350125906515,0.021937842380663694,0.9673461914061909,0.011090573012918502
small,2000,130,CNN raster + Hough fusion,4,4,0,0.2726708754208754,0.10088477366255143,0.6363636363636364,0.0,1.0,1,0,13,118,623,15630,0.09923664122061653,0.020440251572294905,0.03389830480140883,0.9547729492186917,0.01724137931032196
small,2000,131,CNN raster + Hough fusion,2,1,1,0.39494949494949494,0.0,0.4747474747474747,1.0,0.5,0,0,0,47,311,16026,0.0,0.0,0.0,0.9781494140624403,0.0
small,2000,132,CNN raster + Hough fusion,3,2,1,0.48405797101449277,0.0,0.8369565217391304,1.0,0.6666666666666667,0,0,0,77,235,16072,0.0,0.0,0.0,0.98095703124994,0.0
small,2000,133,CNN raster + Hough fusion,3,3,0,0.5092592592592593,0.0,0.7962962962962963,1.0,1.0,0,0,0,76,165,16143,0.0,0.0,0.0,0.9852905273436898,0.0
small,2000,134,CNN raster + Hough fusion,4,3,1,0.4936608609924417,0.034640522875816995,0.7653631284916201,1.0,0.75,0,0,6,130,414,15834,0.04411764705849914,0.014285714285680273,0.021582733443325924,0.9667968749999409,0.010909090909071075
small,2000,135,CNN raster + Hough fusion,3,3,0,0.5966853743978981,0.17542986425339363,0.8387096774193549,1.0,1.0,0,0,0,87,236,16061,0.0,0.0,0.0,0.9802856445311902,0.0
small,2000,136,CNN raster + Hough fusion,4,3,1,0.342496835443038,0.195,0.8987341772151899,0.0,0.75,0,2,0,130,330,15924,0.0,0.0,0.0,0.9719238281249406,0.0
small,2000,137,CNN raster + Hough fusion,1,1,0,0.509090909090909,0.0,0.7954545454545454,1.0,1.0,0,0,0,34,164,16186,0.0,0.0,0.0,0.9879150390624397,0.0
small,2000,138,CNN raster + Hough fusion,4,4,0,0.2831529973649539,0.07689393939393939,0.7427536231884058,0.0,1.0,2,0,17,181,567,15619,0.08585858585815223,0.029109589041046047,0.04347826049127754,0.9543457031249417,0.022222222222193173
small,2000,139,CNN raster + Hough fusion,3,3,0,0.25250000000000006,0.01296296296296297,0.7333333333333334,0.0,1.0,1,0,2,94,364,15924,0.02083333333311632,0.00546448087430201,0.008658008328741978,0.9720458984374406,0.00434782608694707
small,2000,140,CNN raster + Hough fusion,1,1,0,0.44253731343283587,0.0,0.4626865671641791,1.0,1.0,0,0,0,32,206,16146,0.0,0.0,0.0,0.9854736328124398,0.0
small,2000,141,CNN raster + Hough fusion,5,4,1,0.31757518796992484,0.09285714285714285,0.9789473684210527,0.0,0.8,0,2,0,178,458,15748,0.0,0.0,0.0,0.9611816406249413,0.0
small,2000,142,CNN raster + Hough fusion,5,4,1,0.26282306830907054,0.1504255319148936,0.575657894736842,0.0,0.8,0,1,0,168,633,15583,0.0,0.0,0.0,0.9511108398436919,0.0
small,2000,143,CNN raster + Hough fusion,5,4,1,0.2084815488891678,0.02956989247311827,0.5758754863813229,0.0,0.8,3,0,12,115,545,15712,0.09448818897563395,0.021543985637304232,0.03508771899574656,0.9597167968749414,0.017857142857116284
small,2000,144,CNN raster + Hough fusion,5,4,1,0.25228212290502794,0.07,0.7039106145251397,0.0,0.8,1,0,2,106,315,15961,0.01851851851834705,0.0063091482649643245,0.00941176432675434,0.9743041992186905,0.004728132387695678
small,2000,145,CNN raster + Hough fusion,2,2,0,0.5294392523364486,0.0,0.897196261682243,1.0,1.0,0,0,3,86,164,16131,0.033707865168160586,0.017964071856179858,0.023437499546234142,0.9847412109374398,0.011857707509834555
small,2000,146,CNN raster + Hough fusion,3,3,0,0.24093264248704666,0.0,0.7046632124352332,0.0,1.0,1,0,5,122,364,15893,0.03937007873984748,0.013550135501318292,0.020161289941524135,0.9703369140624407,0.010183299388981297
small,2000,147,CNN raster + Hough fusion,1,1,0,0.505,0.0,0.775,1.0,1.0,0,0,0,25,85,16274,0.0,0.0,0.0,0.9932861328124394,0.0
small,2000,148,CNN raster + Hough fusion,4,3,1,0.473142852043592,0.08155570216431175,0.5572139303482587,1.0,0.75,0,0,3,101,323,15957,0.02884615384587648,0.009202453987701833,0.01395348800530017,0.9741210937499405,0.007025761124105326
small,2000,149,CNN raster + Hough fusion,3,3,0,0.49193548387096775,0.0,0.7096774193548387,1.0,1.0,0,0,0,107,441,15836,0.0,0.0,0.0,0.9665527343749409,0.0
small,2000,150,CNN raster + Hough fusion,2,2,0,0.5038461538461538,0.0,0.7692307692307692,1.0,1.0,0,0,9,71,299,16005,0.11249999999859374,0.029220779220684348,0.0463917522497343,0.9774169921874403,0.023746701846903043
small,2000,151,CNN raster + Hough fusion,3,3,0,0.23229166666666667,0.0,0.6614583333333333,0.0,1.0,1,0,5,112,453,15814,0.04273504273467748,0.010917030567661754,0.017391304023615887,0.965515136718691,0.008771929824546014
small,2000,152,CNN raster + Hough fusion,1,1,0,0.6671774193548387,0.2747311827956989,0.967741935483871,1.0,1.0,0,0,0,27,102,16255,0.0,0.0,0.0,0.9921264648436894,0.0
small,2000,153,CNN raster + Hough fusion,4,4,0,0.4017633928571429,0.24201388888888886,0.9642857142857143,0.0,1.0,0,1,41,151,406,15786,0.2135416666655545,0.09172259507809458,0.12832550818642197,0.966003417968691,0.06856187290958435
small,2000,154,CNN raster + Hough fusion,4,3,1,0.5370609789823009,0.042534722222222224,0.9646017699115044,1.0,0.75,0,0,2,100,195,16087,0.019607843137062667,0.010152284263907857,0.013377925971790038,0.98199462890619,0.006734006733984061
small,2000,155,CNN raster + Hough fusion,2,2,0,0.5241318897637796,0.06499999999999999,0.7244094488188977,1.0,1.0,0,0,3,89,396,15896,0.032608695651819466,0.007518796992462359,0.012219958962224322,0.9703979492186907,0.00614754098359396
small,2000,156,CNN raster + Hough fusion,2,2,0,0.6124531835205992,0.2037037037037037,0.8539325842696629,1.0,1.0,0,0,0,60,99,16225,0.0,0.0,0.0,0.9902954101561895,0.0
small,2000,157,CNN raster + Hough fusion,5,4,1,0.1927419378271087,0.005235958112335087,0.5519287833827893,0.0,0.8,3,0,19,136,631,15598,0.12258064516049949,0.02923076923072426,0.0472049686330373,0.9531860351561918,0.024173027989791127
small,2000,158,CNN raster + Hough fusion,4,4,0,0.4147990511690952,0.3138461538461539,0.8678414096916299,0.0,1.0,1,0,3,227,253,15901,0.013043478260812855,0.011718749999954224,0.01234567851372591,0.9707031249999407,0.006211180124210743
small,2000,159,CNN raster + Hough fusion,3,2,1,0.46578947368421053,0.0,0.7456140350877193,1.0,0.6666666666666667,0,0,0,84,306,15994,0.0,0.0,0.0,0.9761962890624404,0.0
small,2000,160,CNN raster + Hough fusion,5,4,1,0.4830208333333334,0.04375,0.6666666666666667,1.0,0.8,0,0,0,137,497,15750,0.0,0.0,0.0,0.9613037109374413,0.0
small,2000,161,CNN raster + Hough fusion,2,2,0,0.4706703910614525,0.0,0.6033519553072626,1.0,1.0,0,0,6,90,357,15931,0.06249999999934896,0.016528925619789178,0.026143790518746362,0.9727172851561906,0.013245033112553543
small,2000,162,CNN raster + Hough fusion,2,1,1,0.41738559322033897,0.06499999999999999,0.44067796610169496,1.0,0.5,0,0,20,33,292,16039,0.3773584905589178,0.06410256410235865,0.10958904084704824,0.9801635742186902,0.05797101449258559
small,2000,163,CNN raster + Hough fusion,2,2,0,0.5661807700794351,0.15246212121212122,0.7378640776699029,1.0,1.0,0,0,2,74,262,16046,0.026315789473337948,0.00757575757572888,0.01176470553515572,0.9794921874999402,0.005917159763296103
small,2000,164,CNN raster + Hough fusion,1,1,0,0.48417721518987344,0.0,0.6708860759493671,1.0,1.0,0,0,0,52,80,16252,0.0,0.0,0.0,0.9919433593749394,0.0
small,2000,165,CNN raster + Hough fusion,1,1,0,0.4966666666666667,0.0,0.7333333333333334,1.0,1.0,0,0,0,25,23,16336,0.0,0.0,0.0,0.9970703124999392,0.0
small,2000,166,CNN raster + Hough fusion,3,2,1,0.2540521628498728,0.049999999999999996,0.8244274809160306,0.0,0.6666666666666667,0,1,21,73,290,16000,0.2234042553167723,0.0675241157554099,0.10370370334673375,0.9778442382811903,0.054687499999857586
small,2000,167,CNN raster + Hough fusion,5,4,1,0.2902849829185147,0.17573179813255427,0.6560283687943262,0.0,0.8,3,0,49,133,602,15600,0.26923076922928996,0.07526881720418546,0.11764705848174564,0.9551391601561917,0.06249999999992028
small,2000,168,CNN raster + Hough fusion,1,1,0,0.5930869565217392,0.26,0.6304347826086957,1.0,1.0,0,0,0,27,112,16245,0.0,0.0,0.0,0.9915161132811895,0.0
small,2000,169,CNN raster + Hough fusion,3,3,0,0.5580821603427173,0.12322351421188628,0.7631578947368421,1.0,1.0,0,0,0,116,290,15978,0.0,0.0,0.0,0.9752197265624405,0.0
small,2000,170,CNN raster + Hough fusion,5,4,1,0.21750000000000003,0.0,0.6875,0.0,0.8,2,0,9,144,366,15865,0.05882352941138024,0.023999999999936,0.03409090867917098,0.9688720703124408,0.017341040462394333
small,2000,171,CNN raster + Hough fusion,3,3,0,0.5868981900452489,0.14182503770739063,0.8653846153846154,1.0,1.0,0,0,4,72,266,16042,0.052631578946675896,0.014814814814759946,0.023121386940292032,0.9793701171874402,0.011695906432714339
small,2000,172,CNN raster + Hough fusion,4,4,0,0.6133150470219436,0.16494252873563217,0.9454545454545454,1.0,1.0,0,0,0,108,319,15957,0.0,0.0,0.0,0.9739379882811905,0.0
small,2000,173,CNN raster + Hough fusion,2,2,0,0.5404279523293608,0.05384615384615383,0.8309859154929577,1.0,1.0,0,0,2,53,216,16113,0.03636363636297521,0.00917431192656342,0.01465201433015337,0.9835815429686899,0.007380073800710775
small,2000,174,CNN raster + Hough fusion,2,2,0,0.6832065217391304,0.325,0.9347826086956522,1.0,1.0,0,0,3,90,121,16170,0.03225806451578217,0.024193548386901666,0.02764976909520271,0.9871215820311897,0.01401869158871954
small,2000,175,CNN raster + Hough fusion,5,4,1,0.5487718600953895,0.11078431372549019,0.8445945945945946,1.0,0.8,0,0,6,103,372,15903,0.05504587155912802,0.01587301587297388,0.02464065673663928,0.9710083007811907,0.01247401247398654
small,2000,176,CNN raster + Hough fusion,2,2,0,0.514,0.0,0.8200000000000001,1.0,1.0,0,0,1,71,239,16073,0.013888888888695987,0.0041666666666493055,0.006410256055185753,0.98107910156244,0.003215434083590947
small,2000,177,CNN raster + Hough fusion,2,2,0,0.4977934782608696,0.45500000000000007,0.9652173913043478,0.0,1.0,0,1,0,86,275,16023,0.0,0.0,0.0,0.9779663085936903,0.0
small,2000,178,CNN raster + Hough fusion,3,2,1,0.43974358974358974,0.0,0.6153846153846154,1.0,0.6666666666666667,0,0,4,56,262,16062,0.06666666666555555,0.015037593984905874,0.024539877000112915,0.9805908203124402,0.012422360248408627
small,2000,179,CNN raster + Hough fusion,4,3,1,0.2811468855218855,0.06098484848484849,0.8935185185185185,0.0,0.75,0,1,0,184,638,15562,0.0,0.0,0.0,0.949829101562442,0.0
small,2000,180,CNN raster + Hough fusion,5,5,0,0.369688367329275,0.15810715854194116,0.9927007299270073,0.0,1.0,1,0,7,118,312,15947,0.055999999999552,0.02194357366764281,0.031531531126846445,0.9737548828124405,0.016018306636118952
small,2000,181,CNN raster + Hough fusion,1,1,0,0.5125,0.0,0.8125,1.0,1.0,0,0,0,32,27,16325,0.0,0.0,0.0,0.9963989257811892,0.0
small,2000,182,CNN raster + Hough fusion,5,3,2,0.206786078098472,0.11543859649122806,0.4741935483870968,0.0,0.6,2,0,7,140,778,15459,0.04761904761872368,0.00891719745221794,0.015021458961739493,0.9439697265624424,0.0075675675675593865
small,2000,183,CNN raster + Hough fusion,4,4,0,0.5552062841530054,0.065,0.8797814207650273,1.0,1.0,0,0,10,152,509,15713,0.061728395061347356,0.019267822735993704,0.029368575261404045,0.9596557617186914,0.014903129657205808
small,2000,184,CNN raster + Hough fusion,2,2,0,0.7234000630517023,0.43269230769230765,0.8934426229508197,1.0,1.0,0,0,0,111,380,15893,0.0,0.0,0.0,0.9700317382811907,0.0
small,2000,185,CNN raster + Hough fusion,4,4,0,0.6329737394957983,0.23771942110177405,0.88,1.0,1.0,0,0,0,200,488,15696,0.0,0.0,0.0,0.9580078124999415,0.0
small,2000,186,CNN raster + Hough fusion,3,3,0,0.5533152173913044,0.049033816425120766,0.90625,1.0,1.0,0,0,3,74,150,16157,0.03896103896053297,0.019607843137126747,0.02608695607610587,0.9863281249999398,0.013215859030778786
small,2000,187,CNN raster + Hough fusion,5,4,1,0.19608391608391612,0.0,0.5804195804195804,0.0,0.8,4,0,18,137,617,15612,0.1161290322573153,0.028346456692868748,0.045569619937635,0.9539794921874417,0.0233160621761356
small,2000,188,CNN raster + Hough fusion,2,2,0,0.28031564731734115,0.12073643410852712,0.6299212598425197,0.0,1.0,1,0,5,67,377,15935,0.06944444444347994,0.01308900523556783,0.0220264314510858,0.9729003906249406,0.011135857460999697
small,2000,189,CNN raster + Hough fusion,3,3,0,0.25888283213098806,0.04257067718606179,0.6986301369863014,0.0,1.0,1,0,3,89,294,15998,0.032608695651819466,0.010101010100976091,0.015424164163202738,0.9766235351561904,0.007772020725368467
small,2000,190,CNN raster + Hough fusion,2,1,1,0.4401316466552316,0.1353030303030303,0.39622641509433965,1.0,0.5,0,0,0,64,487,15833,0.0,0.0,0.0,0.9663696289061909,0.0
small,2000,191,CNN raster + Hough fusion,4,4,0,0.36071428571428577,0.2888888888888889,0.6535714285714286,0.0,1.0,1,2,7,165,586,15626,0.04069767441836804,0.011804384485646198,0.018300653246153195,0.9541625976561917,0.009234828496030034
small,2000,192,CNN raster + Hough fusion,4,4,0,0.5488900634249472,0.10606060606060606,0.7558139534883721,1.0,1.0,0,0,3,110,489,15782,0.026548672566136737,0.006097560975597363,0.009917355068085523,0.9634399414061912,0.004983388704310659
small,2000,193,CNN raster + Hough fusion,1,1,0,0.4423076923076923,0.0,0.46153846153846156,1.0,1.0,0,0,0,23,45,16316,0.0,0.0,0.0,0.9958496093749392,0.0
small,2000,194,CNN raster + Hough fusion,1,1,0,0.514179104477612,0.0,0.8208955223880597,1.0,1.0,0,0,0,55,68,16261,0.0,0.0,0.0,0.9924926757811894,0.0
small,2000,195,CNN raster + Hough fusion,4,3,1,0.21323529411764708,0.0,0.6911764705882353,0.0,0.75,1,0,13,68,251,16052,0.1604938271585124,0.04924242424223772,0.07536231848082336,0.9805297851561902,0.03915662650590616
small,2000,196,CNN raster + Hough fusion,4,3,1,0.5611205947136564,0.1625,0.8149779735682819,1.0,0.75,0,0,26,161,295,15902,0.1390374331543367,0.08099688473495016,0.10236220425879627,0.9721679687499406,0.05394190871358103
small,2000,197,CNN raster + Hough fusion,2,2,0,0.5083333333333333,0.0,0.7916666666666666,1.0,1.0,0,0,8,100,278,15998,0.0740740740733882,0.02797202797193017,0.040609136657682496,0.9769287109374404,0.020725388600982577
small,2000,198,CNN raster + Hough fusion,3,2,1,0.1705952380952381,0.030555555555555555,0.4508928571428571,0.0,0.6666666666666667,1,0,3,88,404,15889,0.03296703296667069,0.007371007370989261,0.012048192472355293,0.9699707031249408,0.006060606060593817
small,2000,199,CNN raster + Hough fusion,1,1,0,0.4833333333333334,0.0,0.6666666666666667,1.0,1.0,0,0,0,47,73,16264,0.0,0.0,0.0,0.9926757812499394,0.0
small,2000,200,CNN raster + Hough fusion,5,4,1,0.23112976782752906,0.010802469135802474,0.7313432835820896,0.0,0.8,1,0,17,128,400,15839,0.11724137930953628,0.04076738609102933,0.06049822025747521,0.9677734374999409,0.031192660550401482
small,2000,201,CNN raster + Hough fusion,4,4,0,0.4202044392523364,0.4125,0.6728971962616823,0.0,1.0,1,2,9,196,807,15372,0.043902439024176086,0.011029411764692366,0.017629774409682664,0.9387817382811927,0.00889328063240228
small,2000,202,CNN raster + Hough fusion,4,4,0,0.3147119439173519,0.08048293391430644,0.8924731182795699,0.0,1.0,1,0,5,160,597,15622,0.03030303030284665,0.008305647840517764,0.013037809310253983,0.9537963867186917,0.0065616797900176355
small,2000,203,CNN raster + Hough fusion,1,1,0,0.447196261682243,0.0,0.485981308411215,1.0,1.0,0,0,3,50,230,16101,0.05660377358383767,0.012875536480631436,0.020979020676927973,0.9829101562499399,0.010600706713743462
small,2000,204,CNN raster + Hough fusion,1,1,0,0.4694805194805195,0.0,0.5974025974025974,1.0,1.0,0,0,4,42,236,16102,0.08695652173724008,0.016666666666597222,0.027972027701892516,0.9830322265624399,0.014184397163070269
small,2000,205,CNN raster + Hough fusion,3,2,1,0.531131455399061,0.08222222222222222,0.8873239436619719,1.0,0.6666666666666667,0,0,0,65,116,16203,0.0,0.0,0.0,0.9889526367186896,0.0
small,2000,206,CNN raster + Hough fusion,5,5,0,0.4144249775381851,0.2911750024957572,0.9169811320754717,0.0,1.0,1,6,10,181,449,15744,0.05235602094213426,0.021786492374680205,0.030769230354134917,0.9615478515624413,0.015624999999975586
small,2000,207,CNN raster + Hough fusion,2,2,0,0.5604419191919192,0.12196969696969698,0.7777777777777778,1.0,1.0,0,0,0,43,123,16218,0.0,0.0,0.0,0.9898681640624396,0.0
small,2000,208,CNN raster + Hough fusion,1,1,0,0.46739130434782605,0.0,0.5869565217391304,1.0,1.0,0,0,0,55,281,16048,0.0,0.0,0.0,0.9794921874999402,0.0
small,2000,209,CNN raster + Hough fusion,3,2,1,0.6220555555555556,0.30333333333333334,0.8444444444444444,1.0,0.6666666666666667,0,0,0,116,184,16084,0.0,0.0,0.0,0.98168945312494,0.0
small,2000,210,CNN raster + Hough fusion,2,2,0,0.6320896226415095,0.195,0.9716981132075472,1.0,1.0,0,0,0,105,268,16011,0.0,0.0,0.0,0.9772338867186904,0.0
small,2000,211,CNN raster + Hough fusion,5,4,1,0.27256549548012965,0.0962160062160062,0.7463414634146341,0.0,0.8,1,0,4,144,635,15601,0.027027027026844414,0.006259780907658436,0.01016518393855683,0.9524536132811918,0.00510855683268824
small,2000,212,CNN raster + Hough fusion,1,1,0,0.46199999999999997,0.0,0.56,1.0,1.0,0,0,0,21,36,16327,0.0,0.0,0.0,0.9965209960936892,0.0
small,2000,213,CNN raster + Hough fusion,1,1,0,0.6438977485928705,0.23034188034188033,0.9512195121951219,1.0,1.0,0,0,0,41,40,16303,0.0,0.0,0.0,0.9950561523436893,0.0
small,2000,214,CNN raster + Hough fusion,2,1,1,0.40864197530864194,0.0,0.5432098765432098,1.0,0.5,0,0,0,40,83,16261,0.0,0.0,0.0,0.9924926757811894,0.0
small,2000,215,CNN raster + Hough fusion,5,4,1,0.23661560932733575,0.09902998236331569,0.5602605863192183,0.0,0.8,2,0,2,143,438,15801,0.013793103448180738,0.004545454545444215,0.0068376064647293665,0.9645385742186912,0.0034305317324126406
small,2000,216,CNN raster + Hough fusion,5,4,1,0.4734343434343435,0.0,0.7171717171717171,1.0,0.8,0,0,5,116,498,15765,0.041322314049245266,0.009940357852862942,0.01602564071297153,0.9625244140624413,0.008077544426481297
small,2000,217,CNN raster + Hough fusion,2,2,0,0.6505117407992774,0.22767441860465115,0.9902912621359223,1.0,1.0,0,0,0,75,327,15982,0.0,0.0,0.0,0.9754638671874404,0.0
small,2000,218,CNN raster + Hough fusion,1,1,0,0.5166666666666667,0.0,0.8333333333333334,1.0,1.0,0,0,0,30,37,16317,0.0,0.0,0.0,0.9959106445311892,0.0
small,2000,219,CNN raster + Hough fusion,5,4,1,0.30402849740932647,0.08333333333333333,0.9326424870466321,0.0,0.8,1,1,11,162,283,15928,0.0635838150285342,0.0374149659862673,0.04710920724214427,0.9728393554686906,0.02412280701749096
small,2000,220,CNN raster + Hough fusion,4,3,1,0.2519612783523264,0.10784423511845946,0.642156862745098,0.0,0.75,1,0,11,115,335,15923,0.08730158730089443,0.03179190751435899,0.04661016909995333,0.9725341796874406,0.023861171366542602
small,2000,221,CNN raster + Hough fusion,3,3,0,0.7248717357910907,0.4229953917050691,0.9226190476190477,1.0,1.0,0,0,0,171,356,15857,0.0,0.0,0.0,0.9678344726561909,0.0
small,2000,222,CNN raster + Hough fusion,5,4,1,0.25681286497250655,0.13846455150802975,0.5725190839694656,0.0,0.8,3,0,33,101,672,15578,0.2462686567145801,0.04680851063823148,0.07866507720458403,0.9528198242186918,0.04094292803965144
small,2000,223,CNN raster + Hough fusion,3,3,0,0.3757211538461539,0.2708333333333333,0.7692307692307692,0.0,1.0,1,2,6,128,500,15750,0.04477611940265093,0.01185770750985799,0.018749999668867194,0.9616699218749413,0.009463722397461414
small,2000,224,CNN raster + Hough fusion,5,4,1,0.5283519417475728,0.115,0.7330097087378641,1.0,0.8,0,0,5,123,436,15820,0.03906249999969483,0.011337868480699915,0.01757469209411882,0.965881347656191,0.008865248226934637
small,2000,225,CNN raster + Hough fusion,3,2,1,0.44786666666666664,0.0,0.656,1.0,0.6666666666666667,0,0,0,83,266,16035,0.0,0.0,0.0,0.9786987304686903,0.0
small,2000,226,CNN raster + Hough fusion,4,4,0,0.31232186732186734,0.03939393939393939,0.972972972972973,0.0,1.0,0,1,46,161,537,15640,0.2222222222211487,0.07890222984549074,0.11645569581550072,0.9573974609374415,0.06182795698916421
small,2000,227,CNN raster + Hough fusion,2,2,0,0.4926356589147287,0.0,0.7131782945736433,1.0,1.0,0,0,0,91,315,15978,0.0,0.0,0.0,0.9752197265624405,0.0
small,2000,228,CNN raster + Hough fusion,2,2,0,0.486,0.0,0.6799999999999999,1.0,1.0,0,0,0,41,80,16263,0.0,0.0,0.0,0.9926147460936894,0.0
small,2000,229,CNN raster + Hough fusion,3,2,1,0.44099099099099104,0.0,0.6216216216216216,1.0,0.6666666666666667,0,0,0,88,247,16049,0.0,0.0,0.0,0.9795532226561902,0.0
small,2000,230,CNN raster + Hough fusion,5,4,1,0.6326335664335665,0.30266666666666664,0.8321678321678322,1.0,0.8,0,0,5,237,752,15390,0.020661157024708013,0.00660501981505072,0.010010009642868108,0.9396362304686926,0.0050301810865140545
small,2000,231,CNN raster + Hough fusion,2,2,0,0.631488347457627,0.21875,0.9152542372881356,1.0,1.0,0,0,2,54,127,16201,0.03571428571364796,0.015503875968872064,0.02162162119924033,0.9889526367186896,0.010928961748574158
small,2000,232,CNN raster + Hough fusion,1,1,0,0.478,0.0,0.64,1.0,1.0,0,0,0,30,155,16199,0.0,0.0,0.0,0.9887084960936896,0.0
small,2000,233,CNN raster + Hough fusion,4,3,1,0.3530373502466526,0.29124579124579125,0.7348837209302326,0.0,0.75,1,1,2,144,407,15831,0.013698630136892476,0.004889975550110294,0.007207206819459482,0.9663696289061909,0.003616636528022393
small,2000,234,CNN raster + Hough fusion,1,1,0,0.6317424242424242,0.20858585858585857,0.9393939393939394,1.0,1.0,0,0,3,26,121,16234,0.10344827585850179,0.024193548386901666,0.03921568596676492,0.9910278320311895,0.01999999999986667
small,2000,235,CNN raster + Hough fusion,4,4,0,0.27142857142857146,0.0,0.8571428571428572,0.0,1.0,1,0,7,119,280,15978,0.055555555555114634,0.02439024390235404,0.03389830466056552,0.9756469726561904,0.01724137931030236
small,2000,236,CNN raster + Hough fusion,4,4,0,0.27369095250604536,0.0771640363462458,0.6948356807511737,0.0,1.0,1,0,5,124,508,15747,0.03875968992218016,0.009746588693938116,0.015576323666370675,0.9614257812499413,0.007849293563566955
small,2000,237,CNN raster + Hough fusion,3,3,0,0.48155080213903745,0.0,0.6577540106951871,1.0,1.0,0,0,1,96,499,15788,0.010309278350409182,0.001999999999996,0.003350083479923369,0.9636840820311912,0.0016778523489904735
small,2000,238,CNN raster + Hough fusion,1,1,0,0.5089743589743589,0.0,0.7948717948717949,1.0,1.0,0,0,16,16,106,16246,0.49999999998437505,0.13114754098253156,0.20779220746028,0.9925537109374394,0.1159420289846671
small,2000,239,CNN raster + Hough fusion,4,4,0,0.5741666666666667,0.0876543209876543,0.9236111111111112,1.0,1.0,0,0,0,127,328,15929,0.0,0.0,0.0,0.9722290039061906,0.0
small,2000,240,CNN raster + Hough fusion,2,2,0,0.5846770952927669,0.13012820512820514,0.8805970149253731,1.0,1.0,0,0,0,50,69,16265,0.0,0.0,0.0,0.9927368164061894,0.0
small,2000,241,CNN raster + Hough fusion,2,2,0,0.518944099378882,0.0,0.84472049689441,1.0,1.0,0,0,0,134,393,15857,0.0,0.0,0.0,0.9678344726561909,0.0
small,2000,242,CNN raster + Hough fusion,4,4,0,0.5830658404732763,0.07692495126705652,0.9922480620155039,1.0,1.0,0,0,4,106,258,16016,0.036363636363305786,0.015267175572460812,0.021505375927448264,0.9777832031249403,0.010869565217361769
small,2000,243,CNN raster + Hough fusion,1,1,0,0.4833333333333334,0.0,0.6666666666666667,1.0,1.0,0,0,0,41,185,16158,0.0,0.0,0.0,0.9862060546874398,0.0
small,2000,244,CNN raster + Hough fusion,4,3,1,0.25588419951168473,0.064381402679275,0.7595628415300546,0.0,0.75,1,0,5,134,425,15820,0.03597122302132395,0.011627906976717145,0.01757469207359751,0.965881347656191,0.008865248226934637
small,2000,245,CNN raster + Hough fusion,4,3,1,0.26586913190457967,0.06138059701492536,0.8162393162393162,0.0,0.75,0,1,0,178,541,15665,0.0,0.0,0.0,0.9561157226561916,0.0
small,2000,246,CNN raster + Hough fusion,2,1,1,0.3923632974316487,0.02058823529411763,0.4154929577464789,1.0,0.5,0,0,8,52,136,16188,0.1333333333311111,0.05555555555516976,0.07843137213302577,0.9885253906249396,0.040816326530404
small,2000,247,CNN raster + Hough fusion,1,1,0,0.6483915662650602,0.39,0.6144578313253012,1.0,1.0,0,0,0,52,254,16078,0.0,0.0,0.0,0.98132324218744,0.0
small,2000,248,CNN raster + Hough fusion,2,1,1,0.39052631578947367,0.0,0.4526315789473684,1.0,0.5,0,0,2,42,179,16161,0.0454545454535124,0.01104972375684503,0.017777777462992597,0.9865112304686897,0.008968609865430634
small,2000,249,CNN raster + Hough fusion,3,3,0,0.2595512820512821,0.07678062678062678,0.625,0.0,1.0,1,0,18,78,492,15796,0.18749999999804687,0.03529411764698962,0.05940594032722283,0.965209960937441,0.030612244897907124
small,2000,250,CNN raster + Hough fusion,5,5,0,0.2964924050632911,0.07800000000000001,0.8069620253164557,0.0,1.0,1,0,9,245,722,15408,0.03543307086600223,0.012311901504771119,0.018274111292345598,0.9409790039061925,0.009221311475400389
small,2000,251,CNN raster + Hough fusion,2,2,0,0.6381249999999999,0.19583333333333333,1.0,1.0,1.0,0,0,0,55,109,16220,0.0,0.0,0.0,0.9899902343749396,0.0
small,2000,252,CNN raster + Hough fusion,3,3,0,0.5939001610305958,0.10238683127572015,0.9891304347826086,1.0,1.0,0,0,4,181,383,15816,0.021621621621504748,0.010335917312634791,0.01398601354832145,0.965576171874941,0.007042253521114363
small,2000,253,CNN raster + Hough fusion,4,4,0,0.20764525993883792,0.0,0.5382262996941896,0.0,1.0,1,0,10,152,704,15518,0.061728395061347356,0.014005602240876743,0.022831049926794692,0.9477539062499422,0.011547344110841169
small,2000,254,CNN raster + Hough fusion,2,1,1,0.4869981203007519,0.195,0.49624060150375937,1.0,0.5,0,0,0,67,135,16182,0.0,0.0,0.0,0.9876708984374397,0.0
small,2000,255,CNN raster + Hough fusion,5,4,1,0.1876923076923077,0.0,0.5384615384615384,0.0,0.8,4,1,56,103,675,15550,0.35220125785942014,0.07660738714079808,0.12584269633546016,0.9525146484374418,0.0671462829735406
small,2000,256,CNN raster + Hough fusion,4,3,1,0.34014261744966445,0.18055555555555555,0.9194630872483222,0.0,0.75,0,2,0,127,402,15855,0.0,0.0,0.0,0.9677124023436909,0.0
small,2000,257,CNN raster + Hough fusion,3,2,1,0.6234954751131222,0.47051282051282056,0.47549019607843135,1.0,0.6666666666666667,0,0,3,96,521,15764,0.030303030302724212,0.00572519083968373,0.009630818352238566,0.9623413085936913,0.0048387096774115505
small,2000,258,CNN raster + Hough fusion,3,2,1,0.5572615283267457,0.13869565217391305,0.8909090909090909,1.0,0.6666666666666667,0,0,0,40,112,16232,0.0,0.0,0.0,0.9907226562499395,0.0
small,2000,259,CNN raster + Hough fusion,1,1,0,0.4747058823529412,0.0,0.6235294117647059,1.0,1.0,0,0,0,52,86,16246,0.0,0.0,0.0,0.9915771484374395,0.0
small,2000,260,CNN raster + Hough fusion,4,4,0,0.3675069903406203,0.2654761904761905,0.7402135231316727,0.0,1.0,1,3,5,149,724,15506,0.03246753246732164,0.0068587105624048576,0.011325028024568777,0.9467163085936922,0.005694760820039072
small,2000,261,CNN raster + Hough fusion,4,4,0,0.5045454545454545,0.0,0.7727272727272727,1.0,1.0,0,0,0,160,445,15779,0.0,0.0,0.0,0.9630737304686912,0.0
small,2000,262,CNN raster + Hough fusion,3,2,1,0.4928183885640026,0.03479532163742691,0.8024691358024691,1.0,0.6666666666666667,0,0,4,49,204,16127,0.07547169811178356,0.019230769230676775,0.030651340672274336,0.9845581054686898,0.01556420233456979
small,2000,263,CNN raster + Hough fusion,3,3,0,0.5487746952501051,0.10170940170940171,0.7650273224043715,1.0,1.0,0,0,1,127,327,15929,0.0078124999999389655,0.003048780487795583,0.004385964508444944,0.9722900390624406,0.0021978021977973675
small,2000,264,CNN raster + Hough fusion,4,4,0,0.2073446327683616,0.0,0.536723163841808,0.0,1.0,3,0,14,160,780,15430,0.08045977011448012,0.017632241813579808,0.028925619539768462,0.9426269531249425,0.014675052410886085
small,2000,265,CNN raster + Hough fusion,1,1,0,0.473404255319149,0.0,0.6170212765957447,1.0,1.0,0,0,0,26,150,16208,0.0,0.0,0.0,0.9892578124999396,0.0
small,2000,266,CNN raster + Hough fusion,1,1,0,0.575921052631579,0.10438596491228071,0.8947368421052632,1.0,1.0,0,0,0,31,28,16325,0.0,0.0,0.0,0.9963989257811892,0.0
small,2000,267,CNN raster + Hough fusion,1,1,0,0.5035714285714286,0.0,0.7678571428571428,1.0,1.0,0,0,3,39,54,16288,0.07142857142687076,0.052631578946445066,0.06060606011631467,0.9943237304686893,0.03124999999967448
small,2000,268,CNN raster + Hough fusion,4,4,0,0.28183550185873607,0.10833333333333334,0.6654275092936803,0.0,1.0,3,0,14,135,514,15721,0.09395973154299357,0.0265151515151013,0.041358936141068975,0.9603881835936914,0.02111613876316574
small,2000,269,CNN raster + Hough fusion,5,4,1,0.3600531029470378,0.21704374057315234,0.9119170984455959,0.0,0.8,0,3,17,130,441,15796,0.11564625850261466,0.03711790393004996,0.05619834673937574,0.965148925781191,0.028911564625801172
small,2000,270,CNN raster + Hough fusion,2,2,0,0.639,0.26,0.86,1.0,1.0,0,0,0,86,140,16158,0.0,0.0,0.0,0.9862060546874398,0.0
small,2000,271,CNN raster + Hough fusion,4,4,0,0.38373056118999327,0.19117647058823528,0.9885057471264368,0.0,1.0,0,2,12,139,371,15862,0.0794701986749704,0.031331592689213233,0.044943819818927186,0.9688720703124408,0.0229885057470824
small,2000,272,CNN raster + Hough fusion,3,3,0,0.582471590909091,0.0923611111111111,0.9545454545454546,1.0,1.0,0,0,5,89,272,16018,0.05319148936113626,0.018050541516180324,0.026954177519082256,0.9779663085936903,0.013661202185755025
small,2000,273,CNN raster + Hough fusion,3,3,0,0.41769834436085684,0.3670132699544464,0.7627118644067796,0.0,1.0,1,1,3,128,381,15872,0.022900763358603814,0.007812499999979655,0.011650485057517215,0.9689331054686908,0.005859374999988556
small,2000,274,CNN raster + Hough fusion,1,1,0,0.5223148148148148,0.004320987654320967,0.8518518518518519,1.0,1.0,0,0,0,46,55,16283,0.0,0.0,0.0,0.9938354492186893,0.0
small,2000,275,CNN raster + Hough fusion,3,3,0,0.30413398692810456,0.11666666666666667,0.7581699346405228,0.0,1.0,1,0,3,110,260,16011,0.026548672566136737,0.011406844106420507,0.015957446388000805,0.9774169921874403,0.008042895442337687
small,2000,276,CNN raster + Hough fusion,2,2,0,0.47619047619047616,0.4,0.9809523809523809,0.0,1.0,1,1,0,88,145,16151,0.0,0.0,0.0,0.9857788085936898,0.0
small,2000,277,CNN raster + Hough fusion,5,4,1,0.29343478260869565,0.05652173913043478,0.94,0.0,0.8,0,3,0,177,322,15885,0.0,0.0,0.0,0.9695434570311908,0.0
small,2000,278,CNN raster + Hough fusion,4,3,1,0.30986445147679326,0.22749999999999998,0.6624472573839663,0.0,0.75,1,0,0,159,664,15561,0.0,0.0,0.0,0.949768066406192,0.0
small,2000,279,CNN raster + Hough fusion,1,1,0,0.5444565217391304,0.045652173913043444,0.8695652173913043,1.0,1.0,0,0,0,35,47,16302,0.0,0.0,0.0,0.9949951171874393,0.0
small,2000,280,CNN raster + Hough fusion,5,4,1,0.2718190272606803,0.14114920104050538,0.6415094339622642,0.0,0.8,1,0,6,139,672,15567,0.04137931034454222,0.008849557522110842,0.01458080165378421,0.9505004882811919,0.007343941248461023
small,2000,281,CNN raster + Hough fusion,3,2,1,0.5189992877492878,0.1121794871794872,0.7592592592592593,1.0,0.6666666666666667,0,0,8,72,232,16072,0.09999999999874999,0.033333333333194444,0.0499999996246875,0.98144531249994,0.02564102564094346
small,2000,282,CNN raster + Hough fusion,4,3,1,0.6548762977937508,0.31448113207547174,0.9417989417989419,1.0,0.75,0,0,53,127,384,15820,0.29444444444280865,0.12128146453061492,0.17179902713886663,0.9688110351561908,0.09397163120550714
small,2000,283,CNN raster + Hough fusion,5,5,0,0.30216126860943937,0.12404401154401153,0.7317073170731707,0.0,1.0,1,0,2,159,464,15759,0.012422360248370049,0.004291845493553022,0.006379584945247004,0.9619750976561913,0.00319999999999488
small,2000,284,CNN raster + Hough fusion,1,1,0,0.6607112676056338,0.39,0.676056338028169,1.0,1.0,0,0,0,49,222,16113,0.0,0.0,0.0,0.9834594726561899,0.0
small,2000,285,CNN raster + Hough fusion,4,4,0,0.4845454545454545,0.0,0.6727272727272727,1.0,1.0,0,0,2,126,678,15578,0.015624999999877931,0.00294117647058391,0.0049504947828521864,0.9509277343749419,0.002481389578160693
small,2000,286,CNN raster + Hough fusion,1,1,0,0.49615384615384617,0.0,0.7307692307692308,1.0,1.0,0,0,0,24,62,16298,0.0,0.0,0.0,0.9947509765624393,0.0
small,2000,287,CNN raster + Hough fusion,5,4,1,0.2566895280860798,0.11678132678132677,0.6206896551724138,0.0,0.8,1,0,9,126,566,15683,0.06666666666617284,0.015652173913016258,0.025352112368010323,0.9577636718749415,0.012838801711821914
small,2000,288,CNN raster + Hough fusion,3,3,0,0.4990683229813665,0.0,0.7453416149068324,1.0,1.0,0,0,0,97,292,15995,0.0,0.0,0.0,0.9762573242186904,0.0
small,2000,289,CNN raster + Hough fusion,1,1,0,0.45434782608695656,0.0,0.5217391304347826,1.0,1.0,0,0,0,48,285,16051,0.0,0.0,0.0,0.9796752929686902,0.0
small,2000,290,CNN raster + Hough fusion,3,3,0,0.5053163507109004,0.065,0.6303317535545023,1.0,1.0,0,0,4,117,376,15887,0.03305785123939622,0.010526315789445984,0.01596806350581871,0.9699096679686908,0.00804828973841439
small,2000,291,CNN raster + Hough fusion,3,3,0,0.6053549738549738,0.21314314314314314,0.7972027972027972,1.0,1.0,0,0,7,107,445,15825,0.061403508771391196,0.015486725663682551,0.024734982010375963,0.966308593749941,0.01252236135954826
small,2000,292,CNN raster + Hough fusion,3,3,0,0.5076158940397351,0.0,0.7880794701986755,1.0,1.0,0,0,3,93,197,16091,0.03124999999967448,0.014999999999925,0.020270269831857205,0.98229980468744,0.010238907849794407
small,2000,293,CNN raster + Hough fusion,5,4,1,0.583428875407461,0.19664141414141414,0.8247011952191234,1.0,0.8,0,0,6,201,349,15828,0.028985507246236785,0.016901408450656616,0.021352312701859156,0.9664306640624409,0.010791366906455411
small,2000,294,CNN raster + Hough fusion,3,3,0,0.5769277108433735,0.1,0.9096385542168675,1.0,1.0,0,0,0,169,243,15972,0.0,0.0,0.0,0.9748535156249405,0.0
small,2000,295,CNN raster + Hough fusion,5,4,1,0.5217535564853557,0.05977777777777778,0.8242677824267782,1.0,0.8,0,0,0,194,524,15666,0.0,0.0,0.0,0.9561767578124416,0.0
small,2000,296,CNN raster + Hough fusion,5,4,1,0.2828235263290937,0.09610901831997165,0.7978723404255319,0.0,0.8,1,0,9,140,304,15931,0.06040268456335301,0.028753993610131777,0.03896103852387512,0.9729003906249406,0.019867549668830316
small,2000,297,CNN raster + Hough fusion,4,4,0,0.23642384105960265,0.0,0.6821192052980132,0.0,1.0,1,0,10,179,694,15501,0.052910052909772964,0.014204545454525278,0.022396416239594014,0.9467163085936922,0.011325028312557956
small,2000,298,CNN raster + Hough fusion,4,4,0,0.41317982456140356,0.28425925925925927,0.9263157894736842,0.0,1.0,1,1,0,167,324,15893,0.0,0.0,0.0,0.9700317382811907,0.0
small,2000,299,CNN raster + Hough fusion,5,4,1,0.31073134718379697,0.21590519991906743,0.667870036101083,0.0,0.8,4,4,16,135,821,15412,0.10596026489996054,0.019115890083609182,0.03238866370859423,0.9416503906249425,0.016460905349777302
small,2000,300,CNN raster + Hough fusion,2,2,0,0.6546758664955071,0.24430894308943088,0.9736842105263158,1.0,1.0,0,0,13,58,127,16186,0.1830985915467169,0.0928571428564796,0.12322274836746702,0.9887084960936896,0.06565656565623407
small,2000,301,CNN raster + Hough fusion,5,5,0,0.21528822055137847,0.0,0.5764411027568923,0.0,1.0,3,0,19,207,995,15163,0.084070796459805,0.01873767258380795,0.03064516099219303,0.9266357421874434,0.015561015561002816
small,2000,302,CNN raster + Hough fusion,1,1,0,0.45769230769230773,0.0,0.5384615384615384,1.0,1.0,0,0,0,22,47,16315,0.0,0.0,0.0,0.9957885742186892,0.0
small,2000,303,CNN raster + Hough fusion,5,4,1,0.5589265888246382,0.19564419848277573,0.7044334975369457,1.0,0.8,0,0,0,143,471,15770,0.0,0.0,0.0,0.9625244140624413,0.0
small,2000,304,CNN raster + Hough fusion,3,3,0,0.21774193548387097,0.0,0.5887096774193548,0.0,1.0,1,0,8,110,401,15865,0.06779661016891697,0.019559902200441175,0.030360530961635265,0.9688110351561908,0.015414258188794962
small,2000,305,CNN raster + Hough fusion,5,4,1,0.24545348837209305,0.07,0.6697674418604651,0.0,0.8,1,0,6,124,485,15769,0.04615384615349113,0.012219959266777556,0.019323671166489045,0.9628295898436912,0.009756097560959746
small,2000,306,CNN raster + Hough fusion,3,2,1,0.596119212962963,0.2292361111111111,0.8814814814814815,1.0,0.6666666666666667,0,0,0,121,138,16125,0.0,0.0,0.0,0.9841918945311899,0.0
small,2000,307,CNN raster + Hough fusion,3,2,1,0.5526403755730862,0.19287418008348242,0.7459016393442623,1.0,0.6666666666666667,0,0,0,93,335,15956,0.0,0.0,0.0,0.9738769531249405,0.0
small,2000,308,CNN raster + Hough fusion,4,3,1,0.6261866562824507,0.293395061728395,0.8457943925233645,1.0,0.75,0,0,0,183,308,15893,0.0,0.0,0.0,0.9700317382811907,0.0
small,2000,309,CNN raster + Hough fusion,1,1,0,0.44885057471264367,0.0,0.49425287356321834,1.0,1.0,0,0,0,42,202,16140,0.0,0.0,0.0,0.9851074218749398,0.0
small,2000,310,CNN raster + Hough fusion,5,4,1,0.19121428571428573,0.018571428571428565,0.5142857142857142,0.0,0.8,3,0,15,95,617,15657,0.13636363636239668,0.023734177215152318,0.04043126659371118,0.9565429687499416,0.0206327372764503
small,2000,311,CNN raster + Hough fusion,5,4,1,0.21454545454545457,0.0,0.6727272727272727,0.0,0.8,1,0,12,166,471,15735,0.06741573033669991,0.024844720496842974,0.0363086229043786,0.9611206054686913,0.018489984591651017
small,2000,312,CNN raster + Hough fusion,4,4,0,0.395553616751269,0.25069444444444444,0.9137055837563451,0.0,1.0,0,2,12,139,555,15678,0.0794701986749704,0.02116402116398384,0.0334261835117628,0.9576416015624415,0.016997167138786122
small,2000,313,CNN raster + Hough fusion,2,2,0,0.5185714285714286,0.0,0.8428571428571429,1.0,1.0,0,0,0,57,184,16143,0.0,0.0,0.0,0.9852905273436898,0.0
small,2000,314,CNN raster + Hough fusion,5,5,0,0.5487935174069628,0.07441643323996264,0.826530612244898,1.0,1.0,0,0,26,215,813,15330,0.10788381742693824,0.030989272943943994,0.04814814780135288,0.9372558593749428,0.02466793168878115
small,2000,315,CNN raster + Hough fusion,2,2,0,0.2,0.0,0.5,0.0,1.0,1,0,7,50,422,15905,0.12280701754170514,0.016317016316978284,0.028806584154964524,0.9711914062499407,0.014613778705606234
small,2000,316,CNN raster + Hough fusion,5,4,1,0.24837745294353225,0.035454545454545454,0.762114537444934,0.0,0.8,1,0,4,150,423,15807,0.025974025973857312,0.009367681498807102,0.013769362777299524,0.965026855468691,0.0069324090121197016
small,2000,317,CNN raster + Hough fusion,2,2,0,0.2827160493827161,0.0,0.9135802469135803,0.0,1.0,1,0,0,76,252,16056,0.0,0.0,0.0,0.9799804687499402,0.0
small,2000,318,CNN raster + Hough fusion,3,2,1,0.23789654144305308,0.08076923076923076,0.6744186046511628,0.0,0.6666666666666667,1,0,0,53,241,16090,0.0,0.0,0.0,0.98205566406244,0.0
small,2000,319,CNN raster + Hough fusion,2,2,0,0.5940865384615385,0.14583333333333334,0.8923076923076922,1.0,1.0,0,0,0,65,115,16204,0.0,0.0,0.0,0.9890136718749396,0.0
small,2000,320,CNN raster + Hough fusion,2,1,1,0.43636363636363634,0.0,0.6818181818181819,1.0,0.5,0,0,2,43,100,16239,0.04444444444345679,0.019607843137062667,0.0272108839285483,0.9912719726561895,0.013793103448180738
small,2000,321,CNN raster + Hough fusion,4,4,0,0.5308503836317136,0.06372549019607844,0.7608695652173914,1.0,1.0,0,0,3,116,379,15886,0.025210084033401595,0.007853403141340698,0.011976047541930124,0.9697875976561908,0.006024096385530072
small,2000,322,CNN raster + Hough fusion,2,2,0,0.49433110367892974,0.013043478260869568,0.6923076923076923,1.0,1.0,0,0,3,112,204,16065,0.026086956521512286,0.014492753623118393,0.018633539913371407,0.9807128906249402,0.009404388714704061
small,2000,323,CNN raster + Hough fusion,2,2,0,0.5078947368421053,0.0,0.7894736842105263,1.0,1.0,0,0,4,55,183,16142,0.06779661016834243,0.021390374331436417,0.032520324838356804,0.9854736328124398,0.01652892561976641
small,2000,324,CNN raster + Hough fusion,5,4,1,0.5619448986265534,0.14772727272727273,0.8273381294964028,1.0,0.8,0,0,2,231,440,15711,0.008583690987087623,0.004524886877817817,0.0059259254738436564,0.9590454101561915,0.0029717682020758223
small,2000,325,CNN raster + Hough fusion,5,4,1,0.5488516109638455,0.15145319232275756,0.7534883720930232,1.0,0.8,0,0,1,137,344,15902,0.007246376811541694,0.0028985507246292795,0.0041407863413020305,0.9706420898436907,0.0020746887966761936
small,2000,326,CNN raster + Hough fusion,4,3,1,0.20538674033149174,0.0,0.6519337016574586,0.0,0.75,1,0,0,114,346,15924,0.0,0.0,0.0,0.9719238281249406,0.0
small,2000,327,CNN raster + Hough fusion,3,3,0,0.5298885350318472,0.11666666666666667,0.6369426751592357,1.0,1.0,0,0,6,83,488,15807,0.06741573033632117,0.012145748987829665,0.02058319013573255,0.965148925781191,0.010398613518179552
small,2000,328,CNN raster + Hough fusion,3,2,1,0.6101286919831224,0.3033333333333334,0.7848101265822784,1.0,0.6666666666666667,0,0,0,126,370,15888,0.0,0.0,0.0,0.9697265624999408,0.0
small,2000,329,CNN raster + Hough fusion,2,1,1,0.3918918918918919,0.0,0.45945945945945943,1.0,0.5,0,0,3,27,191,16163,0.09999999999666667,0.015463917525693486,0.026785714053491713,0.9866943359374397,0.01357466063342274
small,2000,330,CNN raster + Hough fusion,4,2,2,0.510111301369863,0.1625,0.6849315068493151,1.0,0.5,0,0,14,88,372,15910,0.13725490195943868,0.03626943005171951,0.05737704884943563,0.9719238281249406,0.029535864978840642
small,2000,331,CNN raster + Hough fusion,1,1,0,0.5122641509433963,0.0,0.8113207547169812,1.0,1.0,0,0,22,22,146,16194,0.4999999999886364,0.13095238095160147,0.2075471694804201,0.9897460937499396,0.11578947368360111
small,2000,332,CNN raster + Hough fusion,5,5,0,0.2581490765171504,0.07,0.633245382585752,0.0,1.0,2,0,23,203,902,15256,0.10176991150397448,0.024864864864837983,0.03996524729510923,0.932556152343693,0.020390070921967738
small,2000,333,CNN raster + Hough fusion,3,3,0,0.6229685534591195,0.17333333333333334,0.9748427672955975,1.0,1.0,0,0,18,138,288,15940,0.11538461538387575,0.05882352941157248,0.07792207747444764,0.9739990234374405,0.040540540540449234
small,2000,334,CNN raster + Hough fusion,5,4,1,0.6538171120861589,0.28942028985507245,0.9678899082568807,1.0,0.8,0,0,12,202,490,15680,0.05607476635487816,0.023904382470071903,0.033519552653428424,0.9577636718749415,0.017045454545430334
small,2000,335,CNN raster + Hough fusion,4,3,1,0.1847345132743363,0.0,0.5486725663716814,0.0,0.75,1,0,5,97,638,15644,0.049019607842656666,0.007776049766706414,0.013422818555574978,0.9551391601561917,0.006756756756747626
small,2000,336,CNN raster + Hough fusion,4,5,1,0.20520325203252035,0.0,0.6260162601626016,0.0,0.8,2,1,74,147,912,15251,0.33484162895776093,0.07505070993907195,0.12261806100968048,0.9353637695311929,0.06531332744919213
small,2000,337,CNN raster + Hough fusion,1,1,0,0.4852941176470589,0.0,0.6764705882352942,1.0,1.0,0,0,0,47,209,16128,0.0,0.0,0.0,0.9843749999999399,0.0
small,2000,338,CNN raster + Hough fusion,5,4,1,0.2859568921177832,0.20832371332371327,0.5610561056105611,0.0,0.8,1,0,11,143,752,15478,0.07142857142810762,0.014416775884646899,0.02399127562014963,0.9453735351561923,0.012141280353187482
small,2000,339,CNN raster + Hough fusion,3,3,0,0.559067787051658,0.07671629445822993,0.8727272727272728,1.0,1.0,0,0,5,74,351,15954,0.06329113923970517,0.014044943820185268,0.022988505449766158,0.9740600585936905,0.011627906976717145
small,2000,340,CNN raster + Hough fusion,2,2,0,0.5904017857142857,0.12152777777777778,0.9285714285714286,1.0,1.0,0,0,0,54,124,16206,0.0,0.0,0.0,0.9891357421874396,0.0
small,2000,341,CNN raster + Hough fusion,4,3,1,0.2088888888888889,0.021604938271604937,0.6208333333333333,0.0,0.75,1,0,43,106,679,15556,0.2885906040249088,0.05955678670351862,0.09873708352787683,0.9520874023436918,0.051932367149695735
small,2000,342,CNN raster + Hough fusion,5,4,1,0.5627860748177128,0.19392524790236457,0.7275985663082437,1.0,0.8,0,0,34,169,344,15837,0.167487684728239,0.089947089946852,0.11703958646406425,0.9686889648436908,0.062157221206467723
small,2000,343,CNN raster + Hough fusion,2,2,0,0.6767335115864528,0.2950980392156862,0.9696969696969697,1.0,1.0,0,0,0,63,140,16181,0.0,0.0,0.0,0.9876098632811897,0.0
small,2000,344,CNN raster + Hough fusion,5,3,2,0.2632852760736196,0.13,0.7239263803680982,0.0,0.6,0,1,0,112,422,15850,0.0,0.0,0.0,0.9674072265624409,0.0
small,2000,345,CNN raster + Hough fusion,3,3,0,0.56008547008547,0.13846153846153844,0.7388888888888889,1.0,1.0,0,0,1,129,506,15748,0.007692307692248521,0.0019723865877673127,0.0031397171005572468,0.9612426757811913,0.0015723270440226851
small,2000,346,CNN raster + Hough fusion,3,2,1,0.25266666666666665,0.08888888888888886,0.73,0.0,0.6666666666666667,1,0,0,69,254,16061,0.0,0.0,0.0,0.9802856445311902,0.0
small,2000,347,CNN raster + Hough fusion,3,3,0,0.4084660134721372,0.26760563380281693,0.9402173913043478,0.0,1.0,0,2,0,161,176,16047,0.0,0.0,0.0,0.9794311523436902,0.0
small,2000,348,CNN raster + Hough fusion,2,2,0,0.5687236842105263,0.06499999999999999,0.9473684210526316,1.0,1.0,0,0,0,91,171,16122,0.0,0.0,0.0,0.9840087890624399,0.0
small,2000,349,CNN raster + Hough fusion,1,1,0,0.5428283582089553,0.12999999999999998,0.6716417910447761,1.0,1.0,0,0,0,46,206,16132,0.0,0.0,0.0,0.9846191406249398,0.0
small,2000,350,CNN raster + Hough fusion,5,5,0,0.2720433619509768,0.046621182586094864,0.7553191489361702,0.0,1.0,1,2,8,199,565,15612,0.03864734299498238,0.013961605584617868,0.02051282012285668,0.9533691406249418,0.010362694300504712
small,2000,351,CNN raster + Hough fusion,2,2,0,0.20449438202247194,0.0,0.5224719101123596,0.0,1.0,1,0,7,70,364,15943,0.09090909090791027,0.01886792452825103,0.031249999715192524,0.9735107421874406,0.01587301587297988
small,2000,352,CNN raster + Hough fusion,2,1,1,0.506591491971454,0.18037280701754388,0.6271186440677966,1.0,0.5,0,0,12,26,127,16219,0.3157894736759003,0.08633093525117748,0.13559322000025537,0.9906616210936895,0.07272727272683197
small,2000,353,CNN raster + Hough fusion,4,3,1,0.5800865051903115,0.2113033448673587,0.8,1.0,0.75,0,0,8,108,172,16096,0.06896551724078477,0.04444444444419753,0.054054053577063554,0.9829101562499399,0.02777777777768133
small,2000,354,CNN raster + Hough fusion,5,4,1,0.35845000000000005,0.17433333333333334,1.0,0.0,0.8,0,4,0,155,471,15758,0.0,0.0,0.0,0.9617919921874413,0.0
small,2000,355,CNN raster + Hough fusion,4,3,1,0.20850363901018926,0.05407407407407407,0.5458515283842795,0.0,0.75,1,0,0,106,526,15752,0.0,0.0,0.0,0.9614257812499413,0.0
small,2000,356,CNN raster + Hough fusion,5,3,2,0.23397811447811445,0.061515151515151516,0.7314814814814814,0.0,0.6,1,0,5,151,215,16013,0.032051282051076595,0.02272727272716942,0.026595744195195798,0.9776611328124403,0.013477088948750736
small,2000,357,CNN raster + Hough fusion,4,3,1,0.48035714285714287,0.0,0.7767857142857143,1.0,0.75,0,0,3,73,368,15940,0.039473684210006924,0.00808625336925044,0.01342281850965673,0.9730834960936906,0.006756756756741539
small,2000,358,CNN raster + Hough fusion,3,2,1,0.4674891774891775,0.07272727272727271,0.5904761904761905,1.0,0.6666666666666667,0,0,0,52,211,16121,0.0,0.0,0.0,0.9839477539061899,0.0
small,2000,359,CNN raster + Hough fusion,3,2,1,0.4689602446483181,0.0,0.7614678899082569,1.0,0.6666666666666667,0,0,0,81,186,16117,0.0,0.0,0.0,0.9837036132811899,0.0
small,2000,360,CNN raster + Hough fusion,5,4,1,0.5085253496503497,0.06416666666666666,0.7482517482517482,1.0,0.8,0,0,3,92,353,15936,0.03157894736808864,0.008426966292111161,0.013303769068726318,0.9728393554686906,0.006696428571413624
small,2000,361,CNN raster + Hough fusion,1,1,0,0.47307692307692306,0.0,0.6153846153846154,1.0,1.0,0,0,0,21,17,16346,0.0,0.0,0.0,0.997680664062439,0.0
small,2000,362,CNN raster + Hough fusion,1,1,0,0.6707352941176471,0.28137254901960784,0.9705882352941176,1.0,1.0,0,0,0,31,36,16317,0.0,0.0,0.0,0.9959106445311892,0.0
small,2000,363,CNN raster + Hough fusion,5,4,1,0.30826756931012256,0.12585858585858584,0.8581560283687943,0.0,0.8,1,0,13,92,326,15953,0.12380952380834467,0.03834808259575709,0.05855855819717354,0.9744873046874405,0.030162412992969463
small,2000,364,CNN raster + Hough fusion,1,1,0,0.6992173913043478,0.52,0.5760869565217391,1.0,1.0,0,0,27,27,258,16072,0.4999999999907408,0.09473684210493075,0.15929203512945414,0.98260498046869,0.08653846153818417
small,2000,365,CNN raster + Hough fusion,4,4,0,0.2560247975708502,0.04262820512820512,0.6842105263157895,0.0,1.0,2,0,8,102,572,15702,0.07272727272661157,0.01379310344825208,0.02318840552902332,0.9588623046874415,0.011730205278575176
small,2000,366,CNN raster + Hough fusion,4,4,0,0.6609602756196818,0.24937363834422654,0.9937106918238994,1.0,1.0,0,0,8,152,520,15704,0.0499999999996875,0.015151515151486456,0.023255813596471074,0.9589843749999415,0.01176470588233564
small,2000,367,CNN raster + Hough fusion,1,1,0,0.4537037037037037,0.0,0.5185185185185186,1.0,1.0,0,0,0,26,28,16330,0.0,0.0,0.0,0.9967041015624392,0.0
small,2000,368,CNN raster + Hough fusion,5,4,1,0.49835387323943664,0.04861111111111111,0.7323943661971831,1.0,0.8,0,0,16,130,619,15619,0.10958904109513981,0.025196850393661107,0.04097311109155504,0.9542846679686917,0.02091503267971122
small,2000,369,CNN raster + Hough fusion,1,1,0,0.49098360655737705,0.0,0.7049180327868853,1.0,1.0,0,0,0,43,62,16279,0.0,0.0,0.0,0.9935913085936894,0.0
small,2000,370,CNN raster + Hough fusion,4,4,0,0.5809590792838875,0.0803921568627451,0.9739130434782609,1.0,1.0,0,0,1,100,316,15967,0.009900990098911872,0.0031545741324821622,0.0047846886287058734,0.9746093749999405,0.0023980815347664315
small,2000,371,CNN raster + Hough fusion,2,2,0,0.5388888888888889,0.0,0.9444444444444444,1.0,1.0,0,0,16,53,185,16130,0.23188405796765385,0.07960199004935521,0.11851851813714676,0.9854736328124398,0.06299212598400397
small,2000,372,CNN raster + Hough fusion,4,4,0,0.25272626215840666,0.0611764705882353,0.6259842519685039,0.0,1.0,3,0,4,131,617,15632,0.029629629629410154,0.006441223832517808,0.010582010288615249,0.9543457031249417,0.005319148936163139
small,2000,373,CNN raster + Hough fusion,5,3,2,0.33090579710144924,0.2909017713365539,0.7,0.0,0.6,2,0,5,123,479,15777,0.03906249999969483,0.01033057851237535,0.016339868950179425,0.9632568359374412,0.008237232289937006
small,2000,374,CNN raster + Hough fusion,5,5,0,0.4192748999428245,0.3475151515151515,0.8144654088050315,0.0,1.0,1,0,5,257,974,15148,0.019083969465576014,0.005107252298258318,0.008058017394529264,0.9248657226561935,0.004045307443362423
small,2000,375,CNN raster + Hough fusion,2,2,0,0.5288336120401338,0.025427350427350413,0.8369565217391304,1.0,1.0,0,0,0,92,79,16213,0.0,0.0,0.0,0.9895629882811896,0.0
small,2000,376,CNN raster + Hough fusion,1,1,0,0.6221829810901002,0.1890804597701149,0.935483870967742,1.0,1.0,0,0,0,31,92,16261,0.0,0.0,0.0,0.9924926757811894,0.0
small,2000,377,CNN raster + Hough fusion,4,4,0,0.3468407172995781,0.14722222222222223,0.9029535864978903,0.0,1.0,0,2,0,216,494,15674,0.0,0.0,0.0,0.9566650390624416,0.0
small,2000,378,CNN raster + Hough fusion,2,1,1,0.4241379310344828,0.0,0.6206896551724138,1.0,0.5,0,0,6,30,182,16166,0.16666666666203706,0.03191489361685152,0.05357142830117986,0.9870605468749397,0.027522935779690262
small,2000,379,CNN raster + Hough fusion,1,1,0,0.486,0.0,0.6799999999999999,1.0,1.0,0,0,0,24,60,16300,0.0,0.0,0.0,0.9948730468749393,0.0
small,2000,380,CNN raster + Hough fusion,4,3,1,0.5106854838709678,0.09722222222222222,0.7096774193548387,1.0,0.75,0,0,1,110,379,15894,0.009009009008927846,0.002631578947361496,0.004073319405660369,0.9701538085936907,0.0020408163265264474
small,2000,381,CNN raster + Hough fusion,4,4,0,0.5830963156192801,0.10083781638592466,0.9385964912280702,1.0,1.0,0,0,9,101,287,15987,0.08181818181743801,0.030405405405302687,0.0443349749741804,0.9763183593749404,0.022670025188859775
small,2000,382,CNN raster + Hough fusion,5,4,1,0.2932784252847304,0.13926919518963923,0.7530364372469636,0.0,0.8,1,3,4,152,740,15488,0.02564102564086128,0.005376344086014279,0.008888888602291367,0.9455566406249423,0.004464285714280732
small,2000,383,CNN raster + Hough fusion,1,1,0,0.46851851851851856,0.0,0.5925925925925926,1.0,1.0,0,0,0,21,17,16346,0.0,0.0,0.0,0.997680664062439,0.0
small,2000,384,CNN raster + Hough fusion,1,1,0,0.48571428571428577,0.0,0.6785714285714286,1.0,1.0,0,0,0,27,20,16337,0.0,0.0,0.0,0.9971313476561892,0.0
small,2000,385,CNN raster + Hough fusion,1,1,0,0.48611111111111116,0.0,0.6805555555555556,1.0,1.0,0,0,0,49,73,16262,0.0,0.0,0.0,0.9925537109374394,0.0
small,2000,386,CNN raster + Hough fusion,4,4,0,0.3824560502581815,0.2607366557734205,0.8256227758007118,0.0,1.0,0,3,3,163,475,15743,0.018072289156517637,0.0062761506276019325,0.00931676980366307,0.9610595703124413,0.004680187207480998
small,2000,387,CNN raster + Hough fusion,2,2,0,0.48722627737226276,0.0,0.6861313868613139,1.0,1.0,0,0,3,68,232,16081,0.04225352112616544,0.012765957446754189,0.01960784278074673,0.98168945312494,0.009900990098977224
small,2000,388,CNN raster + Hough fusion,5,4,1,0.24790087166985286,0.11440658049353701,0.582089552238806,0.0,0.8,2,0,17,117,616,15634,0.1268656716408443,0.02685624012633988,0.044328552514645014,0.9552612304686917,0.022666666666636446
small,2000,389,CNN raster + Hough fusion,2,1,1,0.4106382978723404,0.0,0.5531914893617021,1.0,0.5,0,0,0,20,119,16245,0.0,0.0,0.0,0.9915161132811895,0.0
small,2000,390,CNN raster + Hough fusion,5,4,1,0.36097505868544605,0.21541666666666665,0.92018779342723,0.0,0.8,2,2,15,163,531,15675,0.0842696629208749,0.027472527472477158,0.04143646371746131,0.9576416015624415,0.021156558533115436
small,2000,391,CNN raster + Hough fusion,1,1,0,0.44999999999999996,0.0,0.5,1.0,1.0,0,0,0,51,311,16022,0.0,0.0,0.0,0.9779052734374403,0.0
small,2000,392,CNN raster + Hough fusion,3,3,0,0.5430637254901961,0.019444444444444438,0.9215686274509804,1.0,1.0,0,0,0,83,329,15972,0.0,0.0,0.0,0.9748535156249405,0.0
small,2000,393,CNN raster + Hough fusion,2,1,1,0.4116883116883117,0.0,0.5584415584415585,1.0,0.5,0,0,0,43,211,16130,0.0,0.0,0.0,0.9844970703124399,0.0
small,2000,394,CNN raster + Hough fusion,2,2,0,0.527319587628866,0.0,0.8865979381443299,1.0,1.0,0,0,3,78,166,16137,0.03703703703657979,0.01775147928983579,0.023999999561760008,0.9851074218749398,0.012145748987805079
small,2000,395,CNN raster + Hough fusion,5,4,1,0.2666587024764563,0.010425531914893616,0.9098360655737705,0.0,0.8,0,1,3,229,444,15708,0.012931034482702884,0.00671140939595814,0.008836523850546937,0.9589233398436915,0.004437869822478642
small,2000,396,CNN raster + Hough fusion,3,3,0,0.5453622372372372,0.12422839506172838,0.6972972972972973,1.0,1.0,0,0,7,114,379,15884,0.05785123966894338,0.018134715025859754,0.02761341186528639,0.9699096679686908,0.013999999999972
small,2000,397,CNN raster + Hough fusion,2,2,0,0.25921052631578945,0.0,0.7960526315789473,0.0,1.0,1,0,7,112,146,16119,0.05882352941127039,0.04575163398662908,0.05147058774272817,0.9842529296874399,0.026415094339522962
small,2000,398,CNN raster + Hough fusion,5,4,1,0.20851063829787234,0.0,0.6425531914893616,0.0,0.8,1,0,14,120,548,15702,0.10447761193951884,0.024911032028425425,0.040229884746432826,0.9592285156249414,0.02052785923750656
small,2000,399,CNN raster + Hough fusion,4,4,0,0.36416478978978983,0.2146604938271605,0.8378378378378378,0.0,1.0,0,1,0,138,295,15951,0.0,0.0,0.0,0.9735717773436906,0.0
small,2000,400,CNN raster + Hough fusion,5,4,1,0.27916797125169,0.039176688251618866,0.9076923076923077,0.0,0.8,0,2,3,215,468,15698,0.013761467889845131,0.006369426751578834,0.008708272426608493,0.9583129882811915,0.004373177842559223
small,2000,401,CNN raster + Hough fusion,2,2,0,0.46603053435114505,0.0,0.5801526717557253,1.0,1.0,0,0,0,73,264,16047,0.0,0.0,0.0,0.9794311523436902,0.0
small,2000,402,CNN raster + Hough fusion,4,3,1,0.5032738095238096,0.05401234567901234,0.7698412698412699,1.0,0.75,0,0,0,96,237,16051,0.0,0.0,0.0,0.9796752929686902,0.0
small,2000,403,CNN raster + Hough fusion,4,3,1,0.480148033126294,0.07148148148148149,0.6149068322981366,1.0,0.75,0,0,0,87,434,15863,0.0,0.0,0.0,0.9682006835936908,0.0
small,2000,404,CNN raster + Hough fusion,5,4,1,0.6342802371541503,0.26511111111111113,0.924901185770751,1.0,0.8,0,0,14,242,293,15835,0.05468749999978638,0.04560260586304364,0.049733569663784165,0.9673461914061909,0.025500910746765935
small,2000,405,CNN raster + Hough fusion,1,1,0,0.6660483870967742,0.2722222222222222,0.967741935483871,1.0,1.0,0,0,0,29,99,16256,0.0,0.0,0.0,0.9921874999999394,0.0
small,2000,406,CNN raster + Hough fusion,4,4,0,0.35882352941176465,0.2888888888888889,0.6441176470588235,0.0,1.0,1,4,6,180,949,15249,0.0322580645159556,0.0062827225130824265,0.010517089998790986,0.9310913085936932,0.005286343612330144
small,2000,407,CNN raster + Hough fusion,2,2,0,0.553896771037182,0.12738095238095237,0.7328767123287672,1.0,1.0,0,0,5,95,245,16039,0.0499999999995,0.019999999999920002,0.028571428163102052,0.9792480468749402,0.014492753623146398
small,2000,408,CNN raster + Hough fusion,1,1,0,0.625,0.19444444444444445,0.9375,1.0,1.0,0,0,0,28,31,16325,0.0,0.0,0.0,0.9963989257811892,0.0
small,2000,409,CNN raster + Hough fusion,1,1,0,0.4913793103448276,0.0,0.7068965517241379,1.0,1.0,0,0,0,42,179,16163,0.0,0.0,0.0,0.9865112304686897,0.0
small,2000,410,CNN raster + Hough fusion,3,3,0,0.20697674418604653,0.0,0.5348837209302326,0.0,1.0,1,0,11,101,633,15639,0.0982142857134088,0.017080745341588384,0.029100528848051567,0.9552001953124417,0.01476510067112112
small,2000,411,CNN raster + Hough fusion,1,1,0,0.5081395348837209,0.0,0.7906976744186046,1.0,1.0,0,0,0,34,134,16216,0.0,0.0,0.0,0.9897460937499396,0.0
small,2000,412,CNN raster + Hough fusion,3,3,0,0.26494841628959276,0.07937254901960784,0.6461538461538461,0.0,1.0,1,0,1,71,258,16054,0.013888888888695987,0.0038610038609889537,0.006042295732057959,0.9799194335936902,0.0030303030302938475
small,2000,413,CNN raster + Hough fusion,4,4,0,0.34020833333333333,0.175,0.8072916666666666,0.0,1.0,1,1,6,145,589,15644,0.0397350993374852,0.01008403361342843,0.01608579056179158,0.9552001953124417,0.008108108108097152
small,2000,414,CNN raster + Hough fusion,2,2,0,0.5288461538461539,0.0,0.8942307692307693,1.0,1.0,0,0,0,92,170,16122,0.0,0.0,0.0,0.9840087890624399,0.0
small,2000,415,CNN raster + Hough fusion,4,3,1,0.2729842931937173,0.14444444444444446,0.6649214659685864,0.0,0.75,0,1,6,117,613,15648,0.04878048780448146,0.009693053311777555,0.016172506461922687,0.9554443359374417,0.008152173913032402
small,2000,416,CNN raster + Hough fusion,4,3,1,0.21632160392798694,0.07793689761774869,0.53125,0.0,0.75,1,0,30,90,657,15607,0.24999999999791667,0.043668122270678796,0.07434944212582284,0.9544067382811917,0.03861003860998892
small,2000,417,CNN raster + Hough fusion,1,1,0,0.5600714285714286,0.06999999999999998,0.8928571428571429,1.0,1.0,0,0,0,24,55,16305,0.0,0.0,0.0,0.9951782226561893,0.0
small,2000,418,CNN raster + Hough fusion,5,5,0,0.24047678241216355,0.024838709677419347,0.6464968152866242,0.0,1.0,3,0,10,171,593,15610,0.05524861878422515,0.016583747927004008,0.025510203726432354,0.9533691406249418,0.012919896640810181
small,2000,419,CNN raster + Hough fusion,1,1,0,0.5,0.0,0.75,1.0,1.0,0,0,0,43,61,16280,0.0,0.0,0.0,0.9936523437499393,0.0
small,2000,420,CNN raster + Hough fusion,5,4,1,0.20991974696105187,0.02172413793103448,0.6007194244604317,0.0,0.8,2,0,8,155,669,15552,0.049079754600925896,0.011816838995551231,0.01904761873478742,0.949707031249942,0.00961538461537306
small,2000,421,CNN raster + Hough fusion,4,3,1,0.5184782608695653,0.0,0.967391304347826,1.0,0.75,0,0,14,71,226,16073,0.16470588235100345,0.05833333333309028,0.08615384576704378,0.98187255859369,0.04501607717027326
small,2000,422,CNN raster + Hough fusion,1,1,0,0.50625,0.0,0.78125,1.0,1.0,0,0,0,28,26,16330,0.0,0.0,0.0,0.9967041015624392,0.0
small,2000,423,CNN raster + Hough fusion,2,2,0,0.5714485981308411,0.18888888888888888,0.6822429906542056,1.0,1.0,0,0,7,55,296,16026,0.1129032258046306,0.023102310230946856,0.038356164101332337,0.9785766601561903,0.019553072625643708
small,2000,424,CNN raster + Hough fusion,2,1,1,0.4638813025210084,0.1625,0.45378151260504207,1.0,0.5,0,0,0,55,271,16058,0.0,0.0,0.0,0.9801025390624402,0.0
small,2000,425,CNN raster + Hough fusion,2,2,0,0.45666666666666667,0.0,0.5333333333333333,1.0,1.0,0,0,0,38,82,16264,0.0,0.0,0.0,0.9926757812499394,0.0
small,2000,426,CNN raster + Hough fusion,2,2,0,0.6550378787878788,0.325,0.793939393939394,1.0,1.0,0,0,0,127,143,16114,0.0,0.0,0.0,0.9835205078124399,0.0
small,2000,427,CNN raster + Hough fusion,2,2,0,0.5614997129735936,0.08525641025641024,0.8656716417910448,1.0,1.0,0,0,0,52,211,16121,0.0,0.0,0.0,0.9839477539061899,0.0
small,2000,428,CNN raster + Hough fusion,3,2,1,0.4301801801801802,0.0,0.5675675675675675,1.0,0.6666666666666667,0,0,2,103,457,15822,0.019047619047437642,0.004357298474936041,0.007092198278513418,0.965820312499941,0.003558718861203632
small,2000,429,CNN raster + Hough fusion,4,3,1,0.5501535087719298,0.14166666666666666,0.8070175438596492,1.0,0.75,0,0,3,76,316,15989,0.03797468354382311,0.009404388714704061,0.015075376566159954,0.9760742187499404,0.007594936708841532
small,2000,430,CNN raster + Hough fusion,3,2,1,0.5344622132253711,0.2309986504723347,0.5692307692307692,1.0,0.6666666666666667,0,0,7,54,210,16113,0.11475409835877452,0.03225806451598038,0.0503597118872988,0.9838867187499399,0.025830258302487714
small,2000,431,CNN raster + Hough fusion,2,2,0,0.5523621530382595,0.062096774193548365,0.872093023255814,1.0,1.0,0,0,0,61,154,16169,0.0,0.0,0.0,0.9868774414061897,0.0
small,2000,432,CNN raster + Hough fusion,4,4,0,0.26636904761904767,0.07870370370370369,0.6547619047619048,0.0,1.0,1,0,4,140,302,15938,0.02777777777758488,0.013071895424793882,0.017777777342498777,0.9730224609374406,0.008968609865450743
small,2000,433,CNN raster + Hough fusion,3,2,1,0.4174768518518519,0.0018004115226337364,0.5,1.0,0.6666666666666667,0,0,3,72,549,15760,0.039999999999466664,0.005434782608685807,0.009569377779782213,0.9620971679686913,0.004807692307684603
small,2000,434,CNN raster + Hough fusion,1,1,0,0.5127118644067796,0.0,0.8135593220338984,1.0,1.0,0,0,2,43,58,16281,0.04444444444345679,0.03333333333277778,0.038095237604716566,0.9938354492186893,0.01941747572796682
small,2000,435,CNN raster + Hough fusion,5,4,1,0.2724503987089425,0.09190821256038648,0.7554585152838428,0.0,0.8,1,0,7,158,465,15754,0.04242424242398531,0.01483050847454485,0.021978021594089257,0.9619750976561913,0.011111111111093475
small,2000,436,CNN raster + Hough fusion,1,1,0,0.4833333333333334,0.0,0.6666666666666667,1.0,1.0,0,0,0,23,63,16298,0.0,0.0,0.0,0.9947509765624393,0.0
small,2000,437,CNN raster + Hough fusion,5,4,1,0.5362148549813602,0.15814068575468362,0.6752577319587629,1.0,0.8,0,0,0,114,631,15639,0.0,0.0,0.0,0.9545288085936917,0.0
small,2000,438,CNN raster + Hough fusion,5,5,0,0.6397776119402985,0.23399999999999999,0.9223880597014925,1.0,1.0,0,0,8,304,810,15262,0.02564102564094346,0.009779951100232543,0.014159291635630053,0.932006835937443,0.007130124777177246
small,2000,439,CNN raster + Hough fusion,2,2,0,0.6574652777777777,0.2881944444444444,0.8888888888888888,1.0,1.0,0,0,0,43,80,16261,0.0,0.0,0.0,0.9924926757811894,0.0
small,2000,440,CNN raster + Hough fusion,2,2,0,0.5141509433962265,0.0,0.8207547169811321,1.0,1.0,0,0,3,82,173,16126,0.0352941176466436,0.017045454545357698,0.022988505307731843,0.9844360351561899,0.011627906976699118
small,2000,441,CNN raster + Hough fusion,2,2,0,0.621608231707317,0.21875,0.8658536585365854,1.0,1.0,0,0,0,64,217,16103,0.0,0.0,0.0,0.9828491210936899,0.0
small,2000,442,CNN raster + Hough fusion,3,3,0,0.6637479674796748,0.26,0.983739837398374,1.0,1.0,0,0,0,126,386,15872,0.0,0.0,0.0,0.9687499999999408,0.0
small,2000,443,CNN raster + Hough fusion,4,4,0,0.44404019823788543,0.34750000000000003,0.9383259911894273,0.0,1.0,1,0,20,210,642,15512,0.08695652173875237,0.03021148036249213,0.044843048944529354,0.9479980468749422,0.02293577981648746
small,2000,444,CNN raster + Hough fusion,3,3,0,0.5853262032085561,0.10464646464646464,0.9411764705882353,1.0,1.0,0,0,1,70,135,16178,0.014084507042055147,0.007352941176416523,0.009661835297999976,0.9874877929686897,0.00485436893201527
small,2000,445,CNN raster + Hough fusion,5,4,1,0.3536481792717087,0.27695238095238095,0.7450980392156863,0.0,0.8,1,4,2,155,625,15602,0.012738853503103576,0.0031897926634717865,0.005102040496007543,0.9523925781249418,0.0025575447570299775
small,2000,446,CNN raster + Hough fusion,5,4,1,0.3616688866260933,0.32343825249398006,0.6806083650190113,0.0,0.8,0,2,16,151,742,15475,0.09580838323295923,0.02110817941949722,0.03459459429862849,0.9454956054686923,0.017601760175998238
small,2000,447,CNN raster + Hough fusion,4,4,0,0.3718064775670048,0.3095192915876028,0.662613981762918,0.0,1.0,0,2,7,201,697,15479,0.03365384615368436,0.009943181818167694,0.015350876840840457,0.9451904296874423,0.0077348066298257075
small,2000,448,CNN raster + Hough fusion,1,1,0,0.4954545454545455,0.0,0.7272727272727273,1.0,1.0,0,0,3,37,119,16225,0.07499999999812501,0.02459016393422467,0.03703703666468527,0.9904785156249395,0.01886792452818322
small,2000,449,CNN raster + Hough fusion,4,3,1,0.4696153846153846,0.0,0.7230769230769231,1.0,0.75,0,0,0,84,242,16058,0.0,0.0,0.0,0.9801025390624402,0.0
small,2000,450,CNN raster + Hough fusion,4,4,0,0.46501865472764103,0.4002510985561833,0.9245283018867925,0.0,1.0,1,0,4,212,390,15778,0.018518518518432784,0.010152284263933624,0.013114753640892249,0.9632568359374412,0.006600660065995708
small,2000,451,CNN raster + Hough fusion,4,4,0,0.36610235331093954,0.1599113197704747,0.9707112970711297,0.0,1.0,0,2,4,218,420,15742,0.018018018017936857,0.009433962264128693,0.012383900477642857,0.9610595703124413,0.006230529595005871
small,2000,452,CNN raster + Hough fusion,4,4,0,0.5537237837302242,0.06018099547511312,0.8832116788321168,1.0,1.0,0,0,0,118,487,15779,0.0,0.0,0.0,0.9630737304686912,0.0
small,2000,453,CNN raster + Hough fusion,3,2,1,0.27058150183150187,0.0673076923076923,0.8681318681318682,0.0,0.6666666666666667,1,0,1,79,188,16116,0.012499999999843749,0.005291005290977297,0.007434943819958288,0.9837036132811899,0.0037313432835681666
small,2000,454,CNN raster + Hough fusion,1,1,0,0.5035714285714286,0.0,0.7678571428571428,1.0,1.0,0,0,0,43,177,16164,0.0,0.0,0.0,0.9865722656249397,0.0
small,2000,455,CNN raster + Hough fusion,4,3,1,0.5006672932330827,0.01944444444444445,0.8345864661654135,1.0,0.75,0,0,3,89,230,16062,0.032608695651819466,0.012875536480631436,0.018461538055536103,0.9805297851561902,0.00931677018630647
small,2000,456,CNN raster + Hough fusion,5,4,1,0.27389047755388124,0.13392449645646576,0.6681222707423581,0.0,0.8,1,0,14,137,673,15560,0.09271523178746546,0.020378457059650103,0.03341288753263823,0.9505615234374419,0.016990291262115303
small,2000,457,CNN raster + Hough fusion,2,2,0,0.2197452229299363,0.0,0.5987261146496815,0.0,1.0,1,0,5,79,275,16025,0.05952380952310091,0.01785714285707908,0.02747252711734694,0.9783935546874403,0.013927576601632513
small,2000,458,CNN raster + Hough fusion,2,2,0,0.5123798076923076,0.010416666666666654,0.7884615384615384,1.0,1.0,0,0,0,41,69,16274,0.0,0.0,0.0,0.9932861328124394,0.0
small,2000,459,CNN raster + Hough fusion,5,4,1,0.31427934873408336,0.22388092133854848,0.6676646706586826,0.0,0.8,4,3,10,184,443,15747,0.05154639175231162,0.02207505518758924,0.030911900661944686,0.9617309570311913,0.01569858712713391
small,2000,460,CNN raster + Hough fusion,3,2,1,0.5498494983277592,0.1655270655270655,0.7934782608695652,1.0,0.6666666666666667,0,0,0,69,165,16150,0.0,0.0,0.0,0.9857177734374398,0.0
small,2000,461,CNN raster + Hough fusion,1,1,0,0.7495172413793103,0.52,0.8275862068965517,1.0,1.0,0,0,0,26,40,16318,0.0,0.0,0.0,0.9959716796874392,0.0
small,2000,462,CNN raster + Hough fusion,3,2,1,0.6181111111111111,0.26,0.9222222222222223,1.0,0.6666666666666667,0,0,0,85,249,16050,0.0,0.0,0.0,0.9796142578124402,0.0
small,2000,463,CNN raster + Hough fusion,5,4,1,0.22882477883857408,0.01598639455782313,0.7081545064377682,0.0,0.8,2,0,15,123,481,15765,0.1086956521731254,0.030241935483809997,0.04731861164665785,0.9631347656249412,0.024232633279443888
small,2000,464,CNN raster + Hough fusion,5,5,0,0.2516558267997149,0.02663043478260869,0.6983606557377049,0.0,1.0,2,0,10,177,567,15630,0.05347593582859104,0.017331022530299254,0.02617801010142609,0.9545898437499417,0.013262599469478432
small,2000,465,CNN raster + Hough fusion,1,1,0,0.6538950617283951,0.39,0.6419753086419753,1.0,1.0,0,0,0,53,248,16083,0.0,0.0,0.0,0.98162841796869,0.0
small,2000,466,CNN raster + Hough fusion,3,2,1,0.2671736596736597,0.13787878787878788,0.6923076923076923,0.0,0.6666666666666667,1,0,0,52,146,16186,0.0,0.0,0.0,0.9879150390624397,0.0
small,2000,467,CNN raster + Hough fusion,3,2,1,0.47518606761969595,0.01794871794871794,0.752212389380531,1.0,0.6666666666666667,0,0,12,74,216,16082,0.13953488371930772,0.05263157894713758,0.07643312062087712,0.98229980468744,0.03973509933761677
small,2000,468,CNN raster + Hough fusion,3,3,0,0.6176296296296296,0.17333333333333334,0.9481481481481482,1.0,1.0,0,0,0,128,428,15828,0.0,0.0,0.0,0.966064453124941,0.0
small,2000,469,CNN raster + Hough fusion,5,4,1,0.4875582750582751,0.008249158249158246,0.7692307692307692,1.0,0.8,0,0,2,174,526,15682,0.011363636363571798,0.003787878787871614,0.005681817806802067,0.9572753906249415,0.0028490028489987908
small,2000,470,CNN raster + Hough fusion,4,3,1,0.17231800766283528,0.0,0.48659003831417624,0.0,0.75,2,0,8,103,461,15812,0.07207207207142277,0.017057569296338896,0.027586206586950063,0.965576171874941,0.013986013985989535
small,2000,471,CNN raster + Hough fusion,5,4,1,0.21185892368501066,0.05681159420289854,0.5314685314685315,0.0,0.8,2,0,18,111,699,15556,0.13953488371984857,0.025104602510425237,0.04255319123079825,0.9505615234374419,0.021739130434756355
small,2000,472,CNN raster + Hough fusion,2,2,0,0.7845550964187328,0.5359259259259259,0.9669421487603306,1.0,1.0,0,0,5,113,118,16148,0.04237288135557311,0.04065040650373455,0.04149377543348083,0.9859008789061898,0.02118644067787633
small,2000,473,CNN raster + Hough fusion,2,2,0,0.5804741379310345,0.175,0.7586206896551724,1.0,1.0,0,0,2,54,76,16252,0.03571428571364796,0.02564102564069691,0.02985074578168858,0.9920654296874394,0.015151515151400369
small,2000,474,CNN raster + Hough fusion,4,4,0,0.300777027027027,0.08881381381381381,0.8040540540540541,0.0,1.0,1,0,7,104,456,15817,0.06306306306249493,0.015118790496727605,0.02439024359038595,0.965820312499941,0.012345679012323906
small,2000,475,CNN raster + Hough fusion,5,4,1,0.30480343768004614,0.17585365853658538,0.7283464566929134,0.0,0.8,3,0,20,156,462,15746,0.11363636363571798,0.04149377593352387,0.06079027316417993,0.9622802734374413,0.031347962382396004
small,2000,476,CNN raster + Hough fusion,1,1,0,0.601020618556701,0.26,0.6701030927835052,1.0,1.0,0,0,0,66,98,16220,0.0,0.0,0.0,0.9899902343749396,0.0
small,2000,477,CNN raster + Hough fusion,1,1,0,0.4981481481481481,0.0,0.7407407407407407,1.0,1.0,0,0,0,26,69,16289,0.0,0.0,0.0,0.9942016601561893,0.0
small,2000,478,CNN raster + Hough fusion,4,4,0,0.30690321583178726,0.13552188552188552,0.7295918367346939,0.0,1.0,1,0,4,132,411,15837,0.02941176470566609,0.009638554216844245,0.014519055889486541,0.9668579101561909,0.0073126142595844375
small,2000,479,CNN raster + Hough fusion,5,4,1,0.2644242424242424,0.11649831649831648,0.6599999999999999,0.0,0.8,2,0,4,115,282,15983,0.03361344537786879,0.013986013985965084,0.019753086004670028,0.9757690429686904,0.009975062344114776
small,2000,480,CNN raster + Hough fusion,2,1,1,0.4631578947368421,0.0,0.8157894736842105,1.0,0.5,0,0,0,31,72,16281,0.0,0.0,0.0,0.9937133789061893,0.0
small,2000,481,CNN raster + Hough fusion,3,3,0,0.32673076923076927,0.07222222222222223,0.9711538461538461,0.0,1.0,1,0,1,102,198,16083,0.00970873786398341,0.005025125628115452,0.006622516106771664,0.98168945312494,0.0033222591362015875
small,2000,482,CNN raster + Hough fusion,5,4,1,0.32360691905879174,0.09877955758962624,0.9957805907172996,0.0,0.8,0,1,15,215,376,15778,0.06521739130406427,0.038363171355400606,0.048309178277413455,0.9639282226561912,0.024752475247483908
small,2000,483,CNN raster + Hough fusion,2,2,0,0.5680128205128205,0.14259259259259258,0.7692307692307692,1.0,1.0,0,0,1,70,249,16064,0.014084507042055147,0.003999999999984,0.006230529250453722,0.9805297851561902,0.0031249999999902345
small,2000,484,CNN raster + Hough fusion,2,2,0,0.590877358490566,0.17888888888888888,0.8018867924528301,1.0,1.0,0,0,0,86,301,15997,0.0,0.0,0.0,0.9763793945311904,0.0
small,2000,485,CNN raster + Hough fusion,4,4,0,0.6426496655518394,0.31699925678186547,0.75,1.0,1.0,0,0,0,168,393,15823,0.0,0.0,0.0,0.965759277343691,0.0
small,2000,486,CNN raster + Hough fusion,2,2,0,0.5630275041050903,0.13477011494252872,0.7619047619047619,1.0,1.0,0,0,2,55,110,16217,0.03508771929763004,0.017857142856983418,0.023668638605931176,0.9899291992186896,0.011976047904119904
small,2000,487,CNN raster + Hough fusion,2,2,0,0.4979166666666667,0.0,0.7395833333333333,1.0,1.0,0,0,0,56,196,16132,0.0,0.0,0.0,0.9846191406249398,0.0
small,2000,488,CNN raster + Hough fusion,4,4,0,0.25992404435629285,0.025443262411347513,0.7423728813559323,0.0,1.0,1,0,5,209,453,15717,0.023364485981199234,0.010917030567661754,0.014880951946827183,0.9595947265624414,0.00749625187405173
small,2000,489,CNN raster + Hough fusion,4,4,0,0.618988782051282,0.19319444444444445,0.9102564102564102,1.0,1.0,0,0,4,210,234,15936,0.018691588784959388,0.016806722689005016,0.017699114545579157,0.9729003906249406,0.0089285714285515
small,2000,490,CNN raster + Hough fusion,4,3,1,0.36057910628019324,0.21486714975845408,0.9444444444444444,0.0,0.75,0,1,6,174,196,16008,0.03333333333314815,0.02970297029688266,0.03141361206693896,0.9774169921874403,0.0159574468084682
small,2000,491,CNN raster + Hough fusion,4,3,1,0.45325532662773094,0.024094202898550715,0.5870646766169154,1.0,0.75,0,0,9,94,622,15659,0.08737864077585068,0.01426307448492193,0.02452316052160533,0.9562988281249416,0.012413793103431154
small,2000,492,CNN raster + Hough fusion,3,2,1,0.5904628942486085,0.2758585858585858,0.7482993197278911,1.0,0.6666666666666667,0,0,0,112,418,15854,0.0,0.0,0.0,0.9676513671874409,0.0
small,2000,493,CNN raster + Hough fusion,2,2,0,0.47475,0.01944444444444445,0.5800000000000001,1.0,1.0,0,0,5,46,62,16271,0.09803921568435219,0.07462686567052795,0.0847457622196208,0.9934082031249394,0.04424778761022789
small,2000,494,CNN raster + Hough fusion,3,3,0,0.49782608695652175,0.0,0.7391304347826086,1.0,1.0,0,0,0,72,360,15952,0.0,0.0,0.0,0.9736328124999406,0.0
small,2000,495,CNN raster + Hough fusion,1,1,0,0.5058441558441559,0.0,0.7792207792207793,1.0,1.0,0,0,0,61,78,16245,0.0,0.0,0.0,0.9915161132811895,0.0
small,2000,496,CNN raster + Hough fusion,3,2,1,0.4635273060273061,0.06445221445221444,0.5892857142857143,1.0,0.6666666666666667,0,0,5,55,328,15996,0.08333333333194445,0.015015015014969926,0.025445292362009472,0.9766235351561904,0.012886597938111118
small,2000,497,CNN raster + Hough fusion,3,3,0,0.7458357570573139,0.44317460317460317,0.9820359281437125,1.0,1.0,0,0,0,169,515,15700,0.0,0.0,0.0,0.9582519531249415,0.0
small,2000,498,CNN raster + Hough fusion,5,5,0,0.34298677615474754,0.2397025171624714,0.675603217158177,0.0,1.0,3,4,9,222,749,15404,0.0389610389608703,0.011873350923467186,0.018200201866403042,0.9407348632811926,0.009183673469378385
small,2000,499,CNN raster + Hough fusion,3,3,0,0.23195876288659795,0.0,0.6597938144329897,0.0,1.0,1,0,4,124,251,16005,0.031249999999755862,0.015686274509742408,0.020887728014397818,0.9771118164061904,0.010554089709734687
small,2000,500,CNN raster + Hough fusion,5,4,1,0.3019519681799479,0.17636714975845408,0.7129337539432177,0.0,0.8,2,0,0,227,764,15393,0.0,0.0,0.0,0.9395141601561926,0.0
small,2000,501,CNN raster + Hough fusion,2,2,0,0.486551724137931,0.0,0.6827586206896552,1.0,1.0,0,0,0,100,387,15897,0.0,0.0,0.0,0.9702758789061907,0.0
small,2000,502,CNN raster + Hough fusion,5,4,1,0.20672612755461592,0.026798801973220578,0.5733333333333333,0.0,0.8,1,0,21,131,895,15337,0.13815789473593318,0.02292576419211471,0.03932584245242254,0.9373779296874427,0.020057306590238723
small,2000,503,CNN raster + Hough fusion,5,5,0,0.49572547440028647,0.021491228070175436,0.6802721088435374,1.0,1.0,0,0,1,181,707,15495,0.0054945054944753055,0.0014124293785290785,0.002247190685878093,0.9458007812499423,0.0011248593925746626
small,2000,504,CNN raster + Hough fusion,3,2,1,0.550956715210356,0.1625,0.8058252427184466,1.0,0.6666666666666667,0,0,54,29,271,16030,0.6506024096307156,0.16615384615333492,0.2647058820275495,0.98168945312494,0.15254237288092504
small,2000,505,CNN raster + Hough fusion,1,1,0,0.6339705882352941,0.21274509803921565,0.9411764705882353,1.0,1.0,0,0,0,31,107,16246,0.0,0.0,0.0,0.9915771484374395,0.0
small,2000,506,CNN raster + Hough fusion,1,1,0,0.6696212121212121,0.27929292929292926,0.9696969696969697,1.0,1.0,0,0,0,32,104,16248,0.0,0.0,0.0,0.9916992187499395,0.0
small,2000,507,CNN raster + Hough fusion,4,3,1,0.2521382783882784,0.07129629629629629,0.7252747252747253,0.0,0.75,1,0,35,94,415,15840,0.2713178294552611,0.07777777777760495,0.12089809982597595,0.9689331054686908,0.06433823529399937
small,2000,508,CNN raster + Hough fusion,3,3,0,0.6175,0.15000000000000002,1.0,1.0,1.0,0,0,11,152,373,15848,0.0674846625762731,0.028645833333258736,0.04021937800925775,0.9679565429686909,0.020522388059663204
small,2000,509,CNN raster + Hough fusion,5,3,2,0.19369602213869241,0.06308063916759568,0.5265486725663717,0.0,0.6,3,0,7,103,586,15688,0.06363636363578512,0.011804384485646198,0.019914651229564827,0.9579467773436915,0.010057471264353366
small,2000,510,CNN raster + Hough fusion,4,3,1,0.49080379746835445,0.04777777777777777,0.7215189873417722,1.0,0.75,0,0,0,105,251,16028,0.0,0.0,0.0,0.9782714843749403,0.0
small,2000,511,CNN raster + Hough fusion,3,3,0,0.3807615546218487,0.25416666666666665,0.8319327731092436,0.0,1.0,0,1,0,113,107,16164,0.0,0.0,0.0,0.9865722656249397,0.0
small,2000,512,CNN raster + Hough fusion,1,1,0,0.5325,0.016666666666666684,0.875,1.0,1.0,0,0,0,31,93,16260,0.0,0.0,0.0,0.9924316406249394,0.0
small,2000,513,CNN raster + Hough fusion,1,1,0,0.48750000000000004,0.0,0.6875,1.0,1.0,0,0,0,45,201,16138,0.0,0.0,0.0,0.9849853515624398,0.0
small,2000,514,CNN raster + Hough fusion,1,1,0,0.4712121212121212,0.0,0.6060606060606061,1.0,1.0,0,0,0,59,100,16225,0.0,0.0,0.0,0.9902954101561895,0.0
small,2000,515,CNN raster + Hough fusion,4,3,1,0.2686904981549816,0.0975,0.7490774907749078,0.0,0.75,2,0,9,196,753,15426,0.043902439024176086,0.011811023622031744,0.01861427060690908,0.9420776367186925,0.009394572025042385
small,2000,516,CNN raster + Hough fusion,5,4,1,0.6713273965170583,0.33338455264660305,0.9565217391304348,1.0,0.8,0,0,7,260,501,15616,0.026217228464321285,0.013779527559027994,0.018064515677336124,0.9535522460936918,0.009114583333321465
small,2000,517,CNN raster + Hough fusion,3,3,0,0.5281021897810219,0.0,0.8905109489051095,1.0,1.0,0,0,0,102,180,16102,0.0,0.0,0.0,0.9827880859374399,0.0
small,2000,518,CNN raster + Hough fusion,3,2,1,0.4438993940456707,0.0800531914893617,0.4560439560439561,1.0,0.6666666666666667,0,0,11,57,522,15794,0.16176470587997405,0.020637898686640455,0.03660565703712891,0.964660644531191,0.01864406779657857
small,2000,519,CNN raster + Hough fusion,2,1,1,0.3747663551401869,0.0,0.3738317757009346,1.0,0.5,0,0,2,33,199,16150,0.057142857141224496,0.009950248756169401,0.016949152289607874,0.9858398437499398,0.008547008546972022
small,2000,520,CNN raster + Hough fusion,1,1,0,0.5951553398058252,0.26,0.6407766990291262,1.0,1.0,0,0,0,67,104,16213,0.0,0.0,0.0,0.9895629882811896,0.0
small,2000,521,CNN raster + Hough fusion,5,5,0,0.23692487046632127,0.023333333333333334,0.6321243523316062,0.0,1.0,1,0,26,211,1160,14987,0.10970464134974808,0.02192242833050428,0.03654251553399255,0.916320800781194,0.018611309949879303
small,2000,522,CNN raster + Hough fusion,2,2,0,0.6494,0.26,0.912,1.0,1.0,0,0,0,116,389,15879,0.0,0.0,0.0,0.9691772460936908,0.0
small,2000,523,CNN raster + Hough fusion,3,3,0,0.27263157894736845,0.0,0.8631578947368421,0.0,1.0,1,0,4,89,248,16043,0.04301075268770956,0.015873015872952884,0.023188405403167404,0.9794311523436902,0.011730205278557976
small,2000,524,CNN raster + Hough fusion,3,2,1,0.4610275689223058,0.0,0.7218045112781954,1.0,0.6666666666666667,0,0,1,94,127,16162,0.01052631578936288,0.0078124999999389655,0.008968609376339788,0.9865112304686897,0.004504504504484214
small,2000,525,CNN raster + Hough fusion,3,3,0,0.5111893203883495,0.03888888888888889,0.7184466019417476,1.0,1.0,0,0,16,127,497,15744,0.11188811188732946,0.03118908382060197,0.048780487463791086,0.9619140624999413,0.02499999999996094
small,2000,526,CNN raster + Hough fusion,2,2,0,0.34135832083958023,0.15954022988505745,0.8478260869565217,0.0,1.0,0,1,0,107,260,16017,0.0,0.0,0.0,0.9776000976561903,0.0
small,2000,527,CNN raster + Hough fusion,2,2,0,0.6241131756756756,0.21875,0.8783783783783784,1.0,1.0,0,0,4,50,177,16153,0.07407407407270233,0.02209944751369006,0.034042552837229526,0.9861450195311898,0.017316017315942355
small,2000,528,CNN raster + Hough fusion,5,5,0,0.2941534064531105,0.13928240740740738,0.6573816155988859,0.0,1.0,2,4,36,184,909,15255,0.16363636363561984,0.038095238095197784,0.061802574800829645,0.933288574218693,0.0318866253321241
small,2000,529,CNN raster + Hough fusion,4,4,0,0.45991948675461514,0.4075414781297134,0.8826291079812206,0.0,1.0,0,4,11,136,582,15655,0.07482993197228008,0.0185497470488726,0.029729729411274657,0.9561767578124416,0.015089163237290688
small,2000,530,CNN raster + Hough fusion,5,4,1,0.22121674491392804,0.052469135802469126,0.5880281690140845,0.0,0.8,0,1,10,152,705,15517,0.061728395061347356,0.013986013985994425,0.022805016802512977,0.9476928710936922,0.011534025374842521
small,2000,531,CNN raster + Hough fusion,3,3,0,0.5422903256342294,0.02763157894736842,0.8992805755395683,1.0,1.0,0,0,2,118,385,15879,0.016666666666527778,0.005167958656317396,0.007889545989721821,0.9692993164061908,0.003960396039596118
small,2000,532,CNN raster + Hough fusion,2,1,1,0.4074074074074074,0.0,0.537037037037037,1.0,0.5,0,0,0,26,172,16186,0.0,0.0,0.0,0.9879150390624397,0.0
small,2000,533,CNN raster + Hough fusion,2,2,0,0.55,0.0,1.0,1.0,1.0,0,0,2,58,148,16176,0.03333333333277778,0.013333333333244445,0.019047618639274386,0.9874267578124397,0.009615384615338387
small,2000,534,CNN raster + Hough fusion,4,3,1,0.5894509425173518,0.18602267061469113,0.9037037037037037,1.0,0.75,0,0,0,123,281,15980,0.0,0.0,0.0,0.9753417968749405,0.0
small,2000,535,CNN raster + Hough fusion,3,2,1,0.17683615819209042,0.0,0.5508474576271186,0.0,0.6666666666666667,2,0,8,45,305,16026,0.15094339622356712,0.025559105431228246,0.0437158467466183,0.9786376953124403,0.02234636871502138
small,2000,536,CNN raster + Hough fusion,4,4,0,0.3303939195815626,0.26052449965493446,0.5657894736842105,0.0,1.0,4,2,29,174,943,15238,0.14285714285643913,0.029835390946471363,0.0493617018417398,0.931823730468693,0.025305410122141967
small,2000,537,CNN raster + Hough fusion,4,3,1,0.484349593495935,0.0,0.7967479674796748,1.0,0.75,0,0,2,84,167,16131,0.023255813953217956,0.011834319526557195,0.01568627406265284,0.9846801757811898,0.007905138339889704
small,2000,538,CNN raster + Hough fusion,1,1,0,0.603,0.26,0.6799999999999999,1.0,1.0,0,0,0,20,41,16323,0.0,0.0,0.0,0.9962768554686892,0.0
small,2000,539,CNN raster + Hough fusion,2,2,0,0.5095744680851064,0.0,0.7978723404255319,1.0,1.0,0,0,6,61,232,16085,0.08955223880463355,0.02521008403350752,0.0393442619519914,0.98211669921869,0.02006688963203991
small,2000,540,CNN raster + Hough fusion,2,2,0,0.5108695652173914,0.0,0.8043478260869565,1.0,1.0,0,0,19,54,267,16044,0.26027397259917434,0.06643356643333415,0.10584958184812344,0.9804077148436902,0.05588235294101211
small,2000,541,CNN raster + Hough fusion,2,2,0,0.4125882352941177,0.26,0.9779411764705882,0.0,1.0,0,1,0,111,138,16135,0.0,0.0,0.0,0.9848022460936898,0.0
small,2000,542,CNN raster + Hough fusion,3,3,0,0.31819747899159667,0.07091503267973855,0.9314285714285714,0.0,1.0,0,1,0,163,364,15857,0.0,0.0,0.0,0.9678344726561909,0.0
small,2000,543,CNN raster + Hough fusion,5,5,0,0.39320912461522983,0.20962826693521722,0.9943820224719101,0.0,1.0,1,0,7,169,360,15848,0.03977272727250129,0.019073569482236857,0.025782688327883094,0.9677124023436909,0.013059701492512949
small,2000,544,CNN raster + Hough fusion,3,2,1,0.21710914454277289,0.0,0.752212389380531,0.0,0.6666666666666667,1,0,2,85,289,16008,0.0229885057468622,0.006872852233653358,0.010582010227583226,0.9771728515624404,0.005319148936156066
small,2000,545,CNN raster + Hough fusion,5,4,1,0.2627108657416455,0.037770177838577286,0.8285714285714285,0.0,0.8,1,0,3,122,267,15992,0.023999999999807998,0.011111111111069959,0.01518987298502164,0.9762573242186904,0.007653061224470273
small,2000,546,CNN raster + Hough fusion,2,2,0,0.5532417582417583,0.08412698412698413,0.8269230769230769,1.0,1.0,0,0,4,76,175,16129,0.049999999999374996,0.02234636871495896,0.03088803046084585,0.9846801757811898,0.015686274509742408
small,2000,547,CNN raster + Hough fusion,2,2,0,0.5122058823529412,0.004901960784313707,0.8,1.0,1.0,0,0,7,66,232,16079,0.09589041095759054,0.02928870292874775,0.04487179451304652,0.98181152343744,0.0229508196720559
small,2000,548,CNN raster + Hough fusion,3,2,1,0.4807262455059066,0.10343434343434343,0.5875706214689266,1.0,0.6666666666666667,0,0,20,86,490,15788,0.18867924528123886,0.039215686274432913,0.06493506464991988,0.964843749999941,0.03355704697980947
small,2000,549,CNN raster + Hough fusion,1,1,0,0.5061643835616438,0.0,0.7808219178082192,1.0,1.0,0,0,8,50,66,16260,0.13793103448038052,0.10810810810664719,0.12121212071763086,0.9929199218749394,0.06451612903173777
small,2000,550,CNN raster + Hough fusion,3,2,1,0.203716221899775,0.05688705234159779,0.5572519083969465,0.0,0.6666666666666667,1,0,2,64,160,16158,0.030303030302571164,0.012345679012269472,0.017543859237611585,0.9863281249999398,0.008849557522084738
small,2000,551,CNN raster + Hough fusion,5,4,1,0.2715205416308957,0.14079916020147956,0.6408045977011494,0.0,0.8,1,0,3,218,641,15522,0.01357466063342274,0.004658385093160468,0.006936415804524062,0.9475708007811922,0.0034802784222697446
small,2000,552,CNN raster + Hough fusion,1,1,0,0.4603448275862069,0.0,0.5517241379310345,1.0,1.0,0,0,0,29,53,16302,0.0,0.0,0.0,0.9949951171874393,0.0
small,2000,553,CNN raster + Hough fusion,5,4,1,0.2144398340248963,0.0,0.6721991701244814,0.0,0.8,1,0,10,136,550,15688,0.06849315068446238,0.01785714285711097,0.028328611569870557,0.9581298828124415,0.01436781609193338
small,2000,554,CNN raster + Hough fusion,3,3,0,0.5010959328028294,0.05725022104332448,0.6266666666666667,1.0,1.0,0,0,2,139,598,15645,0.01418439716301997,0.0033333333333277777,0.005398110353102747,0.9550170898436917,0.002706359945869139
small,2000,555,CNN raster + Hough fusion,4,4,0,0.5071716448445172,0.020192307692307686,0.7404255319148936,1.0,1.0,0,0,4,162,621,15597,0.024096385542023518,0.00639999999998976,0.010113779693620243,0.9522094726561918,0.005082592121975753
small,2000,556,CNN raster + Hough fusion,2,2,0,0.4790780141843971,0.0,0.6453900709219857,1.0,1.0,0,0,5,75,251,16053,0.06249999999921875,0.019531249999923707,0.02976190439891582,0.9801025390624402,0.015105740181223246
small,2000,557,CNN raster + Hough fusion,3,2,1,0.4482456140350878,0.0,0.6578947368421053,1.0,0.6666666666666667,0,0,0,75,331,15978,0.0,0.0,0.0,0.9752197265624405,0.0
small,2000,558,CNN raster + Hough fusion,3,3,0,0.5910714285714286,0.11666666666666667,0.9428571428571428,1.0,1.0,0,0,0,104,238,16042,0.0,0.0,0.0,0.9791259765624402,0.0
small,2000,559,CNN raster + Hough fusion,2,2,0,0.5373015873015873,0.0,0.9365079365079365,1.0,1.0,0,0,0,63,187,16134,0.0,0.0,0.0,0.9847412109374398,0.0
small,2000,560,CNN raster + Hough fusion,3,3,0,0.5325117750956727,0.06240310077519381,0.7721518987341772,1.0,1.0,0,0,6,116,495,15767,0.04918032786844934,0.011976047904167713,0.01926163692414636,0.9627075195311913,0.00972447325768278
small,2000,561,CNN raster + Hough fusion,3,3,0,0.5574773755656108,0.02516339869281044,0.9807692307692307,1.0,1.0,0,0,0,104,211,16069,0.0,0.0,0.0,0.9807739257811902,0.0
small,2000,562,CNN raster + Hough fusion,2,2,0,0.5469494047619048,0.09374999999999999,0.7738095238095238,1.0,1.0,0,0,0,53,231,16100,0.0,0.0,0.0,0.98266601562494,0.0
small,2000,563,CNN raster + Hough fusion,4,4,0,0.4976190476190476,0.0,0.7380952380952381,1.0,1.0,0,0,3,169,596,15616,0.017441860465014874,0.005008347245400654,0.007782100820656733,0.9533081054686918,0.003906249999994914
small,2000,564,CNN raster + Hough fusion,2,2,0,0.579793956043956,0.08525641025641024,0.9571428571428572,1.0,1.0,0,0,0,71,219,16094,0.0,0.0,0.0,0.98229980468744,0.0
small,2000,565,CNN raster + Hough fusion,4,3,1,0.18916309012875537,0.0,0.5708154506437768,0.0,0.75,2,0,7,102,463,15812,0.06422018348564935,0.014893617021244908,0.024179619728827925,0.965515136718691,0.012237762237740844
small,2000,566,CNN raster + Hough fusion,2,2,0,0.5340909090909091,0.0,0.9204545454545454,1.0,1.0,0,0,0,89,207,16088,0.0,0.0,0.0,0.98193359374994,0.0
small,2000,567,CNN raster + Hough fusion,2,2,0,0.525,0.0,0.875,1.0,1.0,0,0,0,43,152,16189,0.0,0.0,0.0,0.9880981445311897,0.0
small,2000,568,CNN raster + Hough fusion,2,2,0,0.5169707491582491,0.05170454545454545,0.7185185185185186,1.0,1.0,0,0,1,70,120,16193,0.014084507042055147,0.008264462809849054,0.0104166662004666,0.9884033203124396,0.005235602094213427
small,2000,569,CNN raster + Hough fusion,3,2,1,0.25810428849902534,0.09619883040935673,0.7407407407407407,0.0,0.6666666666666667,1,0,3,79,284,16018,0.03658536585321237,0.010452961672437446,0.016260162255858877,0.9778442382811903,0.008196721311453015
small,2000,570,CNN raster + Hough fusion,4,4,0,0.47509363295880147,0.0,0.6254681647940075,1.0,1.0,0,0,3,146,663,15572,0.020134228187784334,0.004504504504497741,0.007361962891369653,0.9506225585936919,0.0036945812807836274
small,2000,571,CNN raster + Hough fusion,1,1,0,0.7059512195121951,0.52,0.6097560975609756,1.0,1.0,0,0,0,51,255,16078,0.0,0.0,0.0,0.98132324218744,0.0
small,2000,572,CNN raster + Hough fusion,5,5,0,0.32289290993559283,0.14688552188552184,0.7839721254355401,0.0,1.0,1,6,0,201,721,15462,0.0,0.0,0.0,0.9437255859374424,0.0
small,2000,573,CNN raster + Hough fusion,3,3,0,0.5416148190045249,0.033653846153846145,0.8823529411764706,1.0,1.0,0,0,1,75,293,16015,0.013157894736668974,0.003401360544206118,0.005405405078948157,0.9775390624999403,0.0027100271002636588
small,2000,574,CNN raster + Hough fusion,1,1,0,0.6727777777777778,0.28518518518518515,0.9722222222222222,1.0,1.0,0,0,0,35,113,16236,0.0,0.0,0.0,0.9909667968749395,0.0
small,2000,575,CNN raster + Hough fusion,3,3,0,0.6270114942528736,0.22222222222222224,0.8850574712643678,1.0,1.0,0,0,10,166,373,15835,0.05681818181785899,0.026109660574344364,0.0357781748814936,0.9671020507811909,0.018214936247689956
small,2000,576,CNN raster + Hough fusion,5,4,1,0.30683688051079355,0.2142268842268842,0.6521739130434783,0.0,0.8,1,0,7,122,522,15733,0.054263565891052225,0.013232514177668749,0.021276595429389054,0.9606933593749414,0.010752688172026494
small,2000,577,CNN raster + Hough fusion,3,3,0,0.5588541666666667,0.06481481481481481,0.8984375,1.0,1.0,0,0,10,92,167,16115,0.09803921568531333,0.05649717514092375,0.07168458734923756,0.9841918945311899,0.037174721189452885
small,2000,578,CNN raster + Hough fusion,3,3,0,0.5987272727272727,0.11717171717171714,0.98,1.0,1.0,0,0,0,96,155,16133,0.0,0.0,0.0,0.9846801757811898,0.0
small,2000,579,CNN raster + Hough fusion,1,1,0,0.6191666666666666,0.18333333333333332,0.9333333333333333,1.0,1.0,0,0,0,28,89,16267,0.0,0.0,0.0,0.9928588867186894,0.0
small,2000,580,CNN raster + Hough fusion,5,4,1,0.25353076790732354,0.054387031408308,0.7452830188679245,0.0,0.8,2,0,7,133,470,15774,0.04999999999964286,0.014675052410870703,0.02269043725038549,0.9631958007811912,0.011475409836046762
small,2000,581,CNN raster + Hough fusion,2,2,0,0.5916325301204819,0.13,0.9156626506024097,1.0,1.0,0,0,0,76,207,16101,0.0,0.0,0.0,0.98272705078119,0.0
small,2000,582,CNN raster + Hough fusion,1,1,0,0.513265306122449,0.0,0.8163265306122449,1.0,1.0,0,0,0,39,50,16295,0.0,0.0,0.0,0.9945678710936893,0.0
small,2000,583,CNN raster + Hough fusion,2,2,0,0.6213556034482758,0.22454022988505745,0.8515625,1.0,1.0,0,0,0,111,274,15999,0.0,0.0,0.0,0.9765014648436904,0.0
small,2000,584,CNN raster + Hough fusion,4,3,1,0.18928571428571428,0.0,0.5714285714285714,0.0,0.75,1,0,8,86,442,15848,0.08510638297781802,0.01777777777773827,0.029411764419901603,0.9677734374999409,0.014925373134300512
small,2000,585,CNN raster + Hough fusion,3,3,0,0.33644808743169397,0.2,0.7322404371584699,0.0,1.0,0,1,1,123,618,15642,0.008064516128967221,0.0016155088852962594,0.002691789762292869,0.9547729492186917,0.0013477088948768898
small,2000,586,CNN raster + Hough fusion,3,3,0,0.4181891025641026,0.3013888888888889,0.9128205128205128,0.0,1.0,1,2,4,141,486,15753,0.027586206896361477,0.00816326530610579,0.012598424844402017,0.9617309570311913,0.006339144215520857
small,2000,587,CNN raster + Hough fusion,1,1,0,0.5236764705882353,0.0068627450980391904,0.8529411764705882,1.0,1.0,0,0,0,23,114,16247,0.0,0.0,0.0,0.9916381835936895,0.0
small,2000,588,CNN raster + Hough fusion,1,1,0,0.5159574468085106,0.0,0.8297872340425532,1.0,1.0,0,0,0,39,48,16297,0.0,0.0,0.0,0.9946899414061893,0.0
small,2000,589,CNN raster + Hough fusion,1,1,0,0.45549450549450554,0.0,0.5274725274725275,1.0,1.0,0,0,0,48,278,16058,0.0,0.0,0.0,0.9801025390624402,0.0
small,2000,590,CNN raster + Hough fusion,3,3,0,0.28068052594172,0.1007936507936508,0.6766169154228856,0.0,1.0,0,1,0,133,622,15629,0.0,0.0,0.0,0.9539184570311917,0.0
small,2000,591,CNN raster + Hough fusion,1,1,0,0.6086851851851852,0.16333333333333333,0.9259259259259259,1.0,1.0,0,0,0,24,80,16280,0.0,0.0,0.0,0.9936523437499393,0.0
small,2000,592,CNN raster + Hough fusion,4,3,1,0.46870370370370373,0.0,0.7185185185185186,1.0,0.75,0,0,4,79,420,15881,0.04819277108375671,0.009433962264128693,0.015779092428291886,0.9695434570311908,0.007952286282290354
small,2000,593,CNN raster + Hough fusion,5,5,0,0.22025561959654177,0.004666666666666665,0.5907780979827089,0.0,1.0,4,0,30,147,882,15325,0.16949152542277124,0.03289473684206919,0.055096418460447195,0.9371948242186928,0.028328611897990248
small,2000,594,CNN raster + Hough fusion,1,1,0,0.6646264367816092,0.26954022988505744,0.9666666666666667,1.0,1.0,0,0,0,29,96,16259,0.0,0.0,0.0,0.9923706054686894,0.0
small,2000,595,CNN raster + Hough fusion,5,4,1,0.35603069074504873,0.20203202594506942,0.9255813953488372,0.0,0.8,1,3,0,180,352,15852,0.0,0.0,0.0,0.9675292968749409,0.0
small,2000,596,CNN raster + Hough fusion,3,3,0,0.29924688057041,0.09814814814814815,0.7754010695187166,0.0,1.0,0,1,4,135,274,15971,0.02877697841705916,0.014388489208581337,0.019184651833641014,0.9750366210936905,0.009685230024189624
small,2000,597,CNN raster + Hough fusion,2,2,0,0.6138467741935484,0.2709139784946236,0.7096774193548387,1.0,1.0,0,0,0,53,231,16100,0.0,0.0,0.0,0.98266601562494,0.0
small,2000,598,CNN raster + Hough fusion,2,2,0,0.212707182320442,0.0,0.56353591160221,0.0,1.0,1,0,10,91,402,15881,0.09900990098911872,0.024271844660135263,0.03898635445943861,0.9699096679686908,0.019880715705725884
small,2000,599,CNN raster + Hough fusion,5,4,1,0.5014802808287937,0.06949798947062968,0.7010309278350515,1.0,0.8,0,0,8,117,355,15904,0.063999999999488,0.022038567493052236,0.03278688486469532,0.9711914062499407,0.016666666666631944
small,2000,600,CNN raster + Hough fusion,2,1,1,0.384,0.0,0.42000000000000004,1.0,0.5,0,0,15,27,274,16068,0.3571428571343538,0.051903114186671616,0.09063444086549045,0.98162841796869,0.04746835443022953
small,2000,601,CNN raster + Hough fusion,4,3,1,0.45485969387755104,0.029166666666666667,0.5836734693877551,1.0,0.75,0,0,0,142,543,15699,0.0,0.0,0.0,0.9581909179686915,0.0
small,2000,602,CNN raster + Hough fusion,4,4,0,0.23840579710144927,0.0,0.6920289855072463,0.0,1.0,1,0,1,183,432,15768,0.005434782608666116,0.0023094688221655672,0.0032414906673216733,0.9624633789061913,0.001623376623373988
small,2000,603,CNN raster + Hough fusion,4,3,1,0.2113636363636364,0.0,0.6818181818181819,0.0,0.75,1,0,0,104,473,15807,0.0,0.0,0.0,0.964782714843691,0.0
small,2000,604,CNN raster + Hough fusion,4,3,1,0.23287747524752478,0.07361111111111111,0.6237623762376238,0.0,0.75,1,0,9,95,466,15814,0.08653846153762944,0.01894736842101274,0.031088082606733663,0.965759277343691,0.015789473684182827
small,2000,605,CNN raster + Hough fusion,5,4,1,0.3748761131711476,0.3100806829908997,0.7766990291262136,0.0,0.8,1,2,10,133,620,15621,0.06993006992958091,0.015873015872990677,0.025873220914432605,0.9540405273436917,0.013106159895133545
small,2000,606,CNN raster + Hough fusion,3,2,1,0.6336041666666666,0.3466666666666667,0.8046875,1.0,0.6666666666666667,0,0,0,105,399,15880,0.0,0.0,0.0,0.9692382812499408,0.0
small,2000,607,CNN raster + Hough fusion,4,4,0,0.3397483454443936,0.19333576154920173,0.7637362637362637,0.0,1.0,1,0,1,116,211,16056,0.008547008546935495,0.004716981132053222,0.006079026897275559,0.9800415039061902,0.003048780487795583
small,2000,608,CNN raster + Hough fusion,4,3,1,0.24769151846785228,0.0866013071895425,0.6686046511627908,0.0,0.75,1,0,2,100,323,15959,0.019607843137062667,0.006153846153827219,0.009367681135156791,0.9741821289061905,0.004705882352930104
small,2000,609,CNN raster + Hough fusion,4,3,1,0.5351973684210527,0.125,0.7697368421052632,1.0,0.75,0,0,1,96,155,16132,0.010309278350409182,0.00641025641021532,0.007905137867049977,0.9846801757811898,0.003968253968238221
small,2000,610,CNN raster + Hough fusion,5,4,1,0.4996546010296011,0.07842592592592591,0.6718146718146718,1.0,0.8,0,0,7,158,479,15740,0.04242424242398531,0.014403292181040323,0.02150537596558763,0.9611206054686913,0.010869565217374427
small,2000,611,CNN raster + Hough fusion,2,2,0,0.5306451612903226,0.0,0.9032258064516129,1.0,1.0,0,0,0,56,94,16234,0.0,0.0,0.0,0.9908447265624395,0.0
small,2000,612,CNN raster + Hough fusion,3,3,0,0.557738347233394,0.05657748049052396,0.9113924050632911,1.0,1.0,0,0,0,67,223,16094,0.0,0.0,0.0,0.98229980468744,0.0
small,2000,613,CNN raster + Hough fusion,2,2,0,0.5102300579322638,0.09007352941176469,0.5984848484848485,1.0,1.0,0,0,0,71,323,15990,0.0,0.0,0.0,0.9759521484374404,0.0
small,2000,614,CNN raster + Hough fusion,1,1,0,0.4903508771929824,0.0,0.7017543859649122,1.0,1.0,0,0,0,41,176,16167,0.0,0.0,0.0,0.9867553710936897,0.0
small,2000,615,CNN raster + Hough fusion,5,4,1,0.5593578497525866,0.11842105263157894,0.8803418803418803,1.0,0.8,0,0,0,92,338,15954,0.0,0.0,0.0,0.9737548828124405,0.0
small,2000,616,CNN raster + Hough fusion,5,4,1,0.2900294117647059,0.1111764705882353,0.8,0.0,0.8,1,0,0,109,263,16012,0.0,0.0,0.0,0.9772949218749403,0.0
small,2000,617,CNN raster + Hough fusion,2,2,0,0.5711566558441559,0.10473484848484847,0.8701298701298701,1.0,1.0,0,0,0,67,261,16056,0.0,0.0,0.0,0.9799804687499402,0.0
small,2000,618,CNN raster + Hough fusion,5,4,1,0.26482892561983473,0.13157575757575757,0.628099173553719,0.0,0.8,0,1,6,145,547,15686,0.0397350993374852,0.01084990958406718,0.017045454208439604,0.9577636718749415,0.008595988538669634
small,2000,619,CNN raster + Hough fusion,3,3,0,0.5483050847457627,0.0,0.9915254237288136,1.0,1.0,0,0,0,118,378,15888,0.0,0.0,0.0,0.9697265624999408,0.0
small,2000,620,CNN raster + Hough fusion,4,3,1,0.23346029981760147,0.08851744186046509,0.5931372549019608,0.0,0.75,3,0,3,108,518,15755,0.02702702702678354,0.005758157389624265,0.009493670596473932,0.9617919921874413,0.004769475357703069
small,2000,621,CNN raster + Hough fusion,3,3,0,0.2565217391304348,0.0,0.782608695652174,0.0,1.0,1,0,6,85,318,15975,0.06593406593334138,0.018518518518461362,0.028915662308073745,0.9754028320311905,0.014669926650330881
small,2000,622,CNN raster + Hough fusion,4,3,1,0.47168094883258815,0.0029461279461279436,0.7267759562841529,1.0,0.75,0,0,4,115,372,15893,0.03361344537786879,0.010638297872312132,0.016161615796330995,0.9702758789061907,0.008146639511185038
small,2000,623,CNN raster + Hough fusion,2,2,0,0.5160343137254902,0.011666666666666664,0.803921568627451,1.0,1.0,0,0,0,81,358,15945,0.0,0.0,0.0,0.9732055664061906,0.0
small,2000,624,CNN raster + Hough fusion,3,3,0,0.353816742081448,0.1718803418803419,0.8823529411764706,0.0,1.0,0,1,3,141,277,15963,0.02083333333318866,0.01071428571424745,0.014150942947601476,0.9744873046874405,0.0071258907363251165
small,2000,625,CNN raster + Hough fusion,3,2,1,0.44822649572649576,0.05683760683760683,0.5299145299145299,1.0,0.6666666666666667,0,0,3,46,257,16078,0.06122448979466889,0.01153846153841716,0.01941747546117029,0.98150634765619,0.009803921568595412
small,2000,626,CNN raster + Hough fusion,4,3,1,0.18876146788990827,0.0,0.5688073394495412,0.0,0.75,2,0,0,101,474,15809,0.0,0.0,0.0,0.964904785156191,0.0
small,2000,627,CNN raster + Hough fusion,2,2,0,0.5831739130434783,0.18,0.7608695652173914,1.0,1.0,0,0,0,37,94,16253,0.0,0.0,0.0,0.9920043945311894,0.0
small,2000,628,CNN raster + Hough fusion,4,4,0,0.4063126012170585,0.31136759581881535,0.8309859154929577,0.0,1.0,1,0,5,173,519,15687,0.028089887640291633,0.009541984732806218,0.014245013866437782,0.9577636718749415,0.0071736011477658915
small,2000,629,CNN raster + Hough fusion,2,2,0,0.552322463768116,0.10500000000000001,0.7753623188405797,1.0,1.0,0,0,5,84,135,16160,0.056179775280267644,0.03571428571403062,0.04366812179516029,0.9866333007811897,0.022321428571328922
small,2000,630,CNN raster + Hough fusion,4,4,0,0.2866696759711107,0.09473995271867613,0.7201834862385321,0.0,1.0,1,0,21,120,460,15783,0.14893617021170968,0.043659043658952894,0.06752411540480868,0.964599609374941,0.03494176372706333
small,2000,631,CNN raster + Hough fusion,5,4,1,0.31629156403940895,0.18601190476190477,0.7629310344827587,0.0,0.8,2,3,38,123,582,15641,0.23602484471903093,0.06129032258054631,0.09731113923711186,0.9569702148436916,0.051144010767091325
small,2000,632,CNN raster + Hough fusion,1,1,0,0.4806666666666667,0.0,0.6533333333333333,1.0,1.0,0,0,0,49,76,16259,0.0,0.0,0.0,0.9923706054686894,0.0
small,2000,633,CNN raster + Hough fusion,5,4,1,0.4829607219676424,0.07693693693693693,0.5916955017301038,1.0,0.8,0,0,7,137,629,15611,0.048611111110773535,0.011006289308158796,0.017948717647606843,0.9532470703124418,0.009055627425602774
small,2000,634,CNN raster + Hough fusion,3,3,0,0.5620925925925926,0.04333333333333333,0.962962962962963,1.0,1.0,0,0,8,208,561,15607,0.03703703703686557,0.014059753954281091,0.020382165206150358,0.9530639648436918,0.010296010295997046
small,2000,635,CNN raster + Hough fusion,1,1,0,0.6479761904761904,0.23888888888888887,0.9523809523809523,1.0,1.0,0,0,0,17,68,16299,0.0,0.0,0.0,0.9948120117186893,0.0
small,2000,636,CNN raster + Hough fusion,2,2,0,0.5220430107526882,0.0,0.8602150537634409,1.0,1.0,0,0,0,82,289,16013,0.0,0.0,0.0,0.9773559570311903,0.0
small,2000,637,CNN raster + Hough fusion,2,1,1,0.4069767441860465,0.0,0.5348837209302326,1.0,0.5,0,0,0,47,272,16065,0.0,0.0,0.0,0.9805297851561902,0.0
small,2000,638,CNN raster + Hough fusion,2,2,0,0.55125,0.09166666666666666,0.8,1.0,1.0,0,0,3,59,256,16066,0.048387096773413116,0.011583011582966861,0.018691588473248522,0.9807739257811902,0.009433962264121278
small,2000,639,CNN raster + Hough fusion,2,2,0,0.5203703703703704,0.0,0.8518518518518519,1.0,1.0,0,0,11,99,333,15941,0.0999999999990909,0.03197674418595356,0.04845814941235033,0.9736328124999406,0.024830699774210315
small,2000,640,CNN raster + Hough fusion,1,1,0,0.5166666666666667,0.0,0.8333333333333334,1.0,1.0,0,0,0,29,99,16256,0.0,0.0,0.0,0.9921874999999394,0.0
small,2000,641,CNN raster + Hough fusion,5,4,1,0.21827094143810233,0.0412280701754386,0.5985915492957746,0.0,0.8,2,0,8,161,865,15350,0.04733727810622878,0.009163802978225472,0.015355086100565138,0.9373779296874427,0.00773694390714919
small,2000,642,CNN raster + Hough fusion,2,2,0,0.5370714540270848,0.12427536231884058,0.6557377049180328,1.0,1.0,0,0,0,75,380,15929,0.0,0.0,0.0,0.9722290039061906,0.0
small,2000,643,CNN raster + Hough fusion,3,3,0,0.6843017083587554,0.33424242424242423,0.9194630872483222,1.0,1.0,0,0,0,152,396,15836,0.0,0.0,0.0,0.9665527343749409,0.0
small,2000,644,CNN raster + Hough fusion,5,4,1,0.22458874458874462,0.0,0.722943722943723,0.0,0.8,2,0,7,139,447,15791,0.04794520547912367,0.015418502202609211,0.023333332965011114,0.9642333984374412,0.011804384485646198
small,2000,645,CNN raster + Hough fusion,2,2,0,0.30773684210526314,0.13999999999999999,0.7236842105263157,0.0,1.0,1,0,7,42,107,16228,0.1428571428542274,0.061403508771391196,0.08588957013060333,0.9909057617186895,0.044871794871507234
small,2000,646,CNN raster + Hough fusion,3,2,1,0.4799319727891157,0.0,0.8163265306122449,1.0,0.6666666666666667,0,0,0,80,239,16065,0.0,0.0,0.0,0.9805297851561902,0.0
small,2000,647,CNN raster + Hough fusion,1,1,0,0.465068493150685,0.0,0.5753424657534247,1.0,1.0,0,0,3,39,221,16121,0.07142857142687076,0.013392857142797353,0.02255639071134604,0.9841308593749399,0.011406844106420507
small,2000,648,CNN raster + Hough fusion,3,3,0,0.5625176553672316,0.14583333333333334,0.7344632768361582,1.0,1.0,0,0,1,107,183,16093,0.009259259259173525,0.005434782608666116,0.00684931460231754,0.98229980468744,0.003436426116826679
small,2000,649,CNN raster + Hough fusion,1,1,0,0.4809523809523809,0.0,0.6547619047619048,1.0,1.0,0,0,0,54,85,16245,0.0,0.0,0.0,0.9915161132811895,0.0
small,2000,650,CNN raster + Hough fusion,3,2,1,0.16949152542372883,0.0,0.5141242937853108,0.0,0.6666666666666667,1,0,3,71,460,15850,0.040540540539992696,0.0064794816414546885,0.011173184119874193,0.9675903320311909,0.005617977528079367
small,2000,651,CNN raster + Hough fusion,3,2,1,0.31515106992163955,0.23432539682539685,0.7151898734177216,0.0,0.6666666666666667,0,1,0,99,453,15832,0.0,0.0,0.0,0.966308593749941,0.0
small,2000,652,CNN raster + Hough fusion,1,1,0,0.5055555555555555,0.0,0.7777777777777778,1.0,1.0,0,0,0,36,29,16319,0.0,0.0,0.0,0.9960327148436892,0.0
small,2000,653,CNN raster + Hough fusion,4,4,0,0.534634693877551,0.10644444444444444,0.6836734693877551,1.0,1.0,0,0,0,114,395,15875,0.0,0.0,0.0,0.9689331054686908,0.0
small,2000,654,CNN raster + Hough fusion,5,4,1,0.3126010613391603,0.08139534883720931,0.9798657718120806,0.0,0.8,1,0,1,141,303,15939,0.007042253521077168,0.003289473684199706,0.004484304498682903,0.9729003906249406,0.002247191011230905
small,2000,655,CNN raster + Hough fusion,4,3,1,0.25722131849315066,0.073125,0.7465753424657534,0.0,0.75,1,0,4,88,329,15963,0.04347826086909263,0.01201201201197594,0.018823529072453986,0.9745483398436905,0.009501187648433489
small,2000,656,CNN raster + Hough fusion,4,3,1,0.23758758719086875,0.07214912280701755,0.6506024096385542,0.0,0.75,2,0,1,98,453,15832,0.01010101010090807,0.002202643171801316,0.003616636234067694,0.9663696289061909,0.0018115942028952689
small,2000,657,CNN raster + Hough fusion,4,4,0,0.28339487478159586,0.024705882352941175,0.8613861386138614,0.0,1.0,1,0,16,155,609,15604,0.09356725146144114,0.02559999999995904,0.040201004687675186,0.9533691406249418,0.020512820512794214
small,2000,658,CNN raster + Hough fusion,3,2,1,0.44781420765027324,0.0,0.6557377049180328,1.0,0.6666666666666667,0,0,7,65,278,16034,0.09722222222087192,0.02456140350868575,0.03921568595227895,0.9790649414061903,0.01999999999994286
small,2000,659,CNN raster + Hough fusion,3,3,0,0.42243506038858747,0.2765900383141762,0.9898477157360406,0.0,1.0,0,1,0,174,320,15890,0.0,0.0,0.0,0.9698486328124408,0.0
small,2000,660,CNN raster + Hough fusion,4,3,1,0.4794099040139616,0.06157407407407407,0.6335078534031413,1.0,0.75,0,0,3,105,408,15868,0.027777777777520576,0.007299270072974941,0.011560693311993952,0.9686889648436908,0.005813953488360826
small,2000,661,CNN raster + Hough fusion,1,1,0,0.4766666666666667,0.0,0.6333333333333333,1.0,1.0,0,0,0,27,20,16337,0.0,0.0,0.0,0.9971313476561892,0.0
small,2000,662,CNN raster + Hough fusion,3,3,0,0.2610451505016722,0.09975845410628018,0.5807692307692307,0.0,1.0,1,0,0,146,698,15540,0.0,0.0,0.0,0.948486328124942,0.0
small,2000,663,CNN raster + Hough fusion,4,4,0,0.3512619966019195,0.14367745276617022,0.9330357142857143,0.0,1.0,1,1,0,201,609,15574,0.0,0.0,0.0,0.9505615234374419,0.0
small,2000,664,CNN raster + Hough fusion,2,2,0,0.5849847374847374,0.18003663003663004,0.7698412698412699,1.0,1.0,0,0,0,99,393,15892,0.0,0.0,0.0,0.9699707031249408,0.0
small,2000,665,CNN raster + Hough fusion,3,3,0,0.5558771121351767,0.12946236559139782,0.7380952380952381,1.0,1.0,0,0,0,88,449,15847,0.0,0.0,0.0,0.9672241210936909,0.0
small,2000,666,CNN raster + Hough fusion,1,1,0,0.48793103448275865,0.0,0.6896551724137931,1.0,1.0,0,0,0,22,21,16341,0.0,0.0,0.0,0.997375488281189,0.0
small,2000,667,CNN raster + Hough fusion,4,4,0,0.32883270676691734,0.1542982456140351,0.7969924812030076,0.0,1.0,2,2,3,200,385,15796,0.014778325123079911,0.007731958762866671,0.010152283812918559,0.9642944335936912,0.005102040816317854
small,2000,668,CNN raster + Hough fusion,3,3,0,0.5641493055555555,0.13020833333333334,0.7777777777777778,1.0,1.0,0,0,0,111,387,15886,0.0,0.0,0.0,0.9696044921874408,0.0
small,2000,669,CNN raster + Hough fusion,1,1,0,0.5462096774193548,0.04892473118279565,0.8709677419354839,1.0,1.0,0,0,0,55,63,16266,0.0,0.0,0.0,0.9927978515624394,0.0
small,2000,670,CNN raster + Hough fusion,1,1,0,0.5938636363636364,0.13787878787878785,0.9090909090909091,1.0,1.0,0,0,0,28,104,16252,0.0,0.0,0.0,0.9919433593749394,0.0
small,2000,671,CNN raster + Hough fusion,2,1,1,0.4255698529411765,0.04375,0.5294117647058824,1.0,0.5,0,0,0,28,58,16298,0.0,0.0,0.0,0.9947509765624393,0.0
small,2000,672,CNN raster + Hough fusion,4,4,0,0.2539333887657058,0.013257575757575754,0.7398373983739837,0.0,1.0,2,0,4,166,592,15622,0.023529411764567475,0.006711409395961894,0.010443863884381255,0.9537353515624417,0.005249343832014109
small,2000,673,CNN raster + Hough fusion,3,3,0,0.2440826582658266,0.05909090909090908,0.5874587458745875,0.0,1.0,2,1,20,146,861,15357,0.12048192771011759,0.022701475595887966,0.038204393238358746,0.9385375976561927,0.0194741966893676
small,2000,674,CNN raster + Hough fusion,5,4,1,0.4628358208955224,0.0,0.664179104477612,1.0,0.8,0,0,15,152,618,15599,0.08982035928089928,0.023696682464417543,0.03749999966955938,0.9530029296874418,0.019108280254752728
small,2000,675,CNN raster + Hough fusion,2,2,0,0.6407487980769231,0.20593749999999997,0.9903846153846154,1.0,1.0,0,0,0,105,326,15953,0.0,0.0,0.0,0.9736938476561905,0.0
small,2000,676,CNN raster + Hough fusion,4,4,0,0.579965906110674,0.1239385727190605,0.8709677419354839,1.0,1.0,0,0,2,122,373,15887,0.016129032257934443,0.005333333333319111,0.00801603169060367,0.9697875976561908,0.004024144869207195
small,2000,677,CNN raster + Hough fusion,4,3,1,0.27169753086419757,0.07222222222222223,0.8209876543209876,0.0,0.75,1,0,8,126,259,15991,0.059701492536867906,0.029962546816367182,0.039900248931362375,0.9765014648436904,0.020356234096640315
small,2000,678,CNN raster + Hough fusion,2,2,0,0.779959595959596,0.52,0.9797979797979798,1.0,1.0,0,0,0,101,305,15978,0.0,0.0,0.0,0.9752197265624405,0.0
small,2000,679,CNN raster + Hough fusion,1,1,0,0.5086206896551724,0.0,0.7931034482758621,1.0,1.0,0,0,0,26,24,16334,0.0,0.0,0.0,0.9969482421874392,0.0
small,2000,680,CNN raster + Hough fusion,5,4,1,0.48372898550724636,0.025999999999999995,0.7101449275362319,1.0,0.8,0,0,7,186,576,15615,0.03626943005162555,0.012006861063444242,0.018041236739647554,0.9534912109374418,0.009102730819233937
small,2000,681,CNN raster + Hough fusion,2,2,0,0.5722861842105263,0.07291666666666667,0.9473684210526316,1.0,1.0,0,0,4,50,195,16135,0.07407407407270233,0.02010050251246181,0.03162055302366855,0.9850463867186898,0.016064257028047934
small,2000,682,CNN raster + Hough fusion,2,2,0,0.538,0.0,0.94,1.0,1.0,0,0,0,46,125,16213,0.0,0.0,0.0,0.9895629882811896,0.0
small,2000,683,CNN raster + Hough fusion,1,1,0,0.4653846153846154,0.0,0.5769230769230769,1.0,1.0,0,0,0,20,54,16310,0.0,0.0,0.0,0.9954833984374392,0.0
small,2000,684,CNN raster + Hough fusion,3,3,0,0.41700040344271116,0.3704545454545454,0.7514792899408285,0.0,1.0,0,2,0,154,130,16100,0.0,0.0,0.0,0.98266601562494,0.0
small,2000,685,CNN raster + Hough fusion,2,2,0,0.4970494987468672,0.5225438596491229,0.8095238095238095,0.0,1.0,0,1,0,122,170,16092,0.0,0.0,0.0,0.98217773437494,0.0
small,2000,686,CNN raster + Hough fusion,3,3,0,0.42496607378129114,0.41648148148148145,0.6877470355731226,0.0,1.0,1,1,4,149,292,15939,0.02614379084950233,0.01351351351346786,0.017817371488276362,0.9730834960936906,0.00898876404492362
small,2000,687,CNN raster + Hough fusion,1,1,0,0.47250000000000003,0.0,0.6125,1.0,1.0,0,0,0,50,249,16085,0.0,0.0,0.0,0.98175048828119,0.0
small,2000,688,CNN raster + Hough fusion,4,3,1,0.21208920187793429,0.0,0.6854460093896714,0.0,0.75,1,0,0,147,512,15725,0.0,0.0,0.0,0.9597778320311914,0.0
small,2000,689,CNN raster + Hough fusion,2,2,0,0.537608225108225,0.06481481481481478,0.7922077922077921,1.0,1.0,0,0,2,51,110,16221,0.03773584905589178,0.017857142856983418,0.024242423806060613,0.9901733398436895,0.012269938650231474
small,2000,690,CNN raster + Hough fusion,3,3,0,0.6231510473797225,0.1837219042300712,0.9523809523809523,1.0,1.0,0,0,0,105,227,16052,0.0,0.0,0.0,0.9797363281249402,0.0
small,2000,691,CNN raster + Hough fusion,1,1,0,0.4676470588235294,0.0,0.5882352941176471,1.0,1.0,0,0,0,51,264,16069,0.0,0.0,0.0,0.9807739257811902,0.0
small,2000,692,CNN raster + Hough fusion,1,1,0,0.5842413793103448,0.26,0.5862068965517242,1.0,1.0,0,0,0,52,266,16066,0.0,0.0,0.0,0.9805908203124402,0.0
small,2000,693,CNN raster + Hough fusion,4,4,0,0.2730631067961165,0.13,0.5728155339805825,0.0,1.0,4,0,3,143,447,15791,0.020547945205338713,0.006666666666651852,0.010067113724010195,0.9639892578124412,0.0050590219224198
small,2000,694,CNN raster + Hough fusion,3,3,0,0.23426573426573427,0.0,0.6713286713286714,0.0,1.0,1,0,13,72,407,15892,0.1529411764687889,0.030952380952307255,0.05148514823467503,0.9707641601561907,0.02642276422758857
small,2000,695,CNN raster + Hough fusion,1,1,0,0.48703703703703705,0.0,0.6851851851851851,1.0,1.0,0,0,0,36,86,16262,0.0,0.0,0.0,0.9925537109374394,0.0
small,2000,696,CNN raster + Hough fusion,5,4,1,0.28755633802816905,0.07,0.8802816901408451,0.0,0.8,1,0,2,107,226,16049,0.018348623853042673,0.00877192982452293,0.011869435764055348,0.9796752929686902,0.0059701492537135225
small,2000,697,CNN raster + Hough fusion,4,4,0,0.24900951901739996,0.02903657448706512,0.6797153024911031,0.0,1.0,1,0,9,165,653,15557,0.05172413793073722,0.013595166163121458,0.021531100148788954,0.9500732421874419,0.010882708585234725
small,2000,698,CNN raster + Hough fusion,5,5,0,0.25209033733562036,0.04727272727272727,0.6540880503144655,0.0,1.0,3,0,19,176,689,15500,0.09743589743539777,0.02683615819205249,0.04208194871997244,0.9472045898436922,0.021493212669658944
small,2000,699,CNN raster + Hough fusion,3,2,1,0.5653170731707318,0.23848238482384823,0.7066666666666667,1.0,0.6666666666666667,0,0,0,108,239,16037,0.0,0.0,0.0,0.9788208007811903,0.0
small,2000,700,CNN raster + Hough fusion,5,4,1,0.23673155864029652,0.09217182522702419,0.576271186440678,0.0,0.8,1,0,8,148,620,15608,0.05128205128172256,0.012738853503164428,0.02040816294648064,0.9531249999999418,0.01030927835050218
small,2000,701,CNN raster + Hough fusion,4,4,0,0.2114982578397213,0.0,0.5574912891986064,0.0,1.0,1,0,12,121,763,15488,0.09022556390909606,0.015483870967721957,0.026431717811574554,0.9460449218749423,0.013392857142842196
small,2000,702,CNN raster + Hough fusion,5,4,1,0.23853836589423985,0.06420910471008062,0.6482213438735178,0.0,0.8,1,0,23,135,502,15724,0.14556962025224324,0.043809523809440365,0.06734992643772522,0.9611206054686913,0.034848484848432046
small,2000,703,CNN raster + Hough fusion,3,3,0,0.4443502281820455,0.341450119474313,0.9534883720930233,0.0,1.0,0,1,4,110,277,15993,0.035087719297937824,0.0142348754447892,0.020253164146232985,0.9763793945311904,0.010230179028106828
small,2000,704,CNN raster + Hough fusion,3,3,0,0.3714198161389173,0.2585858585858586,0.7752808988764045,0.0,1.0,1,1,0,126,467,15791,0.0,0.0,0.0,0.9638061523436912,0.0
small,2000,705,CNN raster + Hough fusion,3,3,0,0.642588803637397,0.22608695652173913,0.954248366013072,1.0,1.0,0,0,0,147,489,15748,0.0,0.0,0.0,0.9611816406249413,0.0
small,2000,706,CNN raster + Hough fusion,1,1,0,0.46190476190476193,0.0,0.5595238095238095,1.0,1.0,0,0,17,30,244,16093,0.3617021276518787,0.06513409961660868,0.11038961013027071,0.9832763671874399,0.05841924398605355
small,2000,707,CNN raster + Hough fusion,3,3,0,0.5787826236263737,0.07983440170940169,0.9642857142857143,1.0,1.0,0,0,0,75,287,16022,0.0,0.0,0.0,0.9779052734374403,0.0
small,2000,708,CNN raster + Hough fusion,5,4,1,0.4888728813559322,0.03666666666666667,0.711864406779661,1.0,0.8,0,0,0,107,326,15951,0.0,0.0,0.0,0.9735717773436906,0.0
small,2000,709,CNN raster + Hough fusion,5,4,1,0.2732418776875299,0.11395020438498697,0.7098214285714286,0.0,0.8,1,0,1,133,361,15889,0.007462686567108488,0.0027624309392188886,0.004032257670151574,0.9698486328124408,0.002020202020197939
small,2000,710,CNN raster + Hough fusion,5,4,1,0.24883949613978062,0.06782608695652174,0.691588785046729,0.0,0.8,2,0,5,120,403,15856,0.03999999999968,0.012254901960754277,0.01876172571968644,0.9680786132811909,0.009469696969679035
small,2000,711,CNN raster + Hough fusion,3,3,0,0.5474,0.08666666666666667,0.792,1.0,1.0,0,0,0,127,136,16121,0.0,0.0,0.0,0.9839477539061899,0.0
small,2000,712,CNN raster + Hough fusion,2,2,0,0.46832460732984293,0.0,0.5916230366492147,1.0,1.0,0,0,0,106,281,15997,0.0,0.0,0.0,0.9763793945311904,0.0
small,2000,713,CNN raster + Hough fusion,5,4,1,0.49905805813652016,0.0626030191758466,0.7044334975369457,1.0,0.8,0,0,0,124,524,15736,0.0,0.0,0.0,0.9604492187499414,0.0
small,2000,714,CNN raster + Hough fusion,4,4,0,0.3698438816085875,0.2921522921522922,0.6918767507002801,0.0,1.0,2,0,33,217,730,15404,0.131999999999472,0.04325032765394069,0.06515301048693539,0.9421997070311925,0.03367346938772074
small,2000,715,CNN raster + Hough fusion,4,3,1,0.4772139016897082,0.04537037037037035,0.6589861751152073,1.0,0.75,0,0,11,116,480,15777,0.08661417322766446,0.022403258655758852,0.03559870517496151,0.9636230468749412,0.018121911037861413
small,2000,716,CNN raster + Hough fusion,2,2,0,0.26346153846153847,0.0,0.8173076923076923,0.0,1.0,1,0,0,87,317,15980,0.0,0.0,0.0,0.9753417968749405,0.0
small,2000,717,CNN raster + Hough fusion,2,2,0,0.7251314432989691,0.43499999999999994,0.8969072164948454,1.0,1.0,0,0,0,99,179,16106,0.0,0.0,0.0,0.9830322265624399,0.0
small,2000,718,CNN raster + Hough fusion,4,3,1,0.48672727272727273,0.03111111111111111,0.7386363636363636,1.0,0.75,0,0,8,112,284,15980,0.06666666666611111,0.027397260273878777,0.03883495104326516,0.9758300781249404,0.01980198019797079
small,2000,719,CNN raster + Hough fusion,2,2,0,0.6651481481481482,0.26,0.9907407407407407,1.0,1.0,0,0,0,109,110,16165,0.0,0.0,0.0,0.9866333007811897,0.0
small,2000,720,CNN raster + Hough fusion,1,1,0,0.46232876712328763,0.0,0.5616438356164384,1.0,1.0,0,0,0,41,228,16115,0.0,0.0,0.0,0.9835815429686899,0.0
small,2000,721,CNN raster + Hough fusion,5,4,1,0.3219675778766688,0.19059829059829062,0.78099173553719,0.0,0.8,0,3,12,164,679,15529,0.06818181818143079,0.01736613603470714,0.0276816605760095,0.948547363281192,0.01403508771928183
small,2000,722,CNN raster + Hough fusion,5,4,1,0.3931184757082547,0.38888206388206387,0.6906077348066298,0.0,0.8,1,0,3,251,947,15183,0.011811023622000745,0.003157894736838781,0.00498338837139493,0.9268798828124434,0.002497918401330143
small,2000,723,CNN raster + Hough fusion,5,4,1,0.2611342532321831,0.10130939896777906,0.6777251184834123,0.0,0.8,2,0,7,113,432,15832,0.05833333333284722,0.015945330296091242,0.025044722381879225,0.9667358398436909,0.012681159420266883
small,2000,724,CNN raster + Hough fusion,3,2,1,0.499596098680436,0.14412698412698408,0.5903614457831325,1.0,0.6666666666666667,0,0,0,99,317,15968,0.0,0.0,0.0,0.9746093749999405,0.0
small,2000,725,CNN raster + Hough fusion,1,1,0,0.47,0.0,0.6,1.0,1.0,0,0,0,57,294,16033,0.0,0.0,0.0,0.9785766601561903,0.0
small,2000,726,CNN raster + Hough fusion,4,4,0,0.6179011350059737,0.20422474445771935,0.88,1.0,1.0,0,0,25,101,421,15837,0.19841269841112372,0.05605381165906714,0.08741258706876864,0.9681396484374409,0.04570383912240274
small,2000,727,CNN raster + Hough fusion,3,3,0,0.634001976284585,0.21565656565656563,0.9347826086956522,1.0,1.0,0,0,0,141,302,15941,0.0,0.0,0.0,0.9729614257811906,0.0
small,2000,728,CNN raster + Hough fusion,1,1,0,0.6639615384615385,0.39,0.6923076923076923,1.0,1.0,0,0,0,55,79,16250,0.0,0.0,0.0,0.9918212890624394,0.0
small,2000,729,CNN raster + Hough fusion,4,3,1,0.5363403446997776,0.07214912280701755,0.8943661971830986,1.0,0.75,0,0,1,103,145,16135,0.009615384615292159,0.006849315068446238,0.007999999514048029,0.9848632812499398,0.0040160642570119835
small,2000,730,CNN raster + Hough fusion,2,2,0,0.525609756097561,0.0,0.8780487804878049,1.0,1.0,0,0,0,83,118,16183,0.0,0.0,0.0,0.9877319335936897,0.0
small,2000,731,CNN raster + Hough fusion,4,3,1,0.23167211328976034,0.053921568627450976,0.662037037037037,0.0,0.75,1,0,15,123,478,15768,0.1086956521731254,0.0304259634887821,0.047543581274589936,0.9633178710936912,0.02435064935060982
small,2000,732,CNN raster + Hough fusion,5,4,1,0.5431563404748119,0.09151515151515151,0.8598726114649682,1.0,0.8,0,0,39,232,863,15250,0.14391143911386012,0.04323725055427579,0.06649616332743914,0.933166503906193,0.03439153439150407
small,2000,733,CNN raster + Hough fusion,4,3,1,0.19102098349221114,0.017156862745098034,0.541501976284585,0.0,0.75,1,0,16,103,506,15759,0.13445378151147516,0.030651340996109864,0.049921996577354515,0.9628295898436912,0.02559999999995904
small,2000,734,CNN raster + Hough fusion,4,4,0,0.5538494706284153,0.06927083333333332,0.8633879781420765,1.0,1.0,0,0,0,151,505,15728,0.0,0.0,0.0,0.9599609374999414,0.0
small,2000,735,CNN raster + Hough fusion,3,4,1,0.47074898785425107,0.0,0.728744939271255,1.0,0.75,0,0,1,165,759,15459,0.0060240963855058794,0.0013157894736824792,0.002159826919559305,0.9436035156249424,0.0010810810810799123
small,2000,736,CNN raster + Hough fusion,3,3,0,0.28202576379388966,0.05566448801742919,0.7848837209302326,0.0,1.0,1,0,1,119,313,15951,0.008333333333263889,0.003184713375786036,0.004608294530760934,0.9736328124999406,0.0023094688221655672
small,2000,737,CNN raster + Hough fusion,3,2,1,0.49605187537810047,0.09454022988505745,0.6842105263157895,1.0,0.6666666666666667,0,0,0,57,206,16121,0.0,0.0,0.0,0.9839477539061899,0.0
small,2000,738,CNN raster + Hough fusion,3,3,0,0.6237955826008564,0.2774001452432825,0.7448275862068965,1.0,1.0,0,0,2,92,184,16106,0.021276595744454504,0.010752688171985202,0.014285713839591851,0.9831542968749399,0.0071942446042906685
small,2000,739,CNN raster + Hough fusion,3,3,0,0.6092647058823529,0.21666666666666667,0.8088235294117647,1.0,1.0,0,0,0,139,349,15896,0.0,0.0,0.0,0.9702148437499407,0.0
small,2000,740,CNN raster + Hough fusion,2,2,0,0.23333333333333336,0.0,0.6666666666666667,0.0,1.0,1,0,4,58,240,16082,0.06451612903121749,0.016393442622883635,0.026143790526378753,0.98181152343744,0.013245033112538924
small,2000,741,CNN raster + Hough fusion,4,3,1,0.4873450854700855,0.022685185185185176,0.7606837606837606,1.0,0.75,0,0,9,67,344,15964,0.11842105263002077,0.025495750708143073,0.041958041666302626,0.9749145507811905,0.021428571428520407
small,2000,742,CNN raster + Hough fusion,2,2,0,0.5554642857142857,0.195,0.5885714285714285,1.0,1.0,0,0,0,104,345,15935,0.0,0.0,0.0,0.9725952148436906,0.0
small,2000,743,CNN raster + Hough fusion,5,4,1,0.5512292237442923,0.10400000000000001,0.8721461187214612,1.0,0.8,0,0,16,176,674,15518,0.08333333333289931,0.023188405797067844,0.03628117879764091,0.9481201171874422,0.01847575057734587
small,2000,744,CNN raster + Hough fusion,3,2,1,0.4608974358974359,0.0,0.7211538461538461,1.0,0.6666666666666667,0,0,7,62,264,16051,0.10144927536084855,0.025830258302487714,0.041176470264480965,0.9801025390624402,0.021021021020957896
small,2000,745,CNN raster + Hough fusion,1,1,0,0.49615384615384617,0.0,0.7307692307692308,1.0,1.0,0,0,0,20,20,16344,0.0,0.0,0.0,0.997558593749939,0.0
small,2000,746,CNN raster + Hough fusion,4,2,2,0.13588957055214723,0.0,0.42944785276073616,0.0,0.5,1,0,10,47,484,15843,0.17543859648815022,0.020242914979716108,0.03629764046773232,0.9675903320311909,0.01848428835486417
small,2000,747,CNN raster + Hough fusion,4,4,0,0.39006044073598634,0.24566276803118903,0.8975609756097561,0.0,1.0,0,4,4,147,430,15803,0.026490066224990134,0.009216589861729916,0.013675213292179132,0.964782714843691,0.0068846815834649145
small,2000,748,CNN raster + Hough fusion,2,2,0,0.6809148351648352,0.3153418803418803,0.945054945054945,1.0,1.0,0,0,0,88,287,16009,0.0,0.0,0.0,0.9771118164061904,0.0
small,2000,749,CNN raster + Hough fusion,5,5,0,0.48571428571428577,0.0,0.6785714285714286,1.0,1.0,0,0,5,158,810,15411,0.030674846625578685,0.0061349693251458465,0.010224948597456944,0.9409179687499425,0.005138746145935109
small,2000,750,CNN raster + Hough fusion,5,4,1,0.5584192876519254,0.06721282593375616,0.9908675799086758,1.0,0.8,0,0,21,194,638,15531,0.09767441860419687,0.031866464339860595,0.0480549195373935,0.949218749999942,0.024618991793640542
small,2000,751,CNN raster + Hough fusion,4,4,0,0.3017329192546584,0.08666666666666667,0.8136645962732919,0.0,1.0,1,0,15,102,359,15908,0.12820512820403243,0.040106951871550514,0.06109979597074841,0.9718627929686906,0.0315126050419506
small,2000,752,CNN raster + Hough fusion,2,2,0,0.528299842395587,0.10815602836879432,0.6481481481481481,1.0,1.0,0,0,5,92,217,16070,0.05154639175204591,0.02252252252242107,0.03134796195902164,0.98114013671869,0.01592356687893018
small,2000,753,CNN raster + Hough fusion,3,2,1,0.5129347079037802,0.12000000000000001,0.711340206185567,1.0,0.6666666666666667,0,0,2,50,135,16197,0.03846153846079882,0.014598540145878844,0.021164020764928203,0.9887084960936896,0.010695187165718208
small,2000,754,CNN raster + Hough fusion,2,2,0,0.523469387755102,0.0,0.8673469387755102,1.0,1.0,0,0,3,79,161,16141,0.03658536585321237,0.018292682926717728,0.024390243457796296,0.9853515624999398,0.012345679012294873
small,2000,755,CNN raster + Hough fusion,4,3,1,0.46646341463414637,0.0,0.7073170731707317,1.0,0.75,0,0,11,96,452,15825,0.10280373831679622,0.023758099352000524,0.03859649092297322,0.9665527343749409,0.019677996422147268
small,2000,756,CNN raster + Hough fusion,2,2,0,0.4878640776699029,0.0,0.6893203883495146,1.0,1.0,0,0,2,63,245,16074,0.030769230768757396,0.008097165991870053,0.012820512490569537,0.98120117187494,0.006451612903204995
small,2000,757,CNN raster + Hough fusion,2,2,0,0.4921875,0.0,0.7109375,1.0,1.0,0,0,12,75,305,15992,0.1379310344811732,0.037854889589785945,0.05940594025582051,0.9768066406249404,0.030612244897881093
small,2000,758,CNN raster + Hough fusion,1,1,0,0.478,0.0,0.64,1.0,1.0,0,0,0,46,76,16262,0.0,0.0,0.0,0.9925537109374394,0.0
small,2000,759,CNN raster + Hough fusion,3,2,1,0.5568589743589744,0.11666666666666667,0.9384615384615385,1.0,0.6666666666666667,0,0,0,57,182,16145,0.0,0.0,0.0,0.9854125976561898,0.0
small,2000,760,CNN raster + Hough fusion,4,3,1,0.2574848655309119,0.12136891793754538,0.639344262295082,0.0,0.75,2,0,48,69,510,15757,0.41025641025290377,0.08602150537618992,0.14222222193522302,0.964660644531191,0.07655502392332288
small,2000,761,CNN raster + Hough fusion,5,4,1,0.5317110573042776,0.11428571428571428,0.751412429378531,1.0,0.8,0,0,0,132,493,15759,0.0,0.0,0.0,0.9618530273436913,0.0
small,2000,762,CNN raster + Hough fusion,1,1,0,0.5214285714285715,0.0,0.8571428571428572,1.0,1.0,0,0,0,27,25,16332,0.0,0.0,0.0,0.9968261718749392,0.0
small,2000,763,CNN raster + Hough fusion,5,5,0,0.31456539302347686,0.09091710758377425,0.8682634730538922,0.0,1.0,1,0,0,135,362,15887,0.0,0.0,0.0,0.9696655273436908,0.0
small,2000,764,CNN raster + Hough fusion,1,1,0,0.6293749999999999,0.20416666666666666,0.9375,1.0,1.0,0,0,0,26,101,16257,0.0,0.0,0.0,0.9922485351561894,0.0
small,2000,765,CNN raster + Hough fusion,3,3,0,0.5033742331288343,0.0,0.7668711656441718,1.0,1.0,0,0,1,103,225,16055,0.009615384615292159,0.004424778761042369,0.006060605628907286,0.9799804687499402,0.0030395136778023114
small,2000,766,CNN raster + Hough fusion,5,4,1,0.24273174289478638,0.06340579710144928,0.670995670995671,0.0,0.8,1,0,8,125,492,15759,0.06015037593939737,0.015999999999968,0.025276460963410533,0.9623413085936913,0.01279999999997952
small,2000,767,CNN raster + Hough fusion,5,5,0,0.37887741935483865,0.2648888888888889,0.7983870967741935,0.0,1.0,0,5,0,157,769,15458,0.0,0.0,0.0,0.9434814453124424,0.0
small,2000,768,CNN raster + Hough fusion,2,1,1,0.48359080188679243,0.13124999999999998,0.6226415094339622,1.0,0.5,0,0,0,33,91,16260,0.0,0.0,0.0,0.9924316406249394,0.0
small,2000,769,CNN raster + Hough fusion,3,3,0,0.5598776455026455,0.15363756613756613,0.7037037037037037,1.0,1.0,0,0,8,101,288,15987,0.07339449541217069,0.02702702702693572,0.03950617244590764,0.9762573242186904,0.020151133501208687
small,2000,770,CNN raster + Hough fusion,4,4,0,0.5724552572706936,0.06481481481481483,0.9664429530201343,1.0,1.0,0,0,5,135,453,15791,0.03571428571403062,0.010917030567661754,0.01672240766809097,0.9641113281249412,0.008431703204033
small,2000,771,CNN raster + Hough fusion,3,3,0,0.559922969187675,0.10141612200435729,0.8214285714285714,1.0,1.0,0,0,3,126,340,15915,0.023255813953308096,0.008746355685105695,0.012711864009506978,0.9715576171874407,0.006396588486127086
small,2000,772,CNN raster + Hough fusion,5,4,1,0.30405712841253796,0.10901584091675094,0.875,0.0,0.8,1,3,8,189,546,15641,0.04060913705563143,0.014440433212970324,0.02130492637724402,0.9551391601561917,0.01076716016149291
small,2000,773,CNN raster + Hough fusion,4,3,1,0.5290718508246972,0.12186907020872864,0.7461538461538462,1.0,0.75,0,0,0,90,288,16006,0.0,0.0,0.0,0.9769287109374404,0.0
small,2000,774,CNN raster + Hough fusion,4,3,1,0.19574261307362167,0.012713675213675207,0.5751072961373391,0.0,0.75,2,0,15,96,368,15905,0.1351351351339177,0.03916449086151654,0.06072874459060958,0.9716796874999407,0.03131524008344193
small,2000,775,CNN raster + Hough fusion,2,2,0,0.5830257936507937,0.0875,0.9682539682539683,1.0,1.0,0,0,3,61,166,16154,0.04687499999926758,0.01775147928983579,0.025751072562692268,0.9861450195311898,0.013043478260812855
small,2000,776,CNN raster + Hough fusion,4,3,1,0.27892025518341307,0.16309764309764307,0.6526315789473685,0.0,0.75,3,0,57,67,403,15857,0.4596774193511316,0.1239130434779915,0.19520547911689579,0.9713134765624407,0.10815939278916858
small,2000,777,CNN raster + Hough fusion,4,4,0,0.27492493496841325,0.03230769230769231,0.8019323671497585,0.0,1.0,1,0,14,140,461,15769,0.09090909090850059,0.029473684210464268,0.04451510296871154,0.9633178710936912,0.02276422764223941
small,2000,778,CNN raster + Hough fusion,1,1,0,0.4512345679012346,0.0,0.5061728395061729,1.0,1.0,0,0,0,35,172,16177,0.0,0.0,0.0,0.9873657226561897,0.0
small,2000,779,CNN raster + Hough fusion,5,5,0,0.5704031797070382,0.1539506172839506,0.7556270096463023,1.0,1.0,0,0,11,220,727,15426,0.047619047618841476,0.014905149051470319,0.022703818006285677,0.9421997070311925,0.011482254697274027
small,2000,780,CNN raster + Hough fusion,3,3,0,0.2887535612535613,0.1022633744855967,0.7136752136752137,0.0,1.0,1,0,3,143,233,16005,0.020547945205338713,0.012711864406725797,0.015706805810394468,0.9770507812499404,0.007915567282301014
small,2000,781,CNN raster + Hough fusion,3,3,0,0.5957424242424243,0.16090909090909092,0.8666666666666667,1.0,1.0,0,0,0,183,223,15978,0.0,0.0,0.0,0.9752197265624405,0.0
small,2000,782,CNN raster + Hough fusion,4,3,1,0.48339126559714796,0.0765993265993266,0.6196078431372549,1.0,0.75,0,0,3,147,377,15857,0.01999999999986667,0.007894736842084488,0.01132075431110005,0.9680175781249409,0.005692599620482557
small,2000,783,CNN raster + Hough fusion,3,3,0,0.6458888218043816,0.23400130335614205,0.9529411764705882,1.0,1.0,0,0,1,74,135,16174,0.013333333333155555,0.007352941176416523,0.009478672527481436,0.9872436523436897,0.004761904761882086
small,2000,784,CNN raster + Hough fusion,5,5,0,0.7092130729145362,0.3790434217589061,0.943217665615142,1.0,1.0,0,0,4,316,496,15568,0.012499999999960938,0.007999999999984,0.009756097085044642,0.9504394531249419,0.004901960784307718
small,2000,785,CNN raster + Hough fusion,5,4,1,0.5484891774891776,0.06902356902356901,0.9371428571428572,1.0,0.8,0,0,6,155,465,15758,0.03726708074511015,0.012738853503157668,0.01898734139239005,0.9621582031249413,0.009584664536725903
small,2000,786,CNN raster + Hough fusion,2,2,0,0.6627280701754386,0.34407407407407403,0.7894736842105263,1.0,1.0,0,0,0,78,96,16210,0.0,0.0,0.0,0.9893798828124396,0.0
small,2000,787,CNN raster + Hough fusion,1,1,0,0.509090909090909,0.0,0.7954545454545454,1.0,1.0,0,0,0,34,143,16207,0.0,0.0,0.0,0.9891967773436896,0.0
small,2000,788,CNN raster + Hough fusion,2,2,0,0.486,0.0,0.6799999999999999,1.0,1.0,0,0,6,49,308,16021,0.10909090908892563,0.019108280254716215,0.03252032494940548,0.9782104492186903,0.016528925619789178
small,2000,789,CNN raster + Hough fusion,4,4,0,0.2605633802816901,0.0,0.8028169014084507,0.0,1.0,1,0,19,80,430,15855,0.19191919191725335,0.04231625835179885,0.06934306539713758,0.9688720703124408,0.03591682419652946
small,2000,790,CNN raster + Hough fusion,4,4,0,0.25800708506869646,0.020426487093153756,0.7440758293838863,0.0,1.0,1,0,11,121,393,15859,0.08333333333270203,0.027227722772209834,0.04104477574800903,0.9686279296874408,0.020952380952341042
small,2000,791,CNN raster + Hough fusion,4,4,0,0.30587891361750286,0.11818181818181818,0.7634854771784232,0.0,1.0,3,2,13,163,435,15773,0.07386363636321669,0.029017857142792373,0.041666666261536416,0.9635009765624412,0.021276595744646028
small,2000,792,CNN raster + Hough fusion,3,2,1,0.42995337995338,0.0,0.5664335664335665,1.0,0.6666666666666667,0,0,0,67,390,15927,0.0,0.0,0.0,0.9721069335936906,0.0
small,2000,793,CNN raster + Hough fusion,5,5,0,0.4069242234373813,0.3377857522594365,0.7746031746031746,0.0,1.0,2,0,28,219,858,15279,0.11336032388618074,0.03160270880357607,0.0494263015124411,0.9342651367186929,0.02533936651581417
small,2000,794,CNN raster + Hough fusion,3,2,1,0.5413638497652582,0.13,0.8309859154929577,1.0,0.6666666666666667,0,0,0,120,231,16033,0.0,0.0,0.0,0.9785766601561903,0.0
small,2000,795,CNN raster + Hough fusion,3,3,0,0.5812925536002459,0.08108301954455799,0.974025974025974,1.0,1.0,0,0,0,69,214,16101,0.0,0.0,0.0,0.98272705078119,0.0
small,2000,796,CNN raster + Hough fusion,5,4,1,0.19704896983511444,0.036547911547911545,0.5030120481927711,0.0,0.8,2,0,1,141,828,15414,0.007042253521077168,0.0012062726176101251,0.0020597319850961388,0.9408569335936926,0.0010309278350504837
small,2000,797,CNN raster + Hough fusion,3,3,0,0.5458333333333333,0.0,0.9791666666666666,1.0,1.0,0,0,0,86,208,16090,0.0,0.0,0.0,0.98205566406244,0.0
small,2000,798,CNN raster + Hough fusion,5,4,1,0.2301369282891022,0.008385093167701863,0.7318181818181818,0.0,0.8,2,0,7,145,647,15585,0.04605263157864439,0.010703363914356723,0.017369726741061155,0.9516601562499419,0.008760951188975267
small,2000,799,CNN raster + Hough fusion,1,1,0,0.6380555555555555,0.22037037037037033,0.9444444444444444,1.0,1.0,0,0,0,34,113,16237,0.0,0.0,0.0,0.9910278320311895,0.0
small,2000,800,CNN raster + Hough fusion,3,3,0,0.50748031496063,0.0,0.7874015748031495,1.0,1.0,0,0,3,79,422,15880,0.03658536585321237,0.007058823529395156,0.011834319255426013,0.9694213867186908,0.005952380952369142
small,2000,801,CNN raster + Hough fusion,1,1,0,0.48636363636363633,0.0,0.6818181818181819,1.0,1.0,0,0,0,46,207,16131,0.0,0.0,0.0,0.9845581054686898,0.0
small,2000,802,CNN raster + Hough fusion,3,3,0,0.3695252525252526,0.26,0.7626262626262627,0.0,1.0,0,1,12,131,381,15860,0.0839160839154971,0.030534351144960472,0.044776119011590836,0.9687499999999408,0.02290076335873492
small,2000,803,CNN raster + Hough fusion,1,1,0,0.49193548387096775,0.0,0.7096774193548387,1.0,1.0,0,0,0,25,23,16336,0.0,0.0,0.0,0.9970703124999392,0.0
small,2000,804,CNN raster + Hough fusion,2,2,0,0.53125,0.0,0.90625,1.0,1.0,0,0,0,88,302,15994,0.0,0.0,0.0,0.9761962890624404,0.0
small,2000,805,CNN raster + Hough fusion,1,1,0,0.48725490196078436,0.0,0.6862745098039216,1.0,1.0,0,0,0,30,189,16165,0.0,0.0,0.0,0.9866333007811897,0.0
small,2000,806,CNN raster + Hough fusion,5,4,1,0.2524378881987578,0.08478260869565218,0.6714285714285715,0.0,0.8,2,0,15,110,569,15690,0.11999999999904,0.025684931506805335,0.04231311677572855,0.9585571289061915,0.021613832852994792
small,2000,807,CNN raster + Hough fusion,3,3,0,0.5984222846441948,0.1175925925925926,0.9775280898876404,1.0,1.0,0,0,0,78,156,16150,0.0,0.0,0.0,0.9857177734374398,0.0
small,2000,808,CNN raster + Hough fusion,5,5,0,0.4165871020292524,0.33119429590017824,0.8377483443708609,0.0,1.0,3,3,2,216,828,15338,0.00917431192656342,0.002409638554213964,0.0038167935636326837,0.9362792968749428,0.0019120458890995104
small,2000,809,CNN raster + Hough fusion,5,4,1,0.5657106982223175,0.16693236714975845,0.8029556650246306,1.0,0.8,0,0,20,138,368,15858,0.1265822784802115,0.05154639175244447,0.07326007284852877,0.9691162109374408,0.038022813688140644
small,2000,810,CNN raster + Hough fusion,5,5,0,0.40923453501894436,0.29374523264683444,0.8852459016393442,0.0,1.0,3,5,6,227,516,15635,0.02575107296126287,0.0114942528735412,0.015894039308318068,0.9546508789061917,0.008010680907866474
small,2000,811,CNN raster + Hough fusion,4,4,0,0.2623430962343096,0.0,0.8117154811715481,0.0,1.0,2,0,30,158,511,15685,0.1595744680842576,0.05545286506459251,0.0823045263659823,0.9591674804686914,0.042918454935560915
small,2000,812,CNN raster + Hough fusion,1,1,0,0.4720779220779221,0.0,0.6103896103896104,1.0,1.0,0,0,0,47,236,16101,0.0,0.0,0.0,0.98272705078119,0.0
small,2000,813,CNN raster + Hough fusion,3,3,0,0.5143564356435644,0.0,0.8217821782178218,1.0,1.0,0,0,0,72,232,16080,0.0,0.0,0.0,0.98144531249994,0.0
small,2000,814,CNN raster + Hough fusion,2,2,0,0.6535772931066691,0.2609748427672956,0.9306930693069306,1.0,1.0,0,0,0,102,296,15986,0.0,0.0,0.0,0.9757080078124404,0.0
small,2000,815,CNN raster + Hough fusion,1,1,0,0.7075,0.35,1.0,1.0,1.0,0,0,0,30,35,16319,0.0,0.0,0.0,0.9960327148436892,0.0
small,2000,816,CNN raster + Hough fusion,2,2,0,0.7075277777777778,0.45499999999999996,0.7638888888888888,1.0,1.0,0,0,0,112,446,15826,0.0,0.0,0.0,0.965942382812441,0.0
small,2000,817,CNN raster + Hough fusion,5,4,1,0.22624551638837356,0.060680272108843525,0.5946969696969697,0.0,0.8,2,0,12,140,758,15474,0.07894736842053325,0.015584415584395345,0.026030368488140002,0.9451904296874423,0.013186813186798697
small,2000,818,CNN raster + Hough fusion,2,2,0,0.8350272277227723,0.695,0.8613861386138614,1.0,1.0,0,0,0,103,167,16114,0.0,0.0,0.0,0.9835205078124399,0.0
small,2000,819,CNN raster + Hough fusion,4,3,1,0.2632638888888889,0.13827160493827162,0.6302083333333333,0.0,0.75,1,0,10,100,504,15770,0.09090909090826446,0.019455252918250086,0.032051281760765944,0.9631347656249412,0.01628664495111354
small,2000,820,CNN raster + Hough fusion,1,1,0,0.6554166666666666,0.25277777777777777,0.9583333333333334,1.0,1.0,0,0,0,46,49,16289,0.0,0.0,0.0,0.9942016601561893,0.0
small,2000,821,CNN raster + Hough fusion,2,2,0,0.6337316176470588,0.21875,0.9264705882352942,1.0,1.0,0,0,0,63,141,16180,0.0,0.0,0.0,0.9875488281249397,0.0
small,2000,822,CNN raster + Hough fusion,2,2,0,0.5031531531531531,0.0,0.7657657657657657,1.0,1.0,0,0,6,72,256,16050,0.07692307692209073,0.02290076335869122,0.0352941172932872,0.9799804687499402,0.01796407185623364
small,2000,823,CNN raster + Hough fusion,1,1,0,0.5029411764705882,0.0,0.7647058823529411,1.0,1.0,0,0,0,40,162,16182,0.0,0.0,0.0,0.9876708984374397,0.0
small,2000,824,CNN raster + Hough fusion,3,3,0,0.4232558139534883,0.3333333333333333,0.8662790697674418,0.0,1.0,1,2,0,134,350,15900,0.0,0.0,0.0,0.9704589843749407,0.0
small,2000,825,CNN raster + Hough fusion,4,4,0,0.29715990272077825,0.1171454628362973,0.7222222222222222,0.0,1.0,2,0,15,115,451,15803,0.11538461538372782,0.03218884120164767,0.050335570128541514,0.965454101562441,0.02581755593799343
small,2000,826,CNN raster + Hough fusion,1,1,0,0.9166666666666666,0.8444444444444444,0.9333333333333333,1.0,1.0,0,0,0,21,64,16299,0.0,0.0,0.0,0.9948120117186893,0.0
small,2000,827,CNN raster + Hough fusion,1,1,0,0.46875,0.0,0.59375,1.0,1.0,0,0,0,37,197,16150,0.0,0.0,0.0,0.9857177734374398,0.0
small,2000,828,CNN raster + Hough fusion,1,1,0,0.45399999999999996,0.0,0.52,1.0,1.0,0,0,0,19,48,16317,0.0,0.0,0.0,0.9959106445311892,0.0
small,2000,829,CNN raster + Hough fusion,1,1,0,0.5060975609756098,0.0,0.7804878048780488,1.0,1.0,0,0,0,31,92,16261,0.0,0.0,0.0,0.9924926757811894,0.0
small,2000,830,CNN raster + Hough fusion,3,2,1,0.21890547263681595,0.0,0.7611940298507462,0.0,0.6666666666666667,2,0,10,92,190,16092,0.09803921568531333,0.04999999999975,0.06622516511512652,0.9827880859374399,0.03424657534234847
small,2000,831,CNN raster + Hough fusion,4,3,1,0.5465360221174175,0.07886557886557886,0.9302325581395349,1.0,0.75,0,0,6,75,260,16043,0.07407407407315958,0.02255639097735881,0.034582132206761956,0.9795532226561902,0.017595307917836964
small,2000,832,CNN raster + Hough fusion,4,4,0,0.5449814055833642,0.10319492502883507,0.7427184466019418,1.0,1.0,0,0,3,131,430,15820,0.022388059701325465,0.006928406466496701,0.010582010221015351,0.965759277343691,0.005319148936160782
small,2000,833,CNN raster + Hough fusion,5,4,1,0.5285168011427679,0.1135698723934018,0.7370517928286853,1.0,0.8,0,0,6,177,696,15505,0.03278688524572248,0.008547008546996372,0.013559321705824004,0.9467163085936922,0.006825938566545136
small,2000,834,CNN raster + Hough fusion,2,1,1,0.4357782413350449,0.03272357723577234,0.6052631578947368,1.0,0.5,0,0,0,46,78,16260,0.0,0.0,0.0,0.9924316406249394,0.0
small,2000,835,CNN raster + Hough fusion,3,3,0,0.5275510204081633,0.0,0.8877551020408163,1.0,1.0,0,0,0,77,133,16174,0.0,0.0,0.0,0.9871826171874397,0.0
small,2000,836,CNN raster + Hough fusion,4,3,1,0.5084927325581395,0.13902777777777775,0.6046511627906976,1.0,0.75,0,0,5,87,482,15810,0.054347826086365784,0.010266940451724297,0.017271156900176297,0.965270996093691,0.008710801393713047
small,2000,837,CNN raster + Hough fusion,2,2,0,0.5704707792207793,0.09166666666666665,0.8961038961038961,1.0,1.0,0,0,7,71,152,16154,0.08974358974243918,0.04402515723242752,0.059071729515711525,0.9863891601561897,0.03043478260856333
small,2000,838,CNN raster + Hough fusion,5,4,1,0.5999959212718966,0.26704474955504703,0.7491289198606272,1.0,0.8,0,0,10,208,728,15438,0.045871559632817104,0.013550135501336652,0.020920501739938032,0.9428710937499424,0.010570824524301723
small,2000,839,CNN raster + Hough fusion,4,3,1,0.314375,0.0875,1.0,0.0,0.75,1,0,3,96,237,16048,0.030303030302724212,0.012499999999947917,0.01769911463064193,0.9796752929686902,0.008928571428544856
small,2000,840,CNN raster + Hough fusion,5,4,1,0.21389592760181,0.039768728004022126,0.5800000000000001,0.0,0.8,4,0,11,150,788,15435,0.06832298136603526,0.01376720901124685,0.022916666387454432,0.9427490234374424,0.011591148577437734
small,2000,841,CNN raster + Hough fusion,5,4,1,0.2166255144032922,0.0,0.6831275720164609,0.0,0.8,1,0,2,148,470,15764,0.013333333333244445,0.004237288135584243,0.006430867801180736,0.9622802734374413,0.0032258064516077004
small,2000,842,CNN raster + Hough fusion,5,4,1,0.30208711978529057,0.17778261711188542,0.7104247104247104,0.0,0.8,3,0,12,172,653,15547,0.06521739130399339,0.01804511278192775,0.028268550897171348,0.949645996093692,0.014336917562706886
small,2000,843,CNN raster + Hough fusion,5,5,0,0.24589256855299638,0.07435585804569761,0.5621621621621622,0.0,1.0,1,0,13,163,1028,15180,0.07386363636321669,0.012487992315069656,0.021364009612869994,0.9273071289061934,0.010797342192682063
small,2000,844,CNN raster + Hough fusion,3,3,0,0.49479166666666663,0.0,0.7239583333333333,1.0,1.0,0,0,7,130,421,15826,0.051094890510575953,0.016355140186877674,0.024778760694494483,0.9663696289061909,0.012544802867361031
small,2000,845,CNN raster + Hough fusion,5,4,1,0.2679918765972983,0.12681818181818183,0.6546184738955823,0.0,0.8,2,0,7,145,638,15594,0.04605263157864439,0.010852713178277748,0.017565871711345406,0.9522094726561918,0.00886075949365967
small,2000,846,CNN raster + Hough fusion,1,1,0,0.46851851851851856,0.0,0.5925925925925926,1.0,1.0,0,0,0,26,53,16305,0.0,0.0,0.0,0.9951782226561893,0.0
small,2000,847,CNN raster + Hough fusion,1,1,0,0.4933333333333333,0.0,0.7166666666666667,1.0,1.0,0,0,0,38,61,16285,0.0,0.0,0.0,0.9939575195311893,0.0
small,2000,848,CNN raster + Hough fusion,4,4,0,0.5898611111111112,0.08858024691358024,1.0,1.0,1.0,0,0,2,129,224,16029,0.015267175572402541,0.008849557522084738,0.011204481328060656,0.9784545898436903,0.005633802816885539
small,2000,849,CNN raster + Hough fusion,5,4,1,0.22214982712255094,0.05473684210526316,0.5875912408759124,0.0,0.8,1,0,36,111,765,15472,0.24489795918200752,0.04494382022466299,0.07594936682641003,0.9465332031249422,0.039473684210483036
small,2000,850,CNN raster + Hough fusion,1,1,0,0.5055555555555555,0.0,0.7777777777777778,1.0,1.0,0,0,0,46,64,16274,0.0,0.0,0.0,0.9932861328124394,0.0
small,2000,851,CNN raster + Hough fusion,3,3,0,0.42540255496137847,0.28580246913580243,0.983957219251337,0.0,1.0,0,1,0,176,453,15755,0.0,0.0,0.0,0.9616088867186913,0.0
small,2000,852,CNN raster + Hough fusion,2,2,0,0.5807800333704116,0.13736559139784946,0.8448275862068966,1.0,1.0,0,0,0,57,157,16170,0.0,0.0,0.0,0.9869384765624397,0.0
small,2000,853,CNN raster + Hough fusion,5,4,1,0.5474737121358286,0.15901826484018264,0.7295774647887324,1.0,0.8,0,0,9,243,744,15388,0.03571428571414399,0.011952191235043888,0.017910447385413242,0.9397583007811926,0.00903614457830418
small,2000,854,CNN raster + Hough fusion,1,1,0,0.4866666666666667,0.0,0.6833333333333333,1.0,1.0,0,0,0,38,61,16285,0.0,0.0,0.0,0.9939575195311893,0.0
small,2000,855,CNN raster + Hough fusion,2,2,0,0.2090909090909091,0.0,0.5454545454545454,0.0,1.0,1,0,6,71,303,16004,0.07792207792106594,0.0194174757280925,0.031088082582015623,0.9771728515624404,0.015789473684168977
small,2000,856,CNN raster + Hough fusion,5,4,1,0.548862408857683,0.07763074984247006,0.9196428571428571,1.0,0.8,0,0,2,93,306,15983,0.02105263157872576,0.006493506493485411,0.009925557952280983,0.9756469726561904,0.004987531172057388
small,2000,857,CNN raster + Hough fusion,5,4,1,0.23024390243902443,0.0,0.751219512195122,0.0,0.8,1,0,10,122,501,15751,0.07575757575700184,0.019569471624227848,0.031104198740487952,0.9619750976561913,0.015797788309611694
small,2000,858,CNN raster + Hough fusion,2,1,1,0.38641975308641974,0.0,0.4320987654320988,1.0,0.5,0,0,0,26,143,16215,0.0,0.0,0.0,0.9896850585936896,0.0
small,2000,859,CNN raster + Hough fusion,4,3,1,0.4987586705202312,0.065,0.7225433526011561,1.0,0.75,0,0,8,102,520,15754,0.07272727272661157,0.015151515151486456,0.02507836962050295,0.9620361328124413,0.012698412698392543
small,2000,860,CNN raster + Hough fusion,1,1,0,0.5527622950819672,0.12999999999999998,0.7213114754098361,1.0,1.0,0,0,0,45,192,16147,0.0,0.0,0.0,0.9855346679686898,0.0
small,2000,861,CNN raster + Hough fusion,5,4,1,0.4723580786026201,0.0,0.7117903930131004,1.0,0.8,0,0,0,150,538,15696,0.0,0.0,0.0,0.9580078124999415,0.0
small,2000,862,CNN raster + Hough fusion,4,4,0,0.36388268156424586,0.14444444444444446,0.994413407821229,0.0,1.0,1,2,12,150,383,15839,0.07407407407361682,0.03037974683536613,0.04308797086202374,0.9674682617186909,0.02201834862381281
small,2000,863,CNN raster + Hough fusion,4,4,0,0.34199854651162787,0.17601744186046508,0.813953488372093,0.0,1.0,1,0,7,156,569,15652,0.04294478527581016,0.01215277777775668,0.018944519277222457,0.9557495117186916,0.00956284153004158
small,2000,864,CNN raster + Hough fusion,1,1,0,0.5261379928315412,0.004320987654320967,0.8709677419354839,1.0,1.0,0,0,13,18,73,16280,0.41935483869614987,0.1511627906959167,0.22222222182891374,0.9944458007811893,0.12499999999879807
small,2000,865,CNN raster + Hough fusion,4,4,0,0.29918977144998127,0.10294117647058823,0.7643312101910829,0.0,1.0,1,0,0,105,264,16015,0.0,0.0,0.0,0.9774780273436903,0.0
small,2000,866,CNN raster + Hough fusion,4,4,0,0.4103600573551206,0.3054482018250134,0.8645418326693227,0.0,1.0,0,3,3,174,432,15775,0.016949152542277125,0.006896551724122077,0.009803921157455483,0.9630126953124412,0.0049261083743761475
small,2000,867,CNN raster + Hough fusion,3,3,0,0.48014785214785216,0.4749206349206349,0.8321678321678322,0.0,1.0,0,1,0,141,228,16015,0.0,0.0,0.0,0.9774780273436903,0.0
small,2000,868,CNN raster + Hough fusion,1,1,0,0.51,0.0,0.8,1.0,1.0,0,0,7,25,94,16258,0.21874999999316408,0.0693069306923831,0.10526315752772909,0.9927368164061894,0.055555555555114634
small,2000,869,CNN raster + Hough fusion,4,4,0,0.40372023809523816,0.25132275132275134,0.953125,0.0,1.0,1,0,2,193,383,15806,0.01025641025635766,0.005194805194791702,0.006896551277770541,0.964843749999941,0.003460207612450761
small,2000,870,CNN raster + Hough fusion,4,3,1,0.32478937728937735,0.2587912087912088,0.6666666666666667,0.0,0.75,2,2,9,116,688,15571,0.071999999999424,0.012912482065978606,0.021897809961038007,0.9509277343749419,0.011070110701093394
small,2000,871,CNN raster + Hough fusion,3,3,0,0.5571666666666667,0.09,0.8333333333333334,1.0,1.0,0,0,8,52,279,16045,0.1333333333311111,0.02787456445983319,0.04610950980016444,0.9797973632811902,0.02359882005892744
small,2000,872,CNN raster + Hough fusion,2,2,0,0.5550492172675522,0.09007352941176469,0.8225806451612903,1.0,1.0,0,0,0,62,148,16174,0.0,0.0,0.0,0.9871826171874397,0.0
small,2000,873,CNN raster + Hough fusion,3,2,1,0.4492982456140351,0.0,0.6631578947368422,1.0,0.6666666666666667,0,0,3,53,293,16035,0.053571428570471945,0.010135135135100896,0.017045454277795715,0.9788818359374403,0.008595988538657319
small,2000,874,CNN raster + Hough fusion,2,1,1,0.40399999999999997,0.0,0.52,1.0,0.5,0,0,0,52,230,16102,0.0,0.0,0.0,0.9827880859374399,0.0
small,2000,875,CNN raster + Hough fusion,5,4,1,0.277559205500382,0.03939393939393939,0.5658263305322129,0.26666666666666666,0.8,3,2,8,185,727,15464,0.04145077720185777,0.01088435374148179,0.017241378980865883,0.9443359374999424,0.008695652173903591
small,2000,876,CNN raster + Hough fusion,4,4,0,0.5969617928832117,0.1303125,0.9416058394160584,1.0,1.0,0,0,1,124,178,16081,0.007999999999936,0.00558659217873974,0.0065789468841542945,0.98156738281244,0.0033003300329924085
small,2000,877,CNN raster + Hough fusion,4,4,0,0.3536970659407138,0.19595516569200777,0.8275862068965517,0.0,1.0,1,5,2,186,274,15922,0.010638297872283839,0.007246376811567948,0.008620689173119825,0.9719238281249406,0.004329004328994959
small,2000,878,CNN raster + Hough fusion,4,3,1,0.5136707904164801,0.10618686868686869,0.7044334975369457,1.0,0.75,0,0,6,135,387,15856,0.04255319148905991,0.015267175572480236,0.02247190972362497,0.9681396484374409,0.011363636363614841
small,2000,879,CNN raster + Hough fusion,4,4,0,0.6808165364047717,0.33427639898228134,0.9019607843137255,1.0,1.0,0,0,3,203,254,15924,0.01456310679604581,0.011673151750927343,0.012958962788948047,0.9721069335936906,0.006521739130420605
small,2000,880,CNN raster + Hough fusion,5,4,1,0.20755741231800673,0.03873517786561265,0.5506329113924051,0.0,0.8,4,0,14,132,696,15542,0.09589041095824734,0.019718309859127158,0.032710280090815794,0.949462890624942,0.01662707838477835
small,2000,881,CNN raster + Hough fusion,1,1,0,0.4510309278350515,0.0,0.5051546391752577,1.0,1.0,0,0,0,48,98,16238,0.0,0.0,0.0,0.9910888671874395,0.0
small,2000,882,CNN raster + Hough fusion,1,1,0,0.5023809523809524,0.0,0.7619047619047619,1.0,1.0,0,0,2,28,93,16261,0.06666666666444444,0.02105263157872576,0.031999999634688005,0.9926147460936894,0.016260162601493818
small,2000,883,CNN raster + Hough fusion,2,2,0,0.5349056603773585,0.0,0.9245283018867925,1.0,1.0,0,0,0,45,157,16182,0.0,0.0,0.0,0.9876708984374397,0.0
small,2000,884,CNN raster + Hough fusion,3,3,0,0.36263636363636365,0.22,0.8181818181818181,0.0,1.0,2,0,6,95,268,16015,0.05940594059347123,0.021897810218898184,0.03199999960624356,0.9778442382811903,0.016260162601581953
small,2000,885,CNN raster + Hough fusion,4,4,0,0.5667260971786834,0.047270114942528724,0.9772727272727273,1.0,1.0,0,0,0,128,408,15848,0.0,0.0,0.0,0.9672851562499409,0.0
small,2000,886,CNN raster + Hough fusion,3,2,1,0.22133333333333335,0.0,0.7733333333333333,0.0,0.6666666666666667,0,1,0,109,421,15854,0.0,0.0,0.0,0.9676513671874409,0.0
small,2000,887,CNN raster + Hough fusion,5,5,0,0.5497422037422037,0.04216216216216216,0.9038461538461539,1.0,1.0,0,0,11,152,431,15790,0.0674846625762731,0.024886877827997995,0.03636363596984906,0.9644165039061912,0.018518518518487345
small,2000,888,CNN raster + Hough fusion,4,4,0,0.3597391732283465,0.1625,0.9330708661417323,0.0,1.0,1,0,6,234,533,15611,0.024999999999895835,0.011131725417419051,0.015404364143582927,0.9531860351561918,0.007761966364802378
small,2000,889,CNN raster + Hough fusion,4,3,1,0.49285795822135964,0.1000340413943355,0.6142131979695431,1.0,0.75,0,0,6,98,519,15761,0.05769230769175296,0.01142857142854966,0.019077901154774153,0.9623413085936913,0.009630818619567206
small,2000,890,CNN raster + Hough fusion,3,3,0,0.5638259668508288,0.11666666666666667,0.8066298342541436,1.0,1.0,0,0,2,135,278,15969,0.014598540145878844,0.007142857142831633,0.009592325697841748,0.9747924804686905,0.004819277108422122
small,2000,891,CNN raster + Hough fusion,4,3,1,0.29645097828633915,0.20021121351766516,0.6567796610169492,0.0,0.75,2,1,3,150,719,15512,0.019607843137126747,0.0041551246537338575,0.006857142568562951,0.9469604492186922,0.0034403669724731188
small,2000,892,CNN raster + Hough fusion,1,1,0,0.47307692307692306,0.0,0.6153846153846154,1.0,1.0,0,0,0,39,200,16145,0.0,0.0,0.0,0.9854125976561898,0.0
small,2000,893,CNN raster + Hough fusion,1,1,0,0.478125,0.0,0.640625,1.0,1.0,0,0,0,41,228,16115,0.0,0.0,0.0,0.9835815429686899,0.0
small,2000,894,CNN raster + Hough fusion,4,4,0,0.5310055865921788,0.0,0.9050279329608939,1.0,1.0,0,0,7,152,356,15869,0.04402515723242752,0.019283746556420706,0.026819922947908876,0.9689941406249408,0.013592233009682346
small,2000,895,CNN raster + Hough fusion,2,2,0,0.5436170212765957,0.0,0.9680851063829787,1.0,1.0,0,0,0,93,158,16133,0.0,0.0,0.0,0.9846801757811898,0.0
small,2000,896,CNN raster + Hough fusion,1,1,0,0.6660483870967742,0.2722222222222222,0.967741935483871,1.0,1.0,0,0,15,16,80,16273,0.48387096772632676,0.1578947368404432,0.23809523772045854,0.9941406249999393,0.1351351351339177
small,2000,897,CNN raster + Hough fusion,1,1,0,0.47,0.0,0.6,1.0,1.0,0,0,1,40,218,16125,0.024390243901844143,0.0045662100456412506,0.007692307426597642,0.9842529296874399,0.0038610038609889537
small,2000,898,CNN raster + Hough fusion,2,2,0,0.65125,0.325,0.775,1.0,1.0,0,0,0,92,214,16078,0.0,0.0,0.0,0.98132324218744,0.0
small,2000,899,CNN raster + Hough fusion,2,2,0,0.4886503067484662,0.0,0.6932515337423313,1.0,1.0,0,0,0,111,333,15940,0.0,0.0,0.0,0.9729003906249406,0.0
small,2000,900,CNN raster + Hough fusion,4,4,0,0.2613871528996871,0.044006654408545655,0.7079207920792079,0.0,1.0,3,0,2,123,417,15842,0.015999999999872,0.0047732696897260785,0.007352940822481905,0.9670410156249409,0.0036900369003621957
small,2000,901,CNN raster + Hough fusion,1,1,0,0.5214285714285715,0.0,0.8571428571428572,1.0,1.0,0,0,0,24,25,16335,0.0,0.0,0.0,0.9970092773436892,0.0
small,2000,902,CNN raster + Hough fusion,5,4,1,0.2796847310941686,0.11304347826086956,0.7440758293838863,0.0,0.8,1,3,0,141,664,15579,0.0,0.0,0.0,0.9508666992186919,0.0
small,2000,903,CNN raster + Hough fusion,5,4,1,0.24505081669691473,0.11543859649122806,0.5655172413793104,0.0,0.8,2,0,8,130,549,15697,0.05797101449233355,0.014362657091536153,0.023021582415477464,0.9585571289061915,0.011644832605514346
small,2000,904,CNN raster + Hough fusion,3,3,0,0.5404621212121212,0.065,0.806060606060606,1.0,1.0,0,0,6,105,305,15968,0.05405405405356708,0.019292604501545685,0.02843601856951776,0.9749755859374405,0.014423076923042252
small,2000,905,CNN raster + Hough fusion,2,2,0,0.4833333333333334,0.0,0.6666666666666667,1.0,1.0,0,0,0,52,302,16030,0.0,0.0,0.0,0.9783935546874403,0.0
small,2000,906,CNN raster + Hough fusion,3,2,1,0.16952380952380952,0.0,0.5142857142857142,0.0,0.6666666666666667,1,0,1,95,436,15852,0.01041666666655816,0.0022883295194455647,0.0037523449204017283,0.9675903320311909,0.0018796992481167674
small,2000,907,CNN raster + Hough fusion,4,4,0,0.2642996239591727,0.03431372549019608,0.7442922374429224,0.0,1.0,1,0,2,132,409,15841,0.014925373134216977,0.004866180048649961,0.007339449170420019,0.9669799804686909,0.0036832412522952427
small,2000,908,CNN raster + Hough fusion,3,3,0,0.5915410958904109,0.11666666666666667,0.9452054794520548,1.0,1.0,0,0,0,61,238,16085,0.0,0.0,0.0,0.98175048828119,0.0
small,2000,909,CNN raster + Hough fusion,5,4,1,0.538501034337603,0.16089210950080512,0.6804979253112033,1.0,0.8,0,0,4,146,468,15766,0.02666666666648889,0.008474576271168486,0.01286173596836262,0.9625244140624413,0.00647249190937464
small,2000,910,CNN raster + Hough fusion,3,3,0,0.5213239141810571,0.10256410256410255,0.6258503401360545,1.0,1.0,0,0,3,74,498,15809,0.03896103896053297,0.0059880239520838565,0.01038062260639241,0.965087890624941,0.005217391304338752
small,2000,911,CNN raster + Hough fusion,5,4,1,0.24343657505285415,0.09046511627906977,0.6136363636363636,0.0,0.8,2,0,3,138,617,15626,0.021276595744529954,0.0048387096774115505,0.007884362378756784,0.9539184570311917,0.003957783641155729
small,2000,912,CNN raster + Hough fusion,1,1,0,0.5048387096774194,0.0,0.7741935483870968,1.0,1.0,0,0,0,30,25,16329,0.0,0.0,0.0,0.9966430664061892,0.0
small,2000,913,CNN raster + Hough fusion,1,1,0,0.6113461538461539,0.1705128205128205,0.9230769230769231,1.0,1.0,0,0,0,37,40,16307,0.0,0.0,0.0,0.9953002929686893,0.0
small,2000,914,CNN raster + Hough fusion,4,3,1,0.21168161094224924,0.060238095238095236,0.5478723404255319,0.0,0.75,3,0,8,78,452,15846,0.09302325581287182,0.01739130434778828,0.02930402903852192,0.9676513671874409,0.014869888475808793
small,2000,915,CNN raster + Hough fusion,5,4,1,0.48825242718446604,0.0,0.7912621359223301,1.0,0.8,0,0,16,140,454,15774,0.10256410256344511,0.034042553191416934,0.051118210488256495,0.9637451171874412,0.02622950819667831
small,2000,916,CNN raster + Hough fusion,5,4,1,0.21181508904374757,0.03542682926829268,0.5793650793650793,0.0,0.8,1,0,2,121,490,15771,0.016260162601493818,0.004065040650398242,0.006504064720629271,0.9627075195311913,0.0032626427406145797
small,2000,917,CNN raster + Hough fusion,3,3,0,0.5347826086956522,0.0,0.9239130434782609,1.0,1.0,0,0,2,73,200,16109,0.02666666666631111,0.009900990098960886,0.014440432817995815,0.9833374023436899,0.007272727272700827
small,2000,918,CNN raster + Hough fusion,5,4,1,0.49858434183578476,0.047235772357723575,0.7366412213740459,1.0,0.8,0,0,6,177,513,15688,0.03278688524572248,0.011560693641596223,0.01709401670851293,0.9578857421874415,0.008620689655160028
small,2000,919,CNN raster + Hough fusion,5,4,1,0.5166869065421346,0.08184301485463268,0.7492877492877492,1.0,0.8,0,0,20,244,861,15259,0.0757575757572888,0.022701475595887966,0.034934497461720414,0.932556152343693,0.017777777777761974
small,2000,920,CNN raster + Hough fusion,5,5,0,0.6171428949867547,0.1889869545659019,0.9104938271604939,1.0,1.0,0,0,10,316,766,15292,0.030674846625672776,0.012886597938127724,0.018148819910020073,0.9339599609374429,0.009157509157500772
small,2000,921,CNN raster + Hough fusion,2,2,0,0.624376026272578,0.18571428571428572,0.9540229885057472,1.0,1.0,0,0,0,85,229,16070,0.0,0.0,0.0,0.9808349609374402,0.0
small,2000,922,CNN raster + Hough fusion,1,1,0,0.5081395348837209,0.0,0.7906976744186046,1.0,1.0,0,0,0,32,134,16218,0.0,0.0,0.0,0.9898681640624396,0.0
small,2000,923,CNN raster + Hough fusion,2,2,0,0.470754716981132,0.0,0.6037735849056604,1.0,1.0,0,0,0,48,72,16264,0.0,0.0,0.0,0.9926757812499394,0.0
small,2000,924,CNN raster + Hough fusion,5,5,0,0.5449611584252106,0.0912259853436324,0.7695473251028806,1.0,1.0,0,0,12,156,543,15673,0.07142857142814626,0.021621621621582664,0.033195020390052975,0.9573364257811915,0.016877637130777952
small,2000,925,CNN raster + Hough fusion,1,1,0,0.4992957746478873,0.0,0.7464788732394366,1.0,1.0,0,0,0,54,72,16258,0.0,0.0,0.0,0.9923095703124394,0.0
small,2000,926,CNN raster + Hough fusion,3,3,0,0.47073170731707314,0.0,0.6036585365853658,1.0,1.0,0,0,0,93,516,15775,0.0,0.0,0.0,0.9628295898436912,0.0
small,2000,927,CNN raster + Hough fusion,5,4,1,0.20182410423452773,0.0,0.6091205211726385,0.0,0.8,1,0,9,148,534,15693,0.05732484076396609,0.01657458563532859,0.025714285366248986,0.9583740234374415,0.013024602026030355
small,2000,928,CNN raster + Hough fusion,2,1,1,0.4175258620689655,0.06499999999999999,0.4413793103448276,1.0,0.5,0,0,24,41,355,15964,0.36923076922508874,0.06332453825840811,0.10810810785769215,0.9758300781249404,0.05714285714272109
small,2000,929,CNN raster + Hough fusion,1,1,0,0.7653915662650602,0.65,0.6144578313253012,1.0,1.0,0,0,0,52,254,16078,0.0,0.0,0.0,0.98132324218744,0.0
small,2000,930,CNN raster + Hough fusion,5,5,0,0.6770627001228428,0.31035805626598467,0.937007874015748,1.0,1.0,0,0,69,188,321,15806,0.26848249027132887,0.17692307692262327,0.2132921169856931,0.9689331054686908,0.11937716262955125
small,2000,931,CNN raster + Hough fusion,2,2,0,0.5523362785862785,0.08040540540540539,0.8307692307692307,1.0,1.0,0,0,0,67,172,16145,0.0,0.0,0.0,0.9854125976561898,0.0
small,2000,932,CNN raster + Hough fusion,5,3,2,0.4400909090909091,0.04666666666666667,0.5454545454545454,1.0,0.6,0,0,2,128,582,15672,0.015384615384497043,0.0034246575342407114,0.0056022405984982385,0.9566650390624416,0.0028089887640409985
small,2000,933,CNN raster + Hough fusion,1,1,0,0.704,0.52,0.6,1.0,1.0,0,0,0,43,215,16126,0.0,0.0,0.0,0.9842529296874399,0.0
small,2000,934,CNN raster + Hough fusion,3,3,0,0.4917085427135679,0.0,0.7085427135678393,1.0,1.0,0,0,1,126,369,15888,0.007874015747969495,0.0027027027026953984,0.004024144488727168,0.9697875976561908,0.0020161290322539996
small,2000,935,CNN raster + Hough fusion,1,1,0,0.5474665551839465,0.045652173913043444,0.8846153846153846,1.0,1.0,0,0,0,23,89,16272,0.0,0.0,0.0,0.9931640624999394,0.0
small,2000,936,CNN raster + Hough fusion,3,2,1,0.2176656314699793,0.09814814814814815,0.5341614906832298,0.0,0.6666666666666667,1,0,3,78,486,15817,0.03703703703657979,0.006134969325140828,0.010526315545614041,0.965576171874941,0.00529100529099596
small,2000,937,CNN raster + Hough fusion,3,2,1,0.4586124213836478,0.06805555555555555,0.5566037735849056,1.0,0.6666666666666667,0,0,0,49,310,16025,0.0,0.0,0.0,0.9780883789061903,0.0
small,2000,938,CNN raster + Hough fusion,4,3,1,0.5639281088082901,0.1625,0.8290155440414508,1.0,0.75,0,0,11,152,562,15659,0.0674846625762731,0.019197207678849568,0.029891304002905694,0.9564208984374416,0.01517241379308252
small,2000,939,CNN raster + Hough fusion,2,2,0,0.5351851851851852,0.0,0.9259259259259259,1.0,1.0,0,0,0,56,104,16224,0.0,0.0,0.0,0.9902343749999395,0.0
small,2000,940,CNN raster + Hough fusion,4,3,1,0.28452380952380957,0.13968253968253969,0.7333333333333334,0.0,0.75,1,0,12,115,457,15800,0.09448818897563395,0.025586353944508346,0.04026845604034165,0.965087890624941,0.020547945205444267
small,2000,941,CNN raster + Hough fusion,5,5,0,0.37324199395770397,0.2446666666666667,0.8157099697885196,0.0,1.0,2,5,15,217,711,15441,0.06465517241351441,0.02066115702476493,0.03131523971639333,0.9433593749999424,0.015906680805921627
small,2000,942,CNN raster + Hough fusion,2,2,0,0.532608695652174,0.0,0.9130434782608696,1.0,1.0,0,0,0,61,174,16149,0.0,0.0,0.0,0.9856567382811898,0.0
small,2000,943,CNN raster + Hough fusion,4,3,1,0.39568267674042096,0.38235294117647056,0.7431192660550459,0.0,0.75,0,2,2,143,645,15594,0.013793103448180738,0.0030911901081868763,0.005050504751367864,0.9519042968749418,0.0025316455696170487
small,2000,944,CNN raster + Hough fusion,3,3,0,0.30882677239984835,0.1347560975609756,0.7409326424870466,0.0,1.0,1,0,3,136,278,15967,0.02158273381279437,0.0106761565835919,0.014285713842800467,0.9747314453124405,0.0071942446042992944
small,2000,945,CNN raster + Hough fusion,3,3,0,0.5948341708542714,0.17333333333333334,0.8341708542713568,1.0,1.0,0,0,28,140,588,15628,0.16666666666567462,0.04545454545447167,0.07142857109165453,0.9555664062499416,0.037037037036988046
small,2000,946,CNN raster + Hough fusion,3,3,0,0.22019704433497536,0.0,0.6009852216748768,0.0,1.0,1,0,5,101,379,15899,0.047169811320309715,0.013020833333299425,0.020408162926164104,0.9707031249999407,0.010309278350494208
small,2000,947,CNN raster + Hough fusion,1,1,0,0.5038461538461538,0.0,0.7692307692307692,1.0,1.0,0,0,1,35,52,16296,0.027777777777006175,0.01886792452794589,0.022471909630097226,0.9946899414061893,0.011363636363507231
small,2000,948,CNN raster + Hough fusion,5,4,1,0.22941199892023217,0.05494623655913978,0.6234309623430963,0.0,0.8,1,0,6,133,549,15696,0.04316546762558874,0.010810810810791332,0.01729106596202527,0.9583740234374415,0.008720930232545464
small,2000,949,CNN raster + Hough fusion,1,1,0,0.4893939393939394,0.0,0.696969696969697,1.0,1.0,0,0,0,19,104,16261,0.0,0.0,0.0,0.9924926757811894,0.0
small,2000,950,CNN raster + Hough fusion,1,1,0,0.46111111111111114,0.0,0.5555555555555556,1.0,1.0,0,0,0,26,16,16342,0.0,0.0,0.0,0.997436523437439,0.0
small,2000,951,CNN raster + Hough fusion,5,5,0,0.29679752066115705,0.12293388429752067,0.7073863636363636,0.0,1.0,4,0,13,229,517,15625,0.053719008264240836,0.024528301886746172,0.03367875604618245,0.9544677734374417,0.017127799736472823
small,2000,952,CNN raster + Hough fusion,3,2,1,0.4660305719921105,0.031065088757396442,0.676923076923077,1.0,0.6666666666666667,0,0,21,68,343,15952,0.2359550561771241,0.0576923076921492,0.09271523147193349,0.9749145507811905,0.048611111110998584
small,2000,953,CNN raster + Hough fusion,1,1,0,0.51875,0.0,0.84375,1.0,1.0,0,0,0,31,28,16325,0.0,0.0,0.0,0.9963989257811892,0.0
small,2000,954,CNN raster + Hough fusion,5,4,1,0.4835928613905338,0.00612193903048475,0.7541899441340782,1.0,0.8,0,0,0,115,400,15869,0.0,0.0,0.0,0.9685668945311908,0.0
small,2000,955,CNN raster + Hough fusion,5,4,1,0.2271808929221728,0.01133209990749306,0.7104072398190044,0.0,0.8,1,0,19,124,521,15720,0.13286713286620375,0.03518518518512003,0.05563689571562031,0.9606323242186914,0.02861445783128221
small,2000,956,CNN raster + Hough fusion,1,1,0,0.5239639175257732,0.12999999999999998,0.5773195876288659,1.0,1.0,0,0,0,57,296,16031,0.0,0.0,0.0,0.9784545898436903,0.0
small,2000,957,CNN raster + Hough fusion,4,4,0,0.4315131578947369,0.325,0.9263157894736842,0.0,1.0,1,2,0,178,397,15809,0.0,0.0,0.0,0.964904785156191,0.0
small,2000,958,CNN raster + Hough fusion,5,4,1,0.5109169505271696,0.08735802469135802,0.708029197080292,1.0,0.8,0,0,3,191,588,15602,0.015463917525693486,0.005076142131971106,0.007643311729774046,0.9524536132811918,0.0038363171355449664
small,2000,959,CNN raster + Hough fusion,3,3,0,0.527654049735344,0.06790505675954593,0.7354838709677419,1.0,1.0,0,0,3,91,406,15884,0.031914893616681754,0.0073349633251654405,0.011928429119501685,0.9696655273436908,0.005999999999988
small,2000,960,CNN raster + Hough fusion,2,3,1,0.4172549019607843,0.4,0.8529411764705882,0.0,0.6666666666666667,1,1,6,132,480,15766,0.04347826086925016,0.012345679012320277,0.019230768886217955,0.9626464843749413,0.00970873786406196
small,2000,961,CNN raster + Hough fusion,3,3,0,0.5712561859314245,0.11808943089430894,0.8405797101449275,1.0,1.0,0,0,3,109,340,15932,0.02678571428547513,0.008746355685105695,0.013186812815630972,0.9725952148436906,0.006637168141578237
small,2000,962,CNN raster + Hough fusion,2,2,0,0.5722727272727273,0.09999999999999999,0.8863636363636364,1.0,1.0,0,0,0,119,365,15900,0.0,0.0,0.0,0.9704589843749407,0.0
small,2000,963,CNN raster + Hough fusion,5,4,1,0.3790392969366167,0.30102919554715396,0.8178807947019868,0.0,0.8,1,0,8,243,584,15549,0.03187250996003238,0.013513513513490687,0.01897983350822137,0.949523925781192,0.00958083832334182
small,2000,964,CNN raster + Hough fusion,3,3,0,0.229126213592233,0.0,0.645631067961165,0.0,1.0,1,0,7,100,415,15862,0.06542056074705214,0.016587677725079176,0.02646502803257565,0.9685668945311908,0.013409961685798066
small,2000,965,CNN raster + Hough fusion,4,4,0,0.2304230507320395,0.031818181818181815,0.5805243445692884,0.0,1.0,3,0,19,115,754,15496,0.14179104477506127,0.02457956015520753,0.04189636137983514,0.9469604492186922,0.0213963963963723
small,2000,966,CNN raster + Hough fusion,3,4,1,0.2842340067340068,0.08786008230452674,0.8484848484848485,0.0,0.75,1,0,21,174,488,15701,0.10769230769175543,0.04125736738695234,0.05965909050838956,0.9595947265624414,0.030746705710057474
small,2000,967,CNN raster + Hough fusion,2,2,0,0.5424615384615384,0.12000000000000001,0.6923076923076923,1.0,1.0,0,0,0,81,153,16150,0.0,0.0,0.0,0.9857177734374398,0.0
small,2000,968,CNN raster + Hough fusion,5,3,2,0.185,0.0,0.625,0.0,0.6,1,0,6,109,407,15862,0.05217391304302457,0.014527845036284437,0.022727272386456908,0.9685058593749408,0.0114942528735412
small,2000,969,CNN raster + Hough fusion,5,4,1,0.2426112456967997,0.10329380764163373,0.5806451612903225,0.0,0.8,3,0,6,155,851,15372,0.03726708074511015,0.0070011668611353545,0.011787818987133374,0.9385986328124427,0.005928853754934853
small,2000,970,CNN raster + Hough fusion,4,4,0,0.5236013302034429,0.05401234567901234,0.7464788732394366,1.0,1.0,0,0,8,126,455,15795,0.059701492536867906,0.017278617710545834,0.026800669668510056,0.9645385742186912,0.013582342954136533
small,2000,971,CNN raster + Hough fusion,1,1,0,0.4921052631578947,0.0,0.7105263157894737,1.0,1.0,0,0,0,55,77,16252,0.0,0.0,0.0,0.9919433593749394,0.0
small,2000,972,CNN raster + Hough fusion,1,1,0,0.7075,0.35,1.0,1.0,1.0,0,0,0,32,105,16247,0.0,0.0,0.0,0.9916381835936895,0.0
small,2000,973,CNN raster + Hough fusion,1,1,0,0.5047169811320755,0.0,0.7735849056603774,1.0,1.0,0,0,0,41,164,16179,0.0,0.0,0.0,0.9874877929686897,0.0
small,2000,974,CNN raster + Hough fusion,2,2,0,0.5400341386554621,0.05404411764705882,0.8285714285714285,1.0,1.0,0,0,4,48,182,16150,0.07692307692159764,0.021505376343970404,0.0336134450363675,0.9859619140624398,0.017094017093944043
small,2000,975,CNN raster + Hough fusion,4,4,0,0.2878896103896104,0.04292929292929293,0.8428571428571429,0.0,1.0,1,0,5,98,458,15823,0.04854368931991705,0.010799136069091147,0.01766784422518074,0.966064453124941,0.008912655971463615
small,2000,976,CNN raster + Hough fusion,2,2,0,0.544475,0.12638888888888888,0.688,1.0,1.0,0,0,0,74,285,16025,0.0,0.0,0.0,0.9780883789061903,0.0
small,2000,977,CNN raster + Hough fusion,5,4,1,0.28403675916624815,0.10473484848484849,0.7845303867403315,0.0,0.8,1,0,5,123,262,15994,0.03906249999969483,0.018726591760229488,0.025316455257990714,0.9765014648436904,0.012820512820479947
small,2000,978,CNN raster + Hough fusion,5,4,1,0.5436852431862822,0.18171188793169077,0.6595744680851063,1.0,0.8,0,0,20,124,496,15744,0.1388888888879244,0.038759689922405506,0.06060606026471993,0.9621582031249413,0.03124999999995117
small,2000,979,CNN raster + Hough fusion,3,3,0,0.4187875,0.34930555555555554,0.808,0.0,1.0,0,1,0,123,111,16150,0.0,0.0,0.0,0.9857177734374398,0.0
small,2000,980,CNN raster + Hough fusion,2,2,0,0.594938679245283,0.1309748427672956,0.9299999999999999,1.0,1.0,0,0,0,101,95,16188,0.0,0.0,0.0,0.9880371093749397,0.0
small,2000,981,CNN raster + Hough fusion,1,1,0,0.45769230769230773,0.0,0.5384615384615384,1.0,1.0,0,0,0,24,15,16345,0.0,0.0,0.0,0.997619628906189,0.0
small,2000,982,CNN raster + Hough fusion,1,1,0,0.5155172413793103,0.0,0.8275862068965517,1.0,1.0,0,0,0,25,56,16303,0.0,0.0,0.0,0.9950561523436893,0.0
small,2000,983,CNN raster + Hough fusion,3,2,1,0.43695652173913047,0.0,0.6014492753623188,1.0,0.6666666666666667,0,0,9,62,296,16017,0.1267605633784963,0.029508196721214727,0.04787234011893108,0.9781494140624403,0.02452316076287596
small,2000,984,CNN raster + Hough fusion,1,1,0,0.47835820895522385,0.0,0.6417910447761195,1.0,1.0,0,0,0,43,210,16131,0.0,0.0,0.0,0.9845581054686898,0.0
small,2000,985,CNN raster + Hough fusion,2,1,1,0.41693840579710145,0.022826086956521722,0.5333333333333333,1.0,0.5,0,0,0,40,177,16167,0.0,0.0,0.0,0.9867553710936897,0.0
small,2000,986,CNN raster + Hough fusion,2,1,1,0.16350687155602206,0.08395270270270269,0.3786407766990292,0.0,0.5,1,0,0,38,227,16119,0.0,0.0,0.0,0.9838256835936899,0.0
small,2000,987,CNN raster + Hough fusion,4,3,1,0.4831117021276596,0.055851063829787245,0.6648936170212766,1.0,0.75,0,0,1,117,437,15829,0.008474576271114621,0.0022831050228258377,0.0035971219677682627,0.966186523437441,0.0018018018017985553
small,2000,988,CNN raster + Hough fusion,5,4,1,0.3165348402317971,0.16732117812061711,0.8062015503875969,0.0,0.8,1,2,1,188,735,15460,0.005291005290977297,0.001358695652172067,0.0021621618370057465,0.9436645507811924,0.001082251082249911
small,2000,989,CNN raster + Hough fusion,4,4,0,0.5456532805429865,0.04262820512820512,0.8823529411764706,1.0,1.0,0,0,9,96,208,16071,0.08571428571346938,0.04147465437768906,0.055900620678156716,0.98144531249994,0.028753993610131777
small,2000,990,CNN raster + Hough fusion,5,4,1,0.3164648988518316,0.17331182795698927,0.7923728813559322,0.0,0.8,1,1,9,171,535,15669,0.049999999999722225,0.01654411764702841,0.02486187807935503,0.9569091796874416,0.012587412587394983
small,2000,991,CNN raster + Hough fusion,5,4,1,0.2917028773231781,0.065311004784689,0.9115646258503401,0.0,0.8,1,2,0,144,334,15906,0.0,0.0,0.0,0.9708251953124407,0.0
small,2000,992,CNN raster + Hough fusion,3,3,0,0.22777040314650934,0.0302469135802469,0.5707964601769911,0.0,1.0,1,0,3,118,689,15574,0.02479338842954716,0.004335260115600672,0.007380073547358508,0.9507446289061919,0.003703703703699131
small,2000,993,CNN raster + Hough fusion,5,4,1,0.5079373464373464,0.013434343434343434,0.8594594594594595,1.0,0.8,0,0,8,144,492,15740,0.05263157894702217,0.015999999999968,0.02453987694297867,0.9611816406249413,0.012422360248427916
small,2000,994,CNN raster + Hough fusion,1,1,0,0.6113461538461539,0.1705128205128205,0.9230769230769231,1.0,1.0,0,0,0,36,122,16226,0.0,0.0,0.0,0.9903564453124395,0.0
small,2000,995,CNN raster + Hough fusion,2,1,1,0.38,0.0,0.4,1.0,0.5,0,0,0,45,271,16068,0.0,0.0,0.0,0.9807128906249402,0.0
small,2000,996,CNN raster + Hough fusion,2,2,0,0.6521851851851852,0.26,0.9259259259259259,1.0,1.0,0,0,0,126,419,15839,0.0,0.0,0.0,0.9667358398436909,0.0
small,2000,997,CNN raster + Hough fusion,4,4,0,0.25519125683060107,0.0,0.7759562841530054,0.0,1.0,2,0,10,118,339,15917,0.07812499999938965,0.02865329512885773,0.04192872078115757,0.9721069335936906,0.02141327623121753
small,2000,998,CNN raster + Hough fusion,1,1,0,0.5825,0.11666666666666667,0.9,1.0,1.0,0,0,0,37,125,16222,0.0,0.0,0.0,0.9901123046874395,0.0
small,2000,999,CNN raster + Hough fusion,3,3,0,0.6035759493670886,0.15000000000000002,0.930379746835443,1.0,1.0,0,0,0,161,413,15810,0.0,0.0,0.0,0.964965820312441,0.0
small,2000,1000,CNN raster + Hough fusion,4,3,1,0.26988328623572355,0.10794346978557506,0.7315436241610738,0.0,0.75,1,0,1,98,297,15988,0.01010101010090807,0.0033557046979753166,0.005037783000920027,0.9758911132811904,0.0025252525252461486
small,2000,1001,CNN raster + Hough fusion,3,2,1,0.2511103896103897,0.17707070707070705,0.5238095238095238,0.0,0.6666666666666667,1,0,7,47,327,16003,0.1296296296272291,0.02095808383227258,0.036082473987007126,0.9771728515624404,0.01837270341202527
small,2000,1002,CNN raster + Hough fusion,3,4,1,0.22916666666666669,0.0,0.7708333333333334,0.0,0.75,2,0,14,165,494,15711,0.07821229050235635,0.027559055118055988,0.040756913733910494,0.9597778320311914,0.020802377414530754
small,2000,1003,CNN raster + Hough fusion,3,2,1,0.5354415600447593,0.20392798690671032,0.635036496350365,1.0,0.6666666666666667,0,0,3,79,263,16039,0.03658536585321237,0.011278195488679406,0.01724137895002643,0.9791259765624402,0.00869565217388784
small,2000,1004,CNN raster + Hough fusion,1,1,0,0.5233333333333333,0.0,0.8666666666666667,1.0,1.0,0,0,0,26,27,16331,0.0,0.0,0.0,0.9967651367186892,0.0
small,2000,1005,CNN raster + Hough fusion,1,1,0,0.52,0.0,0.85,1.0,1.0,0,0,0,35,129,16220,0.0,0.0,0.0,0.9899902343749396,0.0
small,2000,1006,CNN raster + Hough fusion,3,2,1,0.3332342236315887,0.31735700197238664,0.6187845303867403,0.0,0.6666666666666667,1,1,7,97,406,15874,0.06730769230704511,0.01694915254233184,0.027079303353553647,0.9692993164061908,0.013725490196051519
small,2000,1007,CNN raster + Hough fusion,2,2,0,0.49102564102564106,0.0,0.7051282051282051,1.0,1.0,0,0,0,57,248,16079,0.0,0.0,0.0,0.98138427734369,0.0
small,2000,1008,CNN raster + Hough fusion,4,4,0,0.5411081973581974,0.030745489078822408,0.8863636363636364,1.0,1.0,0,0,0,108,210,16066,0.0,0.0,0.0,0.9805908203124402,0.0
small,2000,1009,CNN raster + Hough fusion,5,4,1,0.24523383266350018,0.09006211180124223,0.6235294117647059,0.0,0.8,2,0,15,122,572,15675,0.10948905109409134,0.025553662691608938,0.041436463781443646,0.9576416015624415,0.021156558533115436
small,2000,1010,CNN raster + Hough fusion,2,2,0,0.5432203389830509,0.0,0.9661016949152542,1.0,1.0,0,0,4,40,163,16177,0.0909090909070248,0.023952095808239808,0.03791469161267717,0.9876098632811897,0.01932367149749119
small,2000,1011,CNN raster + Hough fusion,2,2,0,0.46304347826086956,0.0,0.5652173913043479,1.0,1.0,0,0,8,78,352,15946,0.09302325581287182,0.022222222222160495,0.03587443915043537,0.9737548828124405,0.0182648401826067
small,2000,1012,CNN raster + Hough fusion,2,2,0,0.5430637254901961,0.01944444444444445,0.9215686274509804,1.0,1.0,0,0,0,45,151,16188,0.0,0.0,0.0,0.9880371093749397,0.0
small,2000,1013,CNN raster + Hough fusion,1,1,0,0.51,0.0,0.8,1.0,1.0,0,0,0,27,25,16332,0.0,0.0,0.0,0.9968261718749392,0.0
small,2000,1014,CNN raster + Hough fusion,1,1,0,0.4807692307692307,0.0,0.6538461538461539,1.0,1.0,0,0,0,20,56,16308,0.0,0.0,0.0,0.9953613281249393,0.0
small,2000,1015,CNN raster + Hough fusion,4,3,1,0.23815789473684212,0.0,0.8157894736842105,0.0,0.75,1,0,4,73,225,16082,0.0519480519473773,0.017467248908220667,0.026143790472873685,0.98181152343744,0.013245033112538924
small,2000,1016,CNN raster + Hough fusion,1,1,0,0.4788888888888889,0.0,0.6444444444444444,1.0,1.0,0,0,0,26,144,16214,0.0,0.0,0.0,0.9896240234374396,0.0
small,2000,1017,CNN raster + Hough fusion,5,4,1,0.2706883693316836,0.06775414301457591,0.8009950248756219,0.0,0.8,1,0,6,148,336,15894,0.03896103896078597,0.01754385964907151,0.024193547958831954,0.9704589843749407,0.012244897959158684
small,2000,1018,CNN raster + Hough fusion,1,1,0,0.4980519480519481,0.0,0.7402597402597403,1.0,1.0,0,0,0,58,78,16248,0.0,0.0,0.0,0.9916992187499395,0.0
small,2000,1019,CNN raster + Hough fusion,3,2,1,0.20500000000000002,0.10697167755991284,0.4509803921568627,0.0,0.6666666666666667,1,0,4,78,308,15994,0.048780487804283165,0.01282051282047173,0.020304568198201454,0.9764404296874404,0.010256410256383958
small,2000,1020,CNN raster + Hough fusion,4,3,1,0.2540686274509804,0.11470588235294119,0.6372549019607843,0.0,0.75,4,2,48,65,428,15843,0.4247787610581878,0.10084033613424194,0.1629881151392738,0.9699096679686908,0.08872458410334802
small,2000,1021,CNN raster + Hough fusion,4,4,0,0.22908366533864544,0.0,0.6454183266932271,0.0,1.0,2,0,6,147,687,15544,0.039215686274253495,0.008658008657996165,0.014184396866799127,0.949096679687442,0.00714285714284864
small,2000,1022,CNN raster + Hough fusion,2,2,0,0.5458333333333333,0.0,0.9791666666666666,1.0,1.0,0,0,0,48,154,16182,0.0,0.0,0.0,0.9876708984374397,0.0
small,2000,1023,CNN raster + Hough fusion,2,2,0,0.27387987012987014,0.06893939393939393,0.7142857142857143,0.0,1.0,1,0,8,36,228,16112,0.1818181818140496,0.03389830508460213,0.057142856877551024,0.9838867187499399,0.029411764705774224
small,2000,1024,CNN raster + Hough fusion,1,1,0,0.475,0.0,0.625,1.0,1.0,0,0,0,35,197,16152,0.0,0.0,0.0,0.9858398437499398,0.0
small,2000,1025,CNN raster + Hough fusion,2,2,0,0.5251959930313589,0.5654761904761905,0.8536585365853658,0.0,1.0,0,1,5,88,314,15977,0.05376344085963695,0.015673981191173435,0.024271844310526442,0.9754638671874404,0.012285012284982102
small,2000,1026,CNN raster + Hough fusion,4,3,1,0.29272260273972606,0.09722222222222222,0.8698630136986302,0.0,0.75,1,0,33,92,331,15928,0.263999999997888,0.09065934065909159,0.13496932477226173,0.9741821289061905,0.07236842105247288
small,2000,1027,CNN raster + Hough fusion,3,3,0,0.3967996393959883,0.2528735632183908,0.9150326797385621,0.0,1.0,1,2,0,120,317,15947,0.0,0.0,0.0,0.9733276367186906,0.0
small,2000,1028,CNN raster + Hough fusion,3,3,0,0.22682926829268293,0.0,0.6341463414634146,0.0,1.0,1,0,10,83,490,15801,0.1075268817192739,0.01999999999996,0.03372681255160686,0.965026855468691,0.017152658662063204
small,2000,1029,CNN raster + Hough fusion,5,4,1,0.3279186602870814,0.11818181818181818,0.9736842105263158,0.0,0.8,0,2,7,121,384,15872,0.05468749999957276,0.01790281329918695,0.02697495145873383,0.9691772460936908,0.013671874999973297
small,2000,1030,CNN raster + Hough fusion,2,2,0,0.5504166666666667,0.09722222222222222,0.7833333333333333,1.0,1.0,0,0,0,61,159,16164,0.0,0.0,0.0,0.9865722656249397,0.0
small,2000,1031,CNN raster + Hough fusion,4,4,0,0.26198347107438014,0.0,0.8099173553719008,0.0,1.0,2,0,7,175,258,15944,0.03846153846132714,0.026415094339522962,0.03131991003164023,0.9735717773436906,0.015909090909054752
small,2000,1032,CNN raster + Hough fusion,2,1,1,0.41428571428571426,0.0,0.5714285714285714,1.0,0.5,0,0,0,43,79,16262,0.0,0.0,0.0,0.9925537109374394,0.0
small,2000,1033,CNN raster + Hough fusion,4,3,1,0.5136050724637682,0.07129629629629629,0.782608695652174,1.0,0.75,0,0,4,86,272,16022,0.04444444444395062,0.014492753623135896,0.02185792312628028,0.9781494140624403,0.011049723756875554
small,2000,1034,CNN raster + Hough fusion,1,1,0,0.5245731707317073,0.008536585365853626,0.8536585365853658,1.0,1.0,0,0,0,33,128,16223,0.0,0.0,0.0,0.9901733398436895,0.0
small,2000,1035,CNN raster + Hough fusion,2,2,0,0.20975609756097563,0.0,0.5487804878048781,0.0,1.0,1,0,8,69,407,15900,0.1038961038947546,0.01927710843368849,0.03252032493909875,0.9709472656249407,0.01652892561980056
small,2000,1036,CNN raster + Hough fusion,1,1,0,0.4552631578947368,0.0,0.5263157894736843,1.0,1.0,0,0,1,49,67,16267,0.0199999999996,0.014705882352724913,0.01694915205372021,0.9929199218749394,0.008547008546935495
small,2000,1037,CNN raster + Hough fusion,1,1,0,0.49177215189873413,0.0,0.7088607594936709,1.0,1.0,0,0,0,56,80,16248,0.0,0.0,0.0,0.9916992187499395,0.0
small,2000,1038,CNN raster + Hough fusion,1,1,0,0.4546511627906977,0.0,0.5232558139534884,1.0,1.0,0,0,0,43,87,16254,0.0,0.0,0.0,0.9920654296874394,0.0
small,2000,1039,CNN raster + Hough fusion,1,1,0,0.5021739130434782,0.0,0.7608695652173914,1.0,1.0,0,0,0,33,143,16208,0.0,0.0,0.0,0.9892578124999396,0.0
small,2000,1040,CNN raster + Hough fusion,4,4,0,0.5093582887700535,0.0,0.7967914438502673,1.0,1.0,0,0,5,139,492,15748,0.0347222222219811,0.010060362173017987,0.015600623676548693,0.9614868164061913,0.007861635220113425
small,2000,1041,CNN raster + Hough fusion,1,1,0,0.5055555555555555,0.0,0.7777777777777778,1.0,1.0,0,0,0,48,64,16272,0.0,0.0,0.0,0.9931640624999394,0.0
small,2000,1042,CNN raster + Hough fusion,2,2,0,0.49363888888888885,0.45499999999999996,0.9444444444444444,0.0,1.0,0,1,0,100,188,16096,0.0,0.0,0.0,0.98242187499994,0.0
small,2000,1043,CNN raster + Hough fusion,2,2,0,0.560735294117647,0.049999999999999996,0.9411764705882353,1.0,1.0,0,0,1,49,157,16177,0.0199999999996,0.0063291139240105754,0.00961538425009247,0.9874267578124397,0.004830917874372798
small,2000,1044,CNN raster + Hough fusion,1,1,0,0.5195652173913043,0.0,0.8478260869565217,1.0,1.0,0,0,3,35,44,16302,0.07894736841897508,0.06382978723268448,0.07058823479806231,0.9951782226561893,0.03658536585321237
small,2000,1045,CNN raster + Hough fusion,5,4,1,0.5723305084745762,0.11666666666666665,0.9491525423728814,1.0,0.8,0,0,12,166,278,15928,0.06741573033669991,0.0413793103446849,0.051282050810468265,0.9729003906249406,0.026315789473626502
small,2000,1046,CNN raster + Hough fusion,4,4,0,0.26530377302436126,0.08451343500363108,0.6363636363636364,0.0,1.0,1,0,8,154,615,15607,0.04938271604907789,0.012841091492756274,0.020382165277481448,0.9530639648436918,0.010296010295997046
small,2000,1047,CNN raster + Hough fusion,5,5,0,0.4323440115440116,0.3301728395061728,0.9188311688311688,0.0,1.0,1,0,8,279,486,15611,0.02787456445983319,0.016194331983772885,0.020486555232895227,0.9533081054686918,0.010349288486403171
small,2000,1048,CNN raster + Hough fusion,2,2,0,0.2591549295774648,0.0,0.795774647887324,0.0,1.0,0,1,2,93,213,16076,0.02105263157872576,0.009302325581352083,0.012903225381290339,0.98132324218744,0.006493506493485411
small,2000,1049,CNN raster + Hough fusion,3,3,0,0.27028525411596277,0.03545454545454545,0.7716535433070866,0.0,1.0,1,0,7,75,317,15985,0.08536585365749554,0.021604938271538258,0.03448275829816303,0.9760742187499404,0.017543859649078838
small,2000,1050,CNN raster + Hough fusion,1,1,0,0.4971698113207548,0.0,0.7358490566037736,1.0,1.0,0,0,0,37,164,16183,0.0,0.0,0.0,0.9877319335936897,0.0
small,2000,1051,CNN raster + Hough fusion,5,4,1,0.5764253461770019,0.1590909090909091,0.8741721854304636,1.0,0.8,0,0,6,123,334,15921,0.04651162790661619,0.01764705882347751,0.025586353545655825,0.9721069335936906,0.012958963282909377
small,2000,1052,CNN raster + Hough fusion,1,1,0,0.5261379928315412,0.004320987654320967,0.8709677419354839,1.0,1.0,0,0,0,30,28,16326,0.0,0.0,0.0,0.9964599609374392,0.0
small,2000,1053,CNN raster + Hough fusion,4,4,0,0.2878520128981825,0.09998860009119927,0.7142857142857143,0.0,1.0,1,0,2,145,495,15742,0.013605442176778195,0.004024144869207195,0.006211179771888644,0.9609374999999413,0.0031152647975029356
small,2000,1054,CNN raster + Hough fusion,4,4,0,0.29026796217065887,0.10774205469327418,0.7089201877934272,0.0,1.0,1,1,6,142,562,15674,0.04054054054026662,0.010563380281671543,0.016759776208311233,0.9570312499999416,0.00845070422534021
small,2000,1055,CNN raster + Hough fusion,2,2,0,0.5577822580645161,0.175,0.6451612903225806,1.0,1.0,0,0,3,94,480,15807,0.030927835051227547,0.006211180124210743,0.010344827307627832,0.964965820312441,0.005199306759089776
small,2000,1056,CNN raster + Hough fusion,2,1,1,0.45482142857142854,0.058333333333333334,0.6428571428571428,1.0,0.5,0,0,0,23,108,16253,0.0,0.0,0.0,0.9920043945311894,0.0
small,2000,1057,CNN raster + Hough fusion,1,1,0,0.5109756097560976,0.0,0.8048780487804879,1.0,1.0,0,0,0,33,132,16219,0.0,0.0,0.0,0.9899291992186896,0.0
small,2000,1058,CNN raster + Hough fusion,5,4,1,0.2544898053753476,0.07717948717948717,0.6987951807228916,0.0,0.8,2,0,12,133,450,15789,0.08275862068908443,0.025974025973969753,0.039538714628000085,0.9644165039061912,0.02016806722685686
small,2000,1059,CNN raster + Hough fusion,4,3,1,0.464749531835206,0.0875,0.50187265917603,1.0,0.75,0,0,2,128,525,15729,0.015384615384497043,0.003795066413655038,0.006088279743430443,0.9601440429686914,0.003053435114499155
small,2000,1060,CNN raster + Hough fusion,5,5,0,0.29075942350332595,0.09464153732446415,0.7408536585365854,0.0,1.0,1,1,3,227,559,15595,0.013043478260812855,0.005338078291805448,0.0075757571635994,0.9520263671874418,0.0038022813688164737
small,2000,1061,CNN raster + Hough fusion,2,2,0,0.5573011363636363,0.10208333333333333,0.8068181818181819,1.0,1.0,0,0,0,60,158,16166,0.0,0.0,0.0,0.9866943359374397,0.0
small,2000,1062,CNN raster + Hough fusion,1,1,0,0.5938636363636364,0.13787878787878785,0.9090909090909091,1.0,1.0,0,0,0,27,104,16253,0.0,0.0,0.0,0.9920043945311894,0.0
small,2000,1063,CNN raster + Hough fusion,2,2,0,0.5415492957746479,0.0,0.9577464788732395,1.0,1.0,0,0,2,63,86,16233,0.030769230768757396,0.022727272727014462,0.026143790360630536,0.9909057617186895,0.013245033112495067
small,2000,1064,CNN raster + Hough fusion,4,4,0,0.2897021276595745,0.12085106382978722,0.676595744680851,0.0,1.0,1,0,24,107,507,15746,0.18320610686883051,0.04519774011290923,0.07250755255241828,0.9625244140624413,0.03761755485887521
small,2000,1065,CNN raster + Hough fusion,1,1,0,0.48417721518987344,0.0,0.6708860759493671,1.0,1.0,0,0,0,52,80,16252,0.0,0.0,0.0,0.9919433593749394,0.0
small,2000,1066,CNN raster + Hough fusion,3,3,0,0.30073440339188373,0.1346153846153846,0.7007874015748031,0.0,1.0,1,0,6,70,352,15956,0.07894736842001385,0.016759776536266036,0.0276497692962263,0.9742431640624405,0.014018691588752293
small,2000,1067,CNN raster + Hough fusion,3,2,1,0.5541101694915255,0.09074074074074073,0.9830508474576272,1.0,0.6666666666666667,0,0,0,59,129,16196,0.0,0.0,0.0,0.9885253906249396,0.0
small,2000,1068,CNN raster + Hough fusion,5,4,1,0.5057973917093619,0.06421052631578947,0.7345132743362832,1.0,0.8,0,0,9,134,391,15850,0.06293706293662282,0.02249999999994375,0.03314917088260093,0.9679565429686909,0.0168539325842381
small,2000,1069,CNN raster + Hough fusion,3,4,1,0.38631868131868136,0.2888888888888889,0.9065934065934066,0.0,0.75,1,2,0,176,353,15855,0.0,0.0,0.0,0.9677124023436909,0.0
small,2000,1070,CNN raster + Hough fusion,3,3,0,0.3299292061014901,0.12235576923076923,0.8743455497382199,0.0,1.0,1,1,12,144,512,15716,0.07692307692258384,0.02290076335873492,0.035294117293391006,0.9599609374999414,0.017964071856260533
small,2000,1071,CNN raster + Hough fusion,4,3,1,0.31176136363636364,0.1625,0.8181818181818181,0.0,0.75,0,2,0,139,447,15798,0.0,0.0,0.0,0.9642333984374412,0.0
small,2000,1072,CNN raster + Hough fusion,2,2,0,0.5838510101010101,0.13179012345679011,0.8727272727272728,1.0,1.0,0,0,0,52,158,16174,0.0,0.0,0.0,0.9871826171874397,0.0
small,2000,1073,CNN raster + Hough fusion,4,3,1,0.48625,0.13611111111111113,0.5,1.0,0.75,0,0,1,97,579,15707,0.010204081632548937,0.00172413793103151,0.002949852260065631,0.9587402343749415,0.001477104874443904
small,2000,1074,CNN raster + Hough fusion,5,4,1,0.3426863366746942,0.22960841527532755,0.796812749003984,0.0,0.8,1,3,6,144,572,15662,0.03999999999973334,0.010380622837352282,0.016483516156291518,0.9562988281249416,0.008310249307467715
small,2000,1075,CNN raster + Hough fusion,5,4,1,0.23958926428012567,0.07957947255880256,0.6188925081433225,0.0,0.8,3,1,11,169,448,15756,0.06111111111077161,0.023965141612148223,0.03442879458738591,0.9623413085936913,0.01751592356685109
small,2000,1076,CNN raster + Hough fusion,2,2,0,0.5162337662337663,0.0,0.8311688311688312,1.0,1.0,0,0,0,78,202,16104,0.0,0.0,0.0,0.9829101562499399,0.0
small,2000,1077,CNN raster + Hough fusion,1,1,0,0.4913793103448276,0.0,0.7068965517241379,1.0,1.0,0,0,0,42,179,16163,0.0,0.0,0.0,0.9865112304686897,0.0
small,2000,1078,CNN raster + Hough fusion,4,4,0,0.5376310476776918,0.10630028735632183,0.6989795918367347,1.0,1.0,0,0,6,111,597,15670,0.05128205128161297,0.009950248756202405,0.016666666394432875,0.9567871093749416,0.008403361344526046
small,2000,1079,CNN raster + Hough fusion,3,3,0,0.5821390374331551,0.13939393939393938,0.8470588235294118,1.0,1.0,0,0,0,85,156,16143,0.0,0.0,0.0,0.9852905273436898,0.0
small,2000,1080,CNN raster + Hough fusion,1,1,0,0.4442528735632184,0.0,0.47126436781609193,1.0,1.0,0,0,0,41,266,16077,0.0,0.0,0.0,0.98126220703119,0.0
small,2000,1081,CNN raster + Hough fusion,2,2,0,0.5206666666666666,0.0,0.8533333333333333,1.0,1.0,0,0,0,61,139,16184,0.0,0.0,0.0,0.9877929687499397,0.0
small,2000,1082,CNN raster + Hough fusion,5,4,1,0.2641310160427808,0.09545454545454544,0.7058823529411764,0.0,0.8,2,0,10,137,480,15757,0.06802721088389098,0.020408163265264474,0.03139717389918895,0.9623413085936913,0.015948963317358934
small,2000,1083,CNN raster + Hough fusion,2,1,1,0.4545629921259842,0.13,0.4803149606299213,1.0,0.5,0,0,0,62,357,15965,0.0,0.0,0.0,0.9744262695311905,0.0
small,2000,1084,CNN raster + Hough fusion,1,1,0,0.7996428571428572,0.65,0.7857142857142857,1.0,1.0,0,0,0,25,36,16323,0.0,0.0,0.0,0.9962768554686892,0.0
small,2000,1085,CNN raster + Hough fusion,2,2,0,0.6471701943095073,0.2837878787878788,0.8473282442748091,1.0,1.0,0,0,0,113,403,15868,0.0,0.0,0.0,0.9685058593749408,0.0
small,2000,1086,CNN raster + Hough fusion,1,1,0,0.4571428571428572,0.0,0.5357142857142857,1.0,1.0,0,0,0,28,173,16183,0.0,0.0,0.0,0.9877319335936897,0.0
small,2000,1087,CNN raster + Hough fusion,1,1,0,0.661731884057971,0.39,0.6811594202898551,1.0,1.0,0,0,0,48,212,16124,0.0,0.0,0.0,0.9841308593749399,0.0
small,2000,1088,CNN raster + Hough fusion,4,4,0,0.5124552503928401,0.5017524082803854,0.9333333333333333,0.0,1.0,3,1,0,155,331,15898,0.0,0.0,0.0,0.9703369140624407,0.0
small,2000,1089,CNN raster + Hough fusion,2,2,0,0.4560975609756097,0.0,0.5304878048780488,1.0,1.0,0,0,3,65,507,15809,0.04411764705817474,0.005882352941164936,0.01038062262972187,0.965087890624941,0.005217391304338752
small,2000,1090,CNN raster + Hough fusion,3,3,0,0.5720927601809955,0.04909502262443439,1.0,1.0,1.0,0,0,2,103,201,16078,0.019047619047437642,0.00985221674871994,0.012987012537548507,0.98144531249994,0.006535947712396941
small,2000,1091,CNN raster + Hough fusion,1,1,0,0.44999999999999996,0.0,0.5,1.0,1.0,0,0,0,21,44,16319,0.0,0.0,0.0,0.9960327148436892,0.0
small,2000,1092,CNN raster + Hough fusion,4,4,0,0.41740573152337856,0.33497569968158203,0.8333333333333334,0.0,1.0,2,0,21,167,415,15781,0.11170212765898031,0.04816513761456843,0.06730769188645422,0.9644775390624412,0.03482587064670842
small,2000,1093,CNN raster + Hough fusion,2,2,0,0.6708959790209791,0.2939102564102564,0.9431818181818182,1.0,1.0,0,0,6,70,166,16142,0.07894736842001385,0.03488372093002975,0.04838709634872529,0.9855957031249398,0.024793388429649614
small,2000,1094,CNN raster + Hough fusion,5,4,1,0.3725976806282849,0.21235698575832856,0.9851851851851852,0.0,0.8,0,1,1,127,208,16048,0.0078124999999389655,0.004784688995192418,0.005934717629740549,0.9795532226561902,0.0029761904761816185
small,2000,1095,CNN raster + Hough fusion,5,4,1,0.492,0.07428571428571429,0.6428571428571428,1.0,0.8,0,0,9,97,491,15787,0.08490566037655749,0.017999999999964,0.02970297000828895,0.9641113281249412,0.01507537688439686
small,2000,1096,CNN raster + Hough fusion,1,1,0,0.4928571428571429,0.0,0.7142857142857143,1.0,1.0,0,0,0,22,21,16341,0.0,0.0,0.0,0.997375488281189,0.0
small,2000,1097,CNN raster + Hough fusion,1,1,0,0.49615384615384617,0.0,0.7307692307692308,1.0,1.0,0,0,10,28,155,16191,0.2631578947299169,0.0606060606056933,0.09852216718241161,0.9888305664061896,0.05181347150232221
small,2000,1098,CNN raster + Hough fusion,4,4,0,0.2778761061946903,0.0,0.8893805309734513,0.0,1.0,1,0,24,176,341,15843,0.1199999999994,0.0657534246573541,0.084955751754731,0.9684448242186908,0.04436229205167401
small,2000,1099,CNN raster + Hough fusion,1,1,0,0.4903508771929824,0.0,0.7017543859649122,1.0,1.0,0,0,0,41,180,16163,0.0,0.0,0.0,0.9865112304686897,0.0
small,2000,1100,CNN raster + Hough fusion,2,2,0,0.23180405405405405,0.01734234234234234,0.62,0.0,1.0,1,0,3,47,302,16032,0.059999999998800006,0.009836065573738242,0.016901408208593538,0.9786987304686903,0.00852272727270306
small,2000,1101,CNN raster + Hough fusion,3,3,0,0.3421390845070422,0.1625,0.8450704225352113,0.0,1.0,0,2,0,148,328,15908,0.0,0.0,0.0,0.9709472656249407,0.0
small,2000,1102,CNN raster + Hough fusion,3,3,0,0.37410714285714286,0.25,0.8080357142857143,0.0,1.0,1,2,2,156,402,15824,0.012658227848021151,0.004950495049492697,0.007117437318195082,0.965942382812441,0.003571428571422194
small,2000,1103,CNN raster + Hough fusion,4,4,0,0.5556752980625931,0.03446969696969696,0.9508196721311475,1.0,1.0,0,0,19,97,215,16053,0.16379310344686385,0.08119658119623421,0.10857142812764083,0.98095703124994,0.057401812688648336
small,2000,1104,CNN raster + Hough fusion,4,3,1,0.2775854126201504,0.13862050456253355,0.7010309278350515,0.0,0.75,1,0,0,193,591,15600,0.0,0.0,0.0,0.9521484374999418,0.0
small,2000,1105,CNN raster + Hough fusion,2,2,0,0.5490552728954672,0.07355072463768116,0.8297872340425532,1.0,1.0,0,0,0,43,131,16210,0.0,0.0,0.0,0.9893798828124396,0.0
small,2000,1106,CNN raster + Hough fusion,1,1,0,0.5158536585365854,0.0,0.8292682926829268,1.0,1.0,0,0,0,33,132,16219,0.0,0.0,0.0,0.9899291992186896,0.0
small,2000,1107,CNN raster + Hough fusion,5,4,1,0.506923076923077,0.0,0.8846153846153846,1.0,0.8,0,0,0,137,443,15804,0.0,0.0,0.0,0.964599609374941,0.0
small,2000,1108,CNN raster + Hough fusion,4,4,0,0.6496719858156028,0.24674582706497597,0.9431818181818182,1.0,1.0,0,0,12,161,378,15833,0.06936416184931003,0.030769230769151876,0.04262877399686405,0.9671020507811909,0.021778584391974994
small,2000,1109,CNN raster + Hough fusion,2,2,0,0.24971438172043012,0.056712962962962965,0.6209677419354839,0.0,1.0,1,0,0,75,304,16005,0.0,0.0,0.0,0.9768676757811904,0.0
small,2000,1110,CNN raster + Hough fusion,5,4,1,0.35322520242914984,0.22750000000000004,0.854251012145749,0.0,0.8,1,2,0,193,646,15545,0.0,0.0,0.0,0.948791503906192,0.0
small,2000,1111,CNN raster + Hough fusion,4,4,0,0.3210610465116279,0.046802325581395354,1.0,0.0,1.0,0,1,0,133,304,15947,0.0,0.0,0.0,0.9733276367186906,0.0
small,2000,1112,CNN raster + Hough fusion,3,2,1,0.4632013201320132,0.0,0.7326732673267327,1.0,0.6666666666666667,0,0,7,62,256,16059,0.10144927536084855,0.026615969581647848,0.04216867436926622,0.9805908203124402,0.021538461538395268
small,2000,1113,CNN raster + Hough fusion,4,4,0,0.3772696506550218,0.195,0.9475982532751092,0.0,1.0,0,3,0,197,265,15922,0.0,0.0,0.0,0.9718017578124407,0.0
small,2000,1114,CNN raster + Hough fusion,5,5,0,0.3811747680890538,0.19127272727272726,0.9755102040816327,0.0,1.0,0,7,25,172,403,15784,0.1269035532988482,0.05841121495313455,0.07999999956804608,0.964904785156191,0.04166666666659722
small,2000,1115,CNN raster + Hough fusion,4,3,1,0.2528365384615385,0.0875,0.6923076923076923,0.0,0.75,1,0,34,125,506,15719,0.21383647798607652,0.06296296296284637,0.09728183083567983,0.9614868164061913,0.0511278195487953
small,2000,1116,CNN raster + Hough fusion,4,4,0,0.3413068181818182,0.1625,0.8409090909090909,0.0,1.0,0,2,18,180,722,15464,0.09090909090863178,0.024324324324291453,0.038379530583703476,0.9449462890624423,0.01956521739128308
small,2000,1117,CNN raster + Hough fusion,2,2,0,0.6202551020408164,0.18333333333333332,0.9387755102040817,1.0,1.0,0,0,3,36,153,16192,0.07692307692110455,0.01923076923064596,0.030769230448915195,0.9884643554686896,0.01562499999991862
small,2000,1118,CNN raster + Hough fusion,1,1,0,0.5372671232876712,0.12999999999999998,0.6438356164383562,1.0,1.0,0,0,0,48,224,16112,0.0,0.0,0.0,0.9833984374999399,0.0
small,2000,1119,CNN raster + Hough fusion,5,4,1,0.21916349809885935,0.0,0.6958174904942966,0.0,0.8,1,0,5,143,480,15756,0.03378378378355552,0.010309278350494208,0.015797787951303887,0.9619750976561913,0.007961783439477768
small,2000,1120,CNN raster + Hough fusion,5,5,0,0.45774675579023405,0.3525503482025222,0.9954954954954955,0.0,1.0,2,2,4,200,385,15795,0.019607843137158788,0.010282776349587963,0.013490724675093647,0.9642944335936912,0.006791171477068266
small,2000,1121,CNN raster + Hough fusion,1,1,0,0.47289156626506024,0.0,0.6144578313253012,1.0,1.0,0,0,2,46,82,16254,0.041666666665798616,0.02380952380924036,0.03030302983976126,0.9921874999999394,0.015384615384497043
small,2000,1122,CNN raster + Hough fusion,3,3,0,0.27423951048951056,0.013461538461538457,0.8409090909090909,0.0,1.0,1,1,6,103,358,15917,0.05504587155912802,0.0164835164834712,0.025369978503564587,0.9718627929686906,0.012847965738730519
small,2000,1123,CNN raster + Hough fusion,1,1,0,0.5261379928315412,0.004320987654320967,0.8709677419354839,1.0,1.0,0,0,0,31,28,16325,0.0,0.0,0.0,0.9963989257811892,0.0
small,2000,1124,CNN raster + Hough fusion,3,3,0,0.6291746794871794,0.1844907407407407,0.9807692307692307,1.0,1.0,0,0,2,82,105,16195,0.02380952380924036,0.01869158878487204,0.020942407883994416,0.9885864257811896,0.010582010581954593
small,2000,1125,CNN raster + Hough fusion,4,4,0,0.5340569877883311,0.07070707070707072,0.7611940298507462,1.0,1.0,0,0,4,131,562,15687,0.029629629629410154,0.007067137809174793,0.011412267877281496,0.9577026367186915,0.005738880918212713
small,2000,1126,CNN raster + Hough fusion,4,3,1,0.5025679320553995,0.0004654255319148943,0.8867924528301887,1.0,0.75,0,0,2,104,211,16067,0.018867924528123886,0.009389671361458265,0.012539184509153818,0.9807739257811902,0.0063091482649643245
small,2000,1127,CNN raster + Hough fusion,5,4,1,0.304544356609574,0.06071585419411505,0.9861111111111112,0.0,0.8,1,0,4,134,324,15922,0.028985507246166775,0.012195121951182332,0.017167381557295226,0.9720458984374406,0.008658008657989918
small,2000,1128,CNN raster + Hough fusion,4,3,1,0.4638535031847134,0.0,0.694267515923567,1.0,0.75,0,0,1,91,498,15794,0.010869565217273157,0.002004008016028048,0.003384094491770257,0.9640502929686912,0.0016949152542344154
small,2000,1129,CNN raster + Hough fusion,2,2,0,0.46605403135498324,0.021491228070175446,0.5319148936170213,1.0,1.0,0,0,0,70,441,15873,0.0,0.0,0.0,0.9688110351561908,0.0
small,2000,1130,CNN raster + Hough fusion,3,3,0,0.411237372276846,0.304002849002849,0.8721804511278195,0.0,1.0,0,1,39,88,328,15929,0.30708661417081035,0.10626702997246248,0.15789473645948138,0.9746093749999405,0.08571428571409734
small,2000,1131,CNN raster + Hough fusion,5,4,1,0.21752208317997793,0.05909090909090909,0.5546558704453441,0.0,0.8,1,0,6,112,577,15689,0.050847457626687735,0.010291595197237923,0.017118402002413515,0.9579467773436915,0.008633093525167435
small,2000,1132,CNN raster + Hough fusion,5,4,1,0.6509236947791166,0.2740740740740741,0.9879518072289156,1.0,0.8,0,0,7,242,536,15599,0.028112449799083887,0.012891344383033349,0.01767676724562227,0.9525146484374418,0.00891719745221794
small,2000,1133,CNN raster + Hough fusion,5,5,0,0.3564434937611408,0.24743434343434345,0.7254901960784313,0.0,1.0,1,4,9,231,744,15400,0.03749999999984375,0.011952191235043888,0.018126887850932364,0.9404907226561926,0.009146341463405339
small,2000,1134,CNN raster + Hough fusion,2,1,1,0.5555092592592593,0.325,0.5462962962962963,1.0,0.5,0,0,0,60,110,16214,0.0,0.0,0.0,0.9896240234374396,0.0
small,2000,1135,CNN raster + Hough fusion,2,2,0,0.5243560606060605,0.06893939393939393,0.7166666666666667,1.0,1.0,0,0,0,60,95,16229,0.0,0.0,0.0,0.9905395507811895,0.0
small,2000,1136,CNN raster + Hough fusion,4,4,0,0.5337500000000001,0.07777777777777775,0.74375,1.0,1.0,0,0,0,104,276,16004,0.0,0.0,0.0,0.9768066406249404,0.0
small,2000,1137,CNN raster + Hough fusion,5,4,1,0.21797509578544064,0.04777777777777778,0.5823754789272031,0.0,0.8,1,0,17,113,638,15616,0.13076923076822486,0.025954198473242818,0.04331210163435758,0.9541625976561917,0.022135416666637844
small,2000,1138,CNN raster + Hough fusion,4,3,1,0.5119918699186992,0.0,0.9349593495934959,1.0,0.75,0,0,0,108,246,16030,0.0,0.0,0.0,0.9783935546874403,0.0
small,2000,1139,CNN raster + Hough fusion,1,1,0,0.5843181818181818,0.11666666666666667,0.9090909090909091,1.0,1.0,0,0,0,33,95,16256,0.0,0.0,0.0,0.9921874999999394,0.0
small,2000,1140,CNN raster + Hough fusion,1,1,0,0.47307692307692306,0.0,0.6153846153846154,1.0,1.0,0,0,0,20,17,16347,0.0,0.0,0.0,0.997741699218689,0.0
small,2000,1141,CNN raster + Hough fusion,5,3,2,0.1538388625592417,0.0,0.4691943127962085,0.0,0.6,1,0,1,84,485,15814,0.011764705882214533,0.002057613168720046,0.0035026267168117077,0.965270996093691,0.001754385964909203
small,2000,1142,CNN raster + Hough fusion,1,1,0,0.4928571428571429,0.0,0.7142857142857143,1.0,1.0,0,0,0,27,65,16292,0.0,0.0,0.0,0.9943847656249393,0.0
small,2000,1143,CNN raster + Hough fusion,2,2,0,0.22,0.0,0.6,0.0,1.0,1,0,3,41,161,16179,0.0681818181802686,0.018292682926717728,0.028846153512296604,0.9876708984374397,0.01463414634139203
small,2000,1144,CNN raster + Hough fusion,4,3,1,0.21803797468354433,0.0,0.7151898734177216,0.0,0.75,1,0,1,95,160,16128,0.01041666666655816,0.006211180124185024,0.007782100699238474,0.9844360351561899,0.0039062499999847414
small,2000,1145,CNN raster + Hough fusion,1,1,0,0.5107843137254902,0.0,0.803921568627451,1.0,1.0,0,0,0,42,162,16180,0.0,0.0,0.0,0.9875488281249397,0.0
small,2000,1146,CNN raster + Hough fusion,4,4,0,0.3233207176210371,0.1852991452991453,0.6996805111821086,0.0,1.0,3,2,21,185,557,15621,0.10194174757232068,0.03633217993073299,0.0535714281838622,0.9547119140624417,0.027522935779780443
small,2000,1147,CNN raster + Hough fusion,1,1,0,0.5092592592592593,0.0,0.7962962962962963,1.0,1.0,0,0,0,42,55,16287,0.0,0.0,0.0,0.9940795898436893,0.0
small,2000,1148,CNN raster + Hough fusion,4,3,1,0.44642857142857145,0.0,0.6071428571428572,1.0,0.75,0,0,19,106,512,15747,0.151999999998784,0.03578154425605314,0.05792682895963619,0.9622802734374413,0.029827315541554433
small,2000,1149,CNN raster + Hough fusion,2,2,0,0.5992884615384616,0.195,0.8076923076923077,1.0,1.0,0,0,0,127,482,15775,0.0,0.0,0.0,0.9628295898436912,0.0
small,2000,1150,CNN raster + Hough fusion,3,2,1,0.1801498127340824,0.0,0.5674157303370786,0.0,0.6666666666666667,1,0,4,85,336,15959,0.044943820224214115,0.01176470588231834,0.018648018319091946,0.9743041992186905,0.009411764705860208
small,2000,1151,CNN raster + Hough fusion,3,2,1,0.19738602150537635,0.0664874551971326,0.504,0.0,0.6666666666666667,1,0,4,45,319,16016,0.08163265305955852,0.01238390092875423,0.02150537611523009,0.9777832031249403,0.010869565217361769
small,2000,1152,CNN raster + Hough fusion,5,4,1,0.25196977945834653,0.09644077974870657,0.6428571428571428,0.0,0.8,2,0,6,143,517,15718,0.04026845637556867,0.011472275334586095,0.017857142511962344,0.9597167968749414,0.009009009008995482
small,2000,1153,CNN raster + Hough fusion,1,1,0,0.490625,0.0,0.703125,1.0,1.0,0,0,0,45,46,16293,0.0,0.0,0.0,0.9944458007811893,0.0
small,2000,1154,CNN raster + Hough fusion,4,4,0,0.5580753353973168,0.06862745098039216,0.8859649122807017,1.0,1.0,0,0,0,111,245,16028,0.0,0.0,0.0,0.9782714843749403,0.0
small,2000,1155,CNN raster + Hough fusion,1,1,0,0.49520547945205484,0.0,0.726027397260274,1.0,1.0,0,0,0,52,74,16258,0.0,0.0,0.0,0.9923095703124394,0.0
small,2000,1156,CNN raster + Hough fusion,2,2,0,0.557358284883721,0.109375,0.7906976744186046,1.0,1.0,0,0,0,61,136,16187,0.0,0.0,0.0,0.9879760742186897,0.0
small,2000,1157,CNN raster + Hough fusion,5,4,1,0.49821797926115974,0.04302118171683389,0.7442922374429224,1.0,0.8,0,0,11,139,386,15848,0.07333333333284445,0.027707808564161947,0.04021937802959137,0.9679565429686909,0.020522388059663204
small,2000,1158,CNN raster + Hough fusion,2,2,0,0.5000631313131313,0.0021604938271604836,0.7454545454545455,1.0,1.0,0,0,0,56,101,16227,0.0,0.0,0.0,0.9904174804686895,0.0
small,2000,1159,CNN raster + Hough fusion,3,3,0,0.2584207600754844,0.05657748049052396,0.664804469273743,0.0,1.0,3,0,9,95,256,16024,0.08653846153762944,0.03396226415081524,0.048780487399798775,0.9785766601561903,0.024999999999930557
small,2000,1160,CNN raster + Hough fusion,1,1,0,0.4928571428571429,0.0,0.7142857142857143,1.0,1.0,0,0,0,22,21,16341,0.0,0.0,0.0,0.997375488281189,0.0
small,2000,1161,CNN raster + Hough fusion,5,4,1,0.5705835888145672,0.1053804347826087,0.9658119658119658,1.0,0.8,0,0,0,100,172,16112,0.0,0.0,0.0,0.9833984374999399,0.0
small,2000,1162,CNN raster + Hough fusion,1,1,0,0.47615384615384615,0.0,0.6307692307692307,1.0,1.0,0,0,2,39,141,16202,0.04878048780368829,0.013986013985916182,0.021739130088197077,0.9890136718749396,0.010989010988950611
small,2000,1163,CNN raster + Hough fusion,1,1,0,0.512962962962963,0.0,0.8148148148148149,1.0,1.0,0,0,0,17,90,16277,0.0,0.0,0.0,0.9934692382811894,0.0
small,2000,1164,CNN raster + Hough fusion,5,5,0,0.37471335544944095,0.20747305140961855,0.9067524115755627,0.0,1.0,1,0,10,276,841,15257,0.03496503496491271,0.011750881316084899,0.017590149139705556,0.931823730468693,0.008873114463168703
small,2000,1165,CNN raster + Hough fusion,2,2,0,0.6118550881082974,0.16997607655502392,0.926829268292683,1.0,1.0,0,0,0,64,176,16144,0.0,0.0,0.0,0.9853515624999398,0.0
small,2000,1166,CNN raster + Hough fusion,2,2,0,0.5538541666666666,0.08263888888888887,0.8333333333333334,1.0,1.0,0,0,5,42,80,16257,0.10638297872114079,0.05882352941107266,0.07575757529786502,0.9925537109374394,0.03937007873984748
small,2000,1167,CNN raster + Hough fusion,5,3,2,0.27136029411764706,0.1625,0.6911764705882353,0.0,0.6,1,2,0,123,609,15652,0.0,0.0,0.0,0.9553222656249417,0.0
small,2000,1168,CNN raster + Hough fusion,2,1,1,0.36503067484662577,0.0,0.32515337423312884,1.0,0.5,0,0,0,53,241,16090,0.0,0.0,0.0,0.98205566406244,0.0
small,2000,1169,CNN raster + Hough fusion,5,4,1,0.33151690518783544,0.1584096601073345,0.9011627906976745,0.0,0.8,0,3,0,157,404,15823,0.0,0.0,0.0,0.965759277343691,0.0
small,2000,1170,CNN raster + Hough fusion,3,2,1,0.6277096774193549,0.394910394265233,0.6666666666666667,1.0,0.6666666666666667,0,0,0,118,453,15813,0.0,0.0,0.0,0.965148925781191,0.0
small,2000,1171,CNN raster + Hough fusion,3,3,0,0.5743016194331984,0.08675213675213675,0.9263157894736842,1.0,1.0,0,0,0,82,154,16148,0.0,0.0,0.0,0.9855957031249398,0.0
small,2000,1172,CNN raster + Hough fusion,4,3,1,0.4936563242213397,0.043260300071445594,0.7459459459459459,1.0,0.75,0,0,4,134,396,15850,0.028985507246166775,0.009999999999975001,0.014869888094360234,0.9676513671874409,0.007490636704105823
small,2000,1173,CNN raster + Hough fusion,4,3,1,0.2904247416020672,0.13304263565891472,0.7777777777777778,0.0,0.75,0,1,3,114,402,15865,0.025641025640806486,0.007407407407389118,0.011494252525718953,0.9685058593749408,0.005780346820798111
small,2000,1174,CNN raster + Hough fusion,5,3,2,0.26437679536491554,0.15007708911501697,0.6842105263157895,0.0,0.6,1,1,0,138,563,15683,0.0,0.0,0.0,0.9572143554686916,0.0
small,2000,1175,CNN raster + Hough fusion,5,4,1,0.2845863526570048,0.13858695652173914,0.7111111111111111,0.0,0.8,1,0,3,185,409,15787,0.01595744680842576,0.007281553398040579,0.009999999569655575,0.9637451171874412,0.005025125628132287
small,2000,1176,CNN raster + Hough fusion,2,1,1,0.39464285714285713,0.0,0.4732142857142857,1.0,0.5,0,0,0,54,282,16048,0.0,0.0,0.0,0.9794921874999402,0.0
small,2000,1177,CNN raster + Hough fusion,4,4,0,0.5413914835164835,0.017499999999999995,0.9175824175824175,1.0,1.0,0,0,7,132,285,15960,0.05035971222985353,0.023972602739643932,0.032482598170746294,0.9745483398436905,0.016509433962225213
small,2000,1178,CNN raster + Hough fusion,3,3,0,0.3878424657534246,0.25,0.8767123287671232,0.0,1.0,0,1,4,112,492,15776,0.034482758620392386,0.008064516129015998,0.013071895117561627,0.9631347656249412,0.006578947368410232
small,2000,1179,CNN raster + Hough fusion,1,1,0,0.4950980392156863,0.0,0.7254901960784313,1.0,1.0,0,0,0,33,52,16299,0.0,0.0,0.0,0.9948120117186893,0.0
small,2000,1180,CNN raster + Hough fusion,3,3,0,0.561368778280543,0.04487179487179487,0.9558823529411765,1.0,1.0,0,0,3,56,195,16130,0.05084745762625682,0.01515151515143863,0.023346303148026472,0.9846801757811898,0.011811023622000745
small,2000,1181,CNN raster + Hough fusion,4,3,1,0.2675837108139201,0.16081140350877193,0.6010928961748634,0.0,0.75,1,0,10,87,556,15731,0.10309278350409182,0.017667844522936984,0.030165912268963466,0.9607543945311914,0.015313935681446686
small,2000,1182,CNN raster + Hough fusion,3,3,0,0.5349747474747475,0.05303030303030303,0.8055555555555556,1.0,1.0,0,0,0,83,242,16059,0.0,0.0,0.0,0.9801635742186902,0.0
small,2000,1183,CNN raster + Hough fusion,4,3,1,0.23764771336374763,0.09787347155768207,0.5930232558139534,0.0,0.75,2,0,13,71,431,15869,0.15476190476006235,0.029279279279213335,0.049242423974675736,0.9693603515624408,0.025242718446552927
small,2000,1184,CNN raster + Hough fusion,3,4,1,0.33732684824902726,0.16444444444444445,0.9416342412451362,0.0,0.75,0,1,0,233,388,15763,0.0,0.0,0.0,0.9620971679686913,0.0
small,2000,1185,CNN raster + Hough fusion,3,3,0,0.5522368421052631,0.06111111111111111,0.8736842105263158,1.0,1.0,0,0,3,89,205,16087,0.032608695651819466,0.014423076923007582,0.019999999574622233,0.98205566406244,0.010101010100976091
small,2000,1186,CNN raster + Hough fusion,3,2,1,0.4509732360097324,0.0,0.6715328467153285,1.0,0.6666666666666667,0,0,1,92,315,15976,0.01075268817192739,0.0031645569620153023,0.00488997519873748,0.9751586914061905,0.0024509803921508554
small,2000,1187,CNN raster + Hough fusion,4,3,1,0.26145833333333335,0.0,0.9322916666666666,0.0,0.75,0,1,0,170,505,15709,0.0,0.0,0.0,0.9588012695311915,0.0
small,2000,1188,CNN raster + Hough fusion,2,2,0,0.6575346914078257,0.33846846846846845,0.7761194029850746,1.0,1.0,0,0,7,62,159,16156,0.10144927536084855,0.04216867469854116,0.059574467669787246,0.9865112304686897,0.030701754385830258
small,2000,1189,CNN raster + Hough fusion,3,3,0,0.5237051792828685,0.0,0.8685258964143426,1.0,1.0,0,0,16,203,752,15413,0.07305936073026001,0.020833333333306208,0.03242147888462064,0.9417114257811925,0.01647785787845883
small,2000,1190,CNN raster + Hough fusion,1,1,0,0.5007246376811594,0.0,0.7536231884057971,1.0,1.0,0,0,6,46,64,16268,0.11538461538239646,0.08571428571306122,0.09836065524697661,0.9932861328124394,0.05172413793058858
small,2000,1191,CNN raster + Hough fusion,2,2,0,0.47549019607843135,0.0,0.6274509803921569,1.0,1.0,0,0,0,40,63,16281,0.0,0.0,0.0,0.9937133789061893,0.0
small,2000,1192,CNN raster + Hough fusion,5,4,1,0.37361631193880945,0.3111290322580645,0.768041237113402,0.0,0.8,1,1,1,140,476,15767,0.007092198581509985,0.002096436058695815,0.0032362456024811613,0.9624023437499413,0.00162074554294713
small,2000,1193,CNN raster + Hough fusion,4,4,0,0.25153125,0.015555555555555555,0.72265625,0.0,1.0,2,1,3,176,608,15597,0.01675977653621922,0.004909983633379853,0.007594936358356049,0.9521484374999418,0.0038119440914818146
small,2000,1194,CNN raster + Hough fusion,4,3,1,0.21717827626918537,0.0772005772005772,0.5371900826446281,0.0,0.75,1,0,6,107,621,15650,0.053097345132273474,0.00956937799041536,0.016216215957403215,0.9555664062499416,0.00817438692096979
small,2000,1195,CNN raster + Hough fusion,3,3,0,0.5471003401360545,0.08425925925925926,0.7959183673469388,1.0,1.0,0,0,0,73,279,16032,0.0,0.0,0.0,0.9785156249999403,0.0
small,2000,1196,CNN raster + Hough fusion,5,4,1,0.2221686746987952,0.0,0.7108433734939759,0.0,0.8,1,0,1,102,487,15794,0.00970873786398341,0.0020491803278646532,0.0033840944668275933,0.9640502929686912,0.0016949152542344154
small,2000,1197,CNN raster + Hough fusion,5,4,1,0.38234832451499123,0.25761904761904764,0.9320987654320988,0.0,0.8,1,3,6,122,210,16046,0.04687499999963379,0.027777777777649178,0.03488372046275015,0.9797363281249402,0.01775147928988831
small,2000,1198,CNN raster + Hough fusion,5,4,1,0.4752513966480447,0.0,0.7262569832402235,1.0,0.8,0,0,0,114,474,15796,0.0,0.0,0.0,0.9641113281249412,0.0
small,2000,1199,CNN raster + Hough fusion,4,3,1,0.2650990099009901,0.0,0.9504950495049505,0.0,0.75,1,0,3,85,287,16009,0.03409090909052169,0.010344827586171225,0.015873015515719055,0.9772949218749403,0.007999999999978667
small,2000,0,Hough transform baseline,1,1,0,0.8738824451410658,0.7427272727272727,0.9482758620689655,1.0,1.0,0,0,42,1,162,16179,0.9767441860237968,0.20588235294016724,0.3400809713696012,0.9900512695311895,0.2048780487794884
small,2000,1,Hough transform baseline,2,2,0,0.9783333333333333,0.961111111111111,0.9791666666666666,1.0,1.0,0,0,98,0,122,16164,0.9999999999897958,0.44545454545252067,0.616352200827578,0.9925537109374394,0.44545454545252067
small,2000,2,Hough transform baseline,2,3,1,0.5075801815143921,0.6905661881977672,0.6507936507936508,0.0,0.6666666666666667,0,1,109,0,155,16120,0.9999999999908257,0.412878787877224,0.5844504017279791,0.9905395507811895,0.412878787877224
small,2000,3,Hough transform baseline,4,5,1,0.8209031422238198,0.6983725071225071,0.883177570093458,1.0,0.8,0,0,189,6,372,15817,0.9692307692257989,0.33689839572132463,0.4999999996158667,0.9769287109374404,0.33333333333274545
small,2000,4,Hough transform baseline,4,5,1,0.632757463137599,0.8944408795113021,0.7512953367875648,0.0,0.8,0,1,304,52,400,15628,0.8539325842672643,0.4318181818175684,0.5735849052131862,0.9724121093749406,0.40211640211587024
small,2000,5,Hough transform baseline,5,5,0,0.6878937819231623,0.757438596491228,0.8185654008438819,0.3333333333333333,1.0,1,3,203,36,265,15880,0.8493723849336847,0.4337606837597569,0.5742574252934066,0.98162841796869,0.40277777777697865
small,2000,6,Hough transform baseline,1,1,0,0.805610294117647,0.5941666666666666,0.9411764705882353,1.0,1.0,0,0,34,1,67,16282,0.9714285714008164,0.3366336633630036,0.49999999961040226,0.9958496093749392,0.3333333333300654
small,2000,7,Hough transform baseline,4,5,1,0.6323932350718064,0.8556584362139917,0.8367346938775511,0.0,0.8,0,1,225,0,58,16101,0.9999999999955556,0.7950530035307596,0.8858267711565736,0.9964599609374392,0.7950530035307596
small,2000,8,Hough transform baseline,3,3,0,0.9106190476190476,0.9177777777777778,0.9880952380952381,0.8,1.0,1,1,170,0,84,16130,0.9999999999941177,0.6692913385800422,0.8018867919686722,0.9948730468749393,0.6692913385800422
small,2000,9,Hough transform baseline,2,3,1,0.5300503370503371,0.7474592074592075,0.6351351351351351,0.0,0.6666666666666667,0,1,66,0,66,16252,0.9999999999848485,0.49999999999621214,0.6666666662154882,0.9959716796874392,0.49999999999621214
small,2000,10,Hough transform baseline,4,6,2,0.463963667245451,0.6100379506641367,0.6138996138996139,0.0,0.6666666666666667,0,1,201,36,260,15887,0.8481012658192063,0.4360086767886421,0.5759312316415341,0.98193359374994,0.40442655935532307
small,2000,11,Hough transform baseline,4,8,4,0.5611798679867988,0.7685185185185186,0.8267326732673268,0.0,0.5,0,3,184,15,289,15896,0.9246231155732432,0.38900634249389215,0.547619047200543,0.98144531249994,0.3770491803270962
small,2000,12,Hough transform baseline,5,8,3,0.5963137399732236,0.8200037997734124,0.6240601503759399,0.16,0.625,1,5,307,80,336,15661,0.7932816537447203,0.4774494556757738,0.5961165043840984,0.9746093749999405,0.4246196403866879
small,2000,13,Hough transform baseline,5,5,0,0.6616226629105886,0.8500837679785047,0.8954248366013072,0.0,1.0,0,1,123,5,210,16046,0.9609374999924928,0.36936936936826015,0.5336225592494859,0.9868774414061897,0.36390532544271037
small,2000,14,Hough transform baseline,3,6,3,0.6982869623655914,0.852824074074074,0.8225806451612903,0.4,0.5,1,2,117,4,170,16093,0.9669421487523393,0.4076655052250604,0.5735294113446631,0.9893798828124396,0.40206185566872144
small,2000,15,Hough transform baseline,2,2,0,0.9381976744186047,0.8833333333333334,0.9534883720930233,1.0,1.0,0,0,45,0,42,16297,0.9999999999777779,0.5172413793043995,0.6818181813584709,0.997436523437439,0.5172413793043995
small,2000,16,Hough transform baseline,3,4,1,0.5116024767801858,0.6075610595115238,0.8160000000000001,0.0,0.75,0,1,119,0,112,16153,0.9999999999915966,0.515151515149285,0.6799999995473143,0.9931640624999394,0.515151515149285
small,2000,17,Hough transform baseline,4,7,3,0.6880957962434823,0.8592326521924223,0.5964912280701755,0.5,0.5714285714285714,1,2,234,90,323,15737,0.7222222222199932,0.4201077199274325,0.5312145284781482,0.9747924804686905,0.3616692426578645
small,2000,18,Hough transform baseline,3,3,0,0.9832333767926988,0.9695784441547153,0.9846153846153847,1.0,1.0,0,0,129,0,120,16135,0.9999999999922481,0.518072289154546,0.6825396820864618,0.9926757812499394,0.518072289154546
small,2000,19,Hough transform baseline,2,2,0,0.9399528301886793,0.8833333333333334,0.9622641509433962,1.0,1.0,0,0,55,0,42,16287,0.9999999999818182,0.5670103092725051,0.7236842100549687,0.997436523437439,0.5670103092725051
small,2000,20,Hough transform baseline,1,1,0,1.0,1.0,1.0,1.0,1.0,0,0,65,0,0,16319,0.9999999999846153,0.9999999999846153,0.9999999994846154,0.9999999999999389,0.9999999999846153
small,2000,21,Hough transform baseline,4,12,8,0.3859623563218391,0.6722126436781609,0.2506666666666667,0.0,0.33333333333333337,0,20,317,275,336,15456,0.5354729729720684,0.48545176110185995,0.5092369472915469,0.9627075195311913,0.3415948275858388
small,2000,22,Hough transform baseline,3,3,0,0.8671944444444445,0.783888888888889,0.8222222222222222,1.0,1.0,0,0,93,17,78,16196,0.8454545454468595,0.5438596491196266,0.6619217077039043,0.9942016601561893,0.4946808510611985
small,2000,23,Hough transform baseline,1,1,0,1.0,1.0,1.0,1.0,1.0,0,0,43,0,0,16341,0.9999999999767443,0.9999999999767443,0.9999999994767443,0.9999999999999389,0.9999999999767443
small,2000,24,Hough transform baseline,1,1,0,1.0,1.0,1.0,1.0,1.0,0,0,60,0,0,16324,0.9999999999833334,0.9999999999833334,0.9999999994833335,0.9999999999999389,0.9999999999833334
small,2000,25,Hough transform baseline,4,4,0,0.8273121929931393,0.7266702977487292,0.7515527950310559,1.0,1.0,0,0,106,38,149,16091,0.7361111111059992,0.4156862745081738,0.5313283203380381,0.9885864257811896,0.361774744026069
small,2000,26,Hough transform baseline,1,1,0,1.0,1.0,1.0,1.0,1.0,0,0,18,0,0,16366,0.9999999999444444,0.9999999999444444,0.9999999994444444,0.9999999999999389,0.9999999999444444
small,2000,27,Hough transform baseline,3,3,0,0.974285563305855,0.9539679184574555,0.975,1.0,1.0,0,0,163,0,284,15937,0.9999999999938651,0.36465324384705894,0.534426229114824,0.98266601562494,0.36465324384705894
small,2000,28,Hough transform baseline,4,4,0,0.9766392441628816,0.9543913857677904,0.9858156028368794,1.0,1.0,0,0,145,0,184,16055,0.9999999999931035,0.4407294832813352,0.6118143455643238,0.9887695312499396,0.4407294832813352
small,2000,29,Hough transform baseline,1,1,0,1.0,1.0,1.0,1.0,1.0,0,0,15,0,0,16369,0.9999999999333333,0.9999999999333333,0.9999999994333333,0.9999999999999389,0.9999999999333333
small,2000,30,Hough transform baseline,2,2,0,0.9139772727272727,0.825,0.9636363636363636,1.0,1.0,0,0,57,0,28,16299,0.9999999999824563,0.6705882352862284,0.8028169009165841,0.998291015624939,0.6705882352862284
small,2000,31,Hough transform baseline,3,5,2,0.5766055612866052,0.8217535153019024,0.7340823970037453,0.0,0.6,0,1,208,32,321,15823,0.8666666666630556,0.39319470699358566,0.5409622882558166,0.9784545898436903,0.37076648841288634
small,2000,32,Hough transform baseline,4,4,0,0.9480749173476389,0.8979442607725311,0.97,1.0,1.0,0,0,204,0,244,15936,0.9999999999950981,0.45535714285612644,0.6257668707337498,0.9851074218749398,0.45535714285612644
small,2000,33,Hough transform baseline,3,3,0,0.8859868724090281,0.7918803418803418,0.8982035928143712,1.0,1.0,0,0,146,14,235,15989,0.912499999994297,0.383202099736527,0.5397412195444733,0.9848022460936898,0.36962025316362124
small,2000,34,Hough transform baseline,3,3,0,0.9564942528735633,0.9144316730523627,0.975,1.0,1.0,0,0,157,0,169,16058,0.9999999999936307,0.4815950920230626,0.6501035192272588,0.9896850585936896,0.4815950920230626
small,2000,35,Hough transform baseline,1,1,0,1.0,1.0,1.0,1.0,1.0,0,0,45,0,0,16339,0.9999999999777779,0.9999999999777779,0.999999999477778,0.9999999999999389,0.9999999999777779
small,2000,36,Hough transform baseline,2,2,0,1.0,1.0,1.0,1.0,1.0,1,1,126,0,0,16258,0.9999999999920635,0.9999999999920635,0.9999999994920634,0.9999999999999389,0.9999999999920635
small,2000,37,Hough transform baseline,1,2,1,0.7910726495726497,0.7835802469135802,0.6923076923076923,1.0,0.5,0,0,63,7,89,16225,0.8999999999871429,0.41447368420779956,0.5675675671306711,0.9941406249999393,0.39622641509184764
small,2000,38,Hough transform baseline,5,8,3,0.5605404795940728,0.7415787380699893,0.5943775100401607,0.18181818181818182,0.625,2,11,353,88,597,15346,0.800453514737414,0.37157894736802993,0.5075485258063355,0.9581909179686915,0.3400770712906165
small,2000,39,Hough transform baseline,2,3,1,0.6058184523809523,0.86875,0.7410714285714286,0.0,0.6666666666666667,0,1,89,6,108,16181,0.9368421052532964,0.45177664974389964,0.6095890406527256,0.9930419921874394,0.43842364531803735
small,2000,40,Hough transform baseline,5,14,9,0.3291478751468053,0.5012236376183065,0.2921174652241113,0.03783783783783783,0.3571428571428571,2,37,334,151,231,15668,0.6886597938130131,0.5911504424768298,0.6361904756921668,0.9766845703124404,0.4664804469267228
small,2000,41,Hough transform baseline,1,1,0,0.9644444444444444,0.9333333333333333,0.9722222222222222,1.0,1.0,0,0,73,0,142,16169,0.9999999999863013,0.33953488371935103,0.506944444062476,0.9913330078124395,0.33953488371935103
small,2000,42,Hough transform baseline,1,1,0,0.9192412280701755,0.8283333333333334,0.9824561403508771,1.0,1.0,0,0,51,0,62,16271,0.9999999999803922,0.45132743362432454,0.6219512190760708,0.9962158203124392,0.45132743362432454
small,2000,43,Hough transform baseline,4,4,0,0.98095266004001,0.9624515503875969,0.989247311827957,1.0,1.0,2,2,281,0,147,15956,0.9999999999964413,0.6565420560732323,0.792665725894434,0.9910278320311895,0.6565420560732323
small,2000,44,Hough transform baseline,5,7,2,0.7274485232689568,0.8739441195581547,0.8970588235294118,0.3333333333333333,0.7142857142857143,1,3,124,0,135,16125,0.9999999999919355,0.4787644787626303,0.6475195818041707,0.9917602539061895,0.4787644787626303
small,2000,45,Hough transform baseline,5,5,0,0.8061662477902887,0.8686811278456632,0.9512987012987013,0.5,1.0,1,2,284,6,410,15684,0.9793103448242093,0.4092219020167014,0.5772357719408338,0.9746093749999405,0.4057142857137061
small,2000,46,Hough transform baseline,5,6,1,0.5834386475593373,0.59985088985089,0.9008620689655172,0.19999999999999998,0.8333333333333334,1,3,161,34,308,15881,0.8256410256367916,0.3432835820888203,0.4849397586198242,0.9791259765624402,0.3200795228621867
small,2000,47,Hough transform baseline,2,2,0,0.25456709956709955,0.18571428571428572,0.35497835497835495,0.0,1.0,0,1,80,106,151,16047,0.43010752687940806,0.3463203463188471,0.38369304506753155,0.9843139648436899,0.2373887240349039
small,2000,48,Hough transform baseline,2,2,0,1.0,1.0,1.0,1.0,1.0,0,0,40,0,0,16344,0.9999999999750001,0.9999999999750001,0.9999999994750002,0.9999999999999389,0.9999999999750001
small,2000,49,Hough transform baseline,4,5,1,0.577421721782647,0.738993710691824,0.8243727598566308,0.0,0.8,0,1,271,11,365,15737,0.9609929077980107,0.42610062893014766,0.5904139429281852,0.9770507812499404,0.4188562596593217
small,2000,50,Hough transform baseline,4,5,1,0.5674034231167384,0.7767004985754986,0.68944099378882,0.0,0.8,0,2,120,19,263,15982,0.8633093525117748,0.31331592689213233,0.4597701145500139,0.9827880859374399,0.2985074626858246
small,2000,51,Hough transform baseline,2,2,0,0.7649487734487734,0.4974170274170274,0.9555555555555556,1.0,1.0,0,0,82,1,171,16130,0.9879518072170126,0.3241106719354778,0.48809523772032665,0.9895019531249396,0.32283464566802034
small,2000,52,Hough transform baseline,3,4,1,0.8232143466234063,0.7451358240376771,0.814516129032258,1.0,0.75,1,1,194,27,237,15926,0.8778280542946705,0.45011600927969814,0.5950920240899215,0.9838867187499399,0.42358078602527605
small,2000,53,Hough transform baseline,2,2,0,0.8785164505269655,0.7514555660974067,0.9518072289156626,1.0,1.0,0,0,67,0,126,16191,0.9999999999850746,0.34715025906555885,0.515384614998077,0.9923095703124394,0.34715025906555885
small,2000,54,Hough transform baseline,5,5,0,0.9366168414918415,0.9150925925925926,0.8741258741258742,1.0,1.0,1,1,215,24,91,16054,0.8995815899543951,0.7026143790826712,0.7889908251927346,0.9929809570311894,0.6515151515131773
small,2000,55,Hough transform baseline,4,5,1,0.4412660256410257,0.6176282051282052,0.41666666666666663,0.0,0.8,0,1,101,69,76,16138,0.5941176470553288,0.5706214689233299,0.5821325643383468,0.9911499023436895,0.4105691056893879
small,2000,56,Hough transform baseline,4,4,0,0.32625055397277625,0.31256410256410255,0.42798353909465026,0.0,1.0,0,1,49,139,56,16140,0.26063829787095405,0.46666666666222223,0.3344709892989319,0.9880981445311897,0.2008196721303245
small,2000,57,Hough transform baseline,4,4,0,0.9373057173248238,0.9388309178743961,0.9908256880733946,0.8666666666666667,1.0,3,3,284,0,283,15817,0.9999999999964789,0.5008818342142841,0.6674500583081326,0.98272705078119,0.5008818342142841
small,2000,58,Hough transform baseline,1,1,0,0.9556034482758621,0.9166666666666666,0.9655172413793104,1.0,1.0,0,0,59,0,114,16211,0.9999999999830509,0.34104046242577435,0.5086206892715146,0.9930419921874394,0.34104046242577435
small,2000,59,Hough transform baseline,3,4,1,0.7032417582417583,0.7666666666666667,0.7912087912087912,0.5,0.75,1,2,165,19,69,16131,0.896739130429909,0.7051282051251918,0.789473683713903,0.9946289062499393,0.6521739130409006
small,2000,60,Hough transform baseline,2,2,0,0.965701754385965,0.9385964912280702,0.9666666666666667,1.0,1.0,0,0,62,0,82,16240,0.999999999983871,0.43055555555256564,0.6019417471461966,0.9949951171874393,0.43055555555256564
small,2000,61,Hough transform baseline,5,6,1,0.6333683213338386,0.8987346497691325,0.7280219780219781,0.0,0.8333333333333334,0,4,290,76,380,15638,0.7923497267737915,0.4328358208948764,0.5598455593875314,0.9721679687499406,0.38873994638017595
small,2000,62,Hough transform baseline,2,2,0,0.9771939283344393,0.9558080808080808,0.9854014598540146,1.0,1.0,0,0,119,0,134,16131,0.9999999999915966,0.4703557312234373,0.6397849457979968,0.9918212890624394,0.4703557312234373
small,2000,63,Hough transform baseline,2,2,0,0.9440139700724807,0.885354609929078,0.978021978021978,1.0,1.0,0,0,93,0,189,16102,0.9999999999892473,0.32978723404138377,0.4959999996243627,0.9884643554686896,0.32978723404138377
small,2000,64,Hough transform baseline,4,5,1,0.4450130400359237,0.5113984869015358,0.6744186046511628,0.0,0.8,0,2,143,2,228,16011,0.9862068965449228,0.38544474393427103,0.5542635654852397,0.9859619140624398,0.3833780160847631
small,2000,65,Hough transform baseline,3,4,1,0.6136790701128936,0.8001543209876543,0.893048128342246,0.0,0.75,0,2,172,10,274,15928,0.9450549450497525,0.38565022421438194,0.5477707002235587,0.98266601562494,0.3771929824553132
small,2000,66,Hough transform baseline,5,6,1,0.7652134572181749,0.8155605680868838,0.8601036269430051,0.5714285714285714,0.8333333333333334,4,7,318,67,398,15601,0.8259740259718806,0.4441340782116702,0.5776566752934603,0.9716186523436907,0.40613026819871506
small,2000,67,Hough transform baseline,5,5,0,0.9777934074230827,0.957618230358505,0.9843260188087775,1.0,1.0,1,1,290,0,421,15673,0.9999999999965518,0.40787623066046713,0.5794205790078653,0.9743041992186905,0.40787623066046713
small,2000,68,Hough transform baseline,4,5,1,0.6041258887092222,0.7659253983328058,0.8972972972972972,0.0,0.8,0,1,175,1,264,15944,0.9943181818125324,0.398633257402281,0.5691056906464987,0.9838256835936899,0.3977272727263688
small,2000,69,Hough transform baseline,1,1,0,1.0,1.0,1.0,1.0,1.0,0,0,63,0,0,16321,0.999999999984127,0.999999999984127,0.9999999994841271,0.9999999999999389,0.999999999984127
small,2000,70,Hough transform baseline,2,3,1,0.4946610458184296,0.724561403508772,0.5097087378640777,0.0,0.6666666666666667,0,1,121,52,225,15986,0.6994219653138762,0.3497109826579488,0.46628130976570475,0.9830932617186899,0.3040201005017487
small,2000,71,Hough transform baseline,1,1,0,0.922610294117647,0.8541666666666666,0.9411764705882353,1.0,1.0,0,0,35,0,66,16283,0.9999999999714286,0.3465346534619155,0.5147058819631272,0.9959716796874392,0.3465346534619155
small,2000,72,Hough transform baseline,2,2,0,0.9814242455883889,0.9672131147540984,0.9808917197452229,1.0,1.0,0,0,149,1,91,16143,0.9933333333267111,0.6208333333307465,0.7641025636252727,0.9943847656249393,0.618257261408223
small,2000,73,Hough transform baseline,5,7,2,0.5592794681942648,0.6378168076274668,0.8166666666666667,0.15,0.7142857142857143,1,4,252,5,429,15698,0.9805447470778967,0.37004405286289277,0.5373134324368388,0.9735107421874406,0.3673469387749747
small,2000,74,Hough transform baseline,4,4,0,0.7256323257387773,0.8888695557727815,0.7948717948717949,0.26666666666666666,1.0,1,3,240,32,399,15713,0.8823529411732267,0.3755868544595061,0.5268935231804279,0.9736938476561905,0.35767511177293937
small,2000,75,Hough transform baseline,3,3,0,0.959432956251113,0.9236679396253865,0.9689119170984456,1.0,1.0,1,1,179,2,410,15793,0.9889502762376302,0.30390492359880494,0.4649350645742385,0.9748535156249405,0.3028764805409427
small,2000,76,Hough transform baseline,3,5,2,0.5645257092198581,0.8162037037037037,0.6861702127659575,0.0,0.6,0,1,164,24,216,15980,0.8723404255272749,0.4315789473672853,0.5774647882874925,0.9853515624999398,0.40594059405840116
small,2000,77,Hough transform baseline,5,5,0,0.9549017930727254,0.9089141824751582,0.9794520547945206,1.0,1.0,1,1,296,0,354,15734,0.9999999999966217,0.4553846153839148,0.6257928114080159,0.9783935546874403,0.4553846153839148
small,2000,78,Hough transform baseline,3,4,1,0.5743667953667954,0.8279579579579579,0.6339285714285714,0.0,0.75,0,1,96,0,60,16228,0.9999999999895833,0.6153846153806707,0.7619047614270598,0.9963378906249392,0.6153846153806707
small,2000,79,Hough transform baseline,5,5,0,0.9838650415818896,0.9672744273024777,0.9929577464788732,1.0,1.0,2,2,270,0,64,16050,0.9999999999962963,0.8083832335305139,0.8940397346019912,0.9960937499999392,0.8083832335305139
small,2000,80,Hough transform baseline,2,2,0,1.0,1.0,1.0,1.0,1.0,0,0,37,0,0,16347,0.9999999999729731,0.9999999999729731,0.9999999994729731,0.9999999999999389,0.9999999999729731
small,2000,81,Hough transform baseline,2,2,0,1.0,1.0,1.0,1.0,1.0,0,0,78,0,0,16306,0.9999999999871795,0.9999999999871795,0.9999999994871795,0.9999999999999389,0.9999999999871795
small,2000,82,Hough transform baseline,3,3,0,0.9716086811313802,0.9478821171918188,0.9753086419753086,1.0,1.0,1,1,153,1,110,16120,0.9935064935000423,0.5817490494274459,0.7338129491709309,0.9932250976561894,0.5795454545432593
small,2000,83,Hough transform baseline,3,4,1,0.9263986013986014,0.9197746697746697,0.9375,1.0,0.75,0,0,173,1,204,16006,0.9942528735575044,0.4588859416433451,0.627949182868673,0.9874877929686897,0.4576719576707469
small,2000,84,Hough transform baseline,1,1,0,0.9605128205128205,0.9259259259259259,0.9692307692307692,1.0,1.0,0,0,66,0,132,16186,0.9999999999848485,0.33333333333164983,0.4999999996212121,0.9919433593749394,0.33333333333164983
small,2000,85,Hough transform baseline,5,9,4,0.368552614379085,0.523,0.388235294117647,0.0,0.5555555555555556,0,8,195,161,192,15836,0.5477528089872254,0.5038759689909461,0.5248990573729433,0.9784545898436903,0.35583941605774483
small,2000,86,Hough transform baseline,1,1,0,1.0,1.0,1.0,1.0,1.0,0,0,37,0,0,16347,0.9999999999729731,0.9999999999729731,0.9999999994729731,0.9999999999999389,0.9999999999729731
small,2000,87,Hough transform baseline,5,8,3,0.5746272727272728,0.7163434343434344,0.6363636363636364,0.25,0.625,1,4,254,89,296,15745,0.740524781338949,0.46181818181734213,0.5688689804886382,0.9765014648436904,0.39749608763631067
small,2000,88,Hough transform baseline,4,4,0,0.5349793998571089,0.6229411764705882,0.7732793522267206,0.0,1.0,0,1,166,70,172,15976,0.7033898305054942,0.4911242603535766,0.5783972120573274,0.9852294921874398,0.406862745097042
small,2000,89,Hough transform baseline,1,2,1,0.8965601965601966,0.9292929292929293,0.8918918918918919,1.0,0.5,0,0,76,0,131,16177,0.9999999999868421,0.3671497584523326,0.5371024731015744,0.9920043945311894,0.3671497584523326
small,2000,90,Hough transform baseline,3,3,0,0.9526861471861471,0.9064021164021163,0.974025974025974,1.0,1.0,0,0,157,0,274,15953,0.9999999999936307,0.36426914153047735,0.5340136050489321,0.9832763671874399,0.36426914153047735
small,2000,91,Hough transform baseline,5,5,0,0.7327877736563273,0.7852110186823568,0.9472140762463344,0.36,1.0,2,5,260,35,434,15655,0.8813559322004022,0.37463976945190974,0.5257836193983157,0.9713745117186907,0.3566529492450526
small,2000,92,Hough transform baseline,2,2,0,0.988507866273353,0.9783950617283951,0.9911504424778761,1.0,1.0,1,1,227,0,216,15941,0.9999999999955947,0.5124153498859765,0.6776119398484518,0.9868164062499397,0.5124153498859765
small,2000,93,Hough transform baseline,3,4,1,0.5533565088757397,0.7526923076923077,0.6982248520710059,0.0,0.75,0,1,134,2,137,16111,0.9852941176398141,0.4944649446476219,0.6584766580284336,0.9915161132811895,0.4908424908406929
small,2000,94,Hough transform baseline,4,4,0,0.4992615165474603,0.5386937810643715,0.7842465753424658,0.0,1.0,0,1,221,55,396,15712,0.8007246376782583,0.35818476499131574,0.49496080584279617,0.9724731445311906,0.32886904761855823
small,2000,95,Hough transform baseline,5,5,0,0.9811486486486486,0.9611111111111111,0.9932432432432432,1.0,1.0,4,4,297,0,48,16039,0.999999999996633,0.8608695652148961,0.9252336443597257,0.9970703124999392,0.8608695652148961
small,2000,96,Hough transform baseline,2,2,0,0.9483022270398108,0.8954519774011299,0.9767441860465116,1.0,1.0,0,0,88,0,124,16172,0.9999999999886363,0.41509433962068354,0.5866666662481778,0.9924316406249394,0.41509433962068354
small,2000,97,Hough transform baseline,2,2,0,0.9621924425652274,0.9269121674491393,0.9754098360655737,1.0,1.0,0,0,102,1,202,16079,0.9902912621263078,0.33552631578837,0.5012285008479859,0.9876098632811897,0.33442622950710027
small,2000,98,Hough transform baseline,2,2,0,0.9166386324212411,0.933871635610766,0.9819819819819819,0.8,1.0,1,1,106,0,63,16215,0.999999999990566,0.6272189349075313,0.7709090904297258,0.9961547851561892,0.6272189349075313
small,2000,99,Hough transform baseline,1,1,0,0.5799285714285715,0.12999999999999998,0.8571428571428572,1.0,1.0,0,0,16,1,58,16309,0.941176470532872,0.21621621621329437,0.35164835133679506,0.9963989257811892,0.21333333333048887
small,2000,100,Hough transform baseline,5,5,0,0.8209005516624422,0.9339181286549707,0.8781869688385269,0.5,1.0,1,2,290,34,185,15875,0.8950617283922992,0.6105263157881884,0.7259073837463287,0.9866333007811897,0.5697445972483896
small,2000,101,Hough transform baseline,5,6,1,0.8056285074890289,0.8668887778333056,0.9824046920821115,0.5428571428571428,0.8333333333333334,4,7,284,11,472,15617,0.9627118644035163,0.37566137566087876,0.5404376779966921,0.9705200195311907,0.3702737940021248
small,2000,102,Hough transform baseline,2,2,0,0.8548117283950617,0.6883333333333334,0.9753086419753086,1.0,1.0,0,0,83,0,46,16255,0.9999999999879517,0.6434108527081907,0.7830188674406816,0.9971923828124392,0.6434108527081907
small,2000,103,Hough transform baseline,3,3,0,0.9280980698144594,0.8573119500150381,0.9615384615384616,1.0,1.0,0,0,159,0,310,15915,0.9999999999937108,0.33901918976473555,0.5063694263718153,0.98107910156244,0.33901918976473555
small,2000,104,Hough transform baseline,4,7,3,0.5985418719211824,0.8177777777777777,0.8669950738916257,0.0,0.5714285714285714,0,3,196,5,267,15916,0.9751243781046014,0.423326133908373,0.5903614453592003,0.9833984374999399,0.4188034188025239
small,2000,105,Hough transform baseline,2,2,0,0.9669498381877023,0.9351851851851851,0.9805825242718447,1.0,1.0,0,0,105,0,78,16201,0.9999999999904762,0.5737704918001434,0.7291666661982784,0.9952392578124393,0.5737704918001434
small,2000,106,Hough transform baseline,2,3,1,0.8780344386258288,0.8532810391363023,0.8869565217391304,1.0,0.6666666666666667,0,0,84,2,278,16020,0.9767441860351541,0.23204419889438663,0.37499999968809794,0.9829101562499399,0.2307692307685968
small,2000,107,Hough transform baseline,3,3,0,0.842685598377282,0.7863601532567049,0.6941176470588235,1.0,1.0,0,0,124,49,249,15962,0.7167630057762038,0.3324396782832911,0.45421245377787844,0.98181152343744,0.2938388625585454
small,2000,108,Hough transform baseline,5,7,2,0.6324010433499421,0.7605297227316862,0.7811704834605597,0.25,0.7142857142857143,1,4,320,53,280,15731,0.8579088471826866,0.5333333333324445,0.6577595062062322,0.9796752929686902,0.49004594180629396
small,2000,109,Hough transform baseline,1,1,0,0.9571264367816091,0.9195402298850575,0.9666666666666667,1.0,1.0,0,0,61,0,118,16205,0.9999999999836067,0.34078212290312415,0.5083333329499653,0.9927978515624394,0.34078212290312415
small,2000,110,Hough transform baseline,1,2,1,0.8667477592829707,0.9151515151515153,0.7746478873239436,1.0,0.5,0,0,73,0,101,16210,0.9999999999863013,0.41954022988264633,0.591093116987723,0.9938354492186893,0.41954022988264633
small,2000,111,Hough transform baseline,4,4,0,0.842774891217222,0.9283886471493822,1.0,0.5,1.0,2,1,206,0,255,15923,0.9999999999951457,0.4468546637734342,0.6176911539940165,0.9844360351561899,0.4468546637734342
small,2000,112,Hough transform baseline,2,2,0,0.9479166666666667,0.9027777777777779,0.9583333333333334,1.0,1.0,0,0,50,0,50,16284,0.9999999999800001,0.499999999995,0.6666666662133334,0.9969482421874392,0.499999999995
small,2000,113,Hough transform baseline,5,8,3,0.5895009532808146,0.7196680226091992,0.6943231441048034,0.2571428571428572,0.625,2,7,349,83,657,15295,0.8078703703685003,0.3469184890652615,0.48539638344547265,0.9548339843749417,0.32047750229538985
small,2000,114,Hough transform baseline,1,1,0,1.0,1.0,1.0,1.0,1.0,0,0,30,0,0,16354,0.9999999999666667,0.9999999999666667,0.9999999994666666,0.9999999999999389,0.9999999999666667
small,2000,115,Hough transform baseline,2,2,0,0.95127626344622,0.908185935230283,0.962962962962963,1.0,1.0,0,0,96,2,382,15904,0.979591836724698,0.20083682008326184,0.3333333330497926,0.9765624999999404,0.19999999999958334
small,2000,116,Hough transform baseline,4,4,0,0.9884788229500123,0.9811827956989247,0.9847328244274809,1.0,1.0,0,0,135,0,130,16119,0.9999999999925927,0.5094339622622286,0.6749999995494376,0.9920654296874394,0.5094339622622286
small,2000,117,Hough transform baseline,1,1,0,1.0,1.0,1.0,1.0,1.0,0,0,17,0,0,16367,0.9999999999411765,0.9999999999411765,0.9999999994411766,0.9999999999999389,0.9999999999411765
small,2000,118,Hough transform baseline,3,4,1,0.8098184912081678,0.7304909560723514,0.7804878048780488,1.0,0.75,0,0,157,11,204,16012,0.934523809518247,0.43490304709020805,0.5935727783922871,0.9868774414061897,0.42204301075155365
small,2000,119,Hough transform baseline,4,7,3,0.5742678571428572,0.8227777777777778,0.734375,0.0,0.5714285714285714,0,4,153,17,190,16024,0.8999999999947059,0.4460641399403905,0.5964912276247126,0.9873657226561897,0.42499999999881943
small,2000,120,Hough transform baseline,5,6,1,0.7714380754380755,0.8394594594594594,0.9267399267399268,0.5,0.8333333333333334,2,2,245,16,135,15988,0.9386973180040663,0.6447368421035665,0.7644305767379361,0.9907836914061895,0.6186868686853063
small,2000,121,Hough transform baseline,3,6,3,0.5507798489853706,0.7038461538461539,0.9202453987730062,0.0,0.5,1,3,162,0,156,16066,0.9999999999938273,0.509433962262549,0.67499999955,0.9904785156249395,0.509433962262549
small,2000,122,Hough transform baseline,1,1,0,1.0,1.0,1.0,1.0,1.0,0,0,20,0,0,16364,0.99999999995,0.99999999995,0.99999999945,0.9999999999999389,0.99999999995
small,2000,123,Hough transform baseline,5,8,3,0.6494615347018573,0.8348249158249158,0.8064516129032258,0.2,0.625,1,4,326,45,416,15597,0.878706199458548,0.4393530997298661,0.5858041325284471,0.9718627929686906,0.41423125794102383
small,2000,124,Hough transform baseline,2,3,1,0.7860022457299221,0.665015197568389,0.8503937007874016,1.0,0.6666666666666667,0,0,128,0,199,16057,0.9999999999921876,0.3914373088673045,0.5626373622305326,0.9878540039061897,0.3914373088673045
small,2000,125,Hough transform baseline,2,2,0,0.9606346483704974,0.9292929292929293,0.9622641509433962,1.0,1.0,0,0,55,0,72,16257,0.9999999999818182,0.43307086613832224,0.6043956039672141,0.9956054687499392,0.43307086613832224
small,2000,126,Hough transform baseline,1,1,0,1.0,1.0,1.0,1.0,1.0,0,0,21,0,0,16363,0.999999999952381,0.999999999952381,0.9999999994523809,0.9999999999999389,0.999999999952381
small,2000,127,Hough transform baseline,2,2,0,0.9616319444444444,0.9270833333333333,0.9722222222222222,1.0,1.0,0,0,65,0,82,16237,0.9999999999846153,0.44217687074529133,0.6132075467388304,0.9949951171874393,0.44217687074529133
small,2000,128,Hough transform baseline,3,3,0,0.9659245514106952,0.9333010335917312,0.9796954314720813,1.0,1.0,2,2,198,0,236,15950,0.9999999999949496,0.45622119815563084,0.6265822780487502,0.9855957031249398,0.45622119815563084
small,2000,129,Hough transform baseline,5,5,0,0.6880013698630137,0.8926666666666666,0.9315068493150684,0.0,1.0,0,1,213,10,184,15977,0.9551569506683626,0.5365239294696813,0.6870967737307129,0.9881591796874397,0.5233415233402375
small,2000,130,Hough transform baseline,4,7,3,0.5388460311780862,0.7588583428789615,0.5010845986984815,0.16,0.5714285714285714,1,5,228,190,408,15558,0.5454545454532406,0.35849056603717216,0.4326375706780639,0.9635009765624412,0.27602905568973846
small,2000,131,Hough transform baseline,2,2,0,0.9410261131570138,0.8862068965517242,0.9611650485436893,1.0,1.0,0,0,105,0,206,16073,0.9999999999904762,0.3376205787770495,0.5048076919278731,0.9874267578124397,0.3376205787770495
small,2000,132,Hough transform baseline,3,3,0,0.9613554571414998,0.92815832581152,0.968421052631579,1.0,1.0,0,0,93,1,142,16148,0.9893617021171344,0.3957446808493798,0.5653495436613483,0.9912719726561895,0.3940677966084997
small,2000,133,Hough transform baseline,3,3,0,0.7065511163337251,0.9154589371980677,0.972972972972973,0.0,1.0,0,1,113,0,52,16219,0.9999999999911504,0.6848484848443342,0.812949639799415,0.9968261718749392,0.6848484848443342
small,2000,134,Hough transform baseline,4,5,1,0.6356335865416929,0.8612410426017797,0.8403755868544601,0.0,0.8,0,1,204,1,216,15963,0.995121951214658,0.48571428571312925,0.652799999557079,0.9867553710936897,0.48456057007010794
small,2000,135,Hough transform baseline,3,3,0,0.9730697407167995,0.9472096530920061,0.9841269841269842,1.0,1.0,0,0,120,0,116,16148,0.9999999999916667,0.5084745762690319,0.6741573029200858,0.9929199218749394,0.5084745762690319
small,2000,136,Hough transform baseline,4,4,0,0.8144768893387314,0.7478703703703704,0.6396761133603239,1.0,1.0,0,0,182,69,148,15985,0.7250996015907367,0.5515151515134803,0.6265060236034731,0.9867553710936897,0.45614035087604976
small,2000,137,Hough transform baseline,1,1,0,0.9156431334622824,0.8409090909090909,0.9361702127659575,1.0,1.0,0,0,32,2,132,16218,0.9411764705605538,0.19512195121832243,0.32323232294459747,0.9918212890624394,0.19277108433618814
small,2000,138,Hough transform baseline,4,4,0,0.8244467646765594,0.9448195251937985,0.9963898916967509,0.4,1.0,2,1,279,0,305,15800,0.9999999999964158,0.4777397260265792,0.646581691333839,0.98138427734369,0.4777397260265792
small,2000,139,Hough transform baseline,3,3,0,0.898223396721186,0.896484893146647,0.974025974025974,0.8,1.0,1,1,156,0,210,16018,0.9999999999935898,0.42622950819555677,0.5977011490039196,0.9871826171874397,0.42622950819555677
small,2000,140,Hough transform baseline,1,1,0,0.9628596149686351,0.9303482587064676,0.9710144927536232,1.0,1.0,0,0,70,0,136,16178,0.9999999999857142,0.33980582524106895,0.5072463764293216,0.9916992187499395,0.33980582524106895
small,2000,141,Hough transform baseline,5,5,0,0.6953546874570304,0.9090670614513531,0.9313725490196079,0.0,1.0,0,1,180,8,278,15918,0.9574468085055455,0.3930131004358231,0.5572755413812841,0.98254394531244,0.38626609441977194
small,2000,142,Hough transform baseline,5,5,0,0.7919045969353764,0.5521856540084388,0.9671052631578947,1.0,1.0,0,0,277,21,356,15730,0.9295302013391626,0.43759873617624395,0.5950590758255436,0.9769897460936904,0.4235474006109732
small,2000,143,Hough transform baseline,5,7,2,0.7882207614876259,0.8736523142453462,0.8682432432432432,0.6,0.7142857142857143,3,3,240,11,317,15816,0.9561752988009714,0.4308797127460846,0.5940594055108354,0.9799804687499402,0.4225352112668617
small,2000,144,Hough transform baseline,5,5,0,0.7384666666666666,0.8651111111111112,0.7458333333333333,0.4,1.0,1,2,187,56,130,16011,0.7695473250997138,0.5899053627741644,0.6678571423634886,0.9886474609374396,0.5013404825723825
small,2000,145,Hough transform baseline,2,2,0,0.9574413863404688,0.9135802469135802,0.981651376146789,1.0,1.0,0,0,111,0,56,16217,0.999999999990991,0.6646706586786547,0.7985611505936805,0.9965820312499392,0.6646706586786547
small,2000,146,Hough transform baseline,3,3,0,0.7946616721401204,0.8433641975308642,0.9507389162561576,0.5,1.0,1,2,189,5,180,16010,0.9742268041186896,0.5121951219498314,0.6714031967040057,0.9887084960936896,0.5053475935815365
small,2000,147,Hough transform baseline,1,1,0,1.0,1.0,1.0,1.0,1.0,0,0,29,0,56,16299,0.9999999999655173,0.34117647058422146,0.5087719294362881,0.9965820312499392,0.34117647058422146
small,2000,148,Hough transform baseline,4,5,1,0.5896646341463416,0.7694444444444444,0.8170731707317074,0.0,0.8,0,1,205,7,121,16051,0.9669811320709105,0.628834355826292,0.7620817839062339,0.9921874999999394,0.615615615613767
small,2000,149,Hough transform baseline,3,3,0,0.9256783625730994,0.8441975308641976,0.9789473684210527,1.0,1.0,0,0,193,0,248,15943,0.9999999999948187,0.4376417233550167,0.6088328071455632,0.9848632812499398,0.4376417233550167
small,2000,150,Hough transform baseline,2,4,2,0.49453385214007783,0.808,0.4046692607003891,0.0,0.5,0,4,133,81,175,15995,0.6214953270998996,0.43181818181677983,0.5095785435755641,0.9843749999999399,0.34190231362379975
small,2000,151,Hough transform baseline,3,4,1,0.705923979864576,0.815096766848816,0.6956521739130435,0.5,0.75,1,2,241,27,217,15899,0.8992537313399281,0.5262008733612965,0.6639118452624441,0.9851074218749398,0.4969072164938208
small,2000,152,Hough transform baseline,1,2,1,0.35069745845552297,0.45946236559139786,0.4696969696969697,0.0,0.5,0,1,52,0,50,16282,0.9999999999807693,0.5098039215636293,0.6753246748686118,0.9969482421874392,0.5098039215636293
small,2000,153,Hough transform baseline,4,4,0,0.9421856898260302,0.882978508891751,0.9742268041237113,1.0,1.0,0,0,193,1,254,15936,0.9948453608196143,0.43176733780664034,0.602184086939508,0.9844360351561899,0.43080357142760983
small,2000,154,Hough transform baseline,4,6,2,0.6089992417830441,0.8438725490196077,0.8129496402877698,0.0,0.6666666666666667,0,3,127,14,70,16173,0.9007092198517681,0.6446700507581489,0.7514792894501068,0.9948730468749393,0.6018957345943038
small,2000,155,Hough transform baseline,2,4,2,0.8525839311334291,0.8837908496732026,0.774390243902439,1.0,0.5,0,0,168,0,231,15985,0.9999999999940477,0.42105263157789213,0.5925925921734927,0.9859008789061898,0.42105263157789213
small,2000,156,Hough transform baseline,2,2,0,1.0,1.0,1.0,1.0,1.0,0,0,84,0,15,16285,0.9999999999880952,0.8484848484762779,0.9180327863785721,0.999084472656189,0.8484848484762779
small,2000,157,Hough transform baseline,5,6,1,0.7272163379621921,0.7427232675161853,0.9232876712328767,0.5,0.8333333333333334,3,4,343,11,307,15723,0.9689265536695794,0.5276923076914959,0.683266931813015,0.9805908203124402,0.5189107413002739
small,2000,158,Hough transform baseline,4,4,0,0.8477399497487437,0.8883333333333333,0.9899497487437185,0.6,1.0,1,1,202,0,54,16128,0.9999999999950495,0.7890624999969178,0.8820960693720944,0.9967041015624392,0.7890624999969178
small,2000,159,Hough transform baseline,3,4,1,0.5555532776971457,0.7492378917378918,0.7169811320754718,0.0,0.75,0,1,129,19,177,16059,0.8716216216157323,0.4215686274496027,0.5682819378840458,0.9880371093749397,0.39692307692185563
small,2000,160,Hough transform baseline,5,5,0,0.9474128440366972,0.8933333333333333,0.9770642201834863,1.0,1.0,0,0,204,0,293,15887,0.9999999999950981,0.4104627766591339,0.5820256771891144,0.98211669921869,0.4104627766591339
small,2000,161,Hough transform baseline,2,2,0,0.9857210897313774,0.9731800766283525,0.988950276243094,1.0,1.0,0,0,183,0,180,16021,0.9999999999945356,0.5041322314035699,0.6703296698815562,0.9890136718749396,0.5041322314035699
small,2000,162,Hough transform baseline,2,2,0,0.9560036231884058,0.9096376811594202,0.9833333333333333,1.0,1.0,0,0,122,0,190,16072,0.9999999999918032,0.39102564102438775,0.5622119811600585,0.9884033203124396,0.39102564102438775
small,2000,163,Hough transform baseline,2,2,0,0.9663609307359308,0.9337121212121212,0.9809523809523809,1.0,1.0,0,0,90,0,174,16120,0.9999999999888889,0.3409090909077996,0.5084745758891123,0.9893798828124396,0.3409090909077996
small,2000,164,Hough transform baseline,1,1,0,1.0,1.0,1.0,1.0,1.0,0,0,80,0,0,16304,0.9999999999875,0.9999999999875,0.9999999994875,0.9999999999999389,0.9999999999875
small,2000,165,Hough transform baseline,1,1,0,1.0,1.0,1.0,1.0,1.0,0,0,23,0,0,16361,0.9999999999565218,0.9999999999565218,0.9999999994565218,0.9999999999999389,0.9999999999565218
small,2000,166,Hough transform baseline,3,3,0,0.9455316742081448,0.8952991452991453,0.9632352941176471,1.0,1.0,0,0,131,2,180,16071,0.984962406007632,0.4212218649504141,0.5900900896677927,0.9888916015624396,0.4185303514363625
small,2000,167,Hough transform baseline,5,6,1,0.7557717476883988,0.8929273252058737,0.817391304347826,0.42857142857142855,0.8333333333333334,3,7,301,1,350,15732,0.996688741718554,0.46236559139713923,0.6316894014545023,0.9785766601561903,0.46165644171708337
small,2000,168,Hough transform baseline,1,1,0,0.9460144927536231,0.8985507246376812,0.9583333333333334,1.0,1.0,0,0,42,1,70,16271,0.9767441860237968,0.3749999999966518,0.5419354834630593,0.9956665039061892,0.3716814159259143
small,2000,169,Hough transform baseline,3,3,0,0.6154762311901505,0.8312908496732027,0.7069767441860465,0.0,1.0,0,1,155,57,135,16037,0.7311320754682494,0.5344827586188466,0.6175298799876986,0.9882812499999396,0.4466858789612488
small,2000,170,Hough transform baseline,5,5,0,0.8988529014844804,0.967251461988304,0.9846153846153847,0.6666666666666666,1.0,2,3,261,1,114,16008,0.9961832061030681,0.695999999998144,0.819466247550838,0.9929809570311894,0.6941489361683666
small,2000,171,Hough transform baseline,3,3,0,0.9543374157620226,0.9149884959320667,0.962962962962963,1.0,1.0,0,0,104,0,166,16114,0.9999999999903846,0.3851851851837586,0.5561497322158483,0.9898681640624396,0.3851851851837586
small,2000,172,Hough transform baseline,4,6,2,0.46684491400916084,0.7155172413793103,0.39097744360902253,0.0,0.6666666666666667,0,6,129,78,190,15987,0.623188405794091,0.40438871473227467,0.4904942960987508,0.9836425781249399,0.32493702770699007
small,2000,173,Hough transform baseline,2,3,1,0.3580936843742708,0.40299888517279825,0.5503875968992248,0.0,0.6666666666666667,0,1,90,26,128,16140,0.7758620689588287,0.41284403669535397,0.5389221552320269,0.9906005859374395,0.3688524590148818
small,2000,174,Hough transform baseline,2,3,1,0.460801282051282,0.5083333333333333,0.8269230769230769,0.0,0.6666666666666667,0,1,100,0,24,16260,0.99999999999,0.8064516128967222,0.8928571423549105,0.998535156249939,0.8064516128967222
small,2000,175,Hough transform baseline,5,6,1,0.5358292195932804,0.6647289124717305,0.766839378238342,0.0,0.8333333333333334,0,2,175,3,203,16003,0.9831460674102072,0.4629629629617382,0.6294964024401299,0.9874267578124397,0.4593175853006317
small,2000,176,Hough transform baseline,2,2,0,0.9804067895815043,0.9651741293532339,0.9803921568627451,1.0,1.0,0,0,104,0,136,16144,0.9999999999903846,0.4333333333315278,0.6046511623653326,0.9916992187499395,0.4333333333315278
small,2000,177,Hough transform baseline,2,2,0,0.9829448329448329,0.9696969696969697,0.9829059829059829,1.0,1.0,0,0,119,0,156,16109,0.9999999999915966,0.43272727272569916,0.6040609132809013,0.9904785156249395,0.43272727272569916
small,2000,178,Hough transform baseline,3,3,0,0.9867795005326074,0.9780907668231612,0.9831932773109243,1.0,1.0,0,0,122,0,144,16118,0.9999999999918032,0.4586466165396292,0.6288659789470719,0.9912109374999395,0.4586466165396292
small,2000,179,Hough transform baseline,4,4,0,0.5975962486308872,0.7202272727272727,0.8674698795180723,0.0,1.0,0,1,224,28,414,15718,0.8888888888853615,0.3510971786828353,0.503370786109774,0.9730224609374406,0.3363363363358313
small,2000,180,Hough transform baseline,5,5,0,0.5317488120087045,0.5849099692577954,0.5093632958801498,0.26666666666666666,1.0,1,3,143,97,176,15968,0.5958333333308508,0.44827586206756026,0.5116279064848999,0.9833374023436899,0.34374999999917366
small,2000,181,Hough transform baseline,1,1,0,1.0,1.0,1.0,1.0,1.0,0,0,27,0,0,16357,0.999999999962963,0.999999999962963,0.9999999994629629,0.9999999999999389,0.999999999962963
small,2000,182,Hough transform baseline,5,5,0,0.7307885460495558,0.7608921095008051,0.9419354838709677,0.4,1.0,2,1,289,7,496,15592,0.976351351348053,0.36815286624156923,0.5346901013589568,0.9692993164061908,0.36489898989852915
small,2000,183,Hough transform baseline,4,5,1,0.6140743146773273,0.7920098039215687,0.8883495145631068,0.0,0.8,0,1,207,0,312,15865,0.9999999999951691,0.3988439306350697,0.57024793347507,0.98095703124994,0.3988439306350697
small,2000,184,Hough transform baseline,2,3,1,0.8816361236802415,0.8567948717948719,0.8970588235294118,1.0,0.6666666666666667,0,0,139,0,241,16004,0.9999999999928059,0.36578947368324793,0.5356454716674054,0.9852905273436898,0.36578947368324793
small,2000,185,Hough transform baseline,4,4,0,0.9454212037962038,0.8933658008658009,0.967032967032967,1.0,1.0,0,0,186,0,302,15896,0.9999999999946237,0.38114754098282555,0.5519287829815355,0.98156738281244,0.38114754098282555
small,2000,186,Hough transform baseline,3,3,0,0.9654835847382431,0.9323671497584541,0.9795918367346939,1.0,1.0,0,0,101,0,52,16231,0.9999999999900989,0.6601307189499338,0.7952755900658751,0.9968261718749392,0.6601307189499338
small,2000,187,Hough transform baseline,5,7,2,0.8745044864695695,0.9261259928887904,0.9315960912052117,0.8,0.7142857142857143,4,5,307,0,328,15749,0.9999999999967427,0.48346456692837253,0.6518046704721873,0.9799804687499402,0.48346456692837253
small,2000,188,Hough transform baseline,2,2,0,0.9569745251198295,0.9179586563307494,0.9694656488549618,1.0,1.0,1,1,132,0,250,16002,0.9999999999924243,0.3455497382189907,0.5136186766590864,0.9847412109374398,0.3455497382189907
small,2000,189,Hough transform baseline,3,3,0,0.9140620731015424,0.823743532572964,0.9668874172185431,1.0,1.0,1,1,144,2,153,16085,0.9863013698562583,0.4848484848468524,0.6501128663723128,0.9905395507811895,0.48160535116895786
small,2000,190,Hough transform baseline,2,2,0,0.9659049616028144,0.9351398601398602,0.9754601226993865,1.0,1.0,0,0,165,0,322,15897,0.9999999999939394,0.33880903490690184,0.5061349689455522,0.9803466796874402,0.33880903490690184
small,2000,191,Hough transform baseline,4,4,0,0.9743579478594219,0.9492774428174945,0.9859154929577465,1.0,1.0,1,1,261,0,332,15791,0.9999999999961686,0.44013490725052257,0.6112412173727301,0.9797363281249402,0.44013490725052257
small,2000,192,Hough transform baseline,4,5,1,0.9116085043988269,0.910241120886282,0.86,1.0,0.8,0,0,187,7,305,15885,0.9639175257682273,0.3800813008122356,0.545189503965941,0.98095703124994,0.374749498997245
small,2000,193,Hough transform baseline,1,1,0,0.8139285714285714,0.65,0.8571428571428572,1.0,1.0,0,0,15,0,30,16339,0.9999999999333333,0.33333333332592596,0.4999999996083333,0.998168945312439,0.33333333332592596
small,2000,194,Hough transform baseline,1,1,0,1.0,1.0,1.0,1.0,1.0,0,0,68,0,0,16316,0.9999999999852941,0.9999999999852941,0.9999999994852942,0.9999999999999389,0.9999999999852941
small,2000,195,Hough transform baseline,4,4,0,0.97205845323741,0.9475,0.9784172661870504,1.0,1.0,1,1,120,0,144,16120,0.9999999999916667,0.4545454545437328,0.6249999995670573,0.9912109374999395,0.4545454545437328
small,2000,196,Hough transform baseline,4,5,1,0.640231886657102,0.8740447154471545,0.8345588235294118,0.0,0.8,0,1,255,0,66,16063,0.9999999999960785,0.7943925233620113,0.8854166661701569,0.9959716796874392,0.7943925233620113
small,2000,197,Hough transform baseline,2,2,0,0.9587997476568133,0.9145321637426901,0.9863013698630136,1.0,1.0,0,0,129,0,157,16098,0.9999999999922481,0.45104895104737397,0.6216867465565162,0.9904174804686895,0.45104895104737397
small,2000,198,Hough transform baseline,3,3,0,0.6512551663435363,0.7883643072741352,0.9824561403508771,0.0,1.0,1,2,219,2,188,15975,0.99095022623986,0.538083538082216,0.6974522288410027,0.9884033203124396,0.5354523227370771
small,2000,199,Hough transform baseline,1,1,0,1.0,1.0,1.0,1.0,1.0,0,0,73,0,0,16311,0.9999999999863013,0.9999999999863013,0.9999999994863014,0.9999999999999389,0.9999999999863013
small,2000,200,Hough transform baseline,5,5,0,0.679275974025974,0.6783333333333332,0.8701298701298701,0.4,1.0,1,2,174,15,243,15952,0.9206349206300496,0.4172661870493591,0.5742574253114564,0.9842529296874399,0.4027777777768454
small,2000,201,Hough transform baseline,4,6,2,0.6053369639851075,0.779431177860744,0.73963133640553,0.16,0.6666666666666667,1,5,371,19,445,15549,0.9512820512796121,0.45465686274454087,0.6152570476542357,0.9716796874999407,0.4443113772449769
small,2000,202,Hough transform baseline,4,7,3,0.5951934035909446,0.7024074074074074,0.6098360655737705,0.4,0.5714285714285714,1,2,212,62,390,15720,0.7737226277344025,0.3521594684379532,0.48401826440917617,0.9724121093749406,0.31927710843325413
small,2000,203,Hough transform baseline,1,1,0,0.9182041070050587,0.826386292834891,0.981651376146789,1.0,1.0,0,0,79,0,154,16151,0.9999999999873417,0.33905579398996116,0.5064102560288255,0.9906005859374395,0.33905579398996116
small,2000,204,Hough transform baseline,1,1,0,0.9091639815880322,0.8093939393939393,0.9746835443037974,1.0,1.0,0,0,80,0,160,16144,0.9999999999875,0.3333333333319445,0.49999999962187497,0.9902343749999395,0.3333333333319445
small,2000,205,Hough transform baseline,3,3,0,0.9533440773569701,0.9084967320261438,0.9726027397260274,1.0,1.0,0,0,76,0,40,16268,0.9999999999868421,0.6551724137874554,0.7916666661801216,0.997558593749939,0.6551724137874554
small,2000,206,Hough transform baseline,5,5,0,0.9113589773339149,0.920739900064627,0.9851301115241635,0.8,1.0,1,1,238,0,221,15925,0.9999999999957984,0.5185185185173888,0.6829268288166007,0.9865112304686897,0.5185185185173888
small,2000,207,Hough transform baseline,2,2,0,0.6775099067599067,0.3289393939393939,0.8974358974358975,1.0,1.0,0,0,41,0,82,16261,0.9999999999756098,0.3333333333306233,0.49999999961890246,0.9949951171874393,0.3333333333306233
small,2000,208,Hough transform baseline,1,1,0,0.972918593894542,0.9492753623188406,0.9787234042553191,1.0,1.0,0,0,95,0,186,16103,0.9999999999894736,0.3380782918137435,0.5053191485558369,0.9886474609374396,0.3380782918137435
small,2000,209,Hough transform baseline,3,4,1,0.5615439706862093,0.7014619883040936,0.8544303797468354,0.0,0.75,0,1,152,0,32,16200,0.9999999999934212,0.8260869565172496,0.9047619042610545,0.998046874999939,0.8260869565172496
small,2000,210,Hough transform baseline,2,2,0,0.953230506822612,0.904298245614035,0.9814814814814815,1.0,1.0,0,0,110,0,158,16116,0.999999999990909,0.4104477611924984,0.5820105815948602,0.9903564453124395,0.4104477611924984
small,2000,211,Hough transform baseline,5,7,2,0.537743749594782,0.6659924701058755,0.6902356902356903,0.1142857142857143,0.7142857142857143,1,7,246,38,393,15707,0.8661971830955416,0.3849765258209938,0.5330444199411736,0.9736938476561905,0.36336779911320033
small,2000,212,Hough transform baseline,1,1,0,0.6495,0.27666666666666667,0.875,1.0,1.0,0,0,15,0,21,16348,0.9999999999333333,0.4166666666550926,0.588235293679354,0.998718261718689,0.4166666666550926
small,2000,213,Hough transform baseline,1,1,0,1.0,1.0,1.0,1.0,1.0,0,0,40,0,0,16344,0.9999999999750001,0.9999999999750001,0.9999999994750002,0.9999999999999389,0.9999999999750001
small,2000,214,Hough transform baseline,2,2,0,1.0,1.0,1.0,1.0,1.0,0,0,83,0,0,16301,0.9999999999879517,0.9999999999879517,0.9999999994879518,0.9999999999999389,0.9999999999879517
small,2000,215,Hough transform baseline,5,5,0,0.9549610357315098,0.916632326007326,0.9623824451410659,1.0,1.0,2,2,274,10,166,15934,0.9647887323909691,0.6227272727258575,0.756906076869189,0.9892578124999396,0.6088888888875358
small,2000,216,Hough transform baseline,5,7,2,0.5637243243243243,0.7542222222222221,0.7644787644787645,0.0,0.7142857142857143,0,3,216,45,287,15836,0.8275862068933809,0.4294234592436791,0.5654450257266967,0.9797363281249402,0.3941605839408866
small,2000,217,Hough transform baseline,2,2,0,0.8921047598348185,0.7768475452196382,0.9626168224299065,1.0,1.0,0,0,109,0,218,16057,0.9999999999908257,0.33333333333231396,0.4999999996227064,0.9866943359374397,0.33333333333231396
small,2000,218,Hough transform baseline,1,1,0,1.0,1.0,1.0,1.0,1.0,0,0,37,0,0,16347,0.9999999999729731,0.9999999999729731,0.9999999994729731,0.9999999999999389,0.9999999999729731
small,2000,219,Hough transform baseline,5,7,2,0.6779901366319023,0.8328073768651019,0.8464912280701754,0.25,0.7142857142857143,1,4,178,12,116,16078,0.9368421052582272,0.605442176868689,0.7355371896026911,0.9921874999999394,0.5816993464033278
small,2000,220,Hough transform baseline,4,4,0,0.8060677749360614,0.8970588235294118,0.8869565217391304,0.5,1.0,1,2,204,23,142,16015,0.8986784140929575,0.5895953757208393,0.7120418843358339,0.9899291992186896,0.5528455284537863
small,2000,221,Hough transform baseline,3,3,0,0.9647737482643143,0.932900432900433,0.9748427672955975,1.0,1.0,0,0,162,0,194,16028,0.9999999999938273,0.45505617977400264,0.6254826250503421,0.9881591796874397,0.45505617977400264
small,2000,222,Hough transform baseline,5,9,4,0.5949297699886592,0.7739340407315722,0.6805194805194805,0.22000000000000003,0.5555555555555556,3,10,313,28,392,15651,0.9178885630471616,0.443971631205044,0.5984703628481239,0.9743652343749405,0.4270122783077394
small,2000,223,Hough transform baseline,3,4,1,0.8267785673018102,0.8242422268542643,0.9043478260869565,0.8,0.75,1,1,201,0,305,15878,0.999999999995025,0.3972332015802426,0.5685997167060132,0.98138427734369,0.3972332015802426
small,2000,224,Hough transform baseline,5,6,1,0.5777275504151839,0.7728333333333333,0.7330960854092528,0.0,0.8333333333333334,0,4,241,26,200,15917,0.9026217228430614,0.5464852607697359,0.6807909599802539,0.9862060546874398,0.5160599571723425
small,2000,225,Hough transform baseline,3,3,0,0.9864026325067576,0.976782752902156,0.984251968503937,1.0,1.0,0,0,130,0,136,16118,0.9999999999923078,0.4887218045094409,0.6565656561213141,0.9916992187499395,0.4887218045094409
small,2000,226,Hough transform baseline,4,4,0,0.9803740373755991,0.9642530230765526,0.9823008849557522,1.0,1.0,0,0,225,0,358,15801,0.9999999999955556,0.3859348198964221,0.5569306926660836,0.9781494140624403,0.3859348198964221
small,2000,227,Hough transform baseline,2,2,0,0.9635960214072353,0.9258876811594203,0.9847328244274809,1.0,1.0,0,0,112,1,203,16068,0.9911504424691049,0.3555555555544268,0.5233644855902372,0.9875488281249397,0.35443037974571384
small,2000,228,Hough transform baseline,2,2,0,0.9363888888888888,0.8833333333333334,0.9444444444444444,1.0,1.0,0,0,38,0,42,16304,0.9999999999736843,0.4749999999940625,0.644067796162597,0.997436523437439,0.4749999999940625
small,2000,229,Hough transform baseline,3,3,0,0.6157894736842106,0.7999999999999999,0.7789473684210526,0.0,1.0,0,1,137,39,110,16098,0.7784090909046681,0.5546558704430986,0.6477541366268631,0.9909057617186895,0.4790209790193041
small,2000,230,Hough transform baseline,5,7,2,0.6311167127928683,0.8573954644299471,0.8693009118541033,0.0,0.7142857142857143,0,1,322,13,435,15614,0.961194029847877,0.4253632760892664,0.5897435893171802,0.9726562499999406,0.4181818181812751
small,2000,231,Hough transform baseline,2,2,0,0.9422236842105264,0.895,0.9473684210526316,1.0,1.0,0,0,51,0,78,16255,0.9999999999803922,0.39534883720623765,0.5666666662542593,0.9952392578124393,0.39534883720623765
small,2000,232,Hough transform baseline,1,1,0,0.9503076923076923,0.9066666666666666,0.9615384615384616,1.0,1.0,0,0,53,0,102,16229,0.9999999999811321,0.3419354838687617,0.509615384230723,0.9937744140624393,0.3419354838687617
small,2000,233,Hough transform baseline,4,4,0,0.8454545454545455,0.9444444444444445,0.9772727272727273,0.5,1.0,1,2,213,1,196,15974,0.9953271027990873,0.5207823960867463,0.683788121537159,0.9879760742186897,0.5195121951206841
small,2000,234,Hough transform baseline,1,1,0,0.9249350649350649,0.8585858585858586,0.9428571428571428,1.0,1.0,0,0,24,2,100,16258,0.9230769230414201,0.19354838709521333,0.3199999997091555,0.9937744140624393,0.19047619047467876
small,2000,235,Hough transform baseline,4,4,0,0.9690511363636364,0.93375,0.9943181818181818,1.0,1.0,1,1,152,0,135,16097,0.9999999999934212,0.5296167247368306,0.6924829152616686,0.9917602539061895,0.5296167247368306
small,2000,236,Hough transform baseline,4,4,0,0.8117825919621378,0.8813422678523697,0.9508928571428571,0.5,1.0,1,2,218,2,295,15869,0.9909090909045868,0.42495126705570185,0.5948158249534384,0.98187255859369,0.4233009708729645
small,2000,237,Hough transform baseline,3,4,1,0.5367324561403508,0.7001461988304093,0.7333333333333334,0.0,0.75,0,1,196,3,304,15881,0.9849246231106286,0.39199999999921603,0.5608011440832417,0.98126220703119,0.3896620278322273
small,2000,238,Hough transform baseline,1,1,0,0.9363977485928706,0.8803418803418804,0.9512195121951219,1.0,1.0,0,0,42,0,80,16262,0.9999999999761906,0.3442622950791454,0.5121951215639501,0.9951171874999393,0.3442622950791454
small,2000,239,Hough transform baseline,4,4,0,0.9613441461595823,0.9290123456790123,0.9664429530201343,1.0,1.0,0,0,138,2,190,16054,0.985714285707245,0.42073170731579046,0.5897435893217546,0.9882812499999396,0.418181818180551
small,2000,240,Hough transform baseline,2,2,0,1.0,1.0,1.0,1.0,1.0,0,0,69,0,0,16315,0.9999999999855071,0.9999999999855071,0.9999999994855071,0.9999999999999389,0.9999999999855071
small,2000,241,Hough transform baseline,2,2,0,0.9882539768717086,0.9793510324483776,0.9877300613496932,1.0,1.0,0,0,165,0,228,15991,0.9999999999939394,0.41984732824320653,0.5913978490437237,0.9860839843749398,0.41984732824320653
small,2000,242,Hough transform baseline,4,4,0,0.6130532094594595,0.8302083333333334,0.6972972972972973,0.0,1.0,0,1,113,37,149,16085,0.7533333333283112,0.431297709922018,0.5485436888546753,0.9886474609374396,0.3779264214034183
small,2000,243,Hough transform baseline,1,1,0,0.9585483870967743,0.9222222222222223,0.967741935483871,1.0,1.0,0,0,63,0,122,16199,0.999999999984127,0.3405405405386998,0.5080645157459353,0.9925537109374394,0.3405405405386998
small,2000,244,Hough transform baseline,4,5,1,0.6073564621579739,0.7094790068156996,0.6654545454545455,0.3,0.8,1,2,136,94,294,15860,0.591304347823516,0.31627906976670633,0.41212121166587695,0.9763183593749404,0.25954198473232915
small,2000,245,Hough transform baseline,4,3,1,0.81205734149764,0.7214759535655059,0.811965811965812,1.0,0.75,0,0,193,0,348,15843,0.9999999999948187,0.3567467652488785,0.5258855581940657,0.9787597656249403,0.3567467652488785
small,2000,246,Hough transform baseline,2,2,0,1.0,1.0,1.0,1.0,1.0,0,0,144,0,0,16240,0.9999999999930557,0.9999999999930557,0.9999999994930557,0.9999999999999389,0.9999999999930557
small,2000,247,Hough transform baseline,1,1,0,0.9699929128277817,0.9437751004016064,0.9764705882352941,1.0,1.0,0,0,86,0,168,16130,0.9999999999883721,0.33858267716402135,0.5058823525602768,0.9897460937499396,0.33858267716402135
small,2000,248,Hough transform baseline,2,2,0,1.0,1.0,1.0,1.0,1.0,0,0,69,0,112,16203,0.9999999999855071,0.38121546961115355,0.5519999995959359,0.9931640624999394,0.38121546961115355
small,2000,249,Hough transform baseline,3,3,0,0.9526022827746967,0.9099974099974102,0.9655172413793104,1.0,1.0,1,1,176,0,334,15874,0.9999999999943182,0.34509803921500964,0.5131195331447271,0.9796142578124402,0.34509803921500964
small,2000,250,Hough transform baseline,5,7,2,0.6997668015796293,0.8543848877249139,0.9693251533742331,0.19999999999999998,0.7142857142857143,1,3,328,1,403,15652,0.9969604863191582,0.44870041039610303,0.6188679240990477,0.9753417968749405,0.44808743169337695
small,2000,251,Hough transform baseline,2,2,0,0.5867570093457944,0.8200000000000001,0.5887850467289719,0.0,1.0,0,1,56,30,53,16245,0.6511627906901027,0.5137614678851948,0.5743589738600393,0.9949340820311893,0.40287769783882826
small,2000,252,Hough transform baseline,3,3,0,0.9656627910365125,0.9332530362340662,0.978494623655914,1.0,1.0,0,0,189,0,198,15997,0.999999999994709,0.48837209302199386,0.6562499995568033,0.9879150390624397,0.48837209302199386
small,2000,253,Hough transform baseline,4,4,0,0.7832983949320649,0.8266080191272857,0.9316239316239316,0.5,1.0,1,2,314,12,400,15658,0.9631901840461252,0.43977591036352975,0.6038461534145858,0.9748535156249405,0.4325068870517459
small,2000,254,Hough transform baseline,2,2,0,1.0,1.0,1.0,1.0,1.0,0,0,135,0,0,16249,0.9999999999925927,0.9999999999925927,0.9999999994925928,0.9999999999999389,0.9999999999925927
small,2000,255,Hough transform baseline,5,6,1,0.7017889288438488,0.7288431222984998,0.9166666666666666,0.42857142857142855,0.8333333333333334,4,7,265,20,466,15633,0.9298245614002463,0.3625170998627052,0.5216535429024098,0.9703369140624407,0.3528628495334849
small,2000,256,Hough transform baseline,4,5,1,0.5683424787825578,0.8875272331154684,0.4447761194029851,0.0,0.8,0,4,159,168,243,15814,0.4862385321086048,0.3955223880587176,0.43621399127364274,0.9749145507811905,0.2789473684205633
small,2000,257,Hough transform baseline,3,4,1,0.9244423955040393,0.9180911680911681,0.9315068493150684,1.0,0.75,0,0,187,0,337,15860,0.9999999999946525,0.35687022900695253,0.5260196901875016,0.9794311523436902,0.35687022900695253
small,2000,258,Hough transform baseline,3,3,0,0.7800770416024653,0.5414141414141415,0.9322033898305084,1.0,1.0,0,0,49,0,63,16272,0.9999999999795919,0.43749999999609374,0.6086956517429112,0.9961547851561892,0.43749999999609374
small,2000,259,Hough transform baseline,1,1,0,1.0,1.0,1.0,1.0,1.0,0,0,86,0,0,16298,0.9999999999883721,0.9999999999883721,0.9999999994883721,0.9999999999999389,0.9999999999883721
small,2000,260,Hough transform baseline,4,5,1,0.6113282272956186,0.7320807453416149,0.7594594594594595,0.2,0.8,1,5,237,53,492,15602,0.8172413793075268,0.32510288065799026,0.46516192304625464,0.9667358398436909,0.30306905370805237
small,2000,261,Hough transform baseline,4,4,0,0.991719289513796,0.9852414083913135,0.9918032786885246,1.0,1.0,0,0,245,0,200,15939,0.9999999999959184,0.5505617977515718,0.7101449270761814,0.9877929687499397,0.5505617977515718
small,2000,262,Hough transform baseline,3,5,2,0.8527153110047847,0.8423976608187135,0.8181818181818181,1.0,0.6,0,0,104,0,104,16176,0.9999999999903846,0.4999999999975962,0.6666666662179488,0.9936523437499393,0.4999999999975962
small,2000,263,Hough transform baseline,3,3,0,0.6650249753763895,0.8607890499194847,0.8883495145631068,0.0,1.0,0,1,188,20,140,16036,0.9038461538418084,0.5731707317055696,0.7014925368358766,0.9902343749999395,0.5402298850559188
small,2000,264,Hough transform baseline,4,4,0,0.9669114931029349,0.9314358443876516,0.9888268156424581,1.0,1.0,3,3,328,0,466,15590,0.9999999999969512,0.4130982367752984,0.5846702313142625,0.9715576171874407,0.4130982367752984
small,2000,265,Hough transform baseline,1,1,0,0.9471558836300478,0.900709219858156,0.9591836734693877,1.0,1.0,0,0,50,0,100,16234,0.9999999999800001,0.33333333333111115,0.4999999996200001,0.9938964843749393,0.33333333333111115
small,2000,266,Hough transform baseline,1,1,0,1.0,1.0,1.0,1.0,1.0,0,0,28,0,0,16356,0.9999999999642857,0.9999999999642857,0.9999999994642856,0.9999999999999389,0.9999999999642857
small,2000,267,Hough transform baseline,1,1,0,1.0,1.0,1.0,1.0,1.0,0,0,57,0,0,16327,0.9999999999824563,0.9999999999824563,0.9999999994824562,0.9999999999999389,0.9999999999824563
small,2000,268,Hough transform baseline,4,4,0,0.8924174436674436,0.9262345679012345,0.9405594405594405,0.75,1.0,3,4,249,9,279,15847,0.9651162790660267,0.47159090909001594,0.6335877858169298,0.98242187499994,0.46368715083712536
small,2000,269,Hough transform baseline,5,6,1,0.5716606549088168,0.750102381278852,0.75390625,0.0,0.8333333333333334,0,1,199,33,259,15893,0.857758620685958,0.4344978165929378,0.5768115937548666,0.98217773437494,0.4052953156814556
small,2000,270,Hough transform baseline,2,3,1,0.46848389355742304,0.5194444444444445,0.8403361344537815,0.0,0.6666666666666667,0,1,114,0,26,16244,0.999999999991228,0.814285714279898,0.8976377947737614,0.998413085937439,0.814285714279898
small,2000,271,Hough transform baseline,4,4,0,0.9380145827639274,0.8796351373649037,0.9608938547486033,1.0,1.0,0,0,174,2,209,15999,0.9886363636307465,0.4543080939935919,0.6225402500135624,0.9871215820311897,0.4519480519468781
small,2000,272,Hough transform baseline,3,3,0,0.9508528265107212,0.9063786008230453,0.9649122807017544,1.0,1.0,0,0,117,0,160,16107,0.999999999991453,0.4223826714786196,0.5939086290210647,0.9902343749999395,0.4223826714786196
small,2000,273,Hough transform baseline,3,4,1,0.6475204991087344,0.8526599326599327,0.6941176470588235,0.2,0.75,1,4,185,33,199,15967,0.8486238532071164,0.48177083333207876,0.614617939735312,0.9858398437499398,0.4436450839317898
small,2000,274,Hough transform baseline,1,1,0,1.0,1.0,1.0,1.0,1.0,0,0,55,0,0,16329,0.9999999999818182,0.9999999999818182,0.9999999994818183,0.9999999999999389,0.9999999999818182
small,2000,275,Hough transform baseline,3,3,0,0.9842118076688983,0.970649895178197,0.9870967741935484,1.0,1.0,1,1,157,0,106,16121,0.9999999999936307,0.5969581749026732,0.7476190471473356,0.9935302734374394,0.5969581749026732
small,2000,276,Hough transform baseline,2,3,1,0.6779358974358974,0.8951282051282051,0.7923076923076923,0.19999999999999998,0.6666666666666667,1,3,118,0,27,16239,0.9999999999915254,0.8137931034426635,0.897338402540271,0.998352050781189,0.8137931034426635
small,2000,277,Hough transform baseline,5,5,0,0.9590763495064063,0.9183178137179399,0.9791666666666666,1.0,1.0,0,0,192,0,130,16062,0.9999999999947917,0.5962732919236141,0.7470817115913337,0.9920654296874394,0.5962732919236141
small,2000,278,Hough transform baseline,4,5,1,0.9487994171082179,0.9416393082514578,0.9753086419753086,1.0,0.8,1,1,246,0,418,15720,0.999999999995935,0.37048192771028543,0.5406593402636493,0.9744873046874405,0.37048192771028543
small,2000,279,Hough transform baseline,1,1,0,1.0,1.0,1.0,1.0,1.0,0,0,47,0,0,16337,0.9999999999787235,0.9999999999787235,0.9999999994787234,0.9999999999999389,0.9999999999787235
small,2000,280,Hough transform baseline,5,5,0,0.7192074301020167,0.8351556846408106,0.9044368600682594,0.25,1.0,1,4,269,18,409,15688,0.937282229961891,0.39675516224130275,0.5575129529488061,0.9739379882811905,0.3864942528730079
small,2000,281,Hough transform baseline,3,3,0,0.9805265322912382,0.9648064353946708,0.9818181818181818,1.0,1.0,0,0,108,0,132,16144,0.9999999999907407,0.449999999998125,0.6206896547407847,0.9919433593749394,0.449999999998125
small,2000,282,Hough transform baseline,4,4,0,0.9692097609894702,0.9407885304659498,0.9792746113989638,1.0,1.0,0,0,197,0,240,15947,0.999999999994924,0.4508009153307762,0.6214511036706356,0.9853515624999398,0.4508009153307762
small,2000,283,Hough transform baseline,5,6,1,0.5219759407259408,0.6702741702741702,0.5913461538461539,0.075,0.8333333333333334,1,8,250,114,216,15804,0.6868131868113,0.5364806866941277,0.6024096380603164,0.9798583984374402,0.43103448275787754
small,2000,284,Hough transform baseline,1,1,0,0.906443083156473,0.8042723004694835,0.9726027397260274,1.0,1.0,0,0,74,0,148,16162,0.9999999999864865,0.33333333333183185,0.4999999996216216,0.9909667968749395,0.33333333333183185
small,2000,285,Hough transform baseline,4,6,2,0.8827646220509657,0.8272563472563472,0.9691629955947136,1.0,0.6666666666666667,0,0,232,1,448,15703,0.9957081545021644,0.3411764705877336,0.5082146765081139,0.9725952148436906,0.34067547723885366
small,2000,286,Hough transform baseline,1,1,0,0.8704260651629073,0.7543859649122807,0.9047619047619048,1.0,1.0,0,0,22,0,40,16322,0.9999999999545455,0.3548387096716962,0.5238095234104307,0.997558593749939,0.3548387096716962
small,2000,287,Hough transform baseline,5,8,3,0.60630761996711,0.7657132861016356,0.9961832061068703,0.0,0.625,1,0,268,0,307,15809,0.9999999999962687,0.4660869565209286,0.6358244361009838,0.98126220703119,0.4660869565209286
small,2000,288,Hough transform baseline,3,3,0,0.9862556896892936,0.9749103942652331,0.9877300613496932,1.0,1.0,0,0,166,0,126,16092,0.9999999999939759,0.5684931506829847,0.7248908292290003,0.9923095703124394,0.5684931506829847
small,2000,289,Hough transform baseline,1,2,1,0.8959812524930196,0.9492753623188406,0.8440366972477065,1.0,0.5,0,0,111,0,174,16099,0.999999999990991,0.38947368420915973,0.5606060601997628,0.9893798828124396,0.38947368420915973
small,2000,290,Hough transform baseline,3,4,1,0.9391135067712046,0.9569672131147542,0.9173913043478261,1.0,0.75,0,0,164,2,216,16002,0.9879518072229642,0.4315789473672853,0.6007326003072093,0.9866943359374397,0.4293193717266248
small,2000,291,Hough transform baseline,3,5,2,0.5433327150680092,0.7625258591925258,0.7009803921568627,0.0,0.6,0,1,189,0,263,15932,0.999999999994709,0.4181415929194289,0.5897035877258573,0.9839477539061899,0.4181415929194289
small,2000,292,Hough transform baseline,3,5,2,0.5639473684210528,0.7666666666666667,0.7947368421052632,0.0,0.6,0,1,173,21,27,16163,0.891752577314991,0.864999999995675,0.8781725883281455,0.9970703124999392,0.7828054298607113
small,2000,293,Hough transform baseline,5,5,0,0.9284873737373737,0.8981818181818181,0.8715277777777778,1.0,1.0,0,0,254,39,101,15990,0.8668941979492598,0.7154929577444634,0.7839506167861082,0.9914550781249395,0.6446700507597851
small,2000,294,Hough transform baseline,3,3,0,0.9224710910005028,0.8335232668566003,0.9869281045751634,1.0,1.0,0,0,149,0,94,16141,0.9999999999932887,0.6131687242773121,0.7602040811575255,0.9942626953124393,0.6131687242773121
small,2000,295,Hough transform baseline,5,5,0,0.9841815031405674,0.9721637426900585,0.9835390946502057,1.0,1.0,0,0,248,0,276,15860,0.9999999999959678,0.4732824427471884,0.6424870461943677,0.9831542968749399,0.4732824427471884
small,2000,296,Hough transform baseline,5,5,0,0.6895609324857429,0.8245429666119322,0.7800829875518672,0.25,1.0,1,4,184,30,129,16041,0.8598130841081317,0.5878594249182497,0.6982922196288469,0.9902954101561895,0.5364431486864827
small,2000,297,Hough transform baseline,4,5,1,0.8651256230007467,0.8768652119960508,0.9526813880126183,0.8,0.8,1,1,313,2,391,15678,0.9936507936476392,0.4446022727266412,0.6143277718974692,0.9760131835936904,0.44334277620333806
small,2000,298,Hough transform baseline,4,4,0,0.7342967189180882,0.8739711934156378,0.7883817427385892,0.3333333333333333,1.0,1,3,190,43,134,16017,0.8154506437733243,0.5864197530846098,0.6822262113600881,0.9891967773436896,0.5177111716607147
small,2000,299,Hough transform baseline,5,12,7,0.4470200624344739,0.6359136822773186,0.4235474006116208,0.13793103448275862,0.41666666666666663,4,29,364,144,473,15403,0.7165354330694557,0.4348864994021089,0.5412639400495582,0.9623413085936913,0.3710499490312222
small,2000,300,Hough transform baseline,2,2,0,0.9573717948717949,0.9166666666666667,0.9743589743589743,1.0,1.0,0,0,68,0,72,16244,0.9999999999852941,0.4857142857108164,0.6538461533997781,0.9956054687499392,0.4857142857108164
small,2000,301,Hough transform baseline,5,9,4,0.6780741817789757,0.8474417478756919,0.7995991983967936,0.325,0.5555555555555556,3,8,439,18,575,15352,0.9606126914639812,0.43293885601535215,0.5968728751657113,0.9638061523436912,0.4253875968988126
small,2000,302,Hough transform baseline,1,1,0,0.8250000000000001,0.6666666666666667,0.875,1.0,1.0,0,0,17,0,30,16337,0.9999999999411765,0.3617021276518787,0.5312499995932617,0.998168945312439,0.3617021276518787
small,2000,303,Hough transform baseline,5,7,2,0.49971452460582905,0.65,0.6789297658862876,0.0,0.7142857142857143,0,3,233,66,238,15847,0.7792642140442165,0.49469214437262277,0.6051948047181818,0.98144531249994,0.43389199255040245
small,2000,304,Hough transform baseline,3,4,1,0.8936132448076268,0.9618787878787879,0.9288389513108615,0.8,0.75,1,1,227,3,182,15972,0.9869565217348394,0.5550122249375183,0.7104851325573557,0.9887084960936896,0.5509708737850705
small,2000,305,Hough transform baseline,5,7,2,0.9233831168831169,0.9033333333333333,0.9772727272727273,1.0,0.7142857142857143,1,1,225,0,266,15893,0.9999999999955556,0.45824847250415834,0.6284916196789856,0.9837646484374399,0.45824847250415834
small,2000,306,Hough transform baseline,3,2,1,0.7402222222222222,0.5066666666666666,0.9777777777777777,1.0,0.6666666666666667,0,0,120,14,18,16232,0.8955223880530185,0.8695652173850033,0.8823529406700908,0.998046874999939,0.7894736842053325
small,2000,307,Hough transform baseline,3,4,1,0.5929859895410277,0.7943548305590087,0.8026315789473684,0.0,0.75,0,2,134,14,201,16035,0.9054054053992878,0.399999999998806,0.5548654240032921,0.9868774414061897,0.38395415472669353
small,2000,308,Hough transform baseline,4,4,0,0.8877568795430945,0.7900308641975309,0.9112149532710281,1.0,1.0,0,0,192,7,116,16069,0.9648241205981668,0.6233766233745994,0.7573964492242647,0.9924926757811894,0.6095238095218746
small,2000,309,Hough transform baseline,1,1,0,0.9713676869430453,0.946360153256705,0.9775280898876404,1.0,1.0,0,0,77,1,125,16181,0.987179487166831,0.38118811880999415,0.5499999995941326,0.9923095703124394,0.3793103448257177
small,2000,310,Hough transform baseline,5,11,6,0.5267291446824958,0.7396095602992154,0.511482254697286,0.18461538461538465,0.4545454545454546,3,13,246,151,386,15601,0.6196473551621672,0.38924050632849805,0.4781341103123208,0.9672241210936909,0.3141762452103267
small,2000,311,Hough transform baseline,5,5,0,0.8096780240351669,0.8835626535626535,0.935374149659864,0.5,1.0,1,2,282,15,201,15886,0.9494949494917526,0.5838509316758098,0.723076922603501,0.9868164062499397,0.5662650602398268
small,2000,312,Hough transform baseline,4,6,2,0.6208967457980616,0.8771464646464647,0.7975708502024291,0.0,0.6666666666666667,0,2,211,18,356,15799,0.9213973799086402,0.37213403880004914,0.5301507533576646,0.9771728515624404,0.3606837606831441
small,2000,313,Hough transform baseline,2,2,0,0.9450021367521367,0.8901282051282051,0.9722222222222222,1.0,1.0,0,0,74,0,110,16200,0.9999999999864865,0.4021739130412926,0.5736434104391563,0.9932861328124394,0.4021739130412926
small,2000,314,Hough transform baseline,5,5,0,0.5801764527179712,0.7345736269050761,0.7480916030534351,0.0,1.0,0,2,287,69,552,15476,0.8061797752786344,0.34207389749661254,0.4803347276143512,0.9620971679686913,0.3160792951538369
small,2000,315,Hough transform baseline,2,3,1,0.917089788483305,0.9328399122807017,0.9032258064516129,1.0,0.6666666666666667,1,1,157,0,272,15955,0.9999999999936307,0.3659673659665129,0.535836177080298,0.9833984374999399,0.3659673659665129
small,2000,316,Hough transform baseline,5,6,1,0.59473816713126,0.691274906600249,0.7516556291390728,0.2,0.8333333333333334,1,5,246,47,181,15910,0.8395904436831414,0.5761124121766368,0.6833333328487539,0.9860839843749398,0.518987341771057
small,2000,317,Hough transform baseline,2,4,2,0.5391699352480095,0.80607367475292,0.4655172413793104,0.13333333333333333,0.5,1,6,118,19,134,16113,0.8613138686068518,0.46825396825211013,0.6066838041678286,0.9906616210936895,0.4354243542419357
small,2000,318,Hough transform baseline,3,3,0,0.7573200308463467,0.7073534263007948,0.945054945054945,0.6,1.0,1,1,86,0,155,16143,0.9999999999883721,0.35684647302756495,0.5259938834011727,0.9905395507811895,0.35684647302756495
small,2000,319,Hough transform baseline,2,2,0,0.9311014344262295,0.86875,0.9508196721311475,1.0,1.0,0,0,57,0,58,16269,0.9999999999824563,0.49565217390873345,0.6627906972235668,0.9964599609374392,0.49565217390873345
small,2000,320,Hough transform baseline,2,2,0,0.916619092039801,0.8213425925925926,0.9850746268656716,1.0,1.0,0,0,62,0,40,16282,0.999999999983871,0.6078431372489427,0.7560975604961332,0.997558593749939,0.6078431372489427
small,2000,321,Hough transform baseline,4,6,2,0.8848742962531547,0.857843137254902,0.9108910891089109,1.0,0.6666666666666667,0,0,199,0,183,16002,0.9999999999949749,0.5209424083755997,0.6850258171031843,0.9888305664061896,0.5209424083755997
small,2000,322,Hough transform baseline,2,2,0,1.0,1.0,1.0,1.0,1.0,0,0,162,0,45,16177,0.9999999999938273,0.7826086956483932,0.8780487799904819,0.9972534179686892,0.7826086956483932
small,2000,323,Hough transform baseline,2,2,0,0.9678126815713022,0.9398686371100163,0.9743589743589743,1.0,1.0,0,0,72,0,115,16197,0.9999999999861111,0.3850267379658555,0.5559845555788375,0.9929809570311894,0.3850267379658555
small,2000,324,Hough transform baseline,5,5,0,0.9922915242652085,0.9860446570972886,0.9928571428571429,1.0,1.0,0,0,279,0,163,15942,0.9999999999964158,0.6312217194555855,0.7739251035455996,0.9900512695311895,0.6312217194555855
small,2000,325,Hough transform baseline,5,5,0,0.9635823138440611,0.9271895152902019,0.9817351598173516,1.0,1.0,0,0,217,0,128,16039,0.9999999999953918,0.6289855072445537,0.772241992405751,0.9921874999999394,0.6289855072445537
small,2000,326,Hough transform baseline,4,4,0,0.9616728266728266,0.9244381133270021,0.9783783783783784,1.0,1.0,1,1,162,0,184,16038,0.9999999999938273,0.4682080924841959,0.6377952751536363,0.9887695312499396,0.4682080924841959
small,2000,327,Hough transform baseline,3,3,0,0.6757780490649467,0.8591587167976056,0.9457831325301205,0.0,1.0,0,1,168,0,326,15890,0.9999999999940477,0.3400809716592306,0.5075528697103532,0.9801025390624402,0.3400809716592306
small,2000,328,Hough transform baseline,3,5,2,0.5388983050847458,0.7666666666666667,0.6694915254237288,0.0,0.6,0,1,211,8,159,16006,0.9634703196303038,0.570270270268729,0.7164685903623476,0.9898071289061896,0.5582010581995815
small,2000,329,Hough transform baseline,2,2,0,0.9621281464530893,0.927536231884058,0.9736842105263158,1.0,1.0,0,0,74,0,120,16190,0.9999999999864865,0.381443298967106,0.552238805566273,0.9926757812499394,0.381443298967106
small,2000,330,Hough transform baseline,4,3,1,0.7992975500526871,0.6491239316239317,0.910958904109589,1.0,0.75,0,0,112,24,274,15974,0.8235294117586506,0.29015544041375607,0.42911877355940165,0.98181152343744,0.2731707317066508
small,2000,331,Hough transform baseline,1,1,0,0.8946046312178387,0.7819496855345912,0.9636363636363636,1.0,1.0,0,0,56,0,112,16216,0.999999999982143,0.33333333333134924,0.4999999996205357,0.9931640624999394,0.33333333333134924
small,2000,332,Hough transform baseline,5,6,1,0.8744441632082329,0.9601297253471166,0.9619289340101522,0.6666666666666666,0.8333333333333334,2,3,391,2,534,15457,0.9949109414732954,0.42270270270224575,0.5933232165760106,0.9672851562499409,0.42179072276114155
small,2000,333,Hough transform baseline,3,3,0,0.9875155279503106,0.9777777777777779,0.9875776397515528,1.0,1.0,0,0,164,0,142,16078,0.9999999999939025,0.5359477124165493,0.6978723399682029,0.9913330078124395,0.5359477124165493
small,2000,334,Hough transform baseline,5,8,3,0.4923868421052632,0.7003333333333334,0.5736842105263158,0.0,0.625,0,9,297,56,205,15826,0.8413597733687214,0.5916334661342796,0.6947368416188228,0.9840698242186899,0.5322580645151752
small,2000,335,Hough transform baseline,4,7,3,0.5159988761238762,0.6802417027417028,0.6208791208791209,0.1142857142857143,0.5714285714285714,1,7,268,69,375,15672,0.7952522255169281,0.4167962674954638,0.5469387750578363,0.9729003906249406,0.3764044943814938
small,2000,336,Hough transform baseline,4,7,3,0.7248004951312522,0.9550263253449529,0.7394789579158316,0.36,0.5714285714285714,2,5,367,70,619,15328,0.8398169336365222,0.37221095334647847,0.5158116650691298,0.9579467773436915,0.34753787878754966
small,2000,337,Hough transform baseline,1,1,0,0.9634033613445377,0.9313725490196079,0.9714285714285714,1.0,1.0,0,0,71,0,138,16175,0.9999999999859155,0.33971291865866166,0.5071428567606888,0.9915771484374395,0.33971291865866166
small,2000,338,Hough transform baseline,5,6,1,0.6274169861146607,0.74998778998779,0.7829457364341086,0.2,0.8333333333333334,1,4,297,58,466,15563,0.8366197183075025,0.38925294888546624,0.5313059029645658,0.9680175781249409,0.36175395858664827
small,2000,339,Hough transform baseline,3,5,2,0.477186266932433,0.7267162944582299,0.4508196721311475,0.0,0.6,0,2,143,44,213,15984,0.7647058823488518,0.40168539325729863,0.5267034986256829,0.9843139648436899,0.35749999999910625
small,2000,340,Hough transform baseline,2,2,0,0.5973958333333333,0.78125,0.7291666666666667,0.0,1.0,0,1,62,23,62,16237,0.729411764697301,0.4999999999959677,0.5933014349184312,0.9948120117186893,0.42176870748012407
small,2000,341,Hough transform baseline,4,7,3,0.6065805633716908,0.8603733877484223,0.6030150753768844,0.16666666666666666,0.5714285714285714,1,6,268,51,454,15611,0.8401253918468962,0.3711911357335579,0.5148895288726959,0.9691772460936908,0.3467011642945062
small,2000,342,Hough transform baseline,5,5,0,0.7173452749014412,0.9398226395409495,0.9721254355400697,0.0,1.0,0,1,286,5,92,16001,0.9828178694124302,0.756613756611755,0.8550074733474544,0.9940795898436893,0.7467362924262487
small,2000,343,Hough transform baseline,2,3,1,0.5562078431372549,0.9205490196078431,0.3764705882352941,0.0,0.6666666666666667,0,2,62,69,78,16175,0.4732824427444788,0.44285714285397965,0.4575645751429311,0.9910278320311895,0.2966507177019299
small,2000,344,Hough transform baseline,5,6,1,0.8080256808078687,0.7163464419475655,0.7616822429906542,1.0,0.8333333333333334,0,0,165,33,257,15929,0.8333333333291246,0.3909952606625806,0.5322580640796775,0.98229980468744,0.36263736263656565
small,2000,345,Hough transform baseline,3,3,0,0.9693683502507032,0.943941679235797,0.972972972972973,1.0,1.0,0,0,175,0,332,15877,0.9999999999942858,0.34516765285927975,0.5131964805554003,0.9797363281249402,0.34516765285927975
small,2000,346,Hough transform baseline,3,5,2,0.6932630802670394,0.8287524366471735,0.8849557522123894,0.3333333333333333,0.6,1,3,108,6,146,16124,0.9473684210443213,0.4251968503920268,0.5869565213083058,0.9907226562499395,0.41538461538301774
small,2000,347,Hough transform baseline,3,3,0,1.0,1.0,1.0,1.0,1.0,0,0,176,0,0,16208,0.9999999999943182,0.9999999999943182,0.9999999994943183,0.9999999999999389,0.9999999999943182
small,2000,348,Hough transform baseline,2,4,2,0.5579406474820144,0.825,0.6834532374100719,0.0,0.5,0,1,125,0,46,16213,0.999999999992,0.7309941520425088,0.8445945941009632,0.9971923828124392,0.7309941520425088
small,2000,349,Hough transform baseline,1,1,0,0.9628596149686351,0.9303482587064676,0.9710144927536232,1.0,1.0,0,0,70,0,136,16178,0.9999999999857142,0.33980582524106895,0.5072463764293216,0.9916992187499395,0.33980582524106895
small,2000,350,Hough transform baseline,5,5,0,0.8499600687258674,0.7884541319629039,0.9757785467128027,0.8,1.0,1,1,232,0,341,15811,0.9999999999956897,0.4048865619539182,0.5763975151162378,0.9791870117186902,0.4048865619539182
small,2000,351,Hough transform baseline,2,3,1,0.9341169795117163,0.9935897435897436,0.8516746411483254,1.0,0.6666666666666667,1,1,184,9,187,16004,0.9533678756427287,0.4959568733140271,0.652482269051035,0.9880371093749397,0.4842105263145152
small,2000,352,Hough transform baseline,2,2,0,0.9589031492666091,0.9232456140350878,0.9672131147540983,1.0,1.0,0,0,57,0,82,16245,0.9999999999824563,0.41007194244309303,0.5816326526428052,0.9949951171874393,0.41007194244309303
small,2000,353,Hough transform baseline,4,4,0,0.9407732447817837,0.8970588235294118,0.935483870967742,1.0,1.0,0,0,144,10,36,16194,0.9350649350588632,0.7999999999955556,0.862275448599663,0.9971923828124392,0.7578947368381164
small,2000,354,Hough transform baseline,5,6,1,0.8988846153846154,0.8337037037037036,0.9519230769230769,1.0,0.8333333333333334,0,0,214,0,257,15913,0.9999999999953272,0.45435244161262345,0.6248175178167318,0.9843139648436899,0.45435244161262345
small,2000,355,Hough transform baseline,4,5,1,0.5982299465240641,0.7661002178649237,0.8674242424242424,0.0,0.8,1,1,231,14,295,15844,0.9428571428532945,0.4391634980980244,0.5992217894481302,0.98114013671869,0.4277777777769856
small,2000,356,Hough transform baseline,5,5,0,0.9607838471735953,0.9189412737799835,0.9863013698630136,1.0,1.0,1,1,218,5,2,16159,0.9775784753319392,0.9909090909045868,0.9841986450937737,0.9995727539061889,0.9688888888845828
small,2000,357,Hough transform baseline,4,6,2,0.5282497507477567,0.7445098039215686,0.6327683615819208,0.0,0.6666666666666667,0,3,157,12,214,16001,0.9289940828347397,0.4231805929907731,0.5814814810492935,0.9862060546874398,0.4099216710172065
small,2000,358,Hough transform baseline,3,3,0,1.0,1.0,1.0,1.0,1.0,0,0,81,0,130,16173,0.9999999999876543,0.38388625592235126,0.5547945201432493,0.9920654296874394,0.38388625592235126
small,2000,359,Hough transform baseline,3,3,0,0.9751842751842751,0.9528619528619529,0.9819819819819819,1.0,1.0,0,0,114,0,72,16198,0.999999999991228,0.6129032258031565,0.7599999995237333,0.9956054687499392,0.6129032258031565
small,2000,360,Hough transform baseline,5,5,0,0.8748713087248322,0.7398333333333333,0.9597315436241611,1.0,1.0,0,0,135,2,221,16026,0.9854014598468219,0.3792134831450022,0.5476673423956321,0.9863891601561897,0.3770949720659858
small,2000,361,Hough transform baseline,1,1,0,1.0,1.0,1.0,1.0,1.0,0,0,17,0,0,16367,0.9999999999411765,0.9999999999411765,0.9999999994411766,0.9999999999999389,0.9999999999411765
small,2000,362,Hough transform baseline,1,1,0,1.0,1.0,1.0,1.0,1.0,0,0,30,0,6,16348,0.9999999999666667,0.8333333333101852,0.9090909085674931,0.9996337890624389,0.8333333333101852
small,2000,363,Hough transform baseline,5,6,1,0.7956918238993711,0.6333333333333333,0.8867924528301887,1.0,0.8333333333333334,1,1,144,19,195,16026,0.8834355828166661,0.4247787610606939,0.5737051788420422,0.9869384765624397,0.40223463687038485
small,2000,364,Hough transform baseline,1,2,1,0.8315057714505579,0.8192753623188406,0.8141592920353982,1.0,0.5,0,0,95,0,190,16099,0.9999999999894736,0.33333333333216375,0.49999999962236835,0.9884033203124396,0.33333333333216375
small,2000,365,Hough transform baseline,4,7,3,0.6833232522499436,0.8145278621427317,0.8482142857142857,0.36,0.5714285714285714,2,5,216,0,364,15804,0.9999999999953704,0.3724137931028062,0.5427135674423879,0.9777832031249403,0.3724137931028062
small,2000,366,Hough transform baseline,4,5,1,0.8776436205359888,0.8179959244234092,0.8977272727272727,1.0,0.8,0,0,164,2,364,15854,0.9879518072229642,0.31060606060547236,0.47262247802084567,0.9776611328124403,0.3094339622635671
small,2000,367,Hough transform baseline,1,1,0,1.0,1.0,1.0,1.0,1.0,0,0,13,0,15,16356,0.9999999999230769,0.4642857142691327,0.634146340999405,0.999084472656189,0.4642857142691327
small,2000,368,Hough transform baseline,5,8,3,0.5127175163910972,0.7937875910098132,0.46506550218340614,0.0,0.625,0,6,289,58,346,15691,0.8328530259341993,0.45511811023550375,0.5885947042261253,0.9753417968749405,0.4170274170268153
small,2000,369,Hough transform baseline,1,1,0,1.0,1.0,1.0,1.0,1.0,0,0,62,0,0,16322,0.999999999983871,0.999999999983871,0.9999999994838711,0.9999999999999389,0.999999999983871
small,2000,370,Hough transform baseline,4,7,3,0.4639763870828188,0.7051985922574158,0.44747081712062253,0.0,0.5714285714285714,0,3,167,73,150,15994,0.6958333333304341,0.5268138801245211,0.599640933080113,0.9863891601561897,0.4282051282040302
small,2000,371,Hough transform baseline,2,2,0,0.9672508445945945,0.9392361111111112,0.972972972972973,1.0,1.0,0,0,69,0,132,16183,0.9999999999855071,0.3432835820878444,0.5111111107268312,0.9919433593749394,0.3432835820878444
small,2000,372,Hough transform baseline,4,7,3,0.7394874577281398,0.8609887445187626,0.8494983277591973,0.5,0.5714285714285714,3,6,283,0,338,15763,0.9999999999964665,0.45571658615063493,0.6261061942587787,0.9793701171874402,0.45571658615063493
small,2000,373,Hough transform baseline,5,7,2,0.4563148319457293,0.5751046698872786,0.547112462006079,0.06666666666666667,0.7142857142857143,2,9,213,73,271,15827,0.7447552447526408,0.44008264462718993,0.5532467527783774,0.9790039062499403,0.3824057450621501
small,2000,374,Hough transform baseline,5,8,3,0.5427375799638957,0.7176026936026936,0.6437246963562753,0.1142857142857143,0.625,1,7,384,90,595,15315,0.8101265822767719,0.3922369765062388,0.5285615962561603,0.9581909179686915,0.3592142188958286
small,2000,375,Hough transform baseline,2,2,0,1.0,1.0,1.0,1.0,1.0,0,0,79,0,0,16305,0.9999999999873417,0.9999999999873417,0.9999999994873416,0.9999999999999389,0.9999999999873417
small,2000,376,Hough transform baseline,1,1,0,0.9146829810901,0.8390804597701148,0.935483870967742,1.0,1.0,0,0,32,0,60,16292,0.9999999999687501,0.34782608695274103,0.5161290318668055,0.9963378906249392,0.34782608695274103
small,2000,377,Hough transform baseline,4,4,0,0.953385404917663,0.908533223049352,0.9727272727272728,1.0,1.0,0,0,224,0,270,15890,0.9999999999955358,0.45344129554564083,0.6239554313238413,0.9835205078124399,0.45344129554564083
small,2000,378,Hough transform baseline,2,3,1,0.420270979020979,0.45530303030303027,0.7435897435897436,0.0,0.6666666666666667,0,1,73,0,115,16196,0.9999999999863013,0.38829787233836016,0.55938697277286,0.9929809570311894,0.38829787233836016
small,2000,379,Hough transform baseline,1,2,1,0.7285,0.65,0.6799999999999999,1.0,0.5,0,0,27,0,33,16324,0.999999999962963,0.4499999999925,0.6206896547300832,0.997985839843689,0.4499999999925
small,2000,380,Hough transform baseline,4,4,0,0.9559912807318468,0.9133838383838384,0.9748427672955975,1.0,1.0,0,0,156,0,224,16004,0.9999999999935898,0.4105263157883934,0.5820895518239586,0.9863281249999398,0.4105263157883934
small,2000,381,Hough transform baseline,4,7,3,0.45497371610362064,0.7390821256038647,0.3262195121951219,0.0,0.5714285714285714,0,8,177,124,119,15964,0.588039867107681,0.5979729729709529,0.5929648236186517,0.9851684570311898,0.421428571427568
small,2000,382,Hough transform baseline,5,6,1,0.6148234923379453,0.8241786731267797,0.7530487804878049,0.039999999999999994,0.8333333333333334,1,5,267,39,477,15601,0.8725490196049916,0.35887096774145316,0.5085714281574639,0.9685058593749408,0.34099616858194
small,2000,383,Hough transform baseline,1,1,0,1.0,1.0,1.0,1.0,1.0,0,0,17,0,0,16367,0.9999999999411765,0.9999999999411765,0.9999999994411766,0.9999999999999389,0.9999999999411765
small,2000,384,Hough transform baseline,1,1,0,1.0,1.0,1.0,1.0,1.0,0,0,20,0,0,16364,0.99999999995,0.99999999995,0.99999999945,0.9999999999999389,0.99999999995
small,2000,385,Hough transform baseline,1,1,0,1.0,1.0,1.0,1.0,1.0,0,0,73,0,0,16311,0.9999999999863013,0.9999999999863013,0.9999999994863014,0.9999999999999389,0.9999999999863013
small,2000,386,Hough transform baseline,4,4,0,0.9887826508695351,0.9782135076252724,0.9929328621908127,1.0,1.0,0,0,271,0,207,15906,0.99999999999631,0.5669456066933746,0.7236315082144951,0.9873657226561897,0.5669456066933746
small,2000,387,Hough transform baseline,2,2,0,1.0,1.0,1.0,1.0,1.0,0,0,123,0,112,16149,0.9999999999918698,0.5234042553169217,0.6871508375339251,0.9931640624999394,0.5234042553169217
small,2000,388,Hough transform baseline,5,7,2,0.728667977492486,0.7762516418985775,0.8729641693811074,0.5333333333333333,0.7142857142857143,2,3,247,39,386,15712,0.863636363633344,0.39020537124740884,0.5375408047931837,0.9740600585936905,0.36755952380897683
small,2000,389,Hough transform baseline,2,2,0,0.5419266917293233,0.825,0.3533834586466166,0.0,1.0,0,1,51,83,68,16182,0.3805970149225329,0.4285714285678271,0.40316205483453893,0.9907836914061895,0.2524752475235026
small,2000,390,Hough transform baseline,5,6,1,0.7907202162464093,0.8828668091168093,0.8838174273858921,0.5333333333333333,0.8333333333333334,2,3,214,10,332,15828,0.9553571428528779,0.3919413919406741,0.5558441554301501,0.9791259765624402,0.384892086330243
small,2000,391,Hough transform baseline,1,1,0,0.9755656108597285,0.9542483660130718,0.9807692307692307,1.0,1.0,0,0,105,0,206,16073,0.9999999999904762,0.3376205787770495,0.5048076919278731,0.9874267578124397,0.3376205787770495
small,2000,392,Hough transform baseline,3,5,2,0.5114472573839661,0.7162962962962962,0.6455696202531646,0.0,0.6,0,1,141,0,188,16055,0.9999999999929079,0.4285714285701259,0.5999999995774469,0.9885253906249396,0.4285714285701259
small,2000,393,Hough transform baseline,2,2,0,0.8098913043478261,0.65,0.8369565217391304,1.0,1.0,0,0,79,15,132,16158,0.8404255319059529,0.3744075829366142,0.5180327864554259,0.9910278320311895,0.3495575221223471
small,2000,394,Hough transform baseline,2,3,1,0.601482834994463,0.8542857142857143,0.751937984496124,0.0,0.6666666666666667,0,1,119,0,50,16215,0.9999999999915966,0.704142011830153,0.8263888883982204,0.9969482421874392,0.704142011830153
small,2000,395,Hough transform baseline,5,4,1,0.8505177496645582,0.7342836879432625,0.9504504504504504,1.0,0.8,0,0,215,0,232,15937,0.9999999999953488,0.4809843400436667,0.6495468273540083,0.9858398437499398,0.4809843400436667
small,2000,396,Hough transform baseline,3,5,2,0.5927524122297141,0.8589052287581701,0.7312252964426877,0.0,0.6,0,3,214,11,172,15987,0.951111111106884,0.554404145076284,0.7004909978957627,0.9888305664061896,0.5390428211573324
small,2000,397,Hough transform baseline,2,2,0,1.0,1.0,1.0,1.0,1.0,1,1,153,0,0,16231,0.9999999999934641,0.9999999999934641,0.9999999994934641,0.9999999999999389,0.9999999999934641
small,2000,398,Hough transform baseline,5,5,0,0.7174988313259638,0.7701994231486065,0.8545454545454545,0.4,1.0,1,2,244,30,318,15792,0.8905109489018594,0.43416370106684316,0.5837320569742108,0.9787597656249403,0.41216216216146595
small,2000,399,Hough transform baseline,4,4,0,0.8269796437659033,0.6392592592592593,0.9465648854961832,1.0,1.0,0,0,129,1,166,16088,0.9923076923000592,0.437288135591738,0.6070588231019183,0.9898071289061896,0.4358108108093385
small,2000,400,Hough transform baseline,5,4,1,0.7814799331103679,0.5673913043478261,0.9807692307692307,1.0,0.8,0,0,222,23,249,15890,0.9061224489758934,0.4713375796168337,0.6201117313916583,0.9833984374999399,0.4493927125496976
small,2000,401,Hough transform baseline,2,2,0,0.9787633145363408,0.9594907407407407,0.9849624060150376,1.0,1.0,0,0,118,0,146,16120,0.9999999999915254,0.4469696969680039,0.6178010466902223,0.9910888671874395,0.4469696969680039
small,2000,402,Hough transform baseline,4,4,0,0.6318910256410256,0.823005698005698,0.8076923076923077,0.0,1.0,0,1,120,23,117,16124,0.839160839154971,0.5063291139219143,0.6315789468956925,0.9914550781249395,0.46153846153668643
small,2000,403,Hough transform baseline,4,5,1,0.5098119604815079,0.5641237251744499,0.8797814207650273,0.0,0.8,0,2,161,10,273,15940,0.9415204678307514,0.3709677419346291,0.5322314045514049,0.98272705078119,0.36261261261179595
small,2000,404,Hough transform baseline,5,6,1,0.6471601990049752,0.8648888888888889,0.8731343283582089,0.0,0.8333333333333334,0,1,258,0,49,16077,0.9999999999961241,0.8403908794760899,0.9132743357837138,0.9970092773436892,0.8403908794760899
small,2000,405,Hough transform baseline,1,1,0,0.6835,0.3244444444444444,0.9375,1.0,1.0,0,0,33,0,66,16285,0.9999999999696971,0.33333333332996634,0.4999999996174242,0.9959716796874392,0.33333333332996634
small,2000,406,Hough transform baseline,4,4,0,0.6599247440609004,0.7192933723196882,0.8478802992518704,0.26666666666666666,1.0,1,3,317,58,638,15371,0.8453333333310792,0.33193717277452156,0.47669172891767875,0.9575195312499415,0.31293188548833867
small,2000,407,Hough transform baseline,2,2,0,0.6592578438135008,0.8321060382916052,0.9240506329113924,0.0,1.0,0,1,152,7,98,16127,0.9559748427612832,0.607999999997568,0.7432762831396991,0.9935913085936894,0.591439688713652
small,2000,408,Hough transform baseline,1,1,0,1.0,1.0,1.0,1.0,1.0,0,0,31,0,0,16353,0.9999999999677419,0.9999999999677419,0.999999999467742,0.9999999999999389,0.9999999999677419
small,2000,409,Hough transform baseline,1,1,0,0.9571264367816091,0.9195402298850575,0.9666666666666667,1.0,1.0,0,0,61,0,118,16205,0.9999999999836067,0.34078212290312415,0.5083333329499653,0.9927978515624394,0.34078212290312415
small,2000,410,Hough transform baseline,3,3,0,0.7999255119021779,0.854488017429194,0.9520295202952029,0.5,1.0,1,2,266,6,378,15734,0.9779411764669929,0.4130434782602282,0.5807860257820693,0.9765624999999404,0.4092307692301397
small,2000,411,Hough transform baseline,1,1,0,0.9422739018087856,0.8914728682170543,0.9555555555555556,1.0,1.0,0,0,46,0,88,16250,0.999999999978261,0.34328358208699045,0.5111111107249383,0.9946289062499393,0.34328358208699045
small,2000,412,Hough transform baseline,3,4,1,0.7226214324307243,0.9365456962445997,0.7975460122699387,0.26666666666666666,0.75,1,3,133,0,126,16125,0.9999999999924812,0.5135135135115309,0.6785714281196246,0.9923095703124394,0.5135135135115309
small,2000,413,Hough transform baseline,4,7,3,0.544640653531037,0.712723311546841,0.6552901023890785,0.14285714285714285,0.5714285714285714,1,7,215,78,380,15711,0.7337883959019325,0.36134453781451875,0.4842342337909742,0.9720458984374406,0.31946508172315086
small,2000,414,Hough transform baseline,2,2,0,0.9612264150943396,0.9222222222222222,0.9811320754716981,1.0,1.0,0,0,108,0,62,16214,0.9999999999907407,0.6352941176433219,0.7769784167854666,0.9962158203124392,0.6352941176433219
small,2000,415,Hough transform baseline,4,8,4,0.4421677571647116,0.6726808863353205,0.4473067915690867,0.0,0.5,0,11,222,139,397,15626,0.6149584487517591,0.35864297253576954,0.45306122402352567,0.9672851562499409,0.2928759894455239
small,2000,416,Hough transform baseline,4,4,0,0.7754641428676511,0.8551685444340238,0.9531914893617022,0.4,1.0,1,2,236,1,451,15696,0.995780590713098,0.3435225618626732,0.5108225104399959,0.9724121093749406,0.3430232558134549
small,2000,417,Hough transform baseline,1,1,0,1.0,1.0,1.0,1.0,1.0,0,0,19,0,36,16329,0.9999999999473684,0.3454545454482645,0.5135135131179694,0.997802734374939,0.3454545454482645
small,2000,418,Hough transform baseline,5,5,0,0.7614062431378824,0.6739470263045988,0.9573170731707317,0.6666666666666666,1.0,3,3,315,0,288,15781,0.9999999999968254,0.5223880597006262,0.6862745093516381,0.98242187499994,0.5223880597006262
small,2000,419,Hough transform baseline,1,1,0,1.0,1.0,1.0,1.0,1.0,0,0,61,0,0,16323,0.9999999999836067,0.9999999999836067,0.9999999994836066,0.9999999999999389,0.9999999999836067
small,2000,420,Hough transform baseline,5,5,0,0.7992720344654509,0.7921472868217053,0.9640287769784173,0.6,1.0,2,3,270,0,407,15707,0.9999999999962963,0.398818316099854,0.5702217524950575,0.9751586914061905,0.398818316099854
small,2000,421,Hough transform baseline,4,4,0,0.9334407216494846,0.875,0.9484536082474226,1.0,1.0,0,0,86,2,154,16142,0.9772727272616218,0.3583333333318403,0.5243902435066181,0.9904785156249395,0.3553719008249778
small,2000,422,Hough transform baseline,1,1,0,1.0,1.0,1.0,1.0,1.0,0,0,26,0,0,16358,0.9999999999615384,0.9999999999615384,0.9999999994615385,0.9999999999999389,0.9999999999615384
small,2000,423,Hough transform baseline,2,3,1,0.4929001501501502,0.6258641975308642,0.722972972972973,0.0,0.6666666666666667,0,1,111,13,192,16068,0.8951612903153616,0.3663366336621573,0.5199063227704425,0.9874877929686897,0.35126582278369856
small,2000,424,Hough transform baseline,2,2,0,0.9800802908254002,0.9630801687763714,0.9834710743801653,1.0,1.0,0,0,111,0,160,16113,0.999999999990991,0.409594095939448,0.5811518320454072,0.9902343749999395,0.409594095939448
small,2000,425,Hough transform baseline,2,3,1,0.28183608815426997,0.39,0.19834710743801653,0.0,0.6666666666666667,0,2,41,79,41,16223,0.34166666666381945,0.49999999999390243,0.40594059357308104,0.9926757812499394,0.254658385091586
small,2000,426,Hough transform baseline,2,2,0,1.0,1.0,1.0,1.0,1.0,0,0,143,0,0,16241,0.999999999993007,0.999999999993007,0.9999999994930071,0.9999999999999389,0.999999999993007
small,2000,427,Hough transform baseline,2,2,0,0.9227380228840208,0.8533458411507192,0.9436619718309859,1.0,1.0,0,0,73,0,138,16173,0.9999999999863013,0.345971563979403,0.51408450665669,0.9915771484374395,0.345971563979403
small,2000,428,Hough transform baseline,3,3,0,0.7143916575868113,0.9325662566256625,0.9736842105263158,0.0,1.0,0,1,184,1,275,15924,0.9945945945892185,0.40087145969411575,0.5714285710173074,0.9831542968749399,0.39999999999913044
small,2000,429,Hough transform baseline,4,3,1,0.7753662280701754,0.5641666666666667,0.9824561403508771,1.0,0.75,0,0,115,0,204,16065,0.9999999999913043,0.360501567396989,0.5299539166587206,0.9875488281249397,0.360501567396989
small,2000,430,Hough transform baseline,3,3,0,1.0,1.0,1.0,1.0,1.0,0,0,111,0,106,16167,0.999999999990991,0.5115207373248317,0.6768292678407756,0.9935302734374394,0.5115207373248317
small,2000,431,Hough transform baseline,2,2,0,0.5111867245657569,0.6197311827956989,0.6615384615384615,0.0,1.0,0,1,91,40,63,16190,0.6946564885443156,0.5909090909052539,0.6385964907268452,0.9937133789061893,0.46907216494603576
small,2000,432,Hough transform baseline,4,4,0,0.9817585301837272,0.9629629629629631,0.9921259842519685,1.0,1.0,1,1,230,0,76,16078,0.9999999999956523,0.7516339869256483,0.8582089547307307,0.9953613281249393,0.7516339869256483
small,2000,433,Hough transform baseline,3,5,2,0.49692199775533114,0.7267676767676768,0.5493827160493827,0.0,0.6,0,2,256,40,296,15792,0.864864864861943,0.46376811594118883,0.6037735844498041,0.9794921874999402,0.432432432431702
small,2000,434,Hough transform baseline,1,1,0,1.0,1.0,1.0,1.0,1.0,0,0,60,0,0,16324,0.9999999999833334,0.9999999999833334,0.9999999994833335,0.9999999999999389,0.9999999999833334
small,2000,435,Hough transform baseline,5,7,2,0.5591020408824057,0.8108561460010735,0.613941018766756,0.0,0.7142857142857143,1,4,300,40,172,15872,0.8823529411738754,0.6355932203376364,0.7389162556690285,0.9870605468749397,0.5859374999988556
small,2000,436,Hough transform baseline,1,3,2,0.6817156862745098,0.65,0.5294117647058824,1.0,0.33333333333333337,0,0,37,0,26,16321,0.9999999999729731,0.5873015872922651,0.739999999519,0.998413085937439,0.5873015872922651
small,2000,437,Hough transform baseline,5,6,1,0.581264986115105,0.7502246094874999,0.8016528925619835,0.0,0.8333333333333334,0,1,221,2,410,15751,0.9910313901300851,0.3502377179075274,0.5175644024232158,0.9748535156249405,0.34913112164241844
small,2000,438,Hough transform baseline,5,6,1,0.6676394456482485,0.8790527065527065,0.9436619718309859,0.0,0.8333333333333334,0,1,360,0,458,15566,0.9999999999972222,0.44009779951046446,0.6112054325117247,0.9720458984374406,0.44009779951046446
small,2000,439,Hough transform baseline,2,2,0,1.0,1.0,1.0,1.0,1.0,0,0,42,0,38,16304,0.9999999999761906,0.5249999999934375,0.6885245897011556,0.997680664062439,0.5249999999934375
small,2000,440,Hough transform baseline,2,2,0,0.9634837962962962,0.9270833333333333,0.9814814814814815,1.0,1.0,0,0,110,0,66,16208,0.999999999990909,0.624999999996449,0.7692307687520172,0.9959716796874392,0.624999999996449
small,2000,441,Hough transform baseline,2,2,0,0.9494528391500141,0.9033592503987241,0.9647058823529412,1.0,1.0,0,0,73,1,144,16166,0.9864864864731555,0.33640552995236683,0.5017182126757125,0.9911499023436895,0.33486238531956486
small,2000,442,Hough transform baseline,3,4,1,0.5503795220166967,0.6954742547425475,0.8120805369127517,0.0,0.75,0,1,142,4,244,15994,0.9726027397193658,0.36787564766744074,0.5338345860659166,0.9848632812499398,0.3641025641016305
small,2000,443,Hough transform baseline,4,7,3,0.5344005963102194,0.6903113157967528,0.7830882352941176,0.039999999999999994,0.5714285714285714,1,5,232,28,430,15694,0.8923076923042604,0.3504531722049087,0.5032537956894048,0.9720458984374406,0.3362318840574837
small,2000,444,Hough transform baseline,3,3,0,0.9635841170323929,0.9292929292929293,0.9770114942528736,1.0,1.0,0,0,90,0,46,16248,0.9999999999888889,0.661764705877487,0.7964601765048164,0.9971923828124392,0.661764705877487
small,2000,445,Hough transform baseline,5,6,1,0.7335721743672481,0.8743024887677319,0.8673469387755102,0.3333333333333333,0.8333333333333334,1,3,267,6,360,15751,0.9780219780183955,0.4258373205734835,0.5933333329093703,0.9776611328124403,0.42180094786663225
small,2000,446,Hough transform baseline,5,9,4,0.5255835887049531,0.743246717422487,0.6778350515463918,0.0,0.5555555555555556,0,5,302,20,456,15606,0.9378881987548513,0.39841688654301,0.5592592588397118,0.9709472656249407,0.3881748071974445
small,2000,447,Hough transform baseline,4,6,2,0.5702839787477205,0.7718283894754483,0.7814726840855106,0.0,0.6666666666666667,0,7,354,50,350,15630,0.8762376237602073,0.5028409090901949,0.6389891692105918,0.9755859374999404,0.4694960212195365
small,2000,448,Hough transform baseline,1,1,0,0.9548006379585326,0.9151515151515152,0.9649122807017544,1.0,1.0,0,0,41,0,81,16262,0.9999999999756098,0.33606557376773716,0.503067484279875,0.9950561523436893,0.33606557376773716
small,2000,449,Hough transform baseline,4,4,0,0.6504099462365591,0.9125,0.6989247311827957,0.0,1.0,0,1,136,53,106,16089,0.7195767195729124,0.5619834710720579,0.6310904867436115,0.9902954101561895,0.4610169491509796
small,2000,450,Hough transform baseline,4,5,1,0.6306516416932777,0.8028436911487759,0.9468599033816425,0.0,0.8,1,0,196,5,198,15985,0.9751243781046014,0.4974619289327476,0.658823528962158,0.9876098632811897,0.49122807017420744
small,2000,451,Hough transform baseline,4,4,0,0.9921345752037903,0.9862096138691884,0.991701244813278,1.0,1.0,0,0,234,0,190,15960,0.9999999999957265,0.5518867924515286,0.7112462001474303,0.9884033203124396,0.5518867924515286
small,2000,452,Hough transform baseline,4,5,1,0.5888495141367585,0.7525848416289592,0.8509316770186335,0.0,0.8,0,1,123,4,364,15893,0.968503937000248,0.25256673511241773,0.4006514654686256,0.9775390624999403,0.2505091649689399
small,2000,453,Hough transform baseline,3,4,1,0.3268136335209506,0.23076923076923078,0.7398373983739837,0.0,0.75,1,2,101,8,88,16187,0.926605504578655,0.5343915343887069,0.6778523485247736,0.9941406249999393,0.5126903553273467
small,2000,454,Hough transform baseline,1,2,1,0.8163188405797102,0.7866666666666666,0.8115942028985508,1.0,0.5,0,0,71,0,106,16207,0.9999999999859155,0.40112994350055864,0.5725806447480164,0.9935302734374394,0.40112994350055864
small,2000,455,Hough transform baseline,4,4,0,0.6728201219512195,0.9125,0.8109756097560976,0.0,1.0,0,1,139,28,94,16123,0.8323353293363334,0.5965665236025899,0.6949999995101375,0.9925537109374394,0.5325670498063887
small,2000,456,Hough transform baseline,5,6,1,0.5997355203517124,0.7173967095706226,0.7178683385579938,0.2,0.8333333333333334,1,4,257,56,430,15641,0.8210862619782074,0.37409024745214836,0.5139999995689101,0.9703369140624407,0.34589502018795976
small,2000,457,Hough transform baseline,2,3,1,0.7697322128042124,0.8947701149425287,0.8770949720670391,0.5,0.6666666666666667,1,2,180,0,100,16104,0.9999999999944446,0.642857142854847,0.7826086951724007,0.9938964843749393,0.642857142854847
small,2000,458,Hough transform baseline,2,2,0,0.8878005952380952,0.76125,0.9761904761904762,1.0,1.0,0,0,39,0,30,16315,0.9999999999743591,0.5652173912961562,0.7222222217474279,0.998168945312439,0.5652173912961562
small,2000,459,Hough transform baseline,5,6,1,0.6951341481823643,0.8163557754785824,0.7472035794183445,0.38,0.8333333333333334,4,10,332,68,121,15863,0.8299999999979251,0.7328918322279627,0.7784290733570806,0.9884643554686896,0.637236084451752
small,2000,460,Hough transform baseline,3,4,1,0.5310920494373732,0.7193732193732193,0.6618705035971223,0.0,0.75,0,2,107,4,58,16215,0.9639639639552796,0.6484848484809184,0.775362318354101,0.9962158203124392,0.6331360946708099
small,2000,461,Hough transform baseline,1,1,0,1.0,1.0,1.0,1.0,1.0,0,0,22,0,18,16344,0.9999999999545455,0.54999999998625,0.7096774188740894,0.998901367187439,0.54999999998625
small,2000,462,Hough transform baseline,3,3,0,0.5465408805031446,0.7407407407407407,0.5660377358490566,0.0,1.0,0,1,99,62,150,16073,0.6149068322943174,0.3975903614441864,0.4829268287889708,0.9870605468749397,0.3183279742755038
small,2000,463,Hough transform baseline,5,6,1,0.6468367650423245,0.7181796690307328,0.7516129032258064,0.36,0.8333333333333334,2,5,228,52,268,15836,0.8142857142828062,0.45967741935391193,0.5876288655166064,0.9804687499999402,0.4160583941598247
small,2000,464,Hough transform baseline,5,5,0,0.8096073051579186,0.8647942386831275,0.9355828220858896,0.5333333333333333,1.0,2,3,298,16,279,15791,0.9490445859842388,0.5164644714029177,0.6689113351200646,0.98199462890619,0.5025295109603667
small,2000,465,Hough transform baseline,1,1,0,0.9692547969656403,0.9423868312757202,0.9759036144578314,1.0,1.0,0,0,84,0,164,16136,0.9999999999880952,0.3387096774179891,0.5060240960044999,0.9899902343749396,0.3387096774179891
small,2000,466,Hough transform baseline,3,3,0,0.7766818181818181,0.8481818181818181,0.975,0.4,1.0,1,1,66,0,80,16238,0.9999999999848485,0.45205479451745173,0.622641508999288,0.9951171874999393,0.45205479451745173
small,2000,467,Hough transform baseline,3,3,0,0.8506555944055944,0.7613636363636364,0.7902097902097902,1.0,1.0,0,0,103,30,125,16126,0.7744360902197411,0.45175438596293094,0.5706371186450381,0.9905395507811895,0.399224806200003
small,2000,468,Hough transform baseline,3,5,2,0.509157253003407,0.6430976430976432,0.7988165680473372,0.0,0.6,0,3,156,9,272,15947,0.9454545454488155,0.3644859813075596,0.5261382795291213,0.9828491210936899,0.35697940503350806
small,2000,469,Hough transform baseline,5,7,2,0.535644117983227,0.6883557800224467,0.7722772277227723,0.0,0.7142857142857143,0,2,273,16,255,15840,0.9446366781974235,0.5170454545444753,0.668298653151923,0.9834594726561899,0.5018382352931952
small,2000,470,Hough transform baseline,4,4,0,0.9915346430080271,0.9845679012345678,0.9923954372623575,1.0,1.0,2,2,255,0,214,15915,0.9999999999960785,0.5437100213208024,0.7044198890445004,0.9869384765624397,0.5437100213208024
small,2000,471,Hough transform baseline,5,6,1,0.7000373999682107,0.8618303544671007,0.727735368956743,0.3333333333333333,0.8333333333333334,2,6,288,59,429,15608,0.8299711815538041,0.4016736401668038,0.541353383018092,0.9702148437499407,0.37113402061807843
small,2000,472,Hough transform baseline,2,2,0,1.0,1.0,1.0,1.0,1.0,0,0,123,0,0,16261,0.9999999999918698,0.9999999999918698,0.9999999994918698,0.9999999999999389,0.9999999999918698
small,2000,473,Hough transform baseline,2,3,1,0.43833333333333335,0.5,0.7333333333333334,0.0,0.6666666666666667,0,1,56,0,22,16306,0.999999999982143,0.7179487179395134,0.8358208950233905,0.998657226562439,0.7179487179395134
small,2000,474,Hough transform baseline,4,5,1,0.6666931283460376,0.6543588665065745,0.8361581920903955,0.5,0.8,1,2,171,0,292,15921,0.9999999999941521,0.3693304535629172,0.5394321762605111,0.98217773437494,0.3693304535629172
small,2000,475,Hough transform baseline,5,5,0,0.9812578454958568,0.9652413793103449,0.9844961240310077,1.0,1.0,3,3,260,0,222,15902,0.9999999999961539,0.5394190871358103,0.700808624879796,0.9864501953124397,0.5394190871358103
small,2000,476,Hough transform baseline,1,1,0,1.0,1.0,1.0,1.0,1.0,0,0,98,0,0,16286,0.9999999999897958,0.9999999999897958,0.9999999994897959,0.9999999999999389,0.9999999999897958
small,2000,477,Hough transform baseline,1,2,1,0.19340909090909092,0.11666666666666667,0.4545454545454546,0.0,0.5,0,1,35,0,34,16315,0.9999999999714286,0.5072463768042428,0.6730769226174186,0.997924804687439,0.5072463768042428
small,2000,478,Hough transform baseline,4,4,0,0.7861144935594476,0.8473288439955106,0.8990825688073394,0.5,1.0,1,2,187,12,228,15957,0.9396984924575895,0.45060240963746845,0.6091205207325329,0.9853515624999398,0.43793911006923203
small,2000,479,Hough transform baseline,5,5,0,0.9515151515151514,0.9009704892057833,0.9803921568627451,1.0,1.0,2,2,184,0,102,16098,0.9999999999945652,0.6433566433543939,0.7829787229244725,0.9937744140624393,0.6433566433543939
small,2000,480,Hough transform baseline,2,2,0,0.91125,0.825,0.95,1.0,1.0,0,0,42,0,30,16312,0.9999999999761906,0.5833333333252314,0.7368421047848568,0.998168945312439,0.5833333333252314
small,2000,481,Hough transform baseline,3,3,0,0.9812228878330923,0.966903073286052,0.9805825242718447,1.0,1.0,1,1,105,0,94,16185,0.9999999999904762,0.5276381909521225,0.6907894732274715,0.9942626953124393,0.5276381909521225
small,2000,482,Hough transform baseline,5,5,0,0.992312462742534,0.9866514111365369,0.9915966386554622,1.0,1.0,0,0,233,0,158,15993,0.9999999999957082,0.5959079283872227,0.7467948713245346,0.9903564453124395,0.5959079283872227
small,2000,483,Hough transform baseline,2,2,0,0.6417418032786885,0.825,0.8524590163934427,0.0,1.0,0,1,108,15,142,16119,0.8780487804806663,0.43199999999827204,0.5790884714047252,0.9904174804686895,0.40754716980978284
small,2000,484,Hough transform baseline,2,2,0,0.5401685886564914,0.7073989071038251,0.6091954022988506,0.0,1.0,0,1,92,43,209,16040,0.6814814814764335,0.30564784053054606,0.4220183481943966,0.9846191406249398,0.2674418604643388
small,2000,485,Hough transform baseline,4,5,1,0.7781381860299359,0.6971376811594203,0.6721311475409837,1.0,0.8,0,0,160,19,233,15972,0.8938547485983585,0.4071246819328063,0.5594405590085884,0.9846191406249398,0.3883495145621642
small,2000,486,Hough transform baseline,2,2,0,0.9557931034482758,0.9195402298850575,0.96,1.0,1.0,0,0,52,0,60,16272,0.9999999999807693,0.46428571428156884,0.6341463410226056,0.9963378906249392,0.46428571428156884
small,2000,487,Hough transform baseline,2,2,0,0.9735779418150239,0.950354609929078,0.9795918367346939,1.0,1.0,0,0,100,0,96,16188,0.99999999999,0.51020408163005,0.6756756752237034,0.9941406249999393,0.51020408163005
small,2000,488,Hough transform baseline,4,4,0,0.7361217948717949,0.825,0.9076923076923077,0.3333333333333333,1.0,1,3,302,24,156,15902,0.9263803680953179,0.65938864628677,0.7704081627775146,0.9890136718749396,0.6265560165962105
small,2000,489,Hough transform baseline,4,4,0,1.0,1.0,1.0,1.0,1.0,0,0,238,0,0,16146,0.9999999999957984,0.9999999999957984,0.9999999994957984,0.9999999999999389,0.9999999999957984
small,2000,490,Hough transform baseline,4,4,0,1.0,1.0,1.0,1.0,1.0,0,0,202,0,0,16182,0.9999999999950495,0.9999999999950495,0.9999999994950495,0.9999999999999389,0.9999999999950495
small,2000,491,Hough transform baseline,4,5,1,0.4806121716993364,0.5843131973836091,0.6883561643835616,0.0,0.8,0,2,247,39,384,15714,0.863636363633344,0.3914421553084129,0.5387131947713432,0.9741821289061905,0.3686567164173602
small,2000,492,Hough transform baseline,3,3,0,0.9723856729318038,0.950408191504082,0.9735099337748344,1.0,1.0,0,0,154,0,264,15966,0.9999999999935065,0.3684210526306976,0.5384615380661646,0.9838867187499399,0.3684210526306976
small,2000,493,Hough transform baseline,2,3,1,0.41882092198581555,0.5083333333333333,0.6170212765957447,0.0,0.6666666666666667,0,1,43,0,24,16317,0.9999999999767443,0.6417910447665404,0.7818181813277686,0.998535156249939,0.6417910447665404
small,2000,494,Hough transform baseline,3,6,3,0.4676892697466468,0.6377943368107303,0.6534090909090908,0.0,0.5,0,2,132,1,228,16023,0.9924812030000566,0.3666666666656482,0.535496957007484,0.9860229492186898,0.365650969528073
small,2000,495,Hough transform baseline,1,1,0,1.0,1.0,1.0,1.0,1.0,0,0,78,0,0,16306,0.9999999999871795,0.9999999999871795,0.9999999994871795,0.9999999999999389,0.9999999999871795
small,2000,496,Hough transform baseline,3,4,1,0.5160386974988203,0.6747008547008548,0.6871165644171779,0.0,0.75,0,1,132,23,201,16028,0.8516129032203122,0.396396396395206,0.5409836061216826,0.9863281249999398,0.37078651685289105
small,2000,497,Hough transform baseline,3,6,3,0.45902928032054247,0.706484820465403,0.4555555555555556,0.0,0.5,0,4,237,91,278,15778,0.7225609756075532,0.46019417475638796,0.5622775795944439,0.9774780273436903,0.39108910891024573
small,2000,498,Hough transform baseline,5,5,0,0.989170596887791,0.9806502506731339,0.9893899204244032,1.0,1.0,3,3,360,2,398,15624,0.9944751381187998,0.4749340369386874,0.6428571424185012,0.9755859374999404,0.47368421052569254
small,2000,499,Hough transform baseline,3,3,0,0.9097238895558224,0.803921568627451,0.9897959183673469,1.0,1.0,1,1,174,0,81,16129,0.9999999999942529,0.6823529411737947,0.8111888107028542,0.9950561523436893,0.6823529411737947
small,2000,500,Hough transform baseline,5,7,2,0.6679315110968054,0.8805443519375065,0.7155756207674944,0.2285714285714286,0.7142857142857143,2,7,372,60,392,15560,0.8611111111091179,0.4869109947637606,0.6220735781328061,0.9724121093749406,0.4514563106790638
small,2000,501,Hough transform baseline,2,3,1,0.9312676371395141,0.9798850574712643,0.8682634730538922,1.0,0.6666666666666667,0,0,149,0,238,15997,0.9999999999932887,0.38501291989564596,0.555970148850238,0.9854736328124398,0.38501291989564596
small,2000,502,Hough transform baseline,5,9,4,0.5635037446992317,0.7257840788182784,0.7281553398058253,0.14285714285714285,0.5555555555555556,1,7,349,36,567,15432,0.906493506491152,0.38100436681181116,0.5365103762158264,0.9631958007811912,0.36659663865507713
small,2000,503,Hough transform baseline,5,6,1,0.6259928506345683,0.8565339243651924,0.786096256684492,0.0,0.8333333333333334,0,1,291,58,417,15618,0.8338108882497599,0.41101694915196185,0.5506149475225773,0.9710083007811907,0.3798955613572064
small,2000,504,Hough transform baseline,3,4,1,0.5778688405797101,0.7512640901771337,0.8240000000000001,0.0,0.75,0,1,120,0,205,16059,0.9999999999916667,0.36923076922963316,0.5393258423003155,0.9874877929686897,0.36923076922963316
small,2000,505,Hough transform baseline,1,1,0,0.927124183006536,0.8627450980392158,0.9444444444444444,1.0,1.0,0,0,37,0,70,16277,0.9999999999729731,0.3457943925201328,0.5138888884999037,0.9957275390624392,0.3457943925201328
small,2000,506,Hough transform baseline,1,1,0,0.9249350649350648,0.8585858585858585,0.9428571428571428,1.0,1.0,0,0,36,0,68,16280,0.9999999999722223,0.34615384615051775,0.5142857138963265,0.9958496093749392,0.34615384615051775
small,2000,507,Hough transform baseline,4,4,0,0.6708910781841109,0.826631054131054,0.994535519125683,0.0,1.0,1,0,184,3,266,15931,0.9839572192460752,0.40888888888798025,0.577708005862853,0.9835815429686899,0.406181015451642
small,2000,508,Hough transform baseline,3,3,0,0.9568696468708128,0.9148642755094367,0.9759036144578314,1.0,1.0,0,0,159,1,225,15999,0.9937499999937891,0.41406249999892175,0.5845588231120378,0.9862060546874398,0.4129870129859403
small,2000,509,Hough transform baseline,5,7,2,0.4860259320325693,0.5103146853146854,0.9247787610619469,0.0,0.7142857142857143,3,1,203,6,390,15785,0.9712918660240608,0.34232715008373976,0.506234413578451,0.9758300781249404,0.3388981636054442
small,2000,510,Hough transform baseline,4,5,1,0.639083538083538,0.8628282828282827,0.854054054054054,0.0,0.8,0,1,167,0,84,16133,0.999999999994012,0.665338645415676,0.7990430617173255,0.9948730468749393,0.665338645415676
small,2000,511,Hough transform baseline,3,3,0,1.0,1.0,1.0,1.0,1.0,0,0,97,0,10,16277,0.9999999999896907,0.906542056066294,0.9509803916487408,0.9993896484374389,0.906542056066294
small,2000,512,Hough transform baseline,1,1,0,0.9116666666666666,0.8333333333333334,0.9333333333333333,1.0,1.0,0,0,31,0,62,16291,0.9999999999677419,0.33333333332974907,0.4999999996169354,0.9962158203124392,0.33333333332974907
small,2000,513,Hough transform baseline,1,1,0,0.902626893939394,0.7970833333333334,0.9696969696969697,1.0,1.0,0,0,67,0,134,16183,0.9999999999850746,0.333333333331675,0.4999999996212686,0.9918212890624394,0.333333333331675
small,2000,514,Hough transform baseline,1,1,0,1.0,1.0,1.0,1.0,1.0,0,0,100,0,0,16284,0.99999999999,0.99999999999,0.99999999949,0.9999999999999389,0.99999999999
small,2000,515,Hough transform baseline,4,4,0,0.832039616396412,0.9109971273455619,0.9854545454545455,0.5,1.0,2,1,278,0,484,15622,0.9999999999964029,0.36482939632498057,0.5346153842226479,0.9704589843749407,0.36482939632498057
small,2000,516,Hough transform baseline,5,7,2,0.6611959567914624,0.8961797752808988,0.9324324324324325,0.0,0.7142857142857143,0,2,277,24,231,15852,0.9202657807278397,0.5452755905501078,0.684796044030424,0.9844360351561899,0.5206766917283446
small,2000,517,Hough transform baseline,3,5,2,0.8877631578947369,0.8833333333333333,0.9013157894736842,1.0,0.6,0,0,157,0,23,16204,0.9999999999936307,0.8722222222173766,0.931750741336562,0.998596191406189,0.8722222222173766
small,2000,518,Hough transform baseline,3,3,0,0.9527101163233123,0.9067949109026666,0.9732620320855615,1.0,1.0,0,0,185,0,348,15851,0.9999999999945947,0.34709193245713493,0.5153203338778601,0.9787597656249403,0.34709193245713493
small,2000,519,Hough transform baseline,2,2,0,1.0,1.0,1.0,1.0,1.0,0,0,85,0,116,16183,0.9999999999882353,0.4228855721371996,0.5944055939836911,0.9929199218749394,0.4228855721371996
small,2000,520,Hough transform baseline,1,1,0,1.0,1.0,1.0,1.0,1.0,0,0,104,0,0,16280,0.9999999999903846,0.9999999999903846,0.9999999994903845,0.9999999999999389,0.9999999999903846
small,2000,521,Hough transform baseline,5,8,3,0.5891788751017438,0.7703678310375497,0.7214953271028037,0.14285714285714285,0.625,1,7,443,79,743,15119,0.8486590038297919,0.3735244519389768,0.5187353625726173,0.949829101562442,0.35019762845822117
small,2000,522,Hough transform baseline,2,3,1,0.8700633583021224,0.8439679567207659,0.8680555555555556,1.0,0.6666666666666667,0,0,131,0,258,15995,0.9999999999923664,0.33676092544900577,0.5038461534673003,0.9842529296874399,0.33676092544900577
small,2000,523,Hough transform baseline,3,4,1,0.6044591567852438,0.7334782608695652,0.49696969696969695,0.4,0.75,1,2,92,75,160,16057,0.5508982035895156,0.3650793650779164,0.43914081097432806,0.9856567382811898,0.2813455657483751
small,2000,524,Hough transform baseline,3,3,0,1.0,1.0,1.0,1.0,1.0,0,0,128,0,0,16256,0.9999999999921876,0.9999999999921876,0.9999999994921875,0.9999999999999389,0.9999999999921876
small,2000,525,Hough transform baseline,3,3,0,0.6392594178082192,0.8407153729071537,0.8046875,0.0,1.0,0,2,215,42,298,15829,0.8365758754831262,0.41910331383933896,0.5584415579953753,0.9792480468749402,0.3873873873866894
small,2000,526,Hough transform baseline,2,2,0,0.979039408866995,0.9597701149425287,0.9857142857142858,1.0,1.0,0,0,142,0,118,16124,0.9999999999929579,0.5461538461517456,0.706467661231108,0.9927978515624394,0.5461538461517456
small,2000,527,Hough transform baseline,2,2,0,0.5905919162129462,0.712171052631579,0.8505747126436781,0.0,1.0,0,1,66,10,115,16193,0.8684210526201523,0.364640883975886,0.5136186766222653,0.9923706054686894,0.34554973821808616
small,2000,528,Hough transform baseline,5,10,5,0.5113138255858218,0.7332813466962402,0.539039039039039,0.09411764705882353,0.5,2,17,427,154,518,15285,0.7349397590348796,0.4518518518513737,0.5596330270506511,0.9589843749999415,0.38853503184678023
small,2000,529,Hough transform baseline,4,6,2,0.542854279431884,0.7576655945047158,0.6761904761904762,0.0,0.6666666666666667,0,3,275,16,318,15775,0.9450171821273368,0.46374367622181495,0.622171945258305,0.9796142578124402,0.45155993431781355
small,2000,530,Hough transform baseline,5,9,4,0.5263078394791533,0.7869329786483783,0.5831622176591376,0.0,0.5555555555555556,0,4,290,104,425,15565,0.7360406091351878,0.40559440559383836,0.5229936875481611,0.9677124023436909,0.35409035408992173
small,2000,531,Hough transform baseline,3,5,2,0.46310966705607476,0.6071180555555555,0.6495327102803738,0.0,0.6,0,3,162,30,225,15967,0.8437499999956055,0.41860465116170903,0.5595854917827593,0.9844360351561899,0.3884892086321619
small,2000,532,Hough transform baseline,2,2,0,0.8987068965517242,0.8055555555555556,0.9310344827586207,1.0,1.0,0,0,60,0,112,16212,0.9999999999833334,0.3488372093002975,0.5172413789224138,0.9931640624999394,0.3488372093002975
small,2000,533,Hough transform baseline,2,2,0,0.9,0.7916666666666667,0.96875,1.0,1.0,0,0,52,0,98,16234,0.9999999999807693,0.3466666666643556,0.5148514847611019,0.9940185546874393,0.3466666666643556
small,2000,534,Hough transform baseline,4,4,0,0.6642032424512677,0.894503546099291,0.8083832335329342,0.0,1.0,0,1,130,26,151,16077,0.8333333333279915,0.46263345195564903,0.5949656745953952,0.9891967773436896,0.4234527687282624
small,2000,535,Hough transform baseline,3,3,0,0.7842122990004345,0.8170819450480468,0.9576271186440678,0.5,1.0,2,1,115,0,198,16071,0.9999999999913043,0.36741214057390603,0.5373831771745894,0.9879150390624397,0.36741214057390603
small,2000,536,Hough transform baseline,4,9,5,0.6235841300119506,0.8934143329337838,0.5855161787365177,0.23999999999999996,0.4444444444444444,4,15,461,106,511,15306,0.8130511463830458,0.47427983539045854,0.5990903179224114,0.9623413085936913,0.4276437847862452
small,2000,537,Hough transform baseline,4,4,0,0.9691684210526316,0.9385964912280702,0.984,1.0,1.0,0,0,129,0,40,16215,0.9999999999922481,0.763313609462939,0.865771811583735,0.997558593749939,0.763313609462939
small,2000,538,Hough transform baseline,1,1,0,0.6931241830065359,0.34274509803921555,0.9444444444444444,1.0,1.0,0,0,15,0,26,16343,0.9999999999333333,0.36585365852766216,0.5357142853029336,0.998413085937439,0.36585365852766216
small,2000,539,Hough transform baseline,2,2,0,0.9806159420289855,0.9661835748792271,0.9791666666666666,1.0,1.0,0,0,98,0,140,16146,0.9999999999897958,0.41176470588062286,0.5833333329166667,0.9914550781249395,0.41176470588062286
small,2000,540,Hough transform baseline,2,2,0,0.9450000000000001,0.8962962962962964,0.9583333333333334,1.0,1.0,0,0,98,0,188,16098,0.9999999999897958,0.34265734265614456,0.5104166662838541,0.9885253906249396,0.34265734265614456
small,2000,541,Hough transform baseline,2,2,0,1.0,1.0,1.0,1.0,1.0,0,0,138,0,0,16246,0.9999999999927537,0.9999999999927537,0.9999999994927538,0.9999999999999389,0.9999999999927537
small,2000,542,Hough transform baseline,3,3,0,0.9472297828585254,0.8933782267115601,0.9760479041916168,1.0,1.0,0,0,170,0,194,16020,0.9999999999941177,0.467032967031684,0.6367041194137945,0.9881591796874397,0.467032967031684
small,2000,543,Hough transform baseline,5,6,1,0.6227351827530856,0.7682403460579078,0.8018018018018018,0.13333333333333333,0.8333333333333334,1,3,202,9,165,16008,0.9573459715594439,0.5504087193445493,0.6989619372502663,0.9893798828124396,0.5372340425517627
small,2000,544,Hough transform baseline,3,5,2,0.7667181411459085,0.9769888231426693,0.9186991869918699,0.3333333333333333,0.6,1,3,116,0,175,16093,0.9999999999913792,0.3986254295518948,0.5700245696142083,0.9893188476561896,0.3986254295518948
small,2000,545,Hough transform baseline,5,6,1,0.5362513221763385,0.7641860465116279,0.5451713395638629,0.0,0.8333333333333334,1,1,190,114,80,16000,0.6249999999979441,0.7037037037010975,0.6620209054227925,0.9881591796874397,0.49479166666537816
small,2000,546,Hough transform baseline,2,2,0,0.9652264150943396,0.9311111111111111,0.9811320754716981,1.0,1.0,0,0,100,2,79,16203,0.9803921568531334,0.558659217873974,0.7117437717744709,0.9950561523436893,0.5524861878422515
small,2000,547,Hough transform baseline,2,2,0,0.5646296656099805,0.6825541125541125,0.7874015748031495,0.0,1.0,0,1,97,21,142,16124,0.8220338982981183,0.4058577405840759,0.543417366501173,0.9900512695311895,0.3730769230754882
small,2000,548,Hough transform baseline,3,5,2,0.8888144698902993,0.9134265734265734,0.8388625592417062,1.0,0.6,0,0,216,0,294,15874,0.9999999999953704,0.42352941176387543,0.5950413218944061,0.98205566406244,0.42352941176387543
small,2000,549,Hough transform baseline,1,1,0,1.0,1.0,1.0,1.0,1.0,0,0,74,0,0,16310,0.9999999999864865,0.9999999999864865,0.9999999994864865,0.9999999999999389,0.9999999999864865
small,2000,550,Hough transform baseline,3,3,0,0.7115885478158205,0.8143526170798897,0.8506493506493507,0.3,1.0,1,2,117,14,45,16208,0.8931297709855487,0.7222222222177641,0.7986348117868349,0.9963989257811892,0.6647727272689502
small,2000,551,Hough transform baseline,5,7,2,0.7815608999355735,0.8409090909090909,0.9086161879895561,0.6,0.7142857142857143,1,1,348,26,296,15714,0.930481283419972,0.5403726708066143,0.6836935162332397,0.9803466796874402,0.5194029850738516
small,2000,552,Hough transform baseline,1,1,0,0.8465277777777778,0.7083333333333334,0.8888888888888888,1.0,1.0,0,0,19,0,34,16331,0.9999999999473684,0.3584905660309719,0.5277777773746142,0.997924804687439,0.3584905660309719
small,2000,553,Hough transform baseline,5,5,0,0.6706711133069829,0.8324677938808374,0.7303030303030302,0.2,1.0,1,5,241,57,319,15767,0.8087248322120513,0.4303571428563744,0.561771561316875,0.9770507812499404,0.39059967585025834
small,2000,554,Hough transform baseline,3,3,0,0.9669248433562543,0.9361614876515797,0.9782608695652174,1.0,1.0,0,0,203,0,397,15784,0.9999999999950739,0.33833333333276944,0.5056039846769942,0.9757690429686904,0.33833333333276944
small,2000,555,Hough transform baseline,4,4,0,0.9486190363087055,0.8968850876016414,0.975103734439834,1.0,1.0,0,0,245,0,380,15759,0.9999999999959184,0.3919999999993728,0.5632183903986919,0.9768066406249404,0.3919999999993728
small,2000,556,Hough transform baseline,2,3,1,0.784668818747011,0.7343137254901961,0.6878048780487804,1.0,0.6666666666666667,0,0,162,29,94,16099,0.848167539262575,0.6328124999975281,0.7248322142724302,0.9924926757811894,0.5684210526295845
small,2000,557,Hough transform baseline,3,3,0,0.8915021302495435,0.7811158449989857,0.95,1.0,1.0,0,0,123,0,208,16053,0.9999999999918698,0.37160120845809186,0.5418502198668806,0.9873046874999397,0.37160120845809186
small,2000,558,Hough transform baseline,3,3,0,0.9282330097087379,0.8577777777777779,0.9611650485436893,1.0,1.0,0,0,106,0,132,16146,0.999999999990566,0.4453781512586329,0.6162790693374798,0.9919433593749394,0.4453781512586329
small,2000,559,Hough transform baseline,2,3,1,0.49130594779632,0.6238596491228069,0.7195121951219512,0.0,0.6666666666666667,0,1,79,1,108,16196,0.9874999999876563,0.42245989304586923,0.5917602992013354,0.9933471679686894,0.4202127659552117
small,2000,560,Hough transform baseline,3,5,2,0.5801748776009792,0.8633515798540278,0.6583333333333333,0.0,0.6,0,1,172,44,329,15839,0.7962962962926098,0.34331337325280775,0.47977684755534555,0.9772338867186904,0.3155963302746503
small,2000,561,Hough transform baseline,3,3,0,0.9251979282278949,0.8505446623093682,0.9622641509433962,1.0,1.0,0,0,109,0,102,16173,0.9999999999908257,0.5165876777226702,0.681249999546543,0.9937744140624393,0.5165876777226702
small,2000,562,Hough transform baseline,2,2,0,0.9324956293706294,0.8701923076923076,0.9545454545454546,1.0,1.0,0,0,82,1,149,16152,0.9879518072170126,0.3549783549768183,0.5222929932383261,0.9908447265624395,0.3534482758605455
small,2000,563,Hough transform baseline,4,5,1,0.6157426188866353,0.8687000726216413,0.7241379310344828,0.0,0.8,0,1,250,49,349,15736,0.8361204013349963,0.4173622704500545,0.5567928726057881,0.9757080078124404,0.3858024691352071
small,2000,564,Hough transform baseline,2,4,2,0.3850412087912088,0.5318376068376068,0.47857142857142854,0.0,0.5,0,2,105,28,114,16137,0.7894736842045905,0.4794520547923313,0.5965909086173651,0.9913330078124395,0.42510121457317773
small,2000,565,Hough transform baseline,4,5,1,0.7324634995507637,0.9020502645502645,0.7327044025157232,0.4,0.8,2,4,238,65,232,15849,0.7854785478521932,0.5063829787223268,0.615782664463529,0.98187255859369,0.44485981308328065
small,2000,566,Hough transform baseline,2,3,1,0.8898395341802783,0.8947701149425287,0.8526315789473684,1.0,0.6666666666666667,0,0,98,0,109,16177,0.9999999999897958,0.4734299516885342,0.6426229503793174,0.9933471679686894,0.4734299516885342
small,2000,567,Hough transform baseline,2,2,0,0.968329637841833,0.943089430894309,0.9696969696969697,1.0,1.0,0,0,68,0,84,16232,0.9999999999852941,0.4473684210496884,0.6181818177490909,0.9948730468749393,0.4473684210496884
small,2000,568,Hough transform baseline,2,2,0,1.0,1.0,1.0,1.0,1.0,0,0,121,0,0,16263,0.9999999999917355,0.9999999999917355,0.9999999994917355,0.9999999999999389,0.9999999999917355
small,2000,569,Hough transform baseline,3,6,3,0.2637778280179257,0.22763915962746373,0.5567010309278351,0.0,0.5,1,7,106,45,181,16052,0.7019867549622385,0.36933797909278976,0.48401826438617834,0.9862060546874398,0.3192771084327733
small,2000,570,Hough transform baseline,4,6,2,0.5608641848347731,0.7178748266983561,0.8557692307692308,0.0,0.6666666666666667,0,1,292,0,374,15718,0.9999999999965754,0.43843843843778013,0.6096033398672077,0.9771728515624404,0.43843843843778013
small,2000,571,Hough transform baseline,1,1,0,0.9696283391405343,0.943089430894309,0.9761904761904762,1.0,1.0,0,0,85,0,170,16129,0.9999999999882353,0.33333333333202614,0.49999999962205877,0.9896240234374396,0.33333333333202614
small,2000,572,Hough transform baseline,5,7,2,0.701995586597722,0.8217393365414675,0.803921568627451,0.4,0.7142857142857143,1,2,293,9,428,15654,0.9701986754934762,0.4063800277386874,0.5728250240206856,0.9733276367186906,0.4013698630131488
small,2000,573,Hough transform baseline,3,3,0,0.9446860808090266,0.8938516680452165,0.9622641509433962,1.0,1.0,0,0,107,0,187,16090,0.9999999999906541,0.36394557823005463,0.5336658350175434,0.9885864257811896,0.36394557823005463
small,2000,574,Hough transform baseline,1,1,0,0.931140350877193,0.8703703703703705,0.9473684210526316,1.0,1.0,0,0,39,0,74,16271,0.9999999999743591,0.34513274335977756,0.5131578943485976,0.9954833984374392,0.34513274335977756
small,2000,575,Hough transform baseline,3,4,1,0.5663191865605659,0.6984615384615386,0.8850574712643678,0.0,0.75,0,1,174,0,209,16001,0.9999999999942529,0.4543080939935919,0.6247755830510976,0.9872436523436897,0.4543080939935919
small,2000,576,Hough transform baseline,5,6,1,0.660847061466096,0.8226470588235295,0.6199460916442048,0.3333333333333333,0.8333333333333334,1,3,230,87,299,15768,0.7255520504708973,0.43478260869483026,0.5437352241164009,0.9764404296874404,0.37337662337601724
small,2000,577,Hough transform baseline,3,5,2,0.8840517241379311,0.8833333333333333,0.8827586206896552,1.0,0.6,0,0,150,0,27,16207,0.9999999999933334,0.8474576271138562,0.9174311921583481,0.998352050781189,0.8474576271138562
small,2000,578,Hough transform baseline,3,3,0,0.9655652173913044,0.9323671497584541,0.98,1.0,1.0,0,0,103,0,52,16229,0.9999999999902912,0.6645161290279709,0.7984496119172224,0.9968261718749392,0.6645161290279709
small,2000,579,Hough transform baseline,1,1,0,0.9116666666666666,0.8333333333333334,0.9333333333333333,1.0,1.0,0,0,31,0,58,16295,0.9999999999677419,0.34831460673765935,0.516666666274861,0.9964599609374392,0.34831460673765935
small,2000,580,Hough transform baseline,5,7,2,0.47293156182391854,0.5123005521330294,0.8548387096774194,0.0,0.7142857142857143,2,0,160,37,317,15870,0.8121827411126286,0.33542976939133035,0.47477744765609886,0.9783935546874403,0.3112840466920014
small,2000,581,Hough transform baseline,2,2,0,0.9183730650154799,0.8290643274853802,0.9764705882352941,1.0,1.0,0,0,87,0,120,16177,0.9999999999885058,0.4202898550704334,0.5918367342731501,0.9926757812499394,0.4202898550704334
small,2000,582,Hough transform baseline,1,1,0,1.0,1.0,1.0,1.0,1.0,0,0,50,0,0,16334,0.9999999999800001,0.9999999999800001,0.9999999994800002,0.9999999999999389,0.9999999999800001
small,2000,583,Hough transform baseline,2,2,0,0.981923076923077,0.9666666666666668,0.9846153846153847,1.0,1.0,0,0,132,0,142,16110,0.9999999999924243,0.48175182481576007,0.6502463049766798,0.9913330078124395,0.48175182481576007
small,2000,584,Hough transform baseline,4,4,0,0.9902020202020202,0.9827160493827161,0.98989898989899,1.0,1.0,1,1,174,0,276,15934,0.9999999999942529,0.3866666666658074,0.5576923072883382,0.9831542968749399,0.3866666666658074
small,2000,585,Hough transform baseline,3,6,3,0.8225375893067436,0.8778032375612498,0.6376306620209059,1.0,0.5,0,0,237,0,382,15765,0.9999999999957806,0.38287560581521346,0.5537383173552903,0.9766845703124404,0.38287560581521346
small,2000,586,Hough transform baseline,3,3,0,0.9785714285714286,0.9634920634920636,0.975,1.0,1.0,1,1,191,1,299,15893,0.9947916666614856,0.3897959183665514,0.560117301646606,0.98168945312494,0.38900203665908556
small,2000,587,Hough transform baseline,1,1,0,0.8326367249602543,0.6641176470588235,0.9189189189189189,1.0,1.0,0,0,33,0,81,16270,0.9999999999696971,0.2894736842079871,0.44897959148243793,0.9950561523436893,0.2894736842079871
small,2000,588,Hough transform baseline,1,1,0,1.0,1.0,1.0,1.0,1.0,0,0,48,0,0,16336,0.9999999999791668,0.9999999999791668,0.9999999994791668,0.9999999999999389,0.9999999999791668
small,2000,589,Hough transform baseline,1,1,0,0.9726220016542597,0.9487179487179487,0.978494623655914,1.0,1.0,0,0,94,0,184,16106,0.9999999999893616,0.3381294964016614,0.5053763437056307,0.9887695312499396,0.3381294964016614
small,2000,590,Hough transform baseline,3,4,1,0.6012648499041942,0.7827530575071558,0.8701298701298701,0.0,0.75,0,1,215,19,407,15743,0.9188034187994923,0.34565916398658253,0.5023364481996844,0.9739990234374405,0.3354134165361382
small,2000,591,Hough transform baseline,1,1,0,0.9011851851851852,0.8133333333333332,0.9259259259259259,1.0,1.0,0,0,28,0,52,16304,0.9999999999642857,0.349999999995625,0.5185185181248285,0.9968261718749392,0.349999999995625
small,2000,592,Hough transform baseline,4,7,3,0.5118383102134725,0.7119268774703558,0.6716417910447761,0.0,0.5714285714285714,0,5,171,20,253,15940,0.8952879581104959,0.40330188679150164,0.5560975605455695,0.9833374023436899,0.3851351351342677
small,2000,593,Hough transform baseline,5,7,2,0.7548680369656217,0.8110952524340058,0.8422330097087378,0.6,0.7142857142857143,4,6,403,10,509,15462,0.9757869249371046,0.44188596491179616,0.6083018863624498,0.9683227539061908,0.43709327548759536
small,2000,594,Hough transform baseline,1,1,0,0.9146829810901,0.8390804597701148,0.935483870967742,1.0,1.0,0,0,32,0,64,16288,0.9999999999687501,0.3333333333298611,0.4999999996171875,0.9960937499999392,0.3333333333298611
small,2000,595,Hough transform baseline,5,7,2,0.7744535919371851,0.9239130434782609,0.8113207547169812,0.5,0.7142857142857143,1,2,229,22,123,16010,0.912350597605927,0.6505681818163336,0.7595356545695513,0.9911499023436895,0.6122994652390046
small,2000,596,Hough transform baseline,3,4,1,0.9445000000000001,0.961111111111111,0.935,1.0,0.75,0,0,204,0,74,16106,0.9999999999950981,0.7338129496376482,0.8464730285539162,0.9954833984374392,0.7338129496376482
small,2000,597,Hough transform baseline,2,2,0,0.9534507640067912,0.9059139784946236,0.9789473684210527,1.0,1.0,0,0,79,0,152,16153,0.9999999999873417,0.34199134198986153,0.5096774189717586,0.9907226562499395,0.34199134198986153
small,2000,598,Hough transform baseline,2,2,0,0.9752978978978979,0.954716049382716,0.9783783783783784,1.0,1.0,1,1,147,1,265,15971,0.9932432432365322,0.35679611650398835,0.5249999996092474,0.9837646484374399,0.3559322033889687
small,2000,599,Hough transform baseline,5,5,0,0.5586416083916084,0.7177272727272727,0.6783216783216783,0.0,1.0,0,3,199,76,164,15945,0.7236363636337323,0.5482093663896743,0.6238244509182153,0.9853515624999398,0.45330296127459385
small,2000,600,Hough transform baseline,2,3,1,0.8559190590111643,0.7942982456140351,0.9090909090909091,1.0,0.6666666666666667,0,0,113,0,176,16095,0.9999999999911504,0.39100346020625953,0.5621890543194104,0.9892578124999396,0.39100346020625953
small,2000,601,Hough transform baseline,4,5,1,0.584108045212766,0.7892708333333334,0.7446808510638299,0.0,0.8,0,2,287,31,256,15810,0.9025157232676022,0.5285451197043673,0.6666666661992632,0.98248291015619,0.4999999999991289
small,2000,602,Hough transform baseline,4,4,0,0.9916532563422945,0.9846491228070174,0.9928057553956835,1.0,1.0,1,1,281,0,152,15951,0.9999999999964413,0.6489607390285244,0.7871148454588306,0.9907226562499395,0.6489607390285244
small,2000,603,Hough transform baseline,4,7,3,0.37780673674151943,0.4081419546636938,0.56,0.09999999999999999,0.5714285714285714,1,6,186,81,287,15830,0.696629213480537,0.39323467230360837,0.5027027022400912,0.9775390624999403,0.33574007220156005
small,2000,604,Hough transform baseline,4,6,2,0.623699951138489,0.7929942463686096,0.7509293680297398,0.2,0.6666666666666667,1,5,219,51,256,15858,0.8111111111081071,0.46105263157797677,0.5879194626235287,0.98126220703119,0.41634980988514003
small,2000,605,Hough transform baseline,5,7,2,0.622792502475165,0.7871631292683925,0.673202614379085,0.25,0.7142857142857143,1,4,196,101,434,15653,0.6599326599304379,0.3111111111106173,0.4228694709767691,0.9673461914061909,0.2681258549927933
small,2000,606,Hough transform baseline,3,3,0,0.915902800810761,0.8330178326474623,0.9552238805970149,1.0,1.0,0,0,137,0,262,15985,0.9999999999927008,0.3433583959891144,0.5111940294683045,0.9840087890624399,0.3433583959891144
small,2000,607,Hough transform baseline,4,4,0,1.0,1.0,1.0,1.0,1.0,1,1,177,0,35,16172,0.9999999999943503,0.8349056603734203,0.9100257064402428,0.997863769531189,0.8349056603734203
small,2000,608,Hough transform baseline,4,4,0,0.6126282290694055,0.7347058823529412,0.91005291005291,0.0,1.0,1,1,173,13,152,16046,0.9301075268767199,0.5323076923060545,0.6771037177339547,0.9899291992186896,0.5118343195251129
small,2000,609,Hough transform baseline,4,4,0,1.0,1.0,1.0,1.0,1.0,0,0,156,0,0,16228,0.9999999999935898,0.9999999999935898,0.9999999994935898,0.9999999999999389,0.9999999999935898
small,2000,610,Hough transform baseline,5,7,2,0.9102178400137033,0.894351851851852,0.9316546762589928,1.0,0.7142857142857143,0,0,284,1,202,15897,0.996491228066679,0.5843621399164931,0.7367055767045746,0.9876098632811897,0.5831622176579402
small,2000,611,Hough transform baseline,2,2,0,0.9274784482758621,0.8541666666666667,0.9655172413793104,1.0,1.0,0,0,60,0,34,16290,0.9999999999833334,0.6382978723336351,0.7792207787350311,0.997924804687439,0.6382978723336351
small,2000,612,Hough transform baseline,3,3,0,0.9041266993875691,0.8158082497212933,0.935064935064935,1.0,1.0,0,0,69,1,154,16160,0.985714285700204,0.3094170403573569,0.4709897607252734,0.9905395507811895,0.3080357142843391
small,2000,613,Hough transform baseline,2,2,0,0.9474789915966386,0.896358543417367,0.9705882352941176,1.0,1.0,0,0,107,2,216,16059,0.981651376137783,0.33126934984417566,0.4953703699907729,0.9866943359374397,0.32923076922975625
small,2000,614,Hough transform baseline,1,1,0,0.956378233719893,0.9181286549707602,0.9661016949152542,1.0,1.0,0,0,60,0,116,16208,0.9999999999833334,0.34090909090715393,0.5084745758876759,0.9929199218749394,0.34090909090715393
small,2000,615,Hough transform baseline,5,9,4,0.41205179615705934,0.6493567251461988,0.3214285714285714,0.0,0.5555555555555556,0,7,161,171,177,15875,0.48493975903468395,0.4763313609453363,0.4805970144239787,0.9787597656249403,0.31630648329996797
small,2000,616,Hough transform baseline,5,5,0,0.760369008714597,0.7781862745098039,0.9259259259259259,0.5,1.0,1,2,143,4,120,16117,0.972789115639641,0.5437262357393775,0.6975609751463772,0.9924316406249394,0.5355805243425634
small,2000,617,Hough transform baseline,2,2,0,0.9364302749719416,0.8806818181818181,0.9506172839506173,1.0,1.0,0,0,71,2,190,16121,0.9726027397127041,0.2720306513399539,0.42514970025467025,0.9882812499999396,0.2699619771852853
small,2000,618,Hough transform baseline,5,8,3,0.5289815551008477,0.6907878787878787,0.7781350482315113,0.0,0.625,0,1,294,4,259,15827,0.986577181204743,0.5316455696192918,0.6909518209298745,0.9839477539061899,0.5278276481139537
small,2000,619,Hough transform baseline,3,6,3,0.4493620689655173,0.6874712643678161,0.44999999999999996,0.0,0.5,0,3,170,83,208,15923,0.6719367588906248,0.44973544973426,0.5388272578380404,0.98223876953119,0.3687635574829311
small,2000,620,Hough transform baseline,4,6,2,0.6908524846566718,0.8800992933723197,0.8192771084337349,0.2571428571428571,0.6666666666666667,3,7,211,28,310,15835,0.8828451882808249,0.4049904030702399,0.5552631574621156,0.9793701171874402,0.3843351548262581
small,2000,621,Hough transform baseline,3,4,1,0.7160849056603773,0.7611111111111112,0.8679245283018868,0.5,0.75,1,2,154,0,170,16060,0.9999999999935065,0.47530864197384165,0.6443514639956933,0.9896240234374396,0.47530864197384165
small,2000,622,Hough transform baseline,4,4,0,0.6628310786072565,0.8249067599067599,0.9581151832460733,0.0,1.0,0,1,187,1,189,16007,0.994680851058539,0.4973404255305922,0.6631205669290906,0.9884033203124396,0.4960212201578355
small,2000,623,Hough transform baseline,2,4,2,0.7687426108374384,0.8183333333333334,0.5024630541871922,1.0,0.5,0,0,117,65,241,15961,0.6428571428536107,0.3268156424571877,0.4333333328848423,0.98132324218744,0.27659574468019715
small,2000,624,Hough transform baseline,3,4,1,0.9454441340782123,0.9566666666666667,0.9497206703910615,1.0,0.75,0,0,182,1,98,16103,0.9945355191202485,0.6499999999976785,0.7861771053500832,0.9939575195311893,0.6476868327379086
small,2000,625,Hough transform baseline,3,4,1,0.48751809954751135,0.5768376068376069,0.7647058823529411,0.0,0.75,0,1,122,18,138,16106,0.871428571422347,0.4692307692289645,0.60999999954195,0.9904785156249395,0.4388489208617308
small,2000,626,Hough transform baseline,4,4,0,0.8515866388928452,0.8927259887005651,0.9159663865546218,0.6666666666666666,1.0,2,3,226,13,248,15897,0.945606694556713,0.4767932489441418,0.6339410935216822,0.9840698242186899,0.46406570841793826
small,2000,627,Hough transform baseline,2,3,1,0.3937792443064182,0.40945652173913044,0.7142857142857143,0.0,0.6666666666666667,0,1,39,1,55,16289,0.974999999975625,0.41489361701686284,0.5820895518113165,0.9965820312499392,0.41052631578515236
small,2000,628,Hough transform baseline,4,4,0,0.9471658578663499,0.8947673553803208,0.9726027397260274,1.0,1.0,1,1,222,0,302,15860,0.9999999999954955,0.42366412213659604,0.5951742623149306,0.98156738281244,0.42366412213659604
small,2000,629,Hough transform baseline,2,2,0,1.0,1.0,1.0,1.0,1.0,0,0,140,0,0,16244,0.9999999999928573,0.9999999999928573,0.9999999994928572,0.9999999999999389,0.9999999999928573
small,2000,630,Hough transform baseline,4,4,0,0.9464290404893242,0.8928581852143712,0.9732142857142857,1.0,1.0,1,1,213,2,268,15901,0.9906976744139968,0.4428274428265222,0.6120689650885148,0.9835205078124399,0.44099378881896273
small,2000,631,Hough transform baseline,5,6,1,0.8169453781512604,0.9548677248677248,0.8529411764705882,0.5333333333333333,0.8333333333333334,2,3,213,25,407,15739,0.894957983189517,0.3435483870962201,0.4965034961014502,0.9736328124999406,0.3302325581390229
small,2000,632,Hough transform baseline,1,1,0,1.0,1.0,1.0,1.0,1.0,0,0,76,0,0,16308,0.9999999999868421,0.9999999999868421,0.999999999486842,0.9999999999999389,0.9999999999868421
small,2000,633,Hough transform baseline,5,5,0,0.929294305940037,0.8813229866718238,0.9134948096885813,1.0,1.0,0,0,269,0,367,15748,0.9999999999962825,0.4229559748421023,0.5944751377024583,0.9776000976561903,0.4229559748421023
small,2000,634,Hough transform baseline,3,4,1,0.9460861514340551,0.9599894274292133,0.9454545454545454,1.0,0.75,0,0,224,0,345,15815,0.9999999999955358,0.39367311071987054,0.564943253061056,0.9789428710936903,0.39367311071987054
small,2000,635,Hough transform baseline,1,1,0,0.8826086956521739,0.7777777777777778,0.9130434782608696,1.0,1.0,0,0,24,0,44,16316,0.9999999999583333,0.3529411764653979,0.5217391300378071,0.997314453124939,0.3529411764653979
small,2000,636,Hough transform baseline,2,2,0,0.9034614380790814,0.8037974683544306,0.9587628865979382,1.0,1.0,0,0,99,0,190,16095,0.999999999989899,0.3425605536320327,0.5103092779677835,0.9884033203124396,0.3425605536320327
small,2000,637,Hough transform baseline,2,2,0,0.9104861111111112,0.8208333333333334,0.9555555555555556,1.0,1.0,0,0,92,0,180,16112,0.9999999999891304,0.3382352941164036,0.5054945051139959,0.9890136718749396,0.3382352941164036
small,2000,638,Hough transform baseline,2,3,1,0.3936109240222144,0.5626923076923077,0.36866359447004604,0.0,0.6666666666666667,0,2,69,103,190,16022,0.4011627906953421,0.2664092664082378,0.32018561436807513,0.98211669921869,0.1906077348061033
small,2000,639,Hough transform baseline,2,2,0,0.948860565521435,0.896018648018648,0.9782608695652174,1.0,1.0,0,0,105,2,239,16038,0.9813084112057822,0.3052325581386476,0.4656319286825729,0.9852905273436898,0.30346820809160846
small,2000,640,Hough transform baseline,1,1,0,0.8525714285714286,0.7200000000000001,0.8928571428571429,1.0,1.0,0,0,21,0,78,16285,0.999999999952381,0.21212121211906948,0.3499999997054167,0.9952392578124393,0.21212121211906948
small,2000,641,Hough transform baseline,5,6,1,0.8260959175457804,0.7797126496012334,0.9594594594594594,0.8,0.8333333333333334,2,2,269,5,604,15506,0.9817518248139353,0.30813287514283144,0.46904969449169165,0.9628295898436912,0.30637813211810205
small,2000,642,Hough transform baseline,2,3,1,0.5529638673813778,0.7092753623188406,0.8356164383561644,0.0,0.6666666666666667,0,1,130,15,250,15989,0.896551724131748,0.34210526315699447,0.49523809483639,0.9838256835936899,0.3291139240497997
small,2000,643,Hough transform baseline,3,3,0,0.9711512072134493,0.9484999246193276,0.9716312056737588,1.0,1.0,0,0,144,0,252,15988,0.9999999999930557,0.3636363636354454,0.5333333329402469,0.9846191406249398,0.3636363636354454
small,2000,644,Hough transform baseline,5,7,2,0.598460704812429,0.756,0.6127320954907162,0.2571428571428572,0.7142857142857143,2,7,275,60,179,15870,0.8208955223856093,0.6057268722453618,0.6970849171268438,0.9854125976561898,0.5350194552518774
small,2000,645,Hough transform baseline,2,3,1,0.819968794326241,0.8702222222222222,0.8085106382978724,0.8,0.6666666666666667,1,1,72,1,42,16269,0.9863013698495027,0.6315789473628809,0.7700534754516286,0.997375488281189,0.6260869565162949
small,2000,646,Hough transform baseline,3,3,0,0.9657307692307692,0.9327350427350427,0.98,1.0,1.0,0,0,103,0,136,16145,0.9999999999902912,0.43096234309443116,0.6023391808620943,0.9916992187499395,0.43096234309443116
small,2000,647,Hough transform baseline,1,1,0,0.9658995433789954,0.9360730593607306,0.9733333333333334,1.0,1.0,0,0,76,0,148,16160,0.9999999999868421,0.3392857142841996,0.5066666662849777,0.9909667968749395,0.3392857142841996
small,2000,648,Hough transform baseline,3,3,0,0.6622644472361808,0.8541666666666666,0.8894472361809045,0.0,1.0,0,1,172,21,12,16179,0.8911917098399421,0.9347826086905718,0.9124668429967705,0.997985839843689,0.8390243902398097
small,2000,649,Hough transform baseline,1,1,0,1.0,1.0,1.0,1.0,1.0,0,0,85,0,0,16299,0.9999999999882353,0.9999999999882353,0.9999999994882354,0.9999999999999389,0.9999999999882353
small,2000,650,Hough transform baseline,3,4,1,0.5947515444830769,0.7517801251956181,0.7405857740585774,0.13333333333333333,0.75,1,3,178,44,285,15877,0.8018018017981902,0.3844492440596448,0.5197080287574533,0.9799194335936902,0.3510848126225817
small,2000,651,Hough transform baseline,3,4,1,0.9390022215782865,0.9513774858602444,0.9294117647058824,1.0,0.75,0,0,153,0,300,15931,0.9999999999934641,0.33774834437011536,0.5049504946703756,0.98168945312494,0.33774834437011536
small,2000,652,Hough transform baseline,1,1,0,1.0,1.0,1.0,1.0,1.0,0,0,29,0,0,16355,0.9999999999655173,0.9999999999655173,0.9999999994655173,0.9999999999999389,0.9999999999655173
small,2000,653,Hough transform baseline,4,5,1,0.5335489361702128,0.7431111111111111,0.5957446808510638,0.0,0.8,0,2,220,59,175,15930,0.7885304659469945,0.5569620253150457,0.6528189906107961,0.9857177734374398,0.4845814977962895
small,2000,654,Hough transform baseline,5,5,0,0.7490319754365042,0.7772510435301133,0.8713450292397661,0.5,1.0,1,2,157,14,147,16066,0.9181286549653911,0.5164473684193538,0.6610526311153639,0.9901733398436895,0.49371069182234684
small,2000,655,Hough transform baseline,4,4,0,0.9836254222972973,0.9696180555555556,0.9864864864864865,1.0,1.0,1,1,129,0,204,16051,0.9999999999922481,0.3873873873862241,0.5584415580366279,0.9875488281249397,0.3873873873862241
small,2000,656,Hough transform baseline,4,8,4,0.6058087260301919,0.8358249467337595,0.6484375,0.19999999999999998,0.5,2,6,176,81,278,15849,0.6848249027210708,0.3876651982370316,0.495077355373842,0.9780883789061903,0.32897196261620754
small,2000,657,Hough transform baseline,4,7,3,0.5922071940771452,0.7422257419952238,0.8178137651821862,0.15,0.5714285714285714,1,4,214,19,411,15740,0.9184549356183758,0.34239999999945214,0.49883449843770405,0.9737548828124405,0.3322981366454468
small,2000,658,Hough transform baseline,3,3,0,0.9866780397022331,0.9775641025641024,0.9838709677419355,1.0,1.0,0,0,123,0,162,16099,0.9999999999918698,0.4315789473669068,0.6029411760464605,0.9901123046874395,0.4315789473669068
small,2000,659,Hough transform baseline,3,3,0,0.9859209842315023,0.9731800766283525,0.9899497487437185,1.0,1.0,0,0,202,0,118,16064,0.9999999999950495,0.6312499999980273,0.7739463596758416,0.9927978515624394,0.6312499999980273
small,2000,660,Hough transform baseline,4,4,0,0.6529905913978494,0.8865740740740741,0.7701612903225806,0.0,1.0,0,1,201,50,210,15923,0.8007968127458136,0.4890510948893211,0.607250754814382,0.9841308593749399,0.4360086767886421
small,2000,661,Hough transform baseline,1,1,0,1.0,1.0,1.0,1.0,1.0,0,0,20,0,0,16364,0.99999999995,0.99999999995,0.99999999945,0.9999999999999389,0.99999999995
small,2000,662,Hough transform baseline,3,6,3,0.5684912517761125,0.8109013209013209,0.5179282868525896,0.2,0.5,1,4,349,130,349,15556,0.7286012526080823,0.4999999999992837,0.5930331346055124,0.9707641601561907,0.42149758454055375
small,2000,663,Hough transform baseline,4,5,1,0.9108114008941879,0.8924697797648619,0.896,1.0,0.8,1,1,241,2,368,15773,0.9917695473210215,0.39573070607488386,0.5657276991214568,0.9774169921874403,0.39443535188151485
small,2000,664,Hough transform baseline,2,2,0,0.9693093361698013,0.9421344421344422,0.9767441860465116,1.0,1.0,0,0,124,0,269,15991,0.9999999999919355,0.31552162849792487,0.479690521877219,0.9835815429686899,0.31552162849792487
small,2000,665,Hough transform baseline,3,4,1,0.8557343184858195,0.8400156572412149,0.7636363636363637,1.0,0.75,0,0,136,10,313,15925,0.9315068493086883,0.3028953229391918,0.45714285677098515,0.9802856445311902,0.2962962962956508
small,2000,666,Hough transform baseline,1,1,0,1.0,1.0,1.0,1.0,1.0,0,0,21,0,0,16363,0.999999999952381,0.999999999952381,0.9999999994523809,0.9999999999999389,0.999999999952381
small,2000,667,Hough transform baseline,4,4,0,0.8421086226203807,0.85953216374269,0.9432624113475178,0.6666666666666666,1.0,2,3,270,13,118,15983,0.9540636042369115,0.6958762886580003,0.8047690010001576,0.9920043945311894,0.6733167082277474
small,2000,668,Hough transform baseline,3,4,1,0.5867819787454256,0.8220223501403545,0.7093596059113301,0.0,0.75,0,1,179,10,208,15987,0.9470899470849361,0.4625322997404069,0.6215277773347017,0.9866943359374397,0.4508816120895444
small,2000,669,Hough transform baseline,1,1,0,1.0,1.0,1.0,1.0,1.0,0,0,63,0,0,16321,0.999999999984127,0.999999999984127,0.9999999994841271,0.9999999999999389,0.999999999984127
small,2000,670,Hough transform baseline,1,1,0,0.9249350649350648,0.8585858585858585,0.9428571428571428,1.0,1.0,0,0,36,0,68,16280,0.9999999999722223,0.34615384615051775,0.5142857138963265,0.9958496093749392,0.34615384615051775
small,2000,671,Hough transform baseline,2,2,0,0.6630893987341772,0.86875,0.8607594936708861,0.0,1.0,0,1,58,7,0,16319,0.8923076922939644,0.9999999999827587,0.9430894303805935,0.9995727539061889,0.8923076922939644
small,2000,672,Hough transform baseline,4,5,1,0.9462187092158436,0.9406167394339006,0.9647058823529412,1.0,0.8,2,2,258,0,338,15788,0.9999999999961241,0.43288590603954213,0.6042154562513807,0.9793701171874402,0.43288590603954213
small,2000,673,Hough transform baseline,3,10,7,0.5469537034535873,0.9166463049467004,0.38996138996138996,0.10588235294117647,0.30000000000000004,2,17,378,216,503,15287,0.6363636363625651,0.42905788876228257,0.5125423723995909,0.9561157226561916,0.34457611668154553
small,2000,674,Hough transform baseline,5,8,3,0.44936431024899304,0.4839536372164795,0.8454258675078864,0.0,0.625,0,5,235,29,398,15722,0.8901515151481434,0.3712480252758748,0.523968784421795,0.9739379882811905,0.3549848942592825
small,2000,675,Hough transform baseline,2,2,0,0.9499363425925925,0.9052083333333332,0.962962962962963,1.0,1.0,0,0,110,0,216,16058,0.999999999990909,0.3374233128824006,0.504587155583705,0.9868164062499397,0.3374233128824006
small,2000,676,Hough transform baseline,4,6,2,0.6239037884471118,0.9178912783751494,0.7209302325581395,0.0,0.6666666666666667,0,2,174,30,201,15979,0.8529411764664072,0.4639999999987627,0.6010362689715876,0.9859008789061898,0.4296296296285688
small,2000,677,Hough transform baseline,4,4,0,0.7795537704759136,0.834551656920078,0.8950276243093923,0.5,1.0,1,2,153,14,114,16103,0.9161676646651727,0.5730337078630223,0.7050691239472595,0.9921874999999394,0.5444839857631869
small,2000,678,Hough transform baseline,2,3,1,0.547858105022831,0.7244254185692542,0.776,0.0,0.6666666666666667,0,1,119,2,186,16077,0.9834710743720374,0.3901639344249503,0.5586854456000462,0.9885253906249396,0.38762214983587095
small,2000,679,Hough transform baseline,1,1,0,1.0,1.0,1.0,1.0,1.0,0,0,24,0,0,16360,0.9999999999583333,0.9999999999583333,0.9999999994583333,0.9999999999999389,0.9999999999583333
small,2000,680,Hough transform baseline,5,5,0,0.5317284242822704,0.596477366255144,0.8165680473372781,0.0,1.0,0,2,302,39,281,15762,0.8856304985311272,0.5180102915943088,0.6536796532125358,0.9804687499999402,0.48553054662301365
small,2000,681,Hough transform baseline,2,2,0,0.8963709677419355,0.8055555555555556,0.9193548387096774,1.0,1.0,0,0,55,0,144,16185,0.9999999999818182,0.27638190954634984,0.4330708657990266,0.9912109374999395,0.27638190954634984
small,2000,682,Hough transform baseline,2,2,0,0.4944891304347826,0.6950000000000001,0.408695652173913,0.0,1.0,0,1,51,65,74,16194,0.43965517241000296,0.407999999996736,0.4232365140200065,0.9915161132811895,0.26842105263016625
small,2000,683,Hough transform baseline,1,2,1,0.7175,0.65,0.625,1.0,0.5,0,0,26,0,28,16330,0.9999999999615384,0.4814814814725652,0.649999999545,0.998291015624939,0.4814814814725652
small,2000,684,Hough transform baseline,3,3,0,1.0,1.0,1.0,1.0,1.0,0,0,130,0,0,16254,0.9999999999923078,0.9999999999923078,0.9999999994923079,0.9999999999999389,0.9999999999923078
small,2000,685,Hough transform baseline,2,2,0,1.0,1.0,1.0,1.0,1.0,0,0,170,0,0,16214,0.9999999999941177,0.9999999999941177,0.9999999994941178,0.9999999999999389,0.9999999999941177
small,2000,686,Hough transform baseline,3,3,0,1.0,1.0,1.0,1.0,1.0,1,1,216,0,80,16088,0.9999999999953704,0.7297297297272645,0.843749999508911,0.9951171874999393,0.7297297297272645
small,2000,687,Hough transform baseline,1,1,0,0.9103719512195122,0.8116666666666668,0.975609756097561,1.0,1.0,0,0,83,0,166,16135,0.9999999999879517,0.33333333333199466,0.499999999621988,0.9898681640624396,0.33333333333199466
small,2000,688,Hough transform baseline,4,6,2,0.6865394222630432,0.8418697010263274,0.9551569506726457,0.19999999999999998,0.6666666666666667,1,3,226,0,286,15872,0.9999999999955753,0.4414062499991379,0.612466124234678,0.98254394531244,0.4414062499991379
small,2000,689,Hough transform baseline,2,2,0,1.0,1.0,1.0,1.0,1.0,0,0,72,0,40,16272,0.9999999999861111,0.642857142851403,0.7826086951672968,0.997558593749939,0.642857142851403
small,2000,690,Hough transform baseline,3,3,0,0.9385770392101512,0.8764495153968839,0.970873786407767,1.0,1.0,0,0,97,0,130,16157,0.9999999999896907,0.4273127753285141,0.5987654316755638,0.9920654296874394,0.4273127753285141
small,2000,691,Hough transform baseline,1,2,1,0.8476451814768462,0.8150980392156864,0.9042553191489362,1.0,0.5,0,0,96,0,168,16120,0.9999999999895833,0.36363636363498625,0.5333333329392592,0.9897460937499396,0.36363636363498625
small,2000,692,Hough transform baseline,1,1,0,0.9713676869430453,0.9463601532567051,0.9775280898876404,1.0,1.0,0,0,90,0,176,16118,0.9999999999888889,0.3383458646603822,0.5056179771474562,0.9892578124999396,0.3383458646603822
small,2000,693,Hough transform baseline,4,4,0,0.8769538461538461,0.904,0.9507692307692308,0.72,1.0,4,5,279,5,171,15929,0.982394366193724,0.6199999999986222,0.7602179831747286,0.9892578124999396,0.6131868131854655
small,2000,694,Hough transform baseline,3,4,1,0.6055920640445529,0.6170019723865878,0.7647058823529411,0.4,0.75,1,2,148,37,272,15927,0.7999999999956757,0.3523809523801134,0.4892561979209289,0.98114013671869,0.32385120350038543
small,2000,695,Hough transform baseline,1,1,0,1.0,1.0,1.0,1.0,1.0,0,0,48,0,38,16298,0.9999999999791668,0.5581395348772309,0.7164179099772778,0.997680664062439,0.5581395348772309
small,2000,696,Hough transform baseline,5,6,1,0.8167500000000001,0.7455555555555555,0.7395833333333333,1.0,0.8333333333333334,1,1,121,76,107,16080,0.6142131979664254,0.5307017543836373,0.5694117642058629,0.9888305664061896,0.3980263157881644
small,2000,697,Hough transform baseline,4,4,0,0.9207989766081871,0.941346653671215,0.9859649122807017,0.8,1.0,1,1,288,0,374,15722,0.9999999999965278,0.43504531721988665,0.6063157890499014,0.9771728515624404,0.43504531721988665
small,2000,698,Hough transform baseline,5,13,8,0.5818278481290096,0.8203279103721581,0.62109375,0.2,0.3846153846153846,3,10,362,106,346,15570,0.7735042735026207,0.5112994350275264,0.615646258023179,0.9724121093749406,0.4447174447168984
small,2000,699,Hough transform baseline,3,3,0,0.9802952503209242,0.962059620596206,0.9868421052631579,1.0,1.0,0,0,155,0,84,16145,0.9999999999935485,0.648535564850843,0.7868020299755856,0.9948730468749393,0.648535564850843
small,2000,700,Hough transform baseline,5,6,1,0.6677871659516985,0.6642649809408813,0.9276729559748428,0.4,0.8333333333333334,1,2,293,1,335,15755,0.9965986394523926,0.46656050955339723,0.6355748368744313,0.9794921874999402,0.46581875993566646
small,2000,701,Hough transform baseline,4,4,0,0.9402250753718833,0.876268085581811,0.9795221843003413,1.0,1.0,1,1,264,1,511,15608,0.9962264150905803,0.34064516128988304,0.5076923073115699,0.9687499999999408,0.3402061855665719
small,2000,702,Hough transform baseline,5,9,4,0.48639925912106297,0.6910863195853053,0.4951076320939335,0.08333333333333333,0.5555555555555556,1,12,328,117,197,15742,0.7370786516837369,0.6247619047607148,0.6762886592958209,0.9808349609374402,0.5109034267904815
small,2000,703,Hough transform baseline,3,3,0,0.9584674892877355,0.9210722819593787,0.9699248120300752,1.0,1.0,0,0,128,1,153,16102,0.9922480620078121,0.4555160142332544,0.6243902434681141,0.9906005859374395,0.4539007092182486
small,2000,704,Hough transform baseline,3,4,1,0.6399870129870131,0.8110822510822512,1.0,0.0,0.75,1,0,159,1,308,15916,0.9937499999937891,0.34047109207635873,0.5071770331110754,0.98114013671869,0.3397435897428638
small,2000,705,Hough transform baseline,3,3,0,0.8998784838350056,0.7969521863000123,0.95625,1.0,1.0,0,0,159,1,330,15894,0.9937499999937891,0.32515337423246393,0.48998459130648786,0.9797973632811902,0.3244897959177051
small,2000,706,Hough transform baseline,1,1,0,0.9118488372093023,0.8144444444444445,0.9767441860465116,1.0,1.0,0,0,87,0,174,16123,0.9999999999885058,0.3333333333320562,0.49999999962212643,0.9893798828124396,0.3333333333320562
small,2000,707,Hough transform baseline,3,5,2,0.502094379884821,0.7827884615384614,0.44919786096256686,0.0,0.6,0,4,123,39,164,16058,0.7592592592545725,0.4285714285699353,0.5478841866187171,0.9876098632811897,0.37730061349577515
small,2000,708,Hough transform baseline,5,6,1,0.8157150537634409,0.79,0.6344086021505376,1.0,0.8333333333333334,0,0,189,95,137,15963,0.6654929577441356,0.5797546012252155,0.6196721306478795,0.9858398437499398,0.4489311163884824
small,2000,709,Hough transform baseline,5,10,5,0.5449560346484782,0.6584645515080298,0.8265682656826568,0.13333333333333333,0.5,1,6,246,18,116,16004,0.9318181818146523,0.6795580110478465,0.7859424915225224,0.9918212890624394,0.647368421050928
small,2000,710,Hough transform baseline,5,5,0,0.5281488247472903,0.5739130434782609,0.5994397759103641,0.19999999999999998,1.0,2,6,243,91,165,15885,0.7275449101774625,0.5955882352926579,0.6549865224142588,0.9843749999999399,0.4869739478948157
small,2000,711,Hough transform baseline,3,2,1,0.7378508771929825,0.55,0.868421052631579,1.0,0.6666666666666667,0,0,104,12,32,16236,0.8965517241302021,0.7647058823473184,0.825396824893424,0.997314453124939,0.7027027026979548
small,2000,712,Hough transform baseline,2,2,0,1.0,1.0,1.0,1.0,1.0,0,0,181,0,100,16103,0.9999999999944752,0.6441281138767113,0.7835497830698168,0.9938964843749393,0.6441281138767113
small,2000,713,Hough transform baseline,5,5,0,0.9684752506610285,0.9427041721228596,0.9712918660287081,1.0,1.0,0,0,214,0,310,15860,0.9999999999953272,0.40839694656410613,0.5799457990446457,0.98107910156244,0.40839694656410613
small,2000,714,Hough transform baseline,4,9,5,0.6019991341221844,0.8751359751359751,0.6187175043327556,0.16,0.4444444444444444,2,10,412,102,351,15519,0.8015564202319037,0.539973787679502,0.6452623331123615,0.9723510742186906,0.47630057803413145
small,2000,715,Hough transform baseline,4,6,2,0.8629094026034403,0.8103395061728396,0.9079497907949791,1.0,0.6666666666666667,0,0,226,18,265,15875,0.9262295081929254,0.4602851323819546,0.6149659859493507,0.98272705078119,0.4440078585452967
small,2000,716,Hough transform baseline,2,5,3,0.4296708261617901,0.5357764390896922,0.7428571428571429,0.0,0.4,1,7,128,0,189,16067,0.9999999999921876,0.40378548895771676,0.5752808984640121,0.9884643554686896,0.40378548895771676
small,2000,717,Hough transform baseline,2,2,0,0.9710870133263653,0.945736434108527,0.9775280898876404,1.0,1.0,0,0,91,0,88,16205,0.9999999999890109,0.5083798882653163,0.6740740736221947,0.9946289062499393,0.5083798882653163
small,2000,718,Hough transform baseline,4,4,0,0.643958089668616,0.8345267489711935,0.8421052631578947,0.0,1.0,0,3,171,19,121,16073,0.8999999999952633,0.5856164383541589,0.7095435679841773,0.9914550781249395,0.549839228294052
small,2000,719,Hough transform baseline,2,2,0,1.0,1.0,1.0,1.0,1.0,0,0,110,0,0,16274,0.999999999990909,0.999999999990909,0.999999999490909,0.9999999999999389,0.999999999990909
small,2000,720,Hough transform baseline,1,1,0,0.9658995433789954,0.9360730593607306,0.9733333333333334,1.0,1.0,0,0,76,0,152,16156,0.9999999999868421,0.3333333333318714,0.49999999962171054,0.9907226562499395,0.3333333333318714
small,2000,721,Hough transform baseline,5,5,0,0.8904095155821272,0.8097989235158384,0.88,1.0,1.0,0,0,231,17,460,15676,0.93145161289947,0.33429811866811243,0.49201277916295505,0.9708862304686907,0.32627118644021713
small,2000,722,Hough transform baseline,5,6,1,0.7832527157256434,0.8783706154072287,0.8982630272952854,0.5,0.8333333333333334,1,2,379,11,571,15423,0.97179487179238,0.39894736842063266,0.5656716413775249,0.9644775390624412,0.3943808532774252
small,2000,723,Hough transform baseline,5,5,0,0.6653239667486243,0.8017853751187084,0.7226027397260274,0.24,1.0,2,5,203,66,236,15879,0.7546468401458936,0.462414578586646,0.573446327210823,0.98156738281244,0.401980198019006
small,2000,724,Hough transform baseline,3,4,1,0.8888166248955722,0.8430492898913952,0.9222222222222223,1.0,0.75,0,0,184,0,133,16067,0.9999999999945652,0.5804416403767179,0.734530937656057,0.9918823242186894,0.5804416403767179
small,2000,725,Hough transform baseline,1,1,0,0.9152710255018991,0.8208771929824561,0.979381443298969,1.0,1.0,0,0,98,0,196,16090,0.9999999999897958,0.33333333333219956,0.49999999962244895,0.9880371093749397,0.33333333333219956
small,2000,726,Hough transform baseline,4,5,1,0.5253331245662938,0.657954207162245,0.7462686567164178,0.0,0.8,0,2,170,5,276,15933,0.9714285714230204,0.3811659192816566,0.5475040253583514,0.9828491210936899,0.37694013303685825
small,2000,727,Hough transform baseline,3,3,0,0.9591569525780052,0.9226044226044225,0.9699248120300752,1.0,1.0,0,0,136,0,166,16082,0.9999999999926471,0.4503311258263234,0.6210045657790287,0.9898681640624396,0.4503311258263234
small,2000,728,Hough transform baseline,1,1,0,1.0,1.0,1.0,1.0,1.0,0,0,79,0,0,16305,0.9999999999873417,0.9999999999873417,0.9999999994873416,0.9999999999999389,0.9999999999873417
small,2000,729,Hough transform baseline,4,3,1,0.7477413522012579,0.5425,0.8930817610062893,1.0,0.75,0,0,135,26,11,16212,0.8385093167649783,0.9246575342402421,0.8794788268570277,0.997741699218689,0.7848837209256694
small,2000,730,Hough transform baseline,2,2,0,0.9420945945945945,0.8833333333333334,0.972972972972973,1.0,1.0,0,0,76,0,42,16266,0.9999999999868421,0.6440677966047113,0.7835051541545328,0.997436523437439,0.6440677966047113
small,2000,731,Hough transform baseline,4,4,0,0.5673775811102315,0.5203018285966072,0.7912087912087912,0.3,1.0,1,2,220,35,273,15856,0.8627450980358324,0.4462474645021374,0.588235293666694,0.98120117187494,0.41666666666587754
small,2000,732,Hough transform baseline,5,7,2,0.5737975852043483,0.7422320055904962,0.8418230563002681,0.0,0.7142857142857143,0,2,335,35,567,15447,0.9054054054029584,0.37139689578672797,0.5267295593350614,0.9632568359374412,0.35752401280644874
small,2000,733,Hough transform baseline,4,4,0,0.6415081360106217,0.6634518923848609,0.7981072555205048,0.3333333333333333,1.0,1,3,241,62,281,15800,0.7953795379511704,0.4616858237539048,0.5842424237762409,0.9790649414061903,0.4126712328760057
small,2000,734,Hough transform baseline,4,6,2,0.8554047685703621,0.8510964912280702,0.7787234042553192,1.0,0.6666666666666667,0,0,230,11,275,15868,0.9543568464690692,0.45544554455355357,0.616621983475174,0.98254394531244,0.44573643410766334
small,2000,735,Hough transform baseline,3,4,1,0.858879123698117,0.8012128674772971,0.8666666666666667,1.0,0.75,0,0,256,15,504,15609,0.9446494464909791,0.3368421052627147,0.49660523724488104,0.9683227539061908,0.3303225806447351
small,2000,736,Hough transform baseline,3,3,0,0.9177533882312575,0.9334494195688224,0.9885057471264368,0.8,1.0,1,1,176,0,138,16070,0.9999999999943182,0.5605095541383424,0.7183673464755019,0.9915771484374395,0.5605095541383424
small,2000,737,Hough transform baseline,3,3,0,0.9500222534877522,0.9025437832607643,0.9693877551020408,1.0,1.0,0,0,89,1,117,16177,0.9888888888779012,0.4320388349493591,0.6013513509240778,0.9927978515624394,0.429951690819179
small,2000,738,Hough transform baseline,3,3,0,0.7031636481284622,0.9135792622133598,0.9602649006622517,0.0,1.0,0,1,133,3,53,16195,0.9779411764633976,0.7150537634370159,0.8260869560286641,0.9965820312499392,0.7037037036999805
small,2000,739,Hough transform baseline,3,5,2,0.8332841228639412,0.7924832359939433,0.8333333333333334,1.0,0.6,0,0,137,0,212,16035,0.9999999999927008,0.39255014326535087,0.5637860078232739,0.9870605468749397,0.39255014326535087
small,2000,740,Hough transform baseline,2,2,0,0.9797031715912172,0.9623655913978496,0.9831932773109243,1.0,1.0,1,1,120,0,124,16140,0.9999999999916667,0.491803278686509,0.659340658895061,0.9924316406249394,0.491803278686509
small,2000,741,Hough transform baseline,4,4,0,0.5259445438282648,0.5476830318690784,0.8974358974358975,0.0,1.0,0,1,104,3,249,16028,0.9719626168133461,0.29461756373854214,0.45217391268450846,0.9846191406249398,0.2921348314598536
small,2000,742,Hough transform baseline,2,4,2,0.7806466165413535,0.6617543859649123,0.9142857142857143,1.0,0.5,0,0,143,21,202,16018,0.8719512195068784,0.414492753621987,0.5618860506415678,0.9863891601561897,0.3907103825125937
small,2000,743,Hough transform baseline,5,6,1,0.5285427488004953,0.603110870350307,0.8690476190476191,0.0,0.8333333333333334,0,1,246,0,444,15694,0.999999999995935,0.3565217391299181,0.5256410252524107,0.9729003906249406,0.3565217391299181
small,2000,744,Hough transform baseline,3,5,2,0.517525149190111,0.8354589371980676,0.40784313725490196,0.0,0.6,0,4,132,87,139,16026,0.6027397260246451,0.48708487084691116,0.5387755097075135,0.9862060546874398,0.3687150837978528
small,2000,745,Hough transform baseline,1,1,0,1.0,1.0,1.0,1.0,1.0,0,0,20,0,0,16364,0.99999999995,0.99999999995,0.99999999945,0.9999999999999389,0.99999999995
small,2000,746,Hough transform baseline,4,7,3,0.3704512380202918,0.4539517345399698,0.5451505016722409,0.0,0.5714285714285714,1,3,178,94,316,15796,0.6544117647034765,0.3603238866389467,0.4647519577653266,0.9749755859374405,0.30272108843485934
small,2000,747,Hough transform baseline,4,4,0,0.5877848594642073,0.6878310886644221,0.8913043478260869,0.0,1.0,0,1,188,17,246,15933,0.9170731707272338,0.43317972350130607,0.5884194048831876,0.9839477539061899,0.41685144124076084
small,2000,748,Hough transform baseline,2,3,1,0.5156248114630468,0.7002991452991454,0.6691176470588236,0.0,0.6666666666666667,0,1,119,0,168,16097,0.9999999999915966,0.4146341463400187,0.5862068961344489,0.9897460937499396,0.4146341463400187
small,2000,749,Hough transform baseline,5,7,2,0.8601833192442205,0.7931923688832607,0.9090909090909091,1.0,0.7142857142857143,0,0,233,57,582,15512,0.8034482758592985,0.2858895705517965,0.42171945662567756,0.9609985351561913,0.2672018348620789
small,2000,750,Hough transform baseline,5,5,0,0.5847824322681254,0.6767455970841744,0.9012345679012346,0.0,1.0,0,1,229,10,430,15715,0.9581589958118906,0.34749620637276557,0.5100222713231606,0.9731445312499406,0.34230194319829255
small,2000,751,Hough transform baseline,4,4,0,0.7939054123522068,0.8622367465504721,0.9044943820224719,0.5,1.0,1,2,157,7,217,16003,0.9573170731648944,0.41978609625556207,0.5836431222505908,0.9863281249999398,0.4120734908125667
small,2000,752,Hough transform baseline,2,2,0,1.0,1.0,1.0,1.0,1.0,0,0,149,0,73,16162,0.9999999999932887,0.671171171168148,0.8032345008627372,0.9955444335936892,0.671171171168148
small,2000,753,Hough transform baseline,3,3,0,0.9555749805749806,0.9102564102564104,0.9797979797979798,1.0,1.0,0,0,95,0,42,16247,0.9999999999894736,0.6934306569292451,0.8189655167507061,0.997436523437439,0.6934306569292451
small,2000,754,Hough transform baseline,2,2,0,0.961,0.9222222222222222,0.98,1.0,1.0,0,0,102,0,62,16220,0.9999999999901961,0.6219512195084028,0.7669172927544802,0.9962158203124392,0.6219512195084028
small,2000,755,Hough transform baseline,4,4,0,0.922603541341882,0.8462015018773467,0.9590643274853801,1.0,1.0,0,0,157,2,306,15919,0.9874213836415886,0.339092872569462,0.504823150743215,0.98120117187494,0.33763440860142446
small,2000,756,Hough transform baseline,2,2,0,0.9108838130298974,0.8225401606425704,0.9537037037037037,1.0,1.0,0,0,84,1,163,16136,0.9882352941060207,0.3400809716585422,0.5060240960015423,0.9899902343749396,0.3387096774179891
small,2000,757,Hough transform baseline,2,2,0,0.9132500748125748,0.8206904019404019,0.9696969696969697,1.0,1.0,0,0,106,1,211,16066,0.9906542055982182,0.3343848580431092,0.49999999962029407,0.9870605468749397,0.33333333333228515
small,2000,758,Hough transform baseline,1,1,0,1.0,1.0,1.0,1.0,1.0,0,0,76,0,0,16308,0.9999999999868421,0.9999999999868421,0.999999999486842,0.9999999999999389,0.9999999999868421
small,2000,759,Hough transform baseline,3,4,1,0.5380749402526459,0.7430268199233716,0.6435643564356436,0.0,0.75,0,3,90,6,92,16196,0.9374999999902344,0.4945054945027775,0.6474820139316806,0.9940185546874393,0.47872340425277277
small,2000,760,Hough transform baseline,4,6,2,0.6968562520422705,0.7457778514151063,0.9104477611940298,0.45,0.6666666666666667,2,4,200,1,358,15825,0.9950248756169402,0.35842293906745804,0.5270092222706251,0.9780883789061903,0.3577817531299503
small,2000,761,Hough transform baseline,5,6,1,0.5035880647130648,0.5304805996472665,0.9076923076923077,0.0,0.8333333333333334,0,1,158,17,335,15874,0.9028571428519837,0.32048681541517143,0.47305389182746327,0.9785156249999403,0.30980392156802
small,2000,762,Hough transform baseline,1,1,0,1.0,1.0,1.0,1.0,1.0,0,0,25,0,0,16359,0.99999999996,0.99999999996,0.99999999946,0.9999999999999389,0.99999999996
small,2000,763,Hough transform baseline,5,5,0,0.6493230115361264,0.7921810699588478,0.5475409836065575,0.3333333333333333,1.0,1,3,157,106,205,15916,0.5969581749026732,0.4337016574573655,0.5023999995109377,0.98101806640619,0.3354700854693687
small,2000,764,Hough transform baseline,1,1,0,0.922610294117647,0.8541666666666666,0.9411764705882353,1.0,1.0,0,0,35,0,66,16283,0.9999999999714286,0.3465346534619155,0.5147058819631272,0.9959716796874392,0.3465346534619155
small,2000,765,Hough transform baseline,3,3,0,0.6273076923076922,0.8235042735042735,0.7836538461538461,0.0,1.0,0,2,170,39,56,16119,0.813397129182711,0.7522123893772026,0.7816091948994689,0.9942016601561893,0.6415094339598434
small,2000,766,Hough transform baseline,5,6,1,0.5686469575010765,0.6714942528735631,0.6657060518731989,0.2,0.8333333333333334,1,4,244,102,256,15782,0.7052023121366902,0.487999999999024,0.5768321508154408,0.9781494140624403,0.40531561461726695
small,2000,767,Hough transform baseline,5,5,0,0.9455622382607146,0.8962537249893572,0.9612403100775194,1.0,1.0,0,0,263,0,506,15615,0.9999999999961977,0.34200260077978933,0.5096899220998343,0.9691162109374408,0.34200260077978933
small,2000,768,Hough transform baseline,2,2,0,1.0,1.0,1.0,1.0,1.0,0,0,45,0,46,16293,0.9999999999777779,0.49450549450006037,0.6617647054298227,0.9971923828124392,0.49450549450006037
small,2000,769,Hough transform baseline,3,3,0,0.9638224258289704,0.9242592592592592,0.9895287958115183,1.0,1.0,0,0,194,0,102,16088,0.9999999999948455,0.6554054054031913,0.7918367342123116,0.9937744140624393,0.6554054054031913
small,2000,770,Hough transform baseline,4,4,0,0.5724536106224345,0.667109500805153,0.8612716763005781,0.0,1.0,0,1,154,15,304,15911,0.9112426035449039,0.33624454148398203,0.4912280697800976,0.9805297851561902,0.3255813953481489
small,2000,771,Hough transform baseline,3,3,0,0.9200427018519336,0.8326530325391807,0.9767441860465116,1.0,1.0,0,0,174,1,169,16040,0.9942857142800328,0.5072886297361303,0.6718146713646711,0.9896240234374396,0.5058139534869017
small,2000,772,Hough transform baseline,5,10,5,0.49223337027497577,0.6813374014747012,0.5739910313901345,0.08333333333333333,0.5,1,12,251,118,303,15712,0.6802168021661783,0.45306859205694394,0.5438786560736212,0.9743041992186905,0.37351190476134893
small,2000,773,Hough transform baseline,4,4,0,0.9645943668753009,0.9345878136200717,0.9701492537313433,1.0,1.0,0,0,138,0,150,16096,0.9999999999927537,0.4791666666650029,0.6478873235026119,0.9908447265624395,0.4791666666650029
small,2000,774,Hough transform baseline,4,4,0,0.991203277745831,0.9842342342342342,0.9914893617021276,1.0,1.0,2,2,237,0,146,16001,0.9999999999957806,0.6187989556119614,0.7645161285575183,0.9910888671874395,0.6187989556119614
small,2000,775,Hough transform baseline,2,2,0,0.9028882575757575,0.8178661616161615,0.9242424242424242,1.0,1.0,0,0,57,2,112,16213,0.9661016948988796,0.33727810650688006,0.4999999996119961,0.9930419921874394,0.33333333333138404
small,2000,776,Hough transform baseline,4,7,3,0.6335865977160096,0.7136993464052287,0.8597285067873304,0.3333333333333333,0.5714285714285714,3,6,190,12,270,15912,0.9405940594012843,0.4130434782599717,0.5740181264624273,0.9827880859374399,0.4025423728805031
small,2000,777,Hough transform baseline,4,7,3,0.621409756909757,0.7202564102564103,0.7840909090909091,0.3333333333333333,0.5714285714285714,1,3,175,30,300,15879,0.8536585365812017,0.3684210526308033,0.5147058819302551,0.9798583984374402,0.34653465346466034
small,2000,778,Hough transform baseline,1,1,0,1.0,1.0,1.0,1.0,1.0,0,0,58,0,114,16212,0.9999999999827587,0.3372093023236209,0.5043478257054064,0.9930419921874394,0.3372093023236209
small,2000,779,Hough transform baseline,5,6,1,0.6419228254218027,0.8667240143369176,0.8428184281842819,0.0,0.8333333333333334,0,1,342,30,396,15616,0.919354838707206,0.46341463414571354,0.6162162157694667,0.9739990234374405,0.4453124999994202
small,2000,780,Hough transform baseline,3,3,0,0.8454044636023044,0.9471413160733549,0.970954356846473,0.5,1.0,1,2,236,6,0,16142,0.9752066115662182,0.9999999999957627,0.987447698240717,0.9996337890624389,0.9752066115662182
small,2000,781,Hough transform baseline,3,3,0,0.9724683544303798,0.9444444444444445,0.9873417721518988,1.0,1.0,0,0,161,0,62,16161,0.9999999999937889,0.721973094167166,0.8385416661753337,0.9962158203124392,0.721973094167166
small,2000,782,Hough transform baseline,4,5,1,0.6314160839160838,0.8621212121212121,0.8173076923076923,0.0,0.8,0,4,252,42,128,15962,0.8571428571399418,0.663157894735097,0.7477744802180877,0.9896240234374396,0.5971563981028504
small,2000,783,Hough transform baseline,3,4,1,0.5470836873406968,0.7126262626262626,0.7570093457943925,0.0,0.75,0,1,100,0,36,16248,0.99999999999,0.7352941176416523,0.8474576266230969,0.997802734374939,0.7352941176416523
small,2000,784,Hough transform baseline,5,5,0,0.6833294481632769,0.8823035850495805,0.9314641744548287,0.0,1.0,0,1,298,17,202,15867,0.9460317460287427,0.595999999998808,0.7312883430822507,0.9866333007811897,0.5764023210820572
small,2000,785,Hough transform baseline,5,8,3,0.48549047474227613,0.7164794713302176,0.5028735632183908,0.0,0.625,0,3,214,108,257,15805,0.6645962732898615,0.45435244161262345,0.5397225720257486,0.9777221679686903,0.3696027633845085
small,2000,786,Hough transform baseline,2,2,0,0.9235483870967742,0.8444444444444444,0.967741935483871,1.0,1.0,0,0,64,0,32,16288,0.9999999999843749,0.6666666666597222,0.79999999951,0.998046874999939,0.6666666666597222
small,2000,787,Hough transform baseline,1,1,0,0.8571431334622824,0.7109090909090909,0.9361702127659575,1.0,1.0,0,0,40,1,103,16240,0.9756097560737657,0.27972027971832364,0.43478260834457694,0.9936523437499393,0.2777777777758488
small,2000,788,Hough transform baseline,2,3,1,0.583643468025508,0.775354609929078,0.8403361344537815,0.0,0.6666666666666667,0,1,120,1,194,16069,0.9917355371818865,0.38216560509432435,0.551724137526923,0.9880981445311897,0.38095238095117157
small,2000,789,Hough transform baseline,4,7,3,0.4558688355563356,0.6324404761904762,0.4797297297297297,0.07272727272727274,0.5714285714285714,1,11,188,84,261,15851,0.6911764705856942,0.4187082405335886,0.5214979190848585,0.9789428710936903,0.35272045028076415
small,2000,790,Hough transform baseline,4,4,0,0.7081272479533349,0.733841549397105,0.7644927536231885,0.5,1.0,1,2,203,56,201,15924,0.7837837837807576,0.5024752475235087,0.6123680236547983,0.9843139648436899,0.4413043478251276
small,2000,791,Hough transform baseline,4,5,1,0.8384059629750582,0.9154144385026739,0.9198473282442748,0.65,0.8,3,4,220,1,228,15935,0.9954751131176676,0.4910714285703324,0.657698056356796,0.9860229492186898,0.4899777282839867
small,2000,792,Hough transform baseline,3,3,0,0.9703845717391435,0.9462816635775373,0.9727891156462585,1.0,1.0,0,0,150,0,240,15994,0.9999999999933334,0.3846153846143984,0.5555555551522634,0.9853515624999398,0.3846153846143984
small,2000,793,Hough transform baseline,5,9,4,0.5819330650509436,0.8176810152529089,0.5921052631578947,0.16,0.5555555555555556,2,10,391,89,495,15409,0.8145833333316364,0.4413092550785087,0.5724743772885728,0.9643554687499412,0.4010256410252297
small,2000,794,Hough transform baseline,3,3,0,0.9801490514905149,0.962059620596206,0.9861111111111112,1.0,1.0,0,0,147,0,84,16153,0.9999999999931973,0.6363636363608816,0.7777777772983538,0.9948730468749393,0.6363636363608816
small,2000,795,Hough transform baseline,3,3,0,0.898611484669177,0.8024699659315044,0.9375,1.0,1.0,0,0,73,0,141,16170,0.9999999999863013,0.3411214953255088,0.5087108010108657,0.9913940429686895,0.3411214953255088
small,2000,796,Hough transform baseline,5,9,4,0.5198832938262113,0.7166513621059075,0.5147286821705426,0.15555555555555556,0.5555555555555556,2,9,388,210,441,15345,0.6488294314370421,0.4680337756327286,0.5437981775081355,0.9602661132811914,0.37343599614978495
small,2000,797,Hough transform baseline,3,4,1,0.5178312013064335,0.6255259188695721,0.8067226890756303,0.0,0.75,0,1,94,2,114,16174,0.979166666656467,0.4519230769209042,0.6184210521953774,0.9929199218749394,0.4476190476169161
small,2000,798,Hough transform baseline,5,9,4,0.43878495714428606,0.5564108289974171,0.48565121412803536,0.14285714285714285,0.5555555555555556,2,14,264,129,390,15601,0.6717557251891304,0.403669724770025,0.5042979937994488,0.9683227539061908,0.3371647509574238
small,2000,799,Hough transform baseline,1,1,0,0.931140350877193,0.8703703703703705,0.9473684210526316,1.0,1.0,0,0,39,0,74,16271,0.9999999999743591,0.34513274335977756,0.5131578943485976,0.9954833984374392,0.34513274335977756
small,2000,800,Hough transform baseline,3,3,0,0.9245916356655587,0.8556431041324188,0.9477611940298507,1.0,1.0,0,0,121,2,304,15957,0.9837398373903761,0.2847058823522713,0.4416058390662995,0.98132324218744,0.2833723653389148
small,2000,801,Hough transform baseline,1,1,0,0.9037994652406417,0.7992929292929293,0.9705882352941176,1.0,1.0,0,0,69,0,138,16177,0.9999999999855071,0.33333333333172305,0.4999999996213768,0.9915771484374395,0.33333333333172305
small,2000,802,Hough transform baseline,3,3,0,0.9929397590361446,0.9887550200803213,0.99,1.0,1.0,0,0,167,0,226,15991,0.999999999994012,0.42493638676736656,0.5964285710078762,0.9862060546874398,0.42493638676736656
small,2000,803,Hough transform baseline,1,1,0,1.0,1.0,1.0,1.0,1.0,0,0,23,0,0,16361,0.9999999999565218,0.9999999999565218,0.9999999994565218,0.9999999999999389,0.9999999999565218
small,2000,804,Hough transform baseline,2,3,1,0.8525694444444444,0.7958333333333333,0.8888888888888888,1.0,0.6666666666666667,0,0,111,0,191,16082,0.999999999990991,0.36754966887295515,0.5375302659481618,0.9883422851561896,0.36754966887295515
small,2000,805,Hough transform baseline,1,1,0,0.8101241830065359,0.6027450980392157,0.9444444444444444,1.0,1.0,0,0,39,1,150,16194,0.974999999975625,0.20634920634811457,0.3406113534204916,0.9907836914061895,0.2052631578936565
small,2000,806,Hough transform baseline,5,10,5,0.49660100662338513,0.7650501672240803,0.36458333333333337,0.11764705882352941,0.5,2,17,282,207,302,15593,0.5766871165632379,0.48287671232794027,0.5256290768561549,0.9689331054686908,0.35651074589082615
small,2000,807,Hough transform baseline,3,3,0,0.5394444444444445,0.701851851851852,0.6180555555555556,0.0,1.0,0,2,92,53,64,16175,0.634482758616314,0.5897435897398093,0.6112956805597289,0.9928588867186894,0.44019138755770243
small,2000,808,Hough transform baseline,5,8,3,0.6477811537198062,0.853862377376843,0.616326530612245,0.3111111111111111,0.625,3,9,347,79,483,15475,0.8145539906084166,0.4180722891561228,0.5525477702514884,0.965698242187441,0.3817381738169618
small,2000,809,Hough transform baseline,5,5,0,0.7146279384231328,0.9341545893719805,0.9712918660287081,0.0,1.0,0,1,212,1,176,15995,0.995305164314576,0.5463917525759113,0.7054908481257359,0.9891967773436896,0.544987146528162
small,2000,810,Hough transform baseline,5,6,1,0.7789599366477841,0.8885202135774217,0.8789625360230547,0.48,0.8333333333333334,3,5,312,2,210,15860,0.9936305732452433,0.5977011494241423,0.7464114827827546,0.9870605468749397,0.595419847327108
small,2000,811,Hough transform baseline,4,4,0,0.8472109411609795,0.9400983877651395,0.9958333333333333,0.5,1.0,2,1,243,0,298,15843,0.9999999999958848,0.4491682070231993,0.6198979587543308,0.98181152343744,0.4491682070231993
small,2000,812,Hough transform baseline,1,1,0,0.9676639815880322,0.9393939393939394,0.9746835443037974,1.0,1.0,0,0,80,0,156,16148,0.9999999999875,0.33898305084602126,0.5063291135427015,0.9904785156249395,0.33898305084602126
small,2000,813,Hough transform baseline,3,5,2,0.8560210961287518,0.8423976608187135,0.8347107438016529,1.0,0.6,0,0,126,0,106,16152,0.9999999999920635,0.5431034482735211,0.7039106140650416,0.9935302734374394,0.5431034482735211
small,2000,814,Hough transform baseline,2,2,0,0.9464156578415996,0.8990642736616046,0.9591836734693877,1.0,1.0,0,0,100,0,196,16088,0.99999999999,0.3378378378366965,0.5050505046704419,0.9880371093749397,0.3378378378366965
small,2000,815,Hough transform baseline,1,1,0,1.0,1.0,1.0,1.0,1.0,0,0,35,0,0,16349,0.9999999999714286,0.9999999999714286,0.9999999994714286,0.9999999999999389,0.9999999999714286
small,2000,816,Hough transform baseline,2,2,0,0.9361723005563928,0.8701726799151072,0.972972972972973,1.0,1.0,0,0,150,0,296,15938,0.9999999999933334,0.33632286995440286,0.5033557043196253,0.98193359374994,0.33632286995440286
small,2000,817,Hough transform baseline,5,9,4,0.47603006048595903,0.6868569245366989,0.4444444444444444,0.09,0.5555555555555556,2,20,287,188,483,15426,0.6042105263145174,0.3727272727267887,0.4610441762341588,0.9590454101561915,0.29958246346524053
small,2000,818,Hough transform baseline,2,2,0,0.9671272395991497,0.9369369369369369,0.9775280898876404,1.0,1.0,0,0,91,0,76,16217,0.9999999999890109,0.5449101796374557,0.7054263561270656,0.9953613281249393,0.5449101796374557
small,2000,819,Hough transform baseline,4,5,1,0.60304216144548,0.692677671429232,0.7441860465116279,0.25,0.8,1,4,212,16,302,15854,0.9298245613994306,0.41245136186690184,0.571428571001315,0.9805908203124402,0.3999999999992453
small,2000,820,Hough transform baseline,1,1,0,1.0,1.0,1.0,1.0,1.0,0,0,49,0,0,16335,0.9999999999795919,0.9999999999795919,0.9999999994795918,0.9999999999999389,0.9999999999795919
small,2000,821,Hough transform baseline,2,2,0,0.5787835365853659,0.7225,0.7682926829268293,0.0,1.0,0,1,59,12,82,16231,0.8309859154812537,0.4184397163090891,0.556603773134167,0.9942626953124393,0.3856209150301594
small,2000,822,Hough transform baseline,2,2,0,0.9187646321070234,0.8349358974358974,0.9652173913043478,1.0,1.0,0,0,89,1,173,16121,0.9888888888779012,0.3396946564872531,0.5056818177983278,0.9893798828124396,0.33840304182380837
small,2000,823,Hough transform baseline,1,1,0,0.951276359600444,0.9084967320261439,0.9622641509433962,1.0,1.0,0,0,54,0,108,16222,0.9999999999814816,0.33333333333127574,0.49999999962037045,0.9934082031249394,0.33333333333127574
small,2000,824,Hough transform baseline,3,3,0,0.9625485625485625,0.9268755935422601,0.9772727272727273,1.0,1.0,1,1,178,0,172,16034,0.999999999994382,0.5085714285699755,0.6742424237929292,0.9895019531249396,0.5085714285699755
small,2000,825,Hough transform baseline,4,4,0,0.9569217137171994,0.9173423703519464,0.9705882352941176,1.0,1.0,2,2,206,0,260,15918,0.9999999999951457,0.44206008583596124,0.6130952376682611,0.9841308593749399,0.44206008583596124
small,2000,826,Hough transform baseline,1,1,0,1.0,1.0,1.0,1.0,1.0,0,0,22,0,42,16320,0.9999999999545455,0.3437499999946289,0.5116279065840994,0.997436523437439,0.3437499999946289
small,2000,827,Hough transform baseline,1,1,0,0.9611268939393939,0.9270833333333333,0.9696969696969697,1.0,1.0,0,0,67,0,130,16187,0.9999999999850746,0.3401015228409132,0.5075757571931531,0.9920654296874394,0.3401015228409132
small,2000,828,Hough transform baseline,1,2,1,0.13666666666666666,0.0,0.43333333333333335,0.0,0.5,0,1,24,0,24,16336,0.9999999999583333,0.4999999999895834,0.6666666662037037,0.998535156249939,0.4999999999895834
small,2000,829,Hough transform baseline,1,1,0,0.9696283391405343,0.9430894308943089,0.9761904761904762,1.0,1.0,0,0,31,0,61,16292,0.9999999999677419,0.33695652173546786,0.5040650402651861,0.9962768554686892,0.33695652173546786
small,2000,830,Hough transform baseline,3,3,0,0.9739819004524887,0.9487179487179488,0.9852941176470589,1.0,1.0,2,2,132,0,68,16184,0.9999999999924243,0.6599999999967,0.7951807224077514,0.9958496093749392,0.6599999999967
small,2000,831,Hough transform baseline,4,5,1,0.5119108391608391,0.6042463092463092,0.8,0.0,0.8,0,1,95,2,171,16116,0.9793814432888723,0.3571428571415145,0.5234159775669239,0.9894409179686896,0.35447761193897587
small,2000,832,Hough transform baseline,4,4,0,0.951686799719888,0.9011029411764707,0.9809523809523809,1.0,1.0,0,0,209,0,224,15951,0.9999999999952154,0.48267898383260355,0.6510903422379684,0.9863281249999398,0.48267898383260355
small,2000,833,Hough transform baseline,5,6,1,0.6382535436312772,0.8057401012155242,0.9616858237547893,0.0,0.8333333333333334,0,1,243,3,459,15679,0.987804878044765,0.34615384615335304,0.5126582274627062,0.9718017578124407,0.3446808510633409
small,2000,834,Hough transform baseline,2,2,0,1.0,1.0,1.0,1.0,1.0,0,0,78,0,0,16306,0.9999999999871795,0.9999999999871795,0.9999999994871795,0.9999999999999389,0.9999999999871795
small,2000,835,Hough transform baseline,3,3,0,0.9435,0.8833333333333333,0.98,1.0,1.0,0,0,103,0,30,16251,0.9999999999902912,0.7744360902197411,0.8728813554328856,0.998168945312439,0.7744360902197411
small,2000,836,Hough transform baseline,4,5,1,0.8695531100478469,0.85153216374269,0.7818181818181819,1.0,0.8,0,0,176,25,311,15872,0.8756218905429074,0.36139630390069527,0.5116279065616591,0.9794921874999402,0.34374999999932865
small,2000,837,Hough transform baseline,2,2,0,0.9693661971830986,0.9444444444444444,0.971830985915493,1.0,1.0,0,0,73,0,86,16225,0.9999999999863013,0.4591194968524584,0.6293103443908664,0.9947509765624393,0.4591194968524584
small,2000,838,Hough transform baseline,5,5,0,0.9769317647952909,0.957838506522717,0.9795221843003413,1.0,1.0,0,0,298,0,440,15646,0.9999999999966444,0.40379403793983226,0.5752895748786542,0.9731445312499406,0.40379403793983226
small,2000,839,Hough transform baseline,4,5,1,0.700552605376701,0.7246376811594203,0.8473282442748091,0.5,0.8,1,2,127,7,113,16137,0.947761194022778,0.5291666666644619,0.6791443845632703,0.9926757812499394,0.5141700404837484
small,2000,840,Hough transform baseline,5,9,4,0.5395273230917601,0.6492476060191518,0.646551724137931,0.25,0.5555555555555556,4,16,328,91,471,15494,0.7828162291150769,0.4105131414262697,0.53858784848046,0.965698242187441,0.36853932584228255
small,2000,841,Hough transform baseline,5,7,2,0.9138229748793947,0.9042182672104808,0.9274809160305344,1.0,0.7142857142857143,1,1,268,0,204,15912,0.9999999999962687,0.5677966101682885,0.7243243238603653,0.9875488281249397,0.5677966101682885
small,2000,842,Hough transform baseline,5,10,5,0.5088814795290809,0.7385714285714284,0.47785977859778594,0.12380952380952381,0.5,3,21,353,76,312,15643,0.8228438228419048,0.5308270676683747,0.6453382079315947,0.9763183593749404,0.4763832658563072
small,2000,843,Hough transform baseline,5,5,0,0.9752971206848212,0.9545109442613899,0.9788359788359788,1.0,1.0,1,1,377,0,664,15343,0.9999999999973475,0.36215177713702,0.531734837408604,0.9594726562499414,0.36215177713702
small,2000,844,Hough transform baseline,3,4,1,0.927189644959489,0.9157569667966644,0.9504950495049505,1.0,0.75,0,0,195,0,233,15956,0.9999999999948719,0.4556074766344495,0.6260032098408003,0.9857788085936898,0.4556074766344495
small,2000,845,Hough transform baseline,5,10,5,0.5602417269575288,0.7175707547169811,0.7094017094017093,0.18181818181818182,0.5,2,11,275,58,370,15681,0.8258258258233458,0.42635658914662583,0.5623721876887957,0.9738769531249405,0.39118065433799265
small,2000,846,Hough transform baseline,1,1,0,0.8465277777777778,0.7083333333333334,0.8888888888888888,1.0,1.0,0,0,19,0,34,16331,0.9999999999473684,0.3584905660309719,0.5277777773746142,0.997924804687439,0.3584905660309719
small,2000,847,Hough transform baseline,1,1,0,1.0,1.0,1.0,1.0,1.0,0,0,61,0,0,16323,0.9999999999836067,0.9999999999836067,0.9999999994836066,0.9999999999999389,0.9999999999836067
small,2000,848,Hough transform baseline,4,5,1,0.6176298796705824,0.8998410174880764,0.6635071090047393,0.0,0.8,0,1,165,41,61,16117,0.8009708737825196,0.7300884955719908,0.763888888386424,0.9937744140624393,0.6179775280875731
small,2000,849,Hough transform baseline,5,8,3,0.49400519518973884,0.6017736099614848,0.5535353535353535,0.2,0.625,1,5,319,143,482,15440,0.690476190474696,0.3982521847685415,0.5051464761781354,0.9618530273436913,0.3379237288132014
small,2000,850,Hough transform baseline,1,1,0,1.0,1.0,1.0,1.0,1.0,0,0,64,0,0,16320,0.9999999999843749,0.9999999999843749,0.9999999994843749,0.9999999999999389,0.9999999999843749
small,2000,851,Hough transform baseline,3,3,0,0.9626638727702558,0.9264870931537599,0.9787234042553191,1.0,1.0,0,0,191,0,262,15931,0.9999999999947644,0.42163355408295444,0.5931677014442681,0.9840087890624399,0.42163355408295444
small,2000,852,Hough transform baseline,2,2,0,0.8927013593020897,0.7951015531660692,0.9245283018867925,1.0,1.0,0,0,55,0,102,16227,0.9999999999818182,0.3503184713353483,0.518867924139151,0.9937744140624393,0.3503184713353483
small,2000,853,Hough transform baseline,5,6,1,0.9121380855134258,0.8956937287170369,0.8787128712871287,1.0,0.8333333333333334,0,0,367,16,386,15615,0.9582245430784381,0.487383798140123,0.6461267601152844,0.9754638671874404,0.47724317295126495
small,2000,854,Hough transform baseline,1,1,0,1.0,1.0,1.0,1.0,1.0,0,0,61,0,0,16323,0.9999999999836067,0.9999999999836067,0.9999999994836066,0.9999999999999389,0.9999999999836067
small,2000,855,Hough transform baseline,2,2,0,0.9820131845841785,0.966159567275186,0.9862068965517241,1.0,1.0,1,1,105,0,204,16075,0.9999999999904762,0.3398058252416188,0.5072463764305468,0.9875488281249397,0.3398058252416188
small,2000,856,Hough transform baseline,5,4,1,0.6757971014492754,0.5739935587761674,0.4375,1.0,0.8,0,0,117,136,191,15940,0.4624505928835477,0.3798701298688965,0.4171122989685595,0.9800415039061902,0.26351351351292
small,2000,857,Hough transform baseline,5,8,3,0.5175737546206653,0.5920442410373761,0.6307692307692307,0.25,0.625,1,4,208,62,303,15811,0.7703703703675172,0.40704500978393926,0.5326504476896523,0.9777221679686903,0.36300174520006456
small,2000,858,Hough transform baseline,2,2,0,0.9547961075069509,0.9102564102564102,0.9759036144578314,1.0,1.0,0,0,85,0,58,16241,0.9999999999882353,0.5944055944014378,0.745614034613535,0.9964599609374392,0.5944055944014378
small,2000,859,Hough transform baseline,4,7,3,0.5231441901303848,0.7097581411022271,0.7330508474576272,0.0,0.5714285714285714,0,1,193,1,335,15855,0.9948453608196143,0.36553030302961076,0.5346260383866837,0.9794921874999402,0.36483931947000975
small,2000,860,Hough transform baseline,1,1,0,0.9007245641425969,0.7934972677595629,0.9682539682539683,1.0,1.0,0,0,64,0,128,16192,0.9999999999843749,0.33333333333159726,0.49999999962109376,0.9921874999999394,0.33333333333159726
small,2000,861,Hough transform baseline,5,4,1,0.8037035833255504,0.6581871188457533,0.8875968992248062,1.0,0.8,0,0,242,20,296,15826,0.9236641221338792,0.44981412639321594,0.604999999558,0.9807128906249402,0.4336917562716242
small,2000,862,Hough transform baseline,4,5,1,0.6036476964769648,0.8335802469135802,0.5426829268292683,0.16,0.8,1,5,175,91,220,15898,0.657894736839632,0.4430379746824227,0.5295007559470933,0.98101806640619,0.3600823045260081
small,2000,863,Hough transform baseline,4,4,0,0.9616803692630899,0.9269116300366301,0.9728506787330317,1.0,1.0,1,1,224,0,352,15808,0.9999999999955358,0.38888888888821377,0.5599999995954,0.9785156249999403,0.38888888888821377
small,2000,864,Hough transform baseline,1,1,0,0.9084291187739463,0.8271604938271604,0.9310344827586207,1.0,1.0,0,0,30,0,56,16298,0.9999999999666667,0.34883720929826934,0.5172413789179547,0.9965820312499392,0.34883720929826934
small,2000,865,Hough transform baseline,4,6,2,0.5228511404561825,0.5836601307189543,0.8010204081632653,0.13333333333333333,0.6666666666666667,1,3,159,31,105,16089,0.8368421052587535,0.602272727270446,0.7004405281445594,0.9916992187499395,0.5389830508456306
small,2000,866,Hough transform baseline,4,5,1,0.6195813095704401,0.822192699946323,0.847972972972973,0.0,0.8,0,1,260,23,175,15926,0.9187279151911,0.5977011494239134,0.724233982807299,0.9879150390624397,0.5676855895184112
small,2000,867,Hough transform baseline,3,3,0,0.9629085005903187,0.9249206349206349,0.9834710743801653,1.0,1.0,0,0,124,0,104,16156,0.9999999999919355,0.5438596491204217,0.7045454540850983,0.9936523437499393,0.5438596491204217
small,2000,868,Hough transform baseline,1,1,0,1.0,1.0,1.0,1.0,1.0,0,0,33,0,68,16283,0.9999999999696971,0.3267326732640917,0.49253731305424364,0.9958496093749392,0.3267326732640917
small,2000,869,Hough transform baseline,4,6,2,0.7206480403342989,0.8034864940128098,0.7120622568093385,0.6,0.6666666666666667,1,1,197,56,188,15943,0.7786561264791357,0.5116883116869826,0.6175548584536364,0.9851074218749398,0.4467120181395766
small,2000,870,Hough transform baseline,4,7,3,0.46601500490170933,0.6189349112426036,0.6517571884984026,0.0,0.5714285714285714,2,4,206,48,491,15639,0.8110236220440511,0.29555236728795475,0.4332281804698358,0.9671020507811909,0.27651006711372283
small,2000,871,Hough transform baseline,3,4,1,0.4632179487179488,0.5293732193732195,0.75,0.0,0.75,0,2,91,5,196,16092,0.9479166666567925,0.31707317073060254,0.4751958220761747,0.9877319335936897,0.31164383561537107
small,2000,872,Hough transform baseline,2,2,0,0.8393741830065359,0.6677450980392157,0.9444444444444444,1.0,1.0,0,0,52,0,96,16236,0.9999999999807693,0.3513513513489774,0.51999999961,0.9941406249999393,0.3513513513489774
small,2000,873,Hough transform baseline,3,4,1,0.9373518157262906,0.9299428104575164,0.9693877551020408,1.0,0.75,0,0,102,0,194,16088,0.9999999999901961,0.34459459459343045,0.5125628136865735,0.9881591796874397,0.34459459459343045
small,2000,874,Hough transform baseline,2,2,0,0.9791429475015814,0.9623655913978496,0.9803921568627451,1.0,1.0,0,0,104,0,126,16154,0.9999999999903846,0.45217391304151233,0.6227544905853921,0.9923095703124394,0.45217391304151233
small,2000,875,Hough transform baseline,5,7,2,0.7459022389211067,0.883875794986906,0.8419811320754718,0.43333333333333335,0.7142857142857143,3,6,318,30,417,15619,0.91379310344565,0.4326530612239012,0.5872576172912936,0.9727172851561906,0.41568627450926054
small,2000,876,Hough transform baseline,4,4,0,0.9662399492170969,0.9313725490196079,0.9856115107913669,1.0,1.0,0,0,143,0,36,16205,0.999999999993007,0.7988826815597828,0.8881987572647082,0.997802734374939,0.7988826815597828
small,2000,877,Hough transform baseline,4,4,0,1.0,1.0,1.0,1.0,1.0,1,1,276,0,0,16108,0.9999999999963769,0.9999999999963769,0.9999999994963769,0.9999999999999389,0.9999999999963769
small,2000,878,Hough transform baseline,4,4,0,0.9922795497185741,0.9871794871794872,0.9902439024390244,1.0,1.0,0,0,209,0,184,15991,0.9999999999952154,0.5318066157747282,0.694352159012842,0.9887695312499396,0.5318066157747282
small,2000,879,Hough transform baseline,4,5,1,0.9239393939393941,0.8939393939393939,0.9583333333333334,1.0,0.8,0,0,190,0,67,16127,0.9999999999947369,0.739299610892065,0.8501118563306957,0.9959106445311892,0.739299610892065
small,2000,880,Hough transform baseline,5,5,0,0.899606804407025,0.9081561078128585,0.9546827794561934,0.8,1.0,4,5,310,7,400,15667,0.9779179810694704,0.43661971830924423,0.6037000969430252,0.9751586914061905,0.4323570432351013
small,2000,881,Hough transform baseline,1,1,0,1.0,1.0,1.0,1.0,1.0,0,0,98,0,0,16286,0.9999999999897958,0.9999999999897958,0.9999999994897959,0.9999999999999389,0.9999999999897958
small,2000,882,Hough transform baseline,1,1,0,0.8239090909090908,0.6288888888888888,0.9545454545454546,1.0,1.0,0,0,33,0,62,16289,0.9999999999696971,0.34736842104897503,0.5156249996092529,0.9962158203124392,0.34736842104897503
small,2000,883,Hough transform baseline,2,2,0,0.8799056603773586,0.7666666666666668,0.9245283018867925,1.0,1.0,0,0,55,0,102,16227,0.9999999999818182,0.3503184713353483,0.518867924139151,0.9937744140624393,0.3503184713353483
small,2000,884,Hough transform baseline,3,3,0,0.9569333333333333,0.9185185185185186,0.968,1.0,1.0,2,2,126,0,148,16110,0.9999999999920635,0.45985401459686187,0.6299999995653,0.9909667968749395,0.45985401459686187
small,2000,885,Hough transform baseline,4,6,2,0.4663852922321243,0.6368016240635901,0.5657894736842105,0.0,0.6666666666666667,0,2,149,78,259,15898,0.6563876651953463,0.36519607843047747,0.4692913381218228,0.9794311523436902,0.30658436213928686
small,2000,886,Hough transform baseline,3,4,1,0.8678050974512743,0.8230917874396135,0.8620689655172413,1.0,0.75,0,0,156,1,265,15962,0.9936305732420788,0.37054631828890605,0.5397923871456939,0.9837646484374399,0.36966824644462165
small,2000,887,Hough transform baseline,5,5,0,0.9616630055309301,0.9231924231924232,0.9811320754716981,1.0,1.0,0,0,202,0,240,15942,0.9999999999950495,0.4570135746595995,0.6273291921140773,0.9853515624999398,0.4570135746595995
small,2000,888,Hough transform baseline,4,4,0,0.7484414684947021,0.8996794871794872,0.8012618296529969,0.3333333333333333,1.0,1,3,263,55,276,15790,0.8270440251546319,0.4879406307968684,0.6137689610253999,0.9797973632811902,0.4427609427601974
small,2000,889,Hough transform baseline,4,5,1,0.5807718360071301,0.7811764705882351,0.7462121212121212,0.0,0.8,0,3,239,14,286,15845,0.9446640316168196,0.45523809523722814,0.6143958864489958,0.98168945312494,0.4434137291271922
small,2000,890,Hough transform baseline,3,4,1,0.6692333983177616,0.9121712292002148,0.9187817258883249,0.0,0.75,0,1,196,4,84,16100,0.9799999999951,0.6999999999975001,0.8166666661771528,0.9946289062499393,0.6901408450679924
small,2000,891,Hough transform baseline,4,5,1,0.5993936049821806,0.6506883423344524,0.7329192546583851,0.32,0.8,2,5,265,57,457,15605,0.8229813664570715,0.36703601107982403,0.5076628348214683,0.9686279296874408,0.34017971758621285
small,2000,892,Hough transform baseline,1,1,0,0.9617221584385763,0.9282051282051282,0.9701492537313433,1.0,1.0,0,0,68,0,132,16184,0.9999999999852941,0.3399999999983,0.5074626861846736,0.9919433593749394,0.3399999999983
small,2000,893,Hough transform baseline,1,2,1,0.5383680862831859,0.8335416666666666,0.5663716814159292,0.0,0.5,0,1,80,11,148,16145,0.8791208791112184,0.35087719298091724,0.5015673977081987,0.9902954101561895,0.33472803347140284
small,2000,894,Hough transform baseline,4,5,1,0.604967693236715,0.7822685185185185,0.8647342995169083,0.0,0.8,0,1,182,9,181,16012,0.9528795811468436,0.5013774104669384,0.6570397107371594,0.9884033203124396,0.48924731182664183
small,2000,895,Hough transform baseline,2,2,0,0.9569444444444444,0.9135802469135802,0.9791666666666666,1.0,1.0,0,0,98,0,60,16226,0.9999999999897958,0.6202531645530364,0.7656249995214843,0.9963378906249392,0.6202531645530364
small,2000,896,Hough transform baseline,1,1,0,0.9175,0.8444444444444444,0.9375,1.0,1.0,0,0,33,0,62,16289,0.9999999999696971,0.34736842104897503,0.5156249996092529,0.9962158203124392,0.34736842104897503
small,2000,897,Hough transform baseline,1,1,0,0.9644444444444444,0.9333333333333333,0.9722222222222222,1.0,1.0,0,0,73,0,146,16165,0.9999999999863013,0.33333333333181125,0.4999999996215753,0.9910888671874395,0.33333333333181125
small,2000,898,Hough transform baseline,2,2,0,0.9717213114754099,0.9444444444444444,0.9836065573770492,1.0,1.0,0,0,124,0,90,16170,0.9999999999919355,0.5794392523337409,0.7337278101819964,0.9945068359374393,0.5794392523337409
small,2000,899,Hough transform baseline,2,2,0,0.9847708795269771,0.9715447154471544,0.9878787878787879,1.0,1.0,0,0,167,0,166,16051,0.999999999994012,0.5015015014999955,0.6679999995524402,0.9898681640624396,0.5015015014999955
small,2000,900,Hough transform baseline,4,4,0,0.9676227858293076,0.9387860082304527,0.9758454106280193,1.0,1.0,3,3,197,2,222,15963,0.989949748738744,0.4701670644380187,0.6375404526357338,0.9863281249999398,0.4679334916853493
small,2000,901,Hough transform baseline,1,1,0,1.0,1.0,1.0,1.0,1.0,0,0,25,0,0,16359,0.99999999996,0.99999999996,0.99999999946,0.9999999999999389,0.99999999996
small,2000,902,Hough transform baseline,5,9,4,0.5324172434914811,0.6740644867875989,0.7009966777408638,0.13333333333333333,0.5555555555555556,1,6,230,47,434,15673,0.8303249097442948,0.34638554216815304,0.48884165739436986,0.9706420898436907,0.32348804500657735
small,2000,903,Hough transform baseline,5,5,0,0.843099393343171,0.879438596491228,0.9034267912772586,0.6666666666666666,1.0,2,3,296,27,261,15800,0.916408668727813,0.5314183123868377,0.6727272722610976,0.98242187499994,0.5068493150676253
small,2000,904,Hough transform baseline,3,3,0,0.9849236309988718,0.9718196457326892,0.9880239520958084,1.0,1.0,0,0,165,0,146,16073,0.9999999999939394,0.5305466237925063,0.6932773104684962,0.9910888671874395,0.5305466237925063
small,2000,905,Hough transform baseline,2,3,1,0.4360928896017108,0.5757364341085272,0.5517241379310345,0.0,0.6666666666666667,0,3,128,26,174,16056,0.831168831163434,0.4238410596012456,0.5614035083221376,0.9877929687499397,0.39024390243783463
small,2000,906,Hough transform baseline,3,4,1,0.7345189471295668,0.9841161788064443,0.6666666666666667,0.3333333333333333,0.75,1,3,260,17,177,15930,0.9386281588413768,0.5949656750558467,0.7282913160496788,0.9881591796874397,0.5726872246683421
small,2000,907,Hough transform baseline,4,6,2,0.5363605442176871,0.6333333333333334,0.7448979591836735,0.14285714285714285,0.6666666666666667,1,7,232,42,179,15931,0.8467153284640632,0.5644768856433955,0.677372262291745,0.9865112304686897,0.5121412803520703
small,2000,908,Hough transform baseline,3,3,0,0.7560919893273765,0.49173747276688456,0.9240506329113924,1.0,1.0,0,0,80,2,158,16144,0.9756097560856632,0.3361344537801003,0.4999999996157032,0.9902343749999395,0.3333333333319445
small,2000,909,Hough transform baseline,5,5,0,0.620682002226946,0.7559059059059059,0.9026217228464419,0.0,1.0,0,3,252,17,220,15895,0.9368029739742126,0.5338983050836147,0.6801619428555278,0.9855346679686898,0.5153374233118296
small,2000,910,Hough transform baseline,3,6,3,0.5046169099617951,0.7457523775129409,0.5951417004048583,0.0,0.5,0,1,179,1,322,15882,0.9944444444389198,0.3572854291410034,0.5256975032806208,0.9802856445311902,0.35657370517857256
small,2000,911,Hough transform baseline,5,6,1,0.6302788742986224,0.7551170751609597,0.7857142857142857,0.19999999999999998,0.8333333333333334,2,6,264,43,356,15721,0.8599348534173944,0.4258064516122165,0.5695792875816643,0.9756469726561904,0.3981900452482682
small,2000,912,Hough transform baseline,1,1,0,1.0,1.0,1.0,1.0,1.0,0,0,25,0,0,16359,0.99999999996,0.99999999996,0.99999999946,0.9999999999999389,0.99999999996
small,2000,913,Hough transform baseline,1,1,0,1.0,1.0,1.0,1.0,1.0,0,0,40,0,0,16344,0.9999999999750001,0.9999999999750001,0.9999999994750002,0.9999999999999389,0.9999999999750001
small,2000,914,Hough transform baseline,4,7,3,0.6812751772635188,0.9069228778467908,0.6738351254480286,0.325,0.5714285714285714,3,8,211,31,249,15893,0.8719008264426781,0.4586956521729159,0.6011396006861065,0.9829101562499399,0.42973523421501075
small,2000,915,Hough transform baseline,5,6,1,0.5452143151436192,0.6922578184591914,0.7518248175182481,0.0,0.8333333333333334,0,2,205,45,265,15869,0.81999999999672,0.43617021276502943,0.5694444439895447,0.98107910156244,0.3980582524264115
small,2000,916,Hough transform baseline,5,6,1,0.5592548405864753,0.6503306221786993,0.9163636363636364,0.0,0.8333333333333334,1,2,228,5,264,15887,0.9785407725279891,0.4634146341453996,0.6289655168034549,0.9835815429686899,0.4587525150896202
small,2000,917,Hough transform baseline,3,3,0,0.9331164994425865,0.8698885172798216,0.9583333333333334,1.0,1.0,0,0,92,0,110,16182,0.9999999999891304,0.45544554455220077,0.6258503397017908,0.9932861328124394,0.45544554455220077
small,2000,918,Hough transform baseline,5,6,1,0.9598456376505158,0.9657131386128677,0.9597069597069597,1.0,0.8333333333333334,0,0,279,0,240,15865,0.9999999999964158,0.5375722543342243,0.6992481198442252,0.9853515624999398,0.5375722543342243
small,2000,919,Hough transform baseline,5,6,1,0.9141755210982639,0.8968210233160073,0.8863636363636364,1.0,0.8333333333333334,0,0,402,0,479,15503,0.9999999999975124,0.45629965947734813,0.6266562739256917,0.9707641601561907,0.45629965947734813
small,2000,920,Hough transform baseline,5,6,1,0.6423152929493546,0.8298830409356726,0.9276729559748428,0.0,0.8333333333333334,0,1,316,1,460,15607,0.9968454258643633,0.4072164948448361,0.5782250682056002,0.9718627929686906,0.4066924066918833
small,2000,921,Hough transform baseline,2,3,1,0.7951062843341797,0.7436399217221136,0.71900826446281,1.0,0.6666666666666667,0,0,101,7,128,16148,0.935185185176526,0.4410480349325719,0.5994065277508123,0.9917602539061895,0.42796610169310184
small,2000,922,Hough transform baseline,1,1,0,0.9422739018087856,0.8914728682170543,0.9555555555555556,1.0,1.0,0,0,46,0,88,16250,0.999999999978261,0.34328358208699045,0.5111111107249383,0.9946289062499393,0.34328358208699045
small,2000,923,Hough transform baseline,2,3,1,0.840297619047619,0.825,0.7619047619047619,1.0,0.6666666666666667,0,0,45,0,27,16312,0.9999999999777779,0.6249999999913194,0.7692307687442472,0.998352050781189,0.6249999999913194
small,2000,924,Hough transform baseline,5,9,4,0.5743375397832893,0.8407101255157088,0.7023121387283238,0.0,0.5555555555555556,0,4,274,26,281,15803,0.9133333333302889,0.4936936936928042,0.6409356720575958,0.98126220703119,0.47160068846734665
small,2000,925,Hough transform baseline,1,1,0,1.0,1.0,1.0,1.0,1.0,0,0,72,0,0,16312,0.9999999999861111,0.9999999999861111,0.9999999994861111,0.9999999999999389,0.9999999999861111
small,2000,926,Hough transform baseline,3,3,0,0.9510933503836317,0.9070048309178745,0.9647058823529412,1.0,1.0,0,0,170,0,346,15868,0.9999999999941177,0.3294573643404468,0.4956268217831856,0.9788818359374403,0.3294573643404468
small,2000,927,Hough transform baseline,5,5,0,0.794798743931228,0.8316829836829837,0.9777070063694268,0.5,1.0,1,2,307,10,236,15831,0.9684542586720238,0.5653775322273198,0.7139534879049623,0.9849853515624398,0.5551537070514373
small,2000,928,Hough transform baseline,2,2,0,0.956918505942275,0.904263346538389,1.0,1.0,1.0,0,0,147,0,232,16005,0.9999999999931973,0.3878627968327497,0.5589353608118738,0.9858398437499398,0.3878627968327497
small,2000,929,Hough transform baseline,1,1,0,0.9699929128277817,0.9437751004016064,0.9764705882352941,1.0,1.0,0,0,86,0,168,16130,0.9999999999883721,0.33858267716402135,0.5058823525602768,0.9897460937499396,0.33858267716402135
small,2000,930,Hough transform baseline,5,6,1,0.5909323604922672,0.7834448160535118,0.7752442996742671,0.0,0.8333333333333334,0,3,241,49,149,15945,0.8310344827557551,0.6179487179471335,0.7088235289204929,0.9879150390624397,0.5489749430511413
small,2000,931,Hough transform baseline,2,2,0,0.8960638122909929,0.7996820349761526,0.9310344827586207,1.0,1.0,0,0,60,0,112,16212,0.9999999999833334,0.3488372093002975,0.5172413789224138,0.9931640624999394,0.3488372093002975
small,2000,932,Hough transform baseline,5,5,0,0.6156083363277038,0.7031884057971014,0.9958677685950413,0.0,1.0,0,2,234,10,350,15790,0.9590163934386926,0.40068493150616324,0.5652173908872903,0.9780273437499403,0.39393939393873073
small,2000,933,Hough transform baseline,1,1,0,0.9644444444444444,0.9333333333333333,0.9722222222222222,1.0,1.0,0,0,73,0,142,16169,0.9999999999863013,0.33953488371935103,0.506944444062476,0.9913330078124395,0.33953488371935103
small,2000,934,Hough transform baseline,3,4,1,0.5814232631324134,0.7614161220043573,0.8189300411522633,0.0,0.75,0,2,202,14,168,16000,0.9351851851808557,0.5459459459444704,0.6894197947540215,0.9888916015624396,0.5260416666652968
small,2000,935,Hough transform baseline,1,1,0,0.892695652173913,0.7971014492753623,0.92,1.0,1.0,0,0,17,2,72,16293,0.8947368420581717,0.19101123595290997,0.31481481451903287,0.9954833984374392,0.1868131868111339
small,2000,936,Hough transform baseline,3,4,1,0.9153312561339317,0.8884415816782967,0.9526627218934911,1.0,0.75,1,1,169,0,320,15895,0.999999999994083,0.34560327198293334,0.5136778111668452,0.9804687499999402,0.34560327198293334
small,2000,937,Hough transform baseline,3,3,0,0.5371724137931034,0.7007407407407408,0.6091954022988506,0.0,1.0,0,2,118,57,192,16017,0.6742857142818612,0.3806451612890947,0.4865979376810628,0.9848022460936898,0.321525885557707
small,2000,938,Hough transform baseline,4,6,2,0.5972045718713677,0.8831876820640865,0.6655172413793103,0.0,0.6666666666666667,0,2,219,66,354,15745,0.7684210526288827,0.38219895287891414,0.5104895100446558,0.9743652343749405,0.34272300469429934
small,2000,939,Hough transform baseline,2,2,0,0.9485576923076924,0.9027777777777779,0.9615384615384616,1.0,1.0,0,0,54,0,50,16280,0.9999999999814816,0.5192307692257766,0.6835443033388879,0.9969482421874392,0.5192307692257766
small,2000,940,Hough transform baseline,4,7,3,0.5442211703958691,0.6499999999999999,0.7228915662650602,0.2,0.5714285714285714,1,2,192,32,277,15883,0.8571428571390306,0.40938166311213353,0.5541125536734486,0.98114013671869,0.3832335329333668
small,2000,941,Hough transform baseline,5,5,0,0.9330544454124886,0.9147006139400505,0.9821958456973294,0.9,1.0,2,2,340,0,386,15658,0.9999999999970589,0.46831955922800506,0.6378986862435363,0.9764404296874404,0.46831955922800506
small,2000,942,Hough transform baseline,2,2,0,0.9418661971830986,0.8833333333333333,0.971830985915493,1.0,1.0,0,0,60,0,114,16210,0.9999999999833334,0.3448275862049148,0.5128205124348018,0.9930419921874394,0.3448275862049148
small,2000,943,Hough transform baseline,4,7,3,0.6706736869318715,0.5501630732900082,0.5797872340425532,1.0,0.5714285714285714,0,0,225,122,422,15615,0.6484149855889095,0.34775888717102355,0.4527162973313543,0.9667968749999409,0.2925877763325194
small,2000,944,Hough transform baseline,3,3,0,0.9808755472170106,0.962059620596206,0.9897435897435898,1.0,1.0,1,1,197,0,84,16103,0.999999999994924,0.7010676156558681,0.8242677819387703,0.9948730468749393,0.7010676156558681
small,2000,945,Hough transform baseline,3,3,0,0.6545947079154627,0.8152419085752419,0.9386792452830188,0.0,1.0,0,1,210,4,406,15764,0.9813084112103677,0.3409090909085375,0.5060240960016141,0.9749755859374405,0.33870967741880853
small,2000,946,Hough transform baseline,3,4,1,0.63025,0.7341111111111112,0.812,0.25,0.75,1,4,186,18,198,15982,0.9117647058778836,0.4843749999987386,0.6326530607691934,0.9868164062499397,0.46268656716302814
small,2000,947,Hough transform baseline,1,1,0,1.0,1.0,1.0,1.0,1.0,0,0,53,0,0,16331,0.9999999999811321,0.9999999999811321,0.9999999994811322,0.9999999999999389,0.9999999999811321
small,2000,948,Hough transform baseline,5,6,1,0.7264901790033866,0.8432136752136752,0.9018867924528302,0.3333333333333333,0.8333333333333334,1,3,251,17,304,15812,0.9365671641756098,0.4522522522514374,0.6099635475544616,0.9804077148436902,0.4388111888104217
small,2000,949,Hough transform baseline,1,1,0,0.9249350649350648,0.8585858585858585,0.9428571428571428,1.0,1.0,0,0,36,0,68,16280,0.9999999999722223,0.34615384615051775,0.5142857138963265,0.9958496093749392,0.34615384615051775
small,2000,950,Hough transform baseline,1,1,0,1.0,1.0,1.0,1.0,1.0,0,0,16,0,0,16368,0.9999999999375,0.9999999999375,0.9999999994375,0.9999999999999389,0.9999999999375
small,2000,951,Hough transform baseline,5,5,0,0.8237582062623677,0.7787741046831956,0.9915492957746479,0.7,1.0,4,3,303,30,227,15824,0.9099099099071775,0.5716981132064685,0.7022016217723992,0.9843139648436899,0.5410714285704624
small,2000,952,Hough transform baseline,3,3,0,0.965035767906032,0.9355687047994741,0.9701492537313433,1.0,1.0,0,0,132,0,232,16020,0.9999999999924243,0.36263736263636637,0.5322580641233741,0.9858398437499398,0.36263736263636637
small,2000,953,Hough transform baseline,1,1,0,1.0,1.0,1.0,1.0,1.0,0,0,28,0,0,16356,0.9999999999642857,0.9999999999642857,0.9999999994642856,0.9999999999999389,0.9999999999642857
small,2000,954,Hough transform baseline,5,6,1,0.4861532531606537,0.6130434782608696,0.6347517730496454,0.0,0.8333333333333334,0,5,173,82,227,15902,0.6784313725463591,0.43249999999891875,0.5282442743320505,0.98114013671869,0.3589211618249815
small,2000,955,Hough transform baseline,5,6,1,0.7629163991255644,0.8886850423205856,0.8983739837398375,0.4,0.8333333333333334,1,2,236,0,304,15844,0.9999999999957627,0.4370370370362277,0.6082474222555797,0.98144531249994,0.4370370370362277
small,2000,956,Hough transform baseline,1,1,0,0.9743101114235134,0.9518900343642611,0.9797979797979798,1.0,1.0,0,0,100,0,196,16088,0.99999999999,0.3378378378366965,0.5050505046704419,0.9880371093749397,0.3378378378366965
small,2000,957,Hough transform baseline,4,5,1,0.6277427475178998,0.6096527394212772,0.8669950738916257,0.4,0.8,1,2,158,42,239,15945,0.7899999999960501,0.3979848866488716,0.529313232383492,0.9828491210936899,0.35990888382605946
small,2000,958,Hough transform baseline,5,6,1,0.5599797891118543,0.7062352801519467,0.7942028985507247,0.0,0.8333333333333334,0,3,302,33,289,15760,0.9014925373107419,0.510998307951758,0.6522678181113196,0.9803466796874402,0.4839743589735834
small,2000,959,Hough transform baseline,3,4,1,0.5783020477815699,0.8833333333333333,0.5290102389078498,0.0,0.75,0,2,171,90,238,15885,0.6551724137905932,0.4180929095344301,0.5104477607169036,0.9799804687499402,0.34268537074079625
small,2000,960,Hough transform baseline,2,6,4,0.6663429593662151,0.9447425959053866,0.6227106227106227,0.3333333333333333,0.33333333333333337,1,3,225,25,261,15873,0.8999999999964,0.4629629629620104,0.6114130430280084,0.98254394531244,0.4403131115451266
small,2000,961,Hough transform baseline,3,3,0,0.6849762912526071,0.8710428849902534,0.965034965034965,0.0,1.0,0,1,144,1,199,16040,0.9931034482690132,0.4198250728850734,0.5901639340061224,0.9877929687499397,0.41860465116157386
small,2000,962,Hough transform baseline,2,2,0,0.9805314088896179,0.9633699633699634,0.9850746268656716,1.0,1.0,0,0,131,0,234,16019,0.9999999999923664,0.3589041095880578,0.5282258060607684,0.9857177734374398,0.3589041095880578
small,2000,963,Hough transform baseline,5,4,1,0.7764659507391201,0.6720582569772937,0.9701986754966887,0.8,0.8,1,1,259,25,333,15767,0.9119718309827044,0.437499999999261,0.5913242004737026,0.9781494140624403,0.41977309562330667
small,2000,964,Hough transform baseline,3,4,1,0.9129722162683527,0.8846899224806201,0.9493087557603687,1.0,0.75,1,1,220,0,202,15962,0.9999999999954546,0.5213270142167741,0.685358254999078,0.9876708984374397,0.5213270142167741
small,2000,965,Hough transform baseline,4,6,2,0.6468647779161478,0.7961784511784512,0.6095890410958904,0.39999999999999997,0.6666666666666667,3,7,355,62,418,15549,0.8513189448420831,0.4592496765841407,0.5966386550059304,0.9707031249999407,0.4251497005982932
small,2000,966,Hough transform baseline,3,5,2,0.7451563028050017,0.8631313131313132,0.8587360594795539,0.5,0.6,1,2,248,4,261,15871,0.9841269841230789,0.4872298624744848,0.651773981158466,0.9838256835936899,0.4834307992193306
small,2000,967,Hough transform baseline,2,2,0,0.9885676392572944,0.9814323607427056,0.9846153846153847,1.0,1.0,0,0,122,1,31,16230,0.991869918691123,0.797385620909821,0.8840579705139938,0.998046874999939,0.792207792202648
small,2000,968,Hough transform baseline,5,6,1,0.936231884057971,0.9204013377926421,0.9435897435897436,1.0,0.8333333333333334,1,1,169,0,244,15971,0.999999999994083,0.40920096852201165,0.5807560133315914,0.9851074218749398,0.40920096852201165
small,2000,969,Hough transform baseline,5,11,6,0.5488400073361824,0.8250825986939667,0.48861646234676004,0.1375,0.4545454545454546,3,16,365,135,492,15392,0.72999999999854,0.4259043173857341,0.5379513628352129,0.9617309570311913,0.3679435483867259
small,2000,970,Hough transform baseline,4,4,0,0.6073200948882768,0.7361934156378601,0.8801652892561983,0.0,1.0,0,1,214,25,249,15896,0.8953974895360025,0.4622030237571011,0.6096866092357813,0.9832763671874399,0.4385245901630358
small,2000,971,Hough transform baseline,1,1,0,1.0,1.0,1.0,1.0,1.0,0,0,77,0,0,16307,0.9999999999870129,0.9999999999870129,0.999999999487013,0.9999999999999389,0.9999999999870129
small,2000,972,Hough transform baseline,1,1,0,0.805610294117647,0.5941666666666666,0.9411764705882353,1.0,1.0,0,0,35,0,70,16279,0.9999999999714286,0.33333333333015874,0.4999999996178572,0.9957275390624392,0.33333333333015874
small,2000,973,Hough transform baseline,1,1,0,0.9531046312178387,0.9119496855345911,0.9636363636363636,1.0,1.0,0,0,56,0,108,16220,0.999999999982143,0.34146341463206425,0.5090909087067769,0.9934082031249394,0.34146341463206425
small,2000,974,Hough transform baseline,2,2,0,0.9579861111111111,0.9189814814814815,0.9722222222222222,1.0,1.0,0,0,64,0,122,16198,0.9999999999843749,0.34408602150352646,0.511999999614976,0.9925537109374394,0.34408602150352646
small,2000,975,Hough transform baseline,4,7,3,0.5206950404667796,0.7399925061519264,0.4444444444444444,0.16666666666666666,0.5714285714285714,1,6,157,111,306,15810,0.5858208955202022,0.339092872569462,0.42954856314589585,0.9745483398436905,0.27351916376258967
small,2000,976,Hough transform baseline,2,2,0,0.9832140300644238,0.9696969696969697,0.984251968503937,1.0,1.0,0,0,129,0,156,16099,0.9999999999922481,0.45263157894578027,0.6231884053650844,0.9904785156249395,0.45263157894578027
small,2000,977,Hough transform baseline,5,6,1,0.628132344371315,0.6614772727272727,0.8190045248868778,0.3333333333333333,0.8333333333333334,1,3,192,20,75,16097,0.9056603773542187,0.7191011235928124,0.8016701456410319,0.9942016601561893,0.6689895470359966
small,2000,978,Hough transform baseline,5,5,0,0.6544079482329176,0.814239884962039,0.94,0.0,1.0,0,1,202,6,314,15862,0.9711538461491772,0.3914728682162956,0.5580110493127041,0.9804687499999402,0.38697318007588705
small,2000,979,Hough transform baseline,3,3,0,1.0,1.0,1.0,1.0,1.0,0,0,102,0,9,16273,0.9999999999901961,0.9189189189106404,0.9577464783651392,0.9994506835936889,0.9189189189106404
small,2000,980,Hough transform baseline,2,2,0,1.0,1.0,1.0,1.0,1.0,0,0,95,0,0,16289,0.9999999999894736,0.9999999999894736,0.9999999994894737,0.9999999999999389,0.9999999999894736
small,2000,981,Hough transform baseline,1,1,0,1.0,1.0,1.0,1.0,1.0,0,0,15,0,0,16369,0.9999999999333333,0.9999999999333333,0.9999999994333333,0.9999999999999389,0.9999999999333333
small,2000,982,Hough transform baseline,1,1,0,0.9482499999999999,0.9027777777777778,0.96,1.0,1.0,0,0,18,1,38,16327,0.9473684210027701,0.32142857142283165,0.4799999996088889,0.997619628906189,0.3157894736786704
small,2000,983,Hough transform baseline,3,4,1,0.563085557299843,0.7717094017094017,0.7040816326530612,0.0,0.75,0,1,117,43,188,16036,0.7312499999954297,0.38360655737579147,0.5032258059980668,0.9859008789061898,0.336206896550758
small,2000,984,Hough transform baseline,1,2,1,0.7766784555483452,0.8003482587064676,0.5826086956521739,1.0,0.5,0,0,80,0,130,16174,0.9999999999875,0.38095238095056694,0.5517241375277051,0.9920654296874394,0.38095238095056694
small,2000,985,Hough transform baseline,2,2,0,0.9719791078486731,0.9492753623188406,0.974025974025974,1.0,1.0,0,0,79,0,98,16207,0.9999999999873417,0.4463276836132976,0.6171874995684509,0.9940185546874393,0.4463276836132976
small,2000,986,Hough transform baseline,2,2,0,0.9763041125541125,0.9558080808080808,0.9809523809523809,1.0,1.0,1,1,95,0,132,16157,0.9999999999894736,0.4185022026413282,0.5900621113816018,0.9919433593749394,0.4185022026413282
small,2000,987,Hough transform baseline,4,4,0,0.954657862802728,0.9107537998955267,0.9740932642487047,1.0,1.0,0,0,180,1,258,15945,0.9944751381160527,0.41095890410865077,0.5815831982919034,0.9841918945311899,0.4100227790423462
small,2000,988,Hough transform baseline,5,8,3,0.6158486682323219,0.7731710699674087,0.7771084337349398,0.2,0.625,1,5,266,30,470,15618,0.8986486486456127,0.3614130434777698,0.5155038755588831,0.9694824218749408,0.34725848563923334
small,2000,989,Hough transform baseline,4,4,0,0.9505932427664079,0.906517094017094,0.963302752293578,1.0,1.0,0,0,113,0,104,16167,0.9999999999911504,0.5207373271865404,0.6848484843939945,0.9936523437499393,0.5207373271865404
small,2000,990,Hough transform baseline,5,5,0,0.6728033209680269,0.7449369369369369,0.7712418300653595,0.3333333333333333,1.0,1,3,276,32,268,15808,0.8961038961009867,0.507352941175538,0.6478873234805043,0.98168945312494,0.4791666666658348
small,2000,991,Hough transform baseline,5,11,6,0.4010301573426574,0.5819318181818182,0.46853146853146854,0.0,0.4545454545454546,1,7,161,123,173,15927,0.5669014084487081,0.48203592814226937,0.5210355982070883,0.98193359374994,0.35229759299704094
small,2000,992,Hough transform baseline,3,6,3,0.7211878997309621,0.8912837930966586,0.9338842975206612,0.3333333333333333,0.5,1,3,245,0,447,15692,0.9999999999959184,0.35404624277405483,0.5229455705838588,0.9727172851561906,0.35404624277405483
small,2000,993,Hough transform baseline,5,6,1,0.5567255984536121,0.6730785615064053,0.8525345622119815,0.0,0.8333333333333334,0,1,205,8,295,15876,0.9624413145494721,0.40999999999918,0.5750350626930044,0.98150634765619,0.4035433070858198
small,2000,994,Hough transform baseline,1,1,0,0.9363977485928706,0.8803418803418804,0.9512195121951219,1.0,1.0,0,0,42,0,80,16262,0.9999999999761906,0.3442622950791454,0.5121951215639501,0.9951171874999393,0.3442622950791454
small,2000,995,Hough transform baseline,2,2,0,0.9801749465811965,0.9635416666666666,0.9829059829059829,1.0,1.0,0,0,109,0,162,16113,0.9999999999908257,0.40221402213873725,0.5736842101141689,0.9901123046874395,0.40221402213873725
small,2000,996,Hough transform baseline,2,3,1,0.9018830128205129,0.9158653846153847,0.8653846153846154,1.0,0.6666666666666667,0,0,159,0,260,15965,0.9999999999937108,0.3794749403332232,0.5501730099798913,0.9841308593749399,0.3794749403332232
small,2000,997,Hough transform baseline,4,4,0,0.7482291856365636,0.7069876441641149,0.7754237288135593,0.7,1.0,2,2,144,67,205,15968,0.682464454973069,0.41260744985555126,0.514285713814241,0.9833984374999399,0.3461538461530141
small,2000,998,Hough transform baseline,1,1,0,0.9379761904761904,0.8833333333333332,0.9523809523809523,1.0,1.0,0,0,43,0,82,16259,0.9999999999767443,0.343999999997248,0.5119047615177863,0.9949951171874393,0.343999999997248
small,2000,999,Hough transform baseline,3,3,0,0.9329683899096854,0.8656607495069034,0.9671052631578947,1.0,1.0,0,0,145,2,268,15969,0.9863945578164192,0.3510895883768739,0.5178571424681059,0.9835205078124399,0.34939759036060386
small,2000,1000,Hough transform baseline,4,4,0,0.710343567251462,0.9118745938921378,1.0,0.0,1.0,1,0,136,0,162,16086,0.9999999999926471,0.45637583892464306,0.6267281101658561,0.9901123046874395,0.45637583892464306
small,2000,1001,Hough transform baseline,3,4,1,0.6014559787059788,0.6638415688415689,0.7636363636363637,0.3,0.75,1,2,134,6,200,16044,0.9571428571360204,0.401197604789218,0.565400843463227,0.9874267578124397,0.3941176470576644
small,2000,1002,Hough transform baseline,3,3,0,0.950003457814661,0.9462962962962962,0.995850622406639,0.9,1.0,2,2,175,0,333,15876,0.9999999999942858,0.3444881889756998,0.5124450947857291,0.9796752929686902,0.3444881889756998
small,2000,1003,Hough transform baseline,3,4,1,0.8286263736263737,0.7846153846153846,0.7527472527472527,1.0,0.75,0,0,139,30,127,16088,0.822485207095725,0.5225563909754791,0.6390804592920386,0.9904174804686895,0.4695945945930081
small,2000,1004,Hough transform baseline,1,1,0,1.0,1.0,1.0,1.0,1.0,0,0,27,0,0,16357,0.999999999962963,0.999999999962963,0.9999999994629629,0.9999999999999389,0.999999999962963
small,2000,1005,Hough transform baseline,1,1,0,0.8794761904761904,0.7533333333333334,0.9523809523809523,1.0,1.0,0,0,43,0,86,16255,0.9999999999767443,0.3333333333307494,0.49999999961918606,0.9947509765624393,0.3333333333307494
small,2000,1006,Hough transform baseline,3,3,0,0.6556855288102488,0.7904122862449973,1.0,0.0,1.0,1,0,154,0,259,15971,0.9999999999935065,0.37288135593130056,0.5432098761456224,0.9841918945311899,0.37288135593130056
small,2000,1007,Hough transform baseline,2,2,0,0.9326084344587288,0.8719211822660098,0.9512195121951219,1.0,1.0,0,0,84,0,164,16136,0.9999999999880952,0.3387096774179891,0.5060240960044999,0.9899902343749396,0.3387096774179891
small,2000,1008,Hough transform baseline,4,4,0,0.8671742424242425,0.7216666666666667,0.9621212121212122,1.0,1.0,0,0,122,4,88,16170,0.9682539682462836,0.5809523809496145,0.7261904757174036,0.9943847656249393,0.5700934579412613
small,2000,1009,Hough transform baseline,5,7,2,0.5928916061055649,0.7570973420172504,0.6538461538461539,0.2,0.7142857142857143,2,4,263,99,324,15698,0.7265193370145676,0.4480408858595434,0.5542676496849992,0.9741821289061905,0.38338192419769185
small,2000,1010,Hough transform baseline,2,2,0,0.9735328389830509,0.95625,0.9661016949152542,1.0,1.0,0,0,49,0,118,16217,0.9999999999795919,0.29341317365093766,0.45370370334872256,0.9927978515624394,0.29341317365093766
small,2000,1011,Hough transform baseline,2,3,1,0.5656839959989998,0.7791782945736434,0.7419354838709677,0.0,0.6666666666666667,0,1,168,2,192,16022,0.988235294111834,0.4666666666653704,0.6339622637128087,0.9881591796874397,0.46408839778877325
small,2000,1012,Hough transform baseline,2,2,0,0.8875490196078432,0.784967320261438,0.9215686274509804,1.0,1.0,0,0,53,0,98,16233,0.9999999999811321,0.35099337748111925,0.519607842747549,0.9940185546874393,0.35099337748111925
small,2000,1013,Hough transform baseline,1,1,0,1.0,1.0,1.0,1.0,1.0,0,0,25,0,0,16359,0.99999999996,0.99999999996,0.99999999946,0.9999999999999389,0.99999999996
small,2000,1014,Hough transform baseline,1,1,0,0.8554179566563468,0.7254901960784313,0.8947368421052632,1.0,1.0,0,0,20,0,36,16328,0.99999999995,0.35714285713647964,0.5263157890720221,0.997802734374939,0.35714285713647964
small,2000,1015,Hough transform baseline,4,4,0,0.9367544589774078,0.9782282996432818,0.9827586206896551,0.8,1.0,1,1,106,0,123,16155,0.999999999990566,0.4628820960678477,0.632835820459149,0.9924926757811894,0.4628820960678477
small,2000,1016,Hough transform baseline,1,2,1,0.43207801418439723,0.6362962962962964,0.4787234042553191,0.0,0.5,0,1,76,8,68,16232,0.9047619047511337,0.5277777777741127,0.6666666661954448,0.9953613281249393,0.4999999999967106
small,2000,1017,Hough transform baseline,5,6,1,0.592046465973705,0.7206876953680023,0.9220183486238532,0.0,0.8333333333333334,1,1,214,0,128,16042,0.9999999999953272,0.6257309941502172,0.7697841721856011,0.9921874999999394,0.6257309941502172
small,2000,1018,Hough transform baseline,1,1,0,1.0,1.0,1.0,1.0,1.0,0,0,78,0,0,16306,0.9999999999871795,0.9999999999871795,0.9999999994871795,0.9999999999999389,0.9999999999871795
small,2000,1019,Hough transform baseline,3,3,0,0.9837725381414701,0.9682539682539683,0.9902912621359223,1.0,1.0,1,1,208,0,104,16072,0.9999999999951924,0.6666666666645299,0.799999999516923,0.9936523437499393,0.6666666666645299
small,2000,1020,Hough transform baseline,4,7,3,0.6593748513403198,0.9254413969485844,0.5425531914893618,0.30909090909090914,0.5714285714285714,4,11,228,122,248,15786,0.6514285714267102,0.4789915966376492,0.5520581108904431,0.9774169921874403,0.38127090300939587
small,2000,1021,Hough transform baseline,4,8,4,0.7023346981202442,0.8333805895209404,0.9365671641791045,0.36,0.5,2,5,244,0,449,15691,0.9999999999959017,0.35209235209184403,0.5208110988666342,0.9725952148436906,0.35209235209184403
small,2000,1022,Hough transform baseline,2,2,0,0.8971153846153846,0.8055555555555556,0.9230769230769231,1.0,1.0,0,0,54,0,100,16230,0.9999999999814816,0.35064935064707375,0.5192307688413462,0.9938964843749393,0.35064935064707375
small,2000,1023,Hough transform baseline,2,2,0,0.9344416386083053,0.8762626262626263,0.9506172839506173,1.0,1.0,1,1,82,0,154,16148,0.9999999999878049,0.3474576271171718,0.51572327005427,0.9906005859374395,0.3474576271171718
small,2000,1024,Hough transform baseline,1,1,0,0.9556034482758621,0.9166666666666666,0.9655172413793104,1.0,1.0,0,0,51,0,146,16187,0.9999999999803922,0.25888324872965035,0.4112903222506179,0.9910888671874395,0.25888324872965035
small,2000,1025,Hough transform baseline,2,4,2,0.8556228552991194,0.9276013513513514,0.6910112359550562,1.0,0.5,0,0,128,1,191,16064,0.9922480620078121,0.40125391849403996,0.5714285710159539,0.9882812499999396,0.39999999999875
small,2000,1026,Hough transform baseline,4,5,1,0.6887452423214822,0.9353852309099222,0.6266094420600858,0.25,0.8,1,4,152,64,212,15956,0.7037037037004459,0.4175824175812704,0.524137930565232,0.9831542968749399,0.3551401869150581
small,2000,1027,Hough transform baseline,3,6,3,0.602644149236857,0.8565134099616858,0.8360655737704918,0.0,0.5,1,5,176,0,141,16067,0.9999999999943182,0.5552050473168606,0.7139959427428707,0.9913940429686895,0.5552050473168606
small,2000,1028,Hough transform baseline,3,3,0,0.7759173492486185,0.8535655194478724,0.9590643274853801,0.4,1.0,1,2,172,0,328,15884,0.9999999999941861,0.343999999999312,0.5119047615223569,0.9799804687499402,0.343999999999312
small,2000,1029,Hough transform baseline,5,7,2,0.5644200324303417,0.7564758698092031,0.7628865979381443,0.0,0.7142857142857143,0,1,169,23,222,15970,0.8802083333287489,0.4322250639375135,0.5797598623349975,0.9850463867186898,0.4082125603854874
small,2000,1030,Hough transform baseline,2,2,0,0.8875490196078432,0.784967320261438,0.9215686274509804,1.0,1.0,0,0,53,0,106,16225,0.9999999999811321,0.33333333333123694,0.4999999996202831,0.9935302734374394,0.33333333333123694
small,2000,1031,Hough transform baseline,4,5,1,0.8951538461538462,0.9533333333333334,0.9307692307692308,0.8,0.8,2,2,220,4,45,16115,0.9821428571384726,0.8301886792421502,0.8997955005223297,0.9970092773436892,0.8178438661679635
small,2000,1032,Hough transform baseline,2,2,0,1.0,1.0,1.0,1.0,1.0,0,0,79,0,0,16305,0.9999999999873417,0.9999999999873417,0.9999999994873416,0.9999999999999389,0.9999999999873417
small,2000,1033,Hough transform baseline,4,4,0,0.9890659340659341,0.9820512820512821,0.9857142857142858,1.0,1.0,0,0,144,0,132,16108,0.9999999999930557,0.5217391304328922,0.6857142852604081,0.9919433593749394,0.5217391304328922
small,2000,1034,Hough transform baseline,1,1,0,0.9394781622234828,0.886178861788618,0.9534883720930233,1.0,1.0,0,0,44,0,84,16256,0.9999999999772728,0.3437499999973145,0.5116279065900486,0.9948730468749393,0.3437499999973145
small,2000,1035,Hough transform baseline,2,2,0,0.9027255169684555,0.902929625199362,0.9820359281437125,0.8,1.0,1,1,143,0,272,15969,0.999999999993007,0.34457831325218174,0.5125448024843527,0.9833984374999399,0.34457831325218174
small,2000,1036,Hough transform baseline,1,1,0,1.0,1.0,1.0,1.0,1.0,0,0,68,0,0,16316,0.9999999999852941,0.9999999999852941,0.9999999994852942,0.9999999999999389,0.9999999999852941
small,2000,1037,Hough transform baseline,1,1,0,1.0,1.0,1.0,1.0,1.0,0,0,80,0,0,16304,0.9999999999875,0.9999999999875,0.9999999994875,0.9999999999999389,0.9999999999875
small,2000,1038,Hough transform baseline,1,1,0,1.0,1.0,1.0,1.0,1.0,0,0,87,0,0,16297,0.9999999999885058,0.9999999999885058,0.9999999994885058,0.9999999999999389,0.9999999999885058
small,2000,1039,Hough transform baseline,1,1,0,0.9460144927536233,0.8985507246376813,0.9583333333333334,1.0,1.0,0,0,49,0,94,16241,0.9999999999795919,0.34265734265494646,0.5104166662811958,0.9942626953124393,0.34265734265494646
small,2000,1040,Hough transform baseline,4,6,2,0.4455945263975155,0.5452365136876005,0.6678571428571429,0.0,0.6666666666666667,0,5,182,64,315,15823,0.7398373983709763,0.36619718309785476,0.4899057869043291,0.9768676757811904,0.32442067736127556
small,2000,1041,Hough transform baseline,1,1,0,1.0,1.0,1.0,1.0,1.0,0,0,64,0,0,16320,0.9999999999843749,0.9999999999843749,0.9999999994843749,0.9999999999999389,0.9999999999843749
small,2000,1042,Hough transform baseline,2,2,0,0.9685222672064777,0.9385964912280702,0.9807692307692307,1.0,1.0,0,0,106,0,82,16196,0.999999999990566,0.5638297872310435,0.7210884349081401,0.9949951171874393,0.5638297872310435
small,2000,1043,Hough transform baseline,2,2,0,0.9680357142857142,0.9416666666666667,0.9714285714285714,1.0,1.0,0,0,72,0,86,16226,0.9999999999861111,0.4556962025287615,0.6260869560862005,0.9947509765624393,0.4556962025287615
small,2000,1044,Hough transform baseline,1,1,0,1.0,1.0,1.0,1.0,1.0,0,0,47,0,0,16337,0.9999999999787235,0.9999999999787235,0.9999999994787234,0.9999999999999389,0.9999999999787235
small,2000,1045,Hough transform baseline,5,6,1,0.9495768852861705,0.9475845410628019,0.9491525423728814,1.0,0.8333333333333334,0,0,176,0,114,16094,0.9999999999943182,0.6068965517220452,0.755364806393634,0.9930419921874394,0.6068965517220452
small,2000,1046,Hough transform baseline,4,8,4,0.6165158942364826,0.8922575427477388,0.825,0.0,0.5,1,7,264,0,359,15761,0.9999999999962121,0.4237560192609571,0.5952649375737987,0.9780883789061903,0.4237560192609571
small,2000,1047,Hough transform baseline,5,5,0,0.7594600228816148,0.8800216232976754,0.9005847953216375,0.3333333333333333,1.0,1,3,318,26,176,15864,0.9244186046484756,0.6437246963549722,0.7589498801824663,0.9876708984374397,0.6115384615372855
small,2000,1048,Hough transform baseline,2,2,0,1.0,1.0,1.0,1.0,1.0,0,0,125,0,90,16169,0.999999999992,0.5813953488345052,0.7352941171777682,0.9945068359374393,0.5813953488345052
small,2000,1049,Hough transform baseline,3,3,0,0.792706634720917,0.705631602061808,0.8758620689655172,0.8,1.0,1,1,113,10,211,16050,0.9186991869844008,0.348765432097689,0.5055928407621478,0.9865112304686897,0.33832335329240026
small,2000,1050,Hough transform baseline,1,1,0,0.9531046312178387,0.9119496855345911,0.9636363636363636,1.0,1.0,0,0,56,0,108,16220,0.999999999982143,0.34146341463206425,0.5090909087067769,0.9934082031249394,0.34146341463206425
small,2000,1051,Hough transform baseline,5,5,0,0.9438908590784059,0.8867825542244145,0.9741935483870968,1.0,1.0,0,0,158,0,182,16044,0.999999999993671,0.4647058823515744,0.6345381521746746,0.9888916015624396,0.4647058823515744
small,2000,1052,Hough transform baseline,1,1,0,1.0,1.0,1.0,1.0,1.0,0,0,28,0,0,16356,0.9999999999642857,0.9999999999642857,0.9999999994642856,0.9999999999999389,0.9999999999642857
small,2000,1053,Hough transform baseline,4,5,1,0.6795000930752049,0.7393954248366013,0.7088607594936709,0.5,0.8,1,2,233,71,264,15816,0.7664473684185314,0.4688128772626382,0.5817727835475506,0.9795532226561902,0.4102112676049116
small,2000,1054,Hough transform baseline,4,4,0,0.9634651307596513,0.9309879618098797,0.9726027397260274,1.0,1.0,1,1,222,0,346,15816,0.9999999999954955,0.39084507042184713,0.5620253160501841,0.9788818359374403,0.39084507042184713
small,2000,1055,Hough transform baseline,2,2,0,0.9353320710095303,0.8674744834453574,0.9748427672955975,1.0,1.0,0,0,161,0,322,15901,0.9999999999937889,0.3333333333326432,0.49999999962344716,0.9803466796874402,0.3333333333326432
small,2000,1056,Hough transform baseline,2,2,0,0.9559090909090909,0.9222222222222222,0.9545454545454546,1.0,1.0,0,0,46,0,62,16276,0.999999999978261,0.42592592592198214,0.5974025969758813,0.9962158203124392,0.42592592592198214
small,2000,1057,Hough transform baseline,1,1,0,0.8809781622234827,0.7561788617886179,0.9534883720930233,1.0,1.0,0,0,44,0,88,16252,0.9999999999772728,0.3333333333308081,0.4999999996193182,0.9946289062499393,0.3333333333308081
small,2000,1058,Hough transform baseline,5,6,1,0.8153480963480965,0.9619753086419753,0.8706293706293706,0.5,0.8333333333333334,2,4,269,12,193,15910,0.9572953736620737,0.582251082249822,0.7240915203890959,0.9874877929686897,0.5675105485220094
small,2000,1059,Hough transform baseline,4,4,0,0.9798348557256064,0.9617486338797814,0.985239852398524,1.0,1.0,0,0,275,0,252,15857,0.9999999999963637,0.5218216318775677,0.6857855357072561,0.9846191406249398,0.5218216318775677
small,2000,1060,Hough transform baseline,5,6,1,0.7781703598431405,0.879626047711154,0.870026525198939,0.5,0.8333333333333334,1,2,326,29,236,15793,0.9183098591523429,0.580071174376192,0.7110141761869593,0.9838256835936899,0.5516074450075269
small,2000,1061,Hough transform baseline,2,2,0,0.5641517857142857,0.7520833333333333,0.6285714285714286,0.0,1.0,0,1,94,47,64,16179,0.6666666666619386,0.5949367088569941,0.6287625413034306,0.9932250976561894,0.4585365853636169
small,2000,1062,Hough transform baseline,1,1,0,0.9249350649350648,0.8585858585858585,0.9428571428571428,1.0,1.0,0,0,36,0,68,16280,0.9999999999722223,0.34615384615051775,0.5142857138963265,0.9958496093749392,0.34615384615051775
small,2000,1063,Hough transform baseline,2,2,0,0.9668129877369008,0.9326923076923077,0.9855072463768116,1.0,1.0,0,0,66,1,22,16295,0.985074626850969,0.7499999999914773,0.8516129027239958,0.998596191406189,0.7415730336995329
small,2000,1064,Hough transform baseline,4,6,2,0.8506561302681992,0.8975840783312048,0.9003831417624522,0.8,0.6666666666666667,1,1,237,0,294,15853,0.9999999999957806,0.44632768361497865,0.6171874995716654,0.98205566406244,0.44632768361497865
small,2000,1065,Hough transform baseline,1,1,0,1.0,1.0,1.0,1.0,1.0,0,0,80,0,0,16304,0.9999999999875,0.9999999999875,0.9999999994875,0.9999999999999389,0.9999999999875
small,2000,1066,Hough transform baseline,3,4,1,0.6072515473032716,0.7472767462422636,0.7298850574712643,0.19999999999999998,0.75,1,3,137,1,221,16025,0.992753623181212,0.38268156424474115,0.5524193544348498,0.9864501953124397,0.3816155988847309
small,2000,1067,Hough transform baseline,3,4,1,0.4762179487179488,0.5611111111111112,0.7435897435897436,0.0,0.75,0,1,74,0,55,16255,0.9999999999864865,0.5736434108482664,0.7290640389383872,0.9966430664061892,0.5736434108482664
small,2000,1068,Hough transform baseline,5,5,0,0.6490694391229894,0.8247037404832837,0.889763779527559,0.0,1.0,0,2,194,15,206,15969,0.9282296650673291,0.4849999999987875,0.6371100159674504,0.9865112304686897,0.46746987951694585
small,2000,1069,Hough transform baseline,3,3,0,0.9534256649787229,0.9070208728652752,0.9763313609467456,1.0,1.0,1,1,153,1,200,16030,0.9935064935000423,0.43342776203843225,0.6035502954326374,0.9877319335936897,0.4322033898292876
small,2000,1070,Hough transform baseline,3,4,1,0.6163213791164504,0.7726941256890207,0.7180451127819549,0.19999999999999998,0.75,1,3,191,39,333,15821,0.8304347826050851,0.36450381679319754,0.5066312993094231,0.9772949218749403,0.33925399644699955
small,2000,1071,Hough transform baseline,4,6,2,0.5577791732944503,0.7300084688346883,0.8130434782608695,0.0,0.6666666666666667,0,2,208,23,239,15914,0.9004329004290025,0.46532438478643107,0.6135693210828612,0.9840087890624399,0.4425531914884201
small,2000,1072,Hough transform baseline,2,2,0,0.8957264957264958,0.8024691358024691,0.9230769230769231,1.0,1.0,0,0,54,0,104,16226,0.9999999999814816,0.34177215189657106,0.5094339618796725,0.9936523437499393,0.34177215189657106
small,2000,1073,Hough transform baseline,4,3,1,0.7872916666666667,0.6365740740740741,0.8791666666666667,1.0,0.75,0,0,213,1,367,15803,0.9953271027990873,0.3672413793097117,0.5365239290759221,0.9775390624999403,0.36660929431950673
small,2000,1074,Hough transform baseline,5,7,2,0.8734339020966797,0.8597194482683108,0.8256578947368421,1.0,0.7142857142857143,1,1,269,33,309,15773,0.8907284768182426,0.46539792387462736,0.6113636359114308,0.9791259765624402,0.44026186579306015
small,2000,1075,Hough transform baseline,5,6,1,0.7042127252105347,0.7891336913510457,0.7871794871794872,0.43333333333333335,0.8333333333333334,3,6,330,12,129,15913,0.9649122806989331,0.7189542483644468,0.823970036961794,0.9913940429686895,0.7006369426736717
small,2000,1076,Hough transform baseline,2,2,0,0.805610294117647,0.5941666666666666,0.9411764705882353,1.0,1.0,0,0,68,2,134,16180,0.9714285714146939,0.33663366336467015,0.4999999996140787,0.9916992187499395,0.33333333333169934
small,2000,1077,Hough transform baseline,1,1,0,0.9571264367816091,0.9195402298850575,0.9666666666666667,1.0,1.0,0,0,61,0,118,16205,0.9999999999836067,0.34078212290312415,0.5083333329499653,0.9927978515624394,0.34078212290312415
small,2000,1078,Hough transform baseline,4,5,1,0.6108867205641182,0.8864448635057471,0.6599326599326599,0.0,0.8,0,1,198,40,405,15741,0.8319327731057482,0.3283582089546793,0.470868013861789,0.9728393554686906,0.30793157076157396
small,2000,1079,Hough transform baseline,3,4,1,0.4361205936920223,0.47595959595959597,0.7346938775510203,0.0,0.75,0,1,76,0,80,16228,0.9999999999868421,0.4871794871763643,0.6551724133469085,0.9951171874999393,0.4871794871763643
small,2000,1080,Hough transform baseline,1,1,0,0.9713676869430453,0.9463601532567051,0.9775280898876404,1.0,1.0,0,0,90,0,176,16118,0.9999999999888889,0.3383458646603822,0.5056179771474562,0.9892578124999396,0.3383458646603822
small,2000,1081,Hough transform baseline,2,2,0,0.9360576923076923,0.875,0.9615384615384616,1.0,1.0,0,0,71,2,68,16243,0.9726027397127041,0.5107913669028001,0.6698113202968584,0.9957275390624392,0.503546099287209
small,2000,1082,Hough transform baseline,5,7,2,0.555681635666695,0.6491797283176594,0.7106109324758842,0.2,0.7142857142857143,2,5,233,47,257,15847,0.8321428571398852,0.47551020408066225,0.6051948047304233,0.98144531249994,0.43389199255040245
small,2000,1083,Hough transform baseline,2,3,1,0.6258128009062588,0.9787878787878788,0.5934579439252337,0.0,0.6666666666666667,0,1,174,15,183,16012,0.9206349206300496,0.487394957981828,0.63736263690764,0.9879150390624397,0.4677419354826136
small,2000,1084,Hough transform baseline,1,1,0,1.0,1.0,1.0,1.0,1.0,0,0,20,0,16,16348,0.99999999995,0.5555555555401235,0.7142857138010203,0.999023437499939,0.5555555555401235
small,2000,1085,Hough transform baseline,2,2,0,0.9611673755094808,0.9268740031897927,0.9703703703703703,1.0,1.0,0,0,137,0,266,15981,0.9999999999927008,0.33995037220759317,0.5074074070268518,0.9837646484374399,0.33995037220759317
small,2000,1086,Hough transform baseline,1,1,0,0.9556034482758621,0.9166666666666666,0.9655172413793104,1.0,1.0,0,0,59,0,114,16211,0.9999999999830509,0.34104046242577435,0.5086206892715146,0.9930419921874394,0.34104046242577435
small,2000,1087,Hough transform baseline,1,1,0,0.963931414574403,0.9323671497584541,0.971830985915493,1.0,1.0,0,0,72,0,140,16172,0.9999999999861111,0.339622641507832,0.5070422531390597,0.9914550781249395,0.339622641507832
small,2000,1088,Hough transform baseline,4,5,1,0.7595439266615738,0.9057205104263927,0.8181818181818181,0.43333333333333335,0.8,3,6,194,0,137,16053,0.9999999999948455,0.5861027190314619,0.7390476185788517,0.9916381835936895,0.5861027190314619
small,2000,1089,Hough transform baseline,2,3,1,0.5739511587645889,0.7375187168426793,0.8770053475935828,0.0,0.6666666666666667,0,1,182,7,328,15867,0.962962962957868,0.3568627450973395,0.5207439194895057,0.9795532226561902,0.3520309477749477
small,2000,1090,Hough transform baseline,3,4,1,0.777841872232764,0.7386928104575163,0.6021505376344086,1.0,0.75,0,0,117,64,86,16117,0.6464088397754343,0.5763546798001165,0.6093749994984674,0.9908447265624395,0.43820224718937006
small,2000,1091,Hough transform baseline,1,1,0,0.8158333333333333,0.65,0.8666666666666667,1.0,1.0,0,0,16,0,28,16340,0.9999999999375,0.3636363636280992,0.5333333329244444,0.998291015624939,0.3636363636280992
small,2000,1092,Hough transform baseline,4,5,1,0.7944444444444445,0.8654320987654321,0.7916666666666666,0.6666666666666666,0.8,2,3,260,10,176,15938,0.9629629629593964,0.5963302752279901,0.7365439088739979,0.9886474609374396,0.5829596412542983
small,2000,1093,Hough transform baseline,2,2,0,0.9647623626373626,0.9363461538461538,0.967032967032967,1.0,1.0,0,0,84,2,88,16210,0.9767441860351541,0.48837209302041645,0.6511627902481821,0.9945068359374393,0.48275862068688075
small,2000,1094,Hough transform baseline,5,5,0,0.7045720583764062,0.9239130434782609,0.9440559440559441,0.0,1.0,0,2,135,4,74,16171,0.9712230215757467,0.6459330143509764,0.7758620684812888,0.9952392578124393,0.6338028168984329
small,2000,1095,Hough transform baseline,5,7,2,0.3752698837251462,0.5089603377582916,0.3740458015267175,0.0,0.7142857142857143,0,3,199,231,301,15653,0.46279069767334235,0.397999999999204,0.42795698874922417,0.9675292968749409,0.2722298221610503
small,2000,1096,Hough transform baseline,1,1,0,1.0,1.0,1.0,1.0,1.0,0,0,21,0,0,16363,0.999999999952381,0.999999999952381,0.9999999994523809,0.9999999999999389,0.999999999952381
small,2000,1097,Hough transform baseline,1,1,0,0.8352079772079772,0.6502564102564103,0.962962962962963,1.0,1.0,0,0,55,0,110,16219,0.9999999999818182,0.33333333333131315,0.49999999962045455,0.9932861328124394,0.33333333333131315
small,2000,1098,Hough transform baseline,4,5,1,0.6884582868822,0.9228797638217928,0.9658119658119658,0.0,0.8,1,0,233,0,132,16019,0.9999999999957082,0.6383561643818128,0.7792642135685787,0.9919433593749394,0.6383561643818128
small,2000,1099,Hough transform baseline,1,1,0,0.956378233719893,0.9181286549707602,0.9661016949152542,1.0,1.0,0,0,60,0,120,16204,0.9999999999833334,0.3333333333314815,0.4999999996208334,0.9926757812499394,0.3333333333314815
small,2000,1100,Hough transform baseline,2,2,0,0.8680126472626472,0.8348998998998999,0.9615384615384616,0.8,1.0,1,1,105,0,200,16079,0.9999999999904762,0.3442622950808385,0.5121951215676978,0.9877929687499397,0.3442622950808385
small,2000,1101,Hough transform baseline,3,3,0,0.9657321274763134,0.9279835390946501,0.9906976744186047,1.0,1.0,0,0,204,0,124,16056,0.9999999999950981,0.621951219510299,0.7669172927573634,0.9924316406249394,0.621951219510299
small,2000,1102,Hough transform baseline,3,3,0,0.9900715803370671,0.9818699818699819,0.9911504424778761,1.0,1.0,1,1,204,0,200,15980,0.9999999999950981,0.5049504950482551,0.671052631130843,0.9877929687499397,0.5049504950482551
small,2000,1103,Hough transform baseline,4,6,2,0.4643008898920714,0.5305113636363636,0.7945205479452055,0.0,0.6666666666666667,0,1,139,2,95,16148,0.9858156028298879,0.5940170940145555,0.7413333328601316,0.9940795898436893,0.5889830508449619
small,2000,1104,Hough transform baseline,4,3,1,0.7954867536053103,0.7018835074390629,0.7731958762886598,1.0,0.75,1,1,217,0,374,15793,0.9999999999953918,0.36717428087924336,0.5371287124770825,0.9771728515624404,0.36717428087924336
small,2000,1105,Hough transform baseline,2,4,2,0.7648835403726708,0.7235507246376811,0.6964285714285714,1.0,0.5,0,0,60,0,71,16253,0.9999999999833334,0.45801526717207625,0.6282722508714125,0.9956665039061892,0.45801526717207625
small,2000,1106,Hough transform baseline,1,2,1,0.3686293250141804,0.4961788617886179,0.4767441860465116,0.0,0.5,0,1,66,0,66,16252,0.9999999999848485,0.49999999999621214,0.6666666662154882,0.9959716796874392,0.49999999999621214
small,2000,1107,Hough transform baseline,5,7,2,0.42120263056835644,0.6374907407407407,0.3145161290322581,0.0,0.7142857142857143,0,7,180,308,263,15633,0.3688524590156376,0.40632054175980514,0.38668098768508513,0.965148925781191,0.23968042609821613
small,2000,1108,Hough transform baseline,4,4,0,0.6578308491418248,0.8797325102880659,0.8097560975609757,0.0,1.0,0,1,164,24,226,15970,0.8723404255272749,0.42051282051174227,0.5674740480020114,0.9847412109374398,0.39613526569952623
small,2000,1109,Hough transform baseline,2,2,0,0.9481288637032675,0.9019573370839193,0.9612403100775194,1.0,1.0,1,1,105,1,199,16079,0.9905660377265041,0.3453947368409691,0.5121951215653301,0.9877929687499397,0.3442622950808385
small,2000,1110,Hough transform baseline,5,5,0,0.6421170343137255,0.7336805555555556,0.7264705882352941,0.26666666666666666,1.0,1,3,240,75,406,15663,0.7619047619023431,0.371517027863202,0.4994797081951141,0.9706420898436907,0.3328710124822013
small,2000,1111,Hough transform baseline,4,4,0,0.9509776366964081,0.8973655913978493,0.9858156028368794,1.0,1.0,0,0,145,0,159,16080,0.9999999999931035,0.47697368420895736,0.6458797322992446,0.9902954101561895,0.47697368420895736
small,2000,1112,Hough transform baseline,3,4,1,0.588674162813507,0.757832422586521,0.8632478632478633,0.0,0.75,0,1,114,0,149,16121,0.999999999991228,0.43346007604397924,0.6047745353839118,0.9909057617186895,0.43346007604397924
small,2000,1113,Hough transform baseline,4,4,0,0.9690068493150684,0.9351851851851851,0.9908675799086758,1.0,1.0,0,0,223,0,42,16119,0.9999999999955157,0.8415094339590887,0.9139344257294663,0.997436523437439,0.8415094339590887
small,2000,1114,Hough transform baseline,5,5,0,0.6804818878439568,0.8727609427609428,0.9386973180076629,0.0,1.0,0,1,256,9,172,15947,0.9660377358454112,0.5981308411200978,0.7388167383422682,0.9889526367186896,0.5858123569780646
small,2000,1115,Hough transform baseline,4,4,0,0.7726101991005044,0.690383295194508,0.8096885813148789,0.8,1.0,1,1,272,20,268,15824,0.9315068493118784,0.503703703702771,0.6538461533890071,0.98242187499994,0.4857142857134184
small,2000,1116,Hough transform baseline,4,7,3,0.5664945367697689,0.8041458802385749,0.7374301675977654,0.0,0.5714285714285714,0,3,295,4,445,15640,0.9866220735752956,0.39864864864810995,0.5678537050750287,0.9725952148436906,0.3965053763435531
small,2000,1117,Hough transform baseline,2,2,0,0.775,0.5355555555555556,0.92,1.0,1.0,0,0,52,0,104,16228,0.9999999999807693,0.3333333333311966,0.49999999962019226,0.9936523437499393,0.3333333333311966
small,2000,1118,Hough transform baseline,1,1,0,0.9658995433789954,0.9360730593607306,0.9733333333333334,1.0,1.0,0,0,76,0,148,16160,0.9999999999868421,0.3392857142841996,0.5066666662849777,0.9909667968749395,0.3392857142841996
small,2000,1119,Hough transform baseline,5,6,1,0.6964738026592704,0.9214442295293359,0.9924528301886792,0.0,0.8333333333333334,1,0,270,0,215,15899,0.9999999999962963,0.5567010309266872,0.7152317876181219,0.9868774414061897,0.5567010309266872
small,2000,1120,Hough transform baseline,5,5,0,0.8127274996955304,0.7989026915113873,0.9327731092436975,0.6666666666666666,1.0,2,3,217,9,172,15986,0.9601769911461939,0.557840616965147,0.7056910564433975,0.9889526367186896,0.5452261306518964
small,2000,1121,Hough transform baseline,1,1,0,1.0,1.0,1.0,1.0,1.0,0,0,84,0,0,16300,0.9999999999880952,0.9999999999880952,0.9999999994880953,0.9999999999999389,0.9999999999880952
small,2000,1122,Hough transform baseline,3,5,2,0.5682071456005378,0.7175845065632864,0.7764705882352941,0.12,0.6,1,5,149,0,215,16020,0.9999999999932887,0.4093406593395348,0.5808966857454032,0.9868774414061897,0.4093406593395348
small,2000,1123,Hough transform baseline,1,1,0,1.0,1.0,1.0,1.0,1.0,0,0,28,0,0,16356,0.9999999999642857,0.9999999999642857,0.9999999994642856,0.9999999999999389,0.9999999999642857
small,2000,1124,Hough transform baseline,3,3,0,0.855948275862069,0.8055555555555556,0.7172413793103448,1.0,1.0,0,0,105,43,2,16234,0.7094594594546658,0.9813084112057822,0.8235294112711726,0.9972534179686892,0.6999999999953334
small,2000,1125,Hough transform baseline,4,6,2,0.4430429319308863,0.5847485080988917,0.5661971830985916,0.0,0.6666666666666667,0,3,218,97,348,15721,0.692063492061295,0.3851590106000262,0.4948921675303809,0.9728393554686906,0.32880844645500934
small,2000,1126,Hough transform baseline,4,3,1,0.3518794642857143,0.316875,0.6714285714285715,0.0,0.75,0,1,87,34,126,16137,0.7190082644568677,0.40845070422343455,0.5209580833671519,0.9902343749999395,0.3522267206463473
small,2000,1127,Hough transform baseline,5,6,1,0.9343297487141037,0.9199631741506297,0.935064935064935,1.0,0.8333333333333334,1,1,155,0,173,16056,0.9999999999935485,0.4725609756083154,0.6418219457312604,0.9894409179686896,0.4725609756083154
small,2000,1128,Hough transform baseline,4,7,3,0.42190400645878745,0.5904611590126175,0.49526813880126186,0.0,0.5714285714285714,0,12,204,81,295,15804,0.715789473681699,0.4088176352697218,0.5204081628012318,0.9770507812499404,0.35172413793042806
small,2000,1129,Hough transform baseline,2,3,1,0.8997500038711076,0.9159427695452222,0.8545454545454545,1.0,0.6666666666666667,0,0,147,0,294,15943,0.9999999999931973,0.3333333333325775,0.4999999996232993,0.98205566406244,0.3333333333325775
small,2000,1130,Hough transform baseline,3,3,0,0.9153260965883916,0.8336936936936936,0.9508196721311475,1.0,1.0,0,0,125,0,242,16017,0.999999999992,0.3405994550399439,0.5081300809197155,0.9852294921874398,0.3405994550399439
small,2000,1131,Hough transform baseline,5,9,4,0.5379397233201582,0.8113636363636364,0.447463768115942,0.1111111111111111,0.5555555555555556,1,9,287,210,296,15591,0.5774647887312325,0.4922813036012139,0.5314814809836677,0.9691162109374408,0.36191677175238096
small,2000,1132,Hough transform baseline,5,9,4,0.5296176971466307,0.788083735909823,0.5971223021582734,0.0,0.5555555555555556,0,7,312,68,231,15773,0.8210526315767868,0.5745856353580578,0.6760563375422975,0.98175048828119,0.5106382978715047
small,2000,1133,Hough transform baseline,5,5,0,0.8230565658371666,0.7403621084797554,0.949468085106383,0.8,1.0,1,1,367,13,386,15618,0.965789473681669,0.487383798140123,0.6478375988469575,0.9756469726561904,0.4791122715398445
small,2000,1134,Hough transform baseline,2,2,0,1.0,1.0,1.0,1.0,1.0,0,0,110,0,0,16274,0.999999999990909,0.999999999990909,0.999999999490909,0.9999999999999389,0.999999999990909
small,2000,1135,Hough transform baseline,2,2,0,0.9411111111111111,0.888888888888889,0.9555555555555556,1.0,1.0,0,0,47,0,48,16289,0.9999999999787235,0.49473684210005536,0.6619718305337234,0.9970703124999392,0.49473684210005536
small,2000,1136,Hough transform baseline,4,4,0,0.9878086419753086,0.9783950617283951,0.9876543209876543,1.0,1.0,0,0,166,0,110,16108,0.9999999999939759,0.6014492753601397,0.751131221247026,0.9932861328124394,0.6014492753601397
small,2000,1137,Hough transform baseline,5,5,0,0.7502338345864662,0.7601687552213869,0.9157894736842105,0.5,1.0,1,2,272,16,383,15713,0.9444444444411652,0.4152671755718851,0.5768822901365445,0.9756469726561904,0.40536512667599794
small,2000,1138,Hough transform baseline,4,4,0,0.873782765092274,0.7706763285024155,0.8848920863309353,1.0,1.0,0,0,124,12,122,16126,0.9117647058756488,0.5040650406483574,0.6492146592239247,0.9918212890624394,0.48062015503689687
small,2000,1139,Hough transform baseline,1,1,0,0.9175,0.8444444444444444,0.9375,1.0,1.0,0,0,33,0,62,16289,0.9999999999696971,0.34736842104897503,0.5156249996092529,0.9962158203124392,0.34736842104897503
small,2000,1140,Hough transform baseline,1,1,0,1.0,1.0,1.0,1.0,1.0,0,0,17,0,0,16367,0.9999999999411765,0.9999999999411765,0.9999999994411766,0.9999999999999389,0.9999999999411765
small,2000,1141,Hough transform baseline,5,5,0,0.7295125164690383,0.8893646611037915,0.83399209486166,0.25,1.0,1,4,218,29,268,15869,0.8825910931138357,0.44855967078097003,0.5948158249267043,0.98187255859369,0.4233009708729645
small,2000,1142,Hough transform baseline,1,1,0,0.8768181818181818,0.7666666666666667,0.9090909090909091,1.0,1.0,0,0,23,0,42,16319,0.9999999999565218,0.35384615384071005,0.5227272723292872,0.997436523437439,0.35384615384071005
small,2000,1143,Hough transform baseline,2,2,0,0.9677707199032063,0.9385964912280702,0.9770114942528736,1.0,1.0,1,1,88,0,76,16220,0.9999999999886363,0.5365853658503867,0.6984126979526329,0.9953613281249393,0.5365853658503867
small,2000,1144,Hough transform baseline,4,4,0,0.9203984309034619,0.89203216374269,0.8449197860962567,1.0,1.0,1,1,160,30,1,16193,0.8421052631534627,0.9937888198696039,0.9116809111791301,0.998107910156189,0.8376963350741482
small,2000,1145,Hough transform baseline,1,1,0,0.892776359600444,0.7784967320261438,0.9622641509433962,1.0,1.0,0,0,54,0,108,16222,0.9999999999814816,0.33333333333127574,0.49999999962037045,0.9934082031249394,0.33333333333127574
small,2000,1146,Hough transform baseline,4,6,2,0.7911374478234943,0.8338081671415004,0.8087855297157622,0.75,0.6666666666666667,3,4,301,27,277,15779,0.9176829268264705,0.5207612456738395,0.6644591606845069,0.98144531249994,0.49752066115620247
small,2000,1147,Hough transform baseline,1,1,0,1.0,1.0,1.0,1.0,1.0,0,0,55,0,0,16329,0.9999999999818182,0.9999999999818182,0.9999999994818183,0.9999999999999389,0.9999999999818182
small,2000,1148,Hough transform baseline,4,5,1,0.556919474363492,0.6663208345539173,0.8853754940711462,0.0,0.8,0,1,233,0,298,15853,0.9999999999957082,0.4387947269294938,0.6099476435535313,0.98181152343744,0.4387947269294938
small,2000,1149,Hough transform baseline,2,3,1,0.5793456519585996,0.8663207547169811,0.6141732283464567,0.0,0.6666666666666667,0,1,213,16,269,15886,0.9301310043627505,0.4419087136920292,0.5991561177050845,0.98260498046869,0.42771084337263515
small,2000,1150,Hough transform baseline,3,3,0,0.8551374345549738,0.7083333333333334,0.9319371727748691,1.0,1.0,1,1,169,9,171,16035,0.9494382022418572,0.49705882352794983,0.6525096520560366,0.9890136718749396,0.4842406876776956
small,2000,1151,Hough transform baseline,3,4,1,0.6248237858032379,0.7302020202020202,0.8561643835616438,0.19999999999999998,0.75,1,3,124,16,199,16045,0.8857142857079593,0.3839009287913811,0.5356371486038746,0.9868774414061897,0.3657817109133753
small,2000,1152,Hough transform baseline,5,9,4,0.6019567637211874,0.7355165031994301,0.6395939086294415,0.35,0.5555555555555556,2,4,297,60,226,15801,0.8319327731069134,0.5678776290620117,0.6749999995162577,0.98254394531244,0.5094339622632771
small,2000,1153,Hough transform baseline,1,1,0,1.0,1.0,1.0,1.0,1.0,0,0,46,0,0,16338,0.999999999978261,0.999999999978261,0.9999999994782609,0.9999999999999389,0.999999999978261
small,2000,1154,Hough transform baseline,4,4,0,0.9464461024684474,0.8979225557499888,0.9619047619047619,1.0,1.0,0,0,107,0,138,16139,0.9999999999906541,0.43673469387576846,0.607954545027941,0.9915771484374395,0.43673469387576846
small,2000,1155,Hough transform baseline,1,1,0,1.0,1.0,1.0,1.0,1.0,0,0,74,0,0,16310,0.9999999999864865,0.9999999999864865,0.9999999994864865,0.9999999999999389,0.9999999999864865
small,2000,1156,Hough transform baseline,2,2,0,0.9538295454545455,0.9075,0.9772727272727273,1.0,1.0,0,0,77,1,59,16247,0.987179487166831,0.5661764705840723,0.7196261677543017,0.9963378906249392,0.5620437956163354
small,2000,1157,Hough transform baseline,5,4,1,0.48492395204340605,0.5676353276353276,0.7474402730375427,0.0,0.8,0,2,206,66,191,15921,0.7573529411736862,0.5188916876561237,0.6158445436112797,0.9843139648436899,0.44492440604655525
small,2000,1158,Hough transform baseline,2,2,0,0.9518087855297157,0.9135802469135802,0.9534883720930233,1.0,1.0,0,0,45,0,56,16283,0.9999999999777779,0.4455445544510342,0.6164383557294989,0.9965820312499392,0.4455445544510342
small,2000,1159,Hough transform baseline,3,3,0,0.9914135370299954,0.9858299595141701,0.988950276243094,1.0,1.0,3,3,158,0,107,16119,0.999999999993671,0.5962264150920897,0.7470449167861443,0.9934692382811894,0.5962264150920897
small,2000,1160,Hough transform baseline,1,1,0,1.0,1.0,1.0,1.0,1.0,0,0,21,0,0,16363,0.999999999952381,0.999999999952381,0.9999999994523809,0.9999999999999389,0.999999999952381
small,2000,1161,Hough transform baseline,5,4,1,0.8151453237410073,0.7040000000000001,0.841726618705036,1.0,0.8,0,0,125,18,47,16194,0.8741258741197614,0.7267441860422864,0.7936507931499925,0.9960327148436892,0.6578947368386427
small,2000,1162,Hough transform baseline,1,1,0,0.9808158508158509,0.9641025641025641,0.9848484848484849,1.0,1.0,0,0,48,0,95,16241,0.9999999999791668,0.3356643356619884,0.502617800665552,0.9942016601561893,0.3356643356619884
small,2000,1163,Hough transform baseline,1,2,1,0.2813256704980843,0.3071604938271605,0.4655172413793104,0.0,0.5,0,1,46,0,44,16294,0.999999999978261,0.5111111111054321,0.6764705877776815,0.997314453124939,0.5111111111054321
small,2000,1164,Hough transform baseline,5,5,0,0.804276686420837,0.8807455776672195,0.9147058823529411,0.5,1.0,1,2,325,18,526,15515,0.9475218658864504,0.38190364277275923,0.5443886093048395,0.9667968749999409,0.3739930955116525
small,2000,1165,Hough transform baseline,2,2,0,0.9713744588744588,0.9469696969696969,0.9761904761904762,1.0,1.0,0,0,86,0,90,16208,0.9999999999883721,0.4886363636335873,0.6564885491723093,0.9945068359374393,0.4886363636335873
small,2000,1166,Hough transform baseline,2,2,0,0.9308170995670996,0.8674242424242424,0.9523809523809523,1.0,1.0,0,0,39,0,46,16299,0.9999999999743591,0.4588235294063668,0.6290322576231789,0.9971923828124392,0.4588235294063668
small,2000,1167,Hough transform baseline,5,10,5,0.43765106343555404,0.6984626352015733,0.3212598425196851,0.03636363636363637,0.5,1,22,289,258,320,15517,0.5283363802549756,0.4745484400649022,0.49999999950057317,0.964721679687441,0.33333333333294884
small,2000,1168,Hough transform baseline,2,2,0,0.8401047326906222,0.6528571428571428,0.9815950920245399,1.0,1.0,0,0,132,14,109,16129,0.9041095890349035,0.5477178423213788,0.6821705421622632,0.9924926757811894,0.5176470588214994
small,2000,1169,Hough transform baseline,5,6,1,0.39991064215414707,0.4921895206243032,0.47546012269938653,0.0,0.8333333333333334,0,3,213,98,191,15882,0.6848874598048718,0.5272277227709722,0.5958041953109882,0.98236083984369,0.4243027888437763
small,2000,1170,Hough transform baseline,3,4,1,0.8106747429215382,0.7415770609318997,0.759825327510917,1.0,0.75,0,0,230,3,223,15928,0.9871244635150768,0.5077262693145524,0.6705539354095273,0.9862060546874398,0.5043859649111746
small,2000,1171,Hough transform baseline,3,4,1,0.576934065934066,0.8834188034188035,0.5219780219780219,0.0,0.75,0,1,116,60,38,16170,0.6590909090871643,0.7532467532418621,0.7030303025282645,0.9940185546874393,0.5420560747638222
small,2000,1172,Hough transform baseline,4,6,2,0.5196162464985995,0.7716339869281046,0.5285714285714286,0.0,0.6666666666666667,0,3,211,90,189,15894,0.7009966777385349,0.5274999999986812,0.6019971464412078,0.9829711914061899,0.4306122448970804
small,2000,1173,Hough transform baseline,4,4,0,0.6291101299865759,0.7780102336104389,0.8950276243093923,0.0,1.0,0,1,145,7,260,15972,0.9539473684147767,0.3580246913571407,0.5206463191704083,0.9837036132811899,0.35194174757196134
small,2000,1174,Hough transform baseline,5,12,7,0.2984804005624719,0.43468816153720885,0.26898326898326896,0.02962962962962963,0.41666666666666663,1,27,314,311,249,15510,0.5023999999991962,0.5577264653631302,0.5286195281200006,0.965820312499941,0.3592677345533647
small,2000,1175,Hough transform baseline,5,6,1,0.7208399872033681,0.762728126677402,0.8463949843260188,0.5,0.8333333333333334,1,2,268,18,144,15954,0.9370629370596607,0.6504854368916251,0.76790830896968,0.9901123046874395,0.623255813952039
small,2000,1176,Hough transform baseline,2,2,0,0.9836863500213949,0.9715447154471544,0.9824561403508771,1.0,1.0,0,0,116,0,166,16102,0.9999999999913792,0.41134751772903777,0.5829145724483725,0.9898681640624396,0.41134751772903777
small,2000,1177,Hough transform baseline,4,4,0,0.987531969309463,0.977124183006536,0.9891304347826086,1.0,1.0,0,0,188,0,104,16092,0.9999999999946809,0.6438356164361513,0.7833333328535417,0.9936523437499393,0.6438356164361513
small,2000,1178,Hough transform baseline,3,4,1,0.5119570740945316,0.629495252373813,0.7684210526315789,0.0,0.75,0,1,157,12,339,15876,0.9289940828347397,0.31653225806387797,0.47218045074729825,0.9785766601561903,0.3090551181096278
small,2000,1179,Hough transform baseline,1,1,0,1.0,1.0,1.0,1.0,1.0,0,0,52,0,0,16332,0.9999999999807693,0.9999999999807693,0.9999999994807693,0.9999999999999389,0.9999999999807693
small,2000,1180,Hough transform baseline,3,4,1,0.7731120760959471,0.6254342431761787,0.8333333333333334,1.0,0.75,0,0,78,0,120,16186,0.9999999999871795,0.39393939393740435,0.56521739089477,0.9926757812499394,0.39393939393740435
small,2000,1181,Hough transform baseline,4,4,0,0.8151037964717741,0.7318155432029271,0.9289340101522843,0.8,1.0,1,1,178,4,388,15814,0.9780219780166043,0.31448763250827827,0.4759358285075066,0.9760742187499404,0.3122807017538381
small,2000,1182,Hough transform baseline,3,3,0,0.9295987183399451,0.8632183908045977,0.9557522123893806,1.0,1.0,0,0,90,2,152,16140,0.9782608695545841,0.3719008264447442,0.5389221552862419,0.9906005859374395,0.3688524590148818
small,2000,1183,Hough transform baseline,4,4,0,0.808751559556625,0.8553502864906375,0.9942196531791907,0.5,1.0,2,1,168,0,276,15940,0.9999999999940477,0.3783783783775262,0.5490196074430348,0.9831542968749399,0.3783783783775262
small,2000,1184,Hough transform baseline,3,3,0,0.9672889317889317,0.9307407407407406,0.9922779922779923,1.0,1.0,0,0,262,0,126,15996,0.9999999999961833,0.6752577319570225,0.8061538456701538,0.9923095703124394,0.6752577319570225
small,2000,1185,Hough transform baseline,3,3,0,0.5752832649118571,0.6909485094850949,0.8217821782178218,0.0,1.0,0,1,84,19,124,16157,0.8155339805746065,0.4038461538442123,0.5401929255985359,0.9912719726561895,0.37004405286180597
small,2000,1186,Hough transform baseline,3,3,0,0.9889827672745525,0.9819121447028424,0.9856115107913669,1.0,1.0,0,0,142,0,174,16068,0.9999999999929579,0.4493670886061729,0.6200873358140004,0.9893798828124396,0.4493670886061729
small,2000,1187,Hough transform baseline,4,5,1,0.5604529106802436,0.6718743509865005,0.8905472636815921,0.0,0.8,0,1,203,0,302,15879,0.9999999999950739,0.401980198019006,0.57344632727297,0.98156738281244,0.401980198019006
small,2000,1188,Hough transform baseline,2,2,0,0.8873359073359074,0.7813813813813815,0.9285714285714286,1.0,1.0,0,0,58,0,108,16218,0.9999999999827587,0.349397590359341,0.51785714246875,0.9934082031249394,0.349397590359341
small,2000,1189,Hough transform baseline,3,3,0,0.9655451760256755,0.9338098593912546,0.9766536964980544,1.0,1.0,0,0,260,0,508,15616,0.9999999999961539,0.33854166666622587,0.505836575496601,0.9689941406249408,0.33854166666622587
small,2000,1190,Hough transform baseline,1,1,0,1.0,1.0,1.0,1.0,1.0,0,0,70,0,0,16314,0.9999999999857142,0.9999999999857142,0.9999999994857143,0.9999999999999389,0.9999999999857142
small,2000,1191,Hough transform baseline,2,3,1,0.5542789115646258,0.7933333333333333,0.653061224489796,0.0,0.6666666666666667,0,1,43,0,20,16321,0.9999999999767443,0.6825396825288487,0.8113207542194731,0.998779296874939,0.6825396825288487
small,2000,1192,Hough transform baseline,5,7,2,0.5232448218008168,0.7087545289855072,0.6643835616438356,0.0,0.7142857142857143,1,4,218,44,259,15863,0.8320610686991143,0.4570230607956876,0.5899864677409952,0.98150634765619,0.4184261036460299
small,2000,1193,Hough transform baseline,4,7,3,0.6250404962276044,0.7146263324690291,0.8982456140350877,0.26666666666666666,0.5714285714285714,2,3,263,12,348,15761,0.9563636363601588,0.43044189852630044,0.5936794578098461,0.9780273437499403,0.42215088282436253
small,2000,1194,Hough transform baseline,4,10,6,0.583985288880903,0.9373256308018278,0.48594377510040165,0.1,0.4,1,10,319,142,308,15615,0.6919739696297355,0.50877192982375,0.5863970583340908,0.9725341796874406,0.4148244473336608
small,2000,1195,Hough transform baseline,3,6,3,0.4379153766769866,0.6912280701754386,0.38431372549019605,0.0,0.5,0,3,151,94,128,16011,0.6163265306097293,0.5412186379908918,0.5763358773625007,0.9864501953124397,0.40482573726433024
small,2000,1196,Hough transform baseline,5,7,2,0.6211491425241426,0.8030827505827506,0.6916666666666667,0.2,0.7142857142857143,1,4,192,17,296,15879,0.9186602870769442,0.3934426229500134,0.5509325677277448,0.9808959960936902,0.38019801980122736
small,2000,1197,Hough transform baseline,5,6,1,0.6711066801278817,0.9128571428571429,0.5724381625441697,0.25,0.8333333333333334,1,4,171,74,45,16094,0.6979591836706206,0.7916666666630016,0.7418655092601484,0.9927368164061894,0.5896551724117598
small,2000,1198,Hough transform baseline,5,8,3,0.5111561800979385,0.710842670401494,0.6438848920863309,0.0,0.625,0,3,202,45,272,15865,0.8178137651788753,0.42616033755184357,0.5603328705604906,0.9806518554686902,0.3892100192670728
small,2000,1199,Hough transform baseline,4,5,1,0.5509593056230757,0.6755936819172113,0.8347107438016529,0.0,0.8,1,2,108,11,182,16083,0.9075630252024575,0.3724137931021641,0.5281173589980213,0.9882202148436896,0.3588039867097714
